#! FIELDS phi2 phi4 hhphi2phi4
#! SET min_phi2 -pi
#! SET max_phi2 pi
#! SET min_phi4 -pi
#! SET max_phi4 pi
     -3.141592653589793     -3.141592653589793    0.01479988117546039
     -3.141592653589793     -3.015928947446201    0.03088969973203783
     -3.141592653589793      -2.89026524130261    0.04487330317837212
     -3.141592653589793     -2.764601535159018    0.04662158335256912
     -3.141592653589793     -2.638937829015426     0.0420711214278961
     -3.141592653589793     -2.513274122871834    0.04222053405659726
     -3.141592653589793     -2.387610416728243    0.04539769128688834
     -3.141592653589793     -2.261946710584651    0.04492464740898212
     -3.141592653589793     -2.136283004441059    0.04166375183962616
     -3.141592653589793     -2.010619298297468    0.03650950172885652
     -3.141592653589793     -1.884955592153876    0.02731933701312256
     -3.141592653589793     -1.759291886010284    0.02083549758035771
     -3.141592653589793     -1.633628179866693    0.02608212168773856
     -3.141592653589793     -1.507964473723101    0.03469164843631761
     -3.141592653589793     -1.382300767579509    0.03263851545271231
     -3.141592653589793     -1.256637061435917     0.0256964617170264
     -3.141592653589793     -1.130973355292325    0.02723949867412178
     -3.141592653589793     -1.005309649148733     0.0324425287165436
     -3.141592653589793     -0.879645943005142    0.02877312834410167
     -3.141592653589793    -0.7539822368615505    0.01778183834506672
     -3.141592653589793    -0.6283185307179586   0.008555348888028192
     -3.141592653589793    -0.5026548245743667   0.004068264185375328
     -3.141592653589793    -0.3769911184307753   0.003120600875475946
     -3.141592653589793    -0.2513274122871838   0.003298273065044489
     -3.141592653589793    -0.1256637061435919   0.001498362532417489
     -3.141592653589793                      0 -0.0007787518543959475
     -3.141592653589793     0.1256637061435919  0.0006757872364245628
     -3.141592653589793     0.2513274122871834   0.004093029925627549
     -3.141592653589793     0.3769911184307753   0.005779819144893178
     -3.141592653589793     0.5026548245743672   0.008331786737072043
     -3.141592653589793     0.6283185307179582    0.01385041313945518
     -3.141592653589793     0.7539822368615501     0.0185977006450818
     -3.141592653589793     0.8796459430051424    0.02189667779166823
     -3.141592653589793      1.005309649148734    0.02679626246826031
     -3.141592653589793      1.130973355292326    0.02934304654659833
     -3.141592653589793      1.256637061435917    0.02283236105126333
     -3.141592653589793      1.382300767579509    0.01114517498469501
     -3.141592653589793      1.507964473723101   0.003428831040756803
     -3.141592653589793      1.633628179866692  0.0006483914777293551
     -3.141592653589793      1.759291886010284  -0.001246782258559962
     -3.141592653589793      1.884955592153876  -0.002399460121135866
     -3.141592653589793      2.010619298297467  -0.001600315584200253
     -3.141592653589793       2.13628300444106 -0.0004512422026993432
     -3.141592653589793      2.261946710584651 -0.0003622310423393484
     -3.141592653589793      2.387610416728243  -0.000778456777927904
     -3.141592653589793      2.513274122871834 -0.0009456638237876607
     -3.141592653589793      2.638937829015426  6.553480963832937e-05
     -3.141592653589793      2.764601535159018   0.002627581732289649
     -3.141592653589793      2.890265241302609    0.00486140687243708
     -3.141592653589793      3.015928947446201   0.006915467915894901
     -3.015928947446201     -3.141592653589793    0.02452145293953703
     -3.015928947446201     -3.015928947446201    0.03782652416506791
     -3.015928947446201      -2.89026524130261    0.04942007055813284
     -3.015928947446201     -2.764601535159018     0.0515101710294876
     -3.015928947446201     -2.638937829015426    0.04768689580493557
     -3.015928947446201     -2.513274122871834    0.04776285578642941
     -3.015928947446201     -2.387610416728243    0.05083692391943569
     -3.015928947446201     -2.261946710584651    0.05026217282794966
     -3.015928947446201     -2.136283004441059    0.04712096993055414
     -3.015928947446201     -2.010619298297468    0.04252298708670468
     -3.015928947446201     -1.884955592153876    0.03331581627724051
     -3.015928947446201     -1.759291886010284    0.02644848880972279
     -3.015928947446201     -1.633628179866693    0.03279974572585568
     -3.015928947446201     -1.507964473723101    0.04401597816516757
     -3.015928947446201     -1.382300767579509    0.04443989620579804
     -3.015928947446201     -1.256637061435917    0.03869164151182646
     -3.015928947446201     -1.130973355292325    0.03885434172520557
     -3.015928947446201     -1.005309649148733    0.04029579576612743
     -3.015928947446201     -0.879645943005142    0.03401919693986172
     -3.015928947446201    -0.7539822368615505     0.0234936062500772
     -3.015928947446201    -0.6283185307179586    0.01503890125562698
     -3.015928947446201    -0.5026548245743667   0.009781954063314448
     -3.015928947446201    -0.3769911184307753   0.007871403202404923
     -3.015928947446201    -0.2513274122871838   0.007233724098210915
     -3.015928947446201    -0.1256637061435919   0.004434190977838938
     -3.015928947446201                      0   0.002204540377340832
     -3.015928947446201     0.1256637061435919   0.004729381194156946
     -3.015928947446201     0.2513274122871834   0.008561427207173244
     -3.015928947446201     0.3769911184307753    0.01024792954996158
     -3.015928947446201     0.5026548245743672    0.01368446754334433
     -3.015928947446201     0.6283185307179582    0.02132087118304928
     -3.015928947446201     0.7539822368615501    0.02973800449697403
     -3.015928947446201     0.8796459430051424    0.03644394750983994
     -3.015928947446201      1.005309649148734    0.04018689203013905
     -3.015928947446201      1.130973355292326    0.03779126180260096
     -3.015928947446201      1.256637061435917    0.02887976346696429
     -3.015928947446201      1.382300767579509    0.01819533724036708
     -3.015928947446201      1.507964473723101   0.009757003503465688
     -3.015928947446201      1.633628179866692   0.004126561381883997
     -3.015928947446201      1.759291886010284  0.0008276569378629097
     -3.015928947446201      1.884955592153876 -0.0005829111044605871
     -3.015928947446201      2.010619298297467 -0.0005286863638059853
     -3.015928947446201       2.13628300444106  0.0003178608690948359
     -3.015928947446201      2.261946710584651  0.0005647953254786209
     -3.015928947446201      2.387610416728243 -0.0001155711946912593
     -3.015928947446201      2.513274122871834  7.524529522640023e-05
     -3.015928947446201      2.638937829015426   0.002274419148224532
     -3.015928947446201      2.764601535159018   0.005743081688440984
     -3.015928947446201      2.890265241302609   0.009927748517618074
     -3.015928947446201      3.015928947446201    0.01549655049138268
      -2.89026524130261     -3.141592653589793    0.03070166211265786
      -2.89026524130261     -3.015928947446201    0.03942265387393139
      -2.89026524130261      -2.89026524130261    0.04694224514228033
      -2.89026524130261     -2.764601535159018    0.04794374473632758
      -2.89026524130261     -2.638937829015426    0.04682531085065707
      -2.89026524130261     -2.513274122871834    0.04958488416396093
      -2.89026524130261     -2.387610416728243    0.05158918718594191
      -2.89026524130261     -2.261946710584651    0.04974412728985061
      -2.89026524130261     -2.136283004441059    0.04949577247944419
      -2.89026524130261     -2.010619298297468    0.04849627443851172
      -2.89026524130261     -1.884955592153876    0.03940775369410494
      -2.89026524130261     -1.759291886010284    0.03126127569931389
      -2.89026524130261     -1.633628179866693    0.03700150687072074
      -2.89026524130261     -1.507964473723101    0.04795704490160527
      -2.89026524130261     -1.382300767579509    0.05031463606373748
      -2.89026524130261     -1.256637061435917     0.0484166013422159
      -2.89026524130261     -1.130973355292325    0.04865016994073197
      -2.89026524130261     -1.005309649148733    0.04568284517937007
      -2.89026524130261     -0.879645943005142    0.03804845599931332
      -2.89026524130261    -0.7539822368615505    0.03167205705306866
      -2.89026524130261    -0.6283185307179586    0.02654086051460833
      -2.89026524130261    -0.5026548245743667    0.02044790188445114
      -2.89026524130261    -0.3769911184307753    0.01642142278269148
      -2.89026524130261    -0.2513274122871838    0.01414316837266485
      -2.89026524130261    -0.1256637061435919   0.009831293789268931
      -2.89026524130261                      0   0.007058413709251266
      -2.89026524130261     0.1256637061435919    0.01059958098731057
      -2.89026524130261     0.2513274122871834    0.01589770306650827
      -2.89026524130261     0.3769911184307753    0.01901567133591787
      -2.89026524130261     0.5026548245743672    0.02540499893706963
      -2.89026524130261     0.6283185307179582    0.03895211843855455
      -2.89026524130261     0.7539822368615501    0.05409068442732094
      -2.89026524130261     0.8796459430051424    0.06327896700523537
      -2.89026524130261      1.005309649148734    0.06392869895802164
      -2.89026524130261      1.130973355292326    0.05787382930906994
      -2.89026524130261      1.256637061435917    0.04850658667433587
      -2.89026524130261      1.382300767579509    0.03777940051460683
      -2.89026524130261      1.507964473723101     0.0260268979579819
      -2.89026524130261      1.633628179866692    0.01471055362815521
      -2.89026524130261      1.759291886010284   0.006455350462118053
      -2.89026524130261      1.884955592153876   0.002504337605778824
      -2.89026524130261      2.010619298297467   0.001829181153273727
      -2.89026524130261       2.13628300444106   0.001961828823032785
      -2.89026524130261      2.261946710584651   0.001330750003031017
      -2.89026524130261      2.387610416728243   0.001063525172343864
      -2.89026524130261      2.513274122871834   0.002486463330787338
      -2.89026524130261      2.638937829015426    0.00525075238199939
      -2.89026524130261      2.764601535159018   0.009878702911212933
      -2.89026524130261      2.890265241302609    0.01686543879297461
      -2.89026524130261      3.015928947446201    0.02395927089495385
     -2.764601535159018     -3.141592653589793    0.04103474229626026
     -2.764601535159018     -3.015928947446201    0.04474420726915783
     -2.764601535159018      -2.89026524130261    0.04736176375986585
     -2.764601535159018     -2.764601535159018    0.04707767745205203
     -2.764601535159018     -2.638937829015426    0.04871894894669647
     -2.764601535159018     -2.513274122871834    0.05471404319675612
     -2.764601535159018     -2.387610416728243    0.05711626162331547
     -2.764601535159018     -2.261946710584651     0.0555625781226632
     -2.764601535159018     -2.136283004441059    0.05894937413515089
     -2.764601535159018     -2.010619298297468    0.06082366965178135
     -2.764601535159018     -1.884955592153876    0.04950031522431939
     -2.764601535159018     -1.759291886010284    0.03836235592335355
     -2.764601535159018     -1.633628179866693    0.04484115764095072
     -2.764601535159018     -1.507964473723101    0.05787442628096553
     -2.764601535159018     -1.382300767579509    0.06235365402552059
     -2.764601535159018     -1.256637061435917    0.06376534593734706
     -2.764601535159018     -1.130973355292325    0.06476713041479611
     -2.764601535159018     -1.005309649148733    0.05723381399913945
     -2.764601535159018     -0.879645943005142    0.04571981165284401
     -2.764601535159018    -0.7539822368615505    0.04090131430717875
     -2.764601535159018    -0.6283185307179586    0.03823627976602234
     -2.764601535159018    -0.5026548245743667    0.03133693380979918
     -2.764601535159018    -0.3769911184307753       0.02508916203582
     -2.764601535159018    -0.2513274122871838    0.02086843220835176
     -2.764601535159018    -0.1256637061435919    0.01504555906259216
     -2.764601535159018                      0    0.01239341443647572
     -2.764601535159018     0.1256637061435919    0.01749500192114305
     -2.764601535159018     0.2513274122871834    0.02374344897390158
     -2.764601535159018     0.3769911184307753    0.02667620453129024
     -2.764601535159018     0.5026548245743672    0.03282548642025002
     -2.764601535159018     0.6283185307179582    0.04807826000915196
     -2.764601535159018     0.7539822368615501    0.06867282138878128
     -2.764601535159018     0.8796459430051424    0.08328988275314898
     -2.764601535159018      1.005309649148734    0.08186306847155542
     -2.764601535159018      1.130973355292326    0.06771607815271763
     -2.764601535159018      1.256637061435917    0.05442921114034684
     -2.764601535159018      1.382300767579509    0.04634101874100646
     -2.764601535159018      1.507964473723101    0.03598917410918603
     -2.764601535159018      1.633628179866692    0.02156004497300901
     -2.764601535159018      1.759291886010284    0.01010128811089173
     -2.764601535159018      1.884955592153876   0.005208772313624038
     -2.764601535159018      2.010619298297467   0.004137099746333096
     -2.764601535159018       2.13628300444106   0.003545408045533481
     -2.764601535159018      2.261946710584651   0.002475608047184827
     -2.764601535159018      2.387610416728243   0.002433036495616586
     -2.764601535159018      2.513274122871834   0.004549892236324027
     -2.764601535159018      2.638937829015426   0.008220206563287532
     -2.764601535159018      2.764601535159018     0.0147667859838775
     -2.764601535159018      2.890265241302609    0.02539833983522405
     -2.764601535159018      3.015928947446201    0.03548431769525336
     -2.638937829015426     -3.141592653589793    0.05701261109848403
     -2.638937829015426     -3.015928947446201      0.054168525693267
     -2.638937829015426      -2.89026524130261     0.0506020192578986
     -2.638937829015426     -2.764601535159018    0.05095781619089751
     -2.638937829015426     -2.638937829015426    0.05396080580097166
     -2.638937829015426     -2.513274122871834    0.05913497151644818
     -2.638937829015426     -2.387610416728243    0.06218083476832532
     -2.638937829015426     -2.261946710584651     0.0620435944282639
     -2.638937829015426     -2.136283004441059    0.06523896447817329
     -2.638937829015426     -2.010619298297468    0.06687693715201304
     -2.638937829015426     -1.884955592153876    0.05584725672892986
     -2.638937829015426     -1.759291886010284    0.04492773294150611
     -2.638937829015426     -1.633628179866693     0.0537102134488214
     -2.638937829015426     -1.507964473723101    0.07186177655465723
     -2.638937829015426     -1.382300767579509    0.08111207907452485
     -2.638937829015426     -1.256637061435917     0.0842188540023448
     -2.638937829015426     -1.130973355292325    0.08245544519801778
     -2.638937829015426     -1.005309649148733    0.06827609625396375
     -2.638937829015426     -0.879645943005142     0.0511901067433123
     -2.638937829015426    -0.7539822368615505    0.04560056902010121
     -2.638937829015426    -0.6283185307179586    0.04407458086256566
     -2.638937829015426    -0.5026548245743667    0.03707268829236886
     -2.638937829015426    -0.3769911184307753    0.03007722569040449
     -2.638937829015426    -0.2513274122871838    0.02468037543690515
     -2.638937829015426    -0.1256637061435919     0.0179317415422117
     -2.638937829015426                      0    0.01662758824716565
     -2.638937829015426     0.1256637061435919    0.02346039915160493
     -2.638937829015426     0.2513274122871834    0.02858251696875211
     -2.638937829015426     0.3769911184307753    0.02902749705832354
     -2.638937829015426     0.5026548245743672    0.03257042948189826
     -2.638937829015426     0.6283185307179582    0.04511426485238019
     -2.638937829015426     0.7539822368615501     0.0679607107402828
     -2.638937829015426     0.8796459430051424    0.08995360375767926
     -2.638937829015426      1.005309649148734     0.0883338987947369
     -2.638937829015426      1.130973355292326    0.06286454457742395
     -2.638937829015426      1.256637061435917    0.04301585315179011
     -2.638937829015426      1.382300767579509     0.0402027361755558
     -2.638937829015426      1.507964473723101     0.0350116408588579
     -2.638937829015426      1.633628179866692     0.0205768835128337
     -2.638937829015426      1.759291886010284    0.01039110727207672
     -2.638937829015426      1.884955592153876   0.007488044873642306
     -2.638937829015426      2.010619298297467   0.005465343070709866
     -2.638937829015426       2.13628300444106   0.004380890130226647
     -2.638937829015426      2.261946710584651   0.004283270068447826
     -2.638937829015426      2.387610416728243   0.003527042297473846
     -2.638937829015426      2.513274122871834   0.005405276577285852
     -2.638937829015426      2.638937829015426    0.01114368531213182
     -2.638937829015426      2.764601535159018    0.01899227378936979
     -2.638937829015426      2.890265241302609    0.03216295376125476
     -2.638937829015426      3.015928947446201    0.04883658364906118
     -2.513274122871834     -3.141592653589793    0.05914194426208347
     -2.513274122871834     -3.015928947446201    0.05378744495566114
     -2.513274122871834      -2.89026524130261    0.04773725466056008
     -2.513274122871834     -2.764601535159018    0.04863528435394293
     -2.513274122871834     -2.638937829015426    0.05272498411643607
     -2.513274122871834     -2.513274122871834    0.05686643300418255
     -2.513274122871834     -2.387610416728243    0.05836515269804568
     -2.513274122871834     -2.261946710584651    0.05717512107334676
     -2.513274122871834     -2.136283004441059    0.05891681619982431
     -2.513274122871834     -2.010619298297468    0.06062935260624053
     -2.513274122871834     -1.884955592153876    0.05302176904713959
     -2.513274122871834     -1.759291886010284    0.04507754211668957
     -2.513274122871834     -1.633628179866693    0.05325857579217182
     -2.513274122871834     -1.507964473723101    0.07104018166816733
     -2.513274122871834     -1.382300767579509    0.08298034452665808
     -2.513274122871834     -1.256637061435917     0.0875417136729504
     -2.513274122871834     -1.130973355292325    0.08293836675562015
     -2.513274122871834     -1.005309649148733    0.06554329465831298
     -2.513274122871834     -0.879645943005142      0.048569016591615
     -2.513274122871834    -0.7539822368615505     0.0448925038160851
     -2.513274122871834    -0.6283185307179586    0.04469250101981265
     -2.513274122871834    -0.5026548245743667     0.0382191203156137
     -2.513274122871834    -0.3769911184307753    0.03122059281003383
     -2.513274122871834    -0.2513274122871838    0.02549500093411931
     -2.513274122871834    -0.1256637061435919    0.01870300971688031
     -2.513274122871834                      0    0.01768073365821755
     -2.513274122871834     0.1256637061435919    0.02444690889938408
     -2.513274122871834     0.2513274122871834    0.02912836377131226
     -2.513274122871834     0.3769911184307753    0.02966755919866697
     -2.513274122871834     0.5026548245743672     0.0346331571978984
     -2.513274122871834     0.6283185307179582    0.04972701890617277
     -2.513274122871834     0.7539822368615501    0.07499970474091509
     -2.513274122871834     0.8796459430051424    0.09808956984078777
     -2.513274122871834      1.005309649148734    0.09633691345963891
     -2.513274122871834      1.130973355292326    0.07035041214030417
     -2.513274122871834      1.256637061435917    0.04967503190927187
     -2.513274122871834      1.382300767579509    0.04529226239731497
     -2.513274122871834      1.507964473723101    0.03824503797320342
     -2.513274122871834      1.633628179866692    0.02265267997983219
     -2.513274122871834      1.759291886010284    0.01198310676551532
     -2.513274122871834      1.884955592153876   0.008526288298820527
     -2.513274122871834      2.010619298297467   0.005922268771205993
     -2.513274122871834       2.13628300444106   0.004702987000592767
     -2.513274122871834      2.261946710584651   0.004617109639271375
     -2.513274122871834      2.387610416728243    0.00375798849427122
     -2.513274122871834      2.513274122871834   0.005905904502857281
     -2.513274122871834      2.638937829015426    0.01200167078603846
     -2.513274122871834      2.764601535159018    0.01946258717626455
     -2.513274122871834      2.890265241302609    0.03253283633086572
     -2.513274122871834      3.015928947446201    0.05052559772904834
     -2.387610416728243     -3.141592653589793      0.044772458754093
     -2.387610416728243     -3.015928947446201    0.04358289482482047
     -2.387610416728243      -2.89026524130261    0.04033978244295015
     -2.387610416728243     -2.764601535159018    0.03912476159317173
     -2.387610416728243     -2.638937829015426    0.04516726776533028
     -2.387610416728243     -2.513274122871834    0.05352547946375438
     -2.387610416728243     -2.387610416728243    0.05353619930791363
     -2.387610416728243     -2.261946710584651    0.05021311949484618
     -2.387610416728243     -2.136283004441059    0.05486365351864832
     -2.387610416728243     -2.010619298297468    0.05900982342882888
     -2.387610416728243     -1.884955592153876    0.05069835478032204
     -2.387610416728243     -1.759291886010284     0.0417286867608793
     -2.387610416728243     -1.633628179866693    0.04660296889794711
     -2.387610416728243     -1.507964473723101     0.0582176815900129
     -2.387610416728243     -1.382300767579509    0.06687815184674134
     -2.387610416728243     -1.256637061435917    0.07278078171765691
     -2.387610416728243     -1.130973355292325     0.0711032215266906
     -2.387610416728243     -1.005309649148733      0.057809989561328
     -2.387610416728243     -0.879645943005142    0.04532657074420154
     -2.387610416728243    -0.7539822368615505    0.04405027656744832
     -2.387610416728243    -0.6283185307179586    0.04483464537467535
     -2.387610416728243    -0.5026548245743667    0.03885732076276147
     -2.387610416728243    -0.3769911184307753    0.03099977149584743
     -2.387610416728243    -0.2513274122871838    0.02476093882082729
     -2.387610416728243    -0.1256637061435919    0.01853794516133458
     -2.387610416728243                      0    0.01624772899621185
     -2.387610416728243     0.1256637061435919    0.02141754116846957
     -2.387610416728243     0.2513274122871834    0.02809334885423739
     -2.387610416728243     0.3769911184307753    0.03175219882732758
     -2.387610416728243     0.5026548245743672    0.03961169961598847
     -2.387610416728243     0.6283185307179582    0.06031715107165578
     -2.387610416728243     0.7539822368615501    0.08889967232222371
     -2.387610416728243     0.8796459430051424     0.1080313082007798
     -2.387610416728243      1.005309649148734     0.1055790516166685
     -2.387610416728243      1.130973355292326    0.08803589920257211
     -2.387610416728243      1.256637061435917     0.0708666700451691
     -2.387610416728243      1.382300767579509     0.0590245504867956
     -2.387610416728243      1.507964473723101    0.04619004510674675
     -2.387610416728243      1.633628179866692    0.02949166662905559
     -2.387610416728243      1.759291886010284    0.01465014732022251
     -2.387610416728243      1.884955592153876   0.007369614947848197
     -2.387610416728243      2.010619298297467    0.00601214484290178
     -2.387610416728243       2.13628300444106   0.004912431794131655
     -2.387610416728243      2.261946710584651   0.002921073047435753
     -2.387610416728243      2.387610416728243   0.003401609036680475
     -2.387610416728243      2.513274122871834   0.006387240784006908
     -2.387610416728243      2.638937829015426   0.009905708259642258
     -2.387610416728243      2.764601535159018    0.01695824353766252
     -2.387610416728243      2.890265241302609    0.02942480225808709
     -2.387610416728243      3.015928947446201    0.04066665282392999
     -2.261946710584651     -3.141592653589793     0.0397093948435448
     -2.261946710584651     -3.015928947446201     0.0417154219867045
     -2.261946710584651      -2.89026524130261    0.04037221588561536
     -2.261946710584651     -2.764601535159018    0.03729373186286833
     -2.261946710584651     -2.638937829015426    0.04424624800551809
     -2.261946710584651     -2.513274122871834    0.05657310325637753
     -2.261946710584651     -2.387610416728243    0.05795984176809546
     -2.261946710584651     -2.261946710584651    0.05526892561150148
     -2.261946710584651     -2.136283004441059     0.0632285901314084
     -2.261946710584651     -2.010619298297468    0.06829985635991889
     -2.261946710584651     -1.884955592153876    0.05548124644425722
     -2.261946710584651     -1.759291886010284    0.04258032412321645
     -2.261946710584651     -1.633628179866693    0.04713564085084373
     -2.261946710584651     -1.507964473723101    0.05762955011459071
     -2.261946710584651     -1.382300767579509    0.06334032060537294
     -2.261946710584651     -1.256637061435917    0.06913494355614987
     -2.261946710584651     -1.130973355292325    0.07140817306867565
     -2.261946710584651     -1.005309649148733    0.06165387574692921
     -2.261946710584651     -0.879645943005142    0.04911048472223965
     -2.261946710584651    -0.7539822368615505    0.04602451937708637
     -2.261946710584651    -0.6283185307179586    0.04607728288798454
     -2.261946710584651    -0.5026548245743667    0.04003473070935649
     -2.261946710584651    -0.3769911184307753    0.03143564092912804
     -2.261946710584651    -0.2513274122871838    0.02461227055453192
     -2.261946710584651    -0.1256637061435919    0.01849830767571067
     -2.261946710584651                      0    0.01594133938260038
     -2.261946710584651     0.1256637061435919    0.02092871287826729
     -2.261946710584651     0.2513274122871834     0.0284375345090219
     -2.261946710584651     0.3769911184307753    0.03205785995616579
     -2.261946710584651     0.5026548245743672    0.03782157999868879
     -2.261946710584651     0.6283185307179582    0.05667256482608501
     -2.261946710584651     0.7539822368615501    0.08492651169442267
     -2.261946710584651     0.8796459430051424     0.1044193927899655
     -2.261946710584651      1.005309649148734     0.1031106539634919
     -2.261946710584651      1.130973355292326    0.08644494122650673
     -2.261946710584651      1.256637061435917    0.06779673662368284
     -2.261946710584651      1.382300767579509     0.0546059557064919
     -2.261946710584651      1.507964473723101     0.0439428180982329
     -2.261946710584651      1.633628179866692    0.02959658767208879
     -2.261946710584651      1.759291886010284    0.01392567864456875
     -2.261946710584651      1.884955592153876   0.006058457557726453
     -2.261946710584651      2.010619298297467   0.006048330308466246
     -2.261946710584651       2.13628300444106   0.005000432749773204
     -2.261946710584651      2.261946710584651   0.002232211504192367
     -2.261946710584651      2.387610416728243   0.003428579180800528
     -2.261946710584651      2.513274122871834   0.006335600761650449
     -2.261946710584651      2.638937829015426   0.008576473123019195
     -2.261946710584651      2.764601535159018    0.01650551104101365
     -2.261946710584651      2.890265241302609    0.02962590855701817
     -2.261946710584651      3.015928947446201    0.03757349425303857
     -2.136283004441059     -3.141592653589793    0.04867198031205217
     -2.136283004441059     -3.015928947446201    0.05028961365119791
     -2.136283004441059      -2.89026524130261    0.04881907436062686
     -2.136283004441059     -2.764601535159018    0.04713812309242785
     -2.136283004441059     -2.638937829015426    0.05227105049394713
     -2.136283004441059     -2.513274122871834    0.06222958130816537
     -2.136283004441059     -2.387610416728243    0.06545437174690323
     -2.136283004441059     -2.261946710584651    0.06394788876825268
     -2.136283004441059     -2.136283004441059    0.06879794787490501
     -2.136283004441059     -2.010619298297468    0.07132708918182119
     -2.136283004441059     -1.884955592153876    0.05847938074019312
     -2.136283004441059     -1.759291886010284    0.04609686500724959
     -2.136283004441059     -1.633628179866693    0.05342642972166708
     -2.136283004441059     -1.507964473723101    0.06869643840025935
     -2.136283004441059     -1.382300767579509    0.07627324282136853
     -2.136283004441059     -1.256637061435917    0.08065391033446155
     -2.136283004441059     -1.130973355292325    0.08147512839619203
     -2.136283004441059     -1.005309649148733      0.069729034690585
     -2.136283004441059     -0.879645943005142     0.0539722188808988
     -2.136283004441059    -0.7539822368615505     0.0482649379168902
     -2.136283004441059    -0.6283185307179586    0.04657520564334375
     -2.136283004441059    -0.5026548245743667    0.03981430655456985
     -2.136283004441059    -0.3769911184307753    0.03228909108179132
     -2.136283004441059    -0.2513274122871838    0.02602358988578138
     -2.136283004441059    -0.1256637061435919    0.01896193237839365
     -2.136283004441059                      0    0.01728964872208928
     -2.136283004441059     0.1256637061435919    0.02385964685446572
     -2.136283004441059     0.2513274122871834    0.02901792027088073
     -2.136283004441059     0.3769911184307753    0.02859298972389843
     -2.136283004441059     0.5026548245743672    0.03133617679454533
     -2.136283004441059     0.6283185307179582    0.04476138529907468
     -2.136283004441059     0.7539822368615501    0.06804057153757734
     -2.136283004441059     0.8796459430051424    0.09050559293925683
     -2.136283004441059      1.005309649148734    0.09393848807043337
     -2.136283004441059      1.130973355292326    0.07378920082093596
     -2.136283004441059      1.256637061435917    0.05029072842206033
     -2.136283004441059      1.382300767579509    0.04003537233386724
     -2.136283004441059      1.507964473723101    0.03472471757247892
     -2.136283004441059      1.633628179866692    0.02334012923067376
     -2.136283004441059      1.759291886010284    0.01139941961556591
     -2.136283004441059      1.884955592153876   0.006545435928044947
     -2.136283004441059      2.010619298297467   0.005994008712711872
     -2.136283004441059       2.13628300444106   0.004893905573127244
     -2.136283004441059      2.261946710584651   0.003528119755464582
     -2.136283004441059      2.387610416728243   0.003847531672128876
     -2.136283004441059      2.513274122871834   0.006003979104021112
     -2.136283004441059      2.638937829015426    0.01023856768804513
     -2.136283004441059      2.764601535159018    0.01874822805361229
     -2.136283004441059      2.890265241302609    0.03142564467795175
     -2.136283004441059      3.015928947446201    0.04277907177065028
     -2.010619298297468     -3.141592653589793    0.04806575619750753
     -2.010619298297468     -3.015928947446201    0.05125520147075437
     -2.010619298297468      -2.89026524130261    0.05194316091186506
     -2.010619298297468     -2.764601535159018    0.05200633348140989
     -2.010619298297468     -2.638937829015426    0.05497077681297917
     -2.010619298297468     -2.513274122871834    0.06153530889809997
     -2.010619298297468     -2.387610416728243    0.06424327805307727
     -2.010619298297468     -2.261946710584651    0.06128101754324416
     -2.010619298297468     -2.136283004441059    0.06120450879532183
     -2.010619298297468     -2.010619298297468    0.06180957151949769
     -2.010619298297468     -1.884955592153876    0.05306641396409275
     -2.010619298297468     -1.759291886010284    0.04451354142725471
     -2.010619298297468     -1.633628179866693    0.05218298580060066
     -2.010619298297468     -1.507964473723101    0.06781863329776519
     -2.010619298297468     -1.382300767579509    0.07648760758240961
     -2.010619298297468     -1.256637061435917    0.07986688446280414
     -2.010619298297468     -1.130973355292325    0.07817232601124249
     -2.010619298297468     -1.005309649148733    0.06570522269919715
     -2.010619298297468     -0.879645943005142    0.05157485599862638
     -2.010619298297468    -0.7539822368615505    0.04705265609401792
     -2.010619298297468    -0.6283185307179586     0.0445291767271488
     -2.010619298297468    -0.5026548245743667    0.03726919583494403
     -2.010619298297468    -0.3769911184307753    0.03144337001835867
     -2.010619298297468    -0.2513274122871838    0.02650916618355727
     -2.010619298297468    -0.1256637061435919    0.01876288174138416
     -2.010619298297468                      0    0.01695659230804178
     -2.010619298297468     0.1256637061435919    0.02394203402876046
     -2.010619298297468     0.2513274122871834     0.0271768366320809
     -2.010619298297468     0.3769911184307753    0.02492886640215103
     -2.010619298297468     0.5026548245743672    0.02940854766517235
     -2.010619298297468     0.6283185307179582      0.043425683704825
     -2.010619298297468     0.7539822368615501    0.06236174650407376
     -2.010619298297468     0.8796459430051424    0.08224759300350178
     -2.010619298297468      1.005309649148734    0.09009336837003262
     -2.010619298297468      1.130973355292326    0.07556180365471668
     -2.010619298297468      1.256637061435917    0.05279561181301598
     -2.010619298297468      1.382300767579509    0.04003415374048774
     -2.010619298297468      1.507964473723101    0.03276898693935511
     -2.010619298297468      1.633628179866692     0.0215753617492287
     -2.010619298297468      1.759291886010284    0.01126906306692382
     -2.010619298297468      1.884955592153876   0.007019151172420718
     -2.010619298297468      2.010619298297467   0.005639767964350034
     -2.010619298297468       2.13628300444106   0.004628357628041571
     -2.010619298297468      2.261946710584651   0.003964432029184524
     -2.010619298297468      2.387610416728243   0.003763893281144277
     -2.010619298297468      2.513274122871834   0.005873241540569059
     -2.010619298297468      2.638937829015426    0.01125691900749587
     -2.010619298297468      2.764601535159018    0.01882300646987395
     -2.010619298297468      2.890265241302609    0.02884963828568712
     -2.010619298297468      3.015928947446201    0.04012662005785501
     -1.884955592153876     -3.141592653589793    0.03604672187721338
     -1.884955592153876     -3.015928947446201    0.03973093255829382
     -1.884955592153876      -2.89026524130261    0.04127998327431791
     -1.884955592153876     -2.764601535159018    0.04066493983422634
     -1.884955592153876     -2.638937829015426    0.04391369609698819
     -1.884955592153876     -2.513274122871834    0.05090949867446884
     -1.884955592153876     -2.387610416728243    0.05206663435407346
     -1.884955592153876     -2.261946710584651    0.04790323136458138
     -1.884955592153876     -2.136283004441059    0.04873788419808412
     -1.884955592153876     -2.010619298297468    0.05093957174846094
     -1.884955592153876     -1.884955592153876    0.04421915760224688
     -1.884955592153876     -1.759291886010284    0.03697625256011487
     -1.884955592153876     -1.633628179866693    0.04194986707305057
     -1.884955592153876     -1.507964473723101    0.05248899820016604
     -1.884955592153876     -1.382300767579509    0.05893790096926132
     -1.884955592153876     -1.256637061435917    0.06299098560093712
     -1.884955592153876     -1.130973355292325    0.06231880095439476
     -1.884955592153876     -1.005309649148733    0.05238864808821043
     -1.884955592153876     -0.879645943005142     0.0426440932208089
     -1.884955592153876    -0.7539822368615505    0.04147604262337538
     -1.884955592153876    -0.6283185307179586     0.0404582730455791
     -1.884955592153876    -0.5026548245743667     0.0340072773458241
     -1.884955592153876    -0.3769911184307753    0.02850495834023701
     -1.884955592153876    -0.2513274122871838    0.02410563553556325
     -1.884955592153876    -0.1256637061435919    0.01721307239148659
     -1.884955592153876                      0    0.01477418644631484
     -1.884955592153876     0.1256637061435919    0.02032896235672306
     -1.884955592153876     0.2513274122871834    0.02416396219910948
     -1.884955592153876     0.3769911184307753    0.02407930152928396
     -1.884955592153876     0.5026548245743672    0.03095190907862097
     -1.884955592153876     0.6283185307179582    0.04762511306965511
     -1.884955592153876     0.7539822368615501    0.06608654559027691
     -1.884955592153876     0.8796459430051424    0.08061422084412491
     -1.884955592153876      1.005309649148734    0.08633992869804394
     -1.884955592153876      1.130973355292326    0.07830465747412561
     -1.884955592153876      1.256637061435917     0.0616983369446048
     -1.884955592153876      1.382300767579509    0.04738291732598043
     -1.884955592153876      1.507964473723101    0.03651541636778526
     -1.884955592153876      1.633628179866692    0.02419600977564503
     -1.884955592153876      1.759291886010284    0.01240332158818739
     -1.884955592153876      1.884955592153876   0.006455253491398199
     -1.884955592153876      2.010619298297467   0.005306913175139016
     -1.884955592153876       2.13628300444106   0.004347876730151013
     -1.884955592153876      2.261946710584651   0.002888297046715389
     -1.884955592153876      2.387610416728243   0.003248253444966737
     -1.884955592153876      2.513274122871834   0.005795250141578173
     -1.884955592153876      2.638937829015426   0.009695889083486123
     -1.884955592153876      2.764601535159018    0.01592825410846578
     -1.884955592153876      2.890265241302609     0.0243346627115591
     -1.884955592153876      3.015928947446201    0.03146982571577713
     -1.759291886010284     -3.141592653589793    0.03311047460803732
     -1.759291886010284     -3.015928947446201    0.02907275017355322
     -1.759291886010284      -2.89026524130261      0.024567827691317
     -1.759291886010284     -2.764601535159018    0.02311201159366541
     -1.759291886010284     -2.638937829015426    0.02813497204172327
     -1.759291886010284     -2.513274122871834    0.03516489727978866
     -1.759291886010284     -2.387610416728243    0.03498096984787982
     -1.759291886010284     -2.261946710584651    0.03187522852365099
     -1.759291886010284     -2.136283004441059    0.03642876820640412
     -1.759291886010284     -2.010619298297468    0.04178032672473603
     -1.759291886010284     -1.884955592153876    0.03661732243947002
     -1.759291886010284     -1.759291886010284    0.02974263179946413
     -1.759291886010284     -1.633628179866693    0.03279826575866932
     -1.759291886010284     -1.507964473723101    0.04038864869241905
     -1.759291886010284     -1.382300767579509    0.04688560864763392
     -1.759291886010284     -1.256637061435917    0.05338717178567162
     -1.759291886010284     -1.130973355292325    0.05295990034249519
     -1.759291886010284     -1.005309649148733    0.04134883393885326
     -1.759291886010284     -0.879645943005142     0.0324437587567028
     -1.759291886010284    -0.7539822368615505    0.03531193508972056
     -1.759291886010284    -0.6283185307179586    0.03824917065571863
     -1.759291886010284    -0.5026548245743667    0.03327137872107985
     -1.759291886010284    -0.3769911184307753    0.02708399248976559
     -1.759291886010284    -0.2513274122871838    0.02229410986552931
     -1.759291886010284    -0.1256637061435919    0.01655450076634875
     -1.759291886010284                      0    0.01460050557528617
     -1.759291886010284     0.1256637061435919    0.01924509221935719
     -1.759291886010284     0.2513274122871834    0.02385812971333482
     -1.759291886010284     0.3769911184307753    0.02604108465812411
     -1.759291886010284     0.5026548245743672    0.03308773055736405
     -1.759291886010284     0.6283185307179582    0.04951748224388737
     -1.759291886010284     0.7539822368615501    0.06994342655248978
     -1.759291886010284     0.8796459430051424    0.08305908532378943
     -1.759291886010284      1.005309649148734    0.08086186958643207
     -1.759291886010284      1.130973355292326    0.06814664996423618
     -1.759291886010284      1.256637061435917    0.05719492161482854
     -1.759291886010284      1.382300767579509    0.05064021659331217
     -1.759291886010284      1.507964473723101    0.04094225373363951
     -1.759291886010284      1.633628179866692    0.02624993009272559
     -1.759291886010284      1.759291886010284    0.01352948625298099
     -1.759291886010284      1.884955592153876   0.007471574023252446
     -1.759291886010284      2.010619298297467   0.005832728975357832
     -1.759291886010284       2.13628300444106   0.004464299256118447
     -1.759291886010284      2.261946710584651   0.002778475117133868
     -1.759291886010284      2.387610416728243   0.003273180975036069
     -1.759291886010284      2.513274122871834   0.006102087329671033
     -1.759291886010284      2.638937829015426   0.009329304910785773
     -1.759291886010284      2.764601535159018    0.01476771891722633
     -1.759291886010284      2.890265241302609    0.02422762907855153
     -1.759291886010284      3.015928947446201    0.03223180347746488
     -1.633628179866693     -3.141592653589793    0.03980940063194222
     -1.633628179866693     -3.015928947446201    0.02646060459739007
     -1.633628179866693      -2.89026524130261     0.0148185762534442
     -1.633628179866693     -2.764601535159018    0.01371941709653963
     -1.633628179866693     -2.638937829015426    0.02017756998165868
     -1.633628179866693     -2.513274122871834    0.02557185873109329
     -1.633628179866693     -2.387610416728243    0.02378681547903799
     -1.633628179866693     -2.261946710584651    0.02105063132322927
     -1.633628179866693     -2.136283004441059    0.02705169424610837
     -1.633628179866693     -2.010619298297468    0.03493231445619597
     -1.633628179866693     -1.884955592153876    0.03296520956775724
     -1.633628179866693     -1.759291886010284    0.02776994147586159
     -1.633628179866693     -1.633628179866693    0.03029317533712811
     -1.633628179866693     -1.507964473723101    0.03792750474824596
     -1.633628179866693     -1.382300767579509    0.04743883142170761
     -1.633628179866693     -1.256637061435917    0.05685269052765365
     -1.633628179866693     -1.130973355292325    0.05408289996993927
     -1.633628179866693     -1.005309649148733    0.03691266026629443
     -1.633628179866693     -0.879645943005142    0.02686246601345731
     -1.633628179866693    -0.7539822368615505    0.03423603824059689
     -1.633628179866693    -0.6283185307179586    0.04117982649788529
     -1.633628179866693    -0.5026548245743667    0.03669851149886723
     -1.633628179866693    -0.3769911184307753    0.02966980603003121
     -1.633628179866693    -0.2513274122871838    0.02428795370291483
     -1.633628179866693    -0.1256637061435919    0.01847944259991548
     -1.633628179866693                      0    0.01702121692766693
     -1.633628179866693     0.1256637061435919    0.02196256753864401
     -1.633628179866693     0.2513274122871834    0.02692183425770486
     -1.633628179866693     0.3769911184307753    0.03053739391838712
     -1.633628179866693     0.5026548245743672    0.03924859517038604
     -1.633628179866693     0.6283185307179582     0.0576617984694554
     -1.633628179866693     0.7539822368615501    0.08181133016076246
     -1.633628179866693     0.8796459430051424    0.09596768346533747
     -1.633628179866693      1.005309649148734    0.08689551568068821
     -1.633628179866693      1.130973355292326    0.06706354567402198
     -1.633628179866693      1.256637061435917    0.05931984988482134
     -1.633628179866693      1.382300767579509    0.06004158785221662
     -1.633628179866693      1.507964473723101    0.04997078954580671
     -1.633628179866693      1.633628179866692    0.03045562749305913
     -1.633628179866693      1.759291886010284     0.0163505957755735
     -1.633628179866693      1.884955592153876    0.01028730718671073
     -1.633628179866693      2.010619298297467   0.007121118284056484
     -1.633628179866693       2.13628300444106   0.005145847492518016
     -1.633628179866693      2.261946710584651   0.003739464900622954
     -1.633628179866693      2.387610416728243   0.003850803070405591
     -1.633628179866693      2.513274122871834   0.007222472611939352
     -1.633628179866693      2.638937829015426    0.01144055108590248
     -1.633628179866693      2.764601535159018    0.01658274800825103
     -1.633628179866693      2.890265241302609    0.02783714216312076
     -1.633628179866693      3.015928947446201    0.04024191156662942
     -1.507964473723101     -3.141592653589793    0.04157543060004014
     -1.507964473723101     -3.015928947446201    0.02805061306285899
     -1.507964473723101      -2.89026524130261    0.01608627069249091
     -1.507964473723101     -2.764601535159018    0.01433731470328484
     -1.507964473723101     -2.638937829015426    0.02203359718319184
     -1.507964473723101     -2.513274122871834    0.02918827137571149
     -1.507964473723101     -2.387610416728243    0.02674498958012225
     -1.507964473723101     -2.261946710584651    0.02320660157392748
     -1.507964473723101     -2.136283004441059    0.03099765285031361
     -1.507964473723101     -2.010619298297468    0.04045500876884979
     -1.507964473723101     -1.884955592153876    0.03752723760378771
     -1.507964473723101     -1.759291886010284    0.03099773442079602
     -1.507964473723101     -1.633628179866693    0.03304605463005757
     -1.507964473723101     -1.507964473723101    0.04019296290047589
     -1.507964473723101     -1.382300767579509    0.04985428223088663
     -1.507964473723101     -1.256637061435917    0.06047829813719526
     -1.507964473723101     -1.130973355292325    0.05819736878790884
     -1.507964473723101     -1.005309649148733    0.04028660896664991
     -1.507964473723101     -0.879645943005142    0.03008533180737257
     -1.507964473723101    -0.7539822368615505    0.03852932972094418
     -1.507964473723101    -0.6283185307179586    0.04632004982973967
     -1.507964473723101    -0.5026548245743667    0.04133218564461622
     -1.507964473723101    -0.3769911184307753    0.03299839340840863
     -1.507964473723101    -0.2513274122871838    0.02675451347187802
     -1.507964473723101    -0.1256637061435919      0.020528842804165
     -1.507964473723101                      0    0.01841965904780336
     -1.507964473723101     0.1256637061435919    0.02340489685487963
     -1.507964473723101     0.2513274122871834     0.0300524558546059
     -1.507964473723101     0.3769911184307753     0.0356826834224696
     -1.507964473723101     0.5026548245743672    0.04658775665178735
     -1.507964473723101     0.6283185307179582    0.06945585580354824
     -1.507964473723101     0.7539822368615501    0.09856681330696529
     -1.507964473723101     0.8796459430051424     0.1134903118442152
     -1.507964473723101      1.005309649148734     0.1020703189659603
     -1.507964473723101      1.130973355292326    0.08156927808081894
     -1.507964473723101      1.256637061435917    0.07417841627746039
     -1.507964473723101      1.382300767579509    0.07289900902776632
     -1.507964473723101      1.507964473723101    0.05925571517422466
     -1.507964473723101      1.633628179866692    0.03639024075601246
     -1.507964473723101      1.759291886010284    0.01908956137863483
     -1.507964473723101      1.884955592153876     0.0110623087350558
     -1.507964473723101      2.010619298297467   0.007868922972454772
     -1.507964473723101       2.13628300444106   0.005761583096147554
     -1.507964473723101      2.261946710584651   0.003616725253843587
     -1.507964473723101      2.387610416728243   0.004093778962069344
     -1.507964473723101      2.513274122871834   0.008124648480623907
     -1.507964473723101      2.638937829015426    0.01205808257848976
     -1.507964473723101      2.764601535159018    0.01777387089516961
     -1.507964473723101      2.890265241302609    0.03063414487933123
     -1.507964473723101      3.015928947446201    0.04308336904256715
     -1.382300767579509     -3.141592653589793    0.03796706006287967
     -1.382300767579509     -3.015928947446201    0.03075506351807637
     -1.382300767579509      -2.89026524130261    0.02314590539957605
     -1.382300767579509     -2.764601535159018    0.01995973250767694
     -1.382300767579509     -2.638937829015426    0.02847036109981923
     -1.382300767579509     -2.513274122871834    0.03948860558735494
     -1.382300767579509     -2.387610416728243    0.03766399208876563
     -1.382300767579509     -2.261946710584651    0.03375280077605464
     -1.382300767579509     -2.136283004441059    0.04400705833563386
     -1.382300767579509     -2.010619298297468    0.05362866542587275
     -1.382300767579509     -1.884955592153876      0.045910966807169
     -1.382300767579509     -1.759291886010284    0.03556699562600239
     -1.382300767579509     -1.633628179866693     0.0373314925259586
     -1.382300767579509     -1.507964473723101     0.0436804651728846
     -1.382300767579509     -1.382300767579509    0.05070058734467239
     -1.382300767579509     -1.256637061435917    0.06038397333868049
     -1.382300767579509     -1.130973355292325    0.06111531703938736
     -1.382300767579509     -1.005309649148733    0.04725720978513293
     -1.382300767579509     -0.879645943005142     0.0373824649274243
     -1.382300767579509    -0.7539822368615505     0.0427711456720727
     -1.382300767579509    -0.6283185307179586    0.04854056883627111
     -1.382300767579509    -0.5026548245743667    0.04305805949552361
     -1.382300767579509    -0.3769911184307753    0.03352172330784105
     -1.382300767579509    -0.2513274122871838    0.02648028683318613
     -1.382300767579509    -0.1256637061435919    0.02047617382557338
     -1.382300767579509                      0    0.01743334756995106
     -1.382300767579509     0.1256637061435919    0.02181261859149104
     -1.382300767579509     0.2513274122871834    0.03072989098917381
     -1.382300767579509     0.3769911184307753    0.03835449344073706
     -1.382300767579509     0.5026548245743672    0.04953322241366501
     -1.382300767579509     0.6283185307179582    0.07502114093901982
     -1.382300767579509     0.7539822368615501     0.1079925196588553
     -1.382300767579509     0.8796459430051424     0.1235473650836117
     -1.382300767579509      1.005309649148734     0.1126328701314086
     -1.382300767579509      1.130973355292326    0.09467822564388871
     -1.382300767579509      1.256637061435917     0.0855398043493549
     -1.382300767579509      1.382300767579509    0.07797846612857415
     -1.382300767579509      1.507964473723101    0.06164008151898579
     -1.382300767579509      1.633628179866692    0.03908108072956638
     -1.382300767579509      1.759291886010284    0.01930858315918784
     -1.382300767579509      1.884955592153876    0.00921799504962352
     -1.382300767579509      2.010619298297467   0.007488142413422837
     -1.382300767579509       2.13628300444106    0.00576210312714127
     -1.382300767579509      2.261946710584651    0.00245486585868424
     -1.382300767579509      2.387610416728243   0.003738674208896993
     -1.382300767579509      2.513274122871834   0.007947479524510304
     -1.382300767579509      2.638937829015426    0.01025956826254548
     -1.382300767579509      2.764601535159018    0.01691700881561679
     -1.382300767579509      2.890265241302609     0.0309191501615158
     -1.382300767579509      3.015928947446201    0.04020373282624844
     -1.256637061435917     -3.141592653589793    0.03571079127843418
     -1.256637061435917     -3.015928947446201    0.03405190733807502
     -1.256637061435917      -2.89026524130261    0.03118392616116654
     -1.256637061435917     -2.764601535159018    0.02903728839604161
     -1.256637061435917     -2.638937829015426    0.03691611095919927
     -1.256637061435917     -2.513274122871834    0.04680778534601818
     -1.256637061435917     -2.387610416728243    0.04294077144699972
     -1.256637061435917     -2.261946710584651    0.03623062601914917
     -1.256637061435917     -2.136283004441059    0.04342141154186006
     -1.256637061435917     -2.010619298297468    0.05174837733289615
     -1.256637061435917     -1.884955592153876    0.04624422225770417
     -1.256637061435917     -1.759291886010284    0.03831531747164926
     -1.256637061435917     -1.633628179866693    0.03921140635738435
     -1.256637061435917     -1.507964473723101    0.04427745906278208
     -1.256637061435917     -1.382300767579509    0.05171276096309835
     -1.256637061435917     -1.256637061435917    0.06027983183065828
     -1.256637061435917     -1.130973355292325    0.05875370628289152
     -1.256637061435917     -1.005309649148733    0.04593099353881512
     -1.256637061435917     -0.879645943005142     0.0388484709108551
     -1.256637061435917    -0.7539822368615505    0.04424839157678238
     -1.256637061435917    -0.6283185307179586    0.04840170425526941
     -1.256637061435917    -0.5026548245743667    0.04236580147725362
     -1.256637061435917    -0.3769911184307753    0.03287486886696053
     -1.256637061435917    -0.2513274122871838    0.02611165445124044
     -1.256637061435917    -0.1256637061435919    0.02018268103234791
     -1.256637061435917                      0    0.01585311902315373
     -1.256637061435917     0.1256637061435919    0.01931063442607218
     -1.256637061435917     0.2513274122871834    0.02975190022314877
     -1.256637061435917     0.3769911184307753    0.04032589163270368
     -1.256637061435917     0.5026548245743672    0.05677088922040929
     -1.256637061435917     0.6283185307179582    0.09063170117968697
     -1.256637061435917     0.7539822368615501      0.128358664267443
     -1.256637061435917     0.8796459430051424     0.1416941762800186
     -1.256637061435917      1.005309649148734     0.1313878167377747
     -1.256637061435917      1.130973355292326     0.1207941413520428
     -1.256637061435917      1.256637061435917      0.113143039700286
     -1.256637061435917      1.382300767579509    0.09573662228266069
     -1.256637061435917      1.507964473723101    0.06974049005290114
     -1.256637061435917      1.633628179866692    0.04379746088251825
     -1.256637061435917      1.759291886010284    0.02144388894826415
     -1.256637061435917      1.884955592153876   0.008546669026756749
     -1.256637061435917      2.010619298297467   0.006751659806801951
     -1.256637061435917       2.13628300444106    0.00554481803278462
     -1.256637061435917      2.261946710584651   0.001574373122579664
     -1.256637061435917      2.387610416728243   0.003041384783339708
     -1.256637061435917      2.513274122871834   0.007842813119507942
     -1.256637061435917      2.638937829015426    0.00958270173249488
     -1.256637061435917      2.764601535159018    0.01554558797252743
     -1.256637061435917      2.890265241302609    0.02863223227505226
     -1.256637061435917      3.015928947446201    0.03647159016414337
     -1.130973355292325     -3.141592653589793    0.03404490869311409
     -1.130973355292325     -3.015928947446201    0.03661562458866299
     -1.130973355292325      -2.89026524130261    0.03846734040425107
     -1.130973355292325     -2.764601535159018    0.03946580746025739
     -1.130973355292325     -2.638937829015426    0.04636881127875292
     -1.130973355292325     -2.513274122871834    0.05104544556167614
     -1.130973355292325     -2.387610416728243    0.04102876677651319
     -1.130973355292325     -2.261946710584651    0.02774858878277657
     -1.130973355292325     -2.136283004441059    0.02740484902289413
     -1.130973355292325     -2.010619298297468    0.03462693526267319
     -1.130973355292325     -1.884955592153876    0.03916133924712638
     -1.130973355292325     -1.759291886010284    0.04004287887071173
     -1.130973355292325     -1.633628179866693    0.03829640012460832
     -1.130973355292325     -1.507964473723101    0.03987654986792703
     -1.130973355292325     -1.382300767579509    0.05104975944023581
     -1.130973355292325     -1.256637061435917    0.05969384026275909
     -1.130973355292325     -1.130973355292325    0.05037268452389463
     -1.130973355292325     -1.005309649148733    0.03476969543849585
     -1.130973355292325     -0.879645943005142    0.03412873372307772
     -1.130973355292325    -0.7539822368615505    0.04494658540815997
     -1.130973355292325    -0.6283185307179586    0.04923309357027658
     -1.130973355292325    -0.5026548245743667    0.04238796687165101
     -1.130973355292325    -0.3769911184307753    0.03323934648422317
     -1.130973355292325    -0.2513274122871838      0.027285705664271
     -1.130973355292325    -0.1256637061435919    0.02112326058483169
     -1.130973355292325                      0    0.01442153743151233
     -1.130973355292325     0.1256637061435919    0.01628398563997473
     -1.130973355292325     0.2513274122871834    0.02904964043754212
     -1.130973355292325     0.3769911184307753    0.04603201833615659
     -1.130973355292325     0.5026548245743672    0.07601034122973806
     -1.130973355292325     0.6283185307179582     0.1295315800034672
     -1.130973355292325     0.7539822368615501     0.1776384220210982
     -1.130973355292325     0.8796459430051424     0.1850804904627667
     -1.130973355292325      1.005309649148734     0.1726456925968675
     -1.130973355292325      1.130973355292326     0.1754899999362823
     -1.130973355292325      1.256637061435917     0.1747788057777731
     -1.130973355292325      1.382300767579509      0.141475946877139
     -1.130973355292325      1.507964473723101    0.09381575626913354
     -1.130973355292325      1.633628179866692    0.05688904524277206
     -1.130973355292325      1.759291886010284    0.02858853284668164
     -1.130973355292325      1.884955592153876   0.009871704164088096
     -1.130973355292325      2.010619298297467    0.00624497452144652
     -1.130973355292325       2.13628300444106   0.005589625488801562
     -1.130973355292325      2.261946710584651  0.0006846598598205429
     -1.130973355292325      2.387610416728243    0.00206988119732087
     -1.130973355292325      2.513274122871834    0.00864499721609553
     -1.130973355292325      2.638937829015426    0.01042720404139626
     -1.130973355292325      2.764601535159018    0.01400407675073789
     -1.130973355292325      2.890265241302609    0.02495584186545231
     -1.130973355292325      3.015928947446201    0.03258355613094845
     -1.005309649148733     -3.141592653589793    0.03149286460545057
     -1.005309649148733     -3.015928947446201    0.03684625094084021
     -1.005309649148733      -2.89026524130261    0.04130584766037863
     -1.005309649148733     -2.764601535159018    0.04343181811548691
     -1.005309649148733     -2.638937829015426    0.05089751014808346
     -1.005309649148733     -2.513274122871834    0.05396466905104121
     -1.005309649148733     -2.387610416728243    0.03979867361153838
     -1.005309649148733     -2.261946710584651    0.02269331901361744
     -1.005309649148733     -2.136283004441059    0.01996961823499567
     -1.005309649148733     -2.010619298297468    0.02741270300157001
     -1.005309649148733     -1.884955592153876      0.036557752416546
     -1.005309649148733     -1.759291886010284    0.04146910833948394
     -1.005309649148733     -1.633628179866693    0.03739172911166984
     -1.005309649148733     -1.507964473723101     0.0357644441760382
     -1.005309649148733     -1.382300767579509    0.04852475846105851
     -1.005309649148733     -1.256637061435917      0.057554820421853
     -1.005309649148733     -1.130973355292325    0.04436203564345687
     -1.005309649148733     -1.005309649148733    0.02796230448529727
     -1.005309649148733     -0.879645943005142    0.03142384646389378
     -1.005309649148733    -0.7539822368615505    0.04512836838833576
     -1.005309649148733    -0.6283185307179586     0.0497803185498876
     -1.005309649148733    -0.5026548245743667    0.04283585268902342
     -1.005309649148733    -0.3769911184307753    0.03300724660979608
     -1.005309649148733    -0.2513274122871838    0.02691885129431392
     -1.005309649148733    -0.1256637061435919      0.021273663831782
     -1.005309649148733                      0    0.01292145027121168
     -1.005309649148733     0.1256637061435919    0.01310269809602248
     -1.005309649148733     0.2513274122871834     0.0287895076415988
     -1.005309649148733     0.3769911184307753    0.05170558729143093
     -1.005309649148733     0.5026548245743672    0.09025696605100277
     -1.005309649148733     0.6283185307179582     0.1574142829860654
     -1.005309649148733     0.7539822368615501     0.2154205175412246
     -1.005309649148733     0.8796459430051424     0.2197077753369808
     -1.005309649148733      1.005309649148734     0.2030690737381331
     -1.005309649148733      1.130973355292326     0.2129709084942501
     -1.005309649148733      1.256637061435917     0.2171570250298747
     -1.005309649148733      1.382300767579509     0.1734540507579263
     -1.005309649148733      1.507964473723101     0.1112895551106741
     -1.005309649148733      1.633628179866692    0.06681948342496845
     -1.005309649148733      1.759291886010284    0.03341028809065397
     -1.005309649148733      1.884955592153876    0.01009111490737564
     -1.005309649148733      2.010619298297467   0.005839434003166828
     -1.005309649148733       2.13628300444106    0.00561733941972482
     -1.005309649148733      2.261946710584651 -0.0004584431587638231
     -1.005309649148733      2.387610416728243   0.001252509325694591
     -1.005309649148733      2.513274122871834   0.009064444419216616
     -1.005309649148733      2.638937829015426     0.0098700654194642
     -1.005309649148733      2.764601535159018    0.01214868442825202
     -1.005309649148733      2.890265241302609    0.02291949714319881
     -1.005309649148733      3.015928947446201    0.02982016486849334
     -0.879645943005142     -3.141592653589793    0.02958007488693696
     -0.879645943005142     -3.015928947446201    0.03450677707215458
     -0.879645943005142      -2.89026524130261    0.03760522778135081
     -0.879645943005142     -2.764601535159018    0.03812561405617827
     -0.879645943005142     -2.638937829015426    0.04634652230319197
     -0.879645943005142     -2.513274122871834     0.0520772119802435
     -0.879645943005142     -2.387610416728243    0.04047584007171537
     -0.879645943005142     -2.261946710584651    0.02663591833704358
     -0.879645943005142     -2.136283004441059    0.02771794262194247
     -0.879645943005142     -2.010619298297468    0.03507069707330676
     -0.879645943005142     -1.884955592153876    0.03903508746874844
     -0.879645943005142     -1.759291886010284    0.03990054484497516
     -0.879645943005142     -1.633628179866693    0.03659450886896973
     -0.879645943005142     -1.507964473723101    0.03582077117124394
     -0.879645943005142     -1.382300767579509    0.04632970090595502
     -0.879645943005142     -1.256637061435917    0.05460756670050679
     -0.879645943005142     -1.130973355292325    0.04502154476644857
     -0.879645943005142     -1.005309649148733    0.03138393347671545
     -0.879645943005142     -0.879645943005142    0.03241985909735844
     -0.879645943005142    -0.7539822368615505    0.04214155278673304
     -0.879645943005142    -0.6283185307179586    0.04598470901983052
     -0.879645943005142    -0.5026548245743667    0.04008124237776933
     -0.879645943005142    -0.3769911184307753    0.03008667410487571
     -0.879645943005142    -0.2513274122871838    0.02355595532225036
     -0.879645943005142    -0.1256637061435919    0.01897544050857781
     -0.879645943005142                      0    0.01178727253586993
     -0.879645943005142     0.1256637061435919    0.01182793947843731
     -0.879645943005142     0.2513274122871834    0.02701508704620323
     -0.879645943005142     0.3769911184307753    0.04799713891979633
     -0.879645943005142     0.5026548245743672    0.07986007067492609
     -0.879645943005142     0.6283185307179582     0.1379500243630951
     -0.879645943005142     0.7539822368615501     0.1923856474810827
     -0.879645943005142     0.8796459430051424     0.1993860205548354
     -0.879645943005142      1.005309649148734     0.1829202631165238
     -0.879645943005142      1.130973355292326     0.1870380345609013
     -0.879645943005142      1.256637061435917     0.1880119327270167
     -0.879645943005142      1.382300767579509     0.1501236716455747
     -0.879645943005142      1.507964473723101    0.09755127612934072
     -0.879645943005142      1.633628179866692    0.05929719095836646
     -0.879645943005142      1.759291886010284       0.02897672511424
     -0.879645943005142      1.884955592153876    0.00816889468412671
     -0.879645943005142      2.010619298297467   0.005322459089964285
     -0.879645943005142       2.13628300444106   0.005145859859652204
     -0.879645943005142      2.261946710584651 -0.0007062465719561571
     -0.879645943005142      2.387610416728243    0.00120129190992701
     -0.879645943005142      2.513274122871834   0.007965449540135063
     -0.879645943005142      2.638937829015426   0.007847237948484027
     -0.879645943005142      2.764601535159018    0.01094714617926206
     -0.879645943005142      2.890265241302609    0.02261897469980782
     -0.879645943005142      3.015928947446201    0.02883054372717719
    -0.7539822368615505     -3.141592653589793    0.02771871183828372
    -0.7539822368615505     -3.015928947446201    0.03131070768445371
    -0.7539822368615505      -2.89026524130261    0.03284737685685171
    -0.7539822368615505     -2.764601535159018    0.03263002248870744
    -0.7539822368615505     -2.638937829015426    0.03906629306314848
    -0.7539822368615505     -2.513274122871834    0.04501684353121267
    -0.7539822368615505     -2.387610416728243    0.03853730082997715
    -0.7539822368615505     -2.261946710584651    0.02993617239327585
    -0.7539822368615505     -2.136283004441059    0.03207893211267849
    -0.7539822368615505     -2.010619298297468    0.03706650996662736
    -0.7539822368615505     -1.884955592153876    0.03636580788463584
    -0.7539822368615505     -1.759291886010284    0.03406333240902534
    -0.7539822368615505     -1.633628179866693     0.0334242567189455
    -0.7539822368615505     -1.507964473723101    0.03593824439104653
    -0.7539822368615505     -1.382300767579509    0.04382491817532523
    -0.7539822368615505     -1.256637061435917    0.04972917099195689
    -0.7539822368615505     -1.130973355292325    0.04415703933629741
    -0.7539822368615505     -1.005309649148733    0.03372115711149059
    -0.7539822368615505     -0.879645943005142    0.03101476317001593
    -0.7539822368615505    -0.7539822368615505    0.03522373006318177
    -0.7539822368615505    -0.6283185307179586    0.03709211037876035
    -0.7539822368615505    -0.5026548245743667    0.03232911998171245
    -0.7539822368615505    -0.3769911184307753     0.0244914861857113
    -0.7539822368615505    -0.2513274122871838    0.01902430729552787
    -0.7539822368615505    -0.1256637061435919    0.01507818469905806
    -0.7539822368615505                      0    0.01039392867601543
    -0.7539822368615505     0.1256637061435919    0.01151435457395894
    -0.7539822368615505     0.2513274122871834    0.02217450272146963
    -0.7539822368615505     0.3769911184307753    0.03531534700448732
    -0.7539822368615505     0.5026548245743672     0.0550607059039771
    -0.7539822368615505     0.6283185307179582    0.09334466201337162
    -0.7539822368615505     0.7539822368615501     0.1323066624638366
    -0.7539822368615505     0.8796459430051424      0.141655811958549
    -0.7539822368615505      1.005309649148734     0.1317763121220315
    -0.7539822368615505      1.130973355292326     0.1296150958492596
    -0.7539822368615505      1.256637061435917     0.1250398792896071
    -0.7539822368615505      1.382300767579509    0.09941939711794029
    -0.7539822368615505      1.507964473723101    0.06625530547583236
    -0.7539822368615505      1.633628179866692    0.04085356673542687
    -0.7539822368615505      1.759291886010284    0.01979855502266618
    -0.7539822368615505      1.884955592153876   0.005965824889828334
    -0.7539822368615505      2.010619298297467   0.004339112251478318
    -0.7539822368615505       2.13628300444106   0.004076639381014605
    -0.7539822368615505      2.261946710584651  9.786402403753241e-05
    -0.7539822368615505      2.387610416728243   0.001418025092834782
    -0.7539822368615505      2.513274122871834   0.005939206628635276
    -0.7539822368615505      2.638937829015426   0.006408531292979493
    -0.7539822368615505      2.764601535159018    0.01009416055420636
    -0.7539822368615505      2.890265241302609    0.02009891495524461
    -0.7539822368615505      3.015928947446201    0.02611783867257272
    -0.6283185307179586     -3.141592653589793    0.02425451485332646
    -0.6283185307179586     -3.015928947446201    0.02838550678471225
    -0.6283185307179586      -2.89026524130261    0.03133311384477017
    -0.6283185307179586     -2.764601535159018    0.03247078337605427
    -0.6283185307179586     -2.638937829015426    0.03530596581535693
    -0.6283185307179586     -2.513274122871834    0.03742297717013474
    -0.6283185307179586     -2.387610416728243    0.03328080514623056
    -0.6283185307179586     -2.261946710584651    0.02697588898442097
    -0.6283185307179586     -2.136283004441059    0.02569536440011685
    -0.6283185307179586     -2.010619298297468    0.02746408932017348
    -0.6283185307179586     -1.884955592153876    0.02758118429464461
    -0.6283185307179586     -1.759291886010284     0.0268144331935171
    -0.6283185307179586     -1.633628179866693    0.02777636186459698
    -0.6283185307179586     -1.507964473723101    0.03197440989192252
    -0.6283185307179586     -1.382300767579509    0.03843561512290795
    -0.6283185307179586     -1.256637061435917    0.04120238519824233
    -0.6283185307179586     -1.130973355292325    0.03587691577493406
    -0.6283185307179586     -1.005309649148733    0.02790956269806335
    -0.6283185307179586     -0.879645943005142    0.02524553535797901
    -0.6283185307179586    -0.7539822368615505    0.02697073913205609
    -0.6283185307179586    -0.6283185307179586    0.02673982964808808
    -0.6283185307179586    -0.5026548245743667    0.02251130637214793
    -0.6283185307179586    -0.3769911184307753    0.01761594751605264
    -0.6283185307179586    -0.2513274122871838    0.01434469901511359
    -0.6283185307179586    -0.1256637061435919     0.0109293315512533
    -0.6283185307179586                      0   0.007520869623454646
    -0.6283185307179586     0.1256637061435919    0.00898517723471811
    -0.6283185307179586     0.2513274122871834    0.01586797324838393
    -0.6283185307179586     0.3769911184307753    0.02413080685174292
    -0.6283185307179586     0.5026548245743672     0.0386129791582592
    -0.6283185307179586     0.6283185307179582    0.06567607900797377
    -0.6283185307179586     0.7539822368615501    0.09171729611058362
    -0.6283185307179586     0.8796459430051424    0.09858059043932592
    -0.6283185307179586      1.005309649148734    0.09385489502080523
    -0.6283185307179586      1.130973355292326    0.09298164270296069
    -0.6283185307179586      1.256637061435917    0.08858286365095364
    -0.6283185307179586      1.382300767579509    0.06959116272727683
    -0.6283185307179586      1.507964473723101     0.0454517063194028
    -0.6283185307179586      1.633628179866692    0.02723066274105319
    -0.6283185307179586      1.759291886010284    0.01342436288493394
    -0.6283185307179586      1.884955592153876   0.004422185388571283
    -0.6283185307179586      2.010619298297467   0.002772836175335499
    -0.6283185307179586       2.13628300444106    0.00272182792021703
    -0.6283185307179586      2.261946710584651  0.0005476981621025043
    -0.6283185307179586      2.387610416728243  0.0009690814260889194
    -0.6283185307179586      2.513274122871834   0.003996036309043282
    -0.6283185307179586      2.638937829015426   0.005422305636459953
    -0.6283185307179586      2.764601535159018    0.00808180800559608
    -0.6283185307179586      2.890265241302609    0.01461977086418287
    -0.6283185307179586      3.015928947446201    0.02052367232541616
    -0.5026548245743667     -3.141592653589793    0.02002675480543186
    -0.5026548245743667     -3.015928947446201    0.02501979091942417
    -0.5026548245743667      -2.89026524130261    0.02976203069359369
    -0.5026548245743667     -2.764601535159018    0.03170905117866638
    -0.5026548245743667     -2.638937829015426    0.03210211667374573
    -0.5026548245743667     -2.513274122871834     0.0316770120242442
    -0.5026548245743667     -2.387610416728243    0.02831806566247659
    -0.5026548245743667     -2.261946710584651    0.02328831564459779
    -0.5026548245743667     -2.136283004441059    0.02083710866864785
    -0.5026548245743667     -2.010619298297468     0.0211983935656818
    -0.5026548245743667     -1.884955592153876    0.02145513907156052
    -0.5026548245743667     -1.759291886010284    0.02115800928160447
    -0.5026548245743667     -1.633628179866693    0.02244375511617999
    -0.5026548245743667     -1.507964473723101     0.0265065720191333
    -0.5026548245743667     -1.382300767579509    0.03103312268565978
    -0.5026548245743667     -1.256637061435917    0.03143015216496448
    -0.5026548245743667     -1.130973355292325    0.02665824317322961
    -0.5026548245743667     -1.005309649148733    0.02152082275101403
    -0.5026548245743667     -0.879645943005142    0.02012989532064961
    -0.5026548245743667    -0.7539822368615505    0.02068051398076529
    -0.5026548245743667    -0.6283185307179586    0.01921977703360582
    -0.5026548245743667    -0.5026548245743667    0.01532185083567072
    -0.5026548245743667    -0.3769911184307753    0.01187239587152044
    -0.5026548245743667    -0.2513274122871838     0.0100579376106801
    -0.5026548245743667    -0.1256637061435919   0.007541637295850723
    -0.5026548245743667                      0   0.004371506121051963
    -0.5026548245743667     0.1256637061435919   0.005299253281989631
    -0.5026548245743667     0.2513274122871834     0.0113318062518412
    -0.5026548245743667     0.3769911184307753    0.01911578121570741
    -0.5026548245743667     0.5026548245743672    0.03219285603252058
    -0.5026548245743667     0.6283185307179582    0.05493748754483767
    -0.5026548245743667     0.7539822368615501     0.0753159494742406
    -0.5026548245743667     0.8796459430051424    0.07876854876087587
    -0.5026548245743667      1.005309649148734    0.07364756689761529
    -0.5026548245743667      1.130973355292326    0.07446846721156594
    -0.5026548245743667      1.256637061435917    0.07366810696125252
    -0.5026548245743667      1.382300767579509    0.05864765653476351
    -0.5026548245743667      1.507964473723101    0.03690148743440261
    -0.5026548245743667      1.633628179866692     0.0207654828013235
    -0.5026548245743667      1.759291886010284    0.01006455180680454
    -0.5026548245743667      1.884955592153876   0.003051478299497931
    -0.5026548245743667      2.010619298297467   0.001392700898075162
    -0.5026548245743667       2.13628300444106   0.001638080125595639
    -0.5026548245743667      2.261946710584651  0.0002301755911529126
    -0.5026548245743667      2.387610416728243  0.0002207063799471026
    -0.5026548245743667      2.513274122871834   0.002560352900070317
    -0.5026548245743667      2.638937829015426   0.003928657866590529
    -0.5026548245743667      2.764601535159018   0.005571502946614534
    -0.5026548245743667      2.890265241302609    0.01033598762341023
    -0.5026548245743667      3.015928947446201    0.01576064442616824
    -0.3769911184307753     -3.141592653589793    0.01777815434270178
    -0.3769911184307753     -3.015928947446201    0.02269337721763984
    -0.3769911184307753      -2.89026524130261    0.02748057805520424
    -0.3769911184307753     -2.764601535159018    0.02893438438950326
    -0.3769911184307753     -2.638937829015426    0.02852428920170989
    -0.3769911184307753     -2.513274122871834     0.0283862427883473
    -0.3769911184307753     -2.387610416728243    0.02683033678445251
    -0.3769911184307753     -2.261946710584651    0.02414145331192772
    -0.3769911184307753     -2.136283004441059    0.02338015109986381
    -0.3769911184307753     -2.010619298297468    0.02327692650130862
    -0.3769911184307753     -1.884955592153876    0.02063269313586909
    -0.3769911184307753     -1.759291886010284    0.01808004548096898
    -0.3769911184307753     -1.633628179866693    0.02003483456850938
    -0.3769911184307753     -1.507964473723101    0.02467287351595591
    -0.3769911184307753     -1.382300767579509    0.02705244195219366
    -0.3769911184307753     -1.256637061435917    0.02603739062871752
    -0.3769911184307753     -1.130973355292325    0.02361617666799125
    -0.3769911184307753     -1.005309649148733    0.02111030148736256
    -0.3769911184307753     -0.879645943005142    0.01887032214122855
    -0.3769911184307753    -0.7539822368615505    0.01697403695930932
    -0.3769911184307753    -0.6283185307179586    0.01463667309280147
    -0.3769911184307753    -0.5026548245743667    0.01124388980224202
    -0.3769911184307753    -0.3769911184307753   0.008253738490333545
    -0.3769911184307753    -0.2513274122871838   0.006854618953560389
    -0.3769911184307753    -0.1256637061435919   0.005151153840186058
    -0.3769911184307753                      0   0.002621013014140664
    -0.3769911184307753     0.1256637061435919   0.003372946296091917
    -0.3769911184307753     0.2513274122871834   0.008881013961655602
    -0.3769911184307753     0.3769911184307753    0.01551860667366242
    -0.3769911184307753     0.5026548245743672    0.02462097645130133
    -0.3769911184307753     0.6283185307179582    0.04080117019093124
    -0.3769911184307753     0.7539822368615501    0.05681465947715433
    -0.3769911184307753     0.8796459430051424    0.06009546085871745
    -0.3769911184307753      1.005309649148734    0.05453267368918469
    -0.3769911184307753      1.130973355292326    0.05275712862183005
    -0.3769911184307753      1.256637061435917    0.05219314403935202
    -0.3769911184307753      1.382300767579509    0.04255040302713162
    -0.3769911184307753      1.507964473723101     0.0268296537003477
    -0.3769911184307753      1.633628179866692    0.01438556115760414
    -0.3769911184307753      1.759291886010284   0.006464130122075044
    -0.3769911184307753      1.884955592153876   0.001635203382220048
    -0.3769911184307753      2.010619298297467   0.000618411490202855
    -0.3769911184307753       2.13628300444106  0.0009754673573304034
    -0.3769911184307753      2.261946710584651   3.84822716880714e-05
    -0.3769911184307753      2.387610416728243 -8.260639549265191e-05
    -0.3769911184307753      2.513274122871834   0.001458127739156049
    -0.3769911184307753      2.638937829015426   0.002440029671787651
    -0.3769911184307753      2.764601535159018   0.004153322219905955
    -0.3769911184307753      2.890265241302609   0.008791321000279021
    -0.3769911184307753      3.015928947446201    0.01385108600213078
    -0.2513274122871838     -3.141592653589793    0.01753763611439092
    -0.2513274122871838     -3.015928947446201    0.02273511342126005
    -0.2513274122871838      -2.89026524130261    0.02755186535743226
    -0.2513274122871838     -2.764601535159018    0.02919785559372269
    -0.2513274122871838     -2.638937829015426    0.02797960110080315
    -0.2513274122871838     -2.513274122871834    0.02709118384040419
    -0.2513274122871838     -2.387610416728243    0.02685992949270609
    -0.2513274122871838     -2.261946710584651    0.02592224787841127
    -0.2513274122871838     -2.136283004441059    0.02483752533558471
    -0.2513274122871838     -2.010619298297468    0.02316451027196859
    -0.2513274122871838     -1.884955592153876    0.01930896314407014
    -0.2513274122871838     -1.759291886010284    0.01636106691218125
    -0.2513274122871838     -1.633628179866693     0.0192372029944681
    -0.2513274122871838     -1.507964473723101    0.02517530239582001
    -0.2513274122871838     -1.382300767579509    0.02700957616830841
    -0.2513274122871838     -1.256637061435917    0.02450228672335909
    -0.2513274122871838     -1.130973355292325     0.0225132167039294
    -0.2513274122871838     -1.005309649148733     0.0212979087324583
    -0.2513274122871838     -0.879645943005142    0.01796350536502321
    -0.2513274122871838    -0.7539822368615505     0.0132935087463827
    -0.2513274122871838    -0.6283185307179586   0.009655184952458953
    -0.2513274122871838    -0.5026548245743667   0.006882996014584935
    -0.2513274122871838    -0.3769911184307753   0.004715201211628228
    -0.2513274122871838    -0.2513274122871838   0.003762985400340372
    -0.2513274122871838    -0.1256637061435919    0.00277572081806414
    -0.2513274122871838                      0   0.001092885404509199
    -0.2513274122871838     0.1256637061435919   0.001762660491575891
    -0.2513274122871838     0.2513274122871834   0.006109989261252767
    -0.2513274122871838     0.3769911184307753    0.01092617629572626
    -0.2513274122871838     0.5026548245743672    0.01635874907811825
    -0.2513274122871838     0.6283185307179582    0.02666995390317121
    -0.2513274122871838     0.7539822368615501    0.03869542624880422
    -0.2513274122871838     0.8796459430051424    0.04284262823537555
    -0.2513274122871838      1.005309649148734    0.03869779035405731
    -0.2513274122871838      1.130973355292326    0.03478946925880204
    -0.2513274122871838      1.256637061435917    0.03252720819090433
    -0.2513274122871838      1.382300767579509    0.02601504203629662
    -0.2513274122871838      1.507964473723101    0.01563022122179599
    -0.2513274122871838      1.633628179866692    0.00737972105209023
    -0.2513274122871838      1.759291886010284   0.002846826897929927
    -0.2513274122871838      1.884955592153876  0.0003281367651132795
    -0.2513274122871838      2.010619298297467 -0.0002469172404835197
    -0.2513274122871838       2.13628300444106  0.0003008558945831601
    -0.2513274122871838      2.261946710584651  5.589585632676506e-05
    -0.2513274122871838      2.387610416728243 -0.0003623578851206839
    -0.2513274122871838      2.513274122871834  0.0003056476766241671
    -0.2513274122871838      2.638937829015426   0.001282676270320998
    -0.2513274122871838      2.764601535159018   0.002917610473407806
    -0.2513274122871838      2.890265241302609   0.006951648450592166
    -0.2513274122871838      3.015928947446201    0.01245344017325382
    -0.1256637061435919     -3.141592653589793    0.01412720021668084
    -0.1256637061435919     -3.015928947446201    0.02042039306028702
    -0.1256637061435919      -2.89026524130261    0.02640563598377604
    -0.1256637061435919     -2.764601535159018    0.02851877011912402
    -0.1256637061435919     -2.638937829015426    0.02647143084779814
    -0.1256637061435919     -2.513274122871834    0.02428016081397797
    -0.1256637061435919     -2.387610416728243    0.02376189176629798
    -0.1256637061435919     -2.261946710584651    0.02293173751070436
    -0.1256637061435919     -2.136283004441059    0.02085374249036913
    -0.1256637061435919     -2.010619298297468    0.01826847469514928
    -0.1256637061435919     -1.884955592153876    0.01526736854743242
    -0.1256637061435919     -1.759291886010284    0.01343414497953506
    -0.1256637061435919     -1.633628179866693    0.01596328128587639
    -0.1256637061435919     -1.507964473723101    0.02110743934907641
    -0.1256637061435919     -1.382300767579509    0.02231841054174308
    -0.1256637061435919     -1.256637061435917     0.0186963615169437
    -0.1256637061435919     -1.130973355292325    0.01626825158786732
    -0.1256637061435919     -1.005309649148733    0.01649233132346382
    -0.1256637061435919     -0.879645943005142    0.01444902368388875
    -0.1256637061435919    -0.7539822368615505   0.009242090292660005
    -0.1256637061435919    -0.6283185307179586   0.004932561099970629
    -0.1256637061435919    -0.5026548245743667    0.00264004342876877
    -0.1256637061435919    -0.3769911184307753    0.00117381547594233
    -0.1256637061435919    -0.2513274122871838   0.000852449743732333
    -0.1256637061435919    -0.1256637061435919  0.0006331062673495609
    -0.1256637061435919                      0  -0.001006457361302178
    -0.1256637061435919     0.1256637061435919  -0.001047234704600221
    -0.1256637061435919     0.2513274122871834    0.00314011560099762
    -0.1256637061435919     0.3769911184307753   0.008396951617856328
    -0.1256637061435919     0.5026548245743672    0.01386318808897615
    -0.1256637061435919     0.6283185307179582    0.02354731240350315
    -0.1256637061435919     0.7539822368615501    0.03418791897438463
    -0.1256637061435919     0.8796459430051424    0.03653300891595553
    -0.1256637061435919      1.005309649148734    0.03208904109030504
    -0.1256637061435919      1.130973355292326    0.03016267323900016
    -0.1256637061435919      1.256637061435917    0.02967939198783936
    -0.1256637061435919      1.382300767579509    0.02297960229950119
    -0.1256637061435919      1.507964473723101    0.01217337477709984
    -0.1256637061435919      1.633628179866692   0.004823436363643847
    -0.1256637061435919      1.759291886010284   0.001457373320082635
    -0.1256637061435919      1.884955592153876 -0.0006649689223780441
    -0.1256637061435919      2.010619298297467  -0.001131437939407708
    -0.1256637061435919       2.13628300444106 -0.0003181811742716855
    -0.1256637061435919      2.261946710584651 -0.0003908147968717899
    -0.1256637061435919      2.387610416728243 -0.0009141197073569744
    -0.1256637061435919      2.513274122871834 -0.0005172879491875616
    -0.1256637061435919      2.638937829015426   5.30249677138299e-05
    -0.1256637061435919      2.764601535159018  0.0009269634730331134
    -0.1256637061435919      2.890265241302609   0.003879908064570607
    -0.1256637061435919      3.015928947446201   0.008701367058758472
                      0     -3.141592653589793   0.006841011088029116
                      0     -3.015928947446201    0.01464617306124994
                      0      -2.89026524130261    0.02199806523424652
                      0     -2.764601535159018    0.02282201990450097
                      0     -2.638937829015426    0.02108708164297841
                      0     -2.513274122871834     0.0211749067952753
                      0     -2.387610416728243    0.02095112807929223
                      0     -2.261946710584651    0.01992736623453822
                      0     -2.136283004441059    0.02011888987358014
                      0     -2.010619298297468    0.01907545423062414
                      0     -1.884955592153876    0.01442104513285545
                      0     -1.759291886010284    0.01068850168219527
                      0     -1.633628179866693     0.0120597228114926
                      0     -1.507964473723101    0.01460853393289799
                      0     -1.382300767579509    0.01308533172087339
                      0     -1.256637061435917   0.009841772339496369
                      0     -1.130973355292325    0.01034729455307444
                      0     -1.005309649148733     0.0133869251911134
                      0     -0.879645943005142    0.01312507424396807
                      0    -0.7539822368615505   0.008989028752190585
                      0    -0.6283185307179586   0.005182712589566584
                      0    -0.5026548245743667    0.00284406180917583
                      0    -0.3769911184307753   0.001109118487648117
                      0    -0.2513274122871838  0.0008047464711024702
                      0    -0.1256637061435919  0.0006290338266441836
                      0                      0  -0.001546001420741784
                      0     0.1256637061435919  -0.001966824966881782
                      0     0.2513274122871834    0.00282896898160426
                      0     0.3769911184307753   0.008747288701241307
                      0     0.5026548245743672    0.01436242362730363
                      0     0.6283185307179582    0.02413748281251824
                      0     0.7539822368615501    0.03367656098341069
                      0     0.8796459430051424    0.03349465715512082
                      0      1.005309649148734    0.02879150313342911
                      0      1.130973355292326    0.03019124944314447
                      0      1.256637061435917    0.03212196678765036
                      0      1.382300767579509    0.02495730508633567
                      0      1.507964473723101    0.01385828641077578
                      0      1.633628179866692   0.006654260930189494
                      0      1.759291886010284   0.001971808109131908
                      0      1.884955592153876  -0.001149108082647338
                      0      2.010619298297467 -0.0009950918905622052
                      0       2.13628300444106 -0.0002450840831437484
                      0      2.261946710584651  -0.001016657961546546
                      0      2.387610416728243 -0.0009618627582754071
                      0      2.513274122871834 -0.0003152409935903796
                      0      2.638937829015426 -0.0007573471749458961
                      0      2.764601535159018  0.0001227432831198345
                      0      2.890265241302609   0.002768124566050433
                      0      3.015928947446201   0.004154891458610383
     0.1256637061435919     -3.141592653589793   0.004513951591742484
     0.1256637061435919     -3.015928947446201    0.01408461763211795
     0.1256637061435919      -2.89026524130261    0.02235637209712552
     0.1256637061435919     -2.764601535159018    0.02151885406469412
     0.1256637061435919     -2.638937829015426    0.02062654153881056
     0.1256637061435919     -2.513274122871834    0.02437820619916639
     0.1256637061435919     -2.387610416728243    0.02563363967550223
     0.1256637061435919     -2.261946710584651    0.02498710319041893
     0.1256637061435919     -2.136283004441059    0.02795425174633325
     0.1256637061435919     -2.010619298297468    0.02816229575329588
     0.1256637061435919     -1.884955592153876    0.01978245670099043
     0.1256637061435919     -1.759291886010284    0.01247851547293212
     0.1256637061435919     -1.633628179866693    0.01391689460070931
     0.1256637061435919     -1.507964473723101    0.01610009527791197
     0.1256637061435919     -1.382300767579509    0.01250297879304705
     0.1256637061435919     -1.256637061435917   0.009853894026940008
     0.1256637061435919     -1.130973355292325    0.01387486321296752
     0.1256637061435919     -1.005309649148733    0.01881155576714695
     0.1256637061435919     -0.879645943005142    0.01786903203847709
     0.1256637061435919    -0.7539822368615505    0.01306430923257049
     0.1256637061435919    -0.6283185307179586    0.00915812304664766
     0.1256637061435919    -0.5026548245743667   0.006319461884540247
     0.1256637061435919    -0.3769911184307753   0.003867736969115659
     0.1256637061435919    -0.2513274122871838   0.002957791067725367
     0.1256637061435919    -0.1256637061435919   0.002130144116807892
     0.1256637061435919                      0  -0.000260851392730926
     0.1256637061435919     0.1256637061435919  -0.000142246999721541
     0.1256637061435919     0.2513274122871834   0.004883029691940869
     0.1256637061435919     0.3769911184307753   0.009766302234890046
     0.1256637061435919     0.5026548245743672    0.01355101177088004
     0.1256637061435919     0.6283185307179582    0.02150005371295785
     0.1256637061435919     0.7539822368615501    0.02998750018178146
     0.1256637061435919     0.8796459430051424     0.0306508306790311
     0.1256637061435919      1.005309649148734    0.02803920175730663
     0.1256637061435919      1.130973355292326    0.02968703862805921
     0.1256637061435919      1.256637061435917    0.02952519584840525
     0.1256637061435919      1.382300767579509    0.02190835319120177
     0.1256637061435919      1.507964473723101    0.01340159809326227
     0.1256637061435919      1.633628179866692   0.007829526124605937
     0.1256637061435919      1.759291886010284   0.002170852751790766
     0.1256637061435919      1.884955592153876  -0.001351765299898665
     0.1256637061435919      2.010619298297467 -0.0003248622150404155
     0.1256637061435919       2.13628300444106  0.0002334635000931437
     0.1256637061435919      2.261946710584651  -0.001113984261223376
     0.1256637061435919      2.387610416728243  -0.000495872234075108
     0.1256637061435919      2.513274122871834  0.0002351500129118393
     0.1256637061435919      2.638937829015426 -0.0006981261000262699
     0.1256637061435919      2.764601535159018    0.00128599229918104
     0.1256637061435919      2.890265241302609   0.004653216566826334
     0.1256637061435919      3.015928947446201   0.003631226024294647
     0.2513274122871834     -3.141592653589793   0.008038109592902902
     0.2513274122871834     -3.015928947446201    0.01884122935676966
     0.2513274122871834      -2.89026524130261    0.02781627595431641
     0.2513274122871834     -2.764601535159018    0.02711955970727841
     0.2513274122871834     -2.638937829015426     0.0263380713719644
     0.2513274122871834     -2.513274122871834    0.03033584343291405
     0.2513274122871834     -2.387610416728243    0.03179242435886404
     0.2513274122871834     -2.261946710584651     0.0313236822883359
     0.2513274122871834     -2.136283004441059    0.03431310562420888
     0.2513274122871834     -2.010619298297468    0.03386959177162691
     0.2513274122871834     -1.884955592153876    0.02418532996297168
     0.2513274122871834     -1.759291886010284    0.01606930666937204
     0.2513274122871834     -1.633628179866693    0.01819617446299054
     0.2513274122871834     -1.507964473723101    0.02179897667438168
     0.2513274122871834     -1.382300767579509    0.01865953223619579
     0.2513274122871834     -1.256637061435917    0.01542555363010243
     0.2513274122871834     -1.130973355292325    0.01914240058060242
     0.2513274122871834     -1.005309649148733    0.02398711696222506
     0.2513274122871834     -0.879645943005142    0.02187610532129112
     0.2513274122871834    -0.7539822368615505    0.01520994375756647
     0.2513274122871834    -0.6283185307179586     0.0102957392857835
     0.2513274122871834    -0.5026548245743667   0.007205588052850641
     0.2513274122871834    -0.3769911184307753   0.004308430412535544
     0.2513274122871834    -0.2513274122871838   0.003031272760904009
     0.2513274122871834    -0.1256637061435919   0.002240343361410764
     0.2513274122871834                      0 -0.0002156724298571304
     0.2513274122871834     0.1256637061435919  -4.53819380478713e-05
     0.2513274122871834     0.2513274122871834   0.005680815078506298
     0.2513274122871834     0.3769911184307753     0.0111084544040173
     0.2513274122871834     0.5026548245743672    0.01484593364877465
     0.2513274122871834     0.6283185307179582    0.02364058235794071
     0.2513274122871834     0.7539822368615501    0.03446044542512683
     0.2513274122871834     0.8796459430051424    0.03695944272591847
     0.2513274122871834      1.005309649148734    0.03408421778646758
     0.2513274122871834      1.130973355292326    0.03403920387839739
     0.2513274122871834      1.256637061435917     0.0320111731126619
     0.2513274122871834      1.382300767579509    0.02300371103084849
     0.2513274122871834      1.507964473723101    0.01381157553885302
     0.2513274122871834      1.633628179866692    0.00795465889251247
     0.2513274122871834      1.759291886010284   0.001985573141930446
     0.2513274122871834      1.884955592153876  -0.001699257960343063
     0.2513274122871834      2.010619298297467 -0.0004999262346484421
     0.2513274122871834       2.13628300444106  0.0002174002127128557
     0.2513274122871834      2.261946710584651   -0.00115868519729432
     0.2513274122871834      2.387610416728243 -0.0005836406208549487
     0.2513274122871834      2.513274122871834   8.07791161227617e-05
     0.2513274122871834      2.638937829015426 -0.0008446069261532185
     0.2513274122871834      2.764601535159018   0.001601129623199683
     0.2513274122871834      2.890265241302609   0.005879964340516555
     0.2513274122871834      3.015928947446201   0.005927549249332672
     0.3769911184307753     -3.141592653589793   0.007087271360329599
     0.3769911184307753     -3.015928947446201     0.0184788583851153
     0.3769911184307753      -2.89026524130261    0.02806321513964287
     0.3769911184307753     -2.764601535159018    0.02752569103595293
     0.3769911184307753     -2.638937829015426    0.02694831305342759
     0.3769911184307753     -2.513274122871834    0.03060969574558563
     0.3769911184307753     -2.387610416728243     0.0309881575770947
     0.3769911184307753     -2.261946710584651    0.03008288513947602
     0.3769911184307753     -2.136283004441059    0.03343844770246064
     0.3769911184307753     -2.010619298297468    0.03318286977510757
     0.3769911184307753     -1.884955592153876     0.0237810015317561
     0.3769911184307753     -1.759291886010284    0.01597414717097005
     0.3769911184307753     -1.633628179866693     0.0174082031184099
     0.3769911184307753     -1.507964473723101    0.02004971373244203
     0.3769911184307753     -1.382300767579509     0.0167896277057584
     0.3769911184307753     -1.256637061435917    0.01327410283199347
     0.3769911184307753     -1.130973355292325    0.01638696297436042
     0.3769911184307753     -1.005309649148733    0.02175999277039425
     0.3769911184307753     -0.879645943005142    0.02066375975930645
     0.3769911184307753    -0.7539822368615505    0.01407064046354797
     0.3769911184307753    -0.6283185307179586   0.009122252884375053
     0.3769911184307753    -0.5026548245743667   0.006235307470586858
     0.3769911184307753    -0.3769911184307753   0.002903040066617641
     0.3769911184307753    -0.2513274122871838   0.001514611873967686
     0.3769911184307753    -0.1256637061435919    0.00140247710488341
     0.3769911184307753                      0  -0.001493034563502047
     0.3769911184307753     0.1256637061435919   -0.00217926707488833
     0.3769911184307753     0.2513274122871834   0.005036497323898387
     0.3769911184307753     0.3769911184307753    0.01309829017044086
     0.3769911184307753     0.5026548245743672     0.0188945031539717
     0.3769911184307753     0.6283185307179582    0.03116239770908364
     0.3769911184307753     0.7539822368615501    0.04566428316248395
     0.3769911184307753     0.8796459430051424    0.04726791055390223
     0.3769911184307753      1.005309649148734    0.04112493985506589
     0.3769911184307753      1.130973355292326    0.04164636530804985
     0.3769911184307753      1.256637061435917    0.04190993934007725
     0.3769911184307753      1.382300767579509    0.03129024494640438
     0.3769911184307753      1.507964473723101    0.01825613914640133
     0.3769911184307753      1.633628179866692    0.01012435762865467
     0.3769911184307753      1.759291886010284   0.002734958841044698
     0.3769911184307753      1.884955592153876  -0.002144533946174404
     0.3769911184307753      2.010619298297467 -0.0009418120054340612
     0.3769911184307753       2.13628300444106 -1.582273143424246e-06
     0.3769911184307753      2.261946710584651  -0.001752596724960871
     0.3769911184307753      2.387610416728243  -0.001066224076066442
     0.3769911184307753      2.513274122871834 -0.0001648538133835718
     0.3769911184307753      2.638937829015426  -0.001753420273362607
     0.3769911184307753      2.764601535159018  0.0002966713867025711
     0.3769911184307753      2.890265241302609    0.00504134277024903
     0.3769911184307753      3.015928947446201   0.005144459924067292
     0.5026548245743672     -3.141592653589793   0.006464298659354193
     0.5026548245743672     -3.015928947446201    0.01832549751671426
     0.5026548245743672      -2.89026524130261    0.02735551474879201
     0.5026548245743672     -2.764601535159018    0.02541088752370184
     0.5026548245743672     -2.638937829015426    0.02645076022495583
     0.5026548245743672     -2.513274122871834    0.03325669598444968
     0.5026548245743672     -2.387610416728243    0.03428471542753652
     0.5026548245743672     -2.261946710584651     0.0337114118277785
     0.5026548245743672     -2.136283004441059    0.03965285705203905
     0.5026548245743672     -2.010619298297468    0.04045700394037146
     0.5026548245743672     -1.884955592153876    0.02839006942888578
     0.5026548245743672     -1.759291886010284    0.01815618396460513
     0.5026548245743672     -1.633628179866693    0.01940964453050973
     0.5026548245743672     -1.507964473723101    0.02173422193109412
     0.5026548245743672     -1.382300767579509    0.01777587306866286
     0.5026548245743672     -1.256637061435917    0.01522881040267783
     0.5026548245743672     -1.130973355292325    0.02031414633064476
     0.5026548245743672     -1.005309649148733    0.02624129019311186
     0.5026548245743672     -0.879645943005142    0.02413549187945144
     0.5026548245743672    -0.7539822368615505    0.01679680943892792
     0.5026548245743672    -0.6283185307179586    0.01211228130659132
     0.5026548245743672    -0.5026548245743667   0.009304422853089724
     0.5026548245743672    -0.3769911184307753   0.005033391820346037
     0.5026548245743672    -0.2513274122871838   0.002699019904101414
     0.5026548245743672    -0.1256637061435919    0.00244618779112228
     0.5026548245743672                      0 -0.0004003402887516562
     0.5026548245743672     0.1256637061435919 -0.0009486967976605498
     0.5026548245743672     0.2513274122871834   0.006805572060456004
     0.5026548245743672     0.3769911184307753    0.01464806304885323
     0.5026548245743672     0.5026548245743672    0.01892884245043995
     0.5026548245743672     0.6283185307179582    0.03052001297422839
     0.5026548245743672     0.7539822368615501    0.04657012998061408
     0.5026548245743672     0.8796459430051424    0.05026346802970467
     0.5026548245743672      1.005309649148734    0.04467115914555142
     0.5026548245743672      1.130973355292326    0.04359641710558156
     0.5026548245743672      1.256637061435917    0.04123338710430144
     0.5026548245743672      1.382300767579509    0.02975596104925369
     0.5026548245743672      1.507964473723101    0.01850457682578267
     0.5026548245743672      1.633628179866692    0.01156401927059898
     0.5026548245743672      1.759291886010284   0.003112079562350723
     0.5026548245743672      1.884955592153876  -0.002350198298039147
     0.5026548245743672      2.010619298297467 -0.0003813932199274001
     0.5026548245743672       2.13628300444106  0.0004318614751521927
     0.5026548245743672      2.261946710584651  -0.001904704341529688
     0.5026548245743672      2.387610416728243 -0.0007152355281196552
     0.5026548245743672      2.513274122871834   0.000262180893714651
     0.5026548245743672      2.638937829015426  -0.001963541455442856
     0.5026548245743672      2.764601535159018  0.0009963054571983032
     0.5026548245743672      2.890265241302609   0.006919723106605133
     0.5026548245743672      3.015928947446201   0.005827035138783285
     0.6283185307179582     -3.141592653589793     0.0218088231940141
     0.6283185307179582     -3.015928947446201    0.03202847521303051
     0.6283185307179582      -2.89026524130261    0.03754268804402173
     0.6283185307179582     -2.764601535159018     0.0350853271724202
     0.6283185307179582     -2.638937829015426    0.03830593207122893
     0.6283185307179582     -2.513274122871834    0.04754344907974124
     0.6283185307179582     -2.387610416728243    0.05074184381865826
     0.6283185307179582     -2.261946710584651    0.05220639678143879
     0.6283185307179582     -2.136283004441059    0.05937169012084165
     0.6283185307179582     -2.010619298297468    0.05892221000939923
     0.6283185307179582     -1.884955592153876    0.04266293691623011
     0.6283185307179582     -1.759291886010284    0.02952615235951894
     0.6283185307179582     -1.633628179866693    0.03380260339243062
     0.6283185307179582     -1.507964473723101    0.04225814669346553
     0.6283185307179582     -1.382300767579509    0.04172511605335493
     0.6283185307179582     -1.256637061435917    0.03985348288776761
     0.6283185307179582     -1.130973355292325    0.04439694558160821
     0.6283185307179582     -1.005309649148733    0.04636830289625316
     0.6283185307179582     -0.879645943005142    0.03717427422442047
     0.6283185307179582    -0.7539822368615505    0.02467280087796428
     0.6283185307179582    -0.6283185307179586    0.01878085378021027
     0.6283185307179582    -0.5026548245743667    0.01580955983835639
     0.6283185307179582    -0.3769911184307753    0.01022292970466489
     0.6283185307179582    -0.2513274122871838   0.005948846642658726
     0.6283185307179582    -0.1256637061435919   0.004921572009627078
     0.6283185307179582                      0   0.003483839453236234
     0.6283185307179582     0.1256637061435919   0.004645278045994248
     0.6283185307179582     0.2513274122871834    0.01175008106014437
     0.6283185307179582     0.3769911184307753    0.01626634103512347
     0.6283185307179582     0.5026548245743672    0.01507066156456582
     0.6283185307179582     0.6283185307179582    0.02187317408192355
     0.6283185307179582     0.7539822368615501    0.04091901159326274
     0.6283185307179582     0.8796459430051424    0.05506527187913562
     0.6283185307179582      1.005309649148734    0.05272162703556749
     0.6283185307179582      1.130973355292326    0.03999700805769246
     0.6283185307179582      1.256637061435917    0.02557793297899784
     0.6283185307179582      1.382300767579509    0.01527780952250369
     0.6283185307179582      1.507964473723101    0.01161166777408097
     0.6283185307179582      1.633628179866692   0.008501485312122727
     0.6283185307179582      1.759291886010284    0.00161764162295296
     0.6283185307179582      1.884955592153876  -0.001918372989301567
     0.6283185307179582      2.010619298297467  0.0005786602387079951
     0.6283185307179582       2.13628300444106   0.001195516130843658
     0.6283185307179582      2.261946710584651 -0.0006281749033077243
     0.6283185307179582      2.387610416728243  0.0003213629337554971
     0.6283185307179582      2.513274122871834  0.0006447155233699478
     0.6283185307179582      2.638937829015426 -0.0004503169683534038
     0.6283185307179582      2.764601535159018    0.00497685984464358
     0.6283185307179582      2.890265241302609     0.0142054117553897
     0.6283185307179582      3.015928947446201    0.01789050346990417
     0.7539822368615501     -3.141592653589793    0.04514604571840281
     0.7539822368615501     -3.015928947446201      0.049464109423749
     0.7539822368615501      -2.89026524130261    0.04907812735714732
     0.7539822368615501     -2.764601535159018    0.04877275009021983
     0.7539822368615501     -2.638937829015426    0.05300438581990661
     0.7539822368615501     -2.513274122871834    0.05896229484098643
     0.7539822368615501     -2.387610416728243    0.06197495926078938
     0.7539822368615501     -2.261946710584651    0.06500231605072687
     0.7539822368615501     -2.136283004441059    0.06985133766313822
     0.7539822368615501     -2.010619298297468    0.06692935119315729
     0.7539822368615501     -1.884955592153876    0.05171758647274873
     0.7539822368615501     -1.759291886010284    0.04037380536976605
     0.7539822368615501     -1.633628179866693    0.04800383285161071
     0.7539822368615501     -1.507964473723101     0.0641758432750924
     0.7539822368615501     -1.382300767579509    0.07086068187373801
     0.7539822368615501     -1.256637061435917      0.069179094213382
     0.7539822368615501     -1.130973355292325    0.06759800930931163
     0.7539822368615501     -1.005309649148733    0.06136687376530467
     0.7539822368615501     -0.879645943005142    0.04513779242395133
     0.7539822368615501    -0.7539822368615505    0.02897898040450005
     0.7539822368615501    -0.6283185307179586    0.02254896722757749
     0.7539822368615501    -0.5026548245743667    0.01966707213839478
     0.7539822368615501    -0.3769911184307753    0.01320765387251882
     0.7539822368615501    -0.2513274122871838   0.007596025790937817
     0.7539822368615501    -0.1256637061435919   0.006414477191463705
     0.7539822368615501                      0   0.006518251012461986
     0.7539822368615501     0.1256637061435919   0.008943923563686932
     0.7539822368615501     0.2513274122871834    0.01582954778885953
     0.7539822368615501     0.3769911184307753    0.01950314871773039
     0.7539822368615501     0.5026548245743672    0.01664891338202458
     0.7539822368615501     0.6283185307179582    0.02310486744304505
     0.7539822368615501     0.7539822368615501    0.04906431358152761
     0.7539822368615501     0.8796459430051424    0.07321579529881905
     0.7539822368615501      1.005309649148734    0.06864614396172591
     0.7539822368615501      1.130973355292326    0.04131875212199621
     0.7539822368615501      1.256637061435917    0.01855328951599214
     0.7539822368615501      1.382300767579509    0.01158926006856474
     0.7539822368615501      1.507964473723101    0.01038632791187797
     0.7539822368615501      1.633628179866692   0.006087852181463095
     0.7539822368615501      1.759291886010284   0.001057434691365137
     0.7539822368615501      1.884955592153876 -0.0002855673979525093
     0.7539822368615501      2.010619298297467  0.0009664459370210723
     0.7539822368615501       2.13628300444106   0.001543659777484354
     0.7539822368615501      2.261946710584651    0.00111760923272668
     0.7539822368615501      2.387610416728243  0.0008451386697159828
     0.7539822368615501      2.513274122871834  0.0006557732065992157
     0.7539822368615501      2.638937829015426   0.001903924995524612
     0.7539822368615501      2.764601535159018   0.008484504716397083
     0.7539822368615501      2.890265241302609    0.02115208987426521
     0.7539822368615501      3.015928947446201    0.03506963086185179
     0.8796459430051424     -3.141592653589793     0.0586639038040883
     0.8796459430051424     -3.015928947446201    0.05593410390538486
     0.8796459430051424      -2.89026524130261    0.05094899254715998
     0.8796459430051424     -2.764601535159018    0.05443652948319756
     0.8796459430051424     -2.638937829015426    0.05770530061007006
     0.8796459430051424     -2.513274122871834    0.05585251927543264
     0.8796459430051424     -2.387610416728243    0.05529534442578173
     0.8796459430051424     -2.261946710584651    0.05699324533183429
     0.8796459430051424     -2.136283004441059    0.05608935911092094
     0.8796459430051424     -2.010619298297468    0.05161542289420763
     0.8796459430051424     -1.884955592153876    0.04503150489247536
     0.8796459430051424     -1.759291886010284     0.0412686677772186
     0.8796459430051424     -1.633628179866693    0.04944811485190909
     0.8796459430051424     -1.507964473723101    0.06826253860815618
     0.8796459430051424     -1.382300767579509    0.08178762643811928
     0.8796459430051424     -1.256637061435917    0.08055430905051897
     0.8796459430051424     -1.130973355292325      0.070144554500207
     0.8796459430051424     -1.005309649148733    0.05586351298491767
     0.8796459430051424     -0.879645943005142    0.03910041678225978
     0.8796459430051424    -0.7539822368615505    0.02608409615602164
     0.8796459430051424    -0.6283185307179586    0.02126667186710773
     0.8796459430051424    -0.5026548245743667    0.01861886153511017
     0.8796459430051424    -0.3769911184307753     0.0127233909452487
     0.8796459430051424    -0.2513274122871838   0.007633628523722084
     0.8796459430051424    -0.1256637061435919   0.006648707406540299
     0.8796459430051424                      0   0.007109079421033898
     0.8796459430051424     0.1256637061435919    0.00948568118497971
     0.8796459430051424     0.2513274122871834    0.01625300901990627
     0.8796459430051424     0.3769911184307753    0.02224982558176547
     0.8796459430051424     0.5026548245743672     0.0249321348920576
     0.8796459430051424     0.6283185307179582    0.03824844507334102
     0.8796459430051424     0.7539822368615501    0.07000772800611413
     0.8796459430051424     0.8796459430051424    0.09493044047931873
     0.8796459430051424      1.005309649148734    0.08463508807792371
     0.8796459430051424      1.130973355292326    0.05289574303216493
     0.8796459430051424      1.256637061435917    0.03317276968666148
     0.8796459430051424      1.382300767579509    0.02806288464635783
     0.8796459430051424      1.507964473723101    0.01981991975430087
     0.8796459430051424      1.633628179866692   0.008449270923462017
     0.8796459430051424      1.759291886010284   0.003523682439355162
     0.8796459430051424      1.884955592153876   0.002381507108638179
     0.8796459430051424      2.010619298297467  0.0008682736624164153
     0.8796459430051424       2.13628300444106   0.001447839765201322
     0.8796459430051424      2.261946710584651   0.002283738316282288
     0.8796459430051424      2.387610416728243  0.0006192407577293325
     0.8796459430051424      2.513274122871834  0.0008118607593102902
     0.8796459430051424      2.638937829015426   0.004319700326520596
     0.8796459430051424      2.764601535159018   0.009318658760122016
     0.8796459430051424      2.890265241302609    0.02218610557353979
     0.8796459430051424      3.015928947446201    0.04427719431370068
      1.005309649148734     -3.141592653589793    0.06970460402695593
      1.005309649148734     -3.015928947446201    0.06414993135122331
      1.005309649148734      -2.89026524130261    0.05859184663697525
      1.005309649148734     -2.764601535159018    0.06716226770405898
      1.005309649148734     -2.638937829015426    0.06728281697846568
      1.005309649148734     -2.513274122871834    0.05539768164763555
      1.005309649148734     -2.387610416728243    0.05130998605106021
      1.005309649148734     -2.261946710584651     0.0504545259769892
      1.005309649148734     -2.136283004441059     0.0395560007906282
      1.005309649148734     -2.010619298297468    0.03121272743159762
      1.005309649148734     -1.884955592153876    0.03537619210587761
      1.005309649148734     -1.759291886010284    0.04160283406839303
      1.005309649148734     -1.633628179866693    0.05075859768367271
      1.005309649148734     -1.507964473723101    0.07249683055729625
      1.005309649148734     -1.382300767579509    0.09272355336795879
      1.005309649148734     -1.256637061435917    0.09012903796945163
      1.005309649148734     -1.130973355292325    0.06962622470361518
      1.005309649148734     -1.005309649148733    0.04857821688690156
      1.005309649148734     -0.879645943005142    0.03294367771947836
      1.005309649148734    -0.7539822368615505    0.02246767674699839
      1.005309649148734    -0.6283185307179586    0.01728587486128089
      1.005309649148734    -0.5026548245743667    0.01432874736456366
      1.005309649148734    -0.3769911184307753     0.0105405888511573
      1.005309649148734    -0.2513274122871838   0.007199626374298551
      1.005309649148734    -0.1256637061435919   0.005984311302941346
      1.005309649148734                      0   0.006499307205306485
      1.005309649148734     0.1256637061435919   0.008974859296525039
      1.005309649148734     0.2513274122871834    0.01419694882805939
      1.005309649148734     0.3769911184307753    0.02094082077855935
      1.005309649148734     0.5026548245743672    0.03015391704054646
      1.005309649148734     0.6283185307179582    0.05043140892337385
      1.005309649148734     0.7539822368615501    0.08379515901523861
      1.005309649148734     0.8796459430051424     0.1070830937875805
      1.005309649148734      1.005309649148734    0.09622187199243359
      1.005309649148734      1.130973355292326    0.06658417557116675
      1.005309649148734      1.256637061435917    0.04973154010248979
      1.005309649148734      1.382300767579509    0.04223776113448905
      1.005309649148734      1.507964473723101    0.02521923932528517
      1.005309649148734      1.633628179866692   0.008195242263613839
      1.005309649148734      1.759291886010284   0.004991630447508209
      1.005309649148734      1.884955592153876   0.004459087198896344
      1.005309649148734      2.010619298297467  1.186432236514922e-05
      1.005309649148734       2.13628300444106   0.000885884894156455
      1.005309649148734      2.261946710584651   0.003429946863063295
      1.005309649148734      2.387610416728243  8.045161160121894e-05
      1.005309649148734      2.513274122871834  0.0004528513874377071
      1.005309649148734      2.638937829015426    0.00675270134746704
      1.005309649148734      2.764601535159018   0.009497882744136835
      1.005309649148734      2.890265241302609    0.02002217579481221
      1.005309649148734      3.015928947446201     0.0489496743290307
      1.130973355292326     -3.141592653589793    0.08472128797048623
      1.130973355292326     -3.015928947446201     0.0815505871014251
      1.130973355292326      -2.89026524130261    0.07887128396104323
      1.130973355292326     -2.764601535159018     0.0924157030824538
      1.130973355292326     -2.638937829015426    0.08829933452252747
      1.130973355292326     -2.513274122871834    0.06757298260190783
      1.130973355292326     -2.387610416728243    0.06288570839663851
      1.130973355292326     -2.261946710584651    0.06131773146344842
      1.130973355292326     -2.136283004441059    0.04003205315864831
      1.130973355292326     -2.010619298297468    0.02494945882781575
      1.130973355292326     -1.884955592153876    0.03476021066197382
      1.130973355292326     -1.759291886010284    0.04772368350135271
      1.130973355292326     -1.633628179866693      0.060434448887772
      1.130973355292326     -1.507964473723101    0.08910298397662489
      1.130973355292326     -1.382300767579509     0.1149443454205285
      1.130973355292326     -1.256637061435917     0.1081942650301645
      1.130973355292326     -1.130973355292325    0.07939850337970963
      1.130973355292326     -1.005309649148733    0.05425146992711493
      1.130973355292326     -0.879645943005142    0.03656773092932587
      1.130973355292326    -0.7539822368615505    0.02199141064951836
      1.130973355292326    -0.6283185307179586    0.01250802208066159
      1.130973355292326    -0.5026548245743667   0.008709629059113551
      1.130973355292326    -0.3769911184307753   0.007330555615608421
      1.130973355292326    -0.2513274122871838      0.005691580959563
      1.130973355292326    -0.1256637061435919   0.004152511494960863
      1.130973355292326                      0   0.005246787641054049
      1.130973355292326     0.1256637061435919   0.008532764553155738
      1.130973355292326     0.2513274122871834    0.01148600950118819
      1.130973355292326     0.3769911184307753    0.01613074992623145
      1.130973355292326     0.5026548245743672    0.02701096094215138
      1.130973355292326     0.6283185307179582    0.04807270572515065
      1.130973355292326     0.7539822368615501    0.07984604056098432
      1.130973355292326     0.8796459430051424     0.1053269128372751
      1.130973355292326      1.005309649148734    0.09920096453659352
      1.130973355292326      1.130973355292326    0.06934878051107712
      1.130973355292326      1.256637061435917    0.04844089339538141
      1.130973355292326      1.382300767579509    0.03756227679784893
      1.130973355292326      1.507964473723101    0.01761353579013141
      1.130973355292326      1.633628179866692  0.0005917956376051414
      1.130973355292326      1.759291886010284   0.002215158858935664
      1.130973355292326      1.884955592153876   0.004469180893043942
      1.130973355292326      2.010619298297467  -0.001727838838129004
      1.130973355292326       2.13628300444106 -0.0001647016929752364
      1.130973355292326      2.261946710584651    0.00463699817382077
      1.130973355292326      2.387610416728243 -0.0005665337420685543
      1.130973355292326      2.513274122871834  -0.001052334951741061
      1.130973355292326      2.638937829015426   0.008197671477825342
      1.130973355292326      2.764601535159018   0.009992487501020379
      1.130973355292326      2.890265241302609    0.01850041450440273
      1.130973355292326      3.015928947446201    0.05452686461656299
      1.256637061435917     -3.141592653589793    0.08143103600499417
      1.256637061435917     -3.015928947446201     0.0830564535574802
      1.256637061435917      -2.89026524130261    0.08475197308687835
      1.256637061435917     -2.764601535159018    0.09874294527712638
      1.256637061435917     -2.638937829015426    0.09211028411512127
      1.256637061435917     -2.513274122871834    0.07060359748033285
      1.256637061435917     -2.387610416728243    0.06791053842762991
      1.256637061435917     -2.261946710584651    0.06703720008926217
      1.256637061435917     -2.136283004441059    0.04364569763636684
      1.256637061435917     -2.010619298297468    0.02620619961346785
      1.256637061435917     -1.884955592153876    0.03443125943828097
      1.256637061435917     -1.759291886010284    0.04668944404987358
      1.256637061435917     -1.633628179866693    0.06065426458230427
      1.256637061435917     -1.507964473723101    0.09051474779642579
      1.256637061435917     -1.382300767579509     0.1141893439875156
      1.256637061435917     -1.256637061435917      0.104719310127895
      1.256637061435917     -1.130973355292325    0.07746336763320895
      1.256637061435917     -1.005309649148733    0.05587074103669351
      1.256637061435917     -0.879645943005142    0.03849276856178444
      1.256637061435917    -0.7539822368615505    0.02092721762963649
      1.256637061435917    -0.6283185307179586   0.008605612108030059
      1.256637061435917    -0.5026548245743667   0.004297580884626617
      1.256637061435917    -0.3769911184307753   0.004434218871267236
      1.256637061435917    -0.2513274122871838    0.00402630614497353
      1.256637061435917    -0.1256637061435919   0.002306588349359037
      1.256637061435917                      0   0.003494225132989921
      1.256637061435917     0.1256637061435919   0.007146993954825447
      1.256637061435917     0.2513274122871834    0.00845740816736221
      1.256637061435917     0.3769911184307753    0.01029329588931549
      1.256637061435917     0.5026548245743672    0.01860068654663467
      1.256637061435917     0.6283185307179582    0.03443739127912864
      1.256637061435917     0.7539822368615501    0.05890019573267437
      1.256637061435917     0.8796459430051424    0.08274662751367153
      1.256637061435917      1.005309649148734    0.08218367530891278
      1.256637061435917      1.130973355292326    0.05628066016330056
      1.256637061435917      1.256637061435917    0.03407040590032805
      1.256637061435917      1.382300767579509    0.02274569940453252
      1.256637061435917      1.507964473723101    0.00636979350305969
      1.256637061435917      1.633628179866692  -0.006183321515954299
      1.256637061435917      1.759291886010284  -0.001301655264652889
      1.256637061435917      1.884955592153876   0.002876706602474694
      1.256637061435917      2.010619298297467  -0.002767452492817107
      1.256637061435917       2.13628300444106 -0.0008970019415251709
      1.256637061435917      2.261946710584651   0.004552102627846991
      1.256637061435917      2.387610416728243 -0.0008895870726134507
      1.256637061435917      2.513274122871834  -0.002137678598453896
      1.256637061435917      2.638937829015426    0.00736159101377952
      1.256637061435917      2.764601535159018    0.00909522999270989
      1.256637061435917      2.890265241302609    0.01551239917698631
      1.256637061435917      3.015928947446201    0.04964972702627427
      1.382300767579509     -3.141592653589793    0.05045555038817597
      1.382300767579509     -3.015928947446201    0.05683610924796873
      1.382300767579509      -2.89026524130261    0.06271758378994774
      1.382300767579509     -2.764601535159018    0.07190596438580096
      1.382300767579509     -2.638937829015426    0.06566526126672442
      1.382300767579509     -2.513274122871834    0.05209264253723195
      1.382300767579509     -2.387610416728243    0.05194971840943386
      1.382300767579509     -2.261946710584651    0.05098974600915292
      1.382300767579509     -2.136283004441059    0.03410081961214595
      1.382300767579509     -2.010619298297468    0.02139670349257083
      1.382300767579509     -1.884955592153876    0.02505437104707502
      1.382300767579509     -1.759291886010284    0.03180760081478627
      1.382300767579509     -1.633628179866693    0.04186211630618967
      1.382300767579509     -1.507964473723101    0.06209585495601486
      1.382300767579509     -1.382300767579509    0.07548451461482411
      1.382300767579509     -1.256637061435917    0.06757115573243745
      1.382300767579509     -1.130973355292325    0.05168378147611791
      1.382300767579509     -1.005309649148733    0.04054838384743202
      1.382300767579509     -0.879645943005142    0.02975777513582183
      1.382300767579509    -0.7539822368615505    0.01663716695989999
      1.382300767579509    -0.6283185307179586   0.006321553492696887
      1.382300767579509    -0.5026548245743667   0.002345122576478915
      1.382300767579509    -0.3769911184307753   0.003296305134018315
      1.382300767579509    -0.2513274122871838   0.003829723661072986
      1.382300767579509    -0.1256637061435919   0.001754331858406044
      1.382300767579509                      0   0.002045669572456626
      1.382300767579509     0.1256637061435919   0.005145718438214493
      1.382300767579509     0.2513274122871834   0.005011626794517041
      1.382300767579509     0.3769911184307753   0.004003077049207019
      1.382300767579509     0.5026548245743672   0.008696035274406887
      1.382300767579509     0.6283185307179582    0.01707260565145695
      1.382300767579509     0.7539822368615501    0.02791900674781359
      1.382300767579509     0.8796459430051424    0.04188837329492353
      1.382300767579509      1.005309649148734    0.04733604909754999
      1.382300767579509      1.130973355292326    0.03573770877812524
      1.382300767579509      1.256637061435917    0.01982946036236347
      1.382300767579509      1.382300767579509   0.009500859926700935
      1.382300767579509      1.507964473723101 -0.0003310205270264759
      1.382300767579509      1.633628179866692  -0.006217436365022404
      1.382300767579509      1.759291886010284  -0.002040810897132513
      1.382300767579509      1.884955592153876   0.001136707357413207
      1.382300767579509      2.010619298297467  -0.002103273743606426
      1.382300767579509       2.13628300444106 -0.0007378816753031508
      1.382300767579509      2.261946710584651   0.002960567490237861
      1.382300767579509      2.387610416728243 -0.0005592228120291955
      1.382300767579509      2.513274122871834  -0.001582219492932848
      1.382300767579509      2.638937829015426   0.004934079381317269
      1.382300767579509      2.764601535159018   0.006423554742909656
      1.382300767579509      2.890265241302609    0.00907530186307689
      1.382300767579509      3.015928947446201    0.02886275377725388
      1.507964473723101     -3.141592653589793    0.01950812669442819
      1.507964473723101     -3.015928947446201    0.02919795271686538
      1.507964473723101      -2.89026524130261    0.03780284364255065
      1.507964473723101     -2.764601535159018    0.04238374738744594
      1.507964473723101     -2.638937829015426    0.03743475742000413
      1.507964473723101     -2.513274122871834    0.03137082862003757
      1.507964473723101     -2.387610416728243     0.0324851233068793
      1.507964473723101     -2.261946710584651    0.03060354476744426
      1.507964473723101     -2.136283004441059    0.01968197732148678
      1.507964473723101     -2.010619298297468    0.01205275243396133
      1.507964473723101     -1.884955592153876    0.01334934144872946
      1.507964473723101     -1.759291886010284    0.01646990117861035
      1.507964473723101     -1.633628179866693    0.02182603123408011
      1.507964473723101     -1.507964473723101    0.03150628323387096
      1.507964473723101     -1.382300767579509    0.03604027006248385
      1.507964473723101     -1.256637061435917    0.03071171010536791
      1.507964473723101     -1.130973355292325    0.02452309228401569
      1.507964473723101     -1.005309649148733    0.02216234471951782
      1.507964473723101     -0.879645943005142     0.0185481239941419
      1.507964473723101    -0.7539822368615505    0.01137774879529421
      1.507964473723101    -0.6283185307179586   0.004089208143006149
      1.507964473723101    -0.5026548245743667  0.0009038118346170621
      1.507964473723101    -0.3769911184307753   0.002526999344236554
      1.507964473723101    -0.2513274122871838   0.003738211371499295
      1.507964473723101    -0.1256637061435919   0.001480962669245961
      1.507964473723101                      0  0.0009151667243805974
      1.507964473723101     0.1256637061435919   0.003131003136646623
      1.507964473723101     0.2513274122871834   0.001672404084513692
      1.507964473723101     0.3769911184307753  -0.001406376173455034
      1.507964473723101     0.5026548245743672    0.00108782267920474
      1.507964473723101     0.6283185307179582   0.004510971102008745
      1.507964473723101     0.7539822368615501   0.004115606081565285
      1.507964473723101     0.8796459430051424   0.008406400411188302
      1.507964473723101      1.005309649148734    0.01893774236559986
      1.507964473723101      1.130973355292326    0.02185648856452184
      1.507964473723101      1.256637061435917      0.012556353288732
      1.507964473723101      1.382300767579509   0.001740337860692966
      1.507964473723101      1.507964473723101  -0.003673001760944728
      1.507964473723101      1.633628179866692  -0.004113117950754709
      1.507964473723101      1.759291886010284  -0.001467173529339292
      1.507964473723101      1.884955592153876 -8.573188271302499e-05
      1.507964473723101      2.010619298297467  -0.001212692251482367
      1.507964473723101       2.13628300444106 -0.0004033467370107096
      1.507964473723101      2.261946710584651   0.001355702993982505
      1.507964473723101      2.387610416728243 -0.0001929834776652232
      1.507964473723101      2.513274122871834 -0.0007222513139439855
      1.507964473723101      2.638937829015426   0.002720409223917948
      1.507964473723101      2.764601535159018   0.003592397230159241
      1.507964473723101      2.890265241302609   0.002467055088767364
      1.507964473723101      3.015928947446201   0.008291052974474359
      1.633628179866692     -3.141592653589793   0.007846962727772952
      1.633628179866692     -3.015928947446201    0.01779565823476568
      1.633628179866692      -2.89026524130261    0.02646916764915719
      1.633628179866692     -2.764601535159018    0.02951702837607776
      1.633628179866692     -2.638937829015426     0.0255066348493997
      1.633628179866692     -2.513274122871834    0.02168405086958201
      1.633628179866692     -2.387610416728243    0.02246795826463875
      1.633628179866692     -2.261946710584651    0.02019782090301889
      1.633628179866692     -2.136283004441059    0.01150571811937102
      1.633628179866692     -2.010619298297468   0.005767160073647559
      1.633628179866692     -1.884955592153876   0.007150670602841035
      1.633628179866692     -1.759291886010284   0.009880700148683235
      1.633628179866692     -1.633628179866693    0.01301189395180188
      1.633628179866692     -1.507964473723101    0.01823151502118658
      1.633628179866692     -1.382300767579509    0.02011727764529744
      1.633628179866692     -1.256637061435917    0.01592970179341076
      1.633628179866692     -1.130973355292325    0.01232808410830722
      1.633628179866692     -1.005309649148733    0.01268901078997439
      1.633628179866692     -0.879645943005142    0.01206064010059412
      1.633628179866692    -0.7539822368615505   0.007340348416950433
      1.633628179866692    -0.6283185307179586   0.001567160794302474
      1.633628179866692    -0.5026548245743667 -0.0007784086326852371
      1.633628179866692    -0.3769911184307753  0.0009906659419308466
      1.633628179866692    -0.2513274122871838   0.002334307313398671
      1.633628179866692    -0.1256637061435919  0.0006005087409243987
      1.633628179866692                      0 -0.0001689866874869006
      1.633628179866692     0.1256637061435919   0.001173341550024557
      1.633628179866692     0.2513274122871834 -0.0003749526853095301
      1.633628179866692     0.3769911184307753  -0.003149638157954444
      1.633628179866692     0.5026548245743672   -0.00092458781045969
      1.633628179866692     0.6283185307179582   0.001752576241564371
      1.633628179866692     0.7539822368615501 -0.0009508824149104051
      1.633628179866692     0.8796459430051424  -0.000171543701374525
      1.633628179866692      1.005309649148734    0.01035965322404332
      1.633628179866692      1.130973355292326    0.01789756976204124
      1.633628179866692      1.256637061435917    0.01183367305862393
      1.633628179866692      1.382300767579509  0.0007817426327610399
      1.633628179866692      1.507964473723101  -0.004068279895989462
      1.633628179866692      1.633628179866692  -0.003082780840430426
      1.633628179866692      1.759291886010284  -0.001156800597206877
      1.633628179866692      1.884955592153876 -0.0006962109434194542
      1.633628179866692      2.010619298297467  -0.001113477935346076
      1.633628179866692       2.13628300444106 -0.0004279958138424524
      1.633628179866692      2.261946710584651  0.0005496992301792236
      1.633628179866692      2.387610416728243 -0.0002820923153320997
      1.633628179866692      2.513274122871834 -0.0006124071679837915
      1.633628179866692      2.638937829015426   0.001380691231919796
      1.633628179866692      2.764601535159018   0.001652181244344305
      1.633628179866692      2.890265241302609 -0.0007085690745525751
      1.633628179866692      3.015928947446201  0.0004767091972354455
      1.759291886010284     -3.141592653589793   0.005235160564404422
      1.759291886010284     -3.015928947446201    0.01132766195703466
      1.759291886010284      -2.89026524130261    0.01660357375001901
      1.759291886010284     -2.764601535159018    0.01866016257806229
      1.759291886010284     -2.638937829015426    0.01626887661606884
      1.759291886010284     -2.513274122871834    0.01359522501226265
      1.759291886010284     -2.387610416728243    0.01373825845121406
      1.759291886010284     -2.261946710584651    0.01216937062272428
      1.759291886010284     -2.136283004441059   0.006524101390065547
      1.759291886010284     -2.010619298297468   0.002842475790604468
      1.759291886010284     -1.884955592153876   0.004145387965897388
      1.759291886010284     -1.759291886010284   0.006297126356596459
      1.759291886010284     -1.633628179866693   0.008136313350361826
      1.759291886010284     -1.507964473723101    0.01132803318195585
      1.759291886010284     -1.382300767579509    0.01286622394935006
      1.759291886010284     -1.256637061435917    0.01026714042852142
      1.759291886010284     -1.130973355292325   0.007479824813305753
      1.759291886010284     -1.005309649148733   0.007411781719403536
      1.759291886010284     -0.879645943005142   0.007124355029083421
      1.759291886010284    -0.7539822368615505   0.004220996215124083
      1.759291886010284    -0.6283185307179586  0.0006506018560128385
      1.759291886010284    -0.5026548245743667 -0.0007029385568287582
      1.759291886010284    -0.3769911184307753  0.0003546763521074105
      1.759291886010284    -0.2513274122871838   0.001148934169814827
      1.759291886010284    -0.1256637061435919  0.0002137174504476019
      1.759291886010284                      0 -0.0002805395749572071
      1.759291886010284     0.1256637061435919  0.0003933672473518434
      1.759291886010284     0.2513274122871834 -0.0003853268967232417
      1.759291886010284     0.3769911184307753  -0.001676421047982157
      1.759291886010284     0.5026548245743672  0.0001565781712535726
      1.759291886010284     0.6283185307179582   0.002626030048918276
      1.759291886010284     0.7539822368615501   0.001861947914426787
      1.759291886010284     0.8796459430051424   0.002437804255155645
      1.759291886010284      1.005309649148734   0.008473031971809345
      1.759291886010284      1.130973355292326    0.01308562292814345
      1.759291886010284      1.256637061435917   0.009454170677048717
      1.759291886010284      1.382300767579509   0.002075133642506779
      1.759291886010284      1.507964473723101  -0.001766329439402685
      1.759291886010284      1.633628179866692  -0.001576498167591699
      1.759291886010284      1.759291886010284 -0.0005464553769153014
      1.759291886010284      1.884955592153876 -0.0004512359347009435
      1.759291886010284      2.010619298297467 -0.0007753756095704252
      1.759291886010284       2.13628300444106 -0.0003028572292041293
      1.759291886010284      2.261946710584651  0.0002819611055905722
      1.759291886010284      2.387610416728243 -0.0002575206774828065
      1.759291886010284      2.513274122871834 -0.0004275809068200573
      1.759291886010284      2.638937829015426  0.0007616583540142972
      1.759291886010284      2.764601535159018  0.0008140631778119668
      1.759291886010284      2.890265241302609 -0.0005926541111990883
      1.759291886010284      3.015928947446201  0.0004373861574399366
      1.884955592153876     -3.141592653589793   0.003083899514090078
      1.884955592153876     -3.015928947446201   0.003717570137553024
      1.884955592153876      -2.89026524130261   0.004201547488345407
      1.884955592153876     -2.764601535159018   0.004839201948749546
      1.884955592153876     -2.638937829015426   0.004427658102979994
      1.884955592153876     -2.513274122871834   0.003577687688491153
      1.884955592153876     -2.387610416728243    0.00359608104184184
      1.884955592153876     -2.261946710584651   0.003185472177911742
      1.884955592153876     -2.136283004441059   0.001465211829836195
      1.884955592153876     -2.010619298297468  0.0005199278340197379
      1.884955592153876     -1.884955592153876   0.001312407140600115
      1.884955592153876     -1.759291886010284   0.002226914209876812
      1.884955592153876     -1.633628179866693   0.002898405352704593
      1.884955592153876     -1.507964473723101   0.004207140599022076
      1.884955592153876     -1.382300767579509   0.005351298306039248
      1.884955592153876     -1.256637061435917   0.005067492117066029
      1.884955592153876     -1.130973355292325   0.003842835936919633
      1.884955592153876     -1.005309649148733   0.002773808712222407
      1.884955592153876     -0.879645943005142   0.002155121394460791
      1.884955592153876    -0.7539822368615505   0.001667053602277526
      1.884955592153876    -0.6283185307179586   0.001041267992938928
      1.884955592153876    -0.5026548245743667  0.0006857815288240613
      1.884955592153876    -0.3769911184307753  0.0009460296335597812
      1.884955592153876    -0.2513274122871838   0.001032984101755676
      1.884955592153876    -0.1256637061435919  0.0005819764798315884
      1.884955592153876                      0  0.0006305074634192745
      1.884955592153876     0.1256637061435919   0.001071405475539815
      1.884955592153876     0.2513274122871834  0.0005391570178084502
      1.884955592153876     0.3769911184307753 -0.0003121528418063177
      1.884955592153876     0.5026548245743672  -3.86859504697165e-05
      1.884955592153876     0.6283185307179582  0.0003714092243455983
      1.884955592153876     0.7539822368615501  0.0002027065224343644
      1.884955592153876     0.8796459430051424   0.001149805190332448
      1.884955592153876      1.005309649148734   0.003098153408179025
      1.884955592153876      1.130973355292326    0.00330948765168004
      1.884955592153876      1.256637061435917   0.001506686931858075
      1.884955592153876      1.382300767579509  1.321562688514028e-05
      1.884955592153876      1.507964473723101 -0.0004127256803633491
      1.884955592153876      1.633628179866692 -0.0003372756406544795
      1.884955592153876      1.759291886010284  8.164825911220134e-05
      1.884955592153876      1.884955592153876  0.0003118306981558347
      1.884955592153876      2.010619298297467   5.21865928738291e-05
      1.884955592153876       2.13628300444106  7.890867170933164e-05
      1.884955592153876      2.261946710584651  0.0003524726665879788
      1.884955592153876      2.387610416728243  0.0001279236090253806
      1.884955592153876      2.513274122871834  9.118779951068623e-05
      1.884955592153876      2.638937829015426  0.0007221155789302672
      1.884955592153876      2.764601535159018  0.0008473697240432625
      1.884955592153876      2.890265241302609  0.0006180521203222194
      1.884955592153876      3.015928947446201   0.001576766165849623
      2.010619298297467     -3.141592653589793   0.002608999378314829
      2.010619298297467     -3.015928947446201   0.001242478363442453
      2.010619298297467      -2.89026524130261  1.942498744760554e-07
      2.010619298297467     -2.764601535159018  0.0002364412914623242
      2.010619298297467     -2.638937829015426  0.0004112838990391585
      2.010619298297467     -2.513274122871834  -2.89908316273642e-05
      2.010619298297467     -2.387610416728243 -1.471531880823979e-05
      2.010619298297467     -2.261946710584651  0.0001225194815488252
      2.010619298297467     -2.136283004441059  -0.000321786798881877
      2.010619298297467     -2.010619298297468 -0.0004686921370250641
      2.010619298297467     -1.884955592153876  0.0001517337104413665
      2.010619298297467     -1.759291886010284  0.0006962323543557593
      2.010619298297467     -1.633628179866693   0.001052948352942419
      2.010619298297467     -1.507964473723101   0.001874134819206428
      2.010619298297467     -1.382300767579509   0.002932010649484928
      2.010619298297467     -1.256637061435917   0.003302071221560445
      2.010619298297467     -1.130973355292325   0.002507684023482396
      2.010619298297467     -1.005309649148733   0.001088650917443273
      2.010619298297467     -0.879645943005142  0.0002529625106409341
      2.010619298297467    -0.7539822368615505  0.0003965201048285903
      2.010619298297467    -0.6283185307179586  0.0007000226667879921
      2.010619298297467    -0.5026548245743667  0.0007434995906287119
      2.010619298297467    -0.3769911184307753  0.0007861137667161306
      2.010619298297467    -0.2513274122871838  0.0006743040251719127
      2.010619298297467    -0.1256637061435919  0.0004791205331275724
      2.010619298297467                      0  0.0007806322917335673
      2.010619298297467     0.1256637061435919   0.001112052657804408
      2.010619298297467     0.2513274122871834  0.0006275168446916455
      2.010619298297467     0.3769911184307753  -8.83973504094132e-05
      2.010619298297467     0.5026548245743672 -0.0005246578997315523
      2.010619298297467     0.6283185307179582  -0.001138957659787599
      2.010619298297467     0.7539822368615501  -0.001228449378282944
      2.010619298297467     0.8796459430051424 -8.853739997474654e-05
      2.010619298297467      1.005309649148734  0.0002901829859736812
      2.010619298297467      1.130973355292326  -0.001353529096688306
      2.010619298297467      1.256637061435917  -0.002508023048642036
      2.010619298297467      1.382300767579509  -0.001602938892160459
      2.010619298297467      1.507964473723101 -0.0005982808106537912
      2.010619298297467      1.633628179866692  -0.000424760825269651
      2.010619298297467      1.759291886010284  3.658272007830044e-05
      2.010619298297467      1.884955592153876  0.0004978320662122337
      2.010619298297467      2.010619298297467  0.0002455578221235526
      2.010619298297467       2.13628300444106  0.0001409339524145336
      2.010619298297467      2.261946710584651  0.0003842249148875951
      2.010619298297467      2.387610416728243  0.0002160644942306136
      2.010619298297467      2.513274122871834  0.0001609930198989849
      2.010619298297467      2.638937829015426  0.0006245726218413704
      2.010619298297467      2.764601535159018  0.0007360843306449144
      2.010619298297467      2.890265241302609  0.0009082224841307409
      2.010619298297467      3.015928947446201    0.00206759568178759
       2.13628300444106     -3.141592653589793   0.001413398630804366
       2.13628300444106     -3.015928947446201   0.001664957078279567
       2.13628300444106      -2.89026524130261   0.001871499994316921
       2.13628300444106     -2.764601535159018   0.002150245652439595
       2.13628300444106     -2.638937829015426   0.001978261376152468
       2.13628300444106     -2.513274122871834   0.001562536248627622
       2.13628300444106     -2.387610416728243   0.001529470879771871
       2.13628300444106     -2.261946710584651     0.0015049521733572
       2.13628300444106     -2.136283004441059  0.0009988229961496473
       2.13628300444106     -2.010619298297468  0.0005841008274615084
       2.13628300444106     -1.884955592153876  0.0006934321664991188
       2.13628300444106     -1.759291886010284  0.0009211472849528227
       2.13628300444106     -1.633628179866693   0.001198525130356527
       2.13628300444106     -1.507964473723101   0.001770649515787116
       2.13628300444106     -1.382300767579509   0.002166593325568507
       2.13628300444106     -1.256637061435917   0.001895313963911723
       2.13628300444106     -1.130973355292325   0.001390775260153122
       2.13628300444106     -1.005309649148733   0.001108251362901552
       2.13628300444106     -0.879645943005142   0.000814476748465832
       2.13628300444106    -0.7539822368615505  0.0003568098258564025
       2.13628300444106    -0.6283185307179586  1.480236352651798e-05
       2.13628300444106    -0.5026548245743667 -6.956845810249961e-05
       2.13628300444106    -0.3769911184307753 -4.182609706675753e-05
       2.13628300444106    -0.2513274122871838 -2.905839250266665e-05
       2.13628300444106    -0.1256637061435919 -4.104806306724285e-05
       2.13628300444106                      0 -2.957977711634681e-05
       2.13628300444106     0.1256637061435919  1.641888202077194e-05
       2.13628300444106     0.2513274122871834  4.586847890979985e-05
       2.13628300444106     0.3769911184307753  8.234103166032116e-05
       2.13628300444106     0.5026548245743672  0.0002253129021799792
       2.13628300444106     0.6283185307179582  0.0005125624727649742
       2.13628300444106     0.7539822368615501  0.0009317223528480388
       2.13628300444106     0.8796459430051424   0.001351331573249695
       2.13628300444106      1.005309649148734   0.001450170174424701
       2.13628300444106      1.130973355292326   0.001115657588272756
       2.13628300444106      1.256637061435917  0.0006507493812165414
       2.13628300444106      1.382300767579509  0.0002568013970063979
       2.13628300444106      1.507964473723101 -9.488852064619901e-05
       2.13628300444106      1.633628179866692 -0.0002419551329244331
       2.13628300444106      1.759291886010284 -0.0001060678658398815
       2.13628300444106      1.884955592153876 -2.507650210345834e-05
       2.13628300444106      2.010619298297467 -0.0001017566392640432
       2.13628300444106       2.13628300444106 -4.505577097174031e-05
       2.13628300444106      2.261946710584651  5.699784459435799e-05
       2.13628300444106      2.387610416728243 -4.368946277032255e-05
       2.13628300444106      2.513274122871834 -8.344693900812406e-05
       2.13628300444106      2.638937829015426  7.050347148411852e-05
       2.13628300444106      2.764601535159018   9.56288598676563e-05
       2.13628300444106      2.890265241302609  0.0001730283787948679
       2.13628300444106      3.015928947446201  0.0007490053029784263
      2.261946710584651     -3.141592653589793 -0.0003037448196513826
      2.261946710584651     -3.015928947446201  6.130002723082138e-05
      2.261946710584651      -2.89026524130261  0.0003207036502810432
      2.261946710584651     -2.764601535159018  0.0002037497723458529
      2.261946710584651     -2.638937829015426  0.0002640582749151049
      2.261946710584651     -2.513274122871834  0.0005476180609181493
      2.261946710584651     -2.387610416728243  0.0005930162298476717
      2.261946710584651     -2.261946710584651  0.0005796566921358371
      2.261946710584651     -2.136283004441059  0.0008091010469238858
      2.261946710584651     -2.010619298297468  0.0008731487054839033
      2.261946710584651     -1.884955592153876  0.0005296476096041432
      2.261946710584651     -1.759291886010284  0.0002332117850713199
      2.261946710584651     -1.633628179866693  0.0001971310432605568
      2.261946710584651     -1.507964473723101  0.0001075682128794416
      2.261946710584651     -1.382300767579509 -0.0001078608874147908
      2.261946710584651     -1.256637061435917 -0.0001472206219113921
      2.261946710584651     -1.130973355292325   0.000105050134441704
      2.261946710584651     -1.005309649148733  0.0003909862362673687
      2.261946710584651     -0.879645943005142  0.0004285139949503089
      2.261946710584651    -0.7539822368615505  0.0002770095807598958
      2.261946710584651    -0.6283185307179586  0.0001823976412504868
      2.261946710584651    -0.5026548245743667  0.0001465593166909775
      2.261946710584651    -0.3769911184307753  5.420662043967073e-05
      2.261946710584651    -0.2513274122871838  1.538409582177728e-08
      2.261946710584651    -0.1256637061435919  1.278852167714988e-05
      2.261946710584651                      0 -5.605423404430105e-05
      2.261946710584651     0.1256637061435919 -9.647905080840316e-05
      2.261946710584651     0.2513274122871834  7.081185129154149e-05
      2.261946710584651     0.3769911184307753  0.0002264725047617424
      2.261946710584651     0.5026548245743672  0.0002527432668432775
      2.261946710584651     0.6283185307179582  0.0004225960480117547
      2.261946710584651     0.7539822368615501  0.0006692993667278197
      2.261946710584651     0.8796459430051424  0.0006656183737724298
      2.261946710584651      1.005309649148734  0.0006222949235799887
      2.261946710584651      1.130973355292326  0.0007754658484096134
      2.261946710584651      1.256637061435917  0.0007475419195269885
      2.261946710584651      1.382300767579509  0.0004251684943414986
      2.261946710584651      1.507964473723101  0.0002567081644107544
      2.261946710584651      1.633628179866692   0.000234803408067714
      2.261946710584651      1.759291886010284  3.918395675893451e-05
      2.261946710584651      1.884955592153876 -0.0001072811053371204
      2.261946710584651      2.010619298297467 -1.253751266138487e-05
      2.261946710584651       2.13628300444106  5.876777984897403e-06
      2.261946710584651      2.261946710584651 -7.878596051817639e-05
      2.261946710584651      2.387610416728243 -1.965621291281592e-05
      2.261946710584651      2.513274122871834 -1.481654062499753e-07
      2.261946710584651      2.638937829015426 -0.0001146031352030232
      2.261946710584651      2.764601535159018 -5.135213005633806e-05
      2.261946710584651      2.890265241302609  3.886048057357519e-05
      2.261946710584651      3.015928947446201 -0.0001914571062334341
      2.387610416728243     -3.141592653589793   0.001448451269780129
      2.387610416728243     -3.015928947446201  0.0004343352135906516
      2.387610416728243      -2.89026524130261 -0.0004694925779617916
      2.387610416728243     -2.764601535159018 -0.0003739119909217257
      2.387610416728243     -2.638937829015426 -0.0002170450864329334
      2.387610416728243     -2.513274122871834 -0.0004290987780860867
      2.387610416728243     -2.387610416728243 -0.0004200929749459446
      2.387610416728243     -2.261946710584651 -0.0003055668248528657
      2.387610416728243     -2.136283004441059 -0.0004542742222545282
      2.387610416728243     -2.010619298297468 -0.0004426794353940963
      2.387610416728243     -1.884955592153876 -6.503070372186007e-05
      2.387610416728243     -1.759291886010284  0.0002318857612630544
      2.387610416728243     -1.633628179866693  0.0004035117232019098
      2.387610416728243     -1.507964473723101  0.0008200858748237839
      2.387610416728243     -1.382300767579509   0.001431367811598252
      2.387610416728243     -1.256637061435917   0.001737558154230068
      2.387610416728243     -1.130973355292325   0.001322639462507377
      2.387610416728243     -1.005309649148733   0.000438340732004193
      2.387610416728243     -0.879645943005142 -5.626443445391343e-05
      2.387610416728243    -0.7539822368615505  0.0001466419837526676
      2.387610416728243    -0.6283185307179586  0.0004398627300748781
      2.387610416728243    -0.5026548245743667  0.0004934011953558817
      2.387610416728243    -0.3769911184307753  0.0005044953545683832
      2.387610416728243    -0.2513274122871838  0.0004248296187903536
      2.387610416728243    -0.1256637061435919  0.0003121374990543703
      2.387610416728243                      0  0.0005098671670435505
      2.387610416728243     0.1256637061435919  0.0007097950815085189
      2.387610416728243     0.2513274122871834  0.0004064111796182606
      2.387610416728243     0.3769911184307753  -3.43120470059988e-05
      2.387610416728243     0.5026548245743672 -0.0003452331824888007
      2.387610416728243     0.6283185307179582 -0.0008041245074530923
      2.387610416728243     0.7539822368615501 -0.0009085637472571726
      2.387610416728243     0.8796459430051424 -0.0002508243152127896
      2.387610416728243      1.005309649148734 -0.0001267039409237774
      2.387610416728243      1.130973355292326  -0.001213083747827717
      2.387610416728243      1.256637061435917  -0.001816815244556925
      2.387610416728243      1.382300767579509  -0.001052424178973734
      2.387610416728243      1.507964473723101 -0.0003193605342508141
      2.387610416728243      1.633628179866692 -0.0002154532735962979
      2.387610416728243      1.759291886010284   4.92313838782905e-05
      2.387610416728243      1.884955592153876  0.0003375293025402094
      2.387610416728243      2.010619298297467  0.0001817612985085615
      2.387610416728243       2.13628300444106  9.988721098416119e-05
      2.387610416728243      2.261946710584651  0.0002391163288685688
      2.387610416728243      2.387610416728243  0.0001475168120660005
      2.387610416728243      2.513274122871834  0.0001207654345634974
      2.387610416728243      2.638937829015426  0.0003895915664844339
      2.387610416728243      2.764601535159018  0.0004538344956673195
      2.387610416728243      2.890265241302609  0.0005745113636312319
      2.387610416728243      3.015928947446201   0.001248742974932809
      2.513274122871834     -3.141592653589793   0.003599401811571233
      2.513274122871834     -3.015928947446201   0.004799115334092127
      2.513274122871834      -2.89026524130261   0.005903770358421899
      2.513274122871834     -2.764601535159018   0.006813366299958549
      2.513274122871834     -2.638937829015426   0.005970684438732308
      2.513274122871834     -2.513274122871834   0.004611295480016613
      2.513274122871834     -2.387610416728243   0.004679005610905802
      2.513274122871834     -2.261946710584651   0.004380125106527147
      2.513274122871834     -2.136283004441059   0.002300075811542082
      2.513274122871834     -2.010619298297468  0.0009224415731720328
      2.513274122871834     -1.884955592153876   0.001567026475848121
      2.513274122871834     -1.759291886010284   0.002488248612796326
      2.513274122871834     -1.633628179866693   0.003388651698372779
      2.513274122871834     -1.507964473723101   0.005075766575107594
      2.513274122871834     -1.382300767579509   0.006131421920588007
      2.513274122871834     -1.256637061435917   0.005274616767411344
      2.513274122871834     -1.130973355292325   0.003864114450314218
      2.513274122871834     -1.005309649148733   0.003132274268434626
      2.513274122871834     -0.879645943005142   0.002498316602895003
      2.513274122871834    -0.7539822368615505   0.001413861637449283
      2.513274122871834    -0.6283185307179586  0.0002935688941800895
      2.513274122871834    -0.5026548245743667 -0.0001430382392673558
      2.513274122871834    -0.3769911184307753  0.0002145031575283454
      2.513274122871834    -0.2513274122871838   0.000456404958376639
      2.513274122871834    -0.1256637061435919  0.0001335765055085209
      2.513274122871834                      0  0.0001271752865198428
      2.513274122871834     0.1256637061435919  0.0004808442949489399
      2.513274122871834     0.2513274122871834  0.0001049974424930777
      2.513274122871834     0.3769911184307753 -0.0004708752721394196
      2.513274122871834     0.5026548245743672 -5.393805992337769e-05
      2.513274122871834     0.6283185307179582  0.0004349706517800944
      2.513274122871834     0.7539822368615501  0.0003216113325443116
      2.513274122871834     0.8796459430051424   0.001098812977545571
      2.513274122871834      1.005309649148734   0.002753005350996216
      2.513274122871834      1.130973355292326   0.002987959460687918
      2.513274122871834      1.256637061435917   0.001465989656090395
      2.513274122871834      1.382300767579509 -7.211393883994627e-05
      2.513274122871834      1.507964473723101 -0.0008963830929913034
      2.513274122871834      1.633628179866692 -0.0009617670772019913
      2.513274122871834      1.759291886010284 -0.0003098504486542266
      2.513274122871834      1.884955592153876  5.569577051958707e-05
      2.513274122871834      2.010619298297467 -0.0002266314535776035
      2.513274122871834       2.13628300444106 -9.515201807529223e-05
      2.513274122871834      2.261946710584651  0.0002825312310725472
      2.513274122871834      2.387610416728243 -4.005025344263035e-05
      2.513274122871834      2.513274122871834 -0.0001559231089897529
      2.513274122871834      2.638937829015426  0.0005021751613712085
      2.513274122871834      2.764601535159018  0.0005517382282881042
      2.513274122871834      2.890265241302609  0.0002906615156280403
      2.513274122871834      3.015928947446201   0.001566478271247361
      2.638937829015426     -3.141592653589793   0.003102625886094867
      2.638937829015426     -3.015928947446201   0.008493395180484802
      2.638937829015426      -2.89026524130261    0.01304974144950428
      2.638937829015426     -2.764601535159018    0.01408900837781907
      2.638937829015426     -2.638937829015426    0.01236297674320171
      2.638937829015426     -2.513274122871834    0.01138701621422309
      2.638937829015426     -2.387610416728243    0.01206749435458838
      2.638937829015426     -2.261946710584651    0.01137616402966415
      2.638937829015426     -2.136283004441059   0.008374788795854911
      2.638937829015426     -2.010619298297468   0.005872963266697594
      2.638937829015426     -1.884955592153876   0.005055942312392993
      2.638937829015426     -1.759291886010284   0.005093971772805621
      2.638937829015426     -1.633628179866693    0.00657478079564902
      2.638937829015426     -1.507964473723101   0.008958349847060138
      2.638937829015426     -1.382300767579509   0.009053777958408119
      2.638937829015426     -1.256637061435917    0.00681817904966565
      2.638937829015426     -1.130973355292325   0.006078448211499443
      2.638937829015426     -1.005309649148733   0.007252247388939089
      2.638937829015426     -0.879645943005142    0.00678534327494198
      2.638937829015426    -0.7539822368615505   0.003749122917159892
      2.638937829015426    -0.6283185307179586  0.0007207946450795326
      2.638937829015426    -0.5026548245743667 -0.0003849414273430496
      2.638937829015426    -0.3769911184307753  0.0001259848321589849
      2.638937829015426    -0.2513274122871838  0.0005819480899188229
      2.638937829015426    -0.1256637061435919 -1.495755808543541e-05
      2.638937829015426                      0 -0.0004738074203819737
      2.638937829015426     0.1256637061435919 -2.154806918947287e-05
      2.638937829015426     0.2513274122871834 -0.0001597326270233934
      2.638937829015426     0.3769911184307753 -0.0009076633080698584
      2.638937829015426     0.5026548245743672 -0.0002653000606674628
      2.638937829015426     0.6283185307179582  0.0007769562169006247
      2.638937829015426     0.7539822368615501  0.0001821139124432054
      2.638937829015426     0.8796459430051424   0.000731194473976069
      2.638937829015426      1.005309649148734   0.004878582242796361
      2.638937829015426      1.130973355292326   0.007871012131924399
      2.638937829015426      1.256637061435917   0.005066700139876394
      2.638937829015426      1.382300767579509 -1.371830251763401e-05
      2.638937829015426      1.507964473723101  -0.002071577670079092
      2.638937829015426      1.633628179866692  -0.001463955736160283
      2.638937829015426      1.759291886010284 -0.0008605309033072918
      2.638937829015426      1.884955592153876 -0.0007954387400613638
      2.638937829015426      2.010619298297467 -0.0006630515865202651
      2.638937829015426       2.13628300444106 -0.0002712852224130669
      2.638937829015426      2.261946710584651  5.325472929482828e-06
      2.638937829015426      2.387610416728243 -0.0002463406814190262
      2.638937829015426      2.513274122871834 -0.0004435326472199656
      2.638937829015426      2.638937829015426  0.0001011667063976263
      2.638937829015426      2.764601535159018   0.000442432523450341
      2.638937829015426      2.890265241302609 -0.0001893936044142846
      2.638937829015426      3.015928947446201  -1.63185171486043e-05
      2.764601535159018     -3.141592653589793   0.003516874449025938
      2.764601535159018     -3.015928947446201    0.00998749525260029
      2.764601535159018      -2.89026524130261    0.01527013394423347
      2.764601535159018     -2.764601535159018    0.01603557523140335
      2.764601535159018     -2.638937829015426    0.01437269304041832
      2.764601535159018     -2.513274122871834    0.01423004652231811
      2.764601535159018     -2.387610416728243    0.01536388911359639
      2.764601535159018     -2.261946710584651    0.01468428760446331
      2.764601535159018     -2.136283004441059    0.01202360228328719
      2.764601535159018     -2.010619298297468    0.00950605222355036
      2.764601535159018     -1.884955592153876   0.007569449126496002
      2.764601535159018     -1.759291886010284   0.006655476052935143
      2.764601535159018     -1.633628179866693   0.008415586593708937
      2.764601535159018     -1.507964473723101    0.01118939371845008
      2.764601535159018     -1.382300767579509    0.01092253906245038
      2.764601535159018     -1.256637061435917   0.008583047594296109
      2.764601535159018     -1.130973355292325   0.008546715459012953
      2.764601535159018     -1.005309649148733    0.01017317665394283
      2.764601535159018     -0.879645943005142   0.009291184197702336
      2.764601535159018    -0.7539822368615505   0.005598893784920762
      2.764601535159018    -0.6283185307179586   0.002139687856970173
      2.764601535159018    -0.5026548245743667   0.000737208037923424
      2.764601535159018    -0.3769911184307753     0.0010554670944103
      2.764601535159018    -0.2513274122871838   0.001346034085764106
      2.764601535159018    -0.1256637061435919  0.0004820579055513654
      2.764601535159018                      0 -8.541342152923025e-05
      2.764601535159018     0.1256637061435919  0.0005964975738558843
      2.764601535159018     0.2513274122871834  0.0005665295937475369
      2.764601535159018     0.3769911184307753 -0.0004915870791419225
      2.764601535159018     0.5026548245743672 -0.0002042790812015979
      2.764601535159018     0.6283185307179582   0.000665689156010021
      2.764601535159018     0.7539822368615501  8.424772338520056e-05
      2.764601535159018     0.8796459430051424   0.001206036090160971
      2.764601535159018      1.005309649148734   0.006331020587874202
      2.764601535159018      1.130973355292326   0.009430699983872467
      2.764601535159018      1.256637061435917   0.005493113183708388
      2.764601535159018      1.382300767579509 -0.0004266334782091616
      2.764601535159018      1.507964473723101  -0.002166079512218113
      2.764601535159018      1.633628179866692   -0.00118972736693658
      2.764601535159018      1.759291886010284 -0.0008414307734174906
      2.764601535159018      1.884955592153876 -0.0009014847429890648
      2.764601535159018      2.010619298297467  -0.000544261448715612
      2.764601535159018       2.13628300444106 -0.0001527380666443341
      2.764601535159018      2.261946710584651  1.108952608564601e-05
      2.764601535159018      2.387610416728243 -0.0001387319506077649
      2.764601535159018      2.513274122871834 -0.0003290009655717213
      2.764601535159018      2.638937829015426   0.000196672020654369
      2.764601535159018      2.764601535159018    0.00092636145283632
      2.764601535159018      2.890265241302609  0.0005441164640414692
      2.764601535159018      3.015928947446201  0.0003401051033787971
      2.890265241302609     -3.141592653589793   0.005098453976476118
      2.890265241302609     -3.015928947446201     0.0127712116866013
      2.890265241302609      -2.89026524130261     0.0192755200139667
      2.890265241302609     -2.764601535159018    0.02014882952049945
      2.890265241302609     -2.638937829015426    0.01821784248858576
      2.890265241302609     -2.513274122871834    0.01820965572875249
      2.890265241302609     -2.387610416728243    0.01927900915021996
      2.890265241302609     -2.261946710584651    0.01828220861266489
      2.890265241302609     -2.136283004441059    0.01574820606976019
      2.890265241302609     -2.010619298297468    0.01328599165864187
      2.890265241302609     -1.884955592153876    0.01054499372036184
      2.890265241302609     -1.759291886010284   0.008861139912426938
      2.890265241302609     -1.633628179866693    0.01086233491577039
      2.890265241302609     -1.507964473723101    0.01409483064336615
      2.890265241302609     -1.382300767579509    0.01359931154453546
      2.890265241302609     -1.256637061435917    0.01089211603523963
      2.890265241302609     -1.130973355292325    0.01101706780797586
      2.890265241302609     -1.005309649148733    0.01295508364407157
      2.890265241302609     -0.879645943005142    0.01200549764527757
      2.890265241302609    -0.7539822368615505    0.00794316090441028
      2.890265241302609    -0.6283185307179586   0.003996460324419193
      2.890265241302609    -0.5026548245743667   0.002026189587397309
      2.890265241302609    -0.3769911184307753   0.001938536089225934
      2.890265241302609    -0.2513274122871838   0.002129046446040827
      2.890265241302609    -0.1256637061435919   0.001047794919217227
      2.890265241302609                      0  8.391591443039463e-06
      2.890265241302609     0.1256637061435919  0.0007431960544453499
      2.890265241302609     0.2513274122871834   0.001622725073076158
      2.890265241302609     0.3769911184307753   0.001644741092202176
      2.890265241302609     0.5026548245743672   0.003232877879957555
      2.890265241302609     0.6283185307179582   0.006264389178074536
      2.890265241302609     0.7539822368615501   0.007561986361373762
      2.890265241302609     0.8796459430051424   0.008613329153674038
      2.890265241302609      1.005309649148734    0.01285561741734451
      2.890265241302609      1.130973355292326    0.01625036690322048
      2.890265241302609      1.256637061435917    0.01277444916294244
      2.890265241302609      1.382300767579509   0.005578196252425173
      2.890265241302609      1.507964473723101   0.001552860296933512
      2.890265241302609      1.633628179866692  0.0007721604380047441
      2.890265241302609      1.759291886010284 -6.196889974356841e-05
      2.890265241302609      1.884955592153876 -0.0008462162215569565
      2.890265241302609      2.010619298297467 -0.0005461395532536118
      2.890265241302609       2.13628300444106 -7.734338469754358e-05
      2.890265241302609      2.261946710584651 -9.329209009075704e-05
      2.890265241302609      2.387610416728243 -0.0002180705803554788
      2.890265241302609      2.513274122871834 -0.0001936781156969338
      2.890265241302609      2.638937829015426  0.0003532181828568063
      2.890265241302609      2.764601535159018   0.001315218823476693
      2.890265241302609      2.890265241302609   0.001512827377183593
      2.890265241302609      3.015928947446201   0.001593310783393706
      3.015928947446201     -3.141592653589793   0.007375331773663901
      3.015928947446201     -3.015928947446201    0.02019621488252572
      3.015928947446201      -2.89026524130261    0.03137827147208191
      3.015928947446201     -2.764601535159018    0.03256191589723631
      3.015928947446201     -2.638937829015426    0.02922740580172321
      3.015928947446201     -2.513274122871834    0.02949934559109303
      3.015928947446201     -2.387610416728243    0.03129721224980647
      3.015928947446201     -2.261946710584651    0.03013345380065754
      3.015928947446201     -2.136283004441059    0.02738763580874893
      3.015928947446201     -2.010619298297468    0.02385395176357836
      3.015928947446201     -1.884955592153876    0.01799391196368013
      3.015928947446201     -1.759291886010284    0.01392009602876873
      3.015928947446201     -1.633628179866693    0.01701531960939344
      3.015928947446201     -1.507964473723101    0.02189276947310611
      3.015928947446201     -1.382300767579509    0.01990793728522364
      3.015928947446201     -1.256637061435917    0.01499616818650442
      3.015928947446201     -1.130973355292325    0.01620174441216583
      3.015928947446201     -1.005309649148733    0.02069378684425727
      3.015928947446201     -0.879645943005142    0.01945347829691013
      3.015928947446201    -0.7539822368615505    0.01241640774871378
      3.015928947446201    -0.6283185307179586   0.005844870346891557
      3.015928947446201    -0.5026548245743667   0.002585479846518936
      3.015928947446201    -0.3769911184307753   0.002052843574950511
      3.015928947446201    -0.2513274122871838   0.002360035448605024
      3.015928947446201    -0.1256637061435919   0.001036067151378449
      3.015928947446201                      0  -0.000954914088820054
      3.015928947446201     0.1256637061435919 -0.0001833328859750646
      3.015928947446201     0.2513274122871834   0.002381670069847888
      3.015928947446201     0.3769911184307753   0.004027930864431793
      3.015928947446201     0.5026548245743672   0.007052187115829696
      3.015928947446201     0.6283185307179582    0.01262383258730337
      3.015928947446201     0.7539822368615501    0.01598901594692722
      3.015928947446201     0.8796459430051424    0.01682607956181431
      3.015928947446201      1.005309649148734    0.02095312860660323
      3.015928947446201      1.130973355292326    0.02591440975373539
      3.015928947446201      1.256637061435917    0.02237210353079834
      3.015928947446201      1.382300767579509     0.0117678611988291
      3.015928947446201      1.507964473723101   0.004263573300731714
      3.015928947446201      1.633628179866692   0.001827212471980122
      3.015928947446201      1.759291886010284 -0.0002278169436167135
      3.015928947446201      1.884955592153876  -0.001845632742577505
      3.015928947446201      2.010619298297467  -0.001202479379478257
      3.015928947446201       2.13628300444106 -0.0003300881484627909
      3.015928947446201      2.261946710584651  -0.000551301279225932
      3.015928947446201      2.387610416728243 -0.0006670313505997322
      3.015928947446201      2.513274122871834 -0.0005828109546900277
      3.015928947446201      2.638937829015426  -0.000176381014789857
      3.015928947446201      2.764601535159018   0.001360051137124172
      3.015928947446201      2.890265241302609   0.002294002774671258
      3.015928947446201      3.015928947446201   0.002288860243382181
