#! FIELDS phi2 phi3 hhphi2phi3
#! SET min_phi2 -pi
#! SET max_phi2 pi
#! SET min_phi3 -pi
#! SET max_phi3 pi
     -3.141592653589793     -3.141592653589793     0.0147771056362412
     -3.141592653589793     -3.015928947446201    0.01970205210285081
     -3.141592653589793      -2.89026524130261    0.02016992263244438
     -3.141592653589793     -2.764601535159018    0.02149544028624011
     -3.141592653589793     -2.638937829015426     0.0263418288957621
     -3.141592653589793     -2.513274122871834    0.03354035008566215
     -3.141592653589793     -2.387610416728243    0.04035835787362935
     -3.141592653589793     -2.261946710584651    0.04344177544698212
     -3.141592653589793     -2.136283004441059    0.04073208503755818
     -3.141592653589793     -2.010619298297468    0.03445923310922568
     -3.141592653589793     -1.884955592153876    0.03037773926844221
     -3.141592653589793     -1.759291886010284    0.03191189443601842
     -3.141592653589793     -1.633628179866693    0.03851405495076139
     -3.141592653589793     -1.507964473723101     0.0532268518121846
     -3.141592653589793     -1.382300767579509    0.08115873447617876
     -3.141592653589793     -1.256637061435917     0.1118911335476789
     -3.141592653589793     -1.130973355292325     0.1203934341163586
     -3.141592653589793     -1.005309649148733    0.09779227931797456
     -3.141592653589793     -0.879645943005142    0.06538866053194636
     -3.141592653589793    -0.7539822368615505    0.04821818084758955
     -3.141592653589793    -0.6283185307179586    0.04535069815873147
     -3.141592653589793    -0.5026548245743667    0.03780864471631554
     -3.141592653589793    -0.3769911184307753    0.02116202372143076
     -3.141592653589793    -0.2513274122871838   0.009403065131118724
     -3.141592653589793    -0.1256637061435919   0.007477178963230263
     -3.141592653589793                      0    0.00652215430225953
     -3.141592653589793     0.1256637061435919   0.003795100157520341
     -3.141592653589793     0.2513274122871834   0.004059861756313497
     -3.141592653589793     0.3769911184307753   0.006851008210376287
     -3.141592653589793     0.5026548245743672   0.007679334404084442
     -3.141592653589793     0.6283185307179582   0.006341003350469878
     -3.141592653589793     0.7539822368615501   0.006033510479894896
     -3.141592653589793     0.8796459430051424   0.007282352169142406
     -3.141592653589793      1.005309649148734   0.007387092698359689
     -3.141592653589793      1.130973355292326   0.005448673002543373
     -3.141592653589793      1.256637061435917     0.0035660281573511
     -3.141592653589793      1.382300767579509   0.002529035775460739
     -3.141592653589793      1.507964473723101   0.001137345118455118
     -3.141592653589793      1.633628179866692 -0.0003860147588321891
     -3.141592653589793      1.759291886010284 -0.0007702485420752604
     -3.141592653589793      1.884955592153876 -0.0002401390125547256
     -3.141592653589793      2.010619298297467  0.0002568941406554925
     -3.141592653589793       2.13628300444106  0.0003688720268823294
     -3.141592653589793      2.261946710584651 -4.018250954278207e-05
     -3.141592653589793      2.387610416728243  -0.000365683941731142
     -3.141592653589793      2.513274122871834  0.0003215101917015212
     -3.141592653589793      2.638937829015426  0.0005860560470181881
     -3.141592653589793      2.764601535159018  -0.001181634237638243
     -3.141592653589793      2.890265241302609  -0.001147717640383226
     -3.141592653589793      3.015928947446201   0.005401967581136938
     -3.015928947446201     -3.141592653589793     0.0379085074504349
     -3.015928947446201     -3.015928947446201     0.0502389322930076
     -3.015928947446201      -2.89026524130261    0.04743181548801488
     -3.015928947446201     -2.764601535159018    0.03822854952179066
     -3.015928947446201     -2.638937829015426    0.03172753483776036
     -3.015928947446201     -2.513274122871834     0.0273846860316288
     -3.015928947446201     -2.387610416728243    0.02671282791179587
     -3.015928947446201     -2.261946710584651    0.03682076351401897
     -3.015928947446201     -2.136283004441059    0.04743426956317787
     -3.015928947446201     -2.010619298297468    0.03754217455657326
     -3.015928947446201     -1.884955592153876     0.0186772778421898
     -3.015928947446201     -1.759291886010284    0.02073543118022586
     -3.015928947446201     -1.633628179866693    0.03842155603277535
     -3.015928947446201     -1.507964473723101    0.05616984319824072
     -3.015928947446201     -1.382300767579509    0.09186829996295787
     -3.015928947446201     -1.256637061435917      0.147557398152751
     -3.015928947446201     -1.130973355292325     0.1749444454058337
     -3.015928947446201     -1.005309649148733     0.1467143834043231
     -3.015928947446201     -0.879645943005142     0.1031247841845083
     -3.015928947446201    -0.7539822368615505    0.09190979401187309
     -3.015928947446201    -0.6283185307179586     0.1031583837777427
     -3.015928947446201    -0.5026548245743667    0.09360247887659862
     -3.015928947446201    -0.3769911184307753    0.05693414241339627
     -3.015928947446201    -0.2513274122871838    0.02687893474043924
     -3.015928947446201    -0.1256637061435919    0.01712697319367407
     -3.015928947446201                      0    0.01226566796820472
     -3.015928947446201     0.1256637061435919   0.007666675151890145
     -3.015928947446201     0.2513274122871834   0.008788740027762454
     -3.015928947446201     0.3769911184307753   0.009912071961228621
     -3.015928947446201     0.5026548245743672   0.006882687637993499
     -3.015928947446201     0.6283185307179582    0.00833827666158171
     -3.015928947446201     0.7539822368615501    0.01824526783922506
     -3.015928947446201     0.8796459430051424    0.02738920767192356
     -3.015928947446201      1.005309649148734    0.02833142597191598
     -3.015928947446201      1.130973355292326    0.02528651592144198
     -3.015928947446201      1.256637061435917    0.02417042867934437
     -3.015928947446201      1.382300767579509    0.02130957920758263
     -3.015928947446201      1.507964473723101    0.01173641011467228
     -3.015928947446201      1.633628179866692   0.001546211032133659
     -3.015928947446201      1.759291886010284  -0.001190179777403832
     -3.015928947446201      1.884955592153876  0.0007718524040029427
     -3.015928947446201      2.010619298297467   0.001216900986019016
     -3.015928947446201       2.13628300444106   0.000139744286725817
     -3.015928947446201      2.261946710584651 -0.0002599407606511718
     -3.015928947446201      2.387610416728243  0.0001293186018458628
     -3.015928947446201      2.513274122871834  0.0005483710265093878
     -3.015928947446201      2.638937829015426 -0.0005728452874294043
     -3.015928947446201      2.764601535159018  -0.002916821049924498
     -3.015928947446201      2.890265241302609  0.0004876713834805391
     -3.015928947446201      3.015928947446201    0.01627302313921918
      -2.89026524130261     -3.141592653589793    0.08599982936266518
      -2.89026524130261     -3.015928947446201     0.1027677379362416
      -2.89026524130261      -2.89026524130261      0.087433627572889
      -2.89026524130261     -2.764601535159018    0.06098635295192873
      -2.89026524130261     -2.638937829015426    0.04321288270483348
      -2.89026524130261     -2.513274122871834    0.03097298152869034
      -2.89026524130261     -2.387610416728243    0.02212340962109326
      -2.89026524130261     -2.261946710584651    0.02988023088785137
      -2.89026524130261     -2.136283004441059    0.04417057483022978
      -2.89026524130261     -2.010619298297468    0.03238057793002541
      -2.89026524130261     -1.884955592153876    0.00606673901054522
      -2.89026524130261     -1.759291886010284   0.008070687101628301
      -2.89026524130261     -1.633628179866693    0.03203962116053355
      -2.89026524130261     -1.507964473723101    0.05123341789180782
      -2.89026524130261     -1.382300767579509    0.08784395829828077
      -2.89026524130261     -1.256637061435917     0.1566703546848261
      -2.89026524130261     -1.130973355292325     0.2075648260003733
      -2.89026524130261     -1.005309649148733     0.2004239657184552
      -2.89026524130261     -0.879645943005142     0.1711924739194439
      -2.89026524130261    -0.7539822368615505     0.1729324418215225
      -2.89026524130261    -0.6283185307179586      0.193114242478145
      -2.89026524130261    -0.5026548245743667     0.1771422121519639
      -2.89026524130261    -0.3769911184307753     0.1211295241262145
      -2.89026524130261    -0.2513274122871838    0.07423540147600335
      -2.89026524130261    -0.1256637061435919    0.05264353814549048
      -2.89026524130261                      0    0.03392230505730052
      -2.89026524130261     0.1256637061435919    0.01861652427725341
      -2.89026524130261     0.2513274122871834    0.01912060303693742
      -2.89026524130261     0.3769911184307753    0.02293847030010564
      -2.89026524130261     0.5026548245743672    0.02073278149473017
      -2.89026524130261     0.6283185307179582    0.02661650894605795
      -2.89026524130261     0.7539822368615501    0.04560076424639115
      -2.89026524130261     0.8796459430051424    0.06215647705268744
      -2.89026524130261      1.005309649148734     0.0675151866353931
      -2.89026524130261      1.130973355292326    0.06880936389565326
      -2.89026524130261      1.256637061435917    0.06944838356464349
      -2.89026524130261      1.382300767579509    0.05954480064115146
      -2.89026524130261      1.507964473723101    0.03462851817710668
      -2.89026524130261      1.633628179866692    0.01001565970934502
      -2.89026524130261      1.759291886010284  0.0007532262431213648
      -2.89026524130261      1.884955592153876   0.001688477296486685
      -2.89026524130261      2.010619298297467   0.001808197272580804
      -2.89026524130261       2.13628300444106  0.0003330629236852811
      -2.89026524130261      2.261946710584651 -0.0001683998575716647
      -2.89026524130261      2.387610416728243  1.283769963624164e-05
      -2.89026524130261      2.513274122871834  0.0004163750917174306
      -2.89026524130261      2.638937829015426 -0.0003299766429007821
      -2.89026524130261      2.764601535159018 -0.0007127887947372721
      -2.89026524130261      2.890265241302609    0.01144842059092253
      -2.89026524130261      3.015928947446201     0.0456247415725449
     -2.764601535159018     -3.141592653589793     0.1426547676486997
     -2.764601535159018     -3.015928947446201     0.1536029302446176
     -2.764601535159018      -2.89026524130261      0.117882377055675
     -2.764601535159018     -2.764601535159018    0.07445455979602239
     -2.764601535159018     -2.638937829015426    0.05206836885018881
     -2.764601535159018     -2.513274122871834    0.04186241829619422
     -2.764601535159018     -2.387610416728243    0.02849865688454722
     -2.764601535159018     -2.261946710584651    0.01959956915911077
     -2.764601535159018     -2.136283004441059    0.02019339448209373
     -2.764601535159018     -2.010619298297468    0.01523820206219462
     -2.764601535159018     -1.884955592153876   0.003572724410907376
     -2.764601535159018     -1.759291886010284   0.004358250875959879
     -2.764601535159018     -1.633628179866693    0.01835033030088913
     -2.764601535159018     -1.507964473723101    0.03124956575144689
     -2.764601535159018     -1.382300767579509     0.0508361933830717
     -2.764601535159018     -1.256637061435917    0.09668670953053012
     -2.764601535159018     -1.130973355292325     0.1609125306753518
     -2.764601535159018     -1.005309649148733     0.2118923555836878
     -2.764601535159018     -0.879645943005142     0.2381550105787376
     -2.764601535159018    -0.7539822368615505     0.2580671994984657
     -2.764601535159018    -0.6283185307179586     0.2708988178613843
     -2.764601535159018    -0.5026548245743667     0.2467329327378555
     -2.764601535159018    -0.3769911184307753     0.1900566092205334
     -2.764601535159018    -0.2513274122871838     0.1424289869799017
     -2.764601535159018    -0.1256637061435919     0.1089932169859882
     -2.764601535159018                      0    0.06754312504381056
     -2.764601535159018     0.1256637061435919    0.03328249480964384
     -2.764601535159018     0.2513274122871834     0.0309807178933492
     -2.764601535159018     0.3769911184307753     0.0445003287895176
     -2.764601535159018     0.5026548245743672    0.05285122979557706
     -2.764601535159018     0.6283185307179582    0.06336932092668907
     -2.764601535159018     0.7539822368615501      0.081857676958016
     -2.764601535159018     0.8796459430051424    0.09904141359064228
     -2.764601535159018      1.005309649148734     0.1120810667817276
     -2.764601535159018      1.130973355292326     0.1245248748265375
     -2.764601535159018      1.256637061435917     0.1281253151987827
     -2.764601535159018      1.382300767579509     0.1074518438990976
     -2.764601535159018      1.507964473723101    0.06462999460371575
     -2.764601535159018      1.633628179866692    0.02448083867030774
     -2.764601535159018      1.759291886010284   0.005707022447729311
     -2.764601535159018      1.884955592153876   0.002051542333662452
     -2.764601535159018      2.010619298297467   0.001240619509606541
     -2.764601535159018       2.13628300444106  0.0009698735929372108
     -2.764601535159018      2.261946710584651  0.0005640678918748475
     -2.764601535159018      2.387610416728243  -0.001034261164950029
     -2.764601535159018      2.513274122871834 -0.0005487823351198913
     -2.764601535159018      2.638937829015426   0.002285145548533951
     -2.764601535159018      2.764601535159018    0.00808080913615186
     -2.764601535159018      2.890265241302609    0.03294393992868615
     -2.764601535159018      3.015928947446201    0.08765425646394688
     -2.638937829015426     -3.141592653589793     0.1617361625654846
     -2.638937829015426     -3.015928947446201     0.1645403280030894
     -2.638937829015426      -2.89026524130261      0.119863691531667
     -2.638937829015426     -2.764601535159018    0.07113963415842486
     -2.638937829015426     -2.638937829015426    0.04924746371050415
     -2.638937829015426     -2.513274122871834     0.0432047181643645
     -2.638937829015426     -2.387610416728243    0.02846652702744565
     -2.638937829015426     -2.261946710584651    0.00649546283785957
     -2.638937829015426     -2.136283004441059  -0.002207347485699137
     -2.638937829015426     -2.010619298297468   0.007487918749675077
     -2.638937829015426     -1.884955592153876    0.01894695170067864
     -2.638937829015426     -1.759291886010284    0.02099974449950962
     -2.638937829015426     -1.633628179866693    0.02265348548197937
     -2.638937829015426     -1.507964473723101    0.03010941117448023
     -2.638937829015426     -1.382300767579509    0.03674239429939716
     -2.638937829015426     -1.256637061435917    0.05440515742101036
     -2.638937829015426     -1.130973355292325     0.1097108581283728
     -2.638937829015426     -1.005309649148733     0.1910517213214042
     -2.638937829015426     -0.879645943005142      0.254175831126374
     -2.638937829015426    -0.7539822368615505     0.2808442562213475
     -2.638937829015426    -0.6283185307179586     0.2793170830626608
     -2.638937829015426    -0.5026548245743667     0.2535167487628672
     -2.638937829015426    -0.3769911184307753     0.2143874705790006
     -2.638937829015426    -0.2513274122871838     0.1788416048974631
     -2.638937829015426    -0.1256637061435919     0.1387756933612561
     -2.638937829015426                      0    0.08292309894122206
     -2.638937829015426     0.1256637061435919    0.03797914360143084
     -2.638937829015426     0.2513274122871834    0.03309618699567434
     -2.638937829015426     0.3769911184307753    0.05422178685479234
     -2.638937829015426     0.5026548245743672    0.07403467821636281
     -2.638937829015426     0.6283185307179582    0.08814812448841147
     -2.638937829015426     0.7539822368615501     0.1020669938839583
     -2.638937829015426     0.8796459430051424     0.1174210513430543
     -2.638937829015426      1.005309649148734     0.1364488920599617
     -2.638937829015426      1.130973355292326     0.1564289662734123
     -2.638937829015426      1.256637061435917     0.1612147220298785
     -2.638937829015426      1.382300767579509     0.1342969562280161
     -2.638937829015426      1.507964473723101     0.0822837758572416
     -2.638937829015426      1.633628179866692    0.03409139687276899
     -2.638937829015426      1.759291886010284    0.00956625049007993
     -2.638937829015426      1.884955592153876   0.002364160595137703
     -2.638937829015426      2.010619298297467  0.0004365372921846743
     -2.638937829015426       2.13628300444106  0.0009916596572839861
     -2.638937829015426      2.261946710584651   0.001206692624201019
     -2.638937829015426      2.387610416728243  -0.001433399011286972
     -2.638937829015426      2.513274122871834  -0.001768237444250317
     -2.638937829015426      2.638937829015426   0.003862560421406719
     -2.638937829015426      2.764601535159018     0.0168565688012411
     -2.638937829015426      2.890265241302609     0.0500862758844314
     -2.638937829015426      3.015928947446201     0.1092724059627403
     -2.513274122871834     -3.141592653589793     0.1350318663614917
     -2.513274122871834     -3.015928947446201     0.1385814167637365
     -2.513274122871834      -2.89026524130261     0.1045371788068254
     -2.513274122871834     -2.764601535159018    0.06346096609204652
     -2.513274122871834     -2.638937829015426      0.045630888526693
     -2.513274122871834     -2.513274122871834    0.04265547735699081
     -2.513274122871834     -2.387610416728243    0.02816602095929673
     -2.513274122871834     -2.261946710584651   0.005048101655937003
     -2.513274122871834     -2.136283004441059  -0.001878180591030878
     -2.513274122871834     -2.010619298297468    0.01258998855551518
     -2.513274122871834     -1.884955592153876    0.02919624815621204
     -2.513274122871834     -1.759291886010284    0.03552642271050267
     -2.513274122871834     -1.633628179866693    0.04108379760838497
     -2.513274122871834     -1.507964473723101    0.05501504570963548
     -2.513274122871834     -1.382300767579509    0.07034671032014393
     -2.513274122871834     -1.256637061435917    0.08571793346642582
     -2.513274122871834     -1.130973355292325     0.1158514782517765
     -2.513274122871834     -1.005309649148733     0.1633217343576529
     -2.513274122871834     -0.879645943005142     0.2061993247187808
     -2.513274122871834    -0.7539822368615505     0.2236298150814955
     -2.513274122871834    -0.6283185307179586     0.2152481930516678
     -2.513274122871834    -0.5026548245743667     0.1948458665423271
     -2.513274122871834    -0.3769911184307753     0.1748163688918625
     -2.513274122871834    -0.2513274122871838     0.1533611087580301
     -2.513274122871834    -0.1256637061435919     0.1174781828433255
     -2.513274122871834                      0    0.06797711795625833
     -2.513274122871834     0.1256637061435919    0.03057511141731846
     -2.513274122871834     0.2513274122871834     0.0251347405481945
     -2.513274122871834     0.3769911184307753    0.04138001628431348
     -2.513274122871834     0.5026548245743672    0.05993703834691173
     -2.513274122871834     0.6283185307179582    0.07537029080810602
     -2.513274122871834     0.7539822368615501     0.0904465200041661
     -2.513274122871834     0.8796459430051424       0.10751769184965
     -2.513274122871834      1.005309649148734     0.1277450984294993
     -2.513274122871834      1.130973355292326     0.1457413054675517
     -2.513274122871834      1.256637061435917     0.1470662205875067
     -2.513274122871834      1.382300767579509     0.1207499158686346
     -2.513274122871834      1.507964473723101    0.07475366877783028
     -2.513274122871834      1.633628179866692    0.03238877647257253
     -2.513274122871834      1.759291886010284   0.009495606820280968
     -2.513274122871834      1.884955592153876   0.002203936044401338
     -2.513274122871834      2.010619298297467  0.0004104304068250121
     -2.513274122871834       2.13628300444106  0.0003880485030004049
     -2.513274122871834      2.261946710584651  0.0007594612551751322
     -2.513274122871834      2.387610416728243 -0.0004762683449552089
     -2.513274122871834      2.513274122871834  -0.001801192140350194
     -2.513274122871834      2.638937829015426   0.002085312016290743
     -2.513274122871834      2.764601535159018    0.01770886443053987
     -2.513274122871834      2.890265241302609    0.05061188912366214
     -2.513274122871834      3.015928947446201    0.09685675262297561
     -2.387610416728243     -3.141592653589793     0.1036544136470311
     -2.387610416728243     -3.015928947446201     0.1137842308062748
     -2.387610416728243      -2.89026524130261    0.09531429084988234
     -2.387610416728243     -2.764601535159018    0.06482422846926406
     -2.387610416728243     -2.638937829015426    0.05207219863075861
     -2.387610416728243     -2.513274122871834    0.05195991928957929
     -2.387610416728243     -2.387610416728243    0.03947172578103405
     -2.387610416728243     -2.261946710584651    0.02066487903537544
     -2.387610416728243     -2.136283004441059    0.01568150952267793
     -2.387610416728243     -2.010619298297468    0.01997694231954513
     -2.387610416728243     -1.884955592153876    0.02345948538650028
     -2.387610416728243     -1.759291886010284    0.03187279634538553
     -2.387610416728243     -1.633628179866693    0.04962965800875715
     -2.387610416728243     -1.507964473723101    0.07423756808240869
     -2.387610416728243     -1.382300767579509     0.1045923401315219
     -2.387610416728243     -1.256637061435917     0.1306580756582525
     -2.387610416728243     -1.130973355292325     0.1371437706535509
     -2.387610416728243     -1.005309649148733     0.1311559568248775
     -2.387610416728243     -0.879645943005142     0.1324291839217438
     -2.387610416728243    -0.7539822368615505     0.1373552044755108
     -2.387610416728243    -0.6283185307179586     0.1305002541230968
     -2.387610416728243    -0.5026548245743667     0.1163896066884337
     -2.387610416728243    -0.3769911184307753     0.1066103233647856
     -2.387610416728243    -0.2513274122871838    0.09550026831734247
     -2.387610416728243    -0.1256637061435919     0.0718906801435984
     -2.387610416728243                      0    0.04116088682188809
     -2.387610416728243     0.1256637061435919    0.02057767157052953
     -2.387610416728243     0.2513274122871834    0.01672096967422849
     -2.387610416728243     0.3769911184307753      0.021038706646344
     -2.387610416728243     0.5026548245743672    0.02827992106106268
     -2.387610416728243     0.6283185307179582    0.04190057880615181
     -2.387610416728243     0.7539822368615501    0.06111343670020898
     -2.387610416728243     0.8796459430051424    0.08044738082475908
     -2.387610416728243      1.005309649148734    0.09780624618010525
     -2.387610416728243      1.130973355292326     0.1091841230466829
     -2.387610416728243      1.256637061435917     0.1052510296027947
     -2.387610416728243      1.382300767579509     0.0830933832462042
     -2.387610416728243      1.507964473723101    0.05194526059416825
     -2.387610416728243      1.633628179866692    0.02411319917030802
     -2.387610416728243      1.759291886010284   0.007055664200089621
     -2.387610416728243      1.884955592153876   0.001310870054426293
     -2.387610416728243      2.010619298297467  0.0008513950223504777
     -2.387610416728243       2.13628300444106 -5.529883293520955e-05
     -2.387610416728243      2.261946710584651 -0.0003900200159180039
     -2.387610416728243      2.387610416728243  0.0007304367972460489
     -2.387610416728243      2.513274122871834 -0.0006173424850758729
     -2.387610416728243      2.638937829015426 -0.0008585182311978329
     -2.387610416728243      2.764601535159018    0.01258497704935135
     -2.387610416728243      2.890265241302609    0.04177826722018251
     -2.387610416728243      3.015928947446201    0.07556846721969546
     -2.261946710584651     -3.141592653589793    0.09456772335833723
     -2.261946710584651     -3.015928947446201     0.1047963552386373
     -2.261946710584651      -2.89026524130261    0.09357694467935844
     -2.261946710584651     -2.764601535159018    0.07055660364233234
     -2.261946710584651     -2.638937829015426    0.05719216418221788
     -2.261946710584651     -2.513274122871834    0.05311818312059552
     -2.261946710584651     -2.387610416728243    0.04448032985751752
     -2.261946710584651     -2.261946710584651    0.03657885968602948
     -2.261946710584651     -2.136283004441059    0.03862315609081524
     -2.261946710584651     -2.010619298297468    0.04136904472227821
     -2.261946710584651     -1.884955592153876    0.04011459832133331
     -2.261946710584651     -1.759291886010284    0.04517107637898354
     -2.261946710584651     -1.633628179866693    0.05891251740226358
     -2.261946710584651     -1.507964473723101     0.0785631062900575
     -2.261946710584651     -1.382300767579509     0.1074660517370585
     -2.261946710584651     -1.256637061435917     0.1320250583688629
     -2.261946710584651     -1.130973355292325     0.1255187877203973
     -2.261946710584651     -1.005309649148733    0.09585432649186157
     -2.261946710584651     -0.879645943005142    0.07720404499561637
     -2.261946710584651    -0.7539822368615505     0.0739822701206634
     -2.261946710584651    -0.6283185307179586     0.0680970498675912
     -2.261946710584651    -0.5026548245743667    0.06006001625385112
     -2.261946710584651    -0.3769911184307753    0.05688370262598867
     -2.261946710584651    -0.2513274122871838    0.05008726459289201
     -2.261946710584651    -0.1256637061435919    0.03391093725838701
     -2.261946710584651                      0    0.01798728891286643
     -2.261946710584651     0.1256637061435919    0.01101516892982404
     -2.261946710584651     0.2513274122871834    0.01066275548934141
     -2.261946710584651     0.3769911184307753    0.01215303574866329
     -2.261946710584651     0.5026548245743672    0.01621572823213165
     -2.261946710584651     0.6283185307179582    0.02603087069314242
     -2.261946710584651     0.7539822368615501    0.04089127538031465
     -2.261946710584651     0.8796459430051424    0.05633123136774194
     -2.261946710584651      1.005309649148734    0.06802069204050054
     -2.261946710584651      1.130973355292326    0.07259389108602073
     -2.261946710584651      1.256637061435917    0.06755584048914398
     -2.261946710584651      1.382300767579509    0.05331305636740011
     -2.261946710584651      1.507964473723101    0.03400571971876067
     -2.261946710584651      1.633628179866692     0.0157966079691213
     -2.261946710584651      1.759291886010284   0.004414930830265119
     -2.261946710584651      1.884955592153876   0.001183302466467776
     -2.261946710584651      2.010619298297467  0.0009871593952501506
     -2.261946710584651       2.13628300444106 -0.0005661970659581187
     -2.261946710584651      2.261946710584651 -0.0007337574302665971
     -2.261946710584651      2.387610416728243   0.001365258225217089
     -2.261946710584651      2.513274122871834 -0.0001508332049481686
     -2.261946710584651      2.638937829015426  -0.002019059099769828
     -2.261946710584651      2.764601535159018    0.01040503029415982
     -2.261946710584651      2.890265241302609    0.03918546817983914
     -2.261946710584651      3.015928947446201    0.07050644692200518
     -2.136283004441059     -3.141592653589793    0.09649869720332414
     -2.136283004441059     -3.015928947446201     0.0996996436254937
     -2.136283004441059      -2.89026524130261    0.09101650109685666
     -2.136283004441059     -2.764601535159018    0.07564102252509915
     -2.136283004441059     -2.638937829015426    0.05876224795319452
     -2.136283004441059     -2.513274122871834    0.04624549069375472
     -2.136283004441059     -2.387610416728243    0.04319508581352767
     -2.136283004441059     -2.261946710584651    0.05099041004610875
     -2.136283004441059     -2.136283004441059    0.06590157029060086
     -2.136283004441059     -2.010619298297468    0.08109142086963239
     -2.136283004441059     -1.884955592153876    0.09023578690876491
     -2.136283004441059     -1.759291886010284    0.09015530924409904
     -2.136283004441059     -1.633628179866693    0.08421951913670958
     -2.136283004441059     -1.507964473723101    0.08424570007122821
     -2.136283004441059     -1.382300767579509    0.09747050895850023
     -2.136283004441059     -1.256637061435917      0.108121185068004
     -2.136283004441059     -1.130973355292325    0.09481499364937269
     -2.136283004441059     -1.005309649148733    0.06737272437669194
     -2.136283004441059     -0.879645943005142    0.05048996423351338
     -2.136283004441059    -0.7539822368615505    0.04238504331504321
     -2.136283004441059    -0.6283185307179586    0.03272032093021968
     -2.136283004441059    -0.5026548245743667    0.03043796431732448
     -2.136283004441059    -0.3769911184307753    0.03519658306637809
     -2.136283004441059    -0.2513274122871838    0.02772202155361055
     -2.136283004441059    -0.1256637061435919   0.009561918748010222
     -2.136283004441059                      0  0.0008833141240426919
     -2.136283004441059     0.1256637061435919   0.002417929790703603
     -2.136283004441059     0.2513274122871834   0.005259263072351539
     -2.136283004441059     0.3769911184307753    0.01367554994678851
     -2.136283004441059     0.5026548245743672    0.02701126962994824
     -2.136283004441059     0.6283185307179582     0.0341026853820962
     -2.136283004441059     0.7539822368615501    0.03694258237452289
     -2.136283004441059     0.8796459430051424    0.04424871913104524
     -2.136283004441059      1.005309649148734    0.05021647637136059
     -2.136283004441059      1.130973355292326    0.04868050164609266
     -2.136283004441059      1.256637061435917    0.04557769754701683
     -2.136283004441059      1.382300767579509    0.04073870144426329
     -2.136283004441059      1.507964473723101    0.02689240980573938
     -2.136283004441059      1.633628179866692    0.00996755081255688
     -2.136283004441059      1.759291886010284   0.002197426687965596
     -2.136283004441059      1.884955592153876   0.001953251966800557
     -2.136283004441059      2.010619298297467  0.0007704157021706055
     -2.136283004441059       2.13628300444106  -0.001271572987116197
     -2.136283004441059      2.261946710584651 -0.0001380981279372609
     -2.136283004441059      2.387610416728243   0.001559863463489367
     -2.136283004441059      2.513274122871834 -0.0008957524731667534
     -2.136283004441059      2.638937829015426  -0.001455408672183337
     -2.136283004441059      2.764601535159018     0.0132851779377344
     -2.136283004441059      2.890265241302609    0.04456165644017496
     -2.136283004441059      3.015928947446201    0.07715270021794766
     -2.010619298297468     -3.141592653589793     0.1047031585404749
     -2.010619298297468     -3.015928947446201     0.1062492218021784
     -2.010619298297468      -2.89026524130261      0.100728496612851
     -2.010619298297468     -2.764601535159018    0.09246429632191663
     -2.010619298297468     -2.638937829015426    0.07895063014040539
     -2.010619298297468     -2.513274122871834      0.067897966814623
     -2.010619298297468     -2.387610416728243    0.07085655988875768
     -2.010619298297468     -2.261946710584651    0.08407288898776388
     -2.010619298297468     -2.136283004441059    0.09721407992941689
     -2.010619298297468     -2.010619298297468     0.1089200622433752
     -2.010619298297468     -1.884955592153876     0.1174962706116827
     -2.010619298297468     -1.759291886010284     0.1144455479416018
     -2.010619298297468     -1.633628179866693      0.100013837690424
     -2.010619298297468     -1.507964473723101    0.08966983032158485
     -2.010619298297468     -1.382300767579509    0.09288210574722511
     -2.010619298297468     -1.256637061435917    0.09451495104291791
     -2.010619298297468     -1.130973355292325    0.07657021915149877
     -2.010619298297468     -1.005309649148733    0.05087314778763848
     -2.010619298297468     -0.879645943005142    0.03759632164157604
     -2.010619298297468    -0.7539822368615505    0.02897049064078178
     -2.010619298297468    -0.6283185307179586     0.0163011040603118
     -2.010619298297468    -0.5026548245743667    0.01451376129515496
     -2.010619298297468    -0.3769911184307753    0.02142606780824338
     -2.010619298297468    -0.2513274122871838    0.01236042261949837
     -2.010619298297468    -0.1256637061435919  -0.006053987675927652
     -2.010619298297468                      0  -0.007451240387458133
     -2.010619298297468     0.1256637061435919   0.001328653067778924
     -2.010619298297468     0.2513274122871834   0.004752067374872815
     -2.010619298297468     0.3769911184307753     0.0139113779944092
     -2.010619298297468     0.5026548245743672    0.03109320522452593
     -2.010619298297468     0.6283185307179582    0.03774182190379412
     -2.010619298297468     0.7539822368615501    0.03526248230815202
     -2.010619298297468     0.8796459430051424    0.03887523985800285
     -2.010619298297468      1.005309649148734    0.04262975626824071
     -2.010619298297468      1.130973355292326    0.03758179914060848
     -2.010619298297468      1.256637061435917    0.03284885719982349
     -2.010619298297468      1.382300767579509    0.03091928513595765
     -2.010619298297468      1.507964473723101    0.02143853404160654
     -2.010619298297468      1.633628179866692   0.007223185726674581
     -2.010619298297468      1.759291886010284  0.0007820054871943391
     -2.010619298297468      1.884955592153876    0.00141560676315179
     -2.010619298297468      2.010619298297467  0.0007337117004580592
     -2.010619298297468       2.13628300444106  -0.001203552951195638
     -2.010619298297468      2.261946710584651 -0.0001745701049039669
     -2.010619298297468      2.387610416728243   0.001494518540494082
     -2.010619298297468      2.513274122871834 -0.0007656567386894487
     -2.010619298297468      2.638937829015426  -0.001097015608628905
     -2.010619298297468      2.764601535159018    0.01444258784798373
     -2.010619298297468      2.890265241302609    0.04858847700768012
     -2.010619298297468      3.015928947446201    0.08491965673158404
     -1.884955592153876     -3.141592653589793     0.1470290208376507
     -1.884955592153876     -3.015928947446201      0.155292586910545
     -1.884955592153876      -2.89026524130261     0.1446312145278869
     -1.884955592153876     -2.764601535159018     0.1301117715890283
     -1.884955592153876     -2.638937829015426     0.1175012816803973
     -1.884955592153876     -2.513274122871834     0.1115825803837849
     -1.884955592153876     -2.387610416728243     0.1161453192103329
     -1.884955592153876     -2.261946710584651     0.1236712512195068
     -1.884955592153876     -2.136283004441059     0.1219193333154073
     -1.884955592153876     -2.010619298297468     0.1101964972815906
     -1.884955592153876     -1.884955592153876    0.09827647418307096
     -1.884955592153876     -1.759291886010284    0.09090395644891006
     -1.884955592153876     -1.633628179866693    0.08410612074586128
     -1.884955592153876     -1.507964473723101    0.07966370117270039
     -1.884955592153876     -1.382300767579509    0.08489860436886296
     -1.884955592153876     -1.256637061435917    0.08956086087082789
     -1.884955592153876     -1.130973355292325    0.07390068674779127
     -1.884955592153876     -1.005309649148733    0.04661939338075925
     -1.884955592153876     -0.879645943005142    0.03219834640933095
     -1.884955592153876    -0.7539822368615505    0.02775829195272854
     -1.884955592153876    -0.6283185307179586     0.0192870131493023
     -1.884955592153876    -0.5026548245743667    0.01268157458487629
     -1.884955592153876    -0.3769911184307753   0.009894025055970847
     -1.884955592153876    -0.2513274122871838 -0.0009020095904288891
     -1.884955592153876    -0.1256637061435919   -0.01218673406527443
     -1.884955592153876                      0  -0.006287528011562769
     -1.884955592153876     0.1256637061435919   0.007529429152901963
     -1.884955592153876     0.2513274122871834    0.01258860977155835
     -1.884955592153876     0.3769911184307753    0.01515656591009848
     -1.884955592153876     0.5026548245743672    0.02250048331208932
     -1.884955592153876     0.6283185307179582    0.02762259617066256
     -1.884955592153876     0.7539822368615501     0.0299171693208948
     -1.884955592153876     0.8796459430051424    0.03533109144815168
     -1.884955592153876      1.005309649148734     0.0388241534784794
     -1.884955592153876      1.130973355292326    0.03379131690343684
     -1.884955592153876      1.256637061435917    0.02578265256383287
     -1.884955592153876      1.382300767579509    0.02073572878820536
     -1.884955592153876      1.507964473723101     0.0154051820542191
     -1.884955592153876      1.633628179866692     0.0071644893317362
     -1.884955592153876      1.759291886010284  0.0006887611115694399
     -1.884955592153876      1.884955592153876 -2.731712648216677e-05
     -1.884955592153876      2.010619298297467   0.001096028226696031
     -1.884955592153876       2.13628300444106 -0.0004544880741112831
     -1.884955592153876      2.261946710584651  -0.001164992161602016
     -1.884955592153876      2.387610416728243   0.001377075943112138
     -1.884955592153876      2.513274122871834  0.0008669563961044539
     -1.884955592153876      2.638937829015426  -0.001591926066852204
     -1.884955592153876      2.764601535159018    0.01198737499193075
     -1.884955592153876      2.890265241302609    0.05377890938037076
     -1.884955592153876      3.015928947446201     0.1086686666158786
     -1.759291886010284     -3.141592653589793     0.2321928189973923
     -1.759291886010284     -3.015928947446201     0.2446661385731908
     -1.759291886010284      -2.89026524130261      0.213059520802131
     -1.759291886010284     -2.764601535159018     0.1733950068309251
     -1.759291886010284     -2.638937829015426     0.1430643813103128
     -1.759291886010284     -2.513274122871834     0.1261949138783993
     -1.759291886010284     -2.387610416728243     0.1250571635150407
     -1.759291886010284     -2.261946710584651     0.1317875106417915
     -1.759291886010284     -2.136283004441059     0.1286181632131721
     -1.759291886010284     -2.010619298297468     0.1070952996771777
     -1.759291886010284     -1.884955592153876    0.07955376110783903
     -1.759291886010284     -1.759291886010284    0.06259592500610681
     -1.759291886010284     -1.633628179866693    0.05698381485860138
     -1.759291886010284     -1.507964473723101    0.05734692780674641
     -1.759291886010284     -1.382300767579509    0.06530234073246163
     -1.759291886010284     -1.256637061435917    0.07479695326794672
     -1.759291886010284     -1.130973355292325    0.06951019871789867
     -1.759291886010284     -1.005309649148733    0.05041306956095989
     -1.759291886010284     -0.879645943005142    0.03727323310947747
     -1.759291886010284    -0.7539822368615505    0.03699854236734558
     -1.759291886010284    -0.6283185307179586    0.03697175154320322
     -1.759291886010284    -0.5026548245743667    0.02742627415044805
     -1.759291886010284    -0.3769911184307753    0.01168312010672643
     -1.759291886010284    -0.2513274122871838  -0.001781957726445065
     -1.759291886010284    -0.1256637061435919  -0.006912241713890002
     -1.759291886010284                      0  -0.001659815442675826
     -1.759291886010284     0.1256637061435919    0.01115628038910105
     -1.759291886010284     0.2513274122871834    0.02327459850486683
     -1.759291886010284     0.3769911184307753    0.02704345590726876
     -1.759291886010284     0.5026548245743672    0.02451960853582941
     -1.759291886010284     0.6283185307179582    0.02446996177419231
     -1.759291886010284     0.7539822368615501    0.02988422257338368
     -1.759291886010284     0.8796459430051424    0.03558906091490573
     -1.759291886010284      1.005309649148734    0.03671097942144062
     -1.759291886010284      1.130973355292326    0.03329616320472849
     -1.759291886010284      1.256637061435917    0.02804285662732121
     -1.759291886010284      1.382300767579509    0.02276855176837389
     -1.759291886010284      1.507964473723101    0.01666949747021928
     -1.759291886010284      1.633628179866692   0.008670246482146031
     -1.759291886010284      1.759291886010284   0.001884169107040037
     -1.759291886010284      1.884955592153876   0.000488578139756463
     -1.759291886010284      2.010619298297467   0.001478632717144712
     -1.759291886010284       2.13628300444106 -0.0004228026225526884
     -1.759291886010284      2.261946710584651  -0.001688662501929828
     -1.759291886010284      2.387610416728243   0.001523448408808896
     -1.759291886010284      2.513274122871834    0.00199052180877324
     -1.759291886010284      2.638937829015426  -0.001976970825411697
     -1.759291886010284      2.764601535159018    0.01202587585118404
     -1.759291886010284      2.890265241302609    0.07025534211811534
     -1.759291886010284      3.015928947446201     0.1611519096909545
     -1.633628179866693     -3.141592653589793     0.3017684101435654
     -1.633628179866693     -3.015928947446201     0.3117317932776583
     -1.633628179866693      -2.89026524130261     0.2594376015484381
     -1.633628179866693     -2.764601535159018     0.1967494948850162
     -1.633628179866693     -2.638937829015426     0.1462885244063524
     -1.633628179866693     -2.513274122871834     0.1140253643512311
     -1.633628179866693     -2.387610416728243     0.1065025049310222
     -1.633628179866693     -2.261946710584651     0.1157929014448907
     -1.633628179866693     -2.136283004441059     0.1207114705426781
     -1.633628179866693     -2.010619298297468     0.1088690041925648
     -1.633628179866693     -1.884955592153876    0.08436099572046335
     -1.633628179866693     -1.759291886010284    0.05930194677590795
     -1.633628179866693     -1.633628179866693    0.04447415040492495
     -1.633628179866693     -1.507964473723101    0.04280097798366004
     -1.633628179866693     -1.382300767579509    0.04848722160034102
     -1.633628179866693     -1.256637061435917    0.05366336644907319
     -1.633628179866693     -1.130973355292325    0.05400022527402312
     -1.633628179866693     -1.005309649148733    0.04923572913542447
     -1.633628179866693     -0.879645943005142    0.04425640678545524
     -1.633628179866693    -0.7539822368615505     0.0452779460397507
     -1.633628179866693    -0.6283185307179586    0.04753964918922327
     -1.633628179866693    -0.5026548245743667    0.03856810337676124
     -1.633628179866693    -0.3769911184307753    0.02061191790590721
     -1.633628179866693    -0.2513274122871838   0.008475306486808807
     -1.633628179866693    -0.1256637061435919   0.004142587160789469
     -1.633628179866693                      0     0.0024484650241175
     -1.633628179866693     0.1256637061435919    0.01034036527997984
     -1.633628179866693     0.2513274122871834    0.02916776173381024
     -1.633628179866693     0.3769911184307753     0.0411571590201438
     -1.633628179866693     0.5026548245743672    0.03803083596654151
     -1.633628179866693     0.6283185307179582    0.03350593675169766
     -1.633628179866693     0.7539822368615501    0.03620736045786475
     -1.633628179866693     0.8796459430051424    0.03933006285367019
     -1.633628179866693      1.005309649148734    0.03835682628908725
     -1.633628179866693      1.130973355292326    0.03716510111186119
     -1.633628179866693      1.256637061435917     0.0374254745199237
     -1.633628179866693      1.382300767579509    0.03420621584534053
     -1.633628179866693      1.507964473723101    0.02395261809414751
     -1.633628179866693      1.633628179866692    0.01128618949559632
     -1.633628179866693      1.759291886010284   0.003696601881058612
     -1.633628179866693      1.884955592153876   0.002161747494372882
     -1.633628179866693      2.010619298297467   0.001450576571487752
     -1.633628179866693       2.13628300444106  -0.001004361736306978
     -1.633628179866693      2.261946710584651  -0.001410888391940155
     -1.633628179866693      2.387610416728243   0.001740381173465203
     -1.633628179866693      2.513274122871834   0.001797363457275792
     -1.633628179866693      2.638937829015426  -0.001713677083714166
     -1.633628179866693      2.764601535159018    0.01599877534147374
     -1.633628179866693      2.890265241302609    0.08949459025331849
     -1.633628179866693      3.015928947446201     0.2086370739993985
     -1.507964473723101     -3.141592653589793     0.2928072305955057
     -1.507964473723101     -3.015928947446201     0.3000452170192898
     -1.507964473723101      -2.89026524130261     0.2485145015323687
     -1.507964473723101     -2.764601535159018     0.1891587068489335
     -1.507964473723101     -2.638937829015426     0.1455936629763581
     -1.507964473723101     -2.513274122871834     0.1217004991662114
     -1.507964473723101     -2.387610416728243     0.1161232609073609
     -1.507964473723101     -2.261946710584651     0.1165797311903439
     -1.507964473723101     -2.136283004441059     0.1113977748125436
     -1.507964473723101     -2.010619298297468     0.1011010722488201
     -1.507964473723101     -1.884955592153876    0.08525389704186562
     -1.507964473723101     -1.759291886010284    0.06243590355882681
     -1.507964473723101     -1.633628179866693    0.04556922586622777
     -1.507964473723101     -1.507964473723101    0.04544827961019984
     -1.507964473723101     -1.382300767579509    0.04891938678102374
     -1.507964473723101     -1.256637061435917    0.04232218391477498
     -1.507964473723101     -1.130973355292325    0.03464325380037804
     -1.507964473723101     -1.005309649148733     0.0368013841405552
     -1.507964473723101     -0.879645943005142    0.04334112696140356
     -1.507964473723101    -0.7539822368615505    0.04474278212225893
     -1.507964473723101    -0.6283185307179586    0.03871851246605872
     -1.507964473723101    -0.5026548245743667      0.028527012880955
     -1.507964473723101    -0.3769911184307753    0.02024949079866896
     -1.507964473723101    -0.2513274122871838    0.01660671667958587
     -1.507964473723101    -0.1256637061435919    0.01262293717770208
     -1.507964473723101                      0   0.007654188782973245
     -1.507964473723101     0.1256637061435919    0.01236692619994751
     -1.507964473723101     0.2513274122871834    0.02874082334997468
     -1.507964473723101     0.3769911184307753    0.04114549822864872
     -1.507964473723101     0.5026548245743672    0.04113313755861518
     -1.507964473723101     0.6283185307179582    0.03804182979349073
     -1.507964473723101     0.7539822368615501    0.03894711418760628
     -1.507964473723101     0.8796459430051424    0.04115441497182511
     -1.507964473723101      1.005309649148734    0.04307948509873607
     -1.507964473723101      1.130973355292326    0.04504508539417759
     -1.507964473723101      1.256637061435917    0.04410386896534198
     -1.507964473723101      1.382300767579509     0.0375305681313029
     -1.507964473723101      1.507964473723101    0.02650740545091921
     -1.507964473723101      1.633628179866692    0.01430306492928562
     -1.507964473723101      1.759291886010284   0.005080444424997324
     -1.507964473723101      1.884955592153876   0.001578827574685888
     -1.507964473723101      2.010619298297467  0.0009985171086041784
     -1.507964473723101       2.13628300444106 -0.0007287962595853631
     -1.507964473723101      2.261946710584651  -0.001323456099378674
     -1.507964473723101      2.387610416728243   0.001434848459978739
     -1.507964473723101      2.513274122871834   0.001548364917986614
     -1.507964473723101      2.638937829015426  -0.001072625785899977
     -1.507964473723101      2.764601535159018    0.01820011889632858
     -1.507964473723101      2.890265241302609    0.09122574510150729
     -1.507964473723101      3.015928947446201     0.2056395412129251
     -1.382300767579509     -3.141592653589793     0.2216090954819785
     -1.382300767579509     -3.015928947446201     0.2289022800322065
     -1.382300767579509      -2.89026524130261     0.1955582245219476
     -1.382300767579509     -2.764601535159018       0.16025380831335
     -1.382300767579509     -2.638937829015426     0.1448881391882001
     -1.382300767579509     -2.513274122871834     0.1475347226110962
     -1.382300767579509     -2.387610416728243     0.1507474813468698
     -1.382300767579509     -2.261946710584651     0.1359892139770869
     -1.382300767579509     -2.136283004441059     0.1066383058284905
     -1.382300767579509     -2.010619298297468     0.0836788309020845
     -1.382300767579509     -1.884955592153876    0.07118380315876659
     -1.382300767579509     -1.759291886010284    0.05773637963036253
     -1.382300767579509     -1.633628179866693    0.04893030564809377
     -1.382300767579509     -1.507964473723101    0.05440568990093961
     -1.382300767579509     -1.382300767579509    0.05778040271736766
     -1.382300767579509     -1.256637061435917    0.04263938790896771
     -1.382300767579509     -1.130973355292325     0.0249502420412887
     -1.382300767579509     -1.005309649148733    0.02736511101683314
     -1.382300767579509     -0.879645943005142    0.04261228708121999
     -1.382300767579509    -0.7539822368615505    0.04482572899639244
     -1.382300767579509    -0.6283185307179586    0.02838558837132572
     -1.382300767579509    -0.5026548245743667    0.01424624006074676
     -1.382300767579509    -0.3769911184307753    0.01479246572583877
     -1.382300767579509    -0.2513274122871838    0.01855101320735863
     -1.382300767579509    -0.1256637061435919    0.01601771952873686
     -1.382300767579509                      0    0.01364304843067446
     -1.382300767579509     0.1256637061435919    0.01789160958759616
     -1.382300767579509     0.2513274122871834    0.02505531662540919
     -1.382300767579509     0.3769911184307753     0.0294874927932821
     -1.382300767579509     0.5026548245743672    0.03142436595665674
     -1.382300767579509     0.6283185307179582    0.03336298080767864
     -1.382300767579509     0.7539822368615501    0.03530732777343731
     -1.382300767579509     0.8796459430051424    0.03866342097894695
     -1.382300767579509      1.005309649148734    0.04580807321635805
     -1.382300767579509      1.130973355292326    0.05027435406045493
     -1.382300767579509      1.256637061435917    0.04282115870472202
     -1.382300767579509      1.382300767579509    0.02949308061954033
     -1.382300767579509      1.507964473723101    0.02173173251795608
     -1.382300767579509      1.633628179866692    0.01548830398469891
     -1.382300767579509      1.759291886010284   0.005084645420663591
     -1.382300767579509      1.884955592153876  -0.001039658596893592
     -1.382300767579509      2.010619298297467  0.0004768147334783898
     -1.382300767579509       2.13628300444106  0.0004687652042371634
     -1.382300767579509      2.261946710584651  -0.001565815959706203
     -1.382300767579509      2.387610416728243  0.0005761510046450972
     -1.382300767579509      2.513274122871834   0.001755324671283901
     -1.382300767579509      2.638937829015426 -0.0002370146874650197
     -1.382300767579509      2.764601535159018    0.01579311282895778
     -1.382300767579509      2.890265241302609    0.07316892074351256
     -1.382300767579509      3.015928947446201     0.1582286429120361
     -1.256637061435917     -3.141592653589793     0.1485045926307397
     -1.256637061435917     -3.015928947446201     0.1564480951814173
     -1.256637061435917      -2.89026524130261     0.1406612933630849
     -1.256637061435917     -2.764601535159018      0.126992900308972
     -1.256637061435917     -2.638937829015426     0.1322059668278741
     -1.256637061435917     -2.513274122871834     0.1511065769300156
     -1.256637061435917     -2.387610416728243     0.1606298939673681
     -1.256637061435917     -2.261946710584651     0.1413375394705521
     -1.256637061435917     -2.136283004441059     0.1020697511766545
     -1.256637061435917     -2.010619298297468    0.07101115943666125
     -1.256637061435917     -1.884955592153876    0.05831169896255965
     -1.256637061435917     -1.759291886010284    0.05262143465819488
     -1.256637061435917     -1.633628179866693    0.05132661891145113
     -1.256637061435917     -1.507964473723101    0.05845440918754277
     -1.256637061435917     -1.382300767579509     0.0622773037254627
     -1.256637061435917     -1.256637061435917    0.04995609355727906
     -1.256637061435917     -1.130973355292325    0.03335712033695874
     -1.256637061435917     -1.005309649148733    0.03428342496565536
     -1.256637061435917     -0.879645943005142    0.04950162095300639
     -1.256637061435917    -0.7539822368615505    0.05205439979712946
     -1.256637061435917    -0.6283185307179586    0.03352610796619333
     -1.256637061435917    -0.5026548245743667    0.01748692572243877
     -1.256637061435917    -0.3769911184307753    0.01724965125227262
     -1.256637061435917    -0.2513274122871838    0.01872277345653888
     -1.256637061435917    -0.1256637061435919    0.01519532358908141
     -1.256637061435917                      0    0.01590043399922991
     -1.256637061435917     0.1256637061435919    0.02031894160911834
     -1.256637061435917     0.2513274122871834     0.0203919856918318
     -1.256637061435917     0.3769911184307753    0.01891103267559956
     -1.256637061435917     0.5026548245743672    0.02229432322166485
     -1.256637061435917     0.6283185307179582    0.02778891596632893
     -1.256637061435917     0.7539822368615501    0.03092112026120341
     -1.256637061435917     0.8796459430051424    0.03537826972398214
     -1.256637061435917      1.005309649148734    0.04451196086142829
     -1.256637061435917      1.130973355292326     0.0485706568286415
     -1.256637061435917      1.256637061435917    0.03741071325072259
     -1.256637061435917      1.382300767579509    0.02177660964019266
     -1.256637061435917      1.507964473723101    0.01641007127240045
     -1.256637061435917      1.633628179866692    0.01356856424421209
     -1.256637061435917      1.759291886010284   0.003678557402841609
     -1.256637061435917      1.884955592153876  -0.002638505040141005
     -1.256637061435917      2.010619298297467  0.0002899345789252219
     -1.256637061435917       2.13628300444106   0.001262825050091426
     -1.256637061435917      2.261946710584651  -0.001537915733245036
     -1.256637061435917      2.387610416728243 -9.557858569324182e-05
     -1.256637061435917      2.513274122871834   0.001756522877398789
     -1.256637061435917      2.638937829015426  0.0003568321827331977
     -1.256637061435917      2.764601535159018    0.01142756951565047
     -1.256637061435917      2.890265241302609    0.05069870419534276
     -1.256637061435917      3.015928947446201     0.1067832015518778
     -1.130973355292325     -3.141592653589793    0.09803404032228301
     -1.130973355292325     -3.015928947446201      0.106861582190316
     -1.130973355292325      -2.89026524130261     0.1019411681281412
     -1.130973355292325     -2.764601535159018    0.09812880239381359
     -1.130973355292325     -2.638937829015426     0.1066639188127693
     -1.130973355292325     -2.513274122871834     0.1235213971767908
     -1.130973355292325     -2.387610416728243     0.1322301384755287
     -1.130973355292325     -2.261946710584651      0.120202031201031
     -1.130973355292325     -2.136283004441059    0.09189034807468191
     -1.130973355292325     -2.010619298297468    0.06448160101032631
     -1.130973355292325     -1.884955592153876    0.05072905600364011
     -1.130973355292325     -1.759291886010284     0.0495214431044195
     -1.130973355292325     -1.633628179866693    0.05330626757076645
     -1.130973355292325     -1.507964473723101    0.05861021054984623
     -1.130973355292325     -1.382300767579509    0.06430670171866827
     -1.130973355292325     -1.256637061435917    0.06427574885312988
     -1.130973355292325     -1.130973355292325    0.05536014666450735
     -1.130973355292325     -1.005309649148733    0.04917715490341563
     -1.130973355292325     -0.879645943005142    0.05430597136482894
     -1.130973355292325    -0.7539822368615505    0.05661206696892875
     -1.130973355292325    -0.6283185307179586    0.04451111958837307
     -1.130973355292325    -0.5026548245743667    0.03089066890267451
     -1.130973355292325    -0.3769911184307753    0.02500174399308433
     -1.130973355292325    -0.2513274122871838    0.01815937833132632
     -1.130973355292325    -0.1256637061435919    0.01076021172130954
     -1.130973355292325                      0    0.01247229300496614
     -1.130973355292325     0.1256637061435919    0.01737635326845128
     -1.130973355292325     0.2513274122871834    0.01502792046682677
     -1.130973355292325     0.3769911184307753    0.01162223273243673
     -1.130973355292325     0.5026548245743672    0.01566220726942861
     -1.130973355292325     0.6283185307179582     0.0228836386924949
     -1.130973355292325     0.7539822368615501     0.0282483067832379
     -1.130973355292325     0.8796459430051424    0.03467282581580575
     -1.130973355292325      1.005309649148734     0.0427887242764519
     -1.130973355292325      1.130973355292326    0.04416264756425414
     -1.130973355292325      1.256637061435917    0.03352855162184163
     -1.130973355292325      1.382300767579509    0.02038726441409959
     -1.130973355292325      1.507964473723101    0.01457567219306317
     -1.130973355292325      1.633628179866692    0.01023268762426238
     -1.130973355292325      1.759291886010284   0.001861178987239483
     -1.130973355292325      1.884955592153876  -0.002291194900824413
     -1.130973355292325      2.010619298297467  0.0005314637123233107
     -1.130973355292325       2.13628300444106    0.00109401366628262
     -1.130973355292325      2.261946710584651  -0.001260749708024237
     -1.130973355292325      2.387610416728243 -2.959783910385333e-05
     -1.130973355292325      2.513274122871834   0.001348834075463774
     -1.130973355292325      2.638937829015426  1.734172735612335e-05
     -1.130973355292325      2.764601535159018    0.00766523586528216
     -1.130973355292325      2.890265241302609    0.03411752481290958
     -1.130973355292325      3.015928947446201    0.07039498377254277
     -1.005309649148733     -3.141592653589793    0.05830308422003654
     -1.005309649148733     -3.015928947446201    0.06852568843875458
     -1.005309649148733      -2.89026524130261    0.07146227667045352
     -1.005309649148733     -2.764601535159018    0.07190438248571535
     -1.005309649148733     -2.638937829015426    0.07840421405512056
     -1.005309649148733     -2.513274122871834    0.08887915713393013
     -1.005309649148733     -2.387610416728243    0.09339026312737114
     -1.005309649148733     -2.261946710584651    0.08841138527062296
     -1.005309649148733     -2.136283004441059    0.07443517944859099
     -1.005309649148733     -2.010619298297468    0.05353936133347396
     -1.005309649148733     -1.884955592153876    0.03866456678368706
     -1.005309649148733     -1.759291886010284    0.04137956561943172
     -1.005309649148733     -1.633628179866693     0.0512512504830963
     -1.005309649148733     -1.507964473723101    0.05657260828395285
     -1.005309649148733     -1.382300767579509    0.06570619623291009
     -1.005309649148733     -1.256637061435917    0.07803994366240491
     -1.005309649148733     -1.130973355292325    0.07425433758358493
     -1.005309649148733     -1.005309649148733    0.05719137399977658
     -1.005309649148733     -0.879645943005142    0.05025556806468205
     -1.005309649148733    -0.7539822368615505    0.05270652552404563
     -1.005309649148733    -0.6283185307179586    0.04817534859949404
     -1.005309649148733    -0.5026548245743667    0.03842959178201594
     -1.005309649148733    -0.3769911184307753    0.02935018804655112
     -1.005309649148733    -0.2513274122871838     0.0168367546631877
     -1.005309649148733    -0.1256637061435919   0.006257931439752751
     -1.005309649148733                      0   0.007845827206918661
     -1.005309649148733     0.1256637061435919    0.01310892507551878
     -1.005309649148733     0.2513274122871834   0.009677887924631576
     -1.005309649148733     0.3769911184307753   0.004255942250603943
     -1.005309649148733     0.5026548245743672   0.007224487691973642
     -1.005309649148733     0.6283185307179582    0.01596213876681815
     -1.005309649148733     0.7539822368615501    0.02526340821740687
     -1.005309649148733     0.8796459430051424    0.03482737103117708
     -1.005309649148733      1.005309649148734    0.04216592023347238
     -1.005309649148733      1.130973355292326     0.0414096801401635
     -1.005309649148733      1.256637061435917    0.03199141683863321
     -1.005309649148733      1.382300767579509    0.02124456871885978
     -1.005309649148733      1.507964473723101    0.01422795746355766
     -1.005309649148733      1.633628179866692   0.007726639367758106
     -1.005309649148733      1.759291886010284  0.0006340001664792415
     -1.005309649148733      1.884955592153876  -0.001480513113676749
     -1.005309649148733      2.010619298297467  0.0008610845737602056
     -1.005309649148733       2.13628300444106  0.0006298178925424233
     -1.005309649148733      2.261946710584651  -0.001079564730215329
     -1.005309649148733      2.387610416728243   0.000387554022524215
     -1.005309649148733      2.513274122871834  0.0009325615768916884
     -1.005309649148733      2.638937829015426 -0.0009062600389906346
     -1.005309649148733      2.764601535159018   0.004651332226968255
     -1.005309649148733      2.890265241302609    0.02180045274285505
     -1.005309649148733      3.015928947446201     0.0420642306184302
     -0.879645943005142     -3.141592653589793      0.024724165470508
     -0.879645943005142     -3.015928947446201    0.03536040774430745
     -0.879645943005142      -2.89026524130261    0.04331141116397404
     -0.879645943005142     -2.764601535159018    0.04694757684231824
     -0.879645943005142     -2.638937829015426    0.05450808310954768
     -0.879645943005142     -2.513274122871834     0.0639312750550154
     -0.879645943005142     -2.387610416728243    0.06578519585855741
     -0.879645943005142     -2.261946710584651    0.06152248057440415
     -0.879645943005142     -2.136283004441059    0.05278078708241436
     -0.879645943005142     -2.010619298297468    0.03527459709124341
     -0.879645943005142     -1.884955592153876    0.02085458125156943
     -0.879645943005142     -1.759291886010284    0.02680775301052813
     -0.879645943005142     -1.633628179866693    0.04191829160144367
     -0.879645943005142     -1.507964473723101    0.05004422826018788
     -0.879645943005142     -1.382300767579509    0.06240006046107827
     -0.879645943005142     -1.256637061435917    0.08056225734319893
     -0.879645943005142     -1.130973355292325    0.07886197860419966
     -0.879645943005142     -1.005309649148733     0.0567423629159127
     -0.879645943005142     -0.879645943005142    0.04417992382001772
     -0.879645943005142    -0.7539822368615505    0.04662412503907067
     -0.879645943005142    -0.6283185307179586    0.04570904012714123
     -0.879645943005142    -0.5026548245743667    0.03816551277100097
     -0.879645943005142    -0.3769911184307753    0.02902285387344746
     -0.879645943005142    -0.2513274122871838    0.01647840982791627
     -0.879645943005142    -0.1256637061435919   0.006123479067233477
     -0.879645943005142                      0   0.006855725079783835
     -0.879645943005142     0.1256637061435919    0.01070507801468183
     -0.879645943005142     0.2513274122871834   0.005977499076707238
     -0.879645943005142     0.3769911184307753  -0.001472758019721618
     -0.879645943005142     0.5026548245743672 -0.0004801814646006078
     -0.879645943005142     0.6283185307179582   0.008761824896075446
     -0.879645943005142     0.7539822368615501    0.02059949967552144
     -0.879645943005142     0.8796459430051424    0.03180898128745661
     -0.879645943005142      1.005309649148734    0.03912475444398388
     -0.879645943005142      1.130973355292326    0.03836508467639478
     -0.879645943005142      1.256637061435917    0.02978573212517141
     -0.879645943005142      1.382300767579509    0.01973688015753319
     -0.879645943005142      1.507964473723101    0.01269062884245284
     -0.879645943005142      1.633628179866692   0.006392724666910545
     -0.879645943005142      1.759291886010284  0.0002602544507656135
     -0.879645943005142      1.884955592153876   -0.00120895640877009
     -0.879645943005142      2.010619298297467  0.0009041583478153997
     -0.879645943005142       2.13628300444106  0.0004865408014761065
     -0.879645943005142      2.261946710584651 -0.0009718228911723406
     -0.879645943005142      2.387610416728243  0.0004906348129602844
     -0.879645943005142      2.513274122871834  0.0007214868974886696
     -0.879645943005142      2.638937829015426  -0.001327917249248243
     -0.879645943005142      2.764601535159018   0.002088517344722096
     -0.879645943005142      2.890265241302609    0.01100047474291285
     -0.879645943005142      3.015928947446201    0.01790139386384989
    -0.7539822368615505     -3.141592653589793   0.008046234970331169
    -0.7539822368615505     -3.015928947446201    0.01749989741709858
    -0.7539822368615505      -2.89026524130261    0.02518296600390125
    -0.7539822368615505     -2.764601535159018    0.02875926289904311
    -0.7539822368615505     -2.638937829015426    0.03703075097968955
    -0.7539822368615505     -2.513274122871834    0.04719993796786533
    -0.7539822368615505     -2.387610416728243     0.0482009777972023
    -0.7539822368615505     -2.261946710584651    0.04212557968338608
    -0.7539822368615505     -2.136283004441059    0.03335159231389607
    -0.7539822368615505     -2.010619298297468     0.0184244683700318
    -0.7539822368615505     -1.884955592153876   0.006528842830531108
    -0.7539822368615505     -1.759291886010284       0.01317017278948
    -0.7539822368615505     -1.633628179866693    0.02959644062569759
    -0.7539822368615505     -1.507964473723101    0.04139230374921909
    -0.7539822368615505     -1.382300767579509    0.05688782070949473
    -0.7539822368615505     -1.256637061435917    0.07606948800257787
    -0.7539822368615505     -1.130973355292325    0.07550748637271044
    -0.7539822368615505     -1.005309649148733    0.05426622332528023
    -0.7539822368615505     -0.879645943005142    0.03999830276102952
    -0.7539822368615505    -0.7539822368615505    0.04039348361331682
    -0.7539822368615505    -0.6283185307179586      0.039836451478033
    -0.7539822368615505    -0.5026548245743667    0.03312691481435016
    -0.7539822368615505    -0.3769911184307753    0.02490206478855678
    -0.7539822368615505    -0.2513274122871838    0.01578551042012716
    -0.7539822368615505    -0.1256637061435919   0.008631845361663427
    -0.7539822368615505                      0     0.0079770921000538
    -0.7539822368615505     0.1256637061435919   0.009036376459228661
    -0.7539822368615505     0.2513274122871834   0.004372881160713275
    -0.7539822368615505     0.3769911184307753  -0.002819128694825814
    -0.7539822368615505     0.5026548245743672  -0.003800131519426196
    -0.7539822368615505     0.6283185307179582   0.003651158396404109
    -0.7539822368615505     0.7539822368615501    0.01477704731198074
    -0.7539822368615505     0.8796459430051424    0.02485027972594587
    -0.7539822368615505      1.005309649148734    0.03146837101608092
    -0.7539822368615505      1.130973355292326    0.03180494482633813
    -0.7539822368615505      1.256637061435917    0.02477299889655734
    -0.7539822368615505      1.382300767579509    0.01561902571353889
    -0.7539822368615505      1.507964473723101   0.009794173955129949
    -0.7539822368615505      1.633628179866692   0.005357453879331627
    -0.7539822368615505      1.759291886010284  0.0004314382853782065
    -0.7539822368615505      1.884955592153876  -0.001096966491308856
    -0.7539822368615505      2.010619298297467  0.0006962506713850193
    -0.7539822368615505       2.13628300444106  0.0005036083854790702
    -0.7539822368615505      2.261946710584651 -0.0008129362654352773
    -0.7539822368615505      2.387610416728243  0.0003114888211931601
    -0.7539822368615505      2.513274122871834  0.0006333115981162093
    -0.7539822368615505      2.638937829015426  -0.001116135763403134
    -0.7539822368615505      2.764601535159018  0.0004161203113315923
    -0.7539822368615505      2.890265241302609   0.004168361427034404
    -0.7539822368615505      3.015928947446201   0.005032560492408275
    -0.6283185307179586     -3.141592653589793   0.007944317305059671
    -0.6283185307179586     -3.015928947446201    0.01556622733160439
    -0.6283185307179586      -2.89026524130261    0.01973254035631334
    -0.6283185307179586     -2.764601535159018    0.02033890788331899
    -0.6283185307179586     -2.638937829015426    0.02620465496492172
    -0.6283185307179586     -2.513274122871834    0.03470991112050193
    -0.6283185307179586     -2.387610416728243    0.03532351949185492
    -0.6283185307179586     -2.261946710584651    0.02933768687709769
    -0.6283185307179586     -2.136283004441059     0.0216821369545399
    -0.6283185307179586     -2.010619298297468    0.01042268027140581
    -0.6283185307179586     -1.884955592153876   0.001558702521560298
    -0.6283185307179586     -1.759291886010284     0.0066284286625922
    -0.6283185307179586     -1.633628179866693    0.02089494273783105
    -0.6283185307179586     -1.507964473723101     0.0347542335575346
    -0.6283185307179586     -1.382300767579509     0.0526218599122071
    -0.6283185307179586     -1.256637061435917    0.07120170100154606
    -0.6283185307179586     -1.130973355292325    0.07082783400031334
    -0.6283185307179586     -1.005309649148733    0.05075832700295577
    -0.6283185307179586     -0.879645943005142    0.03433449540594594
    -0.6283185307179586    -0.7539822368615505    0.03122943854413575
    -0.6283185307179586    -0.6283185307179586     0.0302642930877126
    -0.6283185307179586    -0.5026548245743667      0.024557809637005
    -0.6283185307179586    -0.3769911184307753    0.01751189897569537
    -0.6283185307179586    -0.2513274122871838     0.0121282387306662
    -0.6283185307179586    -0.1256637061435919   0.008732908125743245
    -0.6283185307179586                      0   0.007365417455713581
    -0.6283185307179586     0.1256637061435919   0.006622699031766638
    -0.6283185307179586     0.2513274122871834   0.003699613327404572
    -0.6283185307179586     0.3769911184307753   -0.00141146967428498
    -0.6283185307179586     0.5026548245743672  -0.003796708364909687
    -0.6283185307179586     0.6283185307179582  0.0006197605000813356
    -0.6283185307179586     0.7539822368615501   0.009131336780108695
    -0.6283185307179586     0.8796459430051424    0.01667082975840098
    -0.6283185307179586      1.005309649148734    0.02158186834326017
    -0.6283185307179586      1.130973355292326    0.02243983649767133
    -0.6283185307179586      1.256637061435917    0.01750648716890364
    -0.6283185307179586      1.382300767579509    0.01045733263397126
    -0.6283185307179586      1.507964473723101   0.006471813967566959
    -0.6283185307179586      1.633628179866692   0.004012642742982307
    -0.6283185307179586      1.759291886010284  0.0006083382293247811
    -0.6283185307179586      1.884955592153876  -0.000780086992959046
    -0.6283185307179586      2.010619298297467  0.0004783645353108873
    -0.6283185307179586       2.13628300444106  0.0003990790117769046
    -0.6283185307179586      2.261946710584651 -0.0006353466138836197
    -0.6283185307179586      2.387610416728243  0.0001937994138154914
    -0.6283185307179586      2.513274122871834  0.0005675175946091862
    -0.6283185307179586      2.638937829015426 -0.0008284591554764508
    -0.6283185307179586      2.764601535159018 -0.0002033624657150981
    -0.6283185307179586      2.890265241302609   0.002365221303436442
    -0.6283185307179586      3.015928947446201   0.003986470886326296
    -0.5026548245743667     -3.141592653589793   0.006962539185488738
    -0.5026548245743667     -3.015928947446201    0.01271082469804591
    -0.5026548245743667      -2.89026524130261    0.01525756276359189
    -0.5026548245743667     -2.764601535159018    0.01558658891838111
    -0.5026548245743667     -2.638937829015426    0.02074741108589573
    -0.5026548245743667     -2.513274122871834    0.02850431362184555
    -0.5026548245743667     -2.387610416728243     0.0299636376171605
    -0.5026548245743667     -2.261946710584651     0.0249221606619457
    -0.5026548245743667     -2.136283004441059    0.01763000361981016
    -0.5026548245743667     -2.010619298297468   0.008495123102813439
    -0.5026548245743667     -1.884955592153876   0.002009868768888042
    -0.5026548245743667     -1.759291886010284   0.005529673507417142
    -0.5026548245743667     -1.633628179866693    0.01644565713486452
    -0.5026548245743667     -1.507964473723101    0.02922484030827607
    -0.5026548245743667     -1.382300767579509    0.04588662728828465
    -0.5026548245743667     -1.256637061435917    0.06150657464247365
    -0.5026548245743667     -1.130973355292325    0.06072121521244614
    -0.5026548245743667     -1.005309649148733    0.04328488279933992
    -0.5026548245743667     -0.879645943005142    0.02745194103381925
    -0.5026548245743667    -0.7539822368615505    0.02237788912325047
    -0.5026548245743667    -0.6283185307179586    0.02062945119019935
    -0.5026548245743667    -0.5026548245743667    0.01581811883609193
    -0.5026548245743667    -0.3769911184307753    0.01018175007564338
    -0.5026548245743667    -0.2513274122871838   0.007159609881555708
    -0.5026548245743667    -0.1256637061435919   0.006244831512383075
    -0.5026548245743667                      0      0.005597007008646
    -0.5026548245743667     0.1256637061435919   0.004751134294737799
    -0.5026548245743667     0.2513274122871834   0.002958546727567447
    -0.5026548245743667     0.3769911184307753 -0.0005482768227059634
    -0.5026548245743667     0.5026548245743672  -0.003008306853816304
    -0.5026548245743667     0.6283185307179582 -0.0007241225484878365
    -0.5026548245743667     0.7539822368615501   0.004831117493206404
    -0.5026548245743667     0.8796459430051424   0.009769463663817306
    -0.5026548245743667      1.005309649148734    0.01307421677695875
    -0.5026548245743667      1.130973355292326    0.01374275240944148
    -0.5026548245743667      1.256637061435917    0.01007538062338781
    -0.5026548245743667      1.382300767579509   0.005067829800037914
    -0.5026548245743667      1.507964473723101   0.003137522648210319
    -0.5026548245743667      1.633628179866692    0.00253540784790683
    -0.5026548245743667      1.759291886010284   0.000456403527072167
    -0.5026548245743667      1.884955592153876 -0.0006735198186619187
    -0.5026548245743667      2.010619298297467  0.0002955722744229699
    -0.5026548245743667       2.13628300444106  0.0003554860268331713
    -0.5026548245743667      2.261946710584651 -0.0004877647306617439
    -0.5026548245743667      2.387610416728243  6.408221075902463e-05
    -0.5026548245743667      2.513274122871834  0.0005134085665495943
    -0.5026548245743667      2.638937829015426 -0.0004986360478043576
    -0.5026548245743667      2.764601535159018 -0.0004961973429788868
    -0.5026548245743667      2.890265241302609   0.001149933396963575
    -0.5026548245743667      3.015928947446201   0.003056604908409189
    -0.3769911184307753     -3.141592653589793  -0.001775333584017249
    -0.3769911184307753     -3.015928947446201   0.002513177328177298
    -0.3769911184307753      -2.89026524130261   0.006251397814794119
    -0.3769911184307753     -2.764601535159018   0.009877139641904341
    -0.3769911184307753     -2.638937829015426    0.01845328631754854
    -0.3769911184307753     -2.513274122871834    0.02922656592401536
    -0.3769911184307753     -2.387610416728243    0.03275443180958523
    -0.3769911184307753     -2.261946710584651    0.02659881827323978
    -0.3769911184307753     -2.136283004441059    0.01598901206803632
    -0.3769911184307753     -2.010619298297468   0.006064390219071287
    -0.3769911184307753     -1.884955592153876   0.001347901372295358
    -0.3769911184307753     -1.759291886010284   0.004693916398680794
    -0.3769911184307753     -1.633628179866693    0.01357777815563361
    -0.3769911184307753     -1.507964473723101    0.02498201949173849
    -0.3769911184307753     -1.382300767579509    0.03901091223073436
    -0.3769911184307753     -1.256637061435917    0.05023639357300684
    -0.3769911184307753     -1.130973355292325     0.0484402358522092
    -0.3769911184307753     -1.005309649148733    0.03501787719732584
    -0.3769911184307753     -0.879645943005142    0.02279495361618069
    -0.3769911184307753    -0.7539822368615505    0.01738257775134876
    -0.3769911184307753    -0.6283185307179586    0.01383536653692312
    -0.3769911184307753    -0.5026548245743667   0.008985174133731462
    -0.3769911184307753    -0.3769911184307753   0.005101501940141591
    -0.3769911184307753    -0.2513274122871838   0.004080136517272523
    -0.3769911184307753    -0.1256637061435919   0.004769811885730296
    -0.3769911184307753                      0   0.005229433639376543
    -0.3769911184307753     0.1256637061435919   0.004526498799709298
    -0.3769911184307753     0.2513274122871834   0.002247251262717718
    -0.3769911184307753     0.3769911184307753  -0.001112176119518619
    -0.3769911184307753     0.5026548245743672  -0.003004423001717631
    -0.3769911184307753     0.6283185307179582  -0.001447268088581952
    -0.3769911184307753     0.7539822368615501   0.001901727489645872
    -0.3769911184307753     0.8796459430051424   0.004941313709792432
    -0.3769911184307753      1.005309649148734   0.007718251340552921
    -0.3769911184307753      1.130973355292326   0.008481103217452577
    -0.3769911184307753      1.256637061435917   0.004791457845680134
    -0.3769911184307753      1.382300767579509  0.0003594166424311425
    -0.3769911184307753      1.507964473723101  0.0002724230860837306
    -0.3769911184307753      1.633628179866692   0.001645735257918201
    -0.3769911184307753      1.759291886010284  0.0002737945904357476
    -0.3769911184307753      1.884955592153876 -0.0009997762313466623
    -0.3769911184307753      2.010619298297467  9.940583543921279e-05
    -0.3769911184307753       2.13628300444106  0.0005207672248235889
    -0.3769911184307753      2.261946710584651 -0.0004091104852643245
    -0.3769911184307753      2.387610416728243 -0.0001806072191994011
    -0.3769911184307753      2.513274122871834  0.0005138493830937187
    -0.3769911184307753      2.638937829015426 -7.169537045533531e-05
    -0.3769911184307753      2.764601535159018 -0.0009280700734310031
    -0.3769911184307753      2.890265241302609  -0.001756717009908027
    -0.3769911184307753      3.015928947446201  -0.002906216060809094
    -0.2513274122871838     -3.141592653589793   -0.00644846836590521
    -0.2513274122871838     -3.015928947446201  -0.002726177868851922
    -0.2513274122871838      -2.89026524130261   0.001554256156712085
    -0.2513274122871838     -2.764601535159018   0.006639477030983889
    -0.2513274122871838     -2.638937829015426    0.01772560956920022
    -0.2513274122871838     -2.513274122871834    0.03138949504802237
    -0.2513274122871838     -2.387610416728243    0.03596448725366337
    -0.2513274122871838     -2.261946710584651    0.02748283082498098
    -0.2513274122871838     -2.136283004441059    0.01341959390411693
    -0.2513274122871838     -2.010619298297468    0.00266028789101486
    -0.2513274122871838     -1.884955592153876 -0.0007558642798865632
    -0.2513274122871838     -1.759291886010284   0.002925847680074589
    -0.2513274122871838     -1.633628179866693    0.01171418199098614
    -0.2513274122871838     -1.507964473723101    0.02433917005488952
    -0.2513274122871838     -1.382300767579509    0.03864436573866244
    -0.2513274122871838     -1.256637061435917    0.04738515636631738
    -0.2513274122871838     -1.130973355292325      0.043373268789055
    -0.2513274122871838     -1.005309649148733    0.03052472450728969
    -0.2513274122871838     -0.879645943005142     0.0195229248751775
    -0.2513274122871838    -0.7539822368615505    0.01329107996211693
    -0.2513274122871838    -0.6283185307179586    0.00779189543627257
    -0.2513274122871838    -0.5026548245743667   0.002666783010490468
    -0.2513274122871838    -0.3769911184307753   0.000963516069223263
    -0.2513274122871838    -0.2513274122871838   0.002705985204022976
    -0.2513274122871838    -0.1256637061435919   0.004953078709136189
    -0.2513274122871838                      0   0.005675306944240711
    -0.2513274122871838     0.1256637061435919   0.004650041461393616
    -0.2513274122871838     0.2513274122871834   0.001936007228666333
    -0.2513274122871838     0.3769911184307753  -0.001766316329471768
    -0.2513274122871838     0.5026548245743672  -0.003852463368344679
    -0.2513274122871838     0.6283185307179582  -0.002618532669419712
    -0.2513274122871838     0.7539822368615501  -4.85974107066098e-05
    -0.2513274122871838     0.8796459430051424   0.002277510426208995
    -0.2513274122871838      1.005309649148734    0.00528762808931319
    -0.2513274122871838      1.130973355292326   0.006629851442092094
    -0.2513274122871838      1.256637061435917   0.002610160622301439
    -0.2513274122871838      1.382300767579509  -0.002217566341789847
    -0.2513274122871838      1.507964473723101  -0.001230952293486531
    -0.2513274122871838      1.633628179866692   0.001635454090834326
    -0.2513274122871838      1.759291886010284  0.0004483835037808553
    -0.2513274122871838      1.884955592153876  -0.001265906623989353
    -0.2513274122871838      2.010619298297467 -3.980482356397898e-05
    -0.2513274122871838       2.13628300444106  0.0006402006491251547
    -0.2513274122871838      2.261946710584651 -0.0004229720668138454
    -0.2513274122871838      2.387610416728243 -0.0003030561350099685
    -0.2513274122871838      2.513274122871834  0.0005578207084786973
    -0.2513274122871838      2.638937829015426  0.0001029354627193192
    -0.2513274122871838      2.764601535159018  -0.001049840400003657
    -0.2513274122871838      2.890265241302609  -0.002963815553488022
    -0.2513274122871838      3.015928947446201  -0.005931577329823008
    -0.1256637061435919     -3.141592653589793  -0.002546280281335282
    -0.1256637061435919     -3.015928947446201   0.000727548293067416
    -0.1256637061435919      -2.89026524130261   0.004050562707492357
    -0.1256637061435919     -2.764601535159018   0.007989985688602912
    -0.1256637061435919     -2.638937829015426     0.0178268140293362
    -0.1256637061435919     -2.513274122871834    0.03049112855358023
    -0.1256637061435919     -2.387610416728243      0.034621380079344
    -0.1256637061435919     -2.261946710584651    0.02610568580583749
    -0.1256637061435919     -2.136283004441059    0.01252307567183124
    -0.1256637061435919     -2.010619298297468   0.002975081059561879
    -0.1256637061435919     -1.884955592153876  0.0005049985914409133
    -0.1256637061435919     -1.759291886010284    0.00369168142177907
    -0.1256637061435919     -1.633628179866693    0.01137585833141743
    -0.1256637061435919     -1.507964473723101    0.02345410855282469
    -0.1256637061435919     -1.382300767579509    0.03683441026280933
    -0.1256637061435919     -1.256637061435917    0.04344871707514449
    -0.1256637061435919     -1.130973355292325    0.03765618492722057
    -0.1256637061435919     -1.005309649148733     0.0248582836429541
    -0.1256637061435919     -0.879645943005142    0.01476613909680934
    -0.1256637061435919    -0.7539822368615505   0.008589893887488587
    -0.1256637061435919    -0.6283185307179586   0.002558363584521757
    -0.1256637061435919    -0.5026548245743667  -0.001990204942706087
    -0.1256637061435919    -0.3769911184307753   -0.00181077154925752
    -0.1256637061435919    -0.2513274122871838   0.001461287383508886
    -0.1256637061435919    -0.1256637061435919   0.004061311730634828
    -0.1256637061435919                      0   0.004774326049216918
    -0.1256637061435919     0.1256637061435919   0.004053254812159152
    -0.1256637061435919     0.2513274122871834   0.001799381908579605
    -0.1256637061435919     0.3769911184307753  -0.001557283918522434
    -0.1256637061435919     0.5026548245743672  -0.003538249440639052
    -0.1256637061435919     0.6283185307179582  -0.002509084280606403
    -0.1256637061435919     0.7539822368615501 -0.0003236923611742258
    -0.1256637061435919     0.8796459430051424   0.001708076183606062
    -0.1256637061435919      1.005309649148734   0.004640424032131295
    -0.1256637061435919      1.130973355292326   0.006077139318677892
    -0.1256637061435919      1.256637061435917   0.002252112914430197
    -0.1256637061435919      1.382300767579509  -0.002353771291414716
    -0.1256637061435919      1.507964473723101  -0.001190937866186778
    -0.1256637061435919      1.633628179866692   0.001777648696348062
    -0.1256637061435919      1.759291886010284  0.0006151265137314061
    -0.1256637061435919      1.884955592153876  -0.001166293676121746
    -0.1256637061435919      2.010619298297467 -6.571338147122767e-05
    -0.1256637061435919       2.13628300444106  0.0005538471627648799
    -0.1256637061435919      2.261946710584651 -0.0004258025823036465
    -0.1256637061435919      2.387610416728243 -0.0002250308560443321
    -0.1256637061435919      2.513274122871834  0.0005265474296312132
    -0.1256637061435919      2.638937829015426  2.896144133105288e-05
    -0.1256637061435919      2.764601535159018 -0.0004967732821460223
    -0.1256637061435919      2.890265241302609    -0.0010137378229374
    -0.1256637061435919      3.015928947446201  -0.002574099117501027
                      0     -3.141592653589793  7.665252289554567e-05
                      0     -3.015928947446201   0.001968629198492703
                      0      -2.89026524130261   0.005136569178381034
                      0     -2.764601535159018    0.00971204529897487
                      0     -2.638937829015426    0.01812701398368998
                      0     -2.513274122871834    0.02828018887866498
                      0     -2.387610416728243    0.03248713498714011
                      0     -2.261946710584651     0.0265350618461044
                      0     -2.136283004441059    0.01547845221150506
                      0     -2.010619298297468   0.007957611231602057
                      0     -1.884955592153876    0.00680462113674483
                      0     -1.759291886010284   0.008918016924979759
                      0     -1.633628179866693     0.0125942217911409
                      0     -1.507964473723101    0.01873986680035878
                      0     -1.382300767579509    0.02538573432560437
                      0     -1.256637061435917    0.02706344543449075
                      0     -1.130973355292325    0.02174986636691785
                      0     -1.005309649148733    0.01465780643720632
                      0     -0.879645943005142    0.01061427484429528
                      0    -0.7539822368615505   0.007046506776675098
                      0    -0.6283185307179586   0.001413923054302144
                      0    -0.5026548245743667  -0.002125085729985677
                      0    -0.3769911184307753  -0.001017823813639209
                      0    -0.2513274122871838  0.0009810823295988503
                      0    -0.1256637061435919   0.001838979009878722
                      0                      0   0.003027200675318639
                      0     0.1256637061435919   0.003479831401778359
                      0     0.2513274122871834   0.001457342961742849
                      0     0.3769911184307753 -0.0007662759434714789
                      0     0.5026548245743672 -0.0006059866245342771
                      0     0.6283185307179582  0.0007450459770607682
                      0     0.7539822368615501   0.001469589395012884
                      0     0.8796459430051424   0.002519673037205795
                      0      1.005309649148734   0.004830878719642953
                      0      1.130973355292326   0.005564753468105428
                      0      1.256637061435917   0.002213066555259717
                      0      1.382300767579509  -0.001282724206610535
                      0      1.507964473723101  -0.000422744455148883
                      0      1.633628179866692   0.001495714251606973
                      0      1.759291886010284  0.0003466203772195191
                      0      1.884955592153876  -0.001001302349631175
                      0      2.010619298297467 -6.876011819299525e-05
                      0       2.13628300444106  0.0004505736101271792
                      0      2.261946710584651 -0.0003026847639661378
                      0      2.387610416728243 -0.0002005327441857233
                      0      2.513274122871834  0.0003512450485149672
                      0      2.638937829015426  0.0001609488282333941
                      0      2.764601535159018  0.0003641233845879568
                      0      2.890265241302609  0.0009278152300144748
                      0      3.015928947446201  0.0003881433994132786
     0.1256637061435919     -3.141592653589793  -0.002202782581798905
     0.1256637061435919     -3.015928947446201  -0.001957284928960644
     0.1256637061435919      -2.89026524130261   0.001881357611536828
     0.1256637061435919     -2.764601535159018   0.008789101420713975
     0.1256637061435919     -2.638937829015426    0.01788270993575897
     0.1256637061435919     -2.513274122871834    0.02754101991145462
     0.1256637061435919     -2.387610416728243    0.03292232712709924
     0.1256637061435919     -2.261946710584651    0.02888603194442955
     0.1256637061435919     -2.136283004441059    0.01880530191195215
     0.1256637061435919     -2.010619298297468    0.01289426177561507
     0.1256637061435919     -1.884955592153876    0.01392191762877166
     0.1256637061435919     -1.759291886010284    0.01549188009181245
     0.1256637061435919     -1.633628179866693    0.01521555346653502
     0.1256637061435919     -1.507964473723101    0.01603607938430046
     0.1256637061435919     -1.382300767579509    0.01685309504421377
     0.1256637061435919     -1.256637061435917     0.0142116054579575
     0.1256637061435919     -1.130973355292325    0.01014355373571831
     0.1256637061435919     -1.005309649148733   0.009609275264420356
     0.1256637061435919     -0.879645943005142    0.01160961829086487
     0.1256637061435919    -0.7539822368615505   0.009772993454982436
     0.1256637061435919    -0.6283185307179586   0.003630240967064365
     0.1256637061435919    -0.5026548245743667  0.0004048309241853701
     0.1256637061435919    -0.3769911184307753   0.001830493456209816
     0.1256637061435919    -0.2513274122871838   0.002220832593166604
     0.1256637061435919    -0.1256637061435919   0.001250203991372633
     0.1256637061435919                      0   0.002570681199581062
     0.1256637061435919     0.1256637061435919   0.003426519962347422
     0.1256637061435919     0.2513274122871834   0.001074318656303937
     0.1256637061435919     0.3769911184307753  0.0002301396924944247
     0.1256637061435919     0.5026548245743672   0.003119849697527063
     0.1256637061435919     0.6283185307179582   0.004788671840441803
     0.1256637061435919     0.7539822368615501   0.003472424180982796
     0.1256637061435919     0.8796459430051424   0.003183184125141946
     0.1256637061435919      1.005309649148734   0.005013735427364573
     0.1256637061435919      1.130973355292326   0.005216817918565302
     0.1256637061435919      1.256637061435917   0.002198942263680862
     0.1256637061435919      1.382300767579509 -0.0004083520065944345
     0.1256637061435919      1.507964473723101   0.000165869986916637
     0.1256637061435919      1.633628179866692   0.001175876301226278
     0.1256637061435919      1.759291886010284  3.035686052873343e-05
     0.1256637061435919      1.884955592153876 -0.0009769975141638489
     0.1256637061435919      2.010619298297467 -0.0001363797878608875
     0.1256637061435919       2.13628300444106  0.0004569448194709476
     0.1256637061435919      2.261946710584651 -0.0001230075239202537
     0.1256637061435919      2.387610416728243  -0.000323566441514815
     0.1256637061435919      2.513274122871834   0.000146067700599492
     0.1256637061435919      2.638937829015426  0.0005414402582911713
     0.1256637061435919      2.764601535159018  0.0009874332362697657
     0.1256637061435919      2.890265241302609    0.00106768329688689
     0.1256637061435919      3.015928947446201 -0.0002988660970358985
     0.2513274122871834     -3.141592653589793  -0.002296793045392918
     0.2513274122871834     -3.015928947446201  -0.002920693166430811
     0.2513274122871834      -2.89026524130261  0.0005171427242647324
     0.2513274122871834     -2.764601535159018   0.007847431136834417
     0.2513274122871834     -2.638937829015426    0.01683257675661286
     0.2513274122871834     -2.513274122871834    0.02614417205311024
     0.2513274122871834     -2.387610416728243    0.03231429135449526
     0.2513274122871834     -2.261946710584651    0.02952337736729899
     0.2513274122871834     -2.136283004441059    0.02038673679453021
     0.2513274122871834     -2.010619298297468    0.01613026723307205
     0.2513274122871834     -1.884955592153876    0.01891472019899235
     0.2513274122871834     -1.759291886010284    0.02008463820698682
     0.2513274122871834     -1.633628179866693    0.01790966452213402
     0.2513274122871834     -1.507964473723101    0.01777543725806418
     0.2513274122871834     -1.382300767579509    0.01854677929955792
     0.2513274122871834     -1.256637061435917    0.01598863183261131
     0.2513274122871834     -1.130973355292325     0.0128238603084016
     0.2513274122871834     -1.005309649148733    0.01351371327693032
     0.2513274122871834     -0.879645943005142    0.01526225630682179
     0.2513274122871834    -0.7539822368615505    0.01210055141590001
     0.2513274122871834    -0.6283185307179586   0.005329111831768176
     0.2513274122871834    -0.5026548245743667   0.002075892480024181
     0.2513274122871834    -0.3769911184307753   0.003074113970539497
     0.2513274122871834    -0.2513274122871838   0.002839338528551971
     0.2513274122871834    -0.1256637061435919   0.001543576346153305
     0.2513274122871834                      0   0.002547458317645912
     0.2513274122871834     0.1256637061435919   0.002974048886631315
     0.2513274122871834     0.2513274122871834  0.0008905118992430798
     0.2513274122871834     0.3769911184307753    0.00143830968526778
     0.2513274122871834     0.5026548245743672   0.005493516762650139
     0.2513274122871834     0.6283185307179582   0.006619340881205102
     0.2513274122871834     0.7539822368615501    0.00378417060650287
     0.2513274122871834     0.8796459430051424   0.002479734483332877
     0.2513274122871834      1.005309649148734   0.003773834762508419
     0.2513274122871834      1.130973355292326    0.00370238063374055
     0.2513274122871834      1.256637061435917   0.001197862238898379
     0.2513274122871834      1.382300767579509   -0.00059002995294032
     0.2513274122871834      1.507964473723101  2.753882475284399e-05
     0.2513274122871834      1.633628179866692  0.0007720890401790672
     0.2513274122871834      1.759291886010284 -0.0001034948261826364
     0.2513274122871834      1.884955592153876 -0.0008673437369553786
     0.2513274122871834      2.010619298297467 -0.0001950013984602959
     0.2513274122871834       2.13628300444106  0.0004321155223022967
     0.2513274122871834      2.261946710584651  4.669954383864302e-06
     0.2513274122871834      2.387610416728243  -0.000404947083709332
     0.2513274122871834      2.513274122871834  2.935699426887164e-05
     0.2513274122871834      2.638937829015426  0.0007908030708322631
     0.2513274122871834      2.764601535159018   0.001182175156345533
     0.2513274122871834      2.890265241302609   0.000912032414105656
     0.2513274122871834      3.015928947446201 -0.0003186810339433825
     0.3769911184307753     -3.141592653589793   0.001143601085709572
     0.3769911184307753     -3.015928947446201 -6.768168773269702e-05
     0.3769911184307753      -2.89026524130261   0.002434914387629051
     0.3769911184307753     -2.764601535159018   0.008986114815720215
     0.3769911184307753     -2.638937829015426    0.01550041730990839
     0.3769911184307753     -2.513274122871834    0.02167581633735974
     0.3769911184307753     -2.387610416728243    0.02779362243347838
     0.3769911184307753     -2.261946710584651    0.02846233807169089
     0.3769911184307753     -2.136283004441059    0.02311467156574658
     0.3769911184307753     -2.010619298297468     0.0207981295407614
     0.3769911184307753     -1.884955592153876    0.02369443716706461
     0.3769911184307753     -1.759291886010284    0.02361465694514345
     0.3769911184307753     -1.633628179866693    0.01915564618900112
     0.3769911184307753     -1.507964473723101    0.01650515349986466
     0.3769911184307753     -1.382300767579509    0.01592874814391491
     0.3769911184307753     -1.256637061435917    0.01416322781794806
     0.3769911184307753     -1.130973355292325    0.01300649674788253
     0.3769911184307753     -1.005309649148733    0.01448924998050796
     0.3769911184307753     -0.879645943005142    0.01514378374509893
     0.3769911184307753    -0.7539822368615505    0.01145299490216523
     0.3769911184307753    -0.6283185307179586    0.00602443155823013
     0.3769911184307753    -0.5026548245743667    0.00352977988745785
     0.3769911184307753    -0.3769911184307753   0.002969665009493464
     0.3769911184307753    -0.2513274122871838  0.0007843929610713361
     0.3769911184307753    -0.1256637061435919 -0.0009334896255814842
     0.3769911184307753                      0  0.0006313721632584609
     0.3769911184307753     0.1256637061435919   0.001726031057864893
     0.3769911184307753     0.2513274122871834    0.00065588582885416
     0.3769911184307753     0.3769911184307753   0.002571257379669189
     0.3769911184307753     0.5026548245743672   0.007221902063702984
     0.3769911184307753     0.6283185307179582   0.007506438219987053
     0.3769911184307753     0.7539822368615501   0.003406927251669546
     0.3769911184307753     0.8796459430051424   0.001137587397088248
     0.3769911184307753      1.005309649148734   0.001144558094769711
     0.3769911184307753      1.130973355292326  7.025657342542833e-05
     0.3769911184307753      1.256637061435917  -0.001504116476197839
     0.3769911184307753      1.382300767579509  -0.001511410795620964
     0.3769911184307753      1.507964473723101 -0.0006194368181567854
     0.3769911184307753      1.633628179866692 -0.0002869000169861654
     0.3769911184307753      1.759291886010284 -0.0005104143708020285
     0.3769911184307753      1.884955592153876 -0.0005687665741642724
     0.3769911184307753      2.010619298297467 -0.0001565374443101489
     0.3769911184307753       2.13628300444106  0.0002939616879148055
     0.3769911184307753      2.261946710584651  0.0001155983870191858
     0.3769911184307753      2.387610416728243 -0.0003694928540959825
     0.3769911184307753      2.513274122871834 -5.681476374365396e-05
     0.3769911184307753      2.638937829015426  0.0008451996492655493
     0.3769911184307753      2.764601535159018   0.001159073887560326
     0.3769911184307753      2.890265241302609   0.001303086805316903
     0.3769911184307753      3.015928947446201   0.001812116348221789
     0.5026548245743672     -3.141592653589793  0.0004259824161289417
     0.5026548245743672     -3.015928947446201  -0.001834014021502536
     0.5026548245743672      -2.89026524130261   0.001070784726422428
     0.5026548245743672     -2.764601535159018   0.008841323402269591
     0.5026548245743672     -2.638937829015426    0.01433117577354072
     0.5026548245743672     -2.513274122871834    0.01811128826690587
     0.5026548245743672     -2.387610416728243    0.02450689576735543
     0.5026548245743672     -2.261946710584651    0.02840072535121608
     0.5026548245743672     -2.136283004441059    0.02608644794226089
     0.5026548245743672     -2.010619298297468    0.02525381160417212
     0.5026548245743672     -1.884955592153876    0.02859301983358014
     0.5026548245743672     -1.759291886010284    0.02762700231305056
     0.5026548245743672     -1.633628179866693    0.01999483298361379
     0.5026548245743672     -1.507964473723101    0.01198916205185006
     0.5026548245743672     -1.382300767579509   0.005905811399819826
     0.5026548245743672     -1.256637061435917   0.001681485828520463
     0.5026548245743672     -1.130973355292325   0.002812148444779558
     0.5026548245743672     -1.005309649148733   0.009309000489264281
     0.5026548245743672     -0.879645943005142    0.01407745231354915
     0.5026548245743672    -0.7539822368615505    0.01245576900608178
     0.5026548245743672    -0.6283185307179586   0.008295715905703698
     0.5026548245743672    -0.5026548245743667   0.006594169941678018
     0.5026548245743672    -0.3769911184307753   0.005093794145046647
     0.5026548245743672    -0.2513274122871838  0.0002931686347768911
     0.5026548245743672    -0.1256637061435919  -0.003123716170636988
     0.5026548245743672                      0 -0.0009175837919218305
     0.5026548245743672     0.1256637061435919   0.001161485866495418
     0.5026548245743672     0.2513274122871834  0.0002511385906193109
     0.5026548245743672     0.3769911184307753   0.003187366445348579
     0.5026548245743672     0.5026548245743672      0.009602661610864
     0.5026548245743672     0.6283185307179582    0.01000627635440895
     0.5026548245743672     0.7539822368615501   0.004602883175714185
     0.5026548245743672     0.8796459430051424   0.001408796675851095
     0.5026548245743672      1.005309649148734  0.0005070561637628228
     0.5026548245743672      1.130973355292326  -0.001529465000812087
     0.5026548245743672      1.256637061435917  -0.002513155275175277
     0.5026548245743672      1.382300767579509  -0.001131270472058022
     0.5026548245743672      1.507964473723101 -0.0004245749003188802
     0.5026548245743672      1.633628179866692  -0.001045977571458634
     0.5026548245743672      1.759291886010284 -0.0009965949218458505
     0.5026548245743672      1.884955592153876 -0.0004088413940902066
     0.5026548245743672      2.010619298297467 -0.0001324369187057163
     0.5026548245743672       2.13628300444106  0.0002238836979831049
     0.5026548245743672      2.261946710584651  0.0002564170600096489
     0.5026548245743672      2.387610416728243 -0.0003928900793300167
     0.5026548245743672      2.513274122871834 -0.0002081679256452663
     0.5026548245743672      2.638937829015426   0.001013050574207344
     0.5026548245743672      2.764601535159018   0.001364675720691889
     0.5026548245743672      2.890265241302609   0.001244672136942668
     0.5026548245743672      3.015928947446201   0.001692334464775559
     0.6283185307179582     -3.141592653589793  -0.001459659439252509
     0.6283185307179582     -3.015928947446201  -0.004744784771074421
     0.6283185307179582      -2.89026524130261  -0.002068647594453508
     0.6283185307179582     -2.764601535159018   0.006295775308701227
     0.6283185307179582     -2.638937829015426    0.01267797637629881
     0.6283185307179582     -2.513274122871834    0.01730401923593641
     0.6283185307179582     -2.387610416728243    0.02394141024051301
     0.6283185307179582     -2.261946710584651    0.02684618854004935
     0.6283185307179582     -2.136283004441059    0.02365587598517535
     0.6283185307179582     -2.010619298297468    0.02429528654991092
     0.6283185307179582     -1.884955592153876    0.03018825893039305
     0.6283185307179582     -1.759291886010284    0.02960670026701357
     0.6283185307179582     -1.633628179866693    0.02055143104359135
     0.6283185307179582     -1.507964473723101    0.01128442221023049
     0.6283185307179582     -1.382300767579509   0.003241550036712761
     0.6283185307179582     -1.256637061435917  -0.003547427709650932
     0.6283185307179582     -1.130973355292325  -0.001916847296622628
     0.6283185307179582     -1.005309649148733   0.009256800151625137
     0.6283185307179582     -0.879645943005142    0.01864274074293999
     0.6283185307179582    -0.7539822368615505    0.01803573959788248
     0.6283185307179582    -0.6283185307179586    0.01264356249450768
     0.6283185307179582    -0.5026548245743667    0.01058280352405066
     0.6283185307179582    -0.3769911184307753   0.009948845046859346
     0.6283185307179582    -0.2513274122871838   0.005300503447695701
     0.6283185307179582    -0.1256637061435919  0.0006536697545867416
     0.6283185307179582                      0   0.001219298406334351
     0.6283185307179582     0.1256637061435919   0.001886231153350551
     0.6283185307179582     0.2513274122871834  0.0003495910592679353
     0.6283185307179582     0.3769911184307753    0.00421465026479457
     0.6283185307179582     0.5026548245743672    0.01230368693588549
     0.6283185307179582     0.6283185307179582    0.01322290964743946
     0.6283185307179582     0.7539822368615501   0.007129127329102305
     0.6283185307179582     0.8796459430051424   0.003609212512049999
     0.6283185307179582      1.005309649148734   0.003262220759350969
     0.6283185307179582      1.130973355292326   0.001915042530875616
     0.6283185307179582      1.256637061435917   0.001123399376737929
     0.6283185307179582      1.382300767579509   0.001954912551514031
     0.6283185307179582      1.507964473723101   0.001507179812429829
     0.6283185307179582      1.633628179866692 -0.0002158005811585812
     0.6283185307179582      1.759291886010284 -0.0007430969063483533
     0.6283185307179582      1.884955592153876 -0.0004073968502268989
     0.6283185307179582      2.010619298297467 -0.0002249918134053728
     0.6283185307179582       2.13628300444106  0.0002720259169549804
     0.6283185307179582      2.261946710584651  0.0003781950811000388
     0.6283185307179582      2.387610416728243 -0.0005117756719247714
     0.6283185307179582      2.513274122871834 -0.0003784127066544759
     0.6283185307179582      2.638937829015426     0.0013098988911183
     0.6283185307179582      2.764601535159018   0.002023067798758574
     0.6283185307179582      2.890265241302609   0.001551234523588201
     0.6283185307179582      3.015928947446201   0.001036148648915931
     0.7539822368615501     -3.141592653589793    0.01445805747096657
     0.7539822368615501     -3.015928947446201    0.01114628619547252
     0.7539822368615501      -2.89026524130261   0.008055227635693647
     0.7539822368615501     -2.764601535159018    0.00906208660876217
     0.7539822368615501     -2.638937829015426   0.009965569274008769
     0.7539822368615501     -2.513274122871834    0.01109368205908985
     0.7539822368615501     -2.387610416728243    0.01522626640306354
     0.7539822368615501     -2.261946710584651     0.0173737110261721
     0.7539822368615501     -2.136283004441059    0.01627562925516247
     0.7539822368615501     -2.010619298297468    0.02026802538506967
     0.7539822368615501     -1.884955592153876    0.02745081532051959
     0.7539822368615501     -1.759291886010284    0.02568114648594982
     0.7539822368615501     -1.633628179866693    0.01677399938584396
     0.7539822368615501     -1.507964473723101    0.01135119914036435
     0.7539822368615501     -1.382300767579509   0.008045405033322992
     0.7539822368615501     -1.256637061435917   0.003954032551312763
     0.7539822368615501     -1.130973355292325   0.006564786537143961
     0.7539822368615501     -1.005309649148733    0.01698310471843237
     0.7539822368615501     -0.879645943005142    0.02368482098616228
     0.7539822368615501    -0.7539822368615505    0.02118827029272808
     0.7539822368615501    -0.6283185307179586    0.01611496225514011
     0.7539822368615501    -0.5026548245743667    0.01396778459742028
     0.7539822368615501    -0.3769911184307753    0.01280188875013165
     0.7539822368615501    -0.2513274122871838   0.009765849901597755
     0.7539822368615501    -0.1256637061435919   0.006137881501738883
     0.7539822368615501                      0   0.003586664139993476
     0.7539822368615501     0.1256637061435919    0.00148704365715611
     0.7539822368615501     0.2513274122871834   0.001724469407204168
     0.7539822368615501     0.3769911184307753   0.007545397287043525
     0.7539822368615501     0.5026548245743672    0.01431523551036863
     0.7539822368615501     0.6283185307179582    0.01382910876447199
     0.7539822368615501     0.7539822368615501   0.008043653144779915
     0.7539822368615501     0.8796459430051424   0.004639375556616474
     0.7539822368615501      1.005309649148734    0.00423375431300652
     0.7539822368615501      1.130973355292326   0.004121818289541113
     0.7539822368615501      1.256637061435917   0.004892463793032276
     0.7539822368615501      1.382300767579509   0.005665422818918604
     0.7539822368615501      1.507964473723101   0.003755787828664366
     0.7539822368615501      1.633628179866692  0.0008700213245893305
     0.7539822368615501      1.759291886010284  5.529816523677579e-05
     0.7539822368615501      1.884955592153876  0.0001241415616549088
     0.7539822368615501      2.010619298297467 -0.0002380026088263875
     0.7539822368615501       2.13628300444106  8.900081988417961e-05
     0.7539822368615501      2.261946710584651  0.0004268306092526567
     0.7539822368615501      2.387610416728243 -0.0004124285671521073
     0.7539822368615501      2.513274122871834 -0.0004253568938101539
     0.7539822368615501      2.638937829015426   0.001238495527494288
     0.7539822368615501      2.764601535159018   0.002740420902788263
     0.7539822368615501      2.890265241302609   0.005608735646112836
     0.7539822368615501      3.015928947446201    0.01141508765980107
     0.8796459430051424     -3.141592653589793      0.049579923765977
     0.8796459430051424     -3.015928947446201    0.04765290280520303
     0.8796459430051424      -2.89026524130261    0.03445756873538685
     0.8796459430051424     -2.764601535159018     0.0211836856514852
     0.8796459430051424     -2.638937829015426   0.008511567097738299
     0.8796459430051424     -2.513274122871834  -0.001396098145140705
     0.8796459430051424     -2.387610416728243  -0.002387727522062395
     0.8796459430051424     -2.261946710584651    0.00373996693217447
     0.8796459430051424     -2.136283004441059    0.01155518522491052
     0.8796459430051424     -2.010619298297468    0.01974487595920334
     0.8796459430051424     -1.884955592153876    0.02367378772494538
     0.8796459430051424     -1.759291886010284    0.01787134026856211
     0.8796459430051424     -1.633628179866693   0.009411115275418781
     0.8796459430051424     -1.507964473723101   0.008624382110270293
     0.8796459430051424     -1.382300767579509    0.01297267925243951
     0.8796459430051424     -1.256637061435917    0.01729265580850677
     0.8796459430051424     -1.130973355292325    0.02298852329514064
     0.8796459430051424     -1.005309649148733    0.02655946118273358
     0.8796459430051424     -0.879645943005142    0.02220731493321468
     0.8796459430051424    -0.7539822368615505    0.01630159884329693
     0.8796459430051424    -0.6283185307179586    0.01601575875330009
     0.8796459430051424    -0.5026548245743667    0.01522052863839454
     0.8796459430051424    -0.3769911184307753   0.009982941526304875
     0.8796459430051424    -0.2513274122871838   0.006788921770316311
     0.8796459430051424    -0.1256637061435919   0.005943768665291676
     0.8796459430051424                      0   0.001822361552992033
     0.8796459430051424     0.1256637061435919  -0.001244794343873639
     0.8796459430051424     0.2513274122871834   0.003905742075809627
     0.8796459430051424     0.3769911184307753     0.0122395091872886
     0.8796459430051424     0.5026548245743672    0.01448881614474168
     0.8796459430051424     0.6283185307179582    0.01046794508887907
     0.8796459430051424     0.7539822368615501   0.005768888199277059
     0.8796459430051424     0.8796459430051424   0.002597971383757947
     0.8796459430051424      1.005309649148734  3.485311222632068e-05
     0.8796459430051424      1.130973355292326 -0.0002456028428527586
     0.8796459430051424      1.256637061435917   0.003538418466426461
     0.8796459430051424      1.382300767579509   0.006655724812698973
     0.8796459430051424      1.507964473723101   0.004203936626394203
     0.8796459430051424      1.633628179866692  0.0004577932403825141
     0.8796459430051424      1.759291886010284  0.0005312371993501762
     0.8796459430051424      1.884955592153876   0.001279898948109335
     0.8796459430051424      2.010619298297467 -8.668972693262135e-06
     0.8796459430051424       2.13628300444106 -0.0004332933821769291
     0.8796459430051424      2.261946710584651  0.0003653059863855415
     0.8796459430051424      2.387610416728243  3.629738116500038e-05
     0.8796459430051424      2.513274122871834 -0.0002657427470858205
     0.8796459430051424      2.638937829015426  0.0005699776537511768
     0.8796459430051424      2.764601535159018   0.002910653912136533
     0.8796459430051424      2.890265241302609    0.01304293752617395
     0.8796459430051424      3.015928947446201    0.03345661226864576
      1.005309649148734     -3.141592653589793    0.07153884946860288
      1.005309649148734     -3.015928947446201    0.07153144977548827
      1.005309649148734      -2.89026524130261    0.05333319573552819
      1.005309649148734     -2.764601535159018    0.03228512773165439
      1.005309649148734     -2.638937829015426    0.01226365480079402
      1.005309649148734     -2.513274122871834  -0.003337578886414032
      1.005309649148734     -2.387610416728243  -0.006503250805437482
      1.005309649148734     -2.261946710584651   0.002604881483608084
      1.005309649148734     -2.136283004441059    0.01524762738153923
      1.005309649148734     -2.010619298297468    0.02387643932472081
      1.005309649148734     -1.884955592153876     0.0238553060980699
      1.005309649148734     -1.759291886010284     0.0156762765488202
      1.005309649148734     -1.633628179866693    0.00894217469692052
      1.005309649148734     -1.507964473723101    0.01286599503639643
      1.005309649148734     -1.382300767579509    0.02509027733301189
      1.005309649148734     -1.256637061435917    0.03772693944296172
      1.005309649148734     -1.130973355292325    0.04415626411185072
      1.005309649148734     -1.005309649148733    0.03765904483803736
      1.005309649148734     -0.879645943005142    0.02085776954166334
      1.005309649148734    -0.7539822368615505    0.01064541895959765
      1.005309649148734    -0.6283185307179586    0.01316830057521313
      1.005309649148734    -0.5026548245743667     0.0128855159889246
      1.005309649148734    -0.3769911184307753   0.004313613861855773
      1.005309649148734    -0.2513274122871838  0.0006808412606719937
      1.005309649148734    -0.1256637061435919   0.002438902945120986
      1.005309649148734                      0 -0.0008943195313995373
      1.005309649148734     0.1256637061435919  -0.003147185771031238
      1.005309649148734     0.2513274122871834   0.005187868116489878
      1.005309649148734     0.3769911184307753    0.01420993270592484
      1.005309649148734     0.5026548245743672    0.01277715677080332
      1.005309649148734     0.6283185307179582   0.006334923337417322
      1.005309649148734     0.7539822368615501   0.002595070834730364
      1.005309649148734     0.8796459430051424 -0.0001831174123826129
      1.005309649148734      1.005309649148734  -0.004310134783340989
      1.005309649148734      1.130973355292326  -0.005451294870090648
      1.005309649148734      1.256637061435917 -0.0005539244192142975
      1.005309649148734      1.382300767579509   0.004172201336320658
      1.005309649148734      1.507964473723101   0.002598529238003215
      1.005309649148734      1.633628179866692 -0.0004931374473755785
      1.005309649148734      1.759291886010284  0.0005345833803048711
      1.005309649148734      1.884955592153876    0.00183581251094672
      1.005309649148734      2.010619298297467  0.0001976077280077564
      1.005309649148734       2.13628300444106 -0.0007286942442421676
      1.005309649148734      2.261946710584651  0.0002056792433637729
      1.005309649148734      2.387610416728243  0.0003658301826886521
      1.005309649148734      2.513274122871834  -3.07188633338325e-07
      1.005309649148734      2.638937829015426 -1.534119985367922e-05
      1.005309649148734      2.764601535159018   0.002519256470613609
      1.005309649148734      2.890265241302609    0.01717484124694561
      1.005309649148734      3.015928947446201    0.04681979906722821
      1.130973355292326     -3.141592653589793    0.05745214657969453
      1.130973355292326     -3.015928947446201    0.05767872195503457
      1.130973355292326      -2.89026524130261     0.0448903064719042
      1.130973355292326     -2.764601535159018    0.03163174081143234
      1.130973355292326     -2.638937829015426    0.02011553640485908
      1.130973355292326     -2.513274122871834    0.01269585199241974
      1.130973355292326     -2.387610416728243    0.01419337937350173
      1.130973355292326     -2.261946710584651    0.02106864530866207
      1.130973355292326     -2.136283004441059    0.02704858812342299
      1.130973355292326     -2.010619298297468    0.03174486885861826
      1.130973355292326     -1.884955592153876    0.03285678564997141
      1.130973355292326     -1.759291886010284    0.02674291090853605
      1.130973355292326     -1.633628179866693    0.02102971901856647
      1.130973355292326     -1.507964473723101    0.02716440339679299
      1.130973355292326     -1.382300767579509    0.04275566882759452
      1.130973355292326     -1.256637061435917    0.05607788289824171
      1.130973355292326     -1.130973355292325    0.05865187612796419
      1.130973355292326     -1.005309649148733    0.04688410620714079
      1.130973355292326     -0.879645943005142    0.02627795523993545
      1.130973355292326    -0.7539822368615505    0.01218161209266016
      1.130973355292326    -0.6283185307179586    0.01014180069312049
      1.130973355292326    -0.5026548245743667   0.008079061471274504
      1.130973355292326    -0.3769911184307753  0.0009311332248526961
      1.130973355292326    -0.2513274122871838  -0.001834893903066414
      1.130973355292326    -0.1256637061435919  0.0003201864302899622
      1.130973355292326                      0 -0.0008887420006553087
      1.130973355292326     0.1256637061435919  -0.002007366814474409
      1.130973355292326     0.2513274122871834    0.00434572393134717
      1.130973355292326     0.3769911184307753    0.01215982445457918
      1.130973355292326     0.5026548245743672    0.01228436333922419
      1.130973355292326     0.6283185307179582   0.006616671210460029
      1.130973355292326     0.7539822368615501   0.001609131782151164
      1.130973355292326     0.8796459430051424  -0.001643411605630182
      1.130973355292326      1.005309649148734   -0.00492273191655251
      1.130973355292326      1.130973355292326  -0.006528947781100327
      1.130973355292326      1.256637061435917  -0.003933001339447087
      1.130973355292326      1.382300767579509 -0.0002749458693544547
      1.130973355292326      1.507964473723101  2.797495581898538e-05
      1.130973355292326      1.633628179866692 -0.0009137215607720095
      1.130973355292326      1.759291886010284  0.0001755376589678634
      1.130973355292326      1.884955592153876   0.001068419259524145
      1.130973355292326      2.010619298297467  7.079881713254871e-05
      1.130973355292326       2.13628300444106  -0.000410716915078825
      1.130973355292326      2.261946710584651  0.0001328547607874267
      1.130973355292326      2.387610416728243  0.0001257761792095575
      1.130973355292326      2.513274122871834  9.814569438843087e-05
      1.130973355292326      2.638937829015426    0.00031115662476081
      1.130973355292326      2.764601535159018   0.002197026794991321
      1.130973355292326      2.890265241302609    0.01379384518968657
      1.130973355292326      3.015928947446201    0.03764951371739703
      1.256637061435917     -3.141592653589793    0.02519347618712168
      1.256637061435917     -3.015928947446201    0.02323809681961224
      1.256637061435917      -2.89026524130261    0.02019728377235003
      1.256637061435917     -2.764601535159018    0.02188595777394512
      1.256637061435917     -2.638937829015426    0.02397065572968054
      1.256637061435917     -2.513274122871834    0.02768166794887232
      1.256637061435917     -2.387610416728243    0.03619812784482731
      1.256637061435917     -2.261946710584651    0.04114154907407662
      1.256637061435917     -2.136283004441059    0.03915795408550848
      1.256637061435917     -2.010619298297468    0.04153743807236682
      1.256637061435917     -1.884955592153876    0.04817502264624233
      1.256637061435917     -1.759291886010284     0.0453629043622834
      1.256637061435917     -1.633628179866693    0.03681296774438282
      1.256637061435917     -1.507964473723101    0.03877485114206305
      1.256637061435917     -1.382300767579509    0.04973365753652398
      1.256637061435917     -1.256637061435917    0.05641271390337856
      1.256637061435917     -1.130973355292325    0.05474338624484432
      1.256637061435917     -1.005309649148733    0.04606067467937196
      1.256637061435917     -0.879645943005142    0.03114002936308855
      1.256637061435917    -0.7539822368615505    0.01581446640878165
      1.256637061435917    -0.6283185307179586   0.007008924980594545
      1.256637061435917    -0.5026548245743667   0.003522651784259243
      1.256637061435917    -0.3769911184307753  0.0005931374014407279
      1.256637061435917    -0.2513274122871838  -0.001867959623534952
      1.256637061435917    -0.1256637061435919   -0.00190466255023931
      1.256637061435917                      0 -0.0008406947388814681
      1.256637061435917     0.1256637061435919 -0.0005734511389210761
      1.256637061435917     0.2513274122871834   0.001728930819968496
      1.256637061435917     0.3769911184307753   0.008894674173908901
      1.256637061435917     0.5026548245743672     0.0147571379787772
      1.256637061435917     0.6283185307179582     0.0113563118735575
      1.256637061435917     0.7539822368615501   0.002756645393733381
      1.256637061435917     0.8796459430051424  -0.002333335380657042
      1.256637061435917      1.005309649148734  -0.004436537914344855
      1.256637061435917      1.130973355292326  -0.006752182213651365
      1.256637061435917      1.256637061435917  -0.006879873303545564
      1.256637061435917      1.382300767579509  -0.004108608159026043
      1.256637061435917      1.507964473723101  -0.002096306163202532
      1.256637061435917      1.633628179866692  -0.001508377483218243
      1.256637061435917      1.759291886010284  -0.000564526546021931
      1.256637061435917      1.884955592153876  2.331942588955744e-05
      1.256637061435917      2.010619298297467 -0.0002318307787986118
      1.256637061435917       2.13628300444106  3.708978662658864e-05
      1.256637061435917      2.261946710584651  0.0002964008461432029
      1.256637061435917      2.387610416728243 -0.0003606797505324551
      1.256637061435917      2.513274122871834 -0.0001370447804583043
      1.256637061435917      2.638937829015426   0.001196954138795057
      1.256637061435917      2.764601535159018   0.002378593118392329
      1.256637061435917      2.890265241302609   0.007189691648505121
      1.256637061435917      3.015928947446201    0.01778546472039719
      1.382300767579509     -3.141592653589793   0.002702893560729436
      1.382300767579509     -3.015928947446201 -0.0007195993864023589
      1.382300767579509      -2.89026524130261   0.002134327504463074
      1.382300767579509     -2.764601535159018    0.01097326654614792
      1.382300767579509     -2.638937829015426    0.01745571549403913
      1.382300767579509     -2.513274122871834    0.02330799354612699
      1.382300767579509     -2.387610416728243    0.03324107455343923
      1.382300767579509     -2.261946710584651     0.0391213784439972
      1.382300767579509     -2.136283004441059    0.03831081220672879
      1.382300767579509     -2.010619298297468      0.043782020778177
      1.382300767579509     -1.884955592153876    0.05481839363673899
      1.382300767579509     -1.759291886010284    0.05437299970816137
      1.382300767579509     -1.633628179866693    0.04441394924483853
      1.382300767579509     -1.507964473723101    0.04291888088344047
      1.382300767579509     -1.382300767579509     0.0504825370263955
      1.382300767579509     -1.256637061435917    0.05390557855558022
      1.382300767579509     -1.130973355292325    0.04932003469469211
      1.382300767579509     -1.005309649148733    0.04025294466756693
      1.382300767579509     -0.879645943005142    0.02741478929081604
      1.382300767579509    -0.7539822368615505    0.01232074741931673
      1.382300767579509    -0.6283185307179586   0.001479478912820171
      1.382300767579509    -0.5026548245743667 -0.0008061937230472923
      1.382300767579509    -0.3769911184307753  0.0003077416360572942
      1.382300767579509    -0.2513274122871838  -0.001837627352694935
      1.382300767579509    -0.1256637061435919  -0.004278458318046058
      1.382300767579509                      0   -0.00278408536763496
      1.382300767579509     0.1256637061435919  -0.001654944308870749
      1.382300767579509     0.2513274122871834  -0.001311744299936029
      1.382300767579509     0.3769911184307753   0.005609935189368749
      1.382300767579509     0.5026548245743672    0.01481127304849704
      1.382300767579509     0.6283185307179582    0.01316297125643898
      1.382300767579509     0.7539822368615501   0.003541272018163768
      1.382300767579509     0.8796459430051424  -0.001715018243766638
      1.382300767579509      1.005309649148734  -0.003237339165411769
      1.382300767579509      1.130973355292326  -0.006219619381590487
      1.382300767579509      1.256637061435917  -0.007084058778795111
      1.382300767579509      1.382300767579509  -0.004052789807917768
      1.382300767579509      1.507964473723101  -0.002013016062296812
      1.382300767579509      1.633628179866692  -0.001902672798339978
      1.382300767579509      1.759291886010284 -0.0009686202470679724
      1.382300767579509      1.884955592153876 -8.254829549882491e-05
      1.382300767579509      2.010619298297467 -0.0003204350608238184
      1.382300767579509       2.13628300444106 -6.656609263755601e-06
      1.382300767579509      2.261946710584651  0.0004568574983009428
      1.382300767579509      2.387610416728243 -0.0003680521613976715
      1.382300767579509      2.513274122871834 -0.0004906282420156469
      1.382300767579509      2.638937829015426   0.001288822390917972
      1.382300767579509      2.764601535159018   0.002684617128819768
      1.382300767579509      2.890265241302609   0.003492514743378816
      1.382300767579509      3.015928947446201   0.004478788526143114
      1.507964473723101     -3.141592653589793   -0.00365281030262481
      1.507964473723101     -3.015928947446201  -0.005344301572312203
      1.507964473723101      -2.89026524130261  -0.002054419652916187
      1.507964473723101     -2.764601535159018   0.002710341469485048
      1.507964473723101     -2.638937829015426   0.004847317647933122
      1.507964473723101     -2.513274122871834   0.006674804332265559
      1.507964473723101     -2.387610416728243    0.01134819088377186
      1.507964473723101     -2.261946710584651    0.01619881523432799
      1.507964473723101     -2.136283004441059    0.02103092552015094
      1.507964473723101     -2.010619298297468    0.03079092911279513
      1.507964473723101     -1.884955592153876    0.04174564173028041
      1.507964473723101     -1.759291886010284    0.04359023290543126
      1.507964473723101     -1.633628179866693    0.03957329943258463
      1.507964473723101     -1.507964473723101    0.04362222351666938
      1.507964473723101     -1.382300767579509    0.05718975354114306
      1.507964473723101     -1.256637061435917    0.06580404855276195
      1.507964473723101     -1.130973355292325    0.05815485540083384
      1.507964473723101     -1.005309649148733    0.03853177316405929
      1.507964473723101     -0.879645943005142    0.01831057452893126
      1.507964473723101    -0.7539822368615505   0.003169782997680944
      1.507964473723101    -0.6283185307179586  -0.005245731338783453
      1.507964473723101    -0.5026548245743667  -0.005326015033303405
      1.507964473723101    -0.3769911184307753  -0.001175403510262631
      1.507964473723101    -0.2513274122871838 -0.0004880110320848023
      1.507964473723101    -0.1256637061435919  -0.002960414083221199
      1.507964473723101                      0   -0.00370481328813455
      1.507964473723101     0.1256637061435919   -0.00361279841192071
      1.507964473723101     0.2513274122871834  -0.003134122908593957
      1.507964473723101     0.3769911184307753    0.00184198394556044
      1.507964473723101     0.5026548245743672   0.008210545986341383
      1.507964473723101     0.6283185307179582   0.007642639998737095
      1.507964473723101     0.7539822368615501   0.002616305978810628
      1.507964473723101     0.8796459430051424  0.0008713837881292195
      1.507964473723101      1.005309649148734  0.0006748221570832799
      1.507964473723101      1.130973355292326  -0.001450545331980338
      1.507964473723101      1.256637061435917  -0.001970632203686535
      1.507964473723101      1.382300767579509  5.445610800067529e-05
      1.507964473723101      1.507964473723101  0.0003700287968210099
      1.507964473723101      1.633628179866692 -0.0007948504277353432
      1.507964473723101      1.759291886010284 -0.0003157274231688683
      1.507964473723101      1.884955592153876   0.000491490687768932
      1.507964473723101      2.010619298297467 -0.0001411214881153314
      1.507964473723101       2.13628300444106  -0.000393657046994019
      1.507964473723101      2.261946710584651   0.000322381491384809
      1.507964473723101      2.387610416728243  0.0001529291867177454
      1.507964473723101      2.513274122871834 -0.0005974149094519961
      1.507964473723101      2.638937829015426  0.0002366319149363166
      1.507964473723101      2.764601535159018   0.002470517652172179
      1.507964473723101      2.890265241302609    0.00328547137452931
      1.507964473723101      3.015928947446201  0.0007014563826329744
      1.633628179866692     -3.141592653589793  -0.001838198157422156
      1.633628179866692     -3.015928947446201  -0.001340735406464079
      1.633628179866692      -2.89026524130261 -0.0001496785865088207
      1.633628179866692     -2.764601535159018  -0.001341160164400783
      1.633628179866692     -2.638937829015426  -0.002990696538326035
      1.633628179866692     -2.513274122871834  -0.003513537092535188
      1.633628179866692     -2.387610416728243  -0.003834855542589036
      1.633628179866692     -2.261946710584651  -0.002659906990357649
      1.633628179866692     -2.136283004441059   0.002989335599549017
      1.633628179866692     -2.010619298297468    0.01218823437521598
      1.633628179866692     -1.884955592153876    0.01975353515530449
      1.633628179866692     -1.759291886010284    0.02261171017019705
      1.633628179866692     -1.633628179866693    0.02503264542964586
      1.633628179866692     -1.507964473723101    0.03491263168839179
      1.633628179866692     -1.382300767579509    0.05236249530308778
      1.633628179866692     -1.256637061435917    0.06396209320672505
      1.633628179866692     -1.130973355292325    0.05587281087909047
      1.633628179866692     -1.005309649148733    0.03243171774994947
      1.633628179866692     -0.879645943005142    0.01038555463163289
      1.633628179866692    -0.7539822368615505  -0.002126165508490654
      1.633628179866692    -0.6283185307179586  -0.007271380010933309
      1.633628179866692    -0.5026548245743667  -0.006592956913978655
      1.633628179866692    -0.3769911184307753  -0.001834276320817803
      1.633628179866692    -0.2513274122871838   0.001686893943325515
      1.633628179866692    -0.1256637061435919  0.0009031063725905915
      1.633628179866692                      0  -0.001865081223701985
      1.633628179866692     0.1256637061435919  -0.003428869862970419
      1.633628179866692     0.2513274122871834  -0.002692808383157601
      1.633628179866692     0.3769911184307753 -0.0003952085290670234
      1.633628179866692     0.5026548245743672   0.001300732682982411
      1.633628179866692     0.6283185307179582   0.001187671718397481
      1.633628179866692     0.7539822368615501   0.001092904807058399
      1.633628179866692     0.8796459430051424   0.002484273165101519
      1.633628179866692      1.005309649148734   0.003581059436275077
      1.633628179866692      1.130973355292326   0.003242508488630738
      1.633628179866692      1.256637061435917   0.003026426627237505
      1.633628179866692      1.382300767579509     0.0031266570489871
      1.633628179866692      1.507964473723101    0.00209169338511792
      1.633628179866692      1.633628179866692  0.0007020993594277729
      1.633628179866692      1.759291886010284  0.0005512871741927193
      1.633628179866692      1.884955592153876  0.0007123771990675035
      1.633628179866692      2.010619298297467  3.698993955730851e-06
      1.633628179866692       2.13628300444106 -0.0005067827300702105
      1.633628179866692      2.261946710584651  7.983306771847797e-05
      1.633628179866692      2.387610416728243  0.0004511695988855174
      1.633628179866692      2.513274122871834 -0.0004075319663943639
      1.633628179866692      2.638937829015426 -0.0005577624912334828
      1.633628179866692      2.764601535159018    0.00168158013877225
      1.633628179866692      2.890265241302609   0.003258196681175958
      1.633628179866692      3.015928947446201  0.0009939793375464427
      1.759291886010284     -3.141592653589793  0.0006190193905239768
      1.759291886010284     -3.015928947446201  0.0009723763073004954
      1.759291886010284      -2.89026524130261  0.0006612298560476997
      1.759291886010284     -2.764601535159018  -0.001077324428182667
      1.759291886010284     -2.638937829015426    -0.0023938226264971
      1.759291886010284     -2.513274122871834  -0.002754333592272243
      1.759291886010284     -2.387610416728243  -0.003401520557590558
      1.759291886010284     -2.261946710584651  -0.003588956227529009
      1.759291886010284     -2.136283004441059  -0.001253872496156041
      1.759291886010284     -2.010619298297468   0.003088303075379371
      1.759291886010284     -1.884955592153876   0.006538361406905626
      1.759291886010284     -1.759291886010284   0.007822329234511736
      1.759291886010284     -1.633628179866693   0.009526571037956049
      1.759291886010284     -1.507964473723101    0.01530939825247465
      1.759291886010284     -1.382300767579509    0.02445452993141036
      1.759291886010284     -1.256637061435917    0.03028614649988184
      1.759291886010284     -1.130973355292325    0.02663104407274949
      1.759291886010284     -1.005309649148733    0.01563791620149367
      1.759291886010284     -0.879645943005142   0.005077560780332497
      1.759291886010284    -0.7539822368615505 -0.0008912956758148267
      1.759291886010284    -0.6283185307179586  -0.003182094798141741
      1.759291886010284    -0.5026548245743667  -0.002961183110151283
      1.759291886010284    -0.3769911184307753 -0.0007785729056115928
      1.759291886010284    -0.2513274122871838   0.001495744263907774
      1.759291886010284    -0.1256637061435919   0.001642635070218065
      1.759291886010284                      0  -0.000177220521669261
      1.759291886010284     0.1256637061435919  -0.001513882531308889
      1.759291886010284     0.2513274122871834 -0.0009984838626916459
      1.759291886010284     0.3769911184307753  6.685420721654624e-05
      1.759291886010284     0.5026548245743672  0.0002409323161650251
      1.759291886010284     0.6283185307179582 -4.309556205574442e-05
      1.759291886010284     0.7539822368615501  0.0002234258930007728
      1.759291886010284     0.8796459430051424   0.001007289832543111
      1.759291886010284      1.005309649148734   0.001618181023002299
      1.759291886010284      1.130973355292326   0.001850891011014321
      1.759291886010284      1.256637061435917   0.001941617286702241
      1.759291886010284      1.382300767579509   0.001765581426843537
      1.759291886010284      1.507964473723101   0.001141520346319574
      1.759291886010284      1.633628179866692  0.0005565997593258864
      1.759291886010284      1.759291886010284  0.0004368851743898612
      1.759291886010284      1.884955592153876  0.0003660921106409676
      1.759291886010284      2.010619298297467 -8.405642501977789e-06
      1.759291886010284       2.13628300444106 -0.0002359176218478676
      1.759291886010284      2.261946710584651  2.417434483767922e-05
      1.759291886010284      2.387610416728243  0.0002111292980660935
      1.759291886010284      2.513274122871834 -0.0001651598303138755
      1.759291886010284      2.638937829015426 -0.0002822583459861986
      1.759291886010284      2.764601535159018  0.0007191660390981842
      1.759291886010284      2.890265241302609   0.001664163355354905
      1.759291886010284      3.015928947446201   0.001218687811731057
      1.884955592153876     -3.141592653589793  0.0005480072390926953
      1.884955592153876     -3.015928947446201  0.0003183004419376306
      1.884955592153876      -2.89026524130261  0.0002755534723217609
      1.884955592153876     -2.764601535159018  0.0004465910635531192
      1.884955592153876     -2.638937829015426 -6.163158489713308e-05
      1.884955592153876     -2.513274122871834 -0.0008446597745967817
      1.884955592153876     -2.387610416728243 -0.0004897744561426476
      1.884955592153876     -2.261946710584651  0.0009478623982805806
      1.884955592153876     -2.136283004441059   0.002290396258783271
      1.884955592153876     -2.010619298297468   0.003106148580257634
      1.884955592153876     -1.884955592153876   0.003449187694058641
      1.884955592153876     -1.759291886010284   0.003110674373218268
      1.884955592153876     -1.633628179866693   0.002229171007274633
      1.884955592153876     -1.507964473723101   0.001599342250225419
      1.884955592153876     -1.382300767579509   0.001856307588461891
      1.884955592153876     -1.256637061435917   0.002765106459184079
      1.884955592153876     -1.130973355292325   0.003345172157513912
      1.884955592153876     -1.005309649148733   0.002737333208686819
      1.884955592153876     -0.879645943005142   0.001275785231900668
      1.884955592153876    -0.7539822368615505  0.0003278907747998827
      1.884955592153876    -0.6283185307179586  0.0004554355057194282
      1.884955592153876    -0.5026548245743667  0.0006164376823306435
      1.884955592153876    -0.3769911184307753  -2.66611891834152e-05
      1.884955592153876    -0.2513274122871838 -0.0008576915556249681
      1.884955592153876    -0.1256637061435919  -0.001058522661686943
      1.884955592153876                      0 -0.0007830266835059002
      1.884955592153876     0.1256637061435919 -0.0005246418859068488
      1.884955592153876     0.2513274122871834 -0.0001918705801640146
      1.884955592153876     0.3769911184307753   0.000456361643835504
      1.884955592153876     0.5026548245743672   0.000903928447615977
      1.884955592153876     0.6283185307179582  0.0005516094986698787
      1.884955592153876     0.7539822368615501 -0.0001436021609440918
      1.884955592153876     0.8796459430051424 -0.0005940514586159068
      1.884955592153876      1.005309649148734  -0.001090788039926291
      1.884955592153876      1.130973355292326  -0.001577947078881622
      1.884955592153876      1.256637061435917  -0.001314815465066221
      1.884955592153876      1.382300767579509 -0.0005898331509283436
      1.884955592153876      1.507964473723101 -0.0003905985107458772
      1.884955592153876      1.633628179866692 -0.0004873078458812463
      1.884955592153876      1.759291886010284 -0.0001967555708349836
      1.884955592153876      1.884955592153876  9.806844725978364e-05
      1.884955592153876      2.010619298297467  7.098840575320674e-06
      1.884955592153876       2.13628300444106  -4.73122667154184e-05
      1.884955592153876      2.261946710584651  5.145524260878776e-05
      1.884955592153876      2.387610416728243   1.27230201896481e-06
      1.884955592153876      2.513274122871834 -4.323772279495463e-05
      1.884955592153876      2.638937829015426  5.058423857936553e-05
      1.884955592153876      2.764601535159018 -3.895287942016846e-06
      1.884955592153876      2.890265241302609 -3.725965769635612e-05
      1.884955592153876      3.015928947446201   0.000310739888523758
      2.010619298297467     -3.141592653589793 -0.0004635928620258384
      2.010619298297467     -3.015928947446201  -0.000252304056591933
      2.010619298297467      -2.89026524130261  0.0001910120249795311
      2.010619298297467     -2.764601535159018  0.0002873881503524524
      2.010619298297467     -2.638937829015426 -0.0004286496172221203
      2.010619298297467     -2.513274122871834  -0.001508862128228492
      2.010619298297467     -2.387610416728243  -0.001693871150884124
      2.010619298297467     -2.261946710584651 -0.0003244940366990804
      2.010619298297467     -2.136283004441059   0.001461057092552674
      2.010619298297467     -2.010619298297468   0.002026161645733149
      2.010619298297467     -1.884955592153876   0.001651913781060341
      2.010619298297467     -1.759291886010284   0.001638599160814421
      2.010619298297467     -1.633628179866693   0.001729536257143687
      2.010619298297467     -1.507964473723101   0.001416456101046226
      2.010619298297467     -1.382300767579509   0.001873605042161518
      2.010619298297467     -1.256637061435917   0.003335460914623745
      2.010619298297467     -1.130973355292325   0.003611404089983488
      2.010619298297467     -1.005309649148733   0.001735243058557357
      2.010619298297467     -0.879645943005142 -0.0003162617729118173
      2.010619298297467    -0.7539822368615505 -0.0007626514540881525
      2.010619298297467    -0.6283185307179586 -9.220154434120668e-05
      2.010619298297467    -0.5026548245743667  0.0002780591593681463
      2.010619298297467    -0.3769911184307753 -0.0002485825248094465
      2.010619298297467    -0.2513274122871838  -0.001130459844510708
      2.010619298297467    -0.1256637061435919  -0.001481201399161283
      2.010619298297467                      0  -0.001089031198641425
      2.010619298297467     0.1256637061435919 -0.0005555174737073356
      2.010619298297467     0.2513274122871834 -0.0003470149590653649
      2.010619298297467     0.3769911184307753  -0.000308973072993182
      2.010619298297467     0.5026548245743672 -0.0002812477452484841
      2.010619298297467     0.6283185307179582 -0.0002859265539596196
      2.010619298297467     0.7539822368615501  -0.000166867412304507
      2.010619298297467     0.8796459430051424 -8.983573070292531e-06
      2.010619298297467      1.005309649148734 -0.0002936239383131866
      2.010619298297467      1.130973355292326 -0.0008082864693497187
      2.010619298297467      1.256637061435917 -0.0007295632886265949
      2.010619298297467      1.382300767579509 -0.0002376262828039583
      2.010619298297467      1.507964473723101 -0.0001851412696933656
      2.010619298297467      1.633628179866692 -0.0003841585830871372
      2.010619298297467      1.759291886010284 -0.0001910921609678694
      2.010619298297467      1.884955592153876  0.0001069463040159258
      2.010619298297467      2.010619298297467  5.377798848446906e-05
      2.010619298297467       2.13628300444106 -7.210805035385514e-05
      2.010619298297467      2.261946710584651  4.875617973544128e-06
      2.010619298297467      2.387610416728243  7.070281184814783e-05
      2.010619298297467      2.513274122871834 -2.100906773334106e-05
      2.010619298297467      2.638937829015426 -0.0001126778135071164
      2.010619298297467      2.764601535159018 -0.0001133713779073929
      2.010619298297467      2.890265241302609 -0.0001596315809843339
      2.010619298297467      3.015928947446201 -0.0003413652719119413
       2.13628300444106     -3.141592653589793 -1.613714731085244e-05
       2.13628300444106     -3.015928947446201  0.0001185864549845244
       2.13628300444106      -2.89026524130261   -9.7152443762529e-05
       2.13628300444106     -2.764601535159018 -0.0007054440913906915
       2.13628300444106     -2.638937829015426 -0.0006207404433945141
       2.13628300444106     -2.513274122871834 -5.475152154520196e-05
       2.13628300444106     -2.387610416728243 -0.0004205002644530786
       2.13628300444106     -2.261946710584651   -0.00164003628366232
       2.13628300444106     -2.136283004441059  -0.002230870822622732
       2.13628300444106     -2.010619298297468  -0.001687103325739488
       2.13628300444106     -1.884955592153876 -0.0008842331946792738
       2.13628300444106     -1.759291886010284 -0.0003767987942087406
       2.13628300444106     -1.633628179866693  0.0004832146082077045
       2.13628300444106     -1.507964473723101   0.002284738960358657
       2.13628300444106     -1.382300767579509   0.004172946229686932
       2.13628300444106     -1.256637061435917   0.004635852455778369
       2.13628300444106     -1.130973355292325   0.003387975310438872
       2.13628300444106     -1.005309649148733   0.001689274788651735
       2.13628300444106     -0.879645943005142  0.0006193750548991694
       2.13628300444106    -0.7539822368615505 -0.0001137077528035995
       2.13628300444106    -0.6283185307179586 -0.0008962596784287441
       2.13628300444106    -0.5026548245743667   -0.00101157441385132
       2.13628300444106    -0.3769911184307753  4.237913226331818e-05
       2.13628300444106    -0.2513274122871838   0.001299655363065316
       2.13628300444106    -0.1256637061435919   0.001502486175046511
       2.13628300444106                      0  0.0007321560720439256
       2.13628300444106     0.1256637061435919  7.137402463939287e-05
       2.13628300444106     0.2513274122871834 -4.469859602459621e-05
       2.13628300444106     0.3769911184307753 -0.0001330915499050478
       2.13628300444106     0.5026548245743672  -0.000329121293983566
       2.13628300444106     0.6283185307179582 -0.0001871522911860653
       2.13628300444106     0.7539822368615501  0.0002476462028481475
       2.13628300444106     0.8796459430051424  0.0006584262614456793
       2.13628300444106      1.005309649148734   0.001171811203604736
       2.13628300444106      1.130973355292326   0.001662090452765823
       2.13628300444106      1.256637061435917   0.001544060762585289
       2.13628300444106      1.382300767579509  0.0009581983975323473
       2.13628300444106      1.507964473723101  0.0006271722873144569
       2.13628300444106      1.633628179866692  0.0005379522171091935
       2.13628300444106      1.759291886010284  0.0002784986946173194
       2.13628300444106      1.884955592153876  1.517363510410385e-05
       2.13628300444106      2.010619298297467 -2.080409744653725e-05
       2.13628300444106       2.13628300444106 -1.504889685165173e-05
       2.13628300444106      2.261946710584651 -2.068671190871467e-05
       2.13628300444106      2.387610416728243  3.305989379950241e-05
       2.13628300444106      2.513274122871834 -1.651876160952354e-05
       2.13628300444106      2.638937829015426 -6.661637006636625e-05
       2.13628300444106      2.764601535159018  0.0002246446518710885
       2.13628300444106      2.890265241302609  0.0004959054909731357
       2.13628300444106      3.015928947446201  0.0002398844643024264
      2.261946710584651     -3.141592653589793  0.0002830737782120826
      2.261946710584651     -3.015928947446201 -3.149287764956702e-05
      2.261946710584651      -2.89026524130261 -0.0004242330612131622
      2.261946710584651     -2.764601535159018 -0.0003561787712784305
      2.261946710584651     -2.638937829015426  0.0003784734697852978
      2.261946710584651     -2.513274122871834   0.001409439267961475
      2.261946710584651     -2.387610416728243   0.001758451358315269
      2.261946710584651     -2.261946710584651  0.0006879056097053824
      2.261946710584651     -2.136283004441059 -0.0008408551889910946
      2.261946710584651     -2.010619298297468  -0.001102381332259004
      2.261946710584651     -1.884955592153876 -0.0004368441051945563
      2.261946710584651     -1.759291886010284 -0.0004380207170017407
      2.261946710584651     -1.633628179866693 -0.0007869691171401446
      2.261946710584651     -1.507964473723101 -0.0005815632637601148
      2.261946710584651     -1.382300767579509 -0.0008712543091785024
      2.261946710584651     -1.256637061435917   -0.00209110739433899
      2.261946710584651     -1.130973355292325  -0.002255158655731331
      2.261946710584651     -1.005309649148733 -0.0005184410548828505
      2.261946710584651     -0.879645943005142   0.001168319202719074
      2.261946710584651    -0.7539822368615505   0.001270682246349353
      2.261946710584651    -0.6283185307179586  0.0004795894568875202
      2.261946710584651    -0.5026548245743667  0.0001016979218293933
      2.261946710584651    -0.3769911184307753   0.000521575309679216
      2.261946710584651    -0.2513274122871838   0.001208007665855745
      2.261946710584651    -0.1256637061435919   0.001435157745777192
      2.261946710584651                      0    0.00101779380799046
      2.261946710584651     0.1256637061435919  0.0004575905220992316
      2.261946710584651     0.2513274122871834  0.0002790485113520307
      2.261946710584651     0.3769911184307753  0.0004660444929141457
      2.261946710584651     0.5026548245743672  0.0006743917825740627
      2.261946710584651     0.6283185307179582  0.0006219186728925723
      2.261946710584651     0.7539822368615501  0.0002721554929444393
      2.261946710584651     0.8796459430051424 -1.313474799629891e-05
      2.261946710584651      1.005309649148734  0.0001918373865161509
      2.261946710584651      1.130973355292326   0.000612188876306743
      2.261946710584651      1.256637061435917  0.0005851993969037798
      2.261946710584651      1.382300767579509  0.0002358055950578416
      2.261946710584651      1.507964473723101  0.0001791688478640182
      2.261946710584651      1.633628179866692  0.0003031301573677338
      2.261946710584651      1.759291886010284  0.0001528609999702945
      2.261946710584651      1.884955592153876 -8.568677686340712e-05
      2.261946710584651      2.010619298297467 -5.839751449012571e-05
      2.261946710584651       2.13628300444106  6.383518048657142e-05
      2.261946710584651      2.261946710584651  1.548469896404674e-05
      2.261946710584651      2.387610416728243 -7.817800964087192e-05
      2.261946710584651      2.513274122871834 -1.219516629916353e-06
      2.261946710584651      2.638937829015426  0.0001442317924253544
      2.261946710584651      2.764601535159018  0.0001483513080945045
      2.261946710584651      2.890265241302609  0.0001205692886370598
      2.261946710584651      3.015928947446201   0.000242424138404494
      2.387610416728243     -3.141592653589793 -0.0005806855399575847
      2.387610416728243     -3.015928947446201 -0.0003931848133576255
      2.387610416728243      -2.89026524130261  0.0001580015605650719
      2.387610416728243     -2.764601535159018  0.0005769224134041547
      2.387610416728243     -2.638937829015426 -0.0002165970801098336
      2.387610416728243     -2.513274122871834   -0.00165107490865331
      2.387610416728243     -2.387610416728243  -0.001587724046655874
      2.387610416728243     -2.261946710584651  0.0006314233361773323
      2.387610416728243     -2.136283004441059   0.002918004319151914
      2.387610416728243     -2.010619298297468   0.003208073534458255
      2.387610416728243     -1.884955592153876   0.002326328336132758
      2.387610416728243     -1.759291886010284   0.002038823647481454
      2.387610416728243     -1.633628179866693   0.001748497242793065
      2.387610416728243     -1.507964473723101  0.0006275604962253385
      2.387610416728243     -1.382300767579509    0.00046527973889889
      2.387610416728243     -1.256637061435917   0.002276681406823602
      2.387610416728243     -1.130973355292325   0.003579276351375999
      2.387610416728243     -1.005309649148733    0.00237516887174594
      2.387610416728243     -0.879645943005142  0.0003458067753546165
      2.387610416728243    -0.7539822368615505  3.967644485465384e-05
      2.387610416728243    -0.6283185307179586   0.001240250166004006
      2.387610416728243    -0.5026548245743667   0.001609994548134279
      2.387610416728243    -0.3769911184307753  0.0001223063858625067
      2.387610416728243    -0.2513274122871838  -0.001722815921438272
      2.387610416728243    -0.1256637061435919  -0.002203166443957108
      2.387610416728243                      0  -0.001422604226537638
      2.387610416728243     0.1256637061435919 -0.0006097133488458902
      2.387610416728243     0.2513274122871834 -0.0003035357835531767
      2.387610416728243     0.3769911184307753 -0.0001351850199532196
      2.387610416728243     0.5026548245743672 -2.036096821806937e-05
      2.387610416728243     0.6283185307179582 -0.0001747965464322384
      2.387610416728243     0.7539822368615501 -0.0003167294266256724
      2.387610416728243     0.8796459430051424 -0.0003942665321620724
      2.387610416728243      1.005309649148734  -0.001023704942433995
      2.387610416728243      1.130973355292326   -0.00185942268125011
      2.387610416728243      1.256637061435917  -0.001668136820546291
      2.387610416728243      1.382300767579509 -0.0007833106156780913
      2.387610416728243      1.507964473723101 -0.0005660988057531732
      2.387610416728243      1.633628179866692 -0.0007510530483335574
      2.387610416728243      1.759291886010284 -0.0003749639856132197
      2.387610416728243      1.884955592153876  0.0001123599770546814
      2.387610416728243      2.010619298297467  6.994431587173973e-05
      2.387610416728243       2.13628300444106 -6.352745298515914e-05
      2.387610416728243      2.261946710584651  2.369863715448119e-05
      2.387610416728243      2.387610416728243  4.538333869497695e-05
      2.387610416728243      2.513274122871834   -1.2743350125172e-05
      2.387610416728243      2.638937829015426  -6.44091251572831e-05
      2.387610416728243      2.764601535159018 -0.0003136055676966639
      2.387610416728243      2.890265241302609 -0.0006457563570237171
      2.387610416728243      3.015928947446201 -0.0006965200240356345
      2.513274122871834     -3.141592653589793  0.0001781633352048512
      2.513274122871834     -3.015928947446201  0.0008458670684567143
      2.513274122871834      -2.89026524130261   0.001019238463082753
      2.513274122871834     -2.764601535159018 -3.615933934459033e-05
      2.513274122871834     -2.638937829015426  -0.001652568645110432
      2.513274122871834     -2.513274122871834  -0.003136268344468861
      2.513274122871834     -2.387610416728243  -0.003744335793789306
      2.513274122871834     -2.261946710584651  -0.002201405042316247
      2.513274122871834     -2.136283004441059   0.001049751189805194
      2.513274122871834     -2.010619298297468   0.003439543419381803
      2.513274122871834     -1.884955592153876    0.00412213205497569
      2.513274122871834     -1.759291886010284   0.004705542541590545
      2.513274122871834     -1.633628179866693    0.00613044890874736
      2.513274122871834     -1.507964473723101   0.009131668628821593
      2.513274122871834     -1.382300767579509    0.01486935601063585
      2.513274122871834     -1.256637061435917    0.02049665266980209
      2.513274122871834     -1.130973355292325    0.01973837198068219
      2.513274122871834     -1.005309649148733     0.0118628453842559
      2.513274122871834     -0.879645943005142   0.003523168518066093
      2.513274122871834    -0.7539822368615505 -8.169249444094797e-05
      2.513274122871834    -0.6283185307179586 -3.809721058469921e-05
      2.513274122871834    -0.5026548245743667  0.0003260411178525225
      2.513274122871834    -0.3769911184307753  -4.30990043522937e-05
      2.513274122871834    -0.2513274122871838  -0.000376460899794069
      2.513274122871834    -0.1256637061435919 -0.0005852902830074109
      2.513274122871834                      0  -0.001065334347801601
      2.513274122871834     0.1256637061435919  -0.001261080005623841
      2.513274122871834     0.2513274122871834 -0.0006967279926251046
      2.513274122871834     0.3769911184307753 -0.0001946287953997748
      2.513274122871834     0.5026548245743672 -0.0004275413564914914
      2.513274122871834     0.6283185307179582 -0.0006923440889108763
      2.513274122871834     0.7539822368615501 -0.0002104623399978715
      2.513274122871834     0.8796459430051424   0.000469693877366229
      2.513274122871834      1.005309649148734  0.0003779946001040425
      2.513274122871834      1.130973355292326 -0.0001050756924076611
      2.513274122871834      1.256637061435917  8.316125692907674e-05
      2.513274122871834      1.382300767579509   0.000554936756646869
      2.513274122871834      1.507964473723101  0.0002750967830641132
      2.513274122871834      1.633628179866692 -0.0002302426141103947
      2.513274122871834      1.759291886010284 -2.913579928406056e-05
      2.513274122871834      1.884955592153876  0.0003069474308553355
      2.513274122871834      2.010619298297467  7.535723274155918e-05
      2.513274122871834       2.13628300444106 -0.0001852327058388675
      2.513274122871834      2.261946710584651  8.262910806836666e-06
      2.513274122871834      2.387610416728243  0.0001750454503177985
      2.513274122871834      2.513274122871834 -7.441387853121415e-05
      2.513274122871834      2.638937829015426 -0.0002743453965684746
      2.513274122871834      2.764601535159018  1.099155254324797e-05
      2.513274122871834      2.890265241302609  0.0002857650308060887
      2.513274122871834      3.015928947446201  0.0001132192843500237
      2.638937829015426     -3.141592653589793  0.0008241311003421285
      2.638937829015426     -3.015928947446201   0.001983588889587368
      2.638937829015426      -2.89026524130261   0.001584196331528206
      2.638937829015426     -2.764601535159018 -0.0003691943271257622
      2.638937829015426     -2.638937829015426  0.0002464005866831595
      2.638937829015426     -2.513274122871834   0.003185215715604545
      2.638937829015426     -2.387610416728243   0.003570487450531478
      2.638937829015426     -2.261946710584651   0.001048453612017933
      2.638937829015426     -2.136283004441059  0.0006304260328106508
      2.638937829015426     -2.010619298297468   0.004533858296685002
      2.638937829015426     -1.884955592153876   0.009151609718651036
      2.638937829015426     -1.759291886010284    0.01159496971409396
      2.638937829015426     -1.633628179866693    0.01582130149954471
      2.638937829015426     -1.507964473723101    0.02786736029733409
      2.638937829015426     -1.382300767579509    0.04542226777694906
      2.638937829015426     -1.256637061435917    0.05648808694312164
      2.638937829015426     -1.130973355292325    0.05117460422900002
      2.638937829015426     -1.005309649148733    0.03318869375420617
      2.638937829015426     -0.879645943005142    0.01509739932969368
      2.638937829015426    -0.7539822368615505   0.004223097794386448
      2.638937829015426    -0.6283185307179586 -0.0006402958187747548
      2.638937829015426    -0.5026548245743667  -0.001912560714658199
      2.638937829015426    -0.3769911184307753  0.0001172981625115255
      2.638937829015426    -0.2513274122871838   0.003837813305334488
      2.638937829015426    -0.1256637061435919   0.004989393765116132
      2.638937829015426                      0   0.002015983103767255
      2.638937829015426     0.1256637061435919 -0.0009449629843504172
      2.638937829015426     0.2513274122871834 -0.0006256704262132306
      2.638937829015426     0.3769911184307753  0.0006476181803268703
      2.638937829015426     0.5026548245743672  0.0003529723691016213
      2.638937829015426     0.6283185307179582 -0.0002844513069885422
      2.638937829015426     0.7539822368615501   0.000192620666872748
      2.638937829015426     0.8796459430051424   0.001431563222846492
      2.638937829015426      1.005309649148734   0.002845976046405496
      2.638937829015426      1.130973355292326   0.003731972188617046
      2.638937829015426      1.256637061435917   0.003245685050429666
      2.638937829015426      1.382300767579509   0.001958100483689695
      2.638937829015426      1.507964473723101   0.001273094729493647
      2.638937829015426      1.633628179866692   0.001174655539831337
      2.638937829015426      1.759291886010284  0.0008072234021840764
      2.638937829015426      1.884955592153876  0.0002497603560783021
      2.638937829015426      2.010619298297467 -6.340832025080703e-05
      2.638937829015426       2.13628300444106 -0.0001574173008833769
      2.638937829015426      2.261946710584651 -2.251899718794897e-05
      2.638937829015426      2.387610416728243  0.0001547313618362858
      2.638937829015426      2.513274122871834 -0.0001090872396396779
      2.638937829015426      2.638937829015426 -0.0002280926203719648
      2.638937829015426      2.764601535159018   0.000719825764155743
      2.638937829015426      2.890265241302609   0.001517709216338367
      2.638937829015426      3.015928947446201   0.000938250035921394
      2.764601535159018     -3.141592653589793  -0.003175061340665603
      2.764601535159018     -3.015928947446201  0.0001560411886897868
      2.764601535159018      -2.89026524130261   0.002854631424137089
      2.764601535159018     -2.764601535159018   0.003431562046254073
      2.764601535159018     -2.638937829015426   0.006983765531831445
      2.764601535159018     -2.513274122871834     0.0134746859088402
      2.764601535159018     -2.387610416728243    0.01652979816053959
      2.764601535159018     -2.261946710584651    0.01522353758091816
      2.764601535159018     -2.136283004441059    0.01499675797686517
      2.764601535159018     -2.010619298297468    0.01846070545482712
      2.764601535159018     -1.884955592153876    0.02324149189256171
      2.764601535159018     -1.759291886010284     0.0277226164122799
      2.764601535159018     -1.633628179866693    0.03614688496779451
      2.764601535159018     -1.507964473723101    0.05684122213811565
      2.764601535159018     -1.382300767579509    0.08962810968422451
      2.764601535159018     -1.256637061435917     0.1143273613775653
      2.764601535159018     -1.130973355292325     0.1065670665938628
      2.764601535159018     -1.005309649148733     0.0694656096504582
      2.764601535159018     -0.879645943005142    0.03103468108096547
      2.764601535159018    -0.7539822368615505   0.009808503621568073
      2.764601535159018    -0.6283185307179586   0.002205774599489664
      2.764601535159018    -0.5026548245743667 -0.0006506504961082312
      2.764601535159018    -0.3769911184307753 -0.0008859716539997502
      2.764601535159018    -0.2513274122871838   0.001576218927985328
      2.764601535159018    -0.1256637061435919   0.003147437709265196
      2.764601535159018                      0    0.00100426437648653
      2.764601535159018     0.1256637061435919   -0.00169350415746724
      2.764601535159018     0.2513274122871834  -0.001383388479995009
      2.764601535159018     0.3769911184307753 -1.094834828191939e-05
      2.764601535159018     0.5026548245743672 -0.0004429677024546038
      2.764601535159018     0.6283185307179582  -0.001517325536146485
      2.764601535159018     0.7539822368615501 -0.0008696305084820407
      2.764601535159018     0.8796459430051424   0.001328897418993404
      2.764601535159018      1.005309649148734   0.002978910383628952
      2.764601535159018      1.130973355292326   0.002579472338732549
      2.764601535159018      1.256637061435917  0.0007162920405364837
      2.764601535159018      1.382300767579509 -0.0006085612649095265
      2.764601535159018      1.507964473723101 -0.0003648863433335846
      2.764601535159018      1.633628179866692  0.0003736316435917247
      2.764601535159018      1.759291886010284  0.0004506694180196475
      2.764601535159018      1.884955592153876  0.0001946117148080897
      2.764601535159018      2.010619298297467  2.598188060999191e-05
      2.764601535159018       2.13628300444106  -0.000189027299200029
      2.764601535159018      2.261946710584651 -0.0001125113913463651
      2.764601535159018      2.387610416728243  0.0002448224841601191
      2.764601535159018      2.513274122871834 -3.097078596112087e-05
      2.764601535159018      2.638937829015426 -0.0004401451268357311
      2.764601535159018      2.764601535159018  0.0001680015102452065
      2.764601535159018      2.890265241302609 -6.893483852502979e-05
      2.764601535159018      3.015928947446201  -0.002508889696117377
      2.890265241302609     -3.141592653589793  -0.005709114544425756
      2.890265241302609     -3.015928947446201  -0.000857497826436125
      2.890265241302609      -2.89026524130261   0.005111679747770862
      2.890265241302609     -2.764601535159018   0.009712034970608753
      2.890265241302609     -2.638937829015426    0.01591822190343624
      2.890265241302609     -2.513274122871834    0.02429056967224967
      2.890265241302609     -2.387610416728243    0.03075860140914762
      2.890265241302609     -2.261946710584651    0.03347721255138195
      2.890265241302609     -2.136283004441059    0.03432452685747495
      2.890265241302609     -2.010619298297468    0.03530129030735895
      2.890265241302609     -1.884955592153876    0.03777887673837375
      2.890265241302609     -1.759291886010284    0.04262211142134344
      2.890265241302609     -1.633628179866693    0.05217987696324003
      2.890265241302609     -1.507964473723101    0.07480676487094558
      2.890265241302609     -1.382300767579509     0.1145026115981226
      2.890265241302609     -1.256637061435917     0.1488122164473407
      2.890265241302609     -1.130973355292325      0.142576426196811
      2.890265241302609     -1.005309649148733    0.09510787301752578
      2.890265241302609     -0.879645943005142    0.04379806715787336
      2.890265241302609    -0.7539822368615505    0.01652528179767028
      2.890265241302609    -0.6283185307179586   0.008641667113366511
      2.890265241302609    -0.5026548245743667    0.00449735521971718
      2.890265241302609    -0.3769911184307753 -0.0006826103343161673
      2.890265241302609    -0.2513274122871838  -0.003021504789519854
      2.890265241302609    -0.1256637061435919  -0.001990458400762593
      2.890265241302609                      0  -0.001369185310507923
      2.890265241302609     0.1256637061435919  -0.002019840370814437
      2.890265241302609     0.2513274122871834  -0.001613008990799556
      2.890265241302609     0.3769911184307753 -3.943792957152031e-05
      2.890265241302609     0.5026548245743672  0.0001716706284517131
      2.890265241302609     0.6283185307179582  -0.001378587912541848
      2.890265241302609     0.7539822368615501  -0.001661244728604504
      2.890265241302609     0.8796459430051424  0.0003347040216318378
      2.890265241302609      1.005309649148734  0.0009856266909792366
      2.890265241302609      1.130973355292326  -0.001747334830552234
      2.890265241302609      1.256637061435917  -0.004645357755943569
      2.890265241302609      1.382300767579509  -0.004722743843966593
      2.890265241302609      1.507964473723101  -0.003021518206616052
      2.890265241302609      1.633628179866692  -0.001525523391317174
      2.890265241302609      1.759291886010284 -0.0005850934684953595
      2.890265241302609      1.884955592153876  3.896616253614979e-05
      2.890265241302609      2.010619298297467   0.000162271178975964
      2.890265241302609       2.13628300444106 -0.0001336715715348661
      2.890265241302609      2.261946710584651 -0.0001441665185763269
      2.890265241302609      2.387610416728243  0.0002063158281251214
      2.890265241302609      2.513274122871834  9.370568667317019e-05
      2.890265241302609      2.638937829015426 -0.0003987134435519399
      2.890265241302609      2.764601535159018 -0.0007897685877248603
      2.890265241302609      2.890265241302609  -0.002418663348490018
      2.890265241302609      3.015928947446201  -0.005453797837610436
      3.015928947446201     -3.141592653589793   0.001478160005108493
      3.015928947446201     -3.015928947446201   0.005005889723329282
      3.015928947446201      -2.89026524130261   0.008917240418052166
      3.015928947446201     -2.764601535159018    0.01446825772061243
      3.015928947446201     -2.638937829015426    0.02282305808063275
      3.015928947446201     -2.513274122871834    0.03345986670238946
      3.015928947446201     -2.387610416728243     0.0423546734286225
      3.015928947446201     -2.261946710584651     0.0442802190474089
      3.015928947446201     -2.136283004441059     0.0402392308965788
      3.015928947446201     -2.010619298297468     0.0375552363237834
      3.015928947446201     -1.884955592153876    0.03935172268245674
      3.015928947446201     -1.759291886010284     0.0423111864219835
      3.015928947446201     -1.633628179866693    0.04789517824933657
      3.015928947446201     -1.507964473723101    0.06571782457907877
      3.015928947446201     -1.382300767579509    0.09828887061863287
      3.015928947446201     -1.256637061435917     0.1268133368457996
      3.015928947446201     -1.130973355292325     0.1252928444120861
      3.015928947446201     -1.005309649148733    0.09183342136505611
      3.015928947446201     -0.879645943005142    0.05188417210730407
      3.015928947446201    -0.7539822368615505    0.02808870916969251
      3.015928947446201    -0.6283185307179586    0.01974683737910722
      3.015928947446201    -0.5026548245743667    0.01369237491034316
      3.015928947446201    -0.3769911184307753    0.00537588232599428
      3.015928947446201    -0.2513274122871838  0.0006495173213980962
      3.015928947446201    -0.1256637061435919   0.001290980970013041
      3.015928947446201                      0   0.001985824266613461
      3.015928947446201     0.1256637061435919  0.0006474080743624892
      3.015928947446201     0.2513274122871834   0.000736805974601517
      3.015928947446201     0.3769911184307753   0.003572837070917279
      3.015928947446201     0.5026548245743672   0.005341658371742408
      3.015928947446201     0.6283185307179582   0.003350472889462143
      3.015928947446201     0.7539822368615501  0.0006902548698555714
      3.015928947446201     0.8796459430051424  0.0005855506600838053
      3.015928947446201      1.005309649148734   0.000728957961233647
      3.015928947446201      1.130973355292326  -0.001593813964797478
      3.015928947446201      1.256637061435917  -0.004277292599718019
      3.015928947446201      1.382300767579509  -0.004487336002181735
      3.015928947446201      1.507964473723101  -0.002851157354167876
      3.015928947446201      1.633628179866692  -0.001379218122235157
      3.015928947446201      1.759291886010284 -0.0007128952588937082
      3.015928947446201      1.884955592153876  -0.000360018057273627
      3.015928947446201      2.010619298297467  2.934647071047569e-05
      3.015928947446201       2.13628300444106  0.0002192742277033492
      3.015928947446201      2.261946710584651  -3.30816504431817e-05
      3.015928947446201      2.387610416728243 -0.0002441771472362983
      3.015928947446201      2.513274122871834  0.0001776663085905477
      3.015928947446201      2.638937829015426  0.0004547888374581837
      3.015928947446201      2.764601535159018  -0.000630577344501326
      3.015928947446201      2.890265241302609  -0.002033936247267027
      3.015928947446201      3.015928947446201  -0.001390579055895381
