#! FIELDS phi2 phi4 hhphi2phi4
#! SET min_phi2 -pi
#! SET max_phi2 pi
#! SET min_phi4 -pi
#! SET max_phi4 pi
     -3.141592653589793     -3.141592653589793   0.003644311224377624
     -3.141592653589793     -3.015928947446201   0.005827576565011937
     -3.141592653589793      -2.89026524130261    0.01000068859211344
     -3.141592653589793     -2.764601535159018    0.01751602598705047
     -3.141592653589793     -2.638937829015426    0.02546470092983871
     -3.141592653589793     -2.513274122871834    0.03089516861480558
     -3.141592653589793     -2.387610416728243    0.03495208721159002
     -3.141592653589793     -2.261946710584651    0.03871907935180276
     -3.141592653589793     -2.136283004441059    0.04025057776000966
     -3.141592653589793     -2.010619298297468     0.0386290302959011
     -3.141592653589793     -1.884955592153876    0.03573581820797478
     -3.141592653589793     -1.759291886010284    0.03339725877019636
     -3.141592653589793     -1.633628179866693     0.0328988154474596
     -3.141592653589793     -1.507964473723101    0.03506360595868376
     -3.141592653589793     -1.382300767579509    0.03758050529191449
     -3.141592653589793     -1.256637061435917    0.03584836880243327
     -3.141592653589793     -1.130973355292325    0.02836324263856536
     -3.141592653589793     -1.005309649148733    0.01815963457160114
     -3.141592653589793     -0.879645943005142    0.00921243692075183
     -3.141592653589793    -0.7539822368615505   0.003711029776597175
     -3.141592653589793    -0.6283185307179586    0.00129134968707637
     -3.141592653589793    -0.5026548245743667 -9.714739045332604e-05
     -3.141592653589793    -0.3769911184307753  -0.001331297076822704
     -3.141592653589793    -0.2513274122871838  -0.001435481681468155
     -3.141592653589793    -0.1256637061435919 -0.0004625640048786341
     -3.141592653589793                      0   0.000155472471120725
     -3.141592653589793     0.1256637061435919  0.0003130152713935629
     -3.141592653589793     0.2513274122871834  0.0008321455021234379
     -3.141592653589793     0.3769911184307753   0.001474192441038758
     -3.141592653589793     0.5026548245743672   0.002316818961141391
     -3.141592653589793     0.6283185307179582   0.004696710517532116
     -3.141592653589793     0.7539822368615501    0.00849959907738625
     -3.141592653589793     0.8796459430051424    0.01141749552052974
     -3.141592653589793      1.005309649148734    0.01218564436252202
     -3.141592653589793      1.130973355292326     0.0117058124461403
     -3.141592653589793      1.256637061435917    0.01058223366023872
     -3.141592653589793      1.382300767579509   0.008340505099112987
     -3.141592653589793      1.507964473723101   0.005451244633640124
     -3.141592653589793      1.633628179866692   0.003665051979824622
     -3.141592653589793      1.759291886010284   0.003449034147951818
     -3.141592653589793      1.884955592153876    0.00310155306937223
     -3.141592653589793      2.010619298297467   0.001608517054411614
     -3.141592653589793       2.13628300444106  0.0002162316843630937
     -3.141592653589793      2.261946710584651 -0.0001609355863153121
     -3.141592653589793      2.387610416728243 -0.0004116036086584129
     -3.141592653589793      2.513274122871834 -0.0009999438480617507
     -3.141592653589793      2.638937829015426  -0.001236786834269899
     -3.141592653589793      2.764601535159018 -0.0009595717131183609
     -3.141592653589793      2.890265241302609 -0.0002038411173930247
     -3.141592653589793      3.015928947446201    0.00148457574247909
     -3.015928947446201     -3.141592653589793   0.005265618968138734
     -3.015928947446201     -3.015928947446201   0.008727361618960618
     -3.015928947446201      -2.89026524130261    0.01538592655947964
     -3.015928947446201     -2.764601535159018    0.02637643170454732
     -3.015928947446201     -2.638937829015426    0.03662329611391647
     -3.015928947446201     -2.513274122871834    0.04198230432847085
     -3.015928947446201     -2.387610416728243    0.04495752197027984
     -3.015928947446201     -2.261946710584651    0.04765968821667009
     -3.015928947446201     -2.136283004441059    0.04740073372358335
     -3.015928947446201     -2.010619298297468    0.04337710028412828
     -3.015928947446201     -1.884955592153876    0.03922375221585614
     -3.015928947446201     -1.759291886010284    0.03730889107344032
     -3.015928947446201     -1.633628179866693    0.03734136619729767
     -3.015928947446201     -1.507964473723101    0.03905936572475143
     -3.015928947446201     -1.382300767579509    0.04108658663201768
     -3.015928947446201     -1.256637061435917    0.04009314829558114
     -3.015928947446201     -1.130973355292325    0.03409221853988555
     -3.015928947446201     -1.005309649148733    0.02433382372405351
     -3.015928947446201     -0.879645943005142    0.01407721535089216
     -3.015928947446201    -0.7539822368615505   0.006695522353039867
     -3.015928947446201    -0.6283185307179586   0.003003002717897396
     -3.015928947446201    -0.5026548245743667  0.0008070471241218702
     -3.015928947446201    -0.3769911184307753  -0.001068964951164696
     -3.015928947446201    -0.2513274122871838  -0.001338132269882325
     -3.015928947446201    -0.1256637061435919 -0.0001319317894338947
     -3.015928947446201                      0  0.0005276915491369178
     -3.015928947446201     0.1256637061435919  0.0006341951649841493
     -3.015928947446201     0.2513274122871834   0.001638323431811443
     -3.015928947446201     0.3769911184307753   0.003120048267543495
     -3.015928947446201     0.5026548245743672   0.004384425848800818
     -3.015928947446201     0.6283185307179582   0.006977363532250737
     -3.015928947446201     0.7539822368615501    0.01210320984101613
     -3.015928947446201     0.8796459430051424    0.01799243238434194
     -3.015928947446201      1.005309649148734      0.021871117632354
     -3.015928947446201      1.130973355292326    0.02243993896592929
     -3.015928947446201      1.256637061435917    0.01970363828880278
     -3.015928947446201      1.382300767579509    0.01447129807909951
     -3.015928947446201      1.507964473723101   0.008813413146327404
     -3.015928947446201      1.633628179866692   0.005277075921029486
     -3.015928947446201      1.759291886010284   0.004267177940367852
     -3.015928947446201      1.884955592153876   0.003551482660950315
     -3.015928947446201      2.010619298297467   0.001770799489790662
     -3.015928947446201       2.13628300444106  0.0002787804471648881
     -3.015928947446201      2.261946710584651  2.256686149202287e-05
     -3.015928947446201      2.387610416728243 -0.0001059712068008244
     -3.015928947446201      2.513274122871834  -0.000603315820127834
     -3.015928947446201      2.638937829015426 -0.0007667671354255197
     -3.015928947446201      2.764601535159018 -0.0005972239603768755
     -3.015928947446201      2.890265241302609   9.10955774501445e-05
     -3.015928947446201      3.015928947446201   0.002232907128624581
      -2.89026524130261     -3.141592653589793   0.006811902882251424
      -2.89026524130261     -3.015928947446201    0.01192869772900955
      -2.89026524130261      -2.89026524130261     0.0218319743417353
      -2.89026524130261     -2.764601535159018    0.03793716570890914
      -2.89026524130261     -2.638937829015426    0.05369937625139339
      -2.89026524130261     -2.513274122871834    0.06237120193498266
      -2.89026524130261     -2.387610416728243    0.06573544617162007
      -2.89026524130261     -2.261946710584651    0.06782056754448328
      -2.89026524130261     -2.136283004441059    0.06737961679602705
      -2.89026524130261     -2.010619298297468    0.06294734409631642
      -2.89026524130261     -1.884955592153876    0.05771868932287051
      -2.89026524130261     -1.759291886010284    0.05515639474820874
      -2.89026524130261     -1.633628179866693    0.05569276754852211
      -2.89026524130261     -1.507964473723101    0.05841289695709611
      -2.89026524130261     -1.382300767579509    0.06097374664607886
      -2.89026524130261     -1.256637061435917    0.05907562472523871
      -2.89026524130261     -1.130973355292325    0.04990377387986274
      -2.89026524130261     -1.005309649148733    0.03539428650788599
      -2.89026524130261     -0.879645943005142    0.02082732569616994
      -2.89026524130261    -0.7539822368615505    0.01057132340999069
      -2.89026524130261    -0.6283185307179586   0.004964047996813659
      -2.89026524130261    -0.5026548245743667   0.001587519585568194
      -2.89026524130261    -0.3769911184307753 -0.0006072938633813344
      -2.89026524130261    -0.2513274122871838 -0.0008039743242065395
      -2.89026524130261    -0.1256637061435919  0.0003839436094189136
      -2.89026524130261                      0   0.001020609317126243
      -2.89026524130261     0.1256637061435919   0.001164122055531645
      -2.89026524130261     0.2513274122871834    0.00239381947137824
      -2.89026524130261     0.3769911184307753    0.00476274186176286
      -2.89026524130261     0.5026548245743672   0.007689742501292257
      -2.89026524130261     0.6283185307179582    0.01304188878855091
      -2.89026524130261     0.7539822368615501    0.02377039440491441
      -2.89026524130261     0.8796459430051424     0.0385686239699241
      -2.89026524130261      1.005309649148734    0.05012586416673827
      -2.89026524130261      1.130973355292326    0.05103946605615377
      -2.89026524130261      1.256637061435917    0.04100019083466652
      -2.89026524130261      1.382300767579509    0.02641739443705812
      -2.89026524130261      1.507964473723101    0.01416194059483188
      -2.89026524130261      1.633628179866692    0.00737515130755012
      -2.89026524130261      1.759291886010284   0.005098050990379804
      -2.89026524130261      1.884955592153876   0.004002779782313021
      -2.89026524130261      2.010619298297467   0.002104249703733137
      -2.89026524130261       2.13628300444106   0.000584571176954779
      -2.89026524130261      2.261946710584651  0.0005106006162309739
      -2.89026524130261      2.387610416728243  0.0006411957885726384
      -2.89026524130261      2.513274122871834  0.0001928062468205816
      -2.89026524130261      2.638937829015426 -8.300180466469693e-05
      -2.89026524130261      2.764601535159018  1.501061634720741e-05
      -2.89026524130261      2.890265241302609  0.0007133866914735038
      -2.89026524130261      3.015928947446201   0.003061287853108837
     -2.764601535159018     -3.141592653589793   0.007958252731974241
     -2.764601535159018     -3.015928947446201    0.01555916271411233
     -2.764601535159018      -2.89026524130261    0.03040850099589687
     -2.764601535159018     -2.764601535159018    0.05433770497847321
     -2.764601535159018     -2.638937829015426    0.07991688453816394
     -2.764601535159018     -2.513274122871834    0.09565636005922949
     -2.764601535159018     -2.387610416728243    0.09959024199392175
     -2.764601535159018     -2.261946710584651    0.09925790380942395
     -2.764601535159018     -2.136283004441059    0.09870238677349157
     -2.764601535159018     -2.010619298297468    0.09527216273976034
     -2.764601535159018     -1.884955592153876     0.0889103626052641
     -2.764601535159018     -1.759291886010284    0.08489016675199676
     -2.764601535159018     -1.633628179866693    0.08658936685250437
     -2.764601535159018     -1.507964473723101    0.09194775239555983
     -2.764601535159018     -1.382300767579509    0.09590392694047209
     -2.764601535159018     -1.256637061435917     0.0921578576847415
     -2.764601535159018     -1.130973355292325    0.07657051061879315
     -2.764601535159018     -1.005309649148733    0.05296804356216868
     -2.764601535159018     -0.879645943005142    0.03115878956708926
     -2.764601535159018    -0.7539822368615505     0.0167869165815156
     -2.764601535159018    -0.6283185307179586   0.008092557420876481
     -2.764601535159018    -0.5026548245743667   0.002617726328677062
     -2.764601535159018    -0.3769911184307753  0.0004024682931285349
     -2.764601535159018    -0.2513274122871838  0.0007159397863069263
     -2.764601535159018    -0.1256637061435919   0.001504360747729741
     -2.764601535159018                      0   0.001863364594669411
     -2.764601535159018     0.1256637061435919   0.002208982540770461
     -2.764601535159018     0.2513274122871834   0.003541085938786028
     -2.764601535159018     0.3769911184307753   0.007044028243190227
     -2.764601535159018     0.5026548245743672    0.01334947122689258
     -2.764601535159018     0.6283185307179582    0.02492885174975554
     -2.764601535159018     0.7539822368615501    0.04785763990651078
     -2.764601535159018     0.8796459430051424    0.08210418930768501
     -2.764601535159018      1.005309649148734     0.1108146328902864
     -2.764601535159018      1.130973355292326     0.1125105166217595
     -2.764601535159018      1.256637061435917    0.08564620786346998
     -2.764601535159018      1.382300767579509    0.04981726781959286
     -2.764601535159018      1.507964473723101    0.02339706576428858
     -2.764601535159018      1.633628179866692    0.01032569380180206
     -2.764601535159018      1.759291886010284   0.005790081293826629
     -2.764601535159018      1.884955592153876   0.004243661707360532
     -2.764601535159018      2.010619298297467   0.002653772249666046
     -2.764601535159018       2.13628300444106    0.00143547776313362
     -2.764601535159018      2.261946710584651   0.001788210990974215
     -2.764601535159018      2.387610416728243     0.0025527762714694
     -2.764601535159018      2.513274122871834   0.002200340504527944
     -2.764601535159018      2.638937829015426   0.001391892306229253
     -2.764601535159018      2.764601535159018   0.001186224654278829
     -2.764601535159018      2.890265241302609   0.001801778872189371
     -2.764601535159018      3.015928947446201   0.003817951325275784
     -2.638937829015426     -3.141592653589793   0.009509069500571732
     -2.638937829015426     -3.015928947446201    0.01935014014324376
     -2.638937829015426      -2.89026524130261    0.03952641274180872
     -2.638937829015426     -2.764601535159018    0.07198524396001507
     -2.638937829015426     -2.638937829015426      0.108273873460264
     -2.638937829015426     -2.513274122871834     0.1317061698760546
     -2.638937829015426     -2.387610416728243     0.1356486698961636
     -2.638937829015426     -2.261946710584651      0.131496244922005
     -2.638937829015426     -2.136283004441059     0.1306377660663642
     -2.638937829015426     -2.010619298297468     0.1298028585223698
     -2.638937829015426     -1.884955592153876     0.1233538148018753
     -2.638937829015426     -1.759291886010284     0.1171374289591011
     -2.638937829015426     -1.633628179866693     0.1196122172382044
     -2.638937829015426     -1.507964473723101     0.1289992643744017
     -2.638937829015426     -1.382300767579509     0.1354635871074708
     -2.638937829015426     -1.256637061435917     0.1288271446854465
     -2.638937829015426     -1.130973355292325     0.1049904529210289
     -2.638937829015426     -1.005309649148733    0.07171045876628232
     -2.638937829015426     -0.879645943005142    0.04312218270847269
     -2.638937829015426    -0.7539822368615505    0.02485760229072182
     -2.638937829015426    -0.6283185307179586    0.01293771127520519
     -2.638937829015426    -0.5026548245743667   0.005673292386714929
     -2.638937829015426    -0.3769911184307753   0.004186974836885198
     -2.638937829015426    -0.2513274122871838   0.005213096275781067
     -2.638937829015426    -0.1256637061435919    0.00500542156430568
     -2.638937829015426                      0   0.004580364988336229
     -2.638937829015426     0.1256637061435919   0.005011661617212984
     -2.638937829015426     0.2513274122871834   0.006091545301976975
     -2.638937829015426     0.3769911184307753     0.0101498632869646
     -2.638937829015426     0.5026548245743672    0.01960515290426462
     -2.638937829015426     0.6283185307179582    0.03764025389893307
     -2.638937829015426     0.7539822368615501    0.07403654121956943
     -2.638937829015426     0.8796459430051424     0.1310561440573775
     -2.638937829015426      1.005309649148734     0.1808686238039503
     -2.638937829015426      1.130973355292326     0.1842697309397164
     -2.638937829015426      1.256637061435917     0.1375582005015362
     -2.638937829015426      1.382300767579509    0.07672130797920637
     -2.638937829015426      1.507964473723101    0.03437503216573672
     -2.638937829015426      1.633628179866692    0.01487179322039952
     -2.638937829015426      1.759291886010284   0.008199106040796499
     -2.638937829015426      1.884955592153876   0.006064179476791495
     -2.638937829015426      2.010619298297467   0.004329742120201038
     -2.638937829015426       2.13628300444106   0.002984322637791115
     -2.638937829015426      2.261946710584651   0.004037624475863306
     -2.638937829015426      2.387610416728243   0.006491860007067421
     -2.638937829015426      2.513274122871834   0.007304044417444772
     -2.638937829015426      2.638937829015426   0.006370769916809235
     -2.638937829015426      2.764601535159018   0.005550195806711159
     -2.638937829015426      2.890265241302609    0.00525851908945117
     -2.638937829015426      3.015928947446201   0.005863513133943758
     -2.513274122871834     -3.141592653589793    0.01194744820987028
     -2.513274122871834     -3.015928947446201     0.0224222933356583
     -2.513274122871834      -2.89026524130261     0.0453579958070862
     -2.513274122871834     -2.764601535159018    0.08247632750302049
     -2.513274122871834     -2.638937829015426     0.1233192181362903
     -2.513274122871834     -2.513274122871834     0.1491386301093522
     -2.513274122871834     -2.387610416728243     0.1527342688749517
     -2.513274122871834     -2.261946710584651     0.1468465072721565
     -2.513274122871834     -2.136283004441059     0.1454924581073523
     -2.513274122871834     -2.010619298297468     0.1461582999874638
     -2.513274122871834     -1.884955592153876      0.140383759133605
     -2.513274122871834     -1.759291886010284     0.1324843012644686
     -2.513274122871834     -1.633628179866693     0.1343262368224837
     -2.513274122871834     -1.507964473723101     0.1465057090519791
     -2.513274122871834     -1.382300767579509     0.1553373812711499
     -2.513274122871834     -1.256637061435917     0.1465363199992196
     -2.513274122871834     -1.130973355292325     0.1178944241823642
     -2.513274122871834     -1.005309649148733    0.08101502581943318
     -2.513274122871834     -0.879645943005142    0.05039071135121934
     -2.513274122871834    -0.7539822368615505    0.03030987884163394
     -2.513274122871834    -0.6283185307179586    0.01700292538896343
     -2.513274122871834    -0.5026548245743667   0.009659629665059379
     -2.513274122871834    -0.3769911184307753   0.008941695579179726
     -2.513274122871834    -0.2513274122871838     0.0101816201349045
     -2.513274122871834    -0.1256637061435919   0.009232128075883616
     -2.513274122871834                      0   0.008079285939549777
     -2.513274122871834     0.1256637061435919   0.008266841819292501
     -2.513274122871834     0.2513274122871834   0.008971152130672708
     -2.513274122871834     0.3769911184307753    0.01247753840248482
     -2.513274122871834     0.5026548245743672    0.02187386112453066
     -2.513274122871834     0.6283185307179582    0.04088451215613709
     -2.513274122871834     0.7539822368615501     0.0808519509162033
     -2.513274122871834     0.8796459430051424     0.1454997815487386
     -2.513274122871834      1.005309649148734     0.2035100989406143
     -2.513274122871834      1.130973355292326     0.2086487806292511
     -2.513274122871834      1.256637061435917     0.1556978953368708
     -2.513274122871834      1.382300767579509    0.08674477700463794
     -2.513274122871834      1.507964473723101    0.03978974284533258
     -2.513274122871834      1.633628179866692    0.01906370895477966
     -2.513274122871834      1.759291886010284    0.01228582251172277
     -2.513274122871834      1.884955592153876   0.009688800390391872
     -2.513274122871834      2.010619298297467   0.006684577308795061
     -2.513274122871834       2.13628300444106    0.00422173225500519
     -2.513274122871834      2.261946710584651    0.00572861269939026
     -2.513274122871834      2.387610416728243    0.01003037904586141
     -2.513274122871834      2.513274122871834     0.0126496993167754
     -2.513274122871834      2.638937829015426     0.0124838739007586
     -2.513274122871834      2.764601535159018    0.01117943674498166
     -2.513274122871834      2.890265241302609   0.009584838433163968
     -2.513274122871834      3.015928947446201   0.008919617174358392
     -2.387610416728243     -3.141592653589793    0.01367692251886699
     -2.387610416728243     -3.015928947446201    0.02308881816139689
     -2.387610416728243      -2.89026524130261    0.04452938205144774
     -2.387610416728243     -2.764601535159018     0.0792156037508373
     -2.387610416728243     -2.638937829015426     0.1150665335499177
     -2.387610416728243     -2.513274122871834     0.1360588087492252
     -2.387610416728243     -2.387610416728243     0.1392401989396236
     -2.387610416728243     -2.261946710584651     0.1350650445255927
     -2.387610416728243     -2.136283004441059     0.1329171647292489
     -2.387610416728243     -2.010619298297468     0.1318157590495757
     -2.387610416728243     -1.884955592153876     0.1262327729762869
     -2.387610416728243     -1.759291886010284     0.1184497171460026
     -2.387610416728243     -1.633628179866693      0.118738355088602
     -2.387610416728243     -1.507964473723101     0.1298100085195269
     -2.387610416728243     -1.382300767579509     0.1387529737954882
     -2.387610416728243     -1.256637061435917     0.1309114988030186
     -2.387610416728243     -1.130973355292325     0.1058072457090628
     -2.387610416728243     -1.005309649148733    0.07469838978928406
     -2.387610416728243     -0.879645943005142    0.04804209641841686
     -2.387610416728243    -0.7539822368615505    0.02921410548345916
     -2.387610416728243    -0.6283185307179586    0.01723309457492904
     -2.387610416728243    -0.5026548245743667    0.01129583404864136
     -2.387610416728243    -0.3769911184307753    0.01042516172992446
     -2.387610416728243    -0.2513274122871838    0.01119562250027684
     -2.387610416728243    -0.1256637061435919    0.01063688437545726
     -2.387610416728243                      0   0.009581440779794385
     -2.387610416728243     0.1256637061435919    0.00958225301714789
     -2.387610416728243     0.2513274122871834    0.01064089147419888
     -2.387610416728243     0.3769911184307753    0.01359098480911591
     -2.387610416728243     0.5026548245743672    0.02012135670437114
     -2.387610416728243     0.6283185307179582    0.03405867505779769
     -2.387610416728243     0.7539822368615501    0.06500085585403742
     -2.387610416728243     0.8796459430051424     0.1157783095341931
     -2.387610416728243      1.005309649148734     0.1621715357480313
     -2.387610416728243      1.130973355292326     0.1681986842725596
     -2.387610416728243      1.256637061435917     0.1287946111471373
     -2.387610416728243      1.382300767579509    0.07553150487115025
     -2.387610416728243      1.507964473723101    0.03810649384792465
     -2.387610416728243      1.633628179866692    0.02121842456642009
     -2.387610416728243      1.759291886010284    0.01586306699083702
     -2.387610416728243      1.884955592153876    0.01298986203313458
     -2.387610416728243      2.010619298297467   0.008249435142377227
     -2.387610416728243       2.13628300444106   0.004296875235007495
     -2.387610416728243      2.261946710584651   0.005530163450980892
     -2.387610416728243      2.387610416728243    0.01025833688462428
     -2.387610416728243      2.513274122871834    0.01373479965515592
     -2.387610416728243      2.638937829015426    0.01449212294622101
     -2.387610416728243      2.764601535159018    0.01319660575727509
     -2.387610416728243      2.890265241302609    0.01106603651008547
     -2.387610416728243      3.015928947446201    0.01055042790461942
     -2.261946710584651     -3.141592653589793    0.01334629436420732
     -2.261946710584651     -3.015928947446201    0.02084479787049508
     -2.261946710584651      -2.89026524130261    0.03768555203432494
     -2.261946710584651     -2.764601535159018     0.0638661010557935
     -2.261946710584651     -2.638937829015426    0.08861057497080979
     -2.261946710584651     -2.513274122871834     0.1016147479583051
     -2.261946710584651     -2.387610416728243     0.1038519928546152
     -2.261946710584651     -2.261946710584651     0.1018313691002479
     -2.261946710584651     -2.136283004441059    0.09930786880970675
     -2.261946710584651     -2.010619298297468     0.0964725067011714
     -2.261946710584651     -1.884955592153876    0.09143602746230933
     -2.261946710584651     -1.759291886010284    0.08478159447091112
     -2.261946710584651     -1.633628179866693    0.08301170230448904
     -2.261946710584651     -1.507964473723101     0.0896364007250315
     -2.261946710584651     -1.382300767579509    0.09605092578576986
     -2.261946710584651     -1.256637061435917    0.09132068647610728
     -2.261946710584651     -1.130973355292325    0.07567658678894006
     -2.261946710584651     -1.005309649148733    0.05640702165626405
     -2.261946710584651     -0.879645943005142    0.03833122077254418
     -2.261946710584651    -0.7539822368615505    0.02394523930148039
     -2.261946710584651    -0.6283185307179586     0.0151079638826773
     -2.261946710584651    -0.5026548245743667    0.01123688600097236
     -2.261946710584651    -0.3769911184307753    0.01018640209348813
     -2.261946710584651    -0.2513274122871838    0.01038433172562633
     -2.261946710584651    -0.1256637061435919    0.01052175622617842
     -2.261946710584651                      0    0.01008320581561788
     -2.261946710584651     0.1256637061435919    0.01049847767410277
     -2.261946710584651     0.2513274122871834    0.01323348329076511
     -2.261946710584651     0.3769911184307753    0.01752486272799146
     -2.261946710584651     0.5026548245743672     0.0222476158553398
     -2.261946710584651     0.6283185307179582    0.03040972952237451
     -2.261946710584651     0.7539822368615501    0.04905459736659659
     -2.261946710584651     0.8796459430051424    0.07927875590503061
     -2.261946710584651      1.005309649148734     0.1071839179778981
     -2.261946710584651      1.130973355292326     0.1138356635564786
     -2.261946710584651      1.256637061435917    0.09544803204589856
     -2.261946710584651      1.382300767579509    0.06573681042724842
     -2.261946710584651      1.507964473723101    0.04017986100959855
     -2.261946710584651      1.633628179866692    0.02551976049671412
     -2.261946710584651      1.759291886010284    0.01979607267839706
     -2.261946710584651      1.884955592153876    0.01591184817204721
     -2.261946710584651      2.010619298297467   0.009486726891606793
     -2.261946710584651       2.13628300444106   0.004210271471673033
     -2.261946710584651      2.261946710584651   0.004768991079860449
     -2.261946710584651      2.387610416728243   0.009160670189758632
     -2.261946710584651      2.513274122871834    0.01295195798364052
     -2.261946710584651      2.638937829015426    0.01442843471102862
     -2.261946710584651      2.764601535159018    0.01331875977569186
     -2.261946710584651      2.890265241302609    0.01098827058568231
     -2.261946710584651      3.015928947446201    0.01053353039107878
     -2.136283004441059     -3.141592653589793    0.01245310205247769
     -2.136283004441059     -3.015928947446201    0.01807485230047109
     -2.136283004441059      -2.89026524130261    0.03024461885553448
     -2.136283004441059     -2.764601535159018    0.04690779387959563
     -2.136283004441059     -2.638937829015426    0.06069800001949516
     -2.136283004441059     -2.513274122871834    0.06692088526264478
     -2.136283004441059     -2.387610416728243    0.06732147808477984
     -2.136283004441059     -2.261946710584651    0.06527956996269926
     -2.136283004441059     -2.136283004441059    0.06320931854812134
     -2.136283004441059     -2.010619298297468    0.06201697293754185
     -2.136283004441059     -1.884955592153876    0.05917195507909496
     -2.136283004441059     -1.759291886010284    0.05297514987871541
     -2.136283004441059     -1.633628179866693    0.04849973452063646
     -2.136283004441059     -1.507964473723101    0.05042970708103261
     -2.136283004441059     -1.382300767579509    0.05369600253995208
     -2.136283004441059     -1.256637061435917    0.05114723215137627
     -2.136283004441059     -1.130973355292325     0.0441176792586456
     -2.136283004441059     -1.005309649148733    0.03680622392640391
     -2.136283004441059     -0.879645943005142    0.02888924738823475
     -2.136283004441059    -0.7539822368615505     0.0203722735374947
     -2.136283004441059    -0.6283185307179586    0.01473104991373159
     -2.136283004441059    -0.5026548245743667    0.01316335422801952
     -2.136283004441059    -0.3769911184307753     0.0131164292742703
     -2.136283004441059    -0.2513274122871838    0.01304149833671578
     -2.136283004441059    -0.1256637061435919    0.01296518572213892
     -2.136283004441059                      0    0.01277347561083505
     -2.136283004441059     0.1256637061435919    0.01400828304949198
     -2.136283004441059     0.2513274122871834    0.01913008066404855
     -2.136283004441059     0.3769911184307753     0.0265367894478429
     -2.136283004441059     0.5026548245743672    0.03208982494380174
     -2.136283004441059     0.6283185307179582    0.03717267036723266
     -2.136283004441059     0.7539822368615501    0.04811514330162081
     -2.136283004441059     0.8796459430051424    0.06570906016744467
     -2.136283004441059      1.005309649148734    0.08229180244679125
     -2.136283004441059      1.130973355292326    0.09035675555274267
     -2.136283004441059      1.256637061435917    0.08731888850895209
     -2.136283004441059      1.382300767579509    0.07332305600117299
     -2.136283004441059      1.507964473723101    0.05285108054107447
     -2.136283004441059      1.633628179866692    0.03554764330228239
     -2.136283004441059      1.759291886010284    0.02654629588965252
     -2.136283004441059      1.884955592153876     0.0204275553162724
     -2.136283004441059      2.010619298297467    0.01197042571646409
     -2.136283004441059       2.13628300444106    0.00520689715277944
     -2.136283004441059      2.261946710584651    0.00535892509798842
     -2.136283004441059      2.387610416728243    0.01050775739418691
     -2.136283004441059      2.513274122871834    0.01579924608695757
     -2.136283004441059      2.638937829015426    0.01836726686706361
     -2.136283004441059      2.764601535159018    0.01714573212475029
     -2.136283004441059      2.890265241302609    0.01365340518271053
     -2.136283004441059      3.015928947446201     0.0114045388087655
     -2.010619298297468     -3.141592653589793    0.01336355963356915
     -2.010619298297468     -3.015928947446201    0.01777981592007211
     -2.010619298297468      -2.89026524130261    0.02769173104629374
     -2.010619298297468     -2.764601535159018    0.03905600595674841
     -2.010619298297468     -2.638937829015426     0.0461366084041106
     -2.010619298297468     -2.513274122871834    0.04778252195351362
     -2.010619298297468     -2.387610416728243    0.04615242856243523
     -2.010619298297468     -2.261946710584651    0.04294674854794774
     -2.010619298297468     -2.136283004441059    0.04113733816331701
     -2.010619298297468     -2.010619298297468    0.04260528385461745
     -2.010619298297468     -1.884955592153876    0.04234371582253797
     -2.010619298297468     -1.759291886010284    0.03562078944089727
     -2.010619298297468     -1.633628179866693    0.02834094614226394
     -2.010619298297468     -1.507964473723101    0.02771532421787591
     -2.010619298297468     -1.382300767579509     0.0294448785681349
     -2.010619298297468     -1.256637061435917    0.02719188996921982
     -2.010619298297468     -1.130973355292325      0.024542397814198
     -2.010619298297468     -1.005309649148733    0.02552037828632336
     -2.010619298297468     -0.879645943005142    0.02541997987274989
     -2.010619298297468    -0.7539822368615505    0.02096229715236703
     -2.010619298297468    -0.6283185307179586    0.01719791585206918
     -2.010619298297468    -0.5026548245743667     0.0176681286579164
     -2.010619298297468    -0.3769911184307753    0.01909833997470529
     -2.010619298297468    -0.2513274122871838    0.01885657684640388
     -2.010619298297468    -0.1256637061435919    0.01798865756470614
     -2.010619298297468                      0     0.0175020306252247
     -2.010619298297468     0.1256637061435919    0.01924235710116282
     -2.010619298297468     0.2513274122871834    0.02618661243713218
     -2.010619298297468     0.3769911184307753    0.03615404564628932
     -2.010619298297468     0.5026548245743672     0.0426239724495367
     -2.010619298297468     0.6283185307179582     0.0456760253018409
     -2.010619298297468     0.7539822368615501    0.05233298182978265
     -2.010619298297468     0.8796459430051424    0.06432865752278297
     -2.010619298297468      1.005309649148734    0.07671959594502183
     -2.010619298297468      1.130973355292326    0.08694555820854058
     -2.010619298297468      1.256637061435917    0.09277812484817069
     -2.010619298297468      1.382300767579509    0.08694317321245369
     -2.010619298297468      1.507964473723101    0.06776772477608127
     -2.010619298297468      1.633628179866692    0.04712125691670467
     -2.010619298297468      1.759291886010284    0.03492500795616066
     -2.010619298297468      1.884955592153876    0.02645964441816739
     -2.010619298297468      2.010619298297467    0.01548808438368082
     -2.010619298297468       2.13628300444106   0.006820617037924941
     -2.010619298297468      2.261946710584651   0.006972918048762235
     -2.010619298297468      2.387610416728243    0.01403590842091743
     -2.010619298297468      2.513274122871834    0.02193560939838877
     -2.010619298297468      2.638937829015426    0.02609710731899867
     -2.010619298297468      2.764601535159018    0.02449694413300661
     -2.010619298297468      2.890265241302609     0.0190519729117935
     -2.010619298297468      3.015928947446201    0.01429951080376528
     -1.884955592153876     -3.141592653589793    0.01673480161387572
     -1.884955592153876     -3.015928947446201    0.02112089229433523
     -1.884955592153876      -2.89026524130261     0.0319667886564725
     -1.884955592153876     -2.764601535159018    0.04413954163359077
     -1.884955592153876     -2.638937829015426    0.04964596017855076
     -1.884955592153876     -2.513274122871834    0.04842515612881503
     -1.884955592153876     -2.387610416728243    0.04548780076859489
     -1.884955592153876     -2.261946710584651    0.04195870734920128
     -1.884955592153876     -2.136283004441059    0.03929574827278091
     -1.884955592153876     -2.010619298297468    0.04069660767976177
     -1.884955592153876     -1.884955592153876    0.04127610892728983
     -1.884955592153876     -1.759291886010284    0.03376417837631794
     -1.884955592153876     -1.633628179866693    0.02446803858561854
     -1.884955592153876     -1.507964473723101    0.02334869867220278
     -1.884955592153876     -1.382300767579509    0.02537703138878891
     -1.884955592153876     -1.256637061435917    0.02267376797350758
     -1.884955592153876     -1.130973355292325    0.02114388436863612
     -1.884955592153876     -1.005309649148733    0.02595482612814238
     -1.884955592153876     -0.879645943005142    0.02883105020524848
     -1.884955592153876    -0.7539822368615505    0.02461661134574802
     -1.884955592153876    -0.6283185307179586    0.02091933885714741
     -1.884955592153876    -0.5026548245743667    0.02249573222717969
     -1.884955592153876    -0.3769911184307753    0.02447677560171511
     -1.884955592153876    -0.2513274122871838     0.0238850158752858
     -1.884955592153876    -0.1256637061435919    0.02266165151082176
     -1.884955592153876                      0    0.02183295618778872
     -1.884955592153876     0.1256637061435919    0.02349658413166871
     -1.884955592153876     0.2513274122871834    0.03133328044658398
     -1.884955592153876     0.3769911184307753     0.0422546097775188
     -1.884955592153876     0.5026548245743672    0.04797546246362912
     -1.884955592153876     0.6283185307179582    0.04836534790618931
     -1.884955592153876     0.7539822368615501    0.05122933509265002
     -1.884955592153876     0.8796459430051424    0.05904607025255569
     -1.884955592153876      1.005309649148734    0.06895494828534517
     -1.884955592153876      1.130973355292326    0.08134303214395014
     -1.884955592153876      1.256637061435917     0.0936513921112728
     -1.884955592153876      1.382300767579509    0.09391890751171274
     -1.884955592153876      1.507964473723101    0.07679302438198631
     -1.884955592153876      1.633628179866692    0.05537709157229283
     -1.884955592153876      1.759291886010284    0.04215486330010436
     -1.884955592153876      1.884955592153876    0.03222164849515324
     -1.884955592153876      2.010619298297467    0.01868398472275837
     -1.884955592153876       2.13628300444106   0.007983752833447058
     -1.884955592153876      2.261946710584651   0.008259616763580797
     -1.884955592153876      2.387610416728243    0.01714031687745484
     -1.884955592153876      2.513274122871834    0.02734769531229619
     -1.884955592153876      2.638937829015426    0.03306399550406738
     -1.884955592153876      2.764601535159018    0.03113636055645026
     -1.884955592153876      2.890265241302609    0.02407409373773005
     -1.884955592153876      3.015928947446201    0.01813781863171905
     -1.759291886010284     -3.141592653589793    0.02245498221781014
     -1.759291886010284     -3.015928947446201    0.02863391337136449
     -1.759291886010284      -2.89026524130261    0.04396218499814455
     -1.759291886010284     -2.764601535159018    0.06323002450404647
     -1.759291886010284     -2.638937829015426    0.07243171004276486
     -1.759291886010284     -2.513274122871834    0.07007327166873514
     -1.759291886010284     -2.387610416728243    0.06677524431011922
     -1.759291886010284     -2.261946710584651    0.06445562694835041
     -1.759291886010284     -2.136283004441059    0.05997313481701467
     -1.759291886010284     -2.010619298297468    0.05740096880672178
     -1.759291886010284     -1.884955592153876    0.05612870019427936
     -1.759291886010284     -1.759291886010284    0.04817925072743099
     -1.759291886010284     -1.633628179866693    0.03804318160618893
     -1.759291886010284     -1.507964473723101    0.03703600152014759
     -1.759291886010284     -1.382300767579509    0.03985696707383959
     -1.759291886010284     -1.256637061435917    0.03674998302625981
     -1.759291886010284     -1.130973355292325    0.03454401764571823
     -1.759291886010284     -1.005309649148733    0.03883644973451977
     -1.759291886010284     -0.879645943005142    0.03905679987139438
     -1.759291886010284    -0.7539822368615505    0.03076686348295317
     -1.759291886010284    -0.6283185307179586    0.02505613003692818
     -1.759291886010284    -0.5026548245743667    0.02629712811296916
     -1.759291886010284    -0.3769911184307753    0.02730245984808671
     -1.759291886010284    -0.2513274122871838    0.02601418447270833
     -1.759291886010284    -0.1256637061435919    0.02527367628436515
     -1.759291886010284                      0    0.02448035217578867
     -1.759291886010284     0.1256637061435919     0.0256815191308737
     -1.759291886010284     0.2513274122871834     0.0340883090688315
     -1.759291886010284     0.3769911184307753    0.04561261054153262
     -1.759291886010284     0.5026548245743672    0.05007201468391547
     -1.759291886010284     0.6283185307179582    0.04794740167136061
     -1.759291886010284     0.7539822368615501     0.0482125144167759
     -1.759291886010284     0.8796459430051424    0.05337507518832839
     -1.759291886010284      1.005309649148734    0.06164652489307823
     -1.759291886010284      1.130973355292326    0.07557876756352364
     -1.759291886010284      1.256637061435917    0.09244831626830315
     -1.759291886010284      1.382300767579509    0.09708654456921352
     -1.759291886010284      1.507964473723101    0.08173832916530771
     -1.759291886010284      1.633628179866692    0.06046516145008254
     -1.759291886010284      1.759291886010284    0.04727895718338694
     -1.759291886010284      1.884955592153876    0.03650583643227773
     -1.759291886010284      2.010619298297467    0.02070844043275331
     -1.759291886010284       2.13628300444106   0.008263985153696996
     -1.759291886010284      2.261946710584651   0.008623222914051609
     -1.759291886010284      2.387610416728243    0.01845683216674822
     -1.759291886010284      2.513274122871834    0.02989265134985468
     -1.759291886010284      2.638937829015426    0.03681520891293922
     -1.759291886010284      2.764601535159018    0.03484319841632479
     -1.759291886010284      2.890265241302609    0.02709514374991462
     -1.759291886010284      3.015928947446201    0.02203677226524403
     -1.633628179866693     -3.141592653589793    0.03030419690096667
     -1.633628179866693     -3.015928947446201    0.04013745840964178
     -1.633628179866693      -2.89026524130261    0.06328103356700285
     -1.633628179866693     -2.764601535159018    0.09536666798725282
     -1.633628179866693     -2.638937829015426     0.1130604678990719
     -1.633628179866693     -2.513274122871834     0.1110785215084894
     -1.633628179866693     -2.387610416728243     0.1082044611267035
     -1.633628179866693     -2.261946710584651     0.1086559420918606
     -1.633628179866693     -2.136283004441059     0.1017530125550262
     -1.633628179866693     -2.010619298297468    0.09165227826775489
     -1.633628179866693     -1.884955592153876    0.08604009928761183
     -1.633628179866693     -1.759291886010284    0.07827269072366971
     -1.633628179866693     -1.633628179866693    0.06845906062653029
     -1.633628179866693     -1.507964473723101    0.06748389913091989
     -1.633628179866693     -1.382300767579509    0.07087718983139719
     -1.633628179866693     -1.256637061435917    0.06741559857866591
     -1.633628179866693     -1.130973355292325    0.06318658606678652
     -1.633628179866693     -1.005309649148733    0.06305858206184858
     -1.633628179866693     -0.879645943005142    0.05545854419747664
     -1.633628179866693    -0.7539822368615505    0.03914327830100332
     -1.633628179866693    -0.6283185307179586    0.02943776751354854
     -1.633628179866693    -0.5026548245743667    0.02894389693219707
     -1.633628179866693    -0.3769911184307753    0.02752612578748592
     -1.633628179866693    -0.2513274122871838    0.02513505372429495
     -1.633628179866693    -0.1256637061435919    0.02563031459826761
     -1.633628179866693                      0    0.02530243369868962
     -1.633628179866693     0.1256637061435919    0.02571321827224193
     -1.633628179866693     0.2513274122871834    0.03455304660628358
     -1.633628179866693     0.3769911184307753    0.04691739475997397
     -1.633628179866693     0.5026548245743672    0.05026413129430447
     -1.633628179866693     0.6283185307179582    0.04613310979997943
     -1.633628179866693     0.7539822368615501    0.04538902371638806
     -1.633628179866693     0.8796459430051424    0.05000364387503033
     -1.633628179866693      1.005309649148734    0.05768977943427665
     -1.633628179866693      1.130973355292326    0.07221414366992658
     -1.633628179866693      1.256637061435917     0.0913582347696499
     -1.633628179866693      1.382300767579509    0.09833302988971375
     -1.633628179866693      1.507964473723101    0.08389199248392908
     -1.633628179866693      1.633628179866692    0.06280270660092806
     -1.633628179866693      1.759291886010284    0.05001998037935909
     -1.633628179866693      1.884955592153876    0.03881893868478588
     -1.633628179866693      2.010619298297467    0.02124854356841961
     -1.633628179866693       2.13628300444106   0.007572579747841554
     -1.633628179866693      2.261946710584651   0.007987360116674459
     -1.633628179866693      2.387610416728243     0.0178092679394641
     -1.633628179866693      2.513274122871834     0.0293664068747649
     -1.633628179866693      2.638937829015426    0.03719616463274944
     -1.633628179866693      2.764601535159018    0.03553409121611815
     -1.633628179866693      2.890265241302609    0.02804453473486463
     -1.633628179866693      3.015928947446201    0.02582861307301056
     -1.507964473723101     -3.141592653589793    0.03774109227971886
     -1.507964473723101     -3.015928947446201    0.05114114703187915
     -1.507964473723101      -2.89026524130261    0.08191582493935493
     -1.507964473723101     -2.764601535159018     0.1268849651629662
     -1.507964473723101     -2.638937829015426     0.1533395971922567
     -1.507964473723101     -2.513274122871834     0.1519950921378959
     -1.507964473723101     -2.387610416728243     0.1498882565567093
     -1.507964473723101     -2.261946710584651       0.15355291543114
     -1.507964473723101     -2.136283004441059     0.1443803473894866
     -1.507964473723101     -2.010619298297468     0.1264780726322196
     -1.507964473723101     -1.884955592153876     0.1163298002260165
     -1.507964473723101     -1.759291886010284     0.1089830707828865
     -1.507964473723101     -1.633628179866693    0.09989903491727693
     -1.507964473723101     -1.507964473723101    0.09922136714135352
     -1.507964473723101     -1.382300767579509      0.103326156491968
     -1.507964473723101     -1.256637061435917    0.09946955842908939
     -1.507964473723101     -1.130973355292325    0.09275427385529354
     -1.507964473723101     -1.005309649148733    0.08737832669087062
     -1.507964473723101     -0.879645943005142    0.07126602774864574
     -1.507964473723101    -0.7539822368615505    0.04670129458770429
     -1.507964473723101    -0.6283185307179586    0.03300001802496816
     -1.507964473723101    -0.5026548245743667    0.03064423297179421
     -1.507964473723101    -0.3769911184307753    0.02662519518542637
     -1.507964473723101    -0.2513274122871838    0.02312475707988285
     -1.507964473723101    -0.1256637061435919    0.02496627768240234
     -1.507964473723101                      0    0.02515364213628963
     -1.507964473723101     0.1256637061435919    0.02464435195399673
     -1.507964473723101     0.2513274122871834    0.03348910137802948
     -1.507964473723101     0.3769911184307753    0.04606559667436769
     -1.507964473723101     0.5026548245743672    0.04787377600425083
     -1.507964473723101     0.6283185307179582    0.04162464298414668
     -1.507964473723101     0.7539822368615501    0.03967732950587523
     -1.507964473723101     0.8796459430051424    0.04325189028872319
     -1.507964473723101      1.005309649148734    0.04975019873512485
     -1.507964473723101      1.130973355292326     0.0642490025288424
     -1.507964473723101      1.256637061435917    0.08517498327701653
     -1.507964473723101      1.382300767579509     0.0946510349791197
     -1.507964473723101      1.507964473723101    0.08215544773969533
     -1.507964473723101      1.633628179866692    0.06249806302117213
     -1.507964473723101      1.759291886010284    0.05092343121767971
     -1.507964473723101      1.884955592153876    0.03979969526302758
     -1.507964473723101      2.010619298297467    0.02098720339122029
     -1.507964473723101       2.13628300444106    0.00648348922112096
     -1.507964473723101      2.261946710584651   0.006936396568927109
     -1.507964473723101      2.387610416728243     0.0163448395148242
     -1.507964473723101      2.513274122871834    0.02755294807701752
     -1.507964473723101      2.638937829015426    0.03606001668814074
     -1.507964473723101      2.764601535159018    0.03481699558844278
     -1.507964473723101      2.890265241302609    0.02793552667333158
     -1.507964473723101      3.015928947446201    0.02897362245728026
     -1.382300767579509     -3.141592653589793    0.03967964382526892
     -1.382300767579509     -3.015928947446201    0.05392351659167609
     -1.382300767579509      -2.89026524130261     0.0865926082710545
     -1.382300767579509     -2.764601535159018     0.1350074198195504
     -1.382300767579509     -2.638937829015426     0.1637875089284004
     -1.382300767579509     -2.513274122871834     0.1625991569217496
     -1.382300767579509     -2.387610416728243     0.1609814689877989
     -1.382300767579509     -2.261946710584651     0.1659179511961341
     -1.382300767579509     -2.136283004441059     0.1561853761538882
     -1.382300767579509     -2.010619298297468     0.1359433227928925
     -1.382300767579509     -1.884955592153876     0.1244424311341016
     -1.382300767579509     -1.759291886010284     0.1172223229617162
     -1.382300767579509     -1.633628179866693     0.1084117395968135
     -1.382300767579509     -1.507964473723101     0.1080419006585675
     -1.382300767579509     -1.382300767579509     0.1125930307649219
     -1.382300767579509     -1.256637061435917     0.1086244212210614
     -1.382300767579509     -1.130973355292325     0.1009839613472232
     -1.382300767579509     -1.005309649148733    0.09387268086919313
     -1.382300767579509     -0.879645943005142    0.07518101411931911
     -1.382300767579509    -0.7539822368615505    0.04827438728132121
     -1.382300767579509    -0.6283185307179586    0.03356366794982875
     -1.382300767579509    -0.5026548245743667    0.03072156440685713
     -1.382300767579509    -0.3769911184307753    0.02589303955715105
     -1.382300767579509    -0.2513274122871838    0.02208079361614455
     -1.382300767579509    -0.1256637061435919    0.02438837361937619
     -1.382300767579509                      0    0.02474813965749593
     -1.382300767579509     0.1256637061435919    0.02391998737487687
     -1.382300767579509     0.2513274122871834     0.0325540000079434
     -1.382300767579509     0.3769911184307753    0.04474791345802238
     -1.382300767579509     0.5026548245743672    0.04566891743580936
     -1.382300767579509     0.6283185307179582    0.03848623075771165
     -1.382300767579509     0.7539822368615501     0.0355582448625316
     -1.382300767579509     0.8796459430051424    0.03765128255471696
     -1.382300767579509      1.005309649148734     0.0427237551673383
     -1.382300767579509      1.130973355292326     0.0569933306339425
     -1.382300767579509      1.256637061435917    0.07907609130429297
     -1.382300767579509      1.382300767579509    0.09034000540324727
     -1.382300767579509      1.507964473723101    0.07954618046346276
     -1.382300767579509      1.633628179866692    0.06124818022309795
     -1.382300767579509      1.759291886010284    0.05059647689127191
     -1.382300767579509      1.884955592153876    0.03975736587134873
     -1.382300767579509      2.010619298297467    0.02071128030760751
     -1.382300767579509       2.13628300444106   0.006026851086390065
     -1.382300767579509      2.261946710584651   0.006449106328853911
     -1.382300767579509      2.387610416728243    0.01558438115201643
     -1.382300767579509      2.513274122871834    0.02650969106325469
     -1.382300767579509      2.638937829015426    0.03512134841776145
     -1.382300767579509      2.764601535159018    0.03403911914297214
     -1.382300767579509      2.890265241302609    0.02747417653643796
     -1.382300767579509      3.015928947446201    0.02962427013296586
     -1.256637061435917     -3.141592653589793    0.03329820270965402
     -1.256637061435917     -3.015928947446201    0.04552222219271842
     -1.256637061435917      -2.89026524130261    0.07294726444518333
     -1.256637061435917     -2.764601535159018     0.1127831365943183
     -1.256637061435917     -2.638937829015426     0.1368162468028194
     -1.256637061435917     -2.513274122871834     0.1366990951066638
     -1.256637061435917     -2.387610416728243     0.1354962275301056
     -1.256637061435917     -2.261946710584651     0.1391356342182117
     -1.256637061435917     -2.136283004441059     0.1316720088742414
     -1.256637061435917     -2.010619298297468     0.1161981331236318
     -1.256637061435917     -1.884955592153876     0.1068966416243573
     -1.256637061435917     -1.759291886010284     0.1000360386936481
     -1.256637061435917     -1.633628179866693    0.09183239171180534
     -1.256637061435917     -1.507964473723101    0.09087387779527645
     -1.256637061435917     -1.382300767579509    0.09422566869807425
     -1.256637061435917     -1.256637061435917    0.09081388844738734
     -1.256637061435917     -1.130973355292325    0.08438213533735819
     -1.256637061435917     -1.005309649148733    0.07844427649209107
     -1.256637061435917     -0.879645943005142    0.06329634721906588
     -1.256637061435917    -0.7539822368615505    0.04133013786813265
     -1.256637061435917    -0.6283185307179586    0.02904620666134087
     -1.256637061435917    -0.5026548245743667    0.02670607647286199
     -1.256637061435917    -0.3769911184307753    0.02306546759263929
     -1.256637061435917    -0.2513274122871838    0.02002696477516457
     -1.256637061435917    -0.1256637061435919    0.02177976595861296
     -1.256637061435917                      0    0.02216287655605394
     -1.256637061435917     0.1256637061435919    0.02201096303817072
     -1.256637061435917     0.2513274122871834    0.03040245708343696
     -1.256637061435917     0.3769911184307753    0.04254054279022316
     -1.256637061435917     0.5026548245743672    0.04536199284851283
     -1.256637061435917     0.6283185307179582    0.04118215803746402
     -1.256637061435917     0.7539822368615501    0.04114982024658288
     -1.256637061435917     0.8796459430051424    0.04590590790195855
     -1.256637061435917      1.005309649148734    0.05235024433067775
     -1.256637061435917      1.130973355292326    0.06504574315347808
     -1.256637061435917      1.256637061435917    0.08298705695987774
     -1.256637061435917      1.382300767579509    0.09003818682783141
     -1.256637061435917      1.507964473723101    0.07681417963718472
     -1.256637061435917      1.633628179866692    0.05736170535341892
     -1.256637061435917      1.759291886010284    0.04595758144524718
     -1.256637061435917      1.884955592153876    0.03567743539266893
     -1.256637061435917      2.010619298297467    0.01886116774430811
     -1.256637061435917       2.13628300444106   0.005908432282470294
     -1.256637061435917      2.261946710584651   0.006180793023574683
     -1.256637061435917      2.387610416728243    0.01435045910049918
     -1.256637061435917      2.513274122871834    0.02405670696089167
     -1.256637061435917      2.638937829015426    0.03140701807870606
     -1.256637061435917      2.764601535159018    0.03036550848596733
     -1.256637061435917      2.890265241302609    0.02445876907781121
     -1.256637061435917      3.015928947446201    0.02542188433048215
     -1.130973355292325     -3.141592653589793     0.0219883247698123
     -1.130973355292325     -3.015928947446201    0.03138254735976762
     -1.130973355292325      -2.89026524130261    0.05062018129863605
     -1.130973355292325     -2.764601535159018    0.07739840909475279
     -1.130973355292325     -2.638937829015426    0.09571022332775733
     -1.130973355292325     -2.513274122871834    0.09918975008861423
     -1.130973355292325     -2.387610416728243    0.09929910893806923
     -1.130973355292325     -2.261946710584651     0.1014145894545854
     -1.130973355292325     -2.136283004441059    0.09888365528571386
     -1.130973355292325     -2.010619298297468    0.09175319658252629
     -1.130973355292325     -1.884955592153876    0.08587153461201777
     -1.130973355292325     -1.759291886010284    0.08022633284721149
     -1.130973355292325     -1.633628179866693    0.07402003726513171
     -1.130973355292325     -1.507964473723101    0.07195828260735167
     -1.130973355292325     -1.382300767579509    0.07259456328347857
     -1.130973355292325     -1.256637061435917    0.06935239871673834
     -1.130973355292325     -1.130973355292325    0.06289662277638146
     -1.130973355292325     -1.005309649148733    0.05561394698743415
     -1.130973355292325     -0.879645943005142    0.04394119939625443
     -1.130973355292325    -0.7539822368615505    0.02929735011802744
     -1.130973355292325    -0.6283185307179586    0.02043152695390279
     -1.130973355292325    -0.5026548245743667    0.01829474492706572
     -1.130973355292325    -0.3769911184307753    0.01642755553182481
     -1.130973355292325    -0.2513274122871838    0.01461468477532852
     -1.130973355292325    -0.1256637061435919    0.01538562280902244
     -1.130973355292325                      0    0.01593559085534742
     -1.130973355292325     0.1256637061435919    0.01674952356850575
     -1.130973355292325     0.2513274122871834    0.02419915700029972
     -1.130973355292325     0.3769911184307753    0.03636732801281748
     -1.130973355292325     0.5026548245743672     0.0435306322173548
     -1.130973355292325     0.6283185307179582    0.04619408161445288
     -1.130973355292325     0.7539822368615501    0.05413751003867469
     -1.130973355292325     0.8796459430051424    0.06796184924829643
     -1.130973355292325      1.005309649148734    0.07978722812519398
     -1.130973355292325      1.130973355292326    0.08801382292936734
     -1.130973355292325      1.256637061435917    0.09340501319872301
     -1.130973355292325      1.382300767579509    0.08841314704021805
     -1.130973355292325      1.507964473723101    0.06899696434015562
     -1.130973355292325      1.633628179866692    0.04710758476067534
     -1.130973355292325      1.759291886010284     0.0342368055339017
     -1.130973355292325      1.884955592153876    0.02536650587227198
     -1.130973355292325      2.010619298297467    0.01369445513454683
     -1.130973355292325       2.13628300444106   0.004902048185934153
     -1.130973355292325      2.261946710584651   0.005030645343470701
     -1.130973355292325      2.387610416728243    0.01078163482847649
     -1.130973355292325      2.513274122871834    0.01755422983571351
     -1.130973355292325      2.638937829015426    0.02241382361425354
     -1.130973355292325      2.764601535159018     0.0217582904380489
     -1.130973355292325      2.890265241302609    0.01762197162124942
     -1.130973355292325      3.015928947446201     0.0172006842840021
     -1.005309649148733     -3.141592653589793    0.01207664275732582
     -1.005309649148733     -3.015928947446201    0.01899260098095799
     -1.005309649148733      -2.89026524130261    0.03131126327867204
     -1.005309649148733     -2.764601535159018     0.0480178847719694
     -1.005309649148733     -2.638937829015426    0.06356022284918166
     -1.005309649148733     -2.513274122871834    0.07201780038573119
     -1.005309649148733     -2.387610416728243    0.07439598404041067
     -1.005309649148733     -2.261946710584651    0.07659695135217637
     -1.005309649148733     -2.136283004441059    0.08041569699360528
     -1.005309649148733     -2.010619298297468     0.0822644132210842
     -1.005309649148733     -1.884955592153876    0.08002148991161537
     -1.005309649148733     -1.759291886010284     0.0755102691825449
     -1.005309649148733     -1.633628179866693    0.07142884466298015
     -1.005309649148733     -1.507964473723101    0.06934102140523031
     -1.005309649148733     -1.382300767579509    0.06793571360784569
     -1.005309649148733     -1.256637061435917    0.06270289765565248
     -1.005309649148733     -1.130973355292325    0.05160387493574155
     -1.005309649148733     -1.005309649148733    0.03861723758344972
     -1.005309649148733     -0.879645943005142     0.0276160446647057
     -1.005309649148733    -0.7539822368615505    0.01857879351726708
     -1.005309649148733    -0.6283185307179586    0.01229175730974934
     -1.005309649148733    -0.5026548245743667    0.01031885409186563
     -1.005309649148733    -0.3769911184307753    0.01028342163148862
     -1.005309649148733    -0.2513274122871838   0.009422634504154533
     -1.005309649148733    -0.1256637061435919    0.00894968902053306
     -1.005309649148733                      0   0.009506378493298962
     -1.005309649148733     0.1256637061435919    0.01070439913750624
     -1.005309649148733     0.2513274122871834    0.01612766142527145
     -1.005309649148733     0.3769911184307753    0.02742723368324677
     -1.005309649148733     0.5026548245743672    0.03858232551262764
     -1.005309649148733     0.6283185307179582    0.04813343633779284
     -1.005309649148733     0.7539822368615501    0.06493726373042628
     -1.005309649148733     0.8796459430051424    0.08988352807465902
     -1.005309649148733      1.005309649148734     0.1084662304882342
     -1.005309649148733      1.130973355292326     0.1105534167436149
     -1.005309649148733      1.256637061435917    0.09983079880884134
     -1.005309649148733      1.382300767579509    0.08098643168165837
     -1.005309649148733      1.507964473723101    0.05640716958066479
     -1.005309649148733      1.633628179866692     0.0338576316008971
     -1.005309649148733      1.759291886010284     0.0205312273153853
     -1.005309649148733      1.884955592153876    0.01358661941187654
     -1.005309649148733      2.010619298297467    0.00751651687928023
     -1.005309649148733       2.13628300444106   0.003289878419036069
     -1.005309649148733      2.261946710584651    0.00350472634841705
     -1.005309649148733      2.387610416728243   0.006842698739198225
     -1.005309649148733      2.513274122871834    0.01078338188152301
     -1.005309649148733      2.638937829015426    0.01356435426368186
     -1.005309649148733      2.764601535159018    0.01357320213455793
     -1.005309649148733      2.890265241302609    0.01124569324729988
     -1.005309649148733      3.015928947446201   0.009817775740699024
     -0.879645943005142     -3.141592653589793   0.006395718705100754
     -0.879645943005142     -3.015928947446201    0.01117707906198675
     -0.879645943005142      -2.89026524130261    0.01888466605418749
     -0.879645943005142     -2.764601535159018    0.02965310075619286
     -0.879645943005142     -2.638937829015426    0.04402759930346788
     -0.879645943005142     -2.513274122871834    0.05609269611966013
     -0.879645943005142     -2.387610416728243    0.06052938762849949
     -0.879645943005142     -2.261946710584651    0.06360088005481047
     -0.879645943005142     -2.136283004441059    0.07258601952622945
     -0.879645943005142     -2.010619298297468     0.0817901116177025
     -0.879645943005142     -1.884955592153876    0.08292093905146308
     -0.879645943005142     -1.759291886010284    0.07855582990298673
     -0.879645943005142     -1.633628179866693    0.07532694032902476
     -0.879645943005142     -1.507964473723101    0.07464398392330467
     -0.879645943005142     -1.382300767579509    0.07319291114770018
     -0.879645943005142     -1.256637061435917    0.06489368399309679
     -0.879645943005142     -1.130973355292325     0.0473202226882524
     -0.879645943005142     -1.005309649148733     0.0286064187072274
     -0.879645943005142     -0.879645943005142    0.01765859212553588
     -0.879645943005142    -0.7539822368615505    0.01214529846528694
     -0.879645943005142    -0.6283185307179586   0.007607700800518603
     -0.879645943005142    -0.5026548245743667   0.006343098334729782
     -0.879645943005142    -0.3769911184307753   0.008053847174783753
     -0.879645943005142    -0.2513274122871838   0.007755838912121832
     -0.879645943005142    -0.1256637061435919   0.006053275989816784
     -0.879645943005142                      0   0.006269528419232571
     -0.879645943005142     0.1256637061435919   0.007312277348418984
     -0.879645943005142     0.2513274122871834     0.0104963832508168
     -0.879645943005142     0.3769911184307753    0.01992850822234898
     -0.879645943005142     0.5026548245743672    0.03259487951027652
     -0.879645943005142     0.6283185307179582    0.04577878789538307
     -0.879645943005142     0.7539822368615501    0.06745795232726005
     -0.879645943005142     0.8796459430051424     0.0990220970499478
     -0.879645943005142      1.005309649148734     0.1217340653064092
     -0.879645943005142      1.130973355292326     0.1192500619313891
     -0.879645943005142      1.256637061435917    0.09742236165752949
     -0.879645943005142      1.382300767579509    0.07032175011940833
     -0.879645943005142      1.507964473723101    0.04469309542113068
     -0.879645943005142      1.633628179866692    0.02405046905088174
     -0.879645943005142      1.759291886010284    0.01172524101650437
     -0.879645943005142      1.884955592153876   0.006389351223790901
     -0.879645943005142      2.010619298297467   0.003765770766962158
     -0.879645943005142       2.13628300444106   0.002259966807080465
     -0.879645943005142      2.261946710584651   0.002702754383055088
     -0.879645943005142      2.387610416728243   0.005037244767472322
     -0.879645943005142      2.513274122871834   0.007819113813285586
     -0.879645943005142      2.638937829015426   0.009778264348143115
     -0.879645943005142      2.764601535159018    0.01023840342974707
     -0.879645943005142      2.890265241302609   0.008645546819606838
     -0.879645943005142      3.015928947446201   0.006154672422959804
    -0.7539822368615505     -3.141592653589793   0.003629660781389536
    -0.7539822368615505     -3.015928947446201   0.007042909396688836
    -0.7539822368615505      -2.89026524130261    0.01231793072872721
    -0.7539822368615505     -2.764601535159018    0.02026859439318004
    -0.7539822368615505     -2.638937829015426    0.03349246463167286
    -0.7539822368615505     -2.513274122871834    0.04638121967488371
    -0.7539822368615505     -2.387610416728243    0.05167694456368895
    -0.7539822368615505     -2.261946710584651    0.05507272214509914
    -0.7539822368615505     -2.136283004441059    0.06519641734097409
    -0.7539822368615505     -2.010619298297468     0.0762761877111356
    -0.7539822368615505     -1.884955592153876    0.07843184837105005
    -0.7539822368615505     -1.759291886010284    0.07422065896999125
    -0.7539822368615505     -1.633628179866693    0.07169024039209299
    -0.7539822368615505     -1.507964473723101      0.072451966706191
    -0.7539822368615505     -1.382300767579509    0.07193248958266463
    -0.7539822368615505     -1.256637061435917     0.0630187872449301
    -0.7539822368615505     -1.130973355292325     0.0435321681074572
    -0.7539822368615505     -1.005309649148733     0.0232094587781512
    -0.7539822368615505     -0.879645943005142    0.01247160113641475
    -0.7539822368615505    -0.7539822368615505   0.008435877614901163
    -0.7539822368615505    -0.6283185307179586   0.004927475798668658
    -0.7539822368615505    -0.5026548245743667   0.004002315256080967
    -0.7539822368615505    -0.3769911184307753   0.006158275389259391
    -0.7539822368615505    -0.2513274122871838   0.006179837276641191
    -0.7539822368615505    -0.1256637061435919   0.004249299269305452
    -0.7539822368615505                      0   0.004283427274974591
    -0.7539822368615505     0.1256637061435919   0.005092182889360369
    -0.7539822368615505     0.2513274122871834   0.006787840831411381
    -0.7539822368615505     0.3769911184307753     0.0138742030015876
    -0.7539822368615505     0.5026548245743672    0.02529225315451774
    -0.7539822368615505     0.6283185307179582    0.03846683962746567
    -0.7539822368615505     0.7539822368615501    0.05980886036346851
    -0.7539822368615505     0.8796459430051424     0.0904951627594329
    -0.7539822368615505      1.005309649148734     0.1123683323042222
    -0.7539822368615505      1.130973355292326     0.1083450205555303
    -0.7539822368615505      1.256637061435917    0.08423822447897615
    -0.7539822368615505      1.382300767579509    0.05662343069860128
    -0.7539822368615505      1.507964473723101     0.0337461945676583
    -0.7539822368615505      1.633628179866692     0.0169007873451114
    -0.7539822368615505      1.759291886010284   0.006978462505184942
    -0.7539822368615505      1.884955592153876   0.003111578748758561
    -0.7539822368615505      2.010619298297467   0.002052112812019319
    -0.7539822368615505       2.13628300444106   0.001634632839186605
    -0.7539822368615505      2.261946710584651   0.002096965192494059
    -0.7539822368615505      2.387610416728243   0.003802409103679176
    -0.7539822368615505      2.513274122871834   0.005758662768111657
    -0.7539822368615505      2.638937829015426   0.007094918637503235
    -0.7539822368615505      2.764601535159018   0.007668801694526582
    -0.7539822368615505      2.890265241302609   0.006612154136790653
    -0.7539822368615505      3.015928947446201   0.004119561384283752
    -0.6283185307179586     -3.141592653589793   0.002588861667121643
    -0.6283185307179586     -3.015928947446201   0.005663327116525664
    -0.6283185307179586      -2.89026524130261    0.01041392523260302
    -0.6283185307179586     -2.764601535159018    0.01803229985515452
    -0.6283185307179586     -2.638937829015426    0.02984754063282838
    -0.6283185307179586     -2.513274122871834    0.04074994614243228
    -0.6283185307179586     -2.387610416728243    0.04548686087383982
    -0.6283185307179586     -2.261946710584651     0.0486018747730228
    -0.6283185307179586     -2.136283004441059     0.0558146851898933
    -0.6283185307179586     -2.010619298297468     0.0625748127726396
    -0.6283185307179586     -1.884955592153876    0.06290775303186553
    -0.6283185307179586     -1.759291886010284     0.0598659143830898
    -0.6283185307179586     -1.633628179866693    0.05878292802733689
    -0.6283185307179586     -1.507964473723101    0.05988915442023834
    -0.6283185307179586     -1.382300767579509    0.05992328595248105
    -0.6283185307179586     -1.256637061435917     0.0536617181900237
    -0.6283185307179586     -1.130973355292325    0.03848537558312094
    -0.6283185307179586     -1.005309649148733    0.02110109719106685
    -0.6283185307179586     -0.879645943005142      0.010511929584917
    -0.6283185307179586    -0.7539822368615505   0.006036378597935815
    -0.6283185307179586    -0.6283185307179586   0.002811510713306127
    -0.6283185307179586    -0.5026548245743667   0.001371628788522728
    -0.6283185307179586    -0.3769911184307753   0.002270272479101191
    -0.6283185307179586    -0.2513274122871838   0.002324543299794113
    -0.6283185307179586    -0.1256637061435919   0.001369707861377953
    -0.6283185307179586                      0    0.00163713372203199
    -0.6283185307179586     0.1256637061435919   0.002205320112884018
    -0.6283185307179586     0.2513274122871834   0.003229764000204528
    -0.6283185307179586     0.3769911184307753   0.008007771331603707
    -0.6283185307179586     0.5026548245743672    0.01625614247989667
    -0.6283185307179586     0.6283185307179582    0.02661229088950636
    -0.6283185307179586     0.7539822368615501    0.04344281397688487
    -0.6283185307179586     0.8796459430051424    0.06692914824070514
    -0.6283185307179586      1.005309649148734    0.08340931921242041
    -0.6283185307179586      1.130973355292326    0.08000028853789114
    -0.6283185307179586      1.256637061435917    0.06083962471063423
    -0.6283185307179586      1.382300767579509    0.03899595066615044
    -0.6283185307179586      1.507964473723101    0.02169022356628861
    -0.6283185307179586      1.633628179866692   0.009841841363459371
    -0.6283185307179586      1.759291886010284   0.003267853847339288
    -0.6283185307179586      1.884955592153876  0.0009803356261134386
    -0.6283185307179586      2.010619298297467  0.0007125508159441297
    -0.6283185307179586       2.13628300444106  0.0007693367626301988
    -0.6283185307179586      2.261946710584651  0.0009972217097486051
    -0.6283185307179586      2.387610416728243   0.001549567659982715
    -0.6283185307179586      2.513274122871834   0.002044016413069051
    -0.6283185307179586      2.638937829015426    0.00244647898460131
    -0.6283185307179586      2.764601535159018   0.002995382210613989
    -0.6283185307179586      2.890265241302609    0.00294279156003186
    -0.6283185307179586      3.015928947446201   0.002101079290016654
    -0.5026548245743667     -3.141592653589793    0.00318524160421735
    -0.5026548245743667     -3.015928947446201   0.006219052210733748
    -0.5026548245743667      -2.89026524130261    0.01119393503655265
    -0.5026548245743667     -2.764601535159018    0.01919681241301771
    -0.5026548245743667     -2.638937829015426    0.02873409670064456
    -0.5026548245743667     -2.513274122871834    0.03567214874990586
    -0.5026548245743667     -2.387610416728243    0.03889284238015397
    -0.5026548245743667     -2.261946710584651    0.04162791970513399
    -0.5026548245743667     -2.136283004441059    0.04495083912336099
    -0.5026548245743667     -2.010619298297468    0.04602995826738331
    -0.5026548245743667     -1.884955592153876    0.04430808199083102
    -0.5026548245743667     -1.759291886010284    0.04269701456173658
    -0.5026548245743667     -1.633628179866693    0.04254072128784944
    -0.5026548245743667     -1.507964473723101    0.04301266117774608
    -0.5026548245743667     -1.382300767579509    0.04303999727586032
    -0.5026548245743667     -1.256637061435917    0.03994535928163954
    -0.5026548245743667     -1.130973355292325    0.03118010064803696
    -0.5026548245743667     -1.005309649148733    0.01945644670041359
    -0.5026548245743667     -0.879645943005142    0.01031920003652853
    -0.5026548245743667    -0.7539822368615505   0.005167721739035703
    -0.5026548245743667    -0.6283185307179586   0.002081588602889775
    -0.5026548245743667    -0.5026548245743667  0.0003611933330499003
    -0.5026548245743667    -0.3769911184307753 -0.0001779406781832037
    -0.5026548245743667    -0.2513274122871838 -0.0003864071382889593
    -0.5026548245743667    -0.1256637061435919 -0.0002773597747319544
    -0.5026548245743667                      0  0.0002297715398938316
    -0.5026548245743667     0.1256637061435919  0.0004961264750000362
    -0.5026548245743667     0.2513274122871834   0.001407366143355356
    -0.5026548245743667     0.3769911184307753   0.004590178464273296
    -0.5026548245743667     0.5026548245743672   0.009325510632369282
    -0.5026548245743667     0.6283185307179582    0.01532603480568107
    -0.5026548245743667     0.7539822368615501    0.02538194205652436
    -0.5026548245743667     0.8796459430051424    0.03892993814251504
    -0.5026548245743667      1.005309649148734    0.04804494573455265
    -0.5026548245743667      1.130973355292326    0.04614557044804339
    -0.5026548245743667      1.256637061435917    0.03568649661515558
    -0.5026548245743667      1.382300767579509     0.0233103378283076
    -0.5026548245743667      1.507964473723101    0.01290412207480949
    -0.5026548245743667      1.633628179866692    0.00568974824433215
    -0.5026548245743667      1.759291886010284   0.001926510678825114
    -0.5026548245743667      1.884955592153876  0.0006103802997516959
    -0.5026548245743667      2.010619298297467  0.0002169167258677736
    -0.5026548245743667       2.13628300444106  9.736141306621515e-05
    -0.5026548245743667      2.261946710584651    0.00010811042279708
    -0.5026548245743667      2.387610416728243 -6.047854793759275e-05
    -0.5026548245743667      2.513274122871834 -0.0003659537704215937
    -0.5026548245743667      2.638937829015426 -0.0003147270682713151
    -0.5026548245743667      2.764601535159018  0.0001445070150313675
    -0.5026548245743667      2.890265241302609  0.0006411190747115775
    -0.5026548245743667      3.015928947446201   0.001422821927448078
    -0.3769911184307753     -3.141592653589793   0.004135438359054354
    -0.3769911184307753     -3.015928947446201    0.00685718928085006
    -0.3769911184307753      -2.89026524130261    0.01159107149777333
    -0.3769911184307753     -2.764601535159018    0.01899198962922245
    -0.3769911184307753     -2.638937829015426    0.02572006559307783
    -0.3769911184307753     -2.513274122871834    0.02898902177995754
    -0.3769911184307753     -2.387610416728243    0.03088203191230891
    -0.3769911184307753     -2.261946710584651    0.03344544513242688
    -0.3769911184307753     -2.136283004441059    0.03449760613600997
    -0.3769911184307753     -2.010619298297468    0.03254928780692647
    -0.3769911184307753     -1.884955592153876    0.03016440698786545
    -0.3769911184307753     -1.759291886010284    0.02933321658023678
    -0.3769911184307753     -1.633628179866693    0.02904449771170312
    -0.3769911184307753     -1.507964473723101    0.02865482367492241
    -0.3769911184307753     -1.382300767579509    0.02846344312721302
    -0.3769911184307753     -1.256637061435917    0.02715965244048849
    -0.3769911184307753     -1.130973355292325    0.02295638153883949
    -0.3769911184307753     -1.005309649148733    0.01641765091259946
    -0.3769911184307753     -0.879645943005142   0.009805391426997033
    -0.3769911184307753    -0.7539822368615505   0.004945078678580162
    -0.3769911184307753    -0.6283185307179586   0.002316723859379552
    -0.3769911184307753    -0.5026548245743667  0.0009703063653726494
    -0.3769911184307753    -0.3769911184307753 -0.0001412154196521816
    -0.3769911184307753    -0.2513274122871838 -0.0006286902035026298
    -0.3769911184307753    -0.1256637061435919  -4.73013312291718e-05
    -0.3769911184307753                      0  0.0005155035552953935
    -0.3769911184307753     0.1256637061435919  0.0005933283665541273
    -0.3769911184307753     0.2513274122871834   0.001689264108395634
    -0.3769911184307753     0.3769911184307753    0.00424324869928431
    -0.3769911184307753     0.5026548245743672   0.006687074223174353
    -0.3769911184307753     0.6283185307179582   0.009109228809930382
    -0.3769911184307753     0.7539822368615501    0.01342656719026115
    -0.3769911184307753     0.8796459430051424    0.01883494531111215
    -0.3769911184307753      1.005309649148734    0.02183406630090832
    -0.3769911184307753      1.130973355292326    0.02120756315109769
    -0.3769911184307753      1.256637061435917    0.01858809033020424
    -0.3769911184307753      1.382300767579509    0.01478518683885323
    -0.3769911184307753      1.507964473723101   0.009841328312735318
    -0.3769911184307753      1.633628179866692   0.005364723340708333
    -0.3769911184307753      1.759291886010284   0.002930572883955389
    -0.3769911184307753      1.884955592153876   0.001762405034636978
    -0.3769911184307753      2.010619298297467  0.0006640535132755303
    -0.3769911184307753       2.13628300444106 -4.407149574190586e-05
    -0.3769911184307753      2.261946710584651 -0.0001460049462546148
    -0.3769911184307753      2.387610416728243 -0.0002872377900670973
    -0.3769911184307753      2.513274122871834 -0.0004130672409594539
    -0.3769911184307753      2.638937829015426 -8.544780919074251e-05
    -0.3769911184307753      2.764601535159018  0.0002685683252293963
    -0.3769911184307753      2.890265241302609  0.0006238889382825237
    -0.3769911184307753      3.015928947446201   0.001925298358645462
    -0.2513274122871838     -3.141592653589793   0.003842149546790542
    -0.2513274122871838     -3.015928947446201   0.006127492337693374
    -0.2513274122871838      -2.89026524130261    0.01003485555249341
    -0.2513274122871838     -2.764601535159018    0.01606958037990847
    -0.2513274122871838     -2.638937829015426    0.02094592172596718
    -0.2513274122871838     -2.513274122871834    0.02277789995087477
    -0.2513274122871838     -2.387610416728243    0.02435414296476356
    -0.2513274122871838     -2.261946710584651    0.02695803778538175
    -0.2513274122871838     -2.136283004441059    0.02744439881470693
    -0.2513274122871838     -2.010619298297468    0.02479757369024348
    -0.2513274122871838     -1.884955592153876    0.02238009263443246
    -0.2513274122871838     -1.759291886010284    0.02182480948752641
    -0.2513274122871838     -1.633628179866693    0.02145002496277165
    -0.2513274122871838     -1.507964473723101    0.02069820532181712
    -0.2513274122871838     -1.382300767579509    0.02040698732021061
    -0.2513274122871838     -1.256637061435917    0.01987210070776969
    -0.2513274122871838     -1.130973355292325      0.017547890637461
    -0.2513274122871838     -1.005309649148733    0.01320721348132045
    -0.2513274122871838     -0.879645943005142   0.008028610854615002
    -0.2513274122871838    -0.7539822368615505   0.003872476921016763
    -0.2513274122871838    -0.6283185307179586   0.001790112520388915
    -0.2513274122871838    -0.5026548245743667   0.000723398718488801
    -0.2513274122871838    -0.3769911184307753  -0.000500173097229107
    -0.2513274122871838    -0.2513274122871838  -0.001022530214597953
    -0.2513274122871838    -0.1256637061435919 -0.0002684317481454398
    -0.2513274122871838                      0  0.0003432087692737963
    -0.2513274122871838     0.1256637061435919  0.0004203197677497347
    -0.2513274122871838     0.2513274122871834   0.001552434838774569
    -0.2513274122871838     0.3769911184307753   0.003746926309335943
    -0.2513274122871838     0.5026548245743672   0.005302130995291835
    -0.2513274122871838     0.6283185307179582   0.006410343340605434
    -0.2513274122871838     0.7539822368615501   0.008288822637453574
    -0.2513274122871838     0.8796459430051424   0.009857279809066172
    -0.2513274122871838      1.005309649148734   0.009741399035869895
    -0.2513274122871838      1.130973355292326    0.00941398832169296
    -0.2513274122871838      1.256637061435917     0.0102573247121023
    -0.2513274122871838      1.382300767579509    0.01037267403573501
    -0.2513274122871838      1.507964473723101   0.007974103375662324
    -0.2513274122871838      1.633628179866692   0.004785148834221487
    -0.2513274122871838      1.759291886010284   0.002964320891145587
    -0.2513274122871838      1.884955592153876   0.001945749941585425
    -0.2513274122871838      2.010619298297467  0.0007249827874186224
    -0.2513274122871838       2.13628300444106 -0.0001196430006420109
    -0.2513274122871838      2.261946710584651 -0.0003206856566433842
    -0.2513274122871838      2.387610416728243 -0.0005748778542122329
    -0.2513274122871838      2.513274122871834 -0.0007749842437526833
    -0.2513274122871838      2.638937829015426 -0.0004661844929381147
    -0.2513274122871838      2.764601535159018 -0.0001349760201773095
    -0.2513274122871838      2.890265241302609   0.000256713790682725
    -0.2513274122871838      3.015928947446201   0.001680656981250939
    -0.1256637061435919     -3.141592653589793   0.002877073957075277
    -0.1256637061435919     -3.015928947446201    0.00474764703635819
    -0.1256637061435919      -2.89026524130261     0.0078104432371453
    -0.1256637061435919     -2.764601535159018    0.01271772849124191
    -0.1256637061435919     -2.638937829015426    0.01693252798096924
    -0.1256637061435919     -2.513274122871834    0.01885905908827865
    -0.1256637061435919     -2.387610416728243    0.02068882808341814
    -0.1256637061435919     -2.261946710584651    0.02332797786856623
    -0.1256637061435919     -2.136283004441059    0.02390579582059722
    -0.1256637061435919     -2.010619298297468     0.0214805607567585
    -0.1256637061435919     -1.884955592153876    0.01915811710889889
    -0.1256637061435919     -1.759291886010284    0.01863957961499698
    -0.1256637061435919     -1.633628179866693    0.01848028576084373
    -0.1256637061435919     -1.507964473723101    0.01803855528747294
    -0.1256637061435919     -1.382300767579509    0.01800338042625193
    -0.1256637061435919     -1.256637061435917    0.01767769147896693
    -0.1256637061435919     -1.130973355292325    0.01544679452296513
    -0.1256637061435919     -1.005309649148733    0.01110376767457632
    -0.1256637061435919     -0.879645943005142   0.006147841356077481
    -0.1256637061435919    -0.7539822368615505   0.002514549832899898
    -0.1256637061435919    -0.6283185307179586  0.0008228569511927408
    -0.1256637061435919    -0.5026548245743667 -0.0001906230101327336
    -0.1256637061435919    -0.3769911184307753  -0.001392151957098149
    -0.1256637061435919    -0.2513274122871838   -0.00178763551765151
    -0.1256637061435919    -0.1256637061435919 -0.0009765450959246409
    -0.1256637061435919                      0 -0.0003509826068472783
    -0.1256637061435919     0.1256637061435919 -0.0002559480941606254
    -0.1256637061435919     0.2513274122871834  0.0005987933876595742
    -0.1256637061435919     0.3769911184307753   0.002173106374357099
    -0.1256637061435919     0.5026548245743672   0.003304241443485674
    -0.1256637061435919     0.6283185307179582   0.004334359495051406
    -0.1256637061435919     0.7539822368615501   0.005824372404536128
    -0.1256637061435919     0.8796459430051424   0.006424716108460602
    -0.1256637061435919      1.005309649148734   0.005445441481284476
    -0.1256637061435919      1.130973355292326   0.004888602577601868
    -0.1256637061435919      1.256637061435917   0.005943924617690966
    -0.1256637061435919      1.382300767579509   0.006574795149206365
    -0.1256637061435919      1.507964473723101   0.005095888277308361
    -0.1256637061435919      1.633628179866692   0.002939437450837087
    -0.1256637061435919      1.759291886010284    0.00180944597384462
    -0.1256637061435919      1.884955592153876   0.001200148140365702
    -0.1256637061435919      2.010619298297467   0.000354866964002314
    -0.1256637061435919       2.13628300444106 -0.0002567493082304183
    -0.1256637061435919      2.261946710584651 -0.0005193690558491443
    -0.1256637061435919      2.387610416728243  -0.001038781977114345
    -0.1256637061435919      2.513274122871834  -0.001596344825205893
    -0.1256637061435919      2.638937829015426  -0.001581888367098013
    -0.1256637061435919      2.764601535159018  -0.001240608821950487
    -0.1256637061435919      2.890265241302609 -0.0006140636889462146
    -0.1256637061435919      3.015928947446201  0.0008944313975814078
                      0     -3.141592653589793   0.002612452948265043
                      0     -3.015928947446201    0.00423414068652366
                      0      -2.89026524130261   0.006973979266777776
                      0     -2.764601535159018    0.01156708229047926
                      0     -2.638937829015426    0.01568413070329116
                      0     -2.513274122871834    0.01778447659895812
                      0     -2.387610416728243    0.01979752187794994
                      0     -2.261946710584651    0.02246584559704616
                      0     -2.136283004441059    0.02316550791193513
                      0     -2.010619298297468    0.02108601839414634
                      0     -1.884955592153876    0.01895373534985997
                      0     -1.759291886010284     0.0182765396693257
                      0     -1.633628179866693    0.01810115947180375
                      0     -1.507964473723101    0.01811231137039272
                      0     -1.382300767579509    0.01848866191365114
                      0     -1.256637061435917    0.01798744074288214
                      0     -1.130973355292325    0.01522553104390236
                      0     -1.005309649148733    0.01054491972493571
                      0     -0.879645943005142   0.005606140646983635
                      0    -0.7539822368615505   0.002154813665366469
                      0    -0.6283185307179586  0.0006194581646038093
                      0    -0.5026548245743667 -0.0002884982433603801
                      0    -0.3769911184307753  -0.001377802893134743
                      0    -0.2513274122871838  -0.001702301648970014
                      0    -0.1256637061435919 -0.0009376936225296785
                      0                      0  -0.000376566169700318
                      0     0.1256637061435919 -0.0003191541369540648
                      0     0.2513274122871834  0.0002993905465374361
                      0     0.3769911184307753   0.001396825721689182
                      0     0.5026548245743672   0.002168879743665837
                      0     0.6283185307179582   0.003076035963279338
                      0     0.7539822368615501   0.004364716189809896
                      0     0.8796459430051424   0.004630707901055477
                      0      1.005309649148734   0.003465412763546566
                      0      1.130973355292326    0.00286022898618749
                      0      1.256637061435917   0.003839368099993385
                      0      1.382300767579509   0.004585940178940875
                      0      1.507964473723101   0.003657750216935412
                      0      1.633628179866692   0.002218578470760705
                      0      1.759291886010284   0.001572450626410644
                      0      1.884955592153876   0.001168233008745124
                      0      2.010619298297467  0.0003809564450595605
                      0       2.13628300444106 -0.0002383821832318882
                      0      2.261946710584651 -0.0004987926702951121
                      0      2.387610416728243 -0.0009815498625762571
                      0      2.513274122871834  -0.001536828571105982
                      0      2.638937829015426   -0.00156798490125828
                      0      2.764601535159018   -0.00124997856414535
                      0      2.890265241302609 -0.0006302855450660383
                      0      3.015928947446201  0.0008024057116816745
     0.1256637061435919     -3.141592653589793   0.002887823706888955
     0.1256637061435919     -3.015928947446201   0.004573585712528136
     0.1256637061435919      -2.89026524130261   0.007520594350850864
     0.1256637061435919     -2.764601535159018    0.01249428080232777
     0.1256637061435919     -2.638937829015426    0.01695602075126381
     0.1256637061435919     -2.513274122871834    0.01924115686218324
     0.1256637061435919     -2.387610416728243    0.02138610922889498
     0.1256637061435919     -2.261946710584651    0.02418185552857701
     0.1256637061435919     -2.136283004441059     0.0249548330823815
     0.1256637061435919     -2.010619298297468    0.02291449441642258
     0.1256637061435919     -1.884955592153876    0.02075680255979013
     0.1256637061435919     -1.759291886010284    0.01992354006874416
     0.1256637061435919     -1.633628179866693    0.01964930737992015
     0.1256637061435919     -1.507964473723101    0.01983120155286404
     0.1256637061435919     -1.382300767579509     0.0203956131269075
     0.1256637061435919     -1.256637061435917    0.01971083581203565
     0.1256637061435919     -1.130973355292325    0.01648315987810366
     0.1256637061435919     -1.005309649148733    0.01138543208576162
     0.1256637061435919     -0.879645943005142   0.006153337376884688
     0.1256637061435919    -0.7539822368615505    0.00248302420354389
     0.1256637061435919    -0.6283185307179586  0.0008452456979163589
     0.1256637061435919    -0.5026548245743667 -6.143982597838556e-05
     0.1256637061435919    -0.3769911184307753  -0.001142724202296072
     0.1256637061435919    -0.2513274122871838  -0.001476705266428196
     0.1256637061435919    -0.1256637061435919 -0.0007176299099475575
     0.1256637061435919                      0 -0.0001695649638055939
     0.1256637061435919     0.1256637061435919 -0.0001278643214763034
     0.1256637061435919     0.2513274122871834  0.0004867251004150987
     0.1256637061435919     0.3769911184307753   0.001569046965653486
     0.1256637061435919     0.5026548245743672   0.002313476105460781
     0.1256637061435919     0.6283185307179582   0.003231136017002032
     0.1256637061435919     0.7539822368615501   0.004598851940448089
     0.1256637061435919     0.8796459430051424   0.004986859317956966
     0.1256637061435919      1.005309649148734   0.003928434367024877
     0.1256637061435919      1.130973355292326   0.003361985532057759
     0.1256637061435919      1.256637061435917   0.004311481124400518
     0.1256637061435919      1.382300767579509   0.005001997651163567
     0.1256637061435919      1.507964473723101   0.004025005899698075
     0.1256637061435919      1.633628179866692   0.002571568351355604
     0.1256637061435919      1.759291886010284   0.001940246192930979
     0.1256637061435919      1.884955592153876   0.001494486033652938
     0.1256637061435919      2.010619298297467  0.0005651172131703957
     0.1256637061435919       2.13628300444106 -0.0001799000663065984
     0.1256637061435919      2.261946710584651 -0.0004359204087060278
     0.1256637061435919      2.387610416728243 -0.0008293226643381391
     0.1256637061435919      2.513274122871834  -0.001291637031747938
     0.1256637061435919      2.638937829015426  -0.001260230221534645
     0.1256637061435919      2.764601535159018 -0.0009478002519205134
     0.1256637061435919      2.890265241302609 -0.0003804486125253743
     0.1256637061435919      3.015928947446201   0.001042105205275645
     0.2513274122871834     -3.141592653589793   0.002993006148996172
     0.2513274122871834     -3.015928947446201   0.004735062706909459
     0.2513274122871834      -2.89026524130261   0.007818757701530172
     0.2513274122871834     -2.764601535159018    0.01292550526569286
     0.2513274122871834     -2.638937829015426    0.01757853742305499
     0.2513274122871834     -2.513274122871834    0.02002766981637347
     0.2513274122871834     -2.387610416728243    0.02208544803861769
     0.2513274122871834     -2.261946710584651    0.02467459622984915
     0.2513274122871834     -2.136283004441059    0.02551297778704704
     0.2513274122871834     -2.010619298297468    0.02377935816400679
     0.2513274122871834     -1.884955592153876    0.02176499207213261
     0.2513274122871834     -1.759291886010284    0.02082168012111653
     0.2513274122871834     -1.633628179866693    0.02045126159530154
     0.2513274122871834     -1.507964473723101    0.02065692283903594
     0.2513274122871834     -1.382300767579509    0.02121145062210764
     0.2513274122871834     -1.256637061435917    0.02036822985737082
     0.2513274122871834     -1.130973355292325    0.01691641043724089
     0.2513274122871834     -1.005309649148733     0.0117117533319565
     0.2513274122871834     -0.879645943005142   0.006524547845618798
     0.2513274122871834    -0.7539822368615505   0.002876178080460877
     0.2513274122871834    -0.6283185307179586   0.001173808638930785
     0.2513274122871834    -0.5026548245743667  0.0002814619860855739
     0.2513274122871834    -0.3769911184307753 -0.0006845851134304004
     0.2513274122871834    -0.2513274122871838   -0.00100005943313279
     0.2513274122871834    -0.1256637061435919 -0.0003382223827823665
     0.2513274122871834                      0  0.0001623410490381824
     0.2513274122871834     0.1256637061435919  0.0002316846311985746
     0.2513274122871834     0.2513274122871834  0.0009232654991848906
     0.2513274122871834     0.3769911184307753   0.002198542148642671
     0.2513274122871834     0.5026548245743672   0.003203070255423256
     0.2513274122871834     0.6283185307179582   0.004381693449884275
     0.2513274122871834     0.7539822368615501    0.00625570705023696
     0.2513274122871834     0.8796459430051424   0.007563581347976016
     0.2513274122871834      1.005309649148734   0.007357729818717176
     0.2513274122871834      1.130973355292326    0.00691294133894356
     0.2513274122871834      1.256637061435917   0.007235469594842559
     0.2513274122871834      1.382300767579509   0.007049141141782301
     0.2513274122871834      1.507964473723101   0.005318472765544985
     0.2513274122871834      1.633628179866692   0.003333874354667144
     0.2513274122871834      1.759291886010284   0.002393542939566052
     0.2513274122871834      1.884955592153876   0.001795405068108309
     0.2513274122871834      2.010619298297467  0.0007664716911408611
     0.2513274122871834       2.13628300444106 -4.602760662869153e-05
     0.2513274122871834      2.261946710584651 -0.0002653121720361933
     0.2513274122871834      2.387610416728243 -0.0004993680797229017
     0.2513274122871834      2.513274122871834 -0.0007873972048481802
     0.2513274122871834      2.638937829015426 -0.0006792268045760844
     0.2513274122871834      2.764601535159018 -0.0004025490067839767
     0.2513274122871834      2.890265241302609   3.34883195574612e-05
     0.2513274122871834      3.015928947446201   0.001264928400841219
     0.3769911184307753     -3.141592653589793    0.00288851551536132
     0.3769911184307753     -3.015928947446201   0.004570493324266258
     0.3769911184307753      -2.89026524130261   0.007591058599053492
     0.3769911184307753     -2.764601535159018    0.01233113795483268
     0.3769911184307753     -2.638937829015426    0.01692595468626194
     0.3769911184307753     -2.513274122871834    0.01964023178050001
     0.3769911184307753     -2.387610416728243    0.02134428249060147
     0.3769911184307753     -2.261946710584651    0.02318531957407224
     0.3769911184307753     -2.136283004441059    0.02427544521870954
     0.3769911184307753     -2.010619298297468    0.02373576122102132
     0.3769911184307753     -1.884955592153876     0.0223750705335902
     0.3769911184307753     -1.759291886010284    0.02117851843991526
     0.3769911184307753     -1.633628179866693    0.02052508205795061
     0.3769911184307753     -1.507964473723101    0.02073301456273093
     0.3769911184307753     -1.382300767579509    0.02117556555863082
     0.3769911184307753     -1.256637061435917    0.01994704478537725
     0.3769911184307753     -1.130973355292325    0.01615024811680992
     0.3769911184307753     -1.005309649148733      0.011115182967546
     0.3769911184307753     -0.879645943005142   0.006623059995633019
     0.3769911184307753    -0.7539822368615505   0.003511772444956424
     0.3769911184307753    -0.6283185307179586   0.001867522929844522
     0.3769911184307753    -0.5026548245743667   0.001136133712158831
     0.3769911184307753    -0.3769911184307753  0.0006198023907562562
     0.3769911184307753    -0.2513274122871838  0.0003975524990363135
     0.3769911184307753    -0.1256637061435919  0.0007171527044733763
     0.3769911184307753                      0   0.001052747871492044
     0.3769911184307753     0.1256637061435919    0.00122313424895997
     0.3769911184307753     0.2513274122871834   0.002094958204694904
     0.3769911184307753     0.3769911184307753   0.003845689319194281
     0.3769911184307753     0.5026548245743672   0.005569405740267278
     0.3769911184307753     0.6283185307179582   0.007448106890365601
     0.3769911184307753     0.7539822368615501     0.0105876681902934
     0.3769911184307753     0.8796459430051424    0.01426211975802751
     0.3769911184307753      1.005309649148734    0.01630505184314775
     0.3769911184307753      1.130973355292326    0.01617748020184517
     0.3769911184307753      1.256637061435917    0.01481480954029997
     0.3769911184307753      1.382300767579509    0.01231182149033957
     0.3769911184307753      1.507964473723101   0.008631549842847886
     0.3769911184307753      1.633628179866692   0.005258920438857215
     0.3769911184307753      1.759291886010284   0.003468714677584583
     0.3769911184307753      1.884955592153876   0.002474891263596819
     0.3769911184307753      2.010619298297467   0.001268246135300845
     0.3769911184307753       2.13628300444106  0.0003438026722668035
     0.3769911184307753      2.261946710584651  0.0002311425558347142
     0.3769911184307753      2.387610416728243  0.0004467994353369151
     0.3769911184307753      2.513274122871834  0.0006577950615762478
     0.3769911184307753      2.638937829015426  0.0009575586509190494
     0.3769911184307753      2.764601535159018   0.001118413878058491
     0.3769911184307753      2.890265241302609   0.001158035610204212
     0.3769911184307753      3.015928947446201   0.001704448335725586
     0.5026548245743672     -3.141592653589793   0.002512073554079917
     0.5026548245743672     -3.015928947446201   0.004664657394512577
     0.5026548245743672      -2.89026524130261   0.008147686981850736
     0.5026548245743672     -2.764601535159018    0.01339228701952657
     0.5026548245743672     -2.638937829015426    0.01981265069515404
     0.5026548245743672     -2.513274122871834     0.0248569031220674
     0.5026548245743672     -2.387610416728243    0.02720966087043263
     0.5026548245743672     -2.261946710584651    0.02888343400696633
     0.5026548245743672     -2.136283004441059    0.03128297276893457
     0.5026548245743672     -2.010619298297468    0.03257394182393215
     0.5026548245743672     -1.884955592153876    0.03149456403345123
     0.5026548245743672     -1.759291886010284    0.02973918238727708
     0.5026548245743672     -1.633628179866693    0.02901931502706767
     0.5026548245743672     -1.507964473723101    0.02930350351048175
     0.5026548245743672     -1.382300767579509    0.02950405083949263
     0.5026548245743672     -1.256637061435917    0.02738460029160777
     0.5026548245743672     -1.130973355292325    0.02132915421886049
     0.5026548245743672     -1.005309649148733    0.01346818511318606
     0.5026548245743672     -0.879645943005142    0.00753229362085232
     0.5026548245743672    -0.7539822368615505   0.004207191373798984
     0.5026548245743672    -0.6283185307179586   0.002147452315070877
     0.5026548245743672    -0.5026548245743667   0.001079006369196344
     0.5026548245743672    -0.3769911184307753  0.0009004583619860087
     0.5026548245743672    -0.2513274122871838  0.0008505807992927735
     0.5026548245743672    -0.1256637061435919  0.0008908302014364947
     0.5026548245743672                      0   0.001255127212178963
     0.5026548245743672     0.1256637061435919   0.001709091812926738
     0.5026548245743672     0.2513274122871834   0.002939626675115648
     0.5026548245743672     0.3769911184307753   0.005869786305029155
     0.5026548245743672     0.5026548245743672   0.009716875387109232
     0.5026548245743672     0.6283185307179582    0.01431683214113743
     0.5026548245743672     0.7539822368615501    0.02173751346406627
     0.5026548245743672     0.8796459430051424    0.03145028723634721
     0.5026548245743672      1.005309649148734    0.03805295926865991
     0.5026548245743672      1.130973355292326    0.03748468561186093
     0.5026548245743672      1.256637061435917    0.03121427008514776
     0.5026548245743672      1.382300767579509    0.02264660561830315
     0.5026548245743672      1.507964473723101    0.01408072857082725
     0.5026548245743672      1.633628179866692   0.007483244247934507
     0.5026548245743672      1.759291886010284   0.003946894513716537
     0.5026548245743672      1.884955592153876   0.002429363674351294
     0.5026548245743672      2.010619298297467   0.001386722052713082
     0.5026548245743672       2.13628300444106  0.0006524631499779339
     0.5026548245743672      2.261946710584651  0.0005875800049038626
     0.5026548245743672      2.387610416728243  0.0008948843910510013
     0.5026548245743672      2.513274122871834   0.001121842812160949
     0.5026548245743672      2.638937829015426   0.001291189253613842
     0.5026548245743672      2.764601535159018   0.001477968688849898
     0.5026548245743672      2.890265241302609   0.001509685305592476
     0.5026548245743672      3.015928947446201   0.001599720829612461
     0.6283185307179582     -3.141592653589793   0.001826132683407258
     0.6283185307179582     -3.015928947446201   0.005055909204476601
     0.6283185307179582      -2.89026524130261   0.009579125078986795
     0.6283185307179582     -2.764601535159018    0.01662135637293223
     0.6283185307179582     -2.638937829015426    0.02762841216441232
     0.6283185307179582     -2.513274122871834    0.03806971433321804
     0.6283185307179582     -2.387610416728243    0.04302230295583104
     0.6283185307179582     -2.261946710584651    0.04605272924555543
     0.6283185307179582     -2.136283004441059    0.05154990849827769
     0.6283185307179582     -2.010619298297468    0.05549902130623571
     0.6283185307179582     -1.884955592153876    0.05407672388988424
     0.6283185307179582     -1.759291886010284    0.05119011525184743
     0.6283185307179582     -1.633628179866693    0.05066200958814344
     0.6283185307179582     -1.507964473723101    0.05150020912156487
     0.6283185307179582     -1.382300767579509    0.05170638724808191
     0.6283185307179582     -1.256637061435917    0.04776128417694571
     0.6283185307179582     -1.130973355292325    0.03595141865539389
     0.6283185307179582     -1.005309649148733    0.02025514824827331
     0.6283185307179582     -0.879645943005142   0.009341513684969481
     0.6283185307179582    -0.7539822368615505   0.004533373636883302
     0.6283185307179582    -0.6283185307179586   0.001457713093896236
     0.6283185307179582    -0.5026548245743667 -0.0005816476198504932
     0.6283185307179582    -0.3769911184307753 -0.0006630270473231103
     0.6283185307179582    -0.2513274122871838 -0.0004511473232545714
     0.6283185307179582    -0.1256637061435919 -0.0004975694924001508
     0.6283185307179582                      0  0.0002086096804049128
     0.6283185307179582     0.1256637061435919   0.001121120738794952
     0.6283185307179582     0.2513274122871834   0.002714647675187288
     0.6283185307179582     0.3769911184307753   0.007317531217338741
     0.6283185307179582     0.5026548245743672    0.01474523824773743
     0.6283185307179582     0.6283185307179582    0.02453691278820919
     0.6283185307179582     0.7539822368615501    0.03975352772745505
     0.6283185307179582     0.8796459430051424    0.05922186951328277
     0.6283185307179582      1.005309649148734    0.07221303802458318
     0.6283185307179582      1.130973355292326    0.06980375240669855
     0.6283185307179582      1.256637061435917    0.05497224554141537
     0.6283185307179582      1.382300767579509    0.03652264753791954
     0.6283185307179582      1.507964473723101    0.02037841447125445
     0.6283185307179582      1.633628179866692   0.009086044742055927
     0.6283185307179582      1.759291886010284    0.00321511036019124
     0.6283185307179582      1.884955592153876   0.001254662661990063
     0.6283185307179582      2.010619298297467  0.0008659396639564762
     0.6283185307179582       2.13628300444106  0.0006973274015467014
     0.6283185307179582      2.261946710584651  0.0005401168593707456
     0.6283185307179582      2.387610416728243  0.0003016501963104229
     0.6283185307179582      2.513274122871834 -0.0002886691053900813
     0.6283185307179582      2.638937829015426 -0.0007389608229282163
     0.6283185307179582      2.764601535159018 -0.0002571357431441776
     0.6283185307179582      2.890265241302609  0.0004593406017727236
     0.6283185307179582      3.015928947446201  0.0006578550580553571
     0.7539822368615501     -3.141592653589793   0.001349807020816506
     0.7539822368615501     -3.015928947446201   0.005340996493660813
     0.7539822368615501      -2.89026524130261    0.01051646353238712
     0.7539822368615501     -2.764601535159018    0.01882776284184465
     0.7539822368615501     -2.638937829015426    0.03393126123938156
     0.7539822368615501     -2.513274122871834    0.04969537041980591
     0.7539822368615501     -2.387610416728243    0.05755636770587542
     0.7539822368615501     -2.261946710584651    0.06224533741086932
     0.7539822368615501     -2.136283004441059    0.07121570447079131
     0.7539822368615501     -2.010619298297468    0.07850829508273309
     0.7539822368615501     -1.884955592153876    0.07713247403323538
     0.7539822368615501     -1.759291886010284    0.07263023692161162
     0.7539822368615501     -1.633628179866693    0.07176088146588494
     0.7539822368615501     -1.507964473723101    0.07350396690812509
     0.7539822368615501     -1.382300767579509    0.07422229723183969
     0.7539822368615501     -1.256637061435917    0.06808008232756582
     0.7539822368615501     -1.130973355292325    0.04980558798310879
     0.7539822368615501     -1.005309649148733    0.02621957742044247
     0.7539822368615501     -0.879645943005142    0.01076611821601543
     0.7539822368615501    -0.7539822368615505   0.004823075224486995
     0.7539822368615501    -0.6283185307179586    0.00101133317372533
     0.7539822368615501    -0.5026548245743667  -0.001643933134491695
     0.7539822368615501    -0.3769911184307753  -0.001372932599578653
     0.7539822368615501    -0.2513274122871838  -0.000866840308243938
     0.7539822368615501    -0.1256637061435919  -0.001090317215652449
     0.7539822368615501                      0 -0.0001103668350625302
     0.7539822368615501     0.1256637061435919     0.0012872671227232
     0.7539822368615501     0.2513274122871834   0.003259066780262661
     0.7539822368615501     0.3769911184307753   0.009369356931700646
     0.7539822368615501     0.5026548245743672    0.02008805897096153
     0.7539822368615501     0.6283185307179582     0.0347121830211627
     0.7539822368615501     0.7539822368615501    0.05697184345636365
     0.7539822368615501     0.8796459430051424    0.08490039191016938
     0.7539822368615501      1.005309649148734      0.103209262857498
     0.7539822368615501      1.130973355292326    0.09914158884623389
     0.7539822368615501      1.256637061435917    0.07714760310696006
     0.7539822368615501      1.382300767579509    0.05035620772265912
     0.7539822368615501      1.507964473723101    0.02751637035376039
     0.7539822368615501      1.633628179866692    0.01187179606157087
     0.7539822368615501      1.759291886010284   0.003803992205739253
     0.7539822368615501      1.884955592153876   0.001267342341753769
     0.7539822368615501      2.010619298297467   0.001060883610885482
     0.7539822368615501       2.13628300444106   0.001012188552005596
     0.7539822368615501      2.261946710584651  0.0007296322516368581
     0.7539822368615501      2.387610416728243  0.0002657030748100513
     0.7539822368615501      2.513274122871834 -0.0007731689156632955
     0.7539822368615501      2.638937829015426  -0.001642721849576533
     0.7539822368615501      2.764601535159018 -0.0009156468036201036
     0.7539822368615501      2.890265241302609  0.0002377319016819328
     0.7539822368615501      3.015928947446201   0.000232711188576735
     0.8796459430051424     -3.141592653589793   0.001320516461257857
     0.8796459430051424     -3.015928947446201   0.005425782516414731
     0.8796459430051424      -2.89026524130261    0.01056030170177283
     0.8796459430051424     -2.764601535159018    0.01850668726790618
     0.8796459430051424     -2.638937829015426    0.03429617039278358
     0.8796459430051424     -2.513274122871834    0.05177285077356331
     0.8796459430051424     -2.387610416728243    0.06051383158980468
     0.8796459430051424     -2.261946710584651    0.06532044198946226
     0.8796459430051424     -2.136283004441059    0.07553417155379635
     0.8796459430051424     -2.010619298297468    0.08477055710218413
     0.8796459430051424     -1.884955592153876    0.08381151002436044
     0.8796459430051424     -1.759291886010284    0.07818401764641067
     0.8796459430051424     -1.633628179866693    0.07653576512018562
     0.8796459430051424     -1.507964473723101    0.07852088443697948
     0.8796459430051424     -1.382300767579509    0.07955403678595321
     0.8796459430051424     -1.256637061435917    0.07267818853392494
     0.8796459430051424     -1.130973355292325     0.0524770197042964
     0.8796459430051424     -1.005309649148733    0.02704906613363183
     0.8796459430051424     -0.879645943005142     0.0110726213174064
     0.8796459430051424    -0.7539822368615505   0.005379300761821143
     0.8796459430051424    -0.6283185307179586   0.001578038457440157
     0.8796459430051424    -0.5026548245743667  -0.001008785537691204
     0.8796459430051424    -0.3769911184307753 -0.0002791611962873735
     0.8796459430051424    -0.2513274122871838   0.000434277256300214
     0.8796459430051424    -0.1256637061435919  1.324317168729244e-05
     0.8796459430051424                      0   0.001027190351993405
     0.8796459430051424     0.1256637061435919   0.002835049946735018
     0.8796459430051424     0.2513274122871834   0.005464616360762274
     0.8796459430051424     0.3769911184307753    0.01269853869900646
     0.8796459430051424     0.5026548245743672     0.0249767958011218
     0.8796459430051424     0.6283185307179582    0.04147115790611949
     0.8796459430051424     0.7539822368615501     0.0662577093309237
     0.8796459430051424     0.8796459430051424    0.09713508915459765
     0.8796459430051424      1.005309649148734     0.1174775542697997
     0.8796459430051424      1.130973355292326     0.1136521445907652
     0.8796459430051424      1.256637061435917    0.09031870459614677
     0.8796459430051424      1.382300767579509    0.06092870120752819
     0.8796459430051424      1.507964473723101    0.03476144492694669
     0.8796459430051424      1.633628179866692    0.01625793869224913
     0.8796459430051424      1.759291886010284   0.006585316910520783
     0.8796459430051424      1.884955592153876   0.003261759466505641
     0.8796459430051424      2.010619298297467    0.00237429752553006
     0.8796459430051424       2.13628300444106    0.00173800934524331
     0.8796459430051424      2.261946710584651   0.001374836181315495
     0.8796459430051424      2.387610416728243   0.001355942456448599
     0.8796459430051424      2.513274122871834  0.0007324063395566984
     0.8796459430051424      2.638937829015426 -7.976540189170295e-05
     0.8796459430051424      2.764601535159018  0.0005682692590753477
     0.8796459430051424      2.890265241302609   0.001445318637072464
     0.8796459430051424      3.015928947446201  0.0007356500357310032
      1.005309649148734     -3.141592653589793   0.001425435888013324
      1.005309649148734     -3.015928947446201   0.005443046394434692
      1.005309649148734      -2.89026524130261    0.01037669145084878
      1.005309649148734     -2.764601535159018    0.01734381238190858
      1.005309649148734     -2.638937829015426    0.03149056482132889
      1.005309649148734     -2.513274122871834     0.0475183640120305
      1.005309649148734     -2.387610416728243    0.05521588979738824
      1.005309649148734     -2.261946710584651     0.0588631148715917
      1.005309649148734     -2.136283004441059    0.06785471987783816
      1.005309649148734     -2.010619298297468    0.07644521196135384
      1.005309649148734     -1.884955592153876    0.07547229275075291
      1.005309649148734     -1.759291886010284    0.06988014804420573
      1.005309649148734     -1.633628179866693     0.0678960551551277
      1.005309649148734     -1.507964473723101    0.06921018954236816
      1.005309649148734     -1.382300767579509    0.06988891101907937
      1.005309649148734     -1.256637061435917    0.06411852817189768
      1.005309649148734     -1.130973355292325    0.04680005389794587
      1.005309649148734     -1.005309649148733    0.02463838201326061
      1.005309649148734     -0.879645943005142     0.0107106294533234
      1.005309649148734    -0.7539822368615505   0.005788490222766968
      1.005309649148734    -0.6283185307179586   0.002298198400807168
      1.005309649148734    -0.5026548245743667 -0.0001163695830204755
      1.005309649148734    -0.3769911184307753   0.000644647493778858
      1.005309649148734    -0.2513274122871838   0.001403463089138964
      1.005309649148734    -0.1256637061435919   0.001032534323851637
      1.005309649148734                      0   0.002020947484321387
      1.005309649148734     0.1256637061435919   0.004054723227495971
      1.005309649148734     0.2513274122871834   0.007372229018345296
      1.005309649148734     0.3769911184307753     0.0152105908294446
      1.005309649148734     0.5026548245743672    0.02742744693901063
      1.005309649148734     0.6283185307179582     0.0432417230934485
      1.005309649148734     0.7539822368615501     0.0668362705991237
      1.005309649148734     0.8796459430051424    0.09618322048362035
      1.005309649148734      1.005309649148734     0.1158198570277466
      1.005309649148734      1.130973355292326     0.1134080971277142
      1.005309649148734      1.256637061435917    0.09282121816723354
      1.005309649148734      1.382300767579509    0.06514290300109538
      1.005309649148734      1.507964473723101    0.03871824337043957
      1.005309649148734      1.633628179866692    0.01920852475958337
      1.005309649148734      1.759291886010284   0.008868059914198655
      1.005309649148734      1.884955592153876   0.005019604506322536
      1.005309649148734      2.010619298297467   0.003436372297018741
      1.005309649148734       2.13628300444106   0.002248365123461159
      1.005309649148734      2.261946710584651   0.001840195067679373
      1.005309649148734      2.387610416728243   0.002213759368939098
      1.005309649148734      2.513274122871834   0.002035663087865149
      1.005309649148734      2.638937829015426   0.001351186401978063
      1.005309649148734      2.764601535159018   0.001768111193929858
      1.005309649148734      2.890265241302609    0.00226559070952746
      1.005309649148734      3.015928947446201   0.001154034576142125
      1.130973355292326     -3.141592653589793   0.001696743735454731
      1.130973355292326     -3.015928947446201   0.005406444195791388
      1.130973355292326      -2.89026524130261    0.01006183273534886
      1.130973355292326     -2.764601535159018    0.01640374823951724
      1.130973355292326     -2.638937829015426    0.02861777532454855
      1.130973355292326     -2.513274122871834    0.04222936374929843
      1.130973355292326     -2.387610416728243    0.04867382975536728
      1.130973355292326     -2.261946710584651    0.05158779770796956
      1.130973355292326     -2.136283004441059    0.05891406148354492
      1.130973355292326     -2.010619298297468    0.06584260913127381
      1.130973355292326     -1.884955592153876    0.06471497265534103
      1.130973355292326     -1.759291886010284    0.05974791066043453
      1.130973355292326     -1.633628179866693    0.05783222635678363
      1.130973355292326     -1.507964473723101    0.05868813550770795
      1.130973355292326     -1.382300767579509    0.05917407148762392
      1.130973355292326     -1.256637061435917    0.05456656774016953
      1.130973355292326     -1.130973355292325    0.04041029714695346
      1.130973355292326     -1.005309649148733    0.02197032663921487
      1.130973355292326     -0.879645943005142     0.0101082797948513
      1.130973355292326    -0.7539822368615505   0.005680527773267236
      1.130973355292326    -0.6283185307179586   0.002537026311391895
      1.130973355292326    -0.5026548245743667   0.000380084812324588
      1.130973355292326    -0.3769911184307753  0.0009284380356513961
      1.130973355292326    -0.2513274122871838   0.001570704772135826
      1.130973355292326    -0.1256637061435919   0.001352804908803362
      1.130973355292326                      0   0.002261670702902869
      1.130973355292326     0.1256637061435919   0.004147257287006478
      1.130973355292326     0.2513274122871834   0.007454971982252874
      1.130973355292326     0.3769911184307753     0.0147478579971147
      1.130973355292326     0.5026548245743672    0.02551213621060464
      1.130973355292326     0.6283185307179582    0.03914817635910756
      1.130973355292326     0.7539822368615501    0.05945991146756736
      1.130973355292326     0.8796459430051424    0.08462932549448163
      1.130973355292326      1.005309649148734     0.1015330453476391
      1.130973355292326      1.130973355292326     0.1000653516357869
      1.130973355292326      1.256637061435917    0.08333848012516858
      1.130973355292326      1.382300767579509    0.05983770900953839
      1.130973355292326      1.507964473723101    0.03635716554968296
      1.130973355292326      1.633628179866692    0.01857671641989143
      1.130973355292326      1.759291886010284   0.009109558241804863
      1.130973355292326      1.884955592153876   0.005426281058287037
      1.130973355292326      2.010619298297467   0.003590814241911322
      1.130973355292326       2.13628300444106   0.002198026664969249
      1.130973355292326      2.261946710584651   0.001800005763339026
      1.130973355292326      2.387610416728243   0.002288238015805221
      1.130973355292326      2.513274122871834   0.002311844751641185
      1.130973355292326      2.638937829015426   0.001789724415741658
      1.130973355292326      2.764601535159018   0.002074637080181001
      1.130973355292326      2.890265241302609   0.002379405439158973
      1.130973355292326      3.015928947446201    0.00137806934965833
      1.256637061435917     -3.141592653589793   0.002128081146608764
      1.256637061435917     -3.015928947446201   0.005142105904833552
      1.256637061435917      -2.89026524130261    0.00922024814468117
      1.256637061435917     -2.764601535159018    0.01519018505173557
      1.256637061435917     -2.638937829015426    0.02557379229704243
      1.256637061435917     -2.513274122871834    0.03661544526256037
      1.256637061435917     -2.387610416728243    0.04232796376093664
      1.256637061435917     -2.261946710584651    0.04551138544760536
      1.256637061435917     -2.136283004441059    0.05157392418118163
      1.256637061435917     -2.010619298297468    0.05680379536959306
      1.256637061435917     -1.884955592153876    0.05567959241210891
      1.256637061435917     -1.759291886010284    0.05140904491943615
      1.256637061435917     -1.633628179866693    0.04965524695046859
      1.256637061435917     -1.507964473723101    0.05082123926091627
      1.256637061435917     -1.382300767579509    0.05181984616623198
      1.256637061435917     -1.256637061435917    0.04772779243166377
      1.256637061435917     -1.130973355292325    0.03523890953388347
      1.256637061435917     -1.005309649148733    0.01944408933171874
      1.256637061435917     -0.879645943005142   0.009099607096725616
      1.256637061435917    -0.7539822368615505   0.004895612725767588
      1.256637061435917    -0.6283185307179586   0.002217183368081494
      1.256637061435917    -0.5026548245743667  0.0005569465708934714
      1.256637061435917    -0.3769911184307753  0.0008675627691913167
      1.256637061435917    -0.2513274122871838   0.001292785601022019
      1.256637061435917    -0.1256637061435919   0.001235249468804107
      1.256637061435917                      0   0.001983900905287511
      1.256637061435917     0.1256637061435919   0.003363043728600309
      1.256637061435917     0.2513274122871834   0.005824762471861931
      1.256637061435917     0.3769911184307753    0.01123838276546264
      1.256637061435917     0.5026548245743672     0.0192333740371593
      1.256637061435917     0.6283185307179582    0.02955898577434377
      1.256637061435917     0.7539822368615501    0.04491883330519712
      1.256637061435917     0.8796459430051424    0.06352000436877578
      1.256637061435917      1.005309649148734    0.07562609649310158
      1.256637061435917      1.130973355292326    0.07430827548144338
      1.256637061435917      1.256637061435917      0.062168756583468
      1.256637061435917      1.382300767579509    0.04512819504693782
      1.256637061435917      1.507964473723101    0.02784285056442897
      1.256637061435917      1.633628179866692    0.01466362317900035
      1.256637061435917      1.759291886010284    0.00771987335337993
      1.256637061435917      1.884955592153876   0.004898794078916966
      1.256637061435917      2.010619298297467   0.003119942021871849
      1.256637061435917       2.13628300444106   0.001700827728740579
      1.256637061435917      2.261946710584651   0.001343244709106028
      1.256637061435917      2.387610416728243    0.00178372594307485
      1.256637061435917      2.513274122871834   0.001868791209125735
      1.256637061435917      2.638937829015426   0.001589791641254021
      1.256637061435917      2.764601535159018   0.001871478724350208
      1.256637061435917      2.890265241302609    0.00212794454145862
      1.256637061435917      3.015928947446201   0.001586538279843353
      1.382300767579509     -3.141592653589793   0.002067345301810949
      1.382300767579509     -3.015928947446201   0.004329485772310356
      1.382300767579509      -2.89026524130261   0.007610401050898313
      1.382300767579509     -2.764601535159018     0.0130096301151109
      1.382300767579509     -2.638937829015426    0.02151790660626443
      1.382300767579509     -2.513274122871834    0.03005821897549346
      1.382300767579509     -2.387610416728243    0.03516659926779836
      1.382300767579509     -2.261946710584651    0.03874304088195742
      1.382300767579509     -2.136283004441059    0.04343767328554194
      1.382300767579509     -2.010619298297468    0.04657439712771407
      1.382300767579509     -1.884955592153876    0.04520546557647857
      1.382300767579509     -1.759291886010284    0.04187534134667546
      1.382300767579509     -1.633628179866693    0.04064860509449323
      1.382300767579509     -1.507964473723101    0.04216516020504622
      1.382300767579509     -1.382300767579509    0.04365161087598182
      1.382300767579509     -1.256637061435917    0.04035040955509473
      1.382300767579509     -1.130973355292325    0.02979389187697347
      1.382300767579509     -1.005309649148733    0.01649538795222987
      1.382300767579509     -0.879645943005142    0.00737115198867621
      1.382300767579509    -0.7539822368615505   0.003348901828707525
      1.382300767579509    -0.6283185307179586   0.001186300964867543
      1.382300767579509    -0.5026548245743667 -0.0001250255142199548
      1.382300767579509    -0.3769911184307753 -0.0002385153161696062
      1.382300767579509    -0.2513274122871838 -6.885332111132743e-06
      1.382300767579509    -0.1256637061435919   0.000231672903605022
      1.382300767579509                      0  0.0008903669274729217
      1.382300767579509     0.1256637061435919   0.001731420469042159
      1.382300767579509     0.2513274122871834   0.003151228317270953
      1.382300767579509     0.3769911184307753   0.006334826220102866
      1.382300767579509     0.5026548245743672    0.01131273202704613
      1.382300767579509     0.6283185307179582    0.01829118742049782
      1.382300767579509     0.7539822368615501    0.02855382206371677
      1.382300767579509     0.8796459430051424    0.04013225399305103
      1.382300767579509      1.005309649148734    0.04694702953137957
      1.382300767579509      1.130973355292326    0.04548577308576051
      1.382300767579509      1.256637061435917    0.03781157353382123
      1.382300767579509      1.382300767579509    0.02737464281621136
      1.382300767579509      1.507964473723101    0.01683268806989668
      1.382300767579509      1.633628179866692   0.008948571939862393
      1.382300767579509      1.759291886010284    0.00500868621319131
      1.382300767579509      1.884955592153876   0.003391894060472927
      1.382300767579509      2.010619298297467   0.002073607565668982
      1.382300767579509       2.13628300444106  0.0009379122255323232
      1.382300767579509      2.261946710584651   0.000581248562226894
      1.382300767579509      2.387610416728243  0.0006212140416462623
      1.382300767579509      2.513274122871834   0.000341943036017615
      1.382300767579509      2.638937829015426  5.111487872302544e-05
      1.382300767579509      2.764601535159018  0.0003869784048763382
      1.382300767579509      2.890265241302609  0.0008960391133385423
      1.382300767579509      3.015928947446201   0.001137025308146226
      1.507964473723101     -3.141592653589793   0.001384119145470968
      1.507964473723101     -3.015928947446201   0.002914989683030645
      1.507964473723101      -2.89026524130261   0.005171489549242942
      1.507964473723101     -2.764601535159018    0.00934703016651901
      1.507964473723101     -2.638937829015426    0.01584204395530376
      1.507964473723101     -2.513274122871834    0.02229944232912948
      1.507964473723101     -2.387610416728243     0.0266337456217032
      1.507964473723101     -2.261946710584651    0.02999310108954616
      1.507964473723101     -2.136283004441059    0.03346946494105807
      1.507964473723101     -2.010619298297468    0.03518777886959622
      1.507964473723101     -1.884955592153876    0.03379733896521924
      1.507964473723101     -1.759291886010284    0.03137006416516428
      1.507964473723101     -1.633628179866693    0.03071381717889832
      1.507964473723101     -1.507964473723101    0.03233315295149271
      1.507964473723101     -1.382300767579509    0.03395066811863586
      1.507964473723101     -1.256637061435917     0.0315553141094775
      1.507964473723101     -1.130973355292325    0.02323603727465477
      1.507964473723101     -1.005309649148733    0.01258194436426957
      1.507964473723101     -0.879645943005142   0.005027568992426937
      1.507964473723101    -0.7539822368615505   0.001666596494335116
      1.507964473723101    -0.6283185307179586  0.0001027094505350848
      1.507964473723101    -0.5026548245743667 -0.0009395288241154089
      1.507964473723101    -0.3769911184307753  -0.001293741098270688
      1.507964473723101    -0.2513274122871838  -0.001131705079550289
      1.507964473723101    -0.1256637061435919 -0.0007230480778409615
      1.507964473723101                      0 -0.0001589178330220059
      1.507964473723101     0.1256637061435919  0.0003320874647301108
      1.507964473723101     0.2513274122871834  0.0009692461392071978
      1.507964473723101     0.3769911184307753   0.002465684027771551
      1.507964473723101     0.5026548245743672   0.005272032604311371
      1.507964473723101     0.6283185307179582   0.009870740389225339
      1.507964473723101     0.7539822368615501    0.01646620589217816
      1.507964473723101     0.8796459430051424    0.02310602304879891
      1.507964473723101      1.005309649148734    0.02636227153376684
      1.507964473723101      1.130973355292326     0.0248769831963495
      1.507964473723101      1.256637061435917    0.02013138398732992
      1.507964473723101      1.382300767579509     0.0140649076475559
      1.507964473723101      1.507964473723101   0.008235547124517769
      1.507964473723101      1.633628179866692   0.004203669653914236
      1.507964473723101      1.759291886010284   0.002454840661429741
      1.507964473723101      1.884955592153876   0.001804416012529063
      1.507964473723101      2.010619298297467   0.001078657949457513
      1.507964473723101       2.13628300444106  0.0003630971730591043
      1.507964473723101      2.261946710584651   2.03357072995275e-05
      1.507964473723101      2.387610416728243 -0.0003082178142701352
      1.507964473723101      2.513274122871834 -0.0009552521089002943
      1.507964473723101      2.638937829015426  -0.001384913310106867
      1.507964473723101      2.764601535159018  -0.001047906536021114
      1.507964473723101      2.890265241302609 -0.0003233622809546213
      1.507964473723101      3.015928947446201  0.0003767154125013977
      1.633628179866692     -3.141592653589793  0.0008622650970272002
      1.633628179866692     -3.015928947446201   0.001493548427175009
      1.633628179866692      -2.89026524130261   0.002579858417110529
      1.633628179866692     -2.764601535159018   0.005085778438264214
      1.633628179866692     -2.638937829015426   0.009410557124789198
      1.633628179866692     -2.513274122871834    0.01406601443439172
      1.633628179866692     -2.387610416728243    0.01748181982083498
      1.633628179866692     -2.261946710584651    0.02012922062787393
      1.633628179866692     -2.136283004441059    0.02290191972092833
      1.633628179866692     -2.010619298297468    0.02475746367544808
      1.633628179866692     -1.884955592153876    0.02418587070445782
      1.633628179866692     -1.759291886010284     0.0221228408144331
      1.633628179866692     -1.633628179866693     0.0214331784374122
      1.633628179866692     -1.507964473723101    0.02333678406468363
      1.633628179866692     -1.382300767579509     0.0252418000217462
      1.633628179866692     -1.256637061435917    0.02308149360281119
      1.633628179866692     -1.130973355292325    0.01610145354150357
      1.633628179866692     -1.005309649148733   0.008059030355373741
      1.633628179866692     -0.879645943005142   0.002861780383206839
      1.633628179866692    -0.7539822368615505  0.0007665036048856303
      1.633628179866692    -0.6283185307179586 -5.593525262965657e-05
      1.633628179866692    -0.5026548245743667 -0.0004869303202186072
      1.633628179866692    -0.3769911184307753 -0.0005043396247180389
      1.633628179866692    -0.2513274122871838 -0.0003235483247678362
      1.633628179866692    -0.1256637061435919 -0.0001377429069754131
      1.633628179866692                      0  0.0001352302772596202
      1.633628179866692     0.1256637061435919  0.0003812648923007276
      1.633628179866692     0.2513274122871834  0.0004396681277774706
      1.633628179866692     0.3769911184307753  0.0006979108181856659
      1.633628179866692     0.5026548245743672    0.00194904183538311
      1.633628179866692     0.6283185307179582   0.004701707583658007
      1.633628179866692     0.7539822368615501   0.008558297318413826
      1.633628179866692     0.8796459430051424    0.01204091784741855
      1.633628179866692      1.005309649148734    0.01346790376839175
      1.633628179866692      1.130973355292326     0.0123394752043832
      1.633628179866692      1.256637061435917   0.009537386143915489
      1.633628179866692      1.382300767579509   0.006316346964124256
      1.633628179866692      1.507964473723101   0.003661350301230857
      1.633628179866692      1.633628179866692   0.002190688364460936
      1.633628179866692      1.759291886010284   0.001795002507280763
      1.633628179866692      1.884955592153876   0.001604380016568737
      1.633628179866692      2.010619298297467   0.000997147966926274
      1.633628179866692       2.13628300444106   0.000322595593680515
      1.633628179866692      2.261946710584651  8.719273155511256e-05
      1.633628179866692      2.387610416728243   3.13782650554995e-05
      1.633628179866692      2.513274122871834 -0.0002552864816495591
      1.633628179866692      2.638937829015426 -0.0004853969857562502
      1.633628179866692      2.764601535159018 -0.0002781724217134345
      1.633628179866692      2.890265241302609   0.000118496181449763
      1.633628179866692      3.015928947446201  0.0004392931793683378
      1.759291886010284     -3.141592653589793  0.0007372245882227573
      1.759291886010284     -3.015928947446201  0.0007157534361728275
      1.759291886010284      -2.89026524130261   0.001058232007839559
      1.759291886010284     -2.764601535159018   0.002399493851160951
      1.759291886010284     -2.638937829015426   0.004940627769836269
      1.759291886010284     -2.513274122871834   0.007916316772269859
      1.759291886010284     -2.387610416728243    0.01033427188834534
      1.759291886010284     -2.261946710584651    0.01217711443402135
      1.759291886010284     -2.136283004441059    0.01420927568764471
      1.759291886010284     -2.010619298297468    0.01614762960541799
      1.759291886010284     -1.884955592153876    0.01630115317367278
      1.759291886010284     -1.759291886010284     0.0145101891627467
      1.759291886010284     -1.633628179866693    0.01366726957066722
      1.759291886010284     -1.507964473723101    0.01568163010493321
      1.759291886010284     -1.382300767579509    0.01773574463876835
      1.759291886010284     -1.256637061435917    0.01577382345982781
      1.759291886010284     -1.130973355292325    0.01012861238835256
      1.759291886010284     -1.005309649148733   0.004629549297792014
      1.759291886010284     -0.879645943005142    0.00161949872840374
      1.759291886010284    -0.7539822368615505  0.0005465149764624355
      1.759291886010284    -0.6283185307179586  0.0002625314740073609
      1.759291886010284    -0.5026548245743667  0.0003680755181105013
      1.759291886010284    -0.3769911184307753  0.0006748796588337951
      1.759291886010284    -0.2513274122871838  0.0008455749400317709
      1.759291886010284    -0.1256637061435919  0.0007963847812690364
      1.759291886010284                      0  0.0007937268827875662
      1.759291886010284     0.1256637061435919  0.0008500066427466843
      1.759291886010284     0.2513274122871834  0.0005716099143463967
      1.759291886010284     0.3769911184307753  4.159014624800577e-05
      1.759291886010284     0.5026548245743672  0.0001277592238507496
      1.759291886010284     0.6283185307179582   0.001306992703045766
      1.759291886010284     0.7539822368615501   0.002931431768481068
      1.759291886010284     0.8796459430051424   0.004082183744928199
      1.759291886010284      1.005309649148734   0.004365564443604206
      1.759291886010284      1.130973355292326   0.003791221076463359
      1.759291886010284      1.256637061435917   0.002688169557666046
      1.759291886010284      1.382300767579509   0.001686493475982868
      1.759291886010284      1.507964473723101   0.001276555420476477
      1.759291886010284      1.633628179866692   0.001486818506249876
      1.759291886010284      1.759291886010284   0.001918409298639861
      1.759291886010284      1.884955592153876   0.001914671991239333
      1.759291886010284      2.010619298297467    0.00120155208714155
      1.759291886010284       2.13628300444106  0.0004183194026565587
      1.759291886010284      2.261946710584651  0.0003015724386655829
      1.759291886010284      2.387610416728243  0.0006489995431972712
      1.759291886010284      2.513274122871834  0.0008775400122546515
      1.759291886010284      2.638937829015426  0.0009427763960302854
      1.759291886010284      2.764601535159018   0.001000093069332482
      1.759291886010284      2.890265241302609  0.0009655868244569524
      1.759291886010284      3.015928947446201  0.0008357167115975904
      1.884955592153876     -3.141592653589793  0.0005473347781256585
      1.884955592153876     -3.015928947446201  0.0005025805957985401
      1.884955592153876      -2.89026524130261  0.0007127703784547216
      1.884955592153876     -2.764601535159018    0.00157735778556855
      1.884955592153876     -2.638937829015426    0.00306208900513126
      1.884955592153876     -2.513274122871834   0.004744722108133807
      1.884955592153876     -2.387610416728243   0.006230617683387636
      1.884955592153876     -2.261946710584651   0.007426693220204196
      1.884955592153876     -2.136283004441059   0.008578079066862358
      1.884955592153876     -2.010619298297468    0.00960792892572708
      1.884955592153876     -1.884955592153876   0.009658339742757318
      1.884955592153876     -1.759291886010284   0.008553601706537793
      1.884955592153876     -1.633628179866693   0.008013709474768637
      1.884955592153876     -1.507964473723101   0.009306299848085394
      1.884955592153876     -1.382300767579509    0.01066175793506515
      1.884955592153876     -1.256637061435917   0.009497036064806978
      1.884955592153876     -1.130973355292325   0.006099729177703983
      1.884955592153876     -1.005309649148733   0.002844844768553602
      1.884955592153876     -0.879645943005142   0.001030963273919121
      1.884955592153876    -0.7539822368615505   0.000331755057956223
      1.884955592153876    -0.6283185307179586  0.0001741825602185025
      1.884955592153876    -0.5026548245743667   0.000268137406699288
      1.884955592153876    -0.3769911184307753   0.000423004874725506
      1.884955592153876    -0.2513274122871838  0.0005141214374338578
      1.884955592153876    -0.1256637061435919  0.0005161450530197027
      1.884955592153876                      0  0.0005124734837049782
      1.884955592153876     0.1256637061435919  0.0005214228387172461
      1.884955592153876     0.2513274122871834  0.0003174560456256031
      1.884955592153876     0.3769911184307753 -0.0001322292397333456
      1.884955592153876     0.5026548245743672 -0.0002925932499747305
      1.884955592153876     0.6283185307179582  0.0001878235605878329
      1.884955592153876     0.7539822368615501  0.0008048423175712133
      1.884955592153876     0.8796459430051424  0.0009454928849586889
      1.884955592153876      1.005309649148734  0.0006845444039812027
      1.884955592153876      1.130973355292326  0.0003854877831490685
      1.884955592153876      1.256637061435917  0.0001914207112694616
      1.884955592153876      1.382300767579509  0.0001540456406775163
      1.884955592153876      1.507964473723101  0.0003572427683088556
      1.884955592153876      1.633628179866692   0.000795428368136362
      1.884955592153876      1.759291886010284    0.00124086912915672
      1.884955592153876      1.884955592153876   0.001281810106229166
      1.884955592153876      2.010619298297467  0.0007863834530447501
      1.884955592153876       2.13628300444106  0.0002468904705037013
      1.884955592153876      2.261946710584651  0.0001664588214734291
      1.884955592153876      2.387610416728243  0.0003889648230259894
      1.884955592153876      2.513274122871834  0.0005419190870699297
      1.884955592153876      2.638937829015426  0.0006005618737618102
      1.884955592153876      2.764601535159018  0.0006315991074429749
      1.884955592153876      2.890265241302609  0.0006055586601031401
      1.884955592153876      3.015928947446201  0.0005722827015581083
      2.010619298297467     -3.141592653589793  0.0002897693097534483
      2.010619298297467     -3.015928947446201  0.0003818196992271078
      2.010619298297467      -2.89026524130261  0.0005430954710134528
      2.010619298297467     -2.764601535159018  0.0009857898595568087
      2.010619298297467     -2.638937829015426   0.001741895582982465
      2.010619298297467     -2.513274122871834   0.002604329236669618
      2.010619298297467     -2.387610416728243   0.003419331850840998
      2.010619298297467     -2.261946710584651   0.004186279492237289
      2.010619298297467     -2.136283004441059   0.004863664195741443
      2.010619298297467     -2.010619298297468    0.00525279894262624
      2.010619298297467     -1.884955592153876   0.005143347977747196
      2.010619298297467     -1.759291886010284   0.004666412964422949
      2.010619298297467     -1.633628179866693   0.004414214553586334
      2.010619298297467     -1.507964473723101   0.004782839280828925
      2.010619298297467     -1.382300767579509   0.005213759316088953
      2.010619298297467     -1.256637061435917   0.004720746408011589
      2.010619298297467     -1.130973355292325   0.003200696121074441
      2.010619298297467     -1.005309649148733   0.001549473406642501
      2.010619298297467     -0.879645943005142  0.0005135162630549785
      2.010619298297467    -0.7539822368615505  9.130592482656404e-05
      2.010619298297467    -0.6283185307179586 -2.815483780205404e-05
      2.010619298297467    -0.5026548245743667 -4.938211267363062e-05
      2.010619298297467    -0.3769911184307753 -5.576101944918876e-05
      2.010619298297467    -0.2513274122871838  -4.36744904302524e-05
      2.010619298297467    -0.1256637061435919   1.60941639284897e-05
      2.010619298297467                      0  9.090525405888096e-05
      2.010619298297467     0.1256637061435919  0.0001381740952541669
      2.010619298297467     0.2513274122871834   0.000168275033068782
      2.010619298297467     0.3769911184307753  0.0002203798045686515
      2.010619298297467     0.5026548245743672  0.0003984832274956187
      2.010619298297467     0.6283185307179582  0.0008059931153490194
      2.010619298297467     0.7539822368615501   0.001262619847057816
      2.010619298297467     0.8796459430051424   0.001365474325984463
      2.010619298297467      1.005309649148734   0.001061302694955176
      2.010619298297467      1.130973355292326  0.0007869223796825816
      2.010619298297467      1.256637061435917  0.0008139987940248635
      2.010619298297467      1.382300767579509  0.0008937850774106839
      2.010619298297467      1.507964473723101  0.0007779142618812288
      2.010619298297467      1.633628179866692  0.0006155554919342475
      2.010619298297467      1.759291886010284  0.0005745281293133139
      2.010619298297467      1.884955592153876  0.0005105838468935946
      2.010619298297467      2.010619298297467   0.000289675307192631
      2.010619298297467       2.13628300444106   6.61662070976565e-05
      2.010619298297467      2.261946710584651 -4.734025151626091e-06
      2.010619298297467      2.387610416728243 -7.288962616303375e-06
      2.010619298297467      2.513274122871834 -3.696919293547675e-05
      2.010619298297467      2.638937829015426 -3.801236427572571e-05
      2.010619298297467      2.764601535159018  2.204503268549645e-05
      2.010619298297467      2.890265241302609   9.48607647443876e-05
      2.010619298297467      3.015928947446201  0.0001812786640357564
       2.13628300444106     -3.141592653589793  0.0002041957527731401
       2.13628300444106     -3.015928947446201  0.0002284851271352491
       2.13628300444106      -2.89026524130261  0.0002784449682316616
       2.13628300444106     -2.764601535159018  0.0004360278983434924
       2.13628300444106     -2.638937829015426  0.0007026555418685074
       2.13628300444106     -2.513274122871834   0.001032343860823143
       2.13628300444106     -2.387610416728243   0.001417239130834852
       2.13628300444106     -2.261946710584651   0.001835622190622894
       2.13628300444106     -2.136283004441059   0.002216637479816673
       2.13628300444106     -2.010619298297468   0.002467581693277266
       2.13628300444106     -1.884955592153876    0.00247217714694019
       2.13628300444106     -1.759291886010284   0.002232245501489669
       2.13628300444106     -1.633628179866693   0.002044114740660151
       2.13628300444106     -1.507964473723101   0.002175891546264392
       2.13628300444106     -1.382300767579509   0.002358068185691695
       2.13628300444106     -1.256637061435917   0.002074676893863505
       2.13628300444106     -1.130973355292325   0.001330862638818582
       2.13628300444106     -1.005309649148733  0.0006183400406974738
       2.13628300444106     -0.879645943005142  0.0002251846139627727
       2.13628300444106    -0.7539822368615505  6.881480310006342e-05
       2.13628300444106    -0.6283185307179586  3.807896567911652e-05
       2.13628300444106    -0.5026548245743667  7.741157324976273e-05
       2.13628300444106    -0.3769911184307753  0.0001028260394112231
       2.13628300444106    -0.2513274122871838  9.292173858173979e-05
       2.13628300444106    -0.1256637061435919  0.0001035293741827573
       2.13628300444106                      0  0.0001345219588704622
       2.13628300444106     0.1256637061435919  0.0001533308703303666
       2.13628300444106     0.2513274122871834  0.0001843559195726562
       2.13628300444106     0.3769911184307753  0.0002482707339613999
       2.13628300444106     0.5026548245743672  0.0003392251639435385
       2.13628300444106     0.6283185307179582  0.0004710359747751753
       2.13628300444106     0.7539822368615501  0.0005708558491514025
       2.13628300444106     0.8796459430051424  0.0004581960921623842
       2.13628300444106      1.005309649148734  0.0001603727046283221
       2.13628300444106      1.130973355292326  1.962723830865041e-05
       2.13628300444106      1.256637061435917  0.0002232757096631327
       2.13628300444106      1.382300767579509  0.0005050608497920159
       2.13628300444106      1.507964473723101   0.000566210390320867
       2.13628300444106      1.633628179866692   0.000476358039471022
       2.13628300444106      1.759291886010284  0.0004142684348453127
       2.13628300444106      1.884955592153876  0.0003432254035039514
       2.13628300444106      2.010619298297467  0.0001881425417041898
       2.13628300444106       2.13628300444106  4.516792974753653e-05
       2.13628300444106      2.261946710584651  1.300355192899154e-05
       2.13628300444106      2.387610416728243  4.674812879690885e-05
       2.13628300444106      2.513274122871834  8.799450909104577e-05
       2.13628300444106      2.638937829015426  0.0001360672472843437
       2.13628300444106      2.764601535159018  0.0001683800343515708
       2.13628300444106      2.890265241302609  0.0001662860494479852
       2.13628300444106      3.015928947446201  0.0001724187167943828
      2.261946710584651     -3.141592653589793  0.0001627209846016002
      2.261946710584651     -3.015928947446201  0.0001951015887503641
      2.261946710584651      -2.89026524130261  0.0003205202159053634
      2.261946710584651     -2.764601535159018  0.0006132526458495387
      2.261946710584651     -2.638937829015426  0.0008519501462037153
      2.261946710584651     -2.513274122871834  0.0009512006182987201
      2.261946710584651     -2.387610416728243   0.001100537826241401
      2.261946710584651     -2.261946710584651   0.001279187826708132
      2.261946710584651     -2.136283004441059   0.001262936823350301
      2.261946710584651     -2.010619298297468   0.001098530551866893
      2.261946710584651     -1.884955592153876  0.0009775748268777075
      2.261946710584651     -1.759291886010284  0.0009024252948635405
      2.261946710584651     -1.633628179866693  0.0008955472466136079
      2.261946710584651     -1.507964473723101   0.001061930566946572
      2.261946710584651     -1.382300767579509   0.001252612858197373
      2.261946710584651     -1.256637061435917   0.001201936416145471
      2.261946710584651     -1.130973355292325  0.0009347721568642327
      2.261946710584651     -1.005309649148733  0.0006168245067993022
      2.261946710584651     -0.879645943005142  0.0003066450251960481
      2.261946710584651    -0.7539822368615505  8.486028022440363e-05
      2.261946710584651    -0.6283185307179586   1.75494639511931e-05
      2.261946710584651    -0.5026548245743667  -8.59077718846438e-06
      2.261946710584651    -0.3769911184307753 -7.310144920278355e-05
      2.261946710584651    -0.2513274122871838 -8.295861588609656e-05
      2.261946710584651    -0.1256637061435919 -3.010850600707389e-05
      2.261946710584651                      0 -1.850327164332061e-05
      2.261946710584651     0.1256637061435919 -4.673167411258225e-05
      2.261946710584651     0.2513274122871834 -0.0001001290827237295
      2.261946710584651     0.3769911184307753 -0.0002427027678412844
      2.261946710584651     0.5026548245743672 -0.0004225971061452516
      2.261946710584651     0.6283185307179582 -0.0005391403494880757
      2.261946710584651     0.7539822368615501 -0.0007007532157274536
      2.261946710584651     0.8796459430051424  -0.001016382424673728
      2.261946710584651      1.005309649148734  -0.001295548545682005
      2.261946710584651      1.130973355292326  -0.001302339818593681
      2.261946710584651      1.256637061435917  -0.001071333044182491
      2.261946710584651      1.382300767579509 -0.0007629498440595027
      2.261946710584651      1.507964473723101 -0.0004522104494730611
      2.261946710584651      1.633628179866692 -0.0001657712661394067
      2.261946710584651      1.759291886010284  3.924250682479363e-05
      2.261946710584651      1.884955592153876  0.0001021853359059478
      2.261946710584651      2.010619298297467  4.535154849823843e-05
      2.261946710584651       2.13628300444106 -1.955380002749361e-05
      2.261946710584651      2.261946710584651 -3.415254396561838e-05
      2.261946710584651      2.387610416728243  -4.67792590126349e-05
      2.261946710584651      2.513274122871834 -7.334803666965436e-05
      2.261946710584651      2.638937829015426 -7.781401415859183e-05
      2.261946710584651      2.764601535159018 -6.957644907758527e-05
      2.261946710584651      2.890265241302609 -3.676039957203184e-05
      2.261946710584651      3.015928947446201  6.527080997158847e-05
      2.387610416728243     -3.141592653589793  9.178794969219491e-05
      2.387610416728243     -3.015928947446201  0.0001763775217564383
      2.387610416728243      -2.89026524130261    0.00029257764890463
      2.387610416728243     -2.764601535159018  0.0007298792924649821
      2.387610416728243     -2.638937829015426   0.001511964328558463
      2.387610416728243     -2.513274122871834   0.002380146647972202
      2.387610416728243     -2.387610416728243   0.003195024263867705
      2.387610416728243     -2.261946710584651   0.003952971031511767
      2.387610416728243     -2.136283004441059   0.004504108618605325
      2.387610416728243     -2.010619298297468   0.004645444160805378
      2.387610416728243     -1.884955592153876   0.004404355210950055
      2.387610416728243     -1.759291886010284   0.004062462118025988
      2.387610416728243     -1.633628179866693   0.004006259938083713
      2.387610416728243     -1.507964473723101   0.004406659753539202
      2.387610416728243     -1.382300767579509   0.004829259340476565
      2.387610416728243     -1.256637061435917   0.004484443300994944
      2.387610416728243     -1.130973355292325   0.003141379670699413
      2.387610416728243     -1.005309649148733   0.001470589702240434
      2.387610416728243     -0.879645943005142   0.000295621891683445
      2.387610416728243    -0.7539822368615505 -0.0001813490158822903
      2.387610416728243    -0.6283185307179586 -0.0003055705949902671
      2.387610416728243    -0.5026548245743667 -0.0004106964026643244
      2.387610416728243    -0.3769911184307753 -0.0005128471518191623
      2.387610416728243    -0.2513274122871838 -0.0004915572283465869
      2.387610416728243    -0.1256637061435919  -0.000370933484500592
      2.387610416728243                      0 -0.0002736821940726458
      2.387610416728243     0.1256637061435919 -0.0002519266907494234
      2.387610416728243     0.2513274122871834 -0.0003235223063423556
      2.387610416728243     0.3769911184307753 -0.0004540631383577544
      2.387610416728243     0.5026548245743672 -0.0004198215091812981
      2.387610416728243     0.6283185307179582 -5.613547895249075e-05
      2.387610416728243     0.7539822368615501  0.0003395644756074007
      2.387610416728243     0.8796459430051424   0.000309788018372714
      2.387610416728243      1.005309649148734 -0.0001075409151612007
      2.387610416728243      1.130973355292326 -0.0004774523431044294
      2.387610416728243      1.256637061435917   -0.00058576799667728
      2.387610416728243      1.382300767579509 -0.0005432160661357477
      2.387610416728243      1.507964473723101  -0.000440032294264408
      2.387610416728243      1.633628179866692 -0.0002613927575821531
      2.387610416728243      1.759291886010284 -5.832928528506825e-05
      2.387610416728243      1.884955592153876  4.544779024037384e-05
      2.387610416728243      2.010619298297467  1.660437942874626e-05
      2.387610416728243       2.13628300444106 -5.724162537823952e-05
      2.387610416728243      2.261946710584651 -0.0001367048757873651
      2.387610416728243      2.387610416728243 -0.0002911406420475962
      2.387610416728243      2.513274122871834 -0.0005080206021360495
      2.387610416728243      2.638937829015426 -0.0006236667160062999
      2.387610416728243      2.764601535159018 -0.0005451256483282796
      2.387610416728243      2.890265241302609 -0.0003426947083054207
      2.387610416728243      3.015928947446201 -0.0001037015988634761
      2.513274122871834     -3.141592653589793  3.762199382045383e-05
      2.513274122871834     -3.015928947446201 -0.0002472467922929546
      2.513274122871834      -2.89026524130261 -0.0005781361651553962
      2.513274122871834     -2.764601535159018  0.0001412412445842672
      2.513274122871834     -2.638937829015426   0.002909392801554694
      2.513274122871834     -2.513274122871834   0.006918998718338554
      2.513274122871834     -2.387610416728243    0.01048440813658966
      2.513274122871834     -2.261946710584651    0.01341606503457228
      2.513274122871834     -2.136283004441059    0.01659424529256087
      2.513274122871834     -2.010619298297468    0.01932167150671507
      2.513274122871834     -1.884955592153876     0.0195409284477657
      2.513274122871834     -1.759291886010284    0.01750192642699153
      2.513274122871834     -1.633628179866693    0.01670919273739875
      2.513274122871834     -1.507964473723101    0.01917428261067411
      2.513274122871834     -1.382300767579509    0.02160691060807279
      2.513274122871834     -1.256637061435917     0.0191269105003778
      2.513274122871834     -1.130973355292325    0.01172617359446277
      2.513274122871834     -1.005309649148733   0.004187780388051969
      2.513274122871834     -0.879645943005142  0.0001634773812325056
      2.513274122871834    -0.7539822368615505 -0.0008597952901733415
      2.513274122871834    -0.6283185307179586 -0.0009227692990276243
      2.513274122871834    -0.5026548245743667 -0.0007989538711893334
      2.513274122871834    -0.3769911184307753 -0.0004719343316456821
      2.513274122871834    -0.2513274122871838 -0.0002315073537965031
      2.513274122871834    -0.1256637061435919 -0.0002122254355358215
      2.513274122871834                      0 -0.0001002471813434064
      2.513274122871834     0.1256637061435919 -3.531329108125635e-05
      2.513274122871834     0.2513274122871834  -0.000649915582035419
      2.513274122871834     0.3769911184307753  -0.001623815046157027
      2.513274122871834     0.5026548245743672  -0.001529074179646239
      2.513274122871834     0.6283185307179582  0.0001613797711482157
      2.513274122871834     0.7539822368615501    0.00213252650257632
      2.513274122871834     0.8796459430051424   0.002867614313217893
      2.513274122871834      1.005309649148734    0.00212429907509021
      2.513274122871834      1.130973355292326  0.0005603583078120373
      2.513274122871834      1.256637061435917 -0.0009761125574548402
      2.513274122871834      1.382300767579509  -0.001702455281234303
      2.513274122871834      1.507964473723101  -0.001337263447203174
      2.513274122871834      1.633628179866692 -0.0003255035688632436
      2.513274122871834      1.759291886010284  0.0006230794410000779
      2.513274122871834      1.884955592153876  0.0009921116850050112
      2.513274122871834      2.010619298297467   0.000680898138303326
      2.513274122871834       2.13628300444106  0.0001515969645139579
      2.513274122871834      2.261946710584651 -6.999233146475872e-05
      2.513274122871834      2.387610416728243 -0.0001267698556346175
      2.513274122871834      2.513274122871834 -0.0003836122476024026
      2.513274122871834      2.638937829015426 -0.0005838587886613461
      2.513274122871834      2.764601535159018  -0.000363320965238666
      2.513274122871834      2.890265241302609 -8.038983918900138e-06
      2.513274122871834      3.015928947446201  0.0001119532939807923
      2.638937829015426     -3.141592653589793 -5.890105989185242e-05
      2.638937829015426     -3.015928947446201  -0.001088484509523637
      2.638937829015426      -2.89026524130261  -0.002007511169898949
      2.638937829015426     -2.764601535159018 -0.0002913861184615021
      2.638937829015426     -2.638937829015426   0.006250829294617738
      2.638937829015426     -2.513274122871834    0.01559353493656307
      2.638937829015426     -2.387610416728243    0.02353861541909551
      2.638937829015426     -2.261946710584651    0.02965864341716591
      2.638937829015426     -2.136283004441059    0.03676613876666506
      2.638937829015426     -2.010619298297468    0.04368766669859125
      2.638937829015426     -1.884955592153876    0.04475533683174655
      2.638937829015426     -1.759291886010284    0.03986296348964286
      2.638937829015426     -1.633628179866693    0.03806719483997611
      2.638937829015426     -1.507964473723101    0.04473012529956446
      2.638937829015426     -1.382300767579509    0.05111419479809326
      2.638937829015426     -1.256637061435917    0.04492988274098974
      2.638937829015426     -1.130973355292325    0.02697421387485023
      2.638937829015426     -1.005309649148733   0.009383949554565674
      2.638937829015426     -0.879645943005142  0.0004267182644272626
      2.638937829015426    -0.7539822368615505  -0.001695233622405362
      2.638937829015426    -0.6283185307179586  -0.001753063922433937
      2.638937829015426    -0.5026548245743667  -0.001261759859281494
      2.638937829015426    -0.3769911184307753 -0.0001691322492622558
      2.638937829015426    -0.2513274122871838  0.0005007977960810282
      2.638937829015426    -0.1256637061435919  0.0002734942132751502
      2.638937829015426                      0  0.0002393271307485908
      2.638937829015426     0.1256637061435919  0.0002083589615121681
      2.638937829015426     0.2513274122871834  -0.001758760076279616
      2.638937829015426     0.3769911184307753   -0.00496962581893351
      2.638937829015426     0.5026548245743672  -0.005503445083507414
      2.638937829015426     0.6283185307179582  -0.001975044865007717
      2.638937829015426     0.7539822368615501   0.002478722945527962
      2.638937829015426     0.8796459430051424    0.00482967714697637
      2.638937829015426      1.005309649148734   0.004354276961931124
      2.638937829015426      1.130973355292326   0.001001726249365426
      2.638937829015426      1.256637061435917  -0.003861885186451041
      2.638937829015426      1.382300767579509  -0.006707306471400356
      2.638937829015426      1.507964473723101  -0.005458171402212234
      2.638937829015426      1.633628179866692  -0.001881830771865888
      2.638937829015426      1.759291886010284   0.001173461064991004
      2.638937829015426      1.884955592153876   0.002357998278385671
      2.638937829015426      2.010619298297467   0.001714775437162688
      2.638937829015426       2.13628300444106  0.0004871469181976808
      2.638937829015426      2.261946710584651  0.0001222018592232876
      2.638937829015426      2.387610416728243  0.0003630468816150824
      2.638937829015426      2.513274122871834  0.0001173552745247865
      2.638937829015426      2.638937829015426 -0.0002428138268354339
      2.638937829015426      2.764601535159018  0.0001303727286845242
      2.638937829015426      2.890265241302609  0.0006628813592734226
      2.638937829015426      3.015928947446201  0.0005534084782884152
      2.764601535159018     -3.141592653589793  9.316139143852615e-05
      2.764601535159018     -3.015928947446201  -0.001357411975505363
      2.764601535159018      -2.89026524130261  -0.002440396240628167
      2.764601535159018     -2.764601535159018  0.0004081276904812393
      2.764601535159018     -2.638937829015426   0.009991642586644863
      2.764601535159018     -2.513274122871834    0.02323088616251637
      2.764601535159018     -2.387610416728243    0.03426826733076499
      2.764601535159018     -2.261946710584651    0.04267585027465343
      2.764601535159018     -2.136283004441059    0.05260754996149337
      2.764601535159018     -2.010619298297468     0.0624987321677071
      2.764601535159018     -1.884955592153876    0.06415880184083904
      2.764601535159018     -1.759291886010284    0.05724611923699578
      2.764601535159018     -1.633628179866693    0.05475074326640848
      2.764601535159018     -1.507964473723101    0.06442776236211596
      2.764601535159018     -1.382300767579509    0.07361218655850929
      2.764601535159018     -1.256637061435917    0.06463833426478963
      2.764601535159018     -1.130973355292325    0.03889441341848028
      2.764601535159018     -1.005309649148733    0.01387304688272497
      2.764601535159018     -0.879645943005142   0.001169878437345328
      2.764601535159018    -0.7539822368615505  -0.001944877490434433
      2.764601535159018    -0.6283185307179586  -0.002140702880110363
      2.764601535159018    -0.5026548245743667   -0.00142555999188189
      2.764601535159018    -0.3769911184307753  0.0002087587643665999
      2.764601535159018    -0.2513274122871838   0.001152961021526219
      2.764601535159018    -0.1256637061435919   0.000718268720863755
      2.764601535159018                      0   0.000560850784439217
      2.764601535159018     0.1256637061435919  0.0004202884203892714
      2.764601535159018     0.2513274122871834  -0.002540671288331406
      2.764601535159018     0.3769911184307753  -0.007301179611350699
      2.764601535159018     0.5026548245743672  -0.008213984569535347
      2.764601535159018     0.6283185307179582  -0.003314875165043888
      2.764601535159018     0.7539822368615501   0.003136786584608468
      2.764601535159018     0.8796459430051424   0.007139029973379014
      2.764601535159018      1.005309649148734   0.007294187601111602
      2.764601535159018      1.130973355292326   0.002617868148434901
      2.764601535159018      1.256637061435917  -0.005084234464238895
      2.764601535159018      1.382300767579509  -0.009893884270608496
      2.764601535159018      1.507964473723101  -0.008245018492482641
      2.764601535159018      1.633628179866692  -0.002941411208409776
      2.764601535159018      1.759291886010284   0.001555190765922789
      2.764601535159018      1.884955592153876   0.003295769842389679
      2.764601535159018      2.010619298297467   0.002416037875728779
      2.764601535159018       2.13628300444106  0.0007079789122154182
      2.764601535159018      2.261946710584651  0.0002744703188103438
      2.764601535159018      2.387610416728243  0.0007682608424149273
      2.764601535159018      2.513274122871834  0.0005860085214089858
      2.764601535159018      2.638937829015426  0.0001720447407800366
      2.764601535159018      2.764601535159018   0.000663822380994344
      2.764601535159018      2.890265241302609   0.001289266110858027
      2.764601535159018      3.015928947446201   0.001024309628151539
      2.890265241302609     -3.141592653589793  0.0009281645734959252
      2.890265241302609     -3.015928947446201  3.564445250094864e-05
      2.890265241302609      -2.89026524130261 -0.0002684720753109507
      2.890265241302609     -2.764601535159018   0.003309440419144889
      2.890265241302609     -2.638937829015426    0.01279482427494804
      2.890265241302609     -2.513274122871834     0.0251442678928762
      2.890265241302609     -2.387610416728243    0.03556415252832761
      2.890265241302609     -2.261946710584651    0.04387268092338907
      2.890265241302609     -2.136283004441059    0.05323182444331005
      2.890265241302609     -2.010619298297468    0.06195537321714971
      2.890265241302609     -1.884955592153876    0.06310902085272356
      2.890265241302609     -1.759291886010284    0.05663592967850369
      2.890265241302609     -1.633628179866693    0.05411365797188428
      2.890265241302609     -1.507964473723101    0.06262314228024501
      2.890265241302609     -1.382300767579509    0.07082850141014448
      2.890265241302609     -1.256637061435917    0.06245204652080542
      2.890265241302609     -1.130973355292325    0.03848597494851629
      2.890265241302609     -1.005309649148733    0.01492527315672334
      2.890265241302609     -0.879645943005142   0.002523244776733807
      2.890265241302609    -0.7539822368615505  -0.001000236020994228
      2.890265241302609    -0.6283185307179586  -0.001522242059872404
      2.890265241302609    -0.5026548245743667 -0.0009890561704904554
      2.890265241302609    -0.3769911184307753  0.0003282837699036184
      2.890265241302609    -0.2513274122871838   0.001063592326286592
      2.890265241302609    -0.1256637061435919  0.0007821585904162944
      2.890265241302609                      0  0.0007721919445155305
      2.890265241302609     0.1256637061435919  0.0006939372583611636
      2.890265241302609     0.2513274122871834  -0.001669892818404543
      2.890265241302609     0.3769911184307753   -0.00535701642945833
      2.890265241302609     0.5026548245743672  -0.005705752528433096
      2.890265241302609     0.6283185307179582 -0.0009902366301045877
      2.890265241302609     0.7539822368615501    0.00520063715033235
      2.890265241302609     0.8796459430051424   0.008990869990327666
      2.890265241302609      1.005309649148734   0.008858849928725199
      2.890265241302609      1.130973355292326   0.004499883264308877
      2.890265241302609      1.256637061435917  -0.001995999773651879
      2.890265241302609      1.382300767579509  -0.005981540991347471
      2.890265241302609      1.507964473723101  -0.004971772076499833
      2.890265241302609      1.633628179866692  -0.001066614361744826
      2.890265241302609      1.759291886010284   0.002417732299582746
      2.890265241302609      1.884955592153876   0.003654754195322193
      2.890265241302609      2.010619298297467     0.0024899239247152
      2.890265241302609       2.13628300444106  0.0006791903734161521
      2.890265241302609      2.261946710584651  0.0002329462196521039
      2.890265241302609      2.387610416728243  0.0006943049236669537
      2.890265241302609      2.513274122871834  0.0005902059358757265
      2.890265241302609      2.638937829015426  0.0003577412684838984
      2.890265241302609      2.764601535159018  0.0008833007475378221
      2.890265241302609      2.890265241302609   0.001464918869909842
      2.890265241302609      3.015928947446201   0.001408809471565051
      3.015928947446201     -3.141592653589793   0.002226679931996286
      3.015928947446201     -3.015928947446201   0.002813803414478239
      3.015928947446201      -2.89026524130261   0.004463158915753123
      3.015928947446201     -2.764601535159018   0.009377766338432084
      3.015928947446201     -2.638937829015426    0.01733420351579252
      3.015928947446201     -2.513274122871834    0.02569765180802317
      3.015928947446201     -2.387610416728243    0.03279281605375666
      3.015928947446201     -2.261946710584651    0.03893765961476799
      3.015928947446201     -2.136283004441059    0.04449472957316472
      3.015928947446201     -2.010619298297468    0.04807624763819028
      3.015928947446201     -1.884955592153876    0.04730927807728016
      3.015928947446201     -1.759291886010284    0.04307490614557239
      3.015928947446201     -1.633628179866693    0.04143797338322929
      3.015928947446201     -1.507964473723101    0.04622314982642928
      3.015928947446201     -1.382300767579509    0.05112801922384767
      3.015928947446201     -1.256637061435917    0.04624672095483648
      3.015928947446201     -1.130973355292325    0.03124502785531836
      3.015928947446201     -1.005309649148733    0.01521132657450979
      3.015928947446201     -0.879645943005142   0.005189856171435637
      3.015928947446201    -0.7539822368615505    0.00104343843004791
      3.015928947446201    -0.6283185307179586 -0.0002405996894060429
      3.015928947446201    -0.5026548245743667 -0.0005476391941596798
      3.015928947446201    -0.3769911184307753 -0.0004862203460172174
      3.015928947446201    -0.2513274122871838 -0.0002315601278447012
      3.015928947446201    -0.1256637061435919  0.0001146960095137973
      3.015928947446201                      0  0.0004743435608131225
      3.015928947446201     0.1256637061435919  0.0005642722271154955
      3.015928947446201     0.2513274122871834  -0.000163950789453515
      3.015928947446201     0.3769911184307753  -0.001320074312046473
      3.015928947446201     0.5026548245743672 -0.0008588693755364201
      3.015928947446201     0.6283185307179582   0.002543581555538983
      3.015928947446201     0.7539822368615501   0.007082147759129295
      3.015928947446201     0.8796459430051424   0.009651147296372543
      3.015928947446201      1.005309649148734   0.009134045964589778
      3.015928947446201      1.130973355292326    0.00663775723999559
      3.015928947446201      1.256637061435917   0.003788915315536428
      3.015928947446201      1.382300767579509   0.001760572731369241
      3.015928947446201      1.507964473723101   0.001118285907961054
      3.015928947446201      1.633628179866692    0.00184377092723545
      3.015928947446201      1.759291886010284   0.003112699466609601
      3.015928947446201      1.884955592153876   0.003383032241270779
      3.015928947446201      2.010619298297467   0.002014071740830068
      3.015928947446201       2.13628300444106  0.0004194931338622535
      3.015928947446201      2.261946710584651 -2.062946509516379e-05
      3.015928947446201      2.387610416728243  4.078334447345109e-05
      3.015928947446201      2.513274122871834  -0.000280389179934315
      3.015928947446201      2.638937829015426  -0.000442507688329573
      3.015928947446201      2.764601535159018 -4.572044104468771e-06
      3.015928947446201      2.890265241302609  0.0006448416358900198
      3.015928947446201      3.015928947446201   0.001416703886337534
