#! FIELDS phi3 phi4 hhphi3phi4 dhhphi3phi4_phi3 dhhphi3phi4_phi4
#! SET min_phi3 -pi
#! SET max_phi3 pi
#! SET nbins_phi3  50
#! SET periodic_phi3 true
#! SET min_phi4 -pi
#! SET max_phi4 pi
#! SET nbins_phi4  50
#! SET periodic_phi4 true
 -3.141593 -3.141593 0.012242 0.123989 0.100625
 -3.015929 -3.141593 0.034224 0.218435 0.246907
 -2.890265 -3.141593 0.062592 0.205174 0.374036
 -2.764602 -3.141593 0.079684 0.064193 0.401907
 -2.638938 -3.141593 0.084010 0.029963 0.398940
 -2.513274 -3.141593 0.090070 0.064524 0.391022
 -2.387610 -3.141593 0.096938 0.030653 0.432329
 -2.261947 -3.141593 0.097362 -0.018880 0.448008
 -2.136283 -3.141593 0.090305 -0.100472 0.378914
 -2.010619 -3.141593 0.074846 -0.123982 0.298774
 -1.884956 -3.141593 0.064109 -0.024603 0.214850
 -1.759292 -3.141593 0.070087 0.102024 0.176055
 -1.633628 -3.141593 0.084237 0.111523 0.152788
 -1.507964 -3.141593 0.096811 0.087094 0.151662
 -1.382301 -3.141593 0.104838 0.034424 0.167147
 -1.256637 -3.141593 0.106153 0.000386 0.182923
 -1.130973 -3.141593 0.106159 -0.015991 0.225408
 -1.005310 -3.141593 0.095065 -0.172681 0.229382
 -0.879646 -3.141593 0.067605 -0.231408 0.196330
 -0.753982 -3.141593 0.041210 -0.183891 0.158263
 -0.628319 -3.141593 0.021645 -0.124413 0.116297
 -0.502655 -3.141593 0.010085 -0.062885 0.086860
 -0.376991 -3.141593 0.004491 -0.029385 0.052019
 -0.251327 -3.141593 0.001936 -0.013685 0.025755
 -0.125664 -3.141593 0.000669 -0.006788 0.010100
 0.000000 -3.141593 0.000159 -0.001814 0.002817
 0.125664 -3.141593 0.000059 -0.000100 0.001092
 0.251327 -3.141593 0.000073 0.000050 0.001308
 0.376991 -3.141593 0.000050 -0.000221 0.000975
 0.502655 -3.141593 0.000101 0.001468 0.001838
 0.628319 -3.141593 0.000575 0.006777 0.005939
 0.753982 -3.141593 0.001809 0.011893 0.013621
 0.879646 -3.141593 0.003433 0.014648 0.031755
 1.005310 -3.141593 0.005212 0.008822 0.053287
 1.130973 -3.141593 0.004698 -0.015344 0.048818
 1.256637 -3.141593 0.002496 -0.016497 0.028018
 1.382301 -3.141593 0.000847 -0.009242 0.010944
 1.507964 -3.141593 0.000146 -0.002541 0.002248
 1.633628 -3.141593 0.000009 -0.000227 0.000158
 1.759292 -3.141593 0.000000 -0.000002 0.000002
 1.884956 -3.141593 0.000000 -0.000000 0.000000
 2.010619 -3.141593 0.000000 0.000000 0.000000
 2.136283 -3.141593 0.000000 0.000000 0.000000
 2.261947 -3.141593 0.000000 0.000000 0.000000
 2.387610 -3.141593 0.000000 0.000000 0.000000
 2.513274 -3.141593 0.000000 0.000000 0.000000
 2.638938 -3.141593 0.000000 0.000004 0.000002
 2.764602 -3.141593 0.000009 0.000266 0.000130
 2.890265 -3.141593 0.000243 0.005453 0.002794
 3.015929 -3.141593 0.002540 0.038677 0.023782

 -3.141593 -3.015929 0.028683 0.251172 0.153866
 -3.015929 -3.015929 0.068550 0.358855 0.274848
 -2.890265 -3.015929 0.108946 0.242386 0.332082
 -2.764602 -3.015929 0.125645 0.042164 0.296878
 -2.638938 -3.015929 0.127159 0.004445 0.252200
 -2.513274 -3.015929 0.130115 0.055672 0.223684
 -2.387610 -3.015929 0.140114 0.074215 0.231947
 -2.261947 -3.015929 0.141352 -0.060622 0.229744
 -2.136283 -3.015929 0.126823 -0.157283 0.193988
 -2.010619 -3.015929 0.104792 -0.180833 0.174801
 -1.884956 -3.015929 0.086384 -0.080759 0.141079
 -1.759292 -3.015929 0.086744 0.064957 0.090591
 -1.633628 -3.015929 0.096603 0.085892 0.051187
 -1.507964 -3.015929 0.108802 0.105445 0.053249
 -1.382301 -3.015929 0.118844 0.039345 0.058875
 -1.256637 -3.015929 0.121166 0.025268 0.061925
 -1.130973 -3.015929 0.125152 0.000644 0.076838
 -1.005310 -3.015929 0.112522 -0.196337 0.051746
 -0.879646 -3.015929 0.084398 -0.222538 0.072421
 -0.753982 -3.015929 0.058051 -0.192992 0.103944
 -0.628319 -3.015929 0.037832 -0.125430 0.136829
 -0.502655 -3.015929 0.025040 -0.084758 0.149663
 -0.376991 -3.015929 0.015440 -0.069136 0.126628
 -0.251327 -3.015929 0.007852 -0.048999 0.073112
 -0.125664 -3.015929 0.003147 -0.026936 0.031738
 0.000000 -3.015929 0.000917 -0.009459 0.009883
 0.125664 -3.015929 0.000313 -0.001320 0.002759
 0.251327 -3.015929 0.000333 0.000476 0.002225
 0.376991 -3.015929 0.000337 0.000472 0.003804
 0.502655 -3.015929 0.000805 0.008183 0.010765
 0.628319 -3.015929 0.002350 0.014983 0.025507
 0.753982 -3.015929 0.004607 0.023970 0.034064
 0.879646 -3.015929 0.009122 0.046499 0.054792
 1.005310 -3.015929 0.014049 0.019035 0.075622
 1.130973 -3.015929 0.012600 -0.035625 0.067737
 1.256637 -3.015929 0.007408 -0.041433 0.047065
 1.382301 -3.015929 0.002954 -0.027337 0.021852
 1.507964 -3.015929 0.000653 -0.009958 0.006004
 1.633628 -3.015929 0.000058 -0.001292 0.000768
 1.759292 -3.015929 0.000002 -0.000051 0.000049
 1.884956 -3.015929 0.000000 -0.000002 0.000001
 2.010619 -3.015929 0.000000 0.000000 0.000000
 2.136283 -3.015929 0.000000 0.000000 0.000000
 2.261947 -3.015929 0.000000 0.000000 0.000000
 2.387610 -3.015929 0.000000 0.000000 0.000000
 2.513274 -3.015929 0.000000 0.000001 0.000000
 2.638938 -3.015929 0.000001 0.000044 0.000025
 2.764602 -3.015929 0.000053 0.001380 0.000718
 2.890265 -3.015929 0.000927 0.018042 0.008912
 3.015929 -3.015929 0.007227 0.096979 0.051721

 -3.141593 -2.890265 0.047675 0.344513 0.141861
 -3.015929 -2.890265 0.097751 0.420230 0.181235
 -2.890265 -2.890265 0.140264 0.209528 0.155362
 -2.764602 -2.890265 0.150296 -0.011498 0.097849
 -2.638938 -2.890265 0.146928 -0.017819 0.079019
 -2.513274 -2.890265 0.148300 0.045508 0.073203
 -2.387610 -2.890265 0.156817 0.063816 0.042265
 -2.261947 -2.890265 0.156866 -0.070848 0.029309
 -2.136283 -2.890265 0.141500 -0.155950 0.047999
 -2.010619 -2.890265 0.120459 -0.171613 0.078026
 -1.884956 -2.890265 0.101091 -0.115558 0.096398
 -1.759292 -2.890265 0.094244 0.001064 0.038382
 -1.633628 -2.890265 0.098615 0.069191 -0.009414
 -1.507964 -2.890265 0.111508 0.119223 -0.015573
 -1.382301 -2.890265 0.121718 0.034649 -0.012334
 -1.256637 -2.890265 0.125162 0.041952 0.009210
 -1.130973 -2.890265 0.127994 -0.036794 -0.012158
 -1.005310 -2.890265 0.112556 -0.184042 -0.024975
 -0.879646 -2.890265 0.088583 -0.184247 0.006637
 -0.753982 -2.890265 0.067586 -0.139617 0.053106
 -0.628319 -2.890265 0.054568 -0.074924 0.120823
 -0.502655 -2.890265 0.045922 -0.068369 0.167673
 -0.376991 -2.890265 0.035652 -0.102798 0.181990
 -0.251327 -2.890265 0.020937 -0.115231 0.130776
 -0.125664 -2.890265 0.009106 -0.072069 0.061713
 0.000000 -2.890265 0.002776 -0.029272 0.019839
 0.125664 -2.890265 0.000773 -0.006436 0.005522
 0.251327 -2.890265 0.000532 0.001156 0.001609
 0.376991 -2.890265 0.000942 0.006321 0.005124
 0.502655 -2.890265 0.002643 0.023008 0.015454
 0.628319 -2.890265 0.006395 0.030814 0.030194
 0.753982 -2.890265 0.009419 0.021580 0.031390
 0.879646 -2.890265 0.013992 0.052105 0.010587
 1.005310 -2.890265 0.019195 0.016221 -0.005720
 1.130973 -2.890265 0.017964 -0.028047 0.006882
 1.256637 -2.890265 0.012871 -0.052365 0.032764
 1.382301 -2.890265 0.006178 -0.047035 0.028399
 1.507964 -2.890265 0.001814 -0.022068 0.013234
 1.633628 -2.890265 0.000282 -0.004808 0.003147
 1.759292 -2.890265 0.000022 -0.000513 0.000311
 1.884956 -2.890265 0.000001 -0.000020 0.000008
 2.010619 -2.890265 0.000000 0.000000 0.000000
 2.136283 -2.890265 0.000000 0.000000 0.000000
 2.261947 -2.890265 0.000000 0.000000 0.000000
 2.387610 -2.890265 0.000000 0.000000 0.000000
 2.513274 -2.890265 0.000000 0.000005 0.000002
 2.638938 -2.890265 0.000009 0.000261 0.000108
 2.764602 -2.890265 0.000219 0.004864 0.001854
 2.890265 -2.890265 0.002547 0.042856 0.015668
 3.015929 -2.890265 0.014989 0.171807 0.068166

 -3.141593 -2.764602 0.065375 0.394332 0.138432
 -3.015929 -2.764602 0.115877 0.376079 0.112650
 -2.890265 -2.764602 0.149310 0.132426 0.007651
 -2.764602 -2.764602 0.154151 -0.017794 -0.013757
 -2.638938 -2.764602 0.150291 -0.030619 -0.014524
 -2.513274 -2.764602 0.149026 0.019308 -0.044582
 -2.387610 -2.764602 0.154215 0.043323 -0.053101
 -2.261947 -2.764602 0.154174 -0.049846 -0.037535
 -2.136283 -2.764602 0.142826 -0.121060 -0.004399
 -2.010619 -2.764602 0.126212 -0.132922 0.021916
 -1.884956 -2.764602 0.109935 -0.124059 0.037699
 -1.759292 -2.764602 0.097732 -0.053543 0.017974
 -1.633628 -2.764602 0.097386 0.041960 -0.001049
 -1.507964 -2.764602 0.105818 0.082778 -0.054976
 -1.382301 -2.764602 0.115539 0.066528 -0.072289
 -1.256637 -2.764602 0.122821 0.051908 -0.046562
 -1.130973 -2.764602 0.125350 -0.035106 -0.028438
 -1.005310 -2.764602 0.111199 -0.174625 0.006105
 -0.879646 -2.764602 0.088212 -0.168457 -0.008624
 -0.753982 -2.764602 0.071601 -0.089600 0.006798
 -0.628319 -2.764602 0.064798 -0.029630 0.028807
 -0.502655 -2.764602 0.061670 -0.025757 0.062407
 -0.376991 -2.764602 0.054972 -0.098869 0.096308
 -0.251327 -2.764602 0.036458 -0.173390 0.090798
 -0.125664 -2.764602 0.016831 -0.127586 0.050527
 0.000000 -2.764602 0.005539 -0.052436 0.020760
 0.125664 -2.764602 0.001864 -0.013797 0.010435
 0.251327 -2.764602 0.000983 -0.001528 0.005582
 0.376991 -2.764602 0.001460 0.010669 0.003015
 0.502655 -2.764602 0.004039 0.030059 0.006198
 0.628319 -2.764602 0.008196 0.030641 -0.001736
 0.753982 -2.764602 0.010609 0.009164 -0.010497
 0.879646 -2.764602 0.012663 0.028525 -0.018636
 1.005310 -2.764602 0.015606 0.008733 -0.029554
 1.130973 -2.764602 0.015879 0.002034 -0.022742
 1.256637 -2.764602 0.014731 -0.028207 0.000534
 1.382301 -2.764602 0.009346 -0.049591 0.018982
 1.507964 -2.764602 0.003699 -0.036004 0.013510
 1.633628 -2.764602 0.000772 -0.011737 0.003606
 1.759292 -2.764602 0.000072 -0.001635 0.000381
 1.884956 -2.764602 0.000002 -0.000065 0.000012
 2.010619 -2.764602 0.000000 0.000000 0.000000
 2.136283 -2.764602 0.000000 0.000000 0.000000
 2.261947 -2.764602 0.000000 0.000000 0.000000
 2.387610 -2.764602 0.000000 0.000000 0.000000
 2.513274 -2.764602 0.000001 0.000026 0.000008
 2.638938 -2.764602 0.000032 0.000798 0.000265
 2.764602 -2.764602 0.000477 0.009052 0.002287
 2.890265 -2.764602 0.004330 0.068988 0.012064
 3.015929 -2.764602 0.023387 0.249803 0.061510

 -3.141593 -2.638938 0.079019 0.420536 0.068658
 -3.015929 -2.638938 0.124124 0.273190 0.018419
 -2.890265 -2.638938 0.146336 0.087587 -0.041644
 -2.764602 -2.638938 0.150001 -0.014235 -0.048832
 -2.638938 -2.638938 0.145097 -0.049579 -0.062698
 -2.513274 -2.638938 0.141875 0.012013 -0.061607
 -2.387610 -2.638938 0.147306 0.054571 -0.062088
 -2.261947 -2.638938 0.150041 -0.018782 -0.042779
 -2.136283 -2.638938 0.142039 -0.106018 -0.008419
 -2.010619 -2.638938 0.126192 -0.130581 -0.010592
 -1.884956 -2.638938 0.110528 -0.113563 -0.012157
 -1.759292 -2.638938 0.100150 -0.043399 0.028543
 -1.633628 -2.638938 0.098475 0.008679 0.012577
 -1.507964 -2.638938 0.101133 0.037633 -0.022613
 -1.382301 -2.638938 0.108531 0.072317 -0.028687
 -1.256637 -2.638938 0.116191 0.047377 -0.041981
 -1.130973 -2.638938 0.120112 -0.000157 -0.055885
 -1.005310 -2.638938 0.109720 -0.169786 -0.051632
 -0.879646 -2.638938 0.085281 -0.176885 -0.045059
 -0.753982 -2.638938 0.069138 -0.084064 -0.038270
 -0.628319 -2.638938 0.062805 -0.019760 -0.037883
 -0.502655 -2.638938 0.061988 -0.005662 -0.032974
 -0.376991 -2.638938 0.057016 -0.089974 -0.049097
 -0.251327 -2.638938 0.039404 -0.169016 -0.042885
 -0.125664 -2.638938 0.019540 -0.135884 -0.011750
 0.000000 -2.638938 0.006930 -0.061860 -0.001481
 0.125664 -2.638938 0.002659 -0.014558 0.000422
 0.251327 -2.638938 0.001686 -0.003703 0.004247
 0.376991 -2.638938 0.001804 0.008954 0.002636
 0.502655 -2.638938 0.004310 0.027096 -0.001550
 0.628319 -2.638938 0.007091 0.014857 -0.011430
 0.753982 -2.638938 0.008614 0.012852 -0.014523
 0.879646 -2.638938 0.010987 0.024785 -0.007562
 1.005310 -2.638938 0.013609 0.012616 -0.006755
 1.130973 -2.638938 0.014705 0.007739 0.001501
 1.256637 -2.638938 0.014612 -0.014906 -0.001577
 1.382301 -2.638938 0.010591 -0.046316 -0.000615
 1.507964 -2.638938 0.004483 -0.042671 -0.001887
 1.633628 -2.638938 0.000958 -0.014325 -0.000857
 1.759292 -2.638938 0.000095 -0.002099 -0.000049
 1.884956 -2.638938 0.000003 -0.000093 0.000002
 2.010619 -2.638938 0.000000 0.000000 0.000000
 2.136283 -2.638938 0.000000 0.000000 0.000000
 2.261947 -2.638938 0.000000 0.000000 0.000000
 2.387610 -2.638938 0.000000 0.000000 -0.000000
 2.513274 -2.638938 0.000002 0.000053 0.000001
 2.638938 -2.638938 0.000061 0.001460 0.000070
 2.764602 -2.638938 0.000771 0.013397 0.001719
 2.890265 -2.638938 0.005892 0.088737 0.012680
 3.015929 -2.638938 0.029934 0.310431 0.041766

 -3.141593 -2.513274 0.084183 0.418227 0.030384
 -3.015929 -2.513274 0.125740 0.222692 0.027502
 -2.890265 -2.513274 0.142648 0.063441 -0.009352
 -2.764602 -2.513274 0.143906 -0.035638 -0.037038
 -2.638938 -2.513274 0.136765 -0.057520 -0.053536
 -2.513274 -2.513274 0.134048 0.021015 -0.051085
 -2.387610 -2.513274 0.139210 0.042930 -0.047820
 -2.261947 -2.513274 0.142496 0.015068 -0.058800
 -2.136283 -2.513274 0.141819 -0.043079 0.005584
 -2.010619 -2.513274 0.129712 -0.137754 0.076266
 -1.884956 -2.513274 0.113055 -0.098324 0.072498
 -1.759292 -2.513274 0.106120 -0.034782 0.080662
 -1.633628 -2.513274 0.099970 -0.053062 0.027618
 -1.507964 -2.513274 0.097659 0.029791 -0.028632
 -1.382301 -2.513274 0.105533 0.072053 -0.034399
 -1.256637 -2.513274 0.111530 0.021828 -0.051536
 -1.130973 -2.513274 0.110433 -0.045701 -0.098022
 -1.005310 -2.513274 0.098259 -0.145053 -0.101963
 -0.879646 -2.513274 0.078423 -0.145160 -0.042254
 -0.753982 -2.513274 0.064842 -0.071674 -0.019848
 -0.628319 -2.513274 0.059459 -0.016769 -0.016530
 -0.502655 -2.513274 0.057808 -0.027399 -0.036287
 -0.376991 -2.513274 0.048573 -0.122732 -0.071514
 -0.251327 -2.513274 0.030336 -0.144616 -0.079319
 -0.125664 -2.513274 0.015110 -0.097887 -0.046250
 0.000000 -2.513274 0.005596 -0.050803 -0.014449
 0.125664 -2.513274 0.002131 -0.009424 -0.007142
 0.251327 -2.513274 0.001701 -0.000779 -0.004467
 0.376991 -2.513274 0.001943 0.006889 -0.001200
 0.502655 -2.513274 0.003661 0.018174 -0.008112
 0.628319 -2.513274 0.005552 0.011175 -0.012946
 0.753982 -2.513274 0.007440 0.022206 -0.005742
 0.879646 -2.513274 0.010587 0.023585 -0.000207
 1.005310 -2.513274 0.013174 0.018645 0.001470
 1.130973 -2.513274 0.014839 0.004217 0.000399
 1.256637 -2.513274 0.013679 -0.022538 -0.011118
 1.382301 -2.513274 0.009353 -0.044548 -0.013976
 1.507964 -2.513274 0.003730 -0.037609 -0.006336
 1.633628 -2.513274 0.000759 -0.011325 -0.000876
 1.759292 -2.513274 0.000082 -0.001709 0.000067
 1.884956 -2.513274 0.000003 -0.000095 0.000013
 2.010619 -2.513274 0.000000 0.000000 0.000000
 2.136283 -2.513274 0.000000 0.000000 0.000000
 2.261947 -2.513274 0.000000 0.000000 0.000000
 2.387610 -2.513274 0.000000 0.000000 -0.000000
 2.513274 -2.513274 0.000001 0.000030 -0.000008
 2.638938 -2.513274 0.000043 0.001137 -0.000252
 2.764602 -2.513274 0.000772 0.015361 -0.001346
 2.890265 -2.513274 0.006937 0.104864 0.003247
 3.015929 -2.513274 0.033556 0.331272 0.018684

 -3.141593 -2.387610 0.088137 0.423348 0.017553
 -3.015929 -2.387610 0.128094 0.188404 -0.018004
 -2.890265 -2.387610 0.139402 0.022316 -0.064827
 -2.764602 -2.387610 0.138527 -0.028114 -0.065225
 -2.638938 -2.387610 0.133592 -0.038279 -0.002498
 -2.513274 -2.387610 0.132545 0.029662 0.030599
 -2.387610 -2.387610 0.138251 0.037816 0.031967
 -2.261947 -2.387610 0.138930 -0.009970 0.003842
 -2.136283 -2.387610 0.140615 0.030225 -0.033348
 -2.010619 -2.387610 0.139012 -0.072334 0.038100
 -1.884956 -2.387610 0.127870 -0.065191 0.137391
 -1.759292 -2.387610 0.122599 -0.055041 0.160633
 -1.633628 -2.387610 0.109438 -0.132424 0.113862
 -1.507964 -2.387610 0.097852 -0.027661 0.042066
 -1.382301 -2.387610 0.100709 0.042125 -0.025383
 -1.256637 -2.387610 0.102129 -0.021484 -0.080173
 -1.130973 -2.387610 0.097455 -0.046682 -0.095810
 -1.005310 -2.387610 0.089524 -0.082349 -0.041169
 -0.879646 -2.387610 0.077127 -0.109647 0.007094
 -0.753982 -2.387610 0.063976 -0.088634 -0.007110
 -0.628319 -2.387610 0.055839 -0.044200 -0.049031
 -0.502655 -2.387610 0.050393 -0.055885 -0.083362
 -0.376991 -2.387610 0.038614 -0.131571 -0.091326
 -0.251327 -2.387610 0.021300 -0.122457 -0.067871
 -0.125664 -2.387610 0.009996 -0.061574 -0.035121
 0.000000 -2.387610 0.004073 -0.035191 -0.011108
 0.125664 -2.387610 0.001244 -0.009994 -0.006161
 0.251327 -2.387610 0.000922 0.002388 -0.006089
 0.376991 -2.387610 0.001569 0.007754 -0.004072
 0.502655 -2.387610 0.002799 0.011465 -0.003791
 0.628319 -2.387610 0.004402 0.014492 -0.003811
 0.753982 -2.387610 0.006872 0.026646 -0.003285
 0.879646 -2.387610 0.010811 0.032695 0.004929
 1.005310 -2.387610 0.014493 0.023208 0.018938
 1.130973 -2.387610 0.015522 -0.009349 0.010548
 1.256637 -2.387610 0.012724 -0.031193 -0.005330
 1.382301 -2.387610 0.008094 -0.041070 -0.007022
 1.507964 -2.387610 0.003310 -0.030424 -0.001484
 1.633628 -2.387610 0.000856 -0.010281 0.001514
 1.759292 -2.387610 0.000142 -0.002473 0.000716
 1.884956 -2.387610 0.000009 -0.000232 0.000064
 2.010619 -2.387610 0.000000 0.000000 0.000000
 2.136283 -2.387610 0.000000 0.000000 0.000000
 2.261947 -2.387610 0.000000 0.000000 0.000000
 2.387610 -2.387610 0.000000 0.000000 -0.000000
 2.513274 -2.387610 0.000000 0.000009 -0.000002
 2.638938 -2.387610 0.000021 0.000671 -0.000065
 2.764602 -2.387610 0.000642 0.014734 -0.000250
 2.890265 -2.387610 0.007273 0.115334 0.003311
 3.015929 -2.387610 0.035899 0.348935 0.015020

 -3.141593 -2.261947 0.083983 0.395013 -0.079756
 -3.015929 -2.261947 0.119635 0.153947 -0.093046
 -2.890265 -2.261947 0.127585 0.005164 -0.093323
 -2.764602 -2.261947 0.128398 0.029363 -0.069267
 -2.638938 -2.261947 0.134322 0.048357 0.017893
 -2.513274 -2.261947 0.139240 0.040162 0.063434
 -2.387610 -2.261947 0.144113 0.018378 0.038940
 -2.261947 -2.261947 0.139834 -0.074503 -0.013694
 -2.136283 -2.261947 0.133099 -0.008970 -0.081676
 -2.010619 -2.261947 0.135988 0.035380 -0.074138
 -1.884956 -2.261947 0.139094 0.012049 0.021807
 -1.759292 -2.261947 0.136542 -0.066778 0.040991
 -1.633628 -2.261947 0.121842 -0.146768 0.067394
 -1.507964 -2.261947 0.106340 -0.082331 0.077436
 -1.382301 -2.261947 0.099884 -0.036554 0.005357
 -1.256637 -2.261947 0.094143 -0.054208 -0.041589
 -1.130973 -2.261947 0.088054 -0.035678 -0.044347
 -1.005310 -2.261947 0.083774 -0.044711 -0.053109
 -0.879646 -2.261947 0.074401 -0.104766 -0.056031
 -0.753982 -2.261947 0.059644 -0.114969 -0.060542
 -0.628319 -2.261947 0.047799 -0.073485 -0.067917
 -0.502655 -2.261947 0.039064 -0.075742 -0.083032
 -0.376991 -2.261947 0.026925 -0.114587 -0.082292
 -0.251327 -2.261947 0.013458 -0.086042 -0.051165
 -0.125664 -2.261947 0.005978 -0.038029 -0.027586
 0.000000 -2.261947 0.002421 -0.021350 -0.013965
 0.125664 -2.261947 0.000573 -0.007420 -0.004526
 0.251327 -2.261947 0.000330 0.002209 -0.003272
 0.376991 -2.261947 0.001028 0.009268 -0.003942
 0.502655 -2.261947 0.002529 0.013114 -0.001966
 0.628319 -2.261947 0.004122 0.013176 -0.002822
 0.753982 -2.261947 0.006552 0.028875 -0.002133
 0.879646 -2.261947 0.011431 0.045283 0.000654
 1.005310 -2.261947 0.016487 0.026871 0.003541
 1.130973 -2.261947 0.016382 -0.028205 -0.003381
 1.256637 -2.261947 0.011560 -0.039200 -0.013094
 1.382301 -2.261947 0.007081 -0.033815 -0.007795
 1.507964 -2.261947 0.003131 -0.026229 -0.000684
 1.633628 -2.261947 0.000903 -0.009974 -0.000869
 1.759292 -2.261947 0.000174 -0.002810 -0.000415
 1.884956 -2.261947 0.000012 -0.000316 -0.000032
 2.010619 -2.261947 0.000000 0.000000 0.000000
 2.136283 -2.261947 0.000000 0.000000 0.000000
 2.261947 -2.261947 0.000000 0.000000 0.000000
 2.387610 -2.261947 0.000000 0.000000 0.000000
 2.513274 -2.261947 0.000000 0.000008 0.000001
 2.638938 -2.261947 0.000021 0.000691 0.000038
 2.764602 -2.261947 0.000667 0.015215 0.000178
 2.890265 -2.261947 0.007227 0.111616 -0.006383
 3.015929 -2.261947 0.034502 0.331648 -0.040085

 -3.141593 -2.136283 0.073429 0.380402 -0.071267
 -3.015929 -2.136283 0.110601 0.182379 -0.044777
 -2.890265 -2.136283 0.121216 0.019607 -0.008103
 -2.764602 -2.136283 0.125150 0.071045 0.010116
 -2.638938 -2.136283 0.137808 0.099128 0.022807
 -2.513274 -2.136283 0.144477 0.011353 0.006341
 -2.387610 -2.136283 0.142555 -0.044296 -0.059986
 -2.261947 -2.136283 0.132806 -0.097985 -0.075283
 -2.136283 -2.136283 0.123353 -0.029258 -0.047963
 -2.010619 -2.136283 0.127248 0.079259 -0.034664
 -1.884956 -2.136283 0.136618 0.045774 -0.028147
 -1.759292 -2.136283 0.136220 -0.047727 -0.020093
 -1.633628 -2.136283 0.126225 -0.101120 0.008797
 -1.507964 -2.136283 0.113513 -0.095802 0.030121
 -1.382301 -2.136283 0.101939 -0.081052 0.032784
 -1.256637 -2.136283 0.094910 -0.034984 0.064103
 -1.130973 -2.136283 0.089553 -0.058217 0.071244
 -1.005310 -2.136283 0.080604 -0.080402 0.025818
 -0.879646 -2.136283 0.068269 -0.119254 -0.008496
 -0.753982 -2.136283 0.052340 -0.119111 -0.036988
 -0.628319 -2.136283 0.040377 -0.075002 -0.047787
 -0.502655 -2.136283 0.030623 -0.087128 -0.055810
 -0.376991 -2.136283 0.018757 -0.095461 -0.052940
 -0.251327 -2.136283 0.008345 -0.063833 -0.034628
 -0.125664 -2.136283 0.002984 -0.024898 -0.021046
 0.000000 -2.136283 0.000945 -0.010142 -0.009041
 0.125664 -2.136283 0.000165 -0.002671 -0.001892
 0.251327 -2.136283 0.000114 0.001684 -0.000221
 0.376991 -2.136283 0.000750 0.009358 -0.000142
 0.502655 -2.136283 0.002323 0.013294 -0.000872
 0.628319 -2.136283 0.003717 0.010914 -0.003041
 0.753982 -2.136283 0.006176 0.029960 -0.005118
 0.879646 -2.136283 0.010344 0.032775 -0.017045
 1.005310 -2.136283 0.014047 0.021008 -0.037442
 1.130973 -2.136283 0.013835 -0.024150 -0.032102
 1.256637 -2.136283 0.010037 -0.028968 -0.009097
 1.382301 -2.136283 0.006677 -0.026907 0.000148
 1.507964 -2.136283 0.003159 -0.026651 -0.000926
 1.633628 -2.136283 0.000730 -0.010797 -0.001819
 1.759292 -2.136283 0.000082 -0.001608 -0.000715
 1.884956 -2.136283 0.000004 -0.000106 -0.000060
 2.010619 -2.136283 0.000000 0.000000 0.000000
 2.136283 -2.136283 0.000000 0.000000 0.000000
 2.261947 -2.136283 0.000000 0.000000 0.000000
 2.387610 -2.136283 0.000000 0.000000 0.000000
 2.513274 -2.136283 0.000000 0.000010 -0.000000
 2.638938 -2.136283 0.000023 0.000703 -0.000035
 2.764602 -2.136283 0.000590 0.012669 -0.001460
 2.890265 -2.136283 0.005783 0.088213 -0.014021
 3.015929 -2.136283 0.028398 0.286061 -0.044864

 -3.141593 -2.010619 0.066139 0.369583 -0.048879
 -3.015929 -2.010619 0.105305 0.221205 -0.049445
 -2.890265 -2.010619 0.120379 0.042529 -0.021866
 -2.764602 -2.010619 0.125121 0.059854 -0.020620
 -2.638938 -2.010619 0.134779 0.072604 -0.070251
 -2.513274 -2.010619 0.139536 0.001650 -0.075029
 -2.387610 -2.010619 0.135901 -0.052173 -0.022727
 -2.261947 -2.010619 0.128467 -0.058631 0.013112
 -2.136283 -2.010619 0.123098 -0.011448 0.022120
 -2.010619 -2.010619 0.127350 0.068295 0.008824
 -1.884956 -2.010619 0.134707 0.032553 -0.015263
 -1.759292 -2.010619 0.133700 -0.044722 -0.024050
 -1.633628 -2.010619 0.125424 -0.079726 -0.016468
 -1.507964 -2.010619 0.114954 -0.079109 0.003267
 -1.382301 -2.010619 0.107461 -0.029255 0.050541
 -1.256637 -2.010619 0.106973 -0.000402 0.107262
 -1.130973 -2.010619 0.101817 -0.080953 0.109360
 -1.005310 -2.010619 0.090183 -0.097354 0.107867
 -0.879646 -2.010619 0.074187 -0.165426 0.080288
 -0.753982 -2.010619 0.052434 -0.155679 0.034159
 -0.628319 -2.010619 0.036854 -0.100116 -0.003901
 -0.502655 -2.010619 0.024630 -0.097825 -0.034966
 -0.376991 -2.010619 0.013021 -0.081870 -0.035108
 -0.251327 -2.010619 0.004663 -0.048468 -0.021021
 -0.125664 -2.010619 0.000973 -0.013184 -0.009374
 0.000000 -2.010619 0.000188 -0.002356 -0.002968
 0.125664 -2.010619 0.000062 0.000218 0.000146
 0.251327 -2.010619 0.000255 0.003087 0.002435
 0.376991 -2.010619 0.000921 0.007744 0.002201
 0.502655 -2.010619 0.002084 0.009474 -0.003934
 0.628319 -2.010619 0.003117 0.008364 -0.007606
 0.753982 -2.010619 0.004876 0.020234 -0.015786
 0.879646 -2.010619 0.007382 0.016658 -0.029844
 1.005310 -2.010619 0.009219 0.013011 -0.036308
 1.130973 -2.010619 0.009959 -0.003211 -0.029077
 1.256637 -2.010619 0.008776 -0.014292 -0.014937
 1.382301 -2.010619 0.006063 -0.028885 -0.011931
 1.507964 -2.010619 0.002401 -0.024728 -0.010100
 1.633628 -2.010619 0.000411 -0.007435 -0.002875
 1.759292 -2.010619 0.000024 -0.000628 -0.000262
 1.884956 -2.010619 0.000000 -0.000008 -0.000008
 2.010619 -2.010619 0.000000 0.000000 0.000000
 2.136283 -2.010619 0.000000 0.000000 0.000000
 2.261947 -2.010619 0.000000 0.000000 0.000000
 2.387610 -2.010619 0.000000 0.000000 0.000000
 2.513274 -2.010619 0.000000 0.000006 -0.000001
 2.638938 -2.010619 0.000014 0.000418 -0.000084
 2.764602 -2.010619 0.000365 0.008128 -0.001673
 2.890265 -2.010619 0.004193 0.070206 -0.010156
 3.015929 -2.010619 0.023923 0.260046 -0.028338

 -3.141593 -1.884956 0.060541 0.348784 -0.040543
 -3.015929 -1.884956 0.098532 0.229065 -0.052698
 -2.890265 -1.884956 0.117098 0.080253 -0.016999
 -2.764602 -1.884956 0.123896 0.044170 0.018994
 -2.638938 -1.884956 0.128143 0.018850 -0.001273
 -2.513274 -1.884956 0.130706 0.033829 -0.044049
 -2.387610 -1.884956 0.134474 0.007408 -0.021799
 -2.261947 -1.884956 0.130287 -0.066075 -0.008406
 -2.136283 -1.884956 0.122722 -0.029833 -0.026017
 -2.010619 -1.884956 0.124524 0.044646 -0.044829
 -1.884956 -1.884956 0.129490 0.026445 -0.061586
 -1.759292 -1.884956 0.129384 -0.029982 -0.034397
 -1.633628 -1.884956 0.123846 -0.048940 0.007187
 -1.507964 -1.884956 0.117450 -0.046721 0.056427
 -1.382301 -1.884956 0.114949 0.015330 0.080406
 -1.256637 -1.884956 0.118725 0.021159 0.079285
 -1.130973 -1.884956 0.115818 -0.066814 0.109237
 -1.005310 -1.884956 0.103499 -0.126485 0.097107
 -0.879646 -1.884956 0.083245 -0.191103 0.063710
 -0.753982 -1.884956 0.059347 -0.175487 0.075632
 -0.628319 -1.884956 0.039116 -0.147501 0.039335
 -0.502655 -1.884956 0.022508 -0.115879 0.002175
 -0.376991 -1.884956 0.010114 -0.078738 -0.013063
 -0.251327 -1.884956 0.002894 -0.036440 -0.009791
 -0.125664 -1.884956 0.000396 -0.007124 -0.001562
 0.000000 -1.884956 0.000081 -0.000221 0.000855
 0.125664 -1.884956 0.000163 0.001900 0.001202
 0.251327 -1.884956 0.000598 0.004518 0.001946
 0.376991 -1.884956 0.001104 0.003127 0.000037
 0.502655 -1.884956 0.001467 0.003438 -0.004303
 0.628319 -1.884956 0.002069 0.006027 -0.006148
 0.753982 -1.884956 0.002893 0.006510 -0.011127
 0.879646 -1.884956 0.003667 0.006866 -0.022712
 1.005310 -1.884956 0.004900 0.012035 -0.029058
 1.130973 -1.884956 0.006101 0.005470 -0.029842
 1.256637 -1.884956 0.006203 -0.005242 -0.022366
 1.382301 -1.884956 0.004217 -0.025104 -0.014244
 1.507964 -1.884956 0.001269 -0.016826 -0.006467
 1.633628 -1.884956 0.000146 -0.003096 -0.001177
 1.759292 -1.884956 0.000005 -0.000159 -0.000054
 1.884956 -1.884956 0.000000 -0.000000 0.000000
 2.010619 -1.884956 0.000000 0.000000 0.000000
 2.136283 -1.884956 0.000000 0.000000 0.000000
 2.261947 -1.884956 0.000000 0.000000 0.000000
 2.387610 -1.884956 0.000000 0.000000 0.000000
 2.513274 -1.884956 0.000000 0.000004 0.000001
 2.638938 -1.884956 0.000009 0.000282 0.000029
 2.764602 -1.884956 0.000272 0.006372 0.000385
 2.890265 -1.884956 0.003550 0.061891 0.000986
 3.015929 -1.884956 0.021335 0.237244 -0.010239

 -3.141593 -1.759292 0.056753 0.316059 -0.007965
 -3.015929 -1.759292 0.092993 0.238408 -0.020603
 -2.890265 -1.759292 0.115170 0.121531 -0.014500
 -2.764602 -1.759292 0.127096 0.080338 0.015266
 -2.638938 -1.759292 0.133614 0.006769 0.065224
 -2.513274 -1.759292 0.130591 -0.022578 0.044488
 -2.387610 -1.759292 0.130514 0.000330 -0.015662
 -2.261947 -1.759292 0.126123 -0.061050 -0.036630
 -2.136283 -1.759292 0.120432 -0.015644 -0.000879
 -2.010619 -1.759292 0.121288 0.019854 0.004685
 -1.884956 -1.759292 0.124333 0.030133 -0.007890
 -1.759292 -1.759292 0.127311 0.010832 -0.006373
 -1.633628 -1.759292 0.128488 0.020353 0.052270
 -1.507964 -1.759292 0.131351 0.012341 0.149606
 -1.382301 -1.759292 0.130809 -0.013184 0.170210
 -1.256637 -1.759292 0.129388 -0.006626 0.099981
 -1.130973 -1.759292 0.127356 -0.044560 0.067993
 -1.005310 -1.759292 0.113648 -0.166716 0.061891
 -0.879646 -1.759292 0.091889 -0.161238 0.081020
 -0.753982 -1.759292 0.071304 -0.178523 0.115191
 -0.628319 -1.759292 0.047358 -0.189748 0.094958
 -0.502655 -1.759292 0.025484 -0.154002 0.047790
 -0.376991 -1.759292 0.009772 -0.091841 0.011533
 -0.251327 -1.759292 0.002242 -0.031228 0.002245
 -0.125664 -1.759292 0.000474 -0.002976 0.003320
 0.000000 -1.759292 0.000372 -0.000481 0.003458
 0.125664 -1.759292 0.000308 0.000437 0.001058
 0.251327 -1.759292 0.000596 0.003468 -0.001440
 0.376991 -1.759292 0.000952 0.001974 -0.001645
 0.502655 -1.759292 0.001246 0.003786 0.000906
 0.628319 -1.759292 0.001993 0.006982 0.004442
 0.753982 -1.759292 0.002591 0.001696 0.004713
 0.879646 -1.759292 0.002559 -0.000260 0.003474
 1.005310 -1.759292 0.002939 0.005673 -0.001989
 1.130973 -1.759292 0.003571 0.004292 -0.008249
 1.256637 -1.759292 0.004050 0.001019 -0.009654
 1.382301 -1.759292 0.003012 -0.017316 -0.003381
 1.507964 -1.759292 0.000870 -0.012102 0.000511
 1.633628 -1.759292 0.000107 -0.001964 0.000660
 1.759292 -1.759292 0.000008 -0.000178 0.000124
 1.884956 -1.759292 0.000000 -0.000008 0.000005
 2.010619 -1.759292 0.000000 0.000000 0.000000
 2.136283 -1.759292 0.000000 0.000000 0.000000
 2.261947 -1.759292 0.000000 0.000000 0.000000
 2.387610 -1.759292 0.000000 0.000000 0.000000
 2.513274 -1.759292 0.000000 0.000014 0.000004
 2.638938 -1.759292 0.000022 0.000599 0.000170
 2.764602 -1.759292 0.000439 0.009112 0.002094
 2.890265 -1.759292 0.004314 0.067163 0.009923
 3.015929 -1.759292 0.021542 0.217081 0.013769

 -3.141593 -1.633628 0.060883 0.322302 0.069513
 -3.015929 -1.633628 0.097209 0.231449 0.084222
 -2.890265 -1.633628 0.117354 0.101862 0.061910
 -2.764602 -1.633628 0.128781 0.098291 0.027224
 -2.638938 -1.633628 0.139839 0.050772 0.025337
 -2.513274 -1.633628 0.139379 -0.038213 0.075108
 -2.387610 -1.633628 0.133366 -0.061485 0.049671
 -2.261947 -1.633628 0.124968 -0.052342 0.020084
 -2.136283 -1.633628 0.121711 -0.007703 0.018249
 -2.010619 -1.633628 0.122008 0.014846 -0.011238
 -1.884956 -1.633628 0.123521 0.002123 -0.021455
 -1.759292 -1.633628 0.124387 0.029507 -0.031909
 -1.633628 -1.633628 0.133489 0.114917 0.034366
 -1.507964 -1.633628 0.148622 0.096847 0.115286
 -1.382301 -1.633628 0.152235 -0.041201 0.151840
 -1.256637 -1.633628 0.142428 -0.090385 0.100958
 -1.130973 -1.633628 0.132004 -0.081209 0.015215
 -1.005310 -1.633628 0.119348 -0.116919 0.039349
 -0.879646 -1.633628 0.105506 -0.102647 0.138203
 -0.753982 -1.633628 0.088798 -0.174847 0.161807
 -0.628319 -1.633628 0.063290 -0.218624 0.159187
 -0.502655 -1.633628 0.035379 -0.213106 0.112614
 -0.376991 -1.633628 0.013765 -0.122471 0.051986
 -0.251327 -1.633628 0.003771 -0.042530 0.020900
 -0.125664 -1.633628 0.001191 -0.006323 0.007267
 0.000000 -1.633628 0.000745 -0.002559 0.001927
 0.125664 -1.633628 0.000464 -0.001615 0.001711
 0.251327 -1.633628 0.000440 0.001388 -0.000694
 0.376991 -1.633628 0.000750 0.003645 -0.002030
 0.502655 -1.633628 0.001552 0.009550 0.002792
 0.628319 -1.633628 0.002819 0.008136 0.007107
 0.753982 -1.633628 0.003385 0.002105 0.005963
 0.879646 -1.633628 0.003474 -0.001001 0.007607
 1.005310 -1.633628 0.003353 -0.000007 0.004862
 1.130973 -1.633628 0.003376 0.000402 0.001514
 1.256637 -1.633628 0.003618 0.002461 0.000807
 1.382301 -1.633628 0.003139 -0.012225 0.002451
 1.507964 -1.633628 0.001266 -0.012713 0.003973
 1.633628 -1.633628 0.000299 -0.003881 0.001850
 1.759292 -1.633628 0.000037 -0.000772 0.000255
 1.884956 -1.633628 0.000001 -0.000041 0.000008
 2.010619 -1.633628 0.000000 0.000000 0.000000
 2.136283 -1.633628 0.000000 0.000000 0.000000
 2.261947 -1.633628 0.000000 0.000000 0.000000
 2.387610 -1.633628 0.000000 0.000000 0.000000
 2.513274 -1.633628 0.000001 0.000033 0.000002
 2.638938 -1.633628 0.000045 0.001162 0.000116
 2.764602 -1.633628 0.000717 0.013476 0.001602
 2.890265 -1.633628 0.005604 0.078776 0.007684
 3.015929 -1.633628 0.024435 0.229495 0.026975

 -3.141593 -1.507964 0.069687 0.371081 0.054343
 -3.015929 -1.507964 0.108528 0.227093 0.074959
 -2.890265 -1.507964 0.127981 0.094543 0.084578
 -2.764602 -1.507964 0.135475 0.044069 0.079266
 -2.638938 -1.507964 0.142887 0.071128 0.055583
 -2.513274 -1.507964 0.148338 -0.002190 0.089052
 -2.387610 -1.507964 0.141362 -0.094126 0.090051
 -2.261947 -1.507964 0.130954 -0.051895 0.083098
 -2.136283 -1.507964 0.125956 -0.047537 0.059687
 -2.010619 -1.507964 0.120227 -0.017372 0.008319
 -1.884956 -1.507964 0.121568 0.016729 0.011518
 -1.759292 -1.507964 0.124558 0.059793 0.043412
 -1.633628 -1.507964 0.139917 0.171706 0.064223
 -1.507964 -1.507964 0.161173 0.139043 0.083842
 -1.382301 -1.507964 0.168387 -0.034113 0.109447
 -1.256637 -1.507964 0.155625 -0.147076 0.116283
 -1.130973 -1.507964 0.135946 -0.139774 0.062270
 -1.005310 -1.507964 0.126067 -0.018821 0.067322
 -0.879646 -1.507964 0.123585 -0.051854 0.129267
 -0.753982 -1.507964 0.110108 -0.156730 0.164708
 -0.628319 -1.507964 0.085461 -0.234378 0.169485
 -0.502655 -1.507964 0.051860 -0.280918 0.125107
 -0.376991 -1.507964 0.021915 -0.177548 0.068119
 -0.251327 -1.507964 0.006856 -0.069514 0.024343
 -0.125664 -1.507964 0.002089 -0.016431 0.006067
 0.000000 -1.507964 0.000900 -0.004203 0.000818
 0.125664 -1.507964 0.000705 -0.000972 0.001358
 0.251327 -1.507964 0.000442 -0.002039 0.000752
 0.376991 -1.507964 0.000560 0.005048 0.000665
 0.502655 -1.507964 0.001867 0.014852 0.003845
 0.628319 -1.507964 0.003482 0.007391 0.003560
 0.753982 -1.507964 0.003836 0.001855 0.001266
 0.879646 -1.507964 0.004294 0.003601 0.006615
 1.005310 -1.507964 0.004309 -0.003324 0.012015
 1.130973 -1.507964 0.003913 -0.000553 0.007561
 1.256637 -1.507964 0.004107 0.000170 0.005847
 1.382301 -1.507964 0.003249 -0.013342 -0.000961
 1.507964 -1.507964 0.001456 -0.012376 -0.001656
 1.633628 -1.507964 0.000380 -0.005042 -0.000870
 1.759292 -1.507964 0.000043 -0.000938 -0.000183
 1.884956 -1.507964 0.000001 -0.000042 -0.000008
 2.010619 -1.507964 0.000000 0.000000 0.000000
 2.136283 -1.507964 0.000000 0.000000 0.000000
 2.261947 -1.507964 0.000000 0.000000 0.000000
 2.387610 -1.507964 0.000000 0.000000 -0.000000
 2.513274 -1.507964 0.000001 0.000024 -0.000005
 2.638938 -1.507964 0.000037 0.001011 -0.000193
 2.764602 -1.507964 0.000691 0.013615 -0.001612
 2.890265 -1.507964 0.005798 0.083717 -0.002177
 3.015929 -1.507964 0.026830 0.266299 0.011644

 -3.141593 -1.382301 0.073057 0.391399 -0.003014
 -3.015929 -1.382301 0.112688 0.216919 -0.012811
 -2.890265 -1.382301 0.132807 0.127830 -0.017476
 -2.764602 -1.382301 0.145528 0.077646 0.055881
 -2.638938 -1.382301 0.155547 0.086052 0.110714
 -2.513274 -1.382301 0.162545 0.003598 0.106285
 -2.387610 -1.382301 0.155840 -0.088965 0.117394
 -2.261947 -1.382301 0.145874 -0.062332 0.137781
 -2.136283 -1.382301 0.136579 -0.096686 0.091289
 -2.010619 -1.382301 0.125284 -0.051071 0.049959
 -1.884956 -1.382301 0.125335 0.033808 0.026780
 -1.759292 -1.382301 0.131171 0.069362 0.038802
 -1.633628 -1.382301 0.145228 0.156255 0.010486
 -1.507964 -1.382301 0.166666 0.154828 -0.000721
 -1.382301 -1.382301 0.177216 0.005543 0.015874
 -1.256637 -1.382301 0.168361 -0.144926 0.053626
 -1.130973 -1.382301 0.144771 -0.183608 0.046622
 -1.005310 -1.382301 0.132495 -0.011153 0.021544
 -0.879646 -1.382301 0.132910 -0.015340 0.011683
 -0.753982 -1.382301 0.124199 -0.133775 0.035353
 -0.628319 -1.382301 0.098076 -0.272731 0.016039
 -0.502655 -1.382301 0.059934 -0.307600 -0.005499
 -0.376991 -1.382301 0.026996 -0.203984 0.001488
 -0.251327 -1.382301 0.008584 -0.090524 -0.000498
 -0.125664 -1.382301 0.002444 -0.019862 -0.000660
 0.000000 -1.382301 0.000997 -0.005798 0.001095
 0.125664 -1.382301 0.000766 0.000137 0.000547
 0.251327 -1.382301 0.000662 -0.000654 0.002937
 0.376991 -1.382301 0.001145 0.009564 0.007270
 0.502655 -1.382301 0.002829 0.014246 0.009114
 0.628319 -1.382301 0.003933 0.002236 0.003696
 0.753982 -1.382301 0.004028 0.003587 0.003863
 0.879646 -1.382301 0.005140 0.011074 0.005748
 1.005310 -1.382301 0.005655 -0.005675 0.005434
 1.130973 -1.382301 0.004393 -0.007970 -0.002958
 1.256637 -1.382301 0.003999 -0.003763 -0.010108
 1.382301 -1.382301 0.002572 -0.016219 -0.010092
 1.507964 -1.382301 0.000886 -0.009209 -0.006217
 1.633628 -1.382301 0.000174 -0.002784 -0.001771
 1.759292 -1.382301 0.000014 -0.000335 -0.000187
 1.884956 -1.382301 0.000000 -0.000009 -0.000005
 2.010619 -1.382301 0.000000 0.000000 0.000000
 2.136283 -1.382301 0.000000 0.000000 0.000000
 2.261947 -1.382301 0.000000 0.000000 0.000000
 2.387610 -1.382301 0.000000 0.000000 -0.000000
 2.513274 -1.382301 0.000000 0.000008 -0.000001
 2.638938 -1.382301 0.000019 0.000590 -0.000054
 2.764602 -1.382301 0.000561 0.012735 -0.000069
 2.890265 -1.382301 0.005970 0.090944 0.004163
 3.015929 -1.382301 0.028225 0.276890 0.006731

 -3.141593 -1.256637 0.067423 0.379481 -0.086010
 -3.015929 -1.256637 0.107003 0.217720 -0.064865
 -2.890265 -1.256637 0.126811 0.135695 -0.055457
 -2.764602 -1.256637 0.144201 0.134508 -0.075819
 -2.638938 -1.256637 0.159446 0.103845 -0.063126
 -2.513274 -1.256637 0.167367 0.017610 -0.026183
 -2.387610 -1.256637 0.166212 -0.024748 0.055539
 -2.261947 -1.256637 0.159995 -0.085882 0.078166
 -2.136283 -1.256637 0.143618 -0.159030 0.019290
 -2.010619 -1.256637 0.126695 -0.084514 -0.027237
 -1.884956 -1.256637 0.123772 0.027791 -0.053058
 -1.759292 -1.256637 0.130267 0.071324 -0.055956
 -1.633628 -1.256637 0.142877 0.141216 -0.043628
 -1.507964 -1.256637 0.163372 0.148331 -0.043504
 -1.382301 -1.256637 0.173153 0.008276 -0.061827
 -1.256637 -1.256637 0.165188 -0.139872 -0.082308
 -1.130973 -1.256637 0.143675 -0.154602 -0.044743
 -1.005310 -1.256637 0.132218 -0.035084 -0.012763
 -0.879646 -1.256637 0.129569 -0.029882 -0.045528
 -0.753982 -1.256637 0.119093 -0.147980 -0.091176
 -0.628319 -1.256637 0.091967 -0.277286 -0.090850
 -0.502655 -1.256637 0.053695 -0.298719 -0.075442
 -0.376991 -1.256637 0.023190 -0.180729 -0.048995
 -0.251327 -1.256637 0.007154 -0.077021 -0.016588
 -0.125664 -1.256637 0.002191 -0.013579 -0.002164
 0.000000 -1.256637 0.001166 -0.005520 0.000802
 0.125664 -1.256637 0.000905 0.000727 0.000580
 0.251327 -1.256637 0.000991 0.001081 0.000831
 0.376991 -1.256637 0.001568 0.008800 -0.002623
 0.502655 -1.256637 0.002924 0.010707 -0.009696
 0.628319 -1.256637 0.003989 0.006715 -0.005061
 0.753982 -1.256637 0.004814 0.006764 0.005067
 0.879646 -1.256637 0.005747 0.007912 0.004586
 1.005310 -1.256637 0.006062 -0.007786 0.005092
 1.130973 -1.256637 0.003915 -0.018865 -0.000128
 1.256637 -1.256637 0.002514 -0.006264 -0.008260
 1.382301 -1.256637 0.001361 -0.011487 -0.006569
 1.507964 -1.256637 0.000289 -0.004523 -0.002559
 1.633628 -1.256637 0.000030 -0.000605 -0.000506
 1.759292 -1.256637 0.000001 -0.000040 -0.000033
 1.884956 -1.256637 0.000000 -0.000000 -0.000000
 2.010619 -1.256637 0.000000 0.000000 0.000000
 2.136283 -1.256637 0.000000 0.000000 0.000000
 2.261947 -1.256637 0.000000 0.000000 0.000000
 2.387610 -1.256637 0.000000 0.000000 -0.000000
 2.513274 -1.256637 0.000000 0.000008 0.000001
 2.638938 -1.256637 0.000019 0.000606 0.000034
 2.764602 -1.256637 0.000550 0.012232 -0.000611
 2.890265 -1.256637 0.005553 0.082620 -0.013565
 3.015929 -1.256637 0.025564 0.250070 -0.053618

 -3.141593 -1.130973 0.053610 0.360856 -0.126160
 -3.015929 -1.130973 0.095822 0.267186 -0.127229
 -2.890265 -1.130973 0.118745 0.119212 -0.090351
 -2.764602 -1.130973 0.131473 0.098548 -0.102909
 -2.638938 -1.130973 0.145833 0.132198 -0.113876
 -2.513274 -1.130973 0.162373 0.118990 -0.038202
 -2.387610 -1.130973 0.172189 0.019205 0.024061
 -2.261947 -1.130973 0.164418 -0.133294 -0.020669
 -2.136283 -1.130973 0.142854 -0.191771 -0.037898
 -2.010619 -1.130973 0.121814 -0.117092 -0.046728
 -1.884956 -1.130973 0.114893 -0.002231 -0.074151
 -1.759292 -1.130973 0.119722 0.079610 -0.095502
 -1.633628 -1.130973 0.133487 0.136180 -0.110476
 -1.507964 -1.130973 0.151801 0.132255 -0.161413
 -1.382301 -1.130973 0.160464 -0.001677 -0.163874
 -1.256637 -1.130973 0.152350 -0.113469 -0.128638
 -1.130973 -1.130973 0.138359 -0.086315 -0.043991
 -1.005310 -1.130973 0.130569 -0.044259 -0.013752
 -0.879646 -1.130973 0.124361 -0.075261 -0.028546
 -0.753982 -1.130973 0.107909 -0.181795 -0.069178
 -0.628319 -1.130973 0.079509 -0.271032 -0.096873
 -0.502655 -1.130973 0.043095 -0.274634 -0.091365
 -0.376991 -1.130973 0.016753 -0.140606 -0.053147
 -0.251327 -1.130973 0.005287 -0.051608 -0.014606
 -0.125664 -1.130973 0.001827 -0.010601 -0.005059
 0.000000 -1.130973 0.000987 -0.004856 -0.003877
 0.125664 -1.130973 0.000729 0.000563 -0.003032
 0.251327 -1.130973 0.000790 0.000062 -0.003171
 0.376991 -1.130973 0.000881 0.001598 -0.005550
 0.502655 -1.130973 0.001270 0.005727 -0.011831
 0.628319 -1.130973 0.002530 0.013503 -0.016202
 0.753982 -1.130973 0.004197 0.012186 -0.015802
 0.879646 -1.130973 0.005775 0.012883 -0.007922
 1.005310 -1.130973 0.006465 -0.007339 -0.004584
 1.130973 -1.130973 0.004143 -0.022123 -0.000119
 1.256637 -1.130973 0.002162 -0.010278 0.000967
 1.382301 -1.130973 0.000949 -0.009235 -0.000872
 1.507964 -1.130973 0.000150 -0.002986 -0.000251
 1.633628 -1.130973 0.000006 -0.000185 -0.000028
 1.759292 -1.130973 0.000000 -0.000001 -0.000001
 1.884956 -1.130973 0.000000 0.000000 0.000000
 2.010619 -1.130973 0.000000 0.000000 0.000000
 2.136283 -1.130973 0.000000 0.000000 0.000000
 2.261947 -1.130973 0.000000 0.000000 0.000000
 2.387610 -1.130973 0.000000 0.000000 0.000000
 2.513274 -1.130973 0.000000 0.000011 -0.000000
 2.638938 -1.130973 0.000020 0.000583 -0.000041
 2.764602 -1.130973 0.000407 0.007966 -0.001549
 2.890265 -1.130973 0.003357 0.049177 -0.017020
 3.015929 -1.130973 0.017225 0.193584 -0.066421

 -3.141593 -1.005310 0.037316 0.292350 -0.122149
 -3.015929 -1.005310 0.075254 0.275836 -0.179317
 -2.890265 -1.005310 0.103279 0.175048 -0.141004
 -2.764602 -1.005310 0.120283 0.100789 -0.081517
 -2.638938 -1.005310 0.133198 0.127475 -0.106760
 -2.513274 -1.005310 0.152250 0.151824 -0.156256
 -2.387610 -1.005310 0.162930 -0.008102 -0.194575
 -2.261947 -1.005310 0.150650 -0.156545 -0.199799
 -2.136283 -1.005310 0.129573 -0.169955 -0.179470
 -2.010619 -1.005310 0.111132 -0.101789 -0.136598
 -1.884956 -1.005310 0.104304 -0.018855 -0.107953
 -1.759292 -1.005310 0.106028 0.051204 -0.132322
 -1.633628 -1.005310 0.114629 0.072115 -0.180102
 -1.507964 -1.005310 0.123167 0.066982 -0.268136
 -1.382301 -1.005310 0.129771 0.026351 -0.306086
 -1.256637 -1.005310 0.129454 -0.018018 -0.233186
 -1.130973 -1.005310 0.127896 -0.008109 -0.135198
 -1.005310 -1.005310 0.125607 -0.028057 -0.088266
 -0.879646 -1.005310 0.118924 -0.097321 -0.094698
 -0.753982 -1.005310 0.098467 -0.219806 -0.120735
 -0.628319 -1.005310 0.065772 -0.292285 -0.144649
 -0.502655 -1.005310 0.030135 -0.241964 -0.117640
 -0.376991 -1.005310 0.009461 -0.091447 -0.059263
 -0.251327 -1.005310 0.002896 -0.027255 -0.021462
 -0.125664 -1.005310 0.000870 -0.007396 -0.008231
 0.000000 -1.005310 0.000374 -0.002011 -0.004498
 0.125664 -1.005310 0.000297 0.000577 -0.003207
 0.251327 -1.005310 0.000347 0.000016 -0.003454
 0.376991 -1.005310 0.000343 -0.000228 -0.003398
 0.502655 -1.005310 0.000315 0.000709 -0.004146
 0.628319 -1.005310 0.000735 0.006051 -0.009806
 0.753982 -1.005310 0.001852 0.012468 -0.016253
 0.879646 -1.005310 0.003810 0.015849 -0.018900
 1.005310 -1.005310 0.004755 -0.003267 -0.017650
 1.130973 -1.005310 0.003567 -0.011291 -0.007547
 1.256637 -1.005310 0.002267 -0.010250 -0.000917
 1.382301 -1.005310 0.000949 -0.009597 -0.000068
 1.507964 -1.005310 0.000149 -0.002950 0.000044
 1.633628 -1.005310 0.000006 -0.000186 0.000006
 1.759292 -1.005310 0.000000 0.000000 0.000000
 1.884956 -1.005310 0.000000 0.000000 0.000000
 2.010619 -1.005310 0.000000 0.000000 0.000000
 2.136283 -1.005310 0.000000 0.000000 0.000000
 2.261947 -1.005310 0.000000 0.000000 0.000000
 2.387610 -1.005310 0.000000 0.000000 0.000000
 2.513274 -1.005310 0.000000 0.000005 -0.000001
 2.638938 -1.005310 0.000010 0.000272 -0.000100
 2.764602 -1.005310 0.000181 0.003473 -0.001763
 2.890265 -1.005310 0.001564 0.025045 -0.011448
 3.015929 -1.005310 0.010049 0.130601 -0.046470

 -3.141593 -0.879646 0.023323 0.204618 -0.108139
 -3.015929 -0.879646 0.052778 0.247425 -0.183712
 -2.890265 -0.879646 0.083960 0.240837 -0.174371
 -2.764602 -0.879646 0.107448 0.112780 -0.132802
 -2.638938 -0.879646 0.115259 0.044481 -0.169054
 -2.513274 -0.879646 0.122802 0.067647 -0.275670
 -2.387610 -0.879646 0.126744 -0.021683 -0.337687
 -2.261947 -0.879646 0.117927 -0.105543 -0.293688
 -2.136283 -0.879646 0.102030 -0.134123 -0.227009
 -2.010619 -0.879646 0.089731 -0.046502 -0.175291
 -1.884956 -0.879646 0.087559 -0.006834 -0.141195
 -1.759292 -0.879646 0.087996 0.026202 -0.133142
 -1.633628 -0.879646 0.092576 0.024790 -0.156065
 -1.507964 -0.879646 0.091567 -0.025448 -0.215847
 -1.382301 -0.879646 0.091508 0.033395 -0.267410
 -1.256637 -0.879646 0.098186 0.061749 -0.234647
 -1.130973 -0.879646 0.104754 0.035876 -0.212020
 -1.005310 -0.879646 0.105382 -0.030358 -0.219546
 -0.879646 -0.879646 0.095516 -0.133097 -0.261486
 -0.753982 -0.879646 0.072201 -0.225923 -0.276258
 -0.628319 -0.879646 0.041590 -0.247175 -0.214972
 -0.502655 -0.879646 0.015130 -0.154008 -0.105603
 -0.376991 -0.879646 0.003530 -0.042158 -0.031333
 -0.251327 -0.879646 0.000888 -0.009248 -0.009215
 -0.125664 -0.879646 0.000190 -0.002595 -0.002539
 0.000000 -0.879646 0.000045 -0.000315 -0.000958
 0.125664 -0.879646 0.000041 0.000142 -0.000863
 0.251327 -0.879646 0.000052 0.000025 -0.001078
 0.376991 -0.879646 0.000053 -0.000055 -0.001075
 0.502655 -0.879646 0.000037 -0.000055 -0.000787
 0.628319 -0.879646 0.000097 0.001317 -0.001741
 0.753982 -0.879646 0.000533 0.006549 -0.005840
 0.879646 -0.879646 0.001771 0.011543 -0.013256
 1.005310 -0.879646 0.002718 0.001612 -0.015342
 1.130973 -0.879646 0.002421 -0.004314 -0.011239
 1.256637 -0.879646 0.001721 -0.007269 -0.007755
 1.382301 -0.879646 0.000719 -0.007366 -0.003701
 1.507964 -0.879646 0.000113 -0.002217 -0.000646
 1.633628 -0.879646 0.000005 -0.000147 -0.000028
 1.759292 -0.879646 0.000000 0.000000 0.000000
 1.884956 -0.879646 0.000000 0.000000 0.000000
 2.010619 -0.879646 0.000000 0.000000 0.000000
 2.136283 -0.879646 0.000000 0.000000 0.000000
 2.261947 -0.879646 0.000000 0.000000 0.000000
 2.387610 -0.879646 0.000000 0.000000 0.000000
 2.513274 -0.879646 0.000000 0.000001 -0.000000
 2.638938 -0.879646 0.000001 0.000040 -0.000028
 2.764602 -0.879646 0.000034 0.000792 -0.000544
 2.890265 -0.879646 0.000554 0.011520 -0.004878
 3.015929 -0.879646 0.005340 0.079528 -0.031452

 -3.141593 -0.753982 0.010240 0.108358 -0.087847
 -3.015929 -0.753982 0.029363 0.193490 -0.175612
 -2.890265 -0.753982 0.057884 0.246948 -0.238222
 -2.764602 -0.753982 0.084155 0.142210 -0.247120
 -2.638938 -0.753982 0.092233 0.002025 -0.209205
 -2.513274 -0.753982 0.090100 -0.019063 -0.243364
 -2.387610 -0.753982 0.087463 -0.029038 -0.271566
 -2.261947 -0.753982 0.083439 -0.032256 -0.238359
 -2.136283 -0.753982 0.077544 -0.060429 -0.162426
 -2.010619 -0.753982 0.071603 -0.022628 -0.117123
 -1.884956 -0.753982 0.071570 0.016547 -0.113727
 -1.759292 -0.753982 0.074562 0.026446 -0.086258
 -1.633628 -0.753982 0.075669 -0.020234 -0.113193
 -1.507964 -0.753982 0.069176 -0.063641 -0.139685
 -1.382301 -0.753982 0.066704 0.040353 -0.126868
 -1.256637 -0.753982 0.076145 0.080348 -0.110227
 -1.130973 -0.753982 0.081489 0.000567 -0.140945
 -1.005310 -0.753982 0.076615 -0.079486 -0.215864
 -0.879646 -0.753982 0.060911 -0.165482 -0.259888
 -0.753982 -0.753982 0.038405 -0.176167 -0.230598
 -0.628319 -0.753982 0.018453 -0.137273 -0.140901
 -0.502655 -0.753982 0.005538 -0.064001 -0.049432
 -0.376991 -0.753982 0.001121 -0.014704 -0.010640
 -0.251327 -0.753982 0.000223 -0.002788 -0.002738
 -0.125664 -0.753982 0.000034 -0.000618 -0.000509
 0.000000 -0.753982 0.000002 -0.000045 -0.000053
 0.125664 -0.753982 0.000001 0.000006 -0.000044
 0.251327 -0.753982 0.000002 0.000002 -0.000060
 0.376991 -0.753982 0.000002 -0.000002 -0.000063
 0.502655 -0.753982 0.000001 -0.000001 -0.000040
 0.628319 -0.753982 0.000008 0.000185 -0.000168
 0.753982 -0.753982 0.000099 0.001628 -0.001618
 0.879646 -0.753982 0.000495 0.004468 -0.006562
 1.005310 -0.753982 0.000956 0.001677 -0.010979
 1.130973 -0.753982 0.000911 -0.001615 -0.010482
 1.256637 -0.753982 0.000619 -0.003098 -0.007653
 1.382301 -0.753982 0.000223 -0.002593 -0.003097
 1.507964 -0.753982 0.000030 -0.000620 -0.000472
 1.633628 -0.753982 0.000001 -0.000037 -0.000020
 1.759292 -0.753982 0.000000 0.000000 0.000000
 1.884956 -0.753982 0.000000 0.000000 0.000000
 2.010619 -0.753982 0.000000 0.000000 0.000000
 2.136283 -0.753982 0.000000 0.000000 0.000000
 2.261947 -0.753982 0.000000 0.000000 0.000000
 2.387610 -0.753982 0.000000 0.000000 0.000000
 2.513274 -0.753982 0.000000 0.000000 -0.000000
 2.638938 -0.753982 0.000000 0.000002 -0.000002
 2.764602 -0.753982 0.000005 0.000144 -0.000072
 2.890265 -0.753982 0.000152 0.003633 -0.001923
 3.015929 -0.753982 0.001896 0.031294 -0.020794

 -3.141593 -0.628319 0.002937 0.039480 -0.031539
 -3.015929 -0.628319 0.011529 0.099772 -0.102711
 -2.890265 -0.628319 0.027975 0.157797 -0.210259
 -2.764602 -0.628319 0.048250 0.147306 -0.287241
 -2.638938 -0.628319 0.060460 0.034661 -0.279756
 -2.513274 -0.628319 0.059196 -0.027850 -0.245741
 -2.387610 -0.628319 0.057149 -0.007246 -0.218042
 -2.261947 -0.628319 0.056958 0.005559 -0.194382
 -2.136283 -0.628319 0.057227 -0.005131 -0.171500
 -2.010619 -0.628319 0.056289 -0.004344 -0.132669
 -1.884956 -0.628319 0.057995 0.038623 -0.102741
 -1.759292 -0.628319 0.063829 0.034701 -0.091998
 -1.633628 -0.628319 0.063876 -0.033072 -0.078029
 -1.507964 -0.628319 0.057571 -0.048214 -0.044073
 -1.382301 -0.628319 0.057243 0.052994 -0.035618
 -1.256637 -0.628319 0.066732 0.065142 -0.058848
 -1.130973 -0.628319 0.067403 -0.060626 -0.101466
 -1.005310 -0.628319 0.053335 -0.148187 -0.155624
 -0.879646 -0.628319 0.033691 -0.153385 -0.170383
 -0.753982 -0.628319 0.016712 -0.110281 -0.118480
 -0.628319 -0.628319 0.006269 -0.057793 -0.057348
 -0.502655 -0.628319 0.001576 -0.019661 -0.016560
 -0.376991 -0.628319 0.000285 -0.004180 -0.003447
 -0.251327 -0.628319 0.000035 -0.000635 -0.000589
 -0.125664 -0.628319 0.000003 -0.000063 -0.000069
 0.000000 -0.628319 0.000000 -0.000003 -0.000003
 0.125664 -0.628319 0.000000 0.000000 0.000000
 0.251327 -0.628319 0.000000 0.000000 0.000000
 0.376991 -0.628319 0.000000 0.000000 -0.000000
 0.502655 -0.628319 0.000000 0.000000 -0.000000
 0.628319 -0.628319 0.000000 0.000010 -0.000010
 0.753982 -0.628319 0.000008 0.000156 -0.000183
 0.879646 -0.628319 0.000058 0.000672 -0.001212
 1.005310 -0.628319 0.000137 0.000311 -0.002695
 1.130973 -0.628319 0.000121 -0.000382 -0.002515
 1.256637 -0.628319 0.000069 -0.000439 -0.001568
 1.382301 -0.628319 0.000020 -0.000277 -0.000497
 1.507964 -0.628319 0.000002 -0.000048 -0.000058
 1.633628 -0.628319 0.000000 -0.000002 -0.000002
 1.759292 -0.628319 0.000000 0.000000 0.000000
 1.884956 -0.628319 0.000000 0.000000 0.000000
 2.010619 -0.628319 0.000000 0.000000 0.000000
 2.136283 -0.628319 0.000000 0.000000 0.000000
 2.261947 -0.628319 0.000000 0.000000 0.000000
 2.387610 -0.628319 0.000000 0.000000 0.000000
 2.513274 -0.628319 0.000000 0.000000 0.000000
 2.638938 -0.628319 0.000000 0.000000 -0.000000
 2.764602 -0.628319 0.000000 0.000016 -0.000010
 2.890265 -0.628319 0.000021 0.000545 -0.000378
 3.015929 -0.628319 0.000370 0.007271 -0.005148

 -3.141593 -0.502655 0.000666 0.009976 -0.008998
 -3.015929 -0.502655 0.003037 0.029854 -0.037777
 -2.890265 -0.502655 0.008960 0.067008 -0.093312
 -2.764602 -0.502655 0.019301 0.090253 -0.163352
 -2.638938 -0.502655 0.028751 0.047258 -0.202038
 -2.513274 -0.502655 0.031149 0.005394 -0.185343
 -2.387610 -0.502655 0.032458 0.013670 -0.166646
 -2.261947 -0.502655 0.034072 0.012679 -0.160027
 -2.136283 -0.502655 0.035783 0.017977 -0.156795
 -2.010619 -0.502655 0.039180 0.034622 -0.136579
 -1.884956 -0.502655 0.044437 0.049728 -0.121912
 -1.759292 -0.502655 0.050134 0.036881 -0.126647
 -1.633628 -0.502655 0.054659 0.033298 -0.072668
 -1.507964 -0.502655 0.055765 -0.015054 0.000526
 -1.382301 -0.502655 0.055461 0.026027 0.003322
 -1.256637 -0.502655 0.059633 0.013362 -0.046862
 -1.130973 -0.502655 0.054227 -0.101357 -0.097870
 -1.005310 -0.502655 0.036457 -0.164104 -0.111265
 -0.879646 -0.502655 0.017550 -0.122351 -0.088916
 -0.753982 -0.502655 0.006636 -0.055536 -0.048696
 -0.628319 -0.502655 0.002042 -0.021539 -0.017473
 -0.502655 -0.502655 0.000457 -0.006038 -0.004352
 -0.376991 -0.502655 0.000064 -0.001181 -0.000732
 -0.251327 -0.502655 0.000004 -0.000098 -0.000061
 -0.125664 -0.502655 0.000000 -0.000002 -0.000001
 0.000000 -0.502655 0.000000 0.000000 0.000000
 0.125664 -0.502655 0.000000 0.000000 0.000000
 0.251327 -0.502655 0.000000 0.000000 0.000000
 0.376991 -0.502655 0.000000 0.000000 0.000000
 0.502655 -0.502655 0.000000 0.000000 0.000000
 0.628319 -0.502655 0.000000 0.000000 -0.000000
 0.753982 -0.502655 0.000000 0.000004 -0.000004
 0.879646 -0.502655 0.000002 0.000028 -0.000057
 1.005310 -0.502655 0.000006 0.000015 -0.000164
 1.130973 -0.502655 0.000004 -0.000023 -0.000136
 1.256637 -0.502655 0.000002 -0.000016 -0.000063
 1.382301 -0.502655 0.000000 -0.000007 -0.000015
 1.507964 -0.502655 0.000000 -0.000001 -0.000001
 1.633628 -0.502655 0.000000 -0.000000 -0.000000
 1.759292 -0.502655 0.000000 0.000000 0.000000
 1.884956 -0.502655 0.000000 0.000000 0.000000
 2.010619 -0.502655 0.000000 0.000000 0.000000
 2.136283 -0.502655 0.000000 0.000000 0.000000
 2.261947 -0.502655 0.000000 0.000000 0.000000
 2.387610 -0.502655 0.000000 0.000000 0.000000
 2.513274 -0.502655 0.000000 0.000000 0.000000
 2.638938 -0.502655 0.000000 0.000000 -0.000000
 2.764602 -0.502655 0.000000 0.000001 -0.000001
 2.890265 -0.502655 0.000002 0.000062 -0.000036
 3.015929 -0.502655 0.000062 0.001433 -0.000942

 -3.141593 -0.376991 0.000080 0.001332 -0.001623
 -3.015929 -0.376991 0.000474 0.005984 -0.008041
 -2.890265 -0.376991 0.002045 0.020955 -0.026635
 -2.764602 -0.376991 0.005904 0.039754 -0.060222
 -2.638938 -0.376991 0.011165 0.037373 -0.084888
 -2.513274 -0.376991 0.014508 0.019044 -0.083825
 -2.387610 -0.376991 0.016679 0.015306 -0.086865
 -2.261947 -0.376991 0.018200 0.008128 -0.093061
 -2.136283 -0.376991 0.019050 0.011173 -0.107808
 -2.010619 -0.376991 0.021873 0.032023 -0.132891
 -1.884956 -0.376991 0.026559 0.041357 -0.152362
 -1.759292 -0.376991 0.032606 0.064115 -0.144473
 -1.633628 -0.376991 0.044088 0.104506 -0.101236
 -1.507964 -0.376991 0.052928 0.029689 -0.061503
 -1.382301 -0.376991 0.054973 0.013929 -0.032318
 -1.256637 -0.376991 0.054497 -0.036298 -0.053663
 -1.130973 -0.376991 0.044145 -0.124439 -0.072744
 -1.005310 -0.376991 0.026020 -0.148290 -0.056695
 -0.879646 -0.376991 0.010218 -0.093973 -0.031948
 -0.753982 -0.376991 0.002746 -0.030429 -0.017513
 -0.628319 -0.376991 0.000639 -0.008010 -0.006663
 -0.502655 -0.376991 0.000105 -0.001651 -0.001518
 -0.376991 -0.376991 0.000011 -0.000228 -0.000193
 -0.251327 -0.376991 0.000000 -0.000012 -0.000008
 -0.125664 -0.376991 0.000000 -0.000000 -0.000000
 0.000000 -0.376991 0.000000 0.000000 0.000000
 0.125664 -0.376991 0.000000 0.000000 0.000000
 0.251327 -0.376991 0.000000 0.000000 0.000000
 0.376991 -0.376991 0.000000 0.000000 0.000000
 0.502655 -0.376991 0.000000 0.000000 0.000000
 0.628319 -0.376991 0.000000 0.000000 0.000000
 0.753982 -0.376991 0.000000 0.000000 0.000000
 0.879646 -0.376991 0.000000 0.000000 0.000000
 1.005310 -0.376991 0.000000 0.000000 0.000000
 1.130973 -0.376991 0.000000 0.000000 0.000000
 1.256637 -0.376991 0.000000 0.000000 0.000000
 1.382301 -0.376991 0.000000 0.000000 0.000000
 1.507964 -0.376991 0.000000 0.000000 0.000000
 1.633628 -0.376991 0.000000 0.000000 0.000000
 1.759292 -0.376991 0.000000 0.000000 0.000000
 1.884956 -0.376991 0.000000 0.000000 0.000000
 2.010619 -0.376991 0.000000 0.000000 0.000000
 2.136283 -0.376991 0.000000 0.000000 0.000000
 2.261947 -0.376991 0.000000 0.000000 0.000000
 2.387610 -0.376991 0.000000 0.000000 0.000000
 2.513274 -0.376991 0.000000 0.000000 0.000000
 2.638938 -0.376991 0.000000 0.000000 0.000000
 2.764602 -0.376991 0.000000 0.000000 -0.000000
 2.890265 -0.376991 0.000000 0.000005 -0.000003
 3.015929 -0.376991 0.000006 0.000148 -0.000133

 -3.141593 -0.251327 0.000003 0.000074 -0.000093
 -3.015929 -0.251327 0.000041 0.000746 -0.000873
 -2.890265 -0.251327 0.000315 0.004445 -0.005227
 -2.764602 -0.251327 0.001490 0.015941 -0.016803
 -2.638938 -0.251327 0.004308 0.025435 -0.032815
 -2.513274 -0.251327 0.006831 0.013609 -0.046444
 -2.387610 -0.251327 0.008149 0.009232 -0.054722
 -2.261947 -0.251327 0.009150 0.004067 -0.056298
 -2.136283 -0.251327 0.008679 -0.008887 -0.058620
 -2.010619 -0.251327 0.008185 0.004130 -0.077061
 -1.884956 -0.251327 0.009962 0.025918 -0.098739
 -1.759292 -0.251327 0.015830 0.073817 -0.114184
 -1.633628 -0.251327 0.028166 0.107353 -0.145871
 -1.507964 -0.251327 0.038620 0.055609 -0.157517
 -1.382301 -0.251327 0.043301 0.018072 -0.150143
 -1.256637 -0.251327 0.041654 -0.046338 -0.146583
 -1.130973 -0.251327 0.032474 -0.093899 -0.111729
 -1.005310 -0.251327 0.019563 -0.105146 -0.056385
 -0.879646 -0.251327 0.007671 -0.076373 -0.017986
 -0.753982 -0.251327 0.001480 -0.023795 -0.005252
 -0.628319 -0.251327 0.000153 -0.002893 -0.001587
 -0.502655 -0.251327 0.000011 -0.000227 -0.000232
 -0.376991 -0.251327 0.000001 -0.000015 -0.000017
 -0.251327 -0.251327 0.000000 -0.000001 -0.000001
 -0.125664 -0.251327 0.000000 0.000000 0.000000
 0.000000 -0.251327 0.000000 0.000000 0.000000
 0.125664 -0.251327 0.000000 0.000000 0.000000
 0.251327 -0.251327 0.000000 0.000000 0.000000
 0.376991 -0.251327 0.000000 0.000000 0.000000
 0.502655 -0.251327 0.000000 0.000000 0.000000
 0.628319 -0.251327 0.000000 0.000000 0.000000
 0.753982 -0.251327 0.000000 0.000000 0.000000
 0.879646 -0.251327 0.000000 0.000000 0.000000
 1.005310 -0.251327 0.000000 0.000000 0.000000
 1.130973 -0.251327 0.000000 0.000000 0.000000
 1.256637 -0.251327 0.000000 0.000000 0.000000
 1.382301 -0.251327 0.000000 0.000000 0.000000
 1.507964 -0.251327 0.000000 0.000000 0.000000
 1.633628 -0.251327 0.000000 0.000000 0.000000
 1.759292 -0.251327 0.000000 0.000000 0.000000
 1.884956 -0.251327 0.000000 0.000000 0.000000
 2.010619 -0.251327 0.000000 0.000000 0.000000
 2.136283 -0.251327 0.000000 0.000000 0.000000
 2.261947 -0.251327 0.000000 0.000000 0.000000
 2.387610 -0.251327 0.000000 0.000000 0.000000
 2.513274 -0.251327 0.000000 0.000000 0.000000
 2.638938 -0.251327 0.000000 0.000000 0.000000
 2.764602 -0.251327 0.000000 0.000000 0.000000
 2.890265 -0.251327 0.000000 0.000000 -0.000000
 3.015929 -0.251327 0.000000 0.000004 -0.000004

 -3.141593 -0.125664 0.000000 0.000002 -0.000001
 -3.015929 -0.125664 0.000002 0.000061 -0.000038
 -2.890265 -0.125664 0.000049 0.001073 -0.000364
 -2.764602 -0.125664 0.000480 0.006823 -0.002475
 -2.638938 -0.125664 0.001725 0.010788 -0.010961
 -2.513274 -0.125664 0.002609 0.003367 -0.019558
 -2.387610 -0.125664 0.003066 0.005182 -0.024134
 -2.261947 -0.125664 0.003778 0.004604 -0.027055
 -2.136283 -0.125664 0.003756 -0.006190 -0.020392
 -2.010619 -0.125664 0.002598 -0.008192 -0.016175
 -1.884956 -0.125664 0.002598 0.010399 -0.022934
 -1.759292 -0.125664 0.005624 0.038820 -0.045909
 -1.633628 -0.125664 0.011972 0.057855 -0.094887
 -1.507964 -0.125664 0.018858 0.046346 -0.133140
 -1.382301 -0.125664 0.022570 0.012520 -0.151864
 -1.256637 -0.125664 0.022563 -0.012435 -0.138046
 -1.130973 -0.125664 0.018873 -0.046853 -0.096559
 -1.005310 -0.125664 0.011644 -0.062287 -0.061833
 -0.879646 -0.125664 0.004587 -0.044981 -0.026671
 -0.753982 -0.125664 0.000923 -0.014572 -0.003686
 -0.628319 -0.125664 0.000081 -0.001855 -0.000024
 -0.502655 -0.125664 0.000002 -0.000063 0.000003
 -0.376991 -0.125664 0.000000 -0.000000 -0.000000
 -0.251327 -0.125664 0.000000 0.000000 0.000000
 -0.125664 -0.125664 0.000000 0.000000 0.000000
 0.000000 -0.125664 0.000000 0.000000 0.000000
 0.125664 -0.125664 0.000000 0.000000 0.000000
 0.251327 -0.125664 0.000000 0.000000 0.000000
 0.376991 -0.125664 0.000000 0.000000 0.000000
 0.502655 -0.125664 0.000000 0.000000 0.000000
 0.628319 -0.125664 0.000000 0.000000 0.000000
 0.753982 -0.125664 0.000000 0.000000 0.000000
 0.879646 -0.125664 0.000000 0.000000 0.000000
 1.005310 -0.125664 0.000000 0.000000 0.000000
 1.130973 -0.125664 0.000000 0.000000 0.000000
 1.256637 -0.125664 0.000000 0.000000 0.000000
 1.382301 -0.125664 0.000000 0.000000 0.000000
 1.507964 -0.125664 0.000000 0.000000 0.000000
 1.633628 -0.125664 0.000000 0.000000 0.000000
 1.759292 -0.125664 0.000000 0.000000 0.000000
 1.884956 -0.125664 0.000000 0.000000 0.000000
 2.010619 -0.125664 0.000000 0.000000 0.000000
 2.136283 -0.125664 0.000000 0.000000 0.000000
 2.261947 -0.125664 0.000000 0.000000 0.000000
 2.387610 -0.125664 0.000000 0.000000 0.000000
 2.513274 -0.125664 0.000000 0.000000 0.000000
 2.638938 -0.125664 0.000000 0.000000 0.000000
 2.764602 -0.125664 0.000000 0.000000 0.000000
 2.890265 -0.125664 0.000000 0.000000 0.000000
 3.015929 -0.125664 0.000000 0.000000 -0.000000

 -3.141593 0.000000 0.000000 0.000000 -0.000000
 -3.015929 0.000000 0.000001 0.000028 -0.000004
 -2.890265 0.000000 0.000030 0.000686 -0.000156
 -2.764602 0.000000 0.000272 0.003445 -0.001639
 -2.638938 0.000000 0.000847 0.005137 -0.004371
 -2.513274 0.000000 0.001372 0.002571 -0.002779
 -2.387610 0.000000 0.001612 0.002484 -0.001714
 -2.261947 0.000000 0.002148 0.006209 -0.001330
 -2.136283 0.000000 0.002964 0.003962 0.004579
 -2.010619 0.000000 0.002646 -0.006825 0.012568
 -1.884956 0.000000 0.002348 0.003865 0.014295
 -1.759292 0.000000 0.003243 0.009429 0.004269
 -1.633628 0.000000 0.004990 0.019725 -0.019363
 -1.507964 0.000000 0.007971 0.023296 -0.039065
 -1.382301 0.000000 0.009642 0.002980 -0.049211
 -1.256637 0.000000 0.009585 -0.001459 -0.062894
 -1.130973 0.000000 0.008813 -0.015061 -0.059042
 -1.005310 0.000000 0.005600 -0.031404 -0.031731
 -0.879646 0.000000 0.002238 -0.019649 -0.010296
 -0.753982 0.000000 0.000591 -0.007617 -0.002163
 -0.628319 0.000000 0.000072 -0.001519 -0.000264
 -0.502655 0.000000 0.000002 -0.000069 -0.000010
 -0.376991 0.000000 0.000000 0.000000 0.000000
 -0.251327 0.000000 0.000000 0.000000 0.000000
 -0.125664 0.000000 0.000000 0.000000 0.000000
 0.000000 0.000000 0.000000 0.000000 0.000000
 0.125664 0.000000 0.000000 0.000000 0.000000
 0.251327 0.000000 0.000000 0.000000 0.000000
 0.376991 0.000000 0.000000 0.000000 0.000000
 0.502655 0.000000 0.000000 0.000000 0.000000
 0.628319 0.000000 0.000000 0.000000 0.000000
 0.753982 0.000000 0.000000 0.000000 0.000000
 0.879646 0.000000 0.000000 0.000000 0.000000
 1.005310 0.000000 0.000000 0.000000 0.000000
 1.130973 0.000000 0.000000 0.000000 0.000000
 1.256637 0.000000 0.000000 0.000000 0.000000
 1.382301 0.000000 0.000000 0.000000 0.000000
 1.507964 0.000000 0.000000 0.000000 0.000000
 1.633628 0.000000 0.000000 0.000000 0.000000
 1.759292 0.000000 0.000000 0.000000 0.000000
 1.884956 0.000000 0.000000 0.000000 0.000000
 2.010619 0.000000 0.000000 0.000000 0.000000
 2.136283 0.000000 0.000000 0.000000 0.000000
 2.261947 0.000000 0.000000 0.000000 0.000000
 2.387610 0.000000 0.000000 0.000000 0.000000
 2.513274 0.000000 0.000000 0.000000 0.000000
 2.638938 0.000000 0.000000 0.000000 0.000000
 2.764602 0.000000 0.000000 0.000000 0.000000
 2.890265 0.000000 0.000000 0.000000 0.000000
 3.015929 0.000000 0.000000 0.000000 0.000000

 -3.141593 0.125664 0.000000 0.000001 0.000001
 -3.015929 0.125664 0.000001 0.000015 0.000008
 -2.890265 0.125664 0.000014 0.000301 0.000035
 -2.764602 0.125664 0.000143 0.002272 0.000479
 -2.638938 0.125664 0.000789 0.008690 0.005521
 -2.513274 0.125664 0.002087 0.009517 0.017924
 -2.387610 0.125664 0.002960 0.005762 0.028754
 -2.261947 0.125664 0.003866 0.009453 0.036410
 -2.136283 0.125664 0.005304 0.010867 0.042056
 -2.010619 0.125664 0.005868 -0.001028 0.045803
 -1.884956 0.125664 0.006014 0.005016 0.046049
 -1.759292 0.125664 0.006467 -0.000064 0.046336
 -1.633628 0.125664 0.006454 0.003449 0.040125
 -1.507964 0.125664 0.007661 0.013390 0.027368
 -1.382301 0.125664 0.008500 -0.004474 0.021881
 -1.256637 0.125664 0.006643 -0.019522 0.011595
 -1.130973 0.125664 0.004854 -0.009414 -0.005483
 -1.005310 0.125664 0.003348 -0.015884 -0.007089
 -0.879646 0.125664 0.001365 -0.013069 -0.005059
 -0.753982 0.125664 0.000290 -0.004426 -0.002202
 -0.628319 0.125664 0.000026 -0.000603 -0.000310
 -0.502655 0.125664 0.000001 -0.000019 -0.000009
 -0.376991 0.125664 0.000000 0.000000 0.000000
 -0.251327 0.125664 0.000000 0.000000 0.000000
 -0.125664 0.125664 0.000000 0.000000 0.000000
 0.000000 0.125664 0.000000 0.000000 0.000000
 0.125664 0.125664 0.000000 0.000000 0.000000
 0.251327 0.125664 0.000000 0.000000 0.000000
 0.376991 0.125664 0.000000 0.000000 0.000000
 0.502655 0.125664 0.000000 0.000000 0.000000
 0.628319 0.125664 0.000000 0.000000 0.000000
 0.753982 0.125664 0.000000 0.000000 0.000000
 0.879646 0.125664 0.000000 0.000000 0.000000
 1.005310 0.125664 0.000000 0.000000 0.000000
 1.130973 0.125664 0.000000 0.000000 0.000000
 1.256637 0.125664 0.000000 0.000000 0.000000
 1.382301 0.125664 0.000000 0.000000 0.000000
 1.507964 0.125664 0.000000 0.000000 0.000000
 1.633628 0.125664 0.000000 0.000000 0.000000
 1.759292 0.125664 0.000000 0.000000 0.000000
 1.884956 0.125664 0.000000 0.000000 0.000000
 2.010619 0.125664 0.000000 0.000000 0.000000
 2.136283 0.125664 0.000000 0.000000 0.000000
 2.261947 0.125664 0.000000 0.000000 0.000000
 2.387610 0.125664 0.000000 0.000000 0.000000
 2.513274 0.125664 0.000000 0.000000 0.000000
 2.638938 0.125664 0.000000 0.000000 0.000000
 2.764602 0.125664 0.000000 0.000000 0.000000
 2.890265 0.125664 0.000000 0.000000 0.000000
 3.015929 0.125664 0.000000 0.000000 0.000000

 -3.141593 0.251327 0.000003 0.000038 0.000085
 -3.015929 0.251327 0.000016 0.000243 0.000439
 -2.890265 0.251327 0.000117 0.001838 0.002385
 -2.764602 0.251327 0.000698 0.008720 0.010356
 -2.638938 0.251327 0.002725 0.024713 0.027358
 -2.513274 0.251327 0.006478 0.030615 0.052395
 -2.387610 0.251327 0.009805 0.023456 0.080030
 -2.261947 0.251327 0.012764 0.024075 0.103446
 -2.136283 0.251327 0.015590 0.017098 0.118978
 -2.010619 0.251327 0.015883 -0.012237 0.112165
 -1.884956 0.251327 0.014298 -0.005738 0.085710
 -1.759292 0.251327 0.014212 -0.000010 0.075777
 -1.633628 0.251327 0.014113 -0.000804 0.078847
 -1.507964 0.251327 0.014046 0.001221 0.073419
 -1.382301 0.251327 0.014285 -0.002736 0.070422
 -1.256637 0.251327 0.011714 -0.038197 0.068595
 -1.130973 0.251327 0.006741 -0.032999 0.035702
 -1.005310 0.251327 0.003452 -0.022239 0.009658
 -0.879646 0.251327 0.001141 -0.012922 0.002805
 -0.753982 0.251327 0.000197 -0.003285 0.001157
 -0.628319 0.251327 0.000015 -0.000359 0.000161
 -0.502655 0.251327 0.000000 -0.000012 0.000007
 -0.376991 0.251327 0.000000 -0.000000 0.000000
 -0.251327 0.251327 0.000000 0.000000 0.000000
 -0.125664 0.251327 0.000000 0.000000 0.000000
 0.000000 0.251327 0.000000 0.000000 0.000000
 0.125664 0.251327 0.000000 0.000000 0.000000
 0.251327 0.251327 0.000000 0.000000 0.000000
 0.376991 0.251327 0.000000 0.000000 0.000000
 0.502655 0.251327 0.000000 0.000000 0.000000
 0.628319 0.251327 0.000000 0.000000 0.000000
 0.753982 0.251327 0.000000 0.000000 0.000000
 0.879646 0.251327 0.000000 0.000000 0.000000
 1.005310 0.251327 0.000000 0.000000 0.000000
 1.130973 0.251327 0.000000 0.000000 0.000000
 1.256637 0.251327 0.000000 0.000000 0.000000
 1.382301 0.251327 0.000000 0.000000 0.000000
 1.507964 0.251327 0.000000 0.000000 0.000000
 1.633628 0.251327 0.000000 0.000000 0.000000
 1.759292 0.251327 0.000000 0.000000 0.000000
 1.884956 0.251327 0.000000 0.000000 0.000000
 2.010619 0.251327 0.000000 0.000000 0.000000
 2.136283 0.251327 0.000000 0.000000 0.000000
 2.261947 0.251327 0.000000 0.000000 0.000000
 2.387610 0.251327 0.000000 0.000000 0.000000
 2.513274 0.251327 0.000000 0.000000 0.000000
 2.638938 0.251327 0.000000 0.000000 0.000000
 2.764602 0.251327 0.000000 0.000000 0.000000
 2.890265 0.251327 0.000000 0.000000 0.000000
 3.015929 0.251327 0.000000 0.000006 0.000011

 -3.141593 0.376991 0.000077 0.000985 0.001660
 -3.015929 0.376991 0.000313 0.003225 0.006213
 -2.890265 0.376991 0.001126 0.011303 0.017703
 -2.764602 0.376991 0.003573 0.028565 0.040309
 -2.638938 0.376991 0.008395 0.048698 0.067032
 -2.513274 0.376991 0.015556 0.060979 0.095114
 -2.387610 0.376991 0.022551 0.048686 0.119856
 -2.261947 0.376991 0.027815 0.035373 0.125853
 -2.136283 0.376991 0.031480 0.019660 0.117764
 -2.010619 0.376991 0.030811 -0.031748 0.109951
 -1.884956 0.376991 0.026660 -0.019613 0.103902
 -1.759292 0.376991 0.025890 -0.000160 0.107638
 -1.633628 0.376991 0.025750 -0.003457 0.101148
 -1.507964 0.376991 0.024674 -0.009872 0.084900
 -1.382301 0.376991 0.024544 0.004912 0.080803
 -1.256637 0.376991 0.022487 -0.048839 0.092802
 -1.130973 0.376991 0.013745 -0.073946 0.073526
 -1.005310 0.376991 0.006109 -0.046049 0.034287
 -0.879646 0.376991 0.002132 -0.018939 0.012727
 -0.753982 0.376991 0.000593 -0.007330 0.004852
 -0.628319 0.376991 0.000078 -0.001561 0.000892
 -0.502655 0.376991 0.000003 -0.000101 0.000053
 -0.376991 0.376991 0.000000 -0.000000 0.000000
 -0.251327 0.376991 0.000000 -0.000000 0.000000
 -0.125664 0.376991 0.000000 -0.000000 0.000000
 0.000000 0.376991 0.000000 0.000000 0.000000
 0.125664 0.376991 0.000000 0.000000 0.000000
 0.251327 0.376991 0.000000 0.000000 0.000000
 0.376991 0.376991 0.000000 0.000000 0.000000
 0.502655 0.376991 0.000000 0.000000 0.000000
 0.628319 0.376991 0.000000 0.000000 0.000000
 0.753982 0.376991 0.000000 0.000000 0.000000
 0.879646 0.376991 0.000000 0.000000 0.000000
 1.005310 0.376991 0.000000 0.000000 0.000000
 1.130973 0.376991 0.000000 0.000000 0.000000
 1.256637 0.376991 0.000000 0.000000 0.000000
 1.382301 0.376991 0.000000 0.000000 0.000000
 1.507964 0.376991 0.000000 0.000000 0.000000
 1.633628 0.376991 0.000000 0.000000 0.000000
 1.759292 0.376991 0.000000 0.000000 0.000000
 1.884956 0.376991 0.000000 0.000000 0.000000
 2.010619 0.376991 0.000000 0.000000 0.000000
 2.136283 0.376991 0.000000 0.000000 0.000000
 2.261947 0.376991 0.000000 0.000000 0.000000
 2.387610 0.376991 0.000000 0.000000 0.000000
 2.513274 0.376991 0.000000 0.000000 0.000000
 2.638938 0.376991 0.000000 0.000000 0.000000
 2.764602 0.376991 0.000000 0.000000 0.000000
 2.890265 0.376991 0.000000 0.000013 0.000009
 3.015929 0.376991 0.000010 0.000206 0.000220

 -3.141593 0.502655 0.000627 0.008142 0.007741
 -3.015929 0.502655 0.002371 0.020594 0.029971
 -2.890265 0.502655 0.006103 0.040112 0.067876
 -2.764602 0.502655 0.012520 0.060693 0.108584
 -2.638938 0.502655 0.020982 0.073811 0.138262
 -2.513274 0.502655 0.030882 0.078472 0.146405
 -2.387610 0.502655 0.038682 0.042608 0.129645
 -2.261947 0.502655 0.042408 0.020018 0.102460
 -2.136283 0.502655 0.043981 0.005125 0.084870
 -2.010619 0.502655 0.042820 -0.025665 0.089099
 -1.884956 0.502655 0.039337 -0.018394 0.099819
 -1.759292 0.502655 0.038346 -0.004929 0.079219
 -1.633628 0.502655 0.036620 -0.023524 0.062278
 -1.507964 0.502655 0.033217 -0.021839 0.052015
 -1.382301 0.502655 0.033006 0.016474 0.057810
 -1.256637 0.502655 0.033399 -0.029849 0.078681
 -1.130973 0.502655 0.024537 -0.097102 0.093303
 -1.005310 0.502655 0.012423 -0.086491 0.065245
 -0.879646 0.502655 0.004464 -0.038854 0.025938
 -0.753982 0.502655 0.001428 -0.014406 0.009839
 -0.628319 0.502655 0.000282 -0.004536 0.002974
 -0.502655 0.502655 0.000023 -0.000531 0.000391
 -0.376991 0.502655 0.000001 -0.000019 0.000027
 -0.251327 0.502655 0.000000 -0.000001 0.000001
 -0.125664 0.502655 0.000000 -0.000000 0.000000
 0.000000 0.502655 0.000000 0.000000 0.000000
 0.125664 0.502655 0.000000 0.000000 0.000000
 0.251327 0.502655 0.000000 0.000000 0.000000
 0.376991 0.502655 0.000000 0.000000 0.000000
 0.502655 0.502655 0.000000 0.000000 0.000000
 0.628319 0.502655 0.000000 0.000000 0.000000
 0.753982 0.502655 0.000000 0.000000 0.000000
 0.879646 0.502655 0.000000 0.000000 0.000000
 1.005310 0.502655 0.000000 0.000000 0.000000
 1.130973 0.502655 0.000000 0.000000 0.000000
 1.256637 0.502655 0.000000 0.000000 0.000000
 1.382301 0.502655 0.000000 0.000000 0.000000
 1.507964 0.502655 0.000000 0.000000 0.000000
 1.633628 0.502655 0.000000 0.000000 0.000000
 1.759292 0.502655 0.000000 0.000000 0.000000
 1.884956 0.502655 0.000000 0.000000 0.000000
 2.010619 0.502655 0.000000 0.000000 0.000000
 2.136283 0.502655 0.000000 0.000000 0.000000
 2.261947 0.502655 0.000000 0.000000 0.000000
 2.387610 0.502655 0.000000 0.000000 0.000000
 2.513274 0.502655 0.000000 0.000000 0.000000
 2.638938 0.502655 0.000000 0.000000 0.000000
 2.764602 0.502655 0.000000 0.000001 0.000000
 2.890265 0.502655 0.000003 0.000096 0.000035
 3.015929 0.502655 0.000078 0.001619 0.000901

 -3.141593 0.628319 0.002174 0.029492 0.018580
 -3.015929 0.628319 0.008372 0.068500 0.066558
 -2.890265 0.628319 0.018609 0.091119 0.126790
 -2.764602 0.628319 0.030691 0.099189 0.170882
 -2.638938 0.628319 0.042473 0.082096 0.191233
 -2.513274 0.628319 0.050496 0.044762 0.156455
 -2.387610 0.628319 0.053309 0.003150 0.100547
 -2.261947 0.628319 0.053527 0.004762 0.079178
 -2.136283 0.628319 0.053766 -0.000155 0.075051
 -2.010619 0.628319 0.054062 0.000261 0.085937
 -1.884956 0.628319 0.051593 -0.040504 0.087994
 -1.759292 0.628319 0.046078 -0.037054 0.053743
 -1.633628 0.628319 0.042481 -0.023519 0.044862
 -1.507964 0.628319 0.040412 -0.004603 0.074744
 -1.382301 0.628319 0.041329 0.014925 0.082439
 -1.256637 0.628319 0.042030 -0.016065 0.061664
 -1.130973 0.628319 0.035371 -0.086449 0.077596
 -1.005310 0.628319 0.022015 -0.116420 0.090237
 -0.879646 0.628319 0.009692 -0.068644 0.064887
 -0.753982 0.628319 0.004093 -0.029224 0.038097
 -0.628319 0.628319 0.001280 -0.015077 0.015409
 -0.502655 0.628319 0.000212 -0.003437 0.003409
 -0.376991 0.628319 0.000023 -0.000425 0.000469
 -0.251327 0.628319 0.000001 -0.000034 0.000030
 -0.125664 0.628319 0.000000 -0.000001 0.000001
 0.000000 0.628319 0.000000 0.000000 0.000000
 0.125664 0.628319 0.000000 0.000000 0.000000
 0.251327 0.628319 0.000000 0.000000 0.000000
 0.376991 0.628319 0.000000 0.000000 0.000000
 0.502655 0.628319 0.000000 0.000000 0.000000
 0.628319 0.628319 0.000000 0.000000 0.000000
 0.753982 0.628319 0.000000 0.000000 0.000000
 0.879646 0.628319 0.000000 0.000000 0.000000
 1.005310 0.628319 0.000000 0.000000 0.000000
 1.130973 0.628319 0.000000 0.000000 0.000000
 1.256637 0.628319 0.000000 0.000000 0.000000
 1.382301 0.628319 0.000000 0.000000 0.000000
 1.507964 0.628319 0.000000 0.000000 0.000000
 1.633628 0.628319 0.000000 0.000000 0.000000
 1.759292 0.628319 0.000000 0.000000 0.000000
 1.884956 0.628319 0.000000 0.000000 0.000000
 2.010619 0.628319 0.000000 0.000000 0.000000
 2.136283 0.628319 0.000000 0.000000 0.000000
 2.261947 0.628319 0.000000 0.000000 0.000000
 2.387610 0.628319 0.000000 0.000000 0.000000
 2.513274 0.628319 0.000000 0.000000 0.000000
 2.638938 0.628319 0.000000 0.000000 0.000000
 2.764602 0.628319 0.000000 0.000006 0.000002
 2.890265 0.628319 0.000011 0.000334 0.000132
 3.015929 0.628319 0.000259 0.005333 0.002441

 -3.141593 0.753982 0.006090 0.072108 0.046124
 -3.015929 0.753982 0.019385 0.132062 0.109055
 -2.890265 0.753982 0.036525 0.133673 0.155371
 -2.764602 0.753982 0.052777 0.124296 0.175701
 -2.638938 0.753982 0.065688 0.068986 0.172551
 -2.513274 0.753982 0.068956 -0.011420 0.139551
 -2.387610 0.753982 0.065683 -0.025532 0.107824
 -2.261947 0.753982 0.064575 0.001952 0.103544
 -2.136283 0.753982 0.063729 -0.011719 0.084942
 -2.010619 0.753982 0.063490 0.002322 0.067154
 -1.884956 0.753982 0.060853 -0.046517 0.068581
 -1.759292 0.753982 0.054180 -0.048495 0.081599
 -1.633628 0.753982 0.050543 -0.002783 0.086797
 -1.507964 0.753982 0.053114 0.030642 0.121280
 -1.382301 0.753982 0.054370 -0.013471 0.121304
 -1.256637 0.753982 0.051315 -0.030848 0.096328
 -1.130973 0.753982 0.046217 -0.053359 0.102971
 -1.005310 0.753982 0.036373 -0.106568 0.134576
 -0.879646 0.753982 0.021871 -0.106186 0.124140
 -0.753982 0.753982 0.011204 -0.068394 0.069688
 -0.628319 0.753982 0.004132 -0.040986 0.026165
 -0.502655 0.753982 0.000976 -0.012349 0.007944
 -0.376991 0.753982 0.000159 -0.002656 0.001654
 -0.251327 0.753982 0.000011 -0.000285 0.000126
 -0.125664 0.753982 0.000000 -0.000007 0.000002
 0.000000 0.753982 0.000000 0.000000 0.000000
 0.125664 0.753982 0.000000 0.000000 0.000000
 0.251327 0.753982 0.000000 0.000000 0.000000
 0.376991 0.753982 0.000000 0.000000 0.000000
 0.502655 0.753982 0.000000 0.000000 0.000000
 0.628319 0.753982 0.000000 0.000000 0.000000
 0.753982 0.753982 0.000000 0.000000 0.000000
 0.879646 0.753982 0.000000 0.000000 0.000000
 1.005310 0.753982 0.000000 0.000000 0.000000
 1.130973 0.753982 0.000000 0.000000 0.000000
 1.256637 0.753982 0.000000 0.000000 0.000000
 1.382301 0.753982 0.000000 0.000000 0.000000
 1.507964 0.753982 0.000000 0.000000 0.000000
 1.633628 0.753982 0.000000 0.000000 0.000000
 1.759292 0.753982 0.000000 0.000000 0.000000
 1.884956 0.753982 0.000000 0.000000 0.000000
 2.010619 0.753982 0.000000 0.000000 0.000000
 2.136283 0.753982 0.000000 0.000000 0.000000
 2.261947 0.753982 0.000000 0.000000 0.000000
 2.387610 0.753982 0.000000 0.000000 0.000000
 2.513274 0.753982 0.000000 0.000000 0.000000
 2.638938 0.753982 0.000000 0.000000 0.000000
 2.764602 0.753982 0.000001 0.000043 0.000019
 2.890265 0.753982 0.000058 0.001524 0.000739
 3.015929 0.753982 0.000935 0.017059 0.009307

 -3.141593 0.879646 0.012925 0.130192 0.052300
 -3.015929 0.879646 0.034190 0.192872 0.109731
 -2.890265 0.879646 0.057097 0.162576 0.162402
 -2.764602 0.879646 0.074957 0.120595 0.174747
 -2.638938 0.879646 0.085630 0.042331 0.140778
 -2.513274 0.879646 0.085476 -0.036604 0.112696
 -2.387610 0.879646 0.080167 -0.031946 0.108071
 -2.261947 0.879646 0.078191 -0.010117 0.098563
 -2.136283 0.879646 0.075325 -0.028112 0.095633
 -2.010619 0.879646 0.073636 -0.003378 0.100674
 -1.884956 0.879646 0.071190 -0.036141 0.094786
 -1.759292 0.879646 0.066087 -0.042041 0.096492
 -1.633628 0.879646 0.062495 0.000340 0.088579
 -1.507964 0.879646 0.066312 0.040644 0.068383
 -1.382301 0.879646 0.067963 -0.013693 0.075170
 -1.256637 0.879646 0.064993 -0.031755 0.103296
 -1.130973 0.879646 0.059622 -0.049358 0.096604
 -1.005310 0.879646 0.052334 -0.077682 0.107033
 -0.879646 0.879646 0.038137 -0.141462 0.122265
 -0.753982 0.879646 0.020042 -0.133697 0.065421
 -0.628319 0.879646 0.006970 -0.068854 0.018571
 -0.502655 0.879646 0.001855 -0.020424 0.005580
 -0.376991 0.879646 0.000361 -0.005746 0.001358
 -0.251327 0.879646 0.000027 -0.000684 0.000099
 -0.125664 0.879646 0.000000 -0.000014 -0.000000
 0.000000 0.879646 0.000000 0.000000 0.000000
 0.125664 0.879646 0.000000 0.000000 0.000000
 0.251327 0.879646 0.000000 0.000000 0.000000
 0.376991 0.879646 0.000000 0.000000 0.000000
 0.502655 0.879646 0.000000 0.000000 0.000000
 0.628319 0.879646 0.000000 0.000000 0.000000
 0.753982 0.879646 0.000000 0.000000 0.000000
 0.879646 0.879646 0.000000 0.000000 0.000000
 1.005310 0.879646 0.000000 0.000000 0.000000
 1.130973 0.879646 0.000000 0.000000 0.000000
 1.256637 0.879646 0.000000 0.000000 0.000000
 1.382301 0.879646 0.000000 0.000000 0.000000
 1.507964 0.879646 0.000000 0.000000 0.000000
 1.633628 0.879646 0.000000 0.000000 0.000000
 1.759292 0.879646 0.000000 0.000000 0.000000
 1.884956 0.879646 0.000000 0.000000 0.000000
 2.010619 0.879646 0.000000 0.000000 0.000000
 2.136283 0.879646 0.000000 0.000000 0.000000
 2.261947 0.879646 0.000000 0.000000 0.000000
 2.387610 0.879646 0.000000 0.000000 0.000000
 2.513274 0.879646 0.000000 0.000000 0.000000
 2.638938 0.879646 0.000000 0.000002 0.000001
 2.764602 0.879646 0.000006 0.000209 0.000062
 2.890265 0.879646 0.000218 0.005120 0.001686
 3.015929 0.879646 0.002556 0.040847 0.014460

 -3.141593 1.005310 0.016684 0.156345 0.004617
 -3.015929 1.005310 0.042452 0.241123 0.015556
 -2.890265 1.005310 0.072191 0.212930 0.059637
 -2.764602 1.005310 0.093151 0.112511 0.097536
 -2.638938 1.005310 0.099251 -0.009015 0.071758
 -2.513274 1.005310 0.094802 -0.045508 0.036966
 -2.387610 1.005310 0.089797 -0.032414 0.040680
 -2.261947 1.005310 0.086161 -0.026430 0.022156
 -2.136283 1.005310 0.083917 -0.001710 0.027546
 -2.010619 1.005310 0.084888 0.001461 0.053709
 -1.884956 1.005310 0.081375 -0.050777 0.050309
 -1.759292 1.005310 0.075192 -0.042399 0.039171
 -1.633628 1.005310 0.070596 -0.025991 0.042711
 -1.507964 1.005310 0.069917 0.013778 0.007501
 -1.382301 1.005310 0.072186 0.019400 0.004475
 -1.256637 1.005310 0.073822 -0.006898 0.031260
 -1.130973 1.005310 0.068304 -0.064713 0.035573
 -1.005310 1.005310 0.061789 -0.048693 0.037968
 -0.879646 1.005310 0.049368 -0.159761 0.044367
 -0.753982 1.005310 0.026076 -0.180364 0.024455
 -0.628319 1.005310 0.008915 -0.087201 0.010967
 -0.502655 1.005310 0.002507 -0.025808 0.004563
 -0.376991 1.005310 0.000523 -0.008214 0.001108
 -0.251327 1.005310 0.000038 -0.000992 0.000076
 -0.125664 1.005310 0.000000 -0.000011 -0.000000
 0.000000 1.005310 0.000000 0.000000 0.000000
 0.125664 1.005310 0.000000 0.000000 0.000000
 0.251327 1.005310 0.000000 0.000000 0.000000
 0.376991 1.005310 0.000000 0.000000 0.000000
 0.502655 1.005310 0.000000 0.000000 0.000000
 0.628319 1.005310 0.000000 0.000000 0.000000
 0.753982 1.005310 0.000000 0.000000 0.000000
 0.879646 1.005310 0.000000 0.000000 0.000000
 1.005310 1.005310 0.000000 0.000000 0.000000
 1.130973 1.005310 0.000000 0.000000 0.000000
 1.256637 1.005310 0.000000 0.000000 0.000000
 1.382301 1.005310 0.000000 0.000000 0.000000
 1.507964 1.005310 0.000000 0.000000 0.000000
 1.633628 1.005310 0.000000 0.000000 0.000000
 1.759292 1.005310 0.000000 0.000000 0.000000
 1.884956 1.005310 0.000000 0.000000 0.000000
 2.010619 1.005310 0.000000 0.000000 0.000000
 2.136283 1.005310 0.000000 0.000000 0.000000
 2.261947 1.005310 0.000000 0.000000 0.000000
 2.387610 1.005310 0.000000 0.000000 0.000000
 2.513274 1.005310 0.000000 0.000000 0.000000
 2.638938 1.005310 0.000000 0.000005 0.000000
 2.764602 1.005310 0.000013 0.000403 0.000013
 2.890265 1.005310 0.000375 0.008365 0.000313
 3.015929 1.005310 0.003751 0.055248 0.002048

 -3.141593 1.130973 0.014591 0.141672 -0.035719
 -3.015929 1.130973 0.038808 0.237621 -0.071140
 -2.890265 1.130973 0.070925 0.253015 -0.079674
 -2.764602 1.130973 0.096283 0.128383 -0.062823
 -2.638938 1.130973 0.101596 -0.029466 -0.052188
 -2.513274 1.130973 0.095169 -0.051010 -0.036290
 -2.387610 1.130973 0.089595 -0.044872 -0.041760
 -2.261947 1.130973 0.083960 -0.033455 -0.046023
 -2.136283 1.130973 0.083002 0.016341 -0.030309
 -2.010619 1.130973 0.084968 0.001481 -0.045544
 -1.884956 1.130973 0.081660 -0.051391 -0.038409
 -1.759292 1.130973 0.075227 -0.033663 -0.028983
 -1.633628 1.130973 0.073366 -0.009277 -0.003702
 -1.507964 1.130973 0.071268 -0.014996 0.008276
 -1.382301 1.130973 0.071347 0.012878 -0.017559
 -1.256637 1.130973 0.072129 -0.010942 -0.051685
 -1.130973 1.130973 0.067125 -0.059020 -0.050900
 -1.005310 1.130973 0.059907 -0.062338 -0.070515
 -0.879646 1.130973 0.046691 -0.156279 -0.090229
 -0.753982 1.130973 0.024536 -0.167711 -0.052891
 -0.628319 1.130973 0.008785 -0.080555 -0.016668
 -0.502655 1.130973 0.002576 -0.026890 -0.005267
 -0.376991 1.130973 0.000512 -0.008262 -0.001607
 -0.251327 1.130973 0.000035 -0.000937 -0.000137
 -0.125664 1.130973 0.000000 -0.000010 -0.000001
 0.000000 1.130973 0.000000 0.000000 0.000000
 0.125664 1.130973 0.000000 0.000000 0.000000
 0.251327 1.130973 0.000000 0.000000 0.000000
 0.376991 1.130973 0.000000 0.000000 0.000000
 0.502655 1.130973 0.000000 0.000000 0.000000
 0.628319 1.130973 0.000000 0.000000 0.000000
 0.753982 1.130973 0.000000 0.000000 0.000000
 0.879646 1.130973 0.000000 0.000000 0.000000
 1.005310 1.130973 0.000000 0.000000 0.000000
 1.130973 1.130973 0.000000 0.000000 0.000000
 1.256637 1.130973 0.000000 0.000000 0.000000
 1.382301 1.130973 0.000000 0.000000 0.000000
 1.507964 1.130973 0.000000 0.000000 0.000000
 1.633628 1.130973 0.000000 0.000000 0.000000
 1.759292 1.130973 0.000000 0.000000 0.000000
 1.884956 1.130973 0.000000 0.000000 0.000000
 2.010619 1.130973 0.000000 0.000000 0.000000
 2.136283 1.130973 0.000000 0.000000 0.000000
 2.261947 1.130973 0.000000 0.000000 0.000000
 2.387610 1.130973 0.000000 0.000000 0.000000
 2.513274 1.130973 0.000000 0.000000 0.000000
 2.638938 1.130973 0.000000 0.000003 -0.000001
 2.764602 1.130973 0.000009 0.000281 -0.000057
 2.890265 1.130973 0.000283 0.006538 -0.001365
 3.015929 1.130973 0.003101 0.047515 -0.010335

 -3.141593 1.256637 0.008895 0.093028 -0.047630
 -3.015929 1.256637 0.026207 0.183211 -0.115648
 -2.890265 1.256637 0.052638 0.217411 -0.197380
 -2.764602 1.256637 0.075089 0.123276 -0.257122
 -2.638938 1.256637 0.083261 0.018658 -0.227792
 -2.513274 1.256637 0.083438 -0.007662 -0.155324
 -2.387610 1.256637 0.080796 -0.033296 -0.097975
 -2.261947 1.256637 0.077615 -0.010158 -0.056431
 -2.136283 1.256637 0.076642 -0.012806 -0.078073
 -2.010619 1.256637 0.074733 -0.009936 -0.114422
 -1.884956 1.256637 0.074088 -0.011239 -0.084100
 -1.759292 1.256637 0.070329 -0.035895 -0.053428
 -1.633628 1.256637 0.068752 0.008767 -0.070198
 -1.507964 1.256637 0.068807 -0.012655 -0.058136
 -1.382301 1.256637 0.066734 -0.019848 -0.066358
 -1.256637 1.256637 0.063110 -0.034898 -0.097005
 -1.130973 1.256637 0.057757 -0.058443 -0.098789
 -1.005310 1.256637 0.046731 -0.114101 -0.123724
 -0.879646 1.256637 0.030731 -0.134280 -0.135979
 -0.753982 1.256637 0.014899 -0.106955 -0.083344
 -0.628319 1.256637 0.005155 -0.049277 -0.034139
 -0.502655 1.256637 0.001328 -0.016067 -0.011532
 -0.376991 1.256637 0.000213 -0.003734 -0.002353
 -0.251327 1.256637 0.000013 -0.000350 -0.000160
 -0.125664 1.256637 0.000000 -0.000003 -0.000001
 0.000000 1.256637 0.000000 0.000000 0.000000
 0.125664 1.256637 0.000000 0.000000 0.000000
 0.251327 1.256637 0.000000 0.000000 0.000000
 0.376991 1.256637 0.000000 0.000000 0.000000
 0.502655 1.256637 0.000000 0.000000 0.000000
 0.628319 1.256637 0.000000 0.000000 0.000000
 0.753982 1.256637 0.000000 0.000000 0.000000
 0.879646 1.256637 0.000000 0.000000 0.000000
 1.005310 1.256637 0.000000 0.000000 0.000000
 1.130973 1.256637 0.000000 0.000000 0.000000
 1.256637 1.256637 0.000000 0.000000 0.000000
 1.382301 1.256637 0.000000 0.000000 0.000000
 1.507964 1.256637 0.000000 0.000000 0.000000
 1.633628 1.256637 0.000000 0.000000 0.000000
 1.759292 1.256637 0.000000 0.000000 0.000000
 1.884956 1.256637 0.000000 0.000000 0.000000
 2.010619 1.256637 0.000000 0.000000 0.000000
 2.136283 1.256637 0.000000 0.000000 0.000000
 2.261947 1.256637 0.000000 0.000000 0.000000
 2.387610 1.256637 0.000000 0.000000 0.000000
 2.513274 1.256637 0.000000 0.000000 0.000000
 2.638938 1.256637 0.000000 0.000001 -0.000000
 2.764602 1.256637 0.000003 0.000103 -0.000029
 2.890265 1.256637 0.000128 0.003196 -0.000980
 3.015929 1.256637 0.001694 0.027860 -0.010629

 -3.141593 1.382301 0.003690 0.043087 -0.033484
 -3.015929 1.382301 0.012462 0.098235 -0.096685
 -2.890265 1.382301 0.026973 0.121104 -0.190154
 -2.764602 1.382301 0.040810 0.096899 -0.255209
 -2.638938 1.382301 0.050994 0.062543 -0.260140
 -2.513274 1.382301 0.056920 0.038728 -0.252293
 -2.387610 1.382301 0.061593 0.034176 -0.216635
 -2.261947 1.382301 0.064290 0.002846 -0.174100
 -2.136283 1.382301 0.061920 -0.034860 -0.155646
 -2.010619 1.382301 0.057943 -0.015886 -0.144182
 -1.884956 1.382301 0.059150 0.023194 -0.149752
 -1.759292 1.382301 0.058707 -0.033863 -0.137399
 -1.633628 1.382301 0.054896 -0.011823 -0.153450
 -1.507964 1.382301 0.054314 -0.009743 -0.172394
 -1.382301 1.382301 0.050886 -0.045528 -0.186375
 -1.256637 1.382301 0.044357 -0.045122 -0.196654
 -1.130973 1.382301 0.039698 -0.046159 -0.186144
 -1.005310 1.382301 0.029515 -0.109581 -0.151708
 -0.879646 1.382301 0.015816 -0.097091 -0.102444
 -0.753982 1.382301 0.006187 -0.054965 -0.052875
 -0.628319 1.382301 0.001671 -0.019839 -0.018960
 -0.502655 1.382301 0.000298 -0.004627 -0.004419
 -0.376991 1.382301 0.000031 -0.000631 -0.000603
 -0.251327 1.382301 0.000001 -0.000040 -0.000033
 -0.125664 1.382301 0.000000 -0.000000 -0.000000
 0.000000 1.382301 0.000000 0.000000 0.000000
 0.125664 1.382301 0.000000 0.000000 0.000000
 0.251327 1.382301 0.000000 0.000000 0.000000
 0.376991 1.382301 0.000000 0.000000 0.000000
 0.502655 1.382301 0.000000 0.000000 0.000000
 0.628319 1.382301 0.000000 0.000000 0.000000
 0.753982 1.382301 0.000000 0.000000 0.000000
 0.879646 1.382301 0.000000 0.000000 0.000000
 1.005310 1.382301 0.000000 0.000000 0.000000
 1.130973 1.382301 0.000000 0.000000 0.000000
 1.256637 1.382301 0.000000 0.000000 0.000000
 1.382301 1.382301 0.000000 0.000000 0.000000
 1.507964 1.382301 0.000000 0.000000 0.000000
 1.633628 1.382301 0.000000 0.000000 0.000000
 1.759292 1.382301 0.000000 0.000000 0.000000
 1.884956 1.382301 0.000000 0.000000 0.000000
 2.010619 1.382301 0.000000 0.000000 0.000000
 2.136283 1.382301 0.000000 0.000000 0.000000
 2.261947 1.382301 0.000000 0.000000 0.000000
 2.387610 1.382301 0.000000 0.000000 0.000000
 2.513274 1.382301 0.000000 0.000000 0.000000
 2.638938 1.382301 0.000000 0.000000 -0.000000
 2.764602 1.382301 0.000001 0.000025 -0.000010
 2.890265 1.382301 0.000037 0.000975 -0.000473
 3.015929 1.382301 0.000593 0.010642 -0.006498

 -3.141593 1.507964 0.000804 0.010958 -0.012392
 -3.015929 1.507964 0.003290 0.029887 -0.045478
 -2.890265 1.507964 0.008254 0.047647 -0.099568
 -2.764602 1.507964 0.015054 0.059546 -0.147649
 -2.638938 1.507964 0.022052 0.045138 -0.186846
 -2.513274 1.507964 0.026334 0.031076 -0.205345
 -2.387610 1.507964 0.031570 0.051316 -0.220667
 -2.261947 1.507964 0.037183 0.029580 -0.221233
 -2.136283 1.507964 0.038765 -0.000003 -0.199942
 -2.010619 1.507964 0.037847 -0.011278 -0.179061
 -1.884956 1.507964 0.037407 0.004920 -0.192007
 -1.759292 1.507964 0.036268 -0.031485 -0.206106
 -1.633628 1.507964 0.031566 -0.028295 -0.198142
 -1.507964 1.507964 0.029429 -0.016440 -0.198206
 -1.382301 1.507964 0.025476 -0.044477 -0.187489
 -1.256637 1.507964 0.020146 -0.033240 -0.161737
 -1.130973 1.507964 0.016725 -0.029645 -0.152043
 -1.005310 1.507964 0.011365 -0.052678 -0.117250
 -0.879646 1.507964 0.005160 -0.040485 -0.061188
 -0.753982 1.507964 0.001560 -0.017712 -0.021502
 -0.628319 1.507964 0.000285 -0.004404 -0.004776
 -0.502655 1.507964 0.000032 -0.000612 -0.000657
 -0.376991 1.507964 0.000002 -0.000046 -0.000046
 -0.251327 1.507964 0.000000 -0.000001 -0.000001
 -0.125664 1.507964 0.000000 0.000000 0.000000
 0.000000 1.507964 0.000000 0.000000 0.000000
 0.125664 1.507964 0.000000 0.000000 0.000000
 0.251327 1.507964 0.000000 0.000000 0.000000
 0.376991 1.507964 0.000000 0.000000 0.000000
 0.502655 1.507964 0.000000 0.000000 0.000000
 0.628319 1.507964 0.000000 0.000000 0.000000
 0.753982 1.507964 0.000000 0.000000 0.000000
 0.879646 1.507964 0.000000 0.000000 0.000000
 1.005310 1.507964 0.000000 0.000000 0.000000
 1.130973 1.507964 0.000000 0.000000 0.000000
 1.256637 1.507964 0.000000 0.000000 0.000000
 1.382301 1.507964 0.000000 0.000000 0.000000
 1.507964 1.507964 0.000000 0.000000 0.000000
 1.633628 1.507964 0.000000 0.000000 0.000000
 1.759292 1.507964 0.000000 0.000000 0.000000
 1.884956 1.507964 0.000000 0.000000 0.000000
 2.010619 1.507964 0.000000 0.000000 0.000000
 2.136283 1.507964 0.000000 0.000000 0.000000
 2.261947 1.507964 0.000000 0.000000 0.000000
 2.387610 1.507964 0.000000 0.000000 0.000000
 2.513274 1.507964 0.000000 0.000000 0.000000
 2.638938 1.507964 0.000000 0.000000 -0.000000
 2.764602 1.507964 0.000000 0.000002 -0.000001
 2.890265 1.507964 0.000004 0.000126 -0.000091
 3.015929 1.507964 0.000097 0.001982 -0.001735

 -3.141593 1.633628 0.000071 0.001093 -0.001644
 -3.015929 1.633628 0.000360 0.004036 -0.007584
 -2.890265 1.633628 0.001301 0.011847 -0.021721
 -2.764602 1.633628 0.003324 0.018957 -0.047222
 -2.638938 1.633628 0.005710 0.018882 -0.075146
 -2.513274 1.633628 0.008219 0.021205 -0.088515
 -2.387610 1.633628 0.011138 0.026611 -0.107544
 -2.261947 1.633628 0.014642 0.023845 -0.130950
 -2.136283 1.633628 0.016171 0.002534 -0.143252
 -2.010619 1.633628 0.015950 -0.006647 -0.146817
 -1.884956 1.633628 0.014617 -0.011846 -0.147966
 -1.759292 1.633628 0.012880 -0.017341 -0.142588
 -1.633628 1.633628 0.010726 -0.013287 -0.118849
 -1.507964 1.633628 0.009519 -0.009020 -0.108223
 -1.382301 1.633628 0.007931 -0.015577 -0.089266
 -1.256637 1.633628 0.005928 -0.015590 -0.068460
 -1.130973 1.633628 0.004034 -0.014819 -0.054587
 -1.005310 1.633628 0.002144 -0.014425 -0.034516
 -0.879646 1.633628 0.000729 -0.007440 -0.014074
 -0.753982 1.633628 0.000168 -0.002243 -0.003678
 -0.628319 1.633628 0.000022 -0.000418 -0.000528
 -0.502655 1.633628 0.000001 -0.000033 -0.000039
 -0.376991 1.633628 0.000000 -0.000001 -0.000001
 -0.251327 1.633628 0.000000 0.000000 0.000000
 -0.125664 1.633628 0.000000 0.000000 0.000000
 0.000000 1.633628 0.000000 0.000000 0.000000
 0.125664 1.633628 0.000000 0.000000 0.000000
 0.251327 1.633628 0.000000 0.000000 0.000000
 0.376991 1.633628 0.000000 0.000000 0.000000
 0.502655 1.633628 0.000000 0.000000 0.000000
 0.628319 1.633628 0.000000 0.000000 0.000000
 0.753982 1.633628 0.000000 0.000000 0.000000
 0.879646 1.633628 0.000000 0.000000 0.000000
 1.005310 1.633628 0.000000 0.000000 0.000000
 1.130973 1.633628 0.000000 0.000000 0.000000
 1.256637 1.633628 0.000000 0.000000 0.000000
 1.382301 1.633628 0.000000 0.000000 0.000000
 1.507964 1.633628 0.000000 0.000000 0.000000
 1.633628 1.633628 0.000000 0.000000 0.000000
 1.759292 1.633628 0.000000 0.000000 0.000000
 1.884956 1.633628 0.000000 0.000000 0.000000
 2.010619 1.633628 0.000000 0.000000 0.000000
 2.136283 1.633628 0.000000 0.000000 0.000000
 2.261947 1.633628 0.000000 0.000000 0.000000
 2.387610 1.633628 0.000000 0.000000 0.000000
 2.513274 1.633628 0.000000 0.000000 0.000000
 2.638938 1.633628 0.000000 0.000000 0.000000
 2.764602 1.633628 0.000000 0.000000 -0.000000
 2.890265 1.633628 0.000000 0.000006 -0.000005
 3.015929 1.633628 0.000006 0.000150 -0.000155

 -3.141593 1.759292 0.000002 0.000035 -0.000060
 -3.015929 1.759292 0.000019 0.000335 -0.000426
 -2.890265 1.759292 0.000135 0.001680 -0.002565
 -2.764602 1.759292 0.000399 0.002177 -0.007809
 -2.638938 1.759292 0.000749 0.004306 -0.014406
 -2.513274 1.759292 0.001539 0.007286 -0.025245
 -2.387610 1.759292 0.002445 0.008142 -0.036534
 -2.261947 1.759292 0.003637 0.008299 -0.049189
 -2.136283 1.759292 0.004000 -0.001265 -0.054195
 -2.010619 1.759292 0.003696 -0.004476 -0.051585
 -1.884956 1.759292 0.002797 -0.007965 -0.045149
 -1.759292 1.759292 0.002064 -0.003512 -0.037737
 -1.633628 1.759292 0.001796 -0.001350 -0.031612
 -1.507964 1.759292 0.001633 -0.001231 -0.027177
 -1.382301 1.759292 0.001436 -0.002341 -0.023085
 -1.256637 1.759292 0.000998 -0.004232 -0.017090
 -1.130973 1.759292 0.000525 -0.003069 -0.009977
 -1.005310 1.759292 0.000201 -0.002035 -0.004210
 -0.879646 1.759292 0.000039 -0.000595 -0.000999
 -0.753982 1.759292 0.000005 -0.000087 -0.000165
 -0.628319 1.759292 0.000001 -0.000011 -0.000017
 -0.502655 1.759292 0.000000 -0.000001 -0.000001
 -0.376991 1.759292 0.000000 0.000000 0.000000
 -0.251327 1.759292 0.000000 0.000000 0.000000
 -0.125664 1.759292 0.000000 0.000000 0.000000
 0.000000 1.759292 0.000000 0.000000 0.000000
 0.125664 1.759292 0.000000 0.000000 0.000000
 0.251327 1.759292 0.000000 0.000000 0.000000
 0.376991 1.759292 0.000000 0.000000 0.000000
 0.502655 1.759292 0.000000 0.000000 0.000000
 0.628319 1.759292 0.000000 0.000000 0.000000
 0.753982 1.759292 0.000000 0.000000 0.000000
 0.879646 1.759292 0.000000 0.000000 0.000000
 1.005310 1.759292 0.000000 0.000000 0.000000
 1.130973 1.759292 0.000000 0.000000 0.000000
 1.256637 1.759292 0.000000 0.000000 0.000000
 1.382301 1.759292 0.000000 0.000000 0.000000
 1.507964 1.759292 0.000000 0.000000 0.000000
 1.633628 1.759292 0.000000 0.000000 0.000000
 1.759292 1.759292 0.000000 0.000000 0.000000
 1.884956 1.759292 0.000000 0.000000 0.000000
 2.010619 1.759292 0.000000 0.000000 0.000000
 2.136283 1.759292 0.000000 0.000000 0.000000
 2.261947 1.759292 0.000000 0.000000 0.000000
 2.387610 1.759292 0.000000 0.000000 0.000000
 2.513274 1.759292 0.000000 0.000000 0.000000
 2.638938 1.759292 0.000000 0.000000 0.000000
 2.764602 1.759292 0.000000 0.000000 -0.000000
 2.890265 1.759292 0.000000 0.000000 -0.000000
 3.015929 1.759292 0.000000 0.000004 -0.000004

 -3.141593 1.884956 0.000000 0.000001 -0.000000
 -3.015929 1.884956 0.000001 0.000019 -0.000020
 -2.890265 1.884956 0.000008 0.000096 -0.000203
 -2.764602 1.884956 0.000020 0.000074 -0.000540
 -2.638938 1.884956 0.000039 0.000338 -0.001045
 -2.513274 1.884956 0.000112 0.000740 -0.002805
 -2.387610 1.884956 0.000230 0.001360 -0.005181
 -2.261947 1.884956 0.000438 0.001358 -0.008864
 -2.136283 1.884956 0.000493 -0.000070 -0.009770
 -2.010619 1.884956 0.000463 -0.000884 -0.008848
 -1.884956 1.884956 0.000253 -0.001821 -0.005409
 -1.759292 1.884956 0.000117 -0.000369 -0.003096
 -1.633628 1.884956 0.000113 0.000138 -0.002927
 -1.507964 1.884956 0.000130 0.000088 -0.003044
 -1.382301 1.884956 0.000120 -0.000286 -0.002804
 -1.256637 1.884956 0.000068 -0.000438 -0.001726
 -1.130973 1.884956 0.000028 -0.000201 -0.000763
 -1.005310 1.884956 0.000009 -0.000112 -0.000243
 -0.879646 1.884956 0.000001 -0.000022 -0.000026
 -0.753982 1.884956 0.000000 -0.000001 -0.000001
 -0.628319 1.884956 0.000000 0.000000 0.000000
 -0.502655 1.884956 0.000000 0.000000 0.000000
 -0.376991 1.884956 0.000000 0.000000 0.000000
 -0.251327 1.884956 0.000000 0.000000 0.000000
 -0.125664 1.884956 0.000000 0.000000 0.000000
 0.000000 1.884956 0.000000 0.000000 0.000000
 0.125664 1.884956 0.000000 0.000000 0.000000
 0.251327 1.884956 0.000000 0.000000 0.000000
 0.376991 1.884956 0.000000 0.000000 0.000000
 0.502655 1.884956 0.000000 0.000000 0.000000
 0.628319 1.884956 0.000000 0.000000 0.000000
 0.753982 1.884956 0.000000 0.000000 0.000000
 0.879646 1.884956 0.000000 0.000000 0.000000
 1.005310 1.884956 0.000000 0.000000 0.000000
 1.130973 1.884956 0.000000 0.000000 0.000000
 1.256637 1.884956 0.000000 0.000000 0.000000
 1.382301 1.884956 0.000000 0.000000 0.000000
 1.507964 1.884956 0.000000 0.000000 0.000000
 1.633628 1.884956 0.000000 0.000000 0.000000
 1.759292 1.884956 0.000000 0.000000 0.000000
 1.884956 1.884956 0.000000 0.000000 0.000000
 2.010619 1.884956 0.000000 0.000000 0.000000
 2.136283 1.884956 0.000000 0.000000 0.000000
 2.261947 1.884956 0.000000 0.000000 0.000000
 2.387610 1.884956 0.000000 0.000000 0.000000
 2.513274 1.884956 0.000000 0.000000 0.000000
 2.638938 1.884956 0.000000 0.000000 0.000000
 2.764602 1.884956 0.000000 0.000000 0.000000
 2.890265 1.884956 0.000000 0.000000 0.000000
 3.015929 1.884956 0.000000 0.000000 -0.000000

 -3.141593 2.010619 0.000000 0.000000 0.000000
 -3.015929 2.010619 0.000000 0.000000 0.000000
 -2.890265 2.010619 0.000000 0.000000 -0.000000
 -2.764602 2.010619 0.000000 0.000000 -0.000001
 -2.638938 2.010619 0.000000 0.000006 -0.000011
 -2.513274 2.010619 0.000002 0.000019 -0.000059
 -2.387610 2.010619 0.000007 0.000078 -0.000210
 -2.261947 2.010619 0.000019 0.000077 -0.000544
 -2.136283 2.010619 0.000023 0.000017 -0.000645
 -2.010619 2.010619 0.000024 -0.000046 -0.000652
 -1.884956 2.010619 0.000010 -0.000123 -0.000279
 -1.759292 2.010619 0.000001 -0.000022 -0.000044
 -1.633628 2.010619 0.000001 0.000011 -0.000044
 -1.507964 2.010619 0.000003 0.000011 -0.000099
 -1.382301 2.010619 0.000003 -0.000013 -0.000097
 -1.256637 2.010619 0.000001 -0.000013 -0.000037
 -1.130973 2.010619 0.000000 -0.000003 -0.000005
 -1.005310 2.010619 0.000000 -0.000000 -0.000000
 -0.879646 2.010619 0.000000 0.000000 0.000000
 -0.753982 2.010619 0.000000 0.000000 0.000000
 -0.628319 2.010619 0.000000 0.000000 0.000000
 -0.502655 2.010619 0.000000 0.000000 0.000000
 -0.376991 2.010619 0.000000 0.000000 0.000000
 -0.251327 2.010619 0.000000 0.000000 0.000000
 -0.125664 2.010619 0.000000 0.000000 0.000000
 0.000000 2.010619 0.000000 0.000000 0.000000
 0.125664 2.010619 0.000000 0.000000 0.000000
 0.251327 2.010619 0.000000 0.000000 0.000000
 0.376991 2.010619 0.000000 0.000000 0.000000
 0.502655 2.010619 0.000000 0.000000 0.000000
 0.628319 2.010619 0.000000 0.000000 0.000000
 0.753982 2.010619 0.000000 0.000000 0.000000
 0.879646 2.010619 0.000000 0.000000 0.000000
 1.005310 2.010619 0.000000 0.000000 0.000000
 1.130973 2.010619 0.000000 0.000000 0.000000
 1.256637 2.010619 0.000000 0.000000 0.000000
 1.382301 2.010619 0.000000 0.000000 0.000000
 1.507964 2.010619 0.000000 0.000000 0.000000
 1.633628 2.010619 0.000000 0.000000 0.000000
 1.759292 2.010619 0.000000 0.000000 0.000000
 1.884956 2.010619 0.000000 0.000000 0.000000
 2.010619 2.010619 0.000000 0.000000 0.000000
 2.136283 2.010619 0.000000 0.000000 0.000000
 2.261947 2.010619 0.000000 0.000000 0.000000
 2.387610 2.010619 0.000000 0.000000 0.000000
 2.513274 2.010619 0.000000 0.000000 0.000000
 2.638938 2.010619 0.000000 0.000000 0.000000
 2.764602 2.010619 0.000000 0.000000 0.000000
 2.890265 2.010619 0.000000 0.000000 0.000000
 3.015929 2.010619 0.000000 0.000000 0.000000

 -3.141593 2.136283 0.000000 0.000000 0.000000
 -3.015929 2.136283 0.000000 0.000000 0.000000
 -2.890265 2.136283 0.000000 0.000000 0.000000
 -2.764602 2.136283 0.000000 0.000000 0.000000
 -2.638938 2.136283 0.000000 0.000000 0.000000
 -2.513274 2.136283 0.000000 0.000000 0.000000
 -2.387610 2.136283 0.000000 0.000000 -0.000000
 -2.261947 2.136283 0.000000 0.000000 -0.000000
 -2.136283 2.136283 0.000000 0.000002 -0.000005
 -2.010619 2.136283 0.000000 0.000000 -0.000011
 -1.884956 2.136283 0.000000 -0.000002 -0.000005
 -1.759292 2.136283 0.000000 0.000000 0.000000
 -1.633628 2.136283 0.000000 0.000004 0.000010
 -1.507964 2.136283 0.000001 0.000001 0.000027
 -1.382301 2.136283 0.000000 -0.000005 0.000014
 -1.256637 2.136283 0.000000 -0.000001 0.000002
 -1.130973 2.136283 0.000000 -0.000000 0.000000
 -1.005310 2.136283 0.000000 0.000000 0.000000
 -0.879646 2.136283 0.000000 0.000000 0.000000
 -0.753982 2.136283 0.000000 0.000000 0.000000
 -0.628319 2.136283 0.000000 0.000000 0.000000
 -0.502655 2.136283 0.000000 0.000000 0.000000
 -0.376991 2.136283 0.000000 0.000000 0.000000
 -0.251327 2.136283 0.000000 0.000000 0.000000
 -0.125664 2.136283 0.000000 0.000000 0.000000
 0.000000 2.136283 0.000000 0.000000 0.000000
 0.125664 2.136283 0.000000 0.000000 0.000000
 0.251327 2.136283 0.000000 0.000000 0.000000
 0.376991 2.136283 0.000000 0.000000 0.000000
 0.502655 2.136283 0.000000 0.000000 0.000000
 0.628319 2.136283 0.000000 0.000000 0.000000
 0.753982 2.136283 0.000000 0.000000 0.000000
 0.879646 2.136283 0.000000 0.000000 0.000000
 1.005310 2.136283 0.000000 0.000000 0.000000
 1.130973 2.136283 0.000000 0.000000 0.000000
 1.256637 2.136283 0.000000 0.000000 0.000000
 1.382301 2.136283 0.000000 0.000000 0.000000
 1.507964 2.136283 0.000000 0.000000 0.000000
 1.633628 2.136283 0.000000 0.000000 0.000000
 1.759292 2.136283 0.000000 0.000000 0.000000
 1.884956 2.136283 0.000000 0.000000 0.000000
 2.010619 2.136283 0.000000 0.000000 0.000000
 2.136283 2.136283 0.000000 0.000000 0.000000
 2.261947 2.136283 0.000000 0.000000 0.000000
 2.387610 2.136283 0.000000 0.000000 0.000000
 2.513274 2.136283 0.000000 0.000000 0.000000
 2.638938 2.136283 0.000000 0.000000 0.000000
 2.764602 2.136283 0.000000 0.000000 0.000000
 2.890265 2.136283 0.000000 0.000000 0.000000
 3.015929 2.136283 0.000000 0.000000 0.000000

 -3.141593 2.261947 0.000000 0.000000 0.000000
 -3.015929 2.261947 0.000000 0.000000 0.000000
 -2.890265 2.261947 0.000000 0.000000 0.000000
 -2.764602 2.261947 0.000000 0.000000 0.000000
 -2.638938 2.261947 0.000000 0.000000 0.000000
 -2.513274 2.261947 0.000000 0.000000 0.000000
 -2.387610 2.261947 0.000000 0.000000 0.000000
 -2.261947 2.261947 0.000000 0.000000 0.000000
 -2.136283 2.261947 0.000000 -0.000000 0.000000
 -2.010619 2.261947 0.000000 0.000000 0.000000
 -1.884956 2.261947 0.000000 0.000001 0.000001
 -1.759292 2.261947 0.000001 0.000022 0.000019
 -1.633628 2.261947 0.000010 0.000145 0.000232
 -1.507964 2.261947 0.000027 0.000036 0.000603
 -1.382301 2.261947 0.000015 -0.000164 0.000324
 -1.256637 2.261947 0.000002 -0.000039 0.000036
 -1.130973 2.261947 0.000000 -0.000001 0.000001
 -1.005310 2.261947 0.000000 -0.000000 0.000000
 -0.879646 2.261947 0.000000 -0.000000 0.000000
 -0.753982 2.261947 0.000000 0.000000 0.000000
 -0.628319 2.261947 0.000000 0.000000 0.000000
 -0.502655 2.261947 0.000000 0.000000 0.000000
 -0.376991 2.261947 0.000000 0.000000 0.000000
 -0.251327 2.261947 0.000000 0.000000 0.000000
 -0.125664 2.261947 0.000000 0.000000 0.000000
 0.000000 2.261947 0.000000 0.000000 0.000000
 0.125664 2.261947 0.000000 0.000000 0.000000
 0.251327 2.261947 0.000000 0.000000 0.000000
 0.376991 2.261947 0.000000 0.000000 0.000000
 0.502655 2.261947 0.000000 0.000000 0.000000
 0.628319 2.261947 0.000000 0.000000 0.000000
 0.753982 2.261947 0.000000 0.000000 0.000000
 0.879646 2.261947 0.000000 0.000000 0.000000
 1.005310 2.261947 0.000000 0.000000 0.000000
 1.130973 2.261947 0.000000 0.000000 0.000000
 1.256637 2.261947 0.000000 0.000000 0.000000
 1.382301 2.261947 0.000000 0.000000 0.000000
 1.507964 2.261947 0.000000 0.000000 0.000000
 1.633628 2.261947 0.000000 0.000000 0.000000
 1.759292 2.261947 0.000000 0.000000 0.000000
 1.884956 2.261947 0.000000 0.000000 0.000000
 2.010619 2.261947 0.000000 0.000000 0.000000
 2.136283 2.261947 0.000000 0.000000 0.000000
 2.261947 2.261947 0.000000 0.000000 0.000000
 2.387610 2.261947 0.000000 0.000000 0.000000
 2.513274 2.261947 0.000000 0.000000 0.000000
 2.638938 2.261947 0.000000 0.000000 0.000000
 2.764602 2.261947 0.000000 0.000000 0.000000
 2.890265 2.261947 0.000000 0.000000 0.000000
 3.015929 2.261947 0.000000 0.000000 0.000000

 -3.141593 2.387610 0.000000 0.000000 0.000000
 -3.015929 2.387610 0.000000 0.000000 0.000000
 -2.890265 2.387610 0.000000 0.000000 0.000000
 -2.764602 2.387610 0.000000 0.000000 0.000001
 -2.638938 2.387610 0.000000 0.000001 0.000004
 -2.513274 2.387610 0.000000 -0.000000 0.000007
 -2.387610 2.387610 0.000000 -0.000000 0.000004
 -2.261947 2.387610 0.000000 0.000003 0.000011
 -2.136283 2.387610 0.000000 -0.000001 0.000017
 -2.010619 2.387610 0.000000 0.000001 0.000010
 -1.884956 2.387610 0.000001 0.000017 0.000040
 -1.759292 2.387610 0.000008 0.000162 0.000141
 -1.633628 2.387610 0.000078 0.001062 0.000799
 -1.507964 2.387610 0.000202 0.000268 0.001985
 -1.382301 2.387610 0.000109 -0.001210 0.001084
 -1.256637 2.387610 0.000013 -0.000280 0.000166
 -1.130973 2.387610 0.000001 -0.000016 0.000048
 -1.005310 2.387610 0.000000 -0.000004 0.000019
 -0.879646 2.387610 0.000000 -0.000002 0.000008
 -0.753982 2.387610 0.000000 -0.000001 0.000002
 -0.628319 2.387610 0.000000 -0.000000 0.000000
 -0.502655 2.387610 0.000000 -0.000000 0.000000
 -0.376991 2.387610 0.000000 0.000000 0.000000
 -0.251327 2.387610 0.000000 0.000000 0.000000
 -0.125664 2.387610 0.000000 0.000000 0.000000
 0.000000 2.387610 0.000000 0.000000 0.000000
 0.125664 2.387610 0.000000 0.000000 0.000000
 0.251327 2.387610 0.000000 0.000000 0.000000
 0.376991 2.387610 0.000000 0.000000 0.000000
 0.502655 2.387610 0.000000 0.000000 0.000000
 0.628319 2.387610 0.000000 0.000000 0.000000
 0.753982 2.387610 0.000000 0.000000 0.000000
 0.879646 2.387610 0.000000 0.000000 0.000000
 1.005310 2.387610 0.000000 0.000000 0.000000
 1.130973 2.387610 0.000000 0.000000 0.000000
 1.256637 2.387610 0.000000 0.000000 0.000000
 1.382301 2.387610 0.000000 0.000000 0.000000
 1.507964 2.387610 0.000000 0.000000 0.000000
 1.633628 2.387610 0.000000 0.000000 0.000000
 1.759292 2.387610 0.000000 0.000000 0.000000
 1.884956 2.387610 0.000000 0.000000 0.000000
 2.010619 2.387610 0.000000 0.000000 0.000000
 2.136283 2.387610 0.000000 0.000000 0.000000
 2.261947 2.387610 0.000000 0.000000 0.000000
 2.387610 2.387610 0.000000 0.000000 0.000000
 2.513274 2.387610 0.000000 0.000000 0.000000
 2.638938 2.387610 0.000000 0.000000 0.000000
 2.764602 2.387610 0.000000 0.000000 0.000000
 2.890265 2.387610 0.000000 0.000000 0.000000
 3.015929 2.387610 0.000000 0.000000 0.000000

 -3.141593 2.513274 0.000000 0.000000 0.000000
 -3.015929 2.513274 0.000000 0.000000 0.000002
 -2.890265 2.513274 0.000000 0.000002 0.000005
 -2.764602 2.513274 0.000001 0.000021 0.000033
 -2.638938 2.513274 0.000007 0.000076 0.000206
 -2.513274 2.513274 0.000013 -0.000010 0.000377
 -2.387610 2.513274 0.000009 -0.000021 0.000258
 -2.261947 2.513274 0.000015 0.000105 0.000384
 -2.136283 2.513274 0.000022 -0.000039 0.000538
 -2.010619 2.513274 0.000014 0.000020 0.000381
 -1.884956 2.513274 0.000045 0.000452 0.001072
 -1.759292 2.513274 0.000100 0.000366 0.002141
 -1.633628 2.513274 0.000206 0.001694 0.002024
 -1.507964 2.513274 0.000421 0.000573 0.002389
 -1.382301 2.513274 0.000268 -0.002069 0.002578
 -1.256637 2.513274 0.000110 -0.000412 0.002602
 -1.130973 2.513274 0.000077 -0.000320 0.002182
 -1.005310 2.513274 0.000039 -0.000218 0.001166
 -0.879646 2.513274 0.000019 -0.000137 0.000579
 -0.753982 2.513274 0.000005 -0.000071 0.000149
 -0.628319 2.513274 0.000000 -0.000010 0.000015
 -0.502655 2.513274 0.000000 -0.000001 0.000001
 -0.376991 2.513274 0.000000 -0.000000 0.000000
 -0.251327 2.513274 0.000000 0.000000 0.000000
 -0.125664 2.513274 0.000000 0.000000 0.000000
 0.000000 2.513274 0.000000 0.000000 0.000000
 0.125664 2.513274 0.000000 0.000000 0.000000
 0.251327 2.513274 0.000000 0.000000 0.000000
 0.376991 2.513274 0.000000 0.000000 0.000000
 0.502655 2.513274 0.000000 0.000000 0.000000
 0.628319 2.513274 0.000000 0.000000 0.000000
 0.753982 2.513274 0.000000 0.000000 0.000000
 0.879646 2.513274 0.000000 0.000000 0.000000
 1.005310 2.513274 0.000000 0.000000 0.000000
 1.130973 2.513274 0.000000 0.000000 0.000000
 1.256637 2.513274 0.000000 0.000000 0.000000
 1.382301 2.513274 0.000000 0.000000 0.000000
 1.507964 2.513274 0.000000 0.000000 0.000000
 1.633628 2.513274 0.000000 0.000000 0.000000
 1.759292 2.513274 0.000000 0.000000 0.000000
 1.884956 2.513274 0.000000 0.000000 0.000000
 2.010619 2.513274 0.000000 0.000000 0.000000
 2.136283 2.513274 0.000000 0.000000 0.000000
 2.261947 2.513274 0.000000 0.000000 0.000000
 2.387610 2.513274 0.000000 0.000000 0.000000
 2.513274 2.513274 0.000000 0.000000 0.000000
 2.638938 2.513274 0.000000 0.000000 0.000000
 2.764602 2.513274 0.000000 0.000000 0.000000
 2.890265 2.513274 0.000000 0.000000 0.000000
 3.015929 2.513274 0.000000 0.000000 0.000000

 -3.141593 2.638938 0.000001 0.000020 0.000047
 -3.015929 2.638938 0.000005 0.000040 0.000171
 -2.890265 2.638938 0.000012 0.000085 0.000389
 -2.764602 2.638938 0.000035 0.000375 0.000924
 -2.638938 2.638938 0.000141 0.001294 0.002812
 -2.513274 2.638938 0.000269 0.000293 0.005399
 -2.387610 2.638938 0.000228 -0.000453 0.005088
 -2.261947 2.638938 0.000245 0.000680 0.004773
 -2.136283 2.638938 0.000289 -0.000343 0.005087
 -2.010619 2.638938 0.000252 0.000591 0.004951
 -1.884956 2.638938 0.000566 0.004273 0.009518
 -1.759292 2.638938 0.001097 0.003213 0.017727
 -1.633628 2.638938 0.001522 0.005119 0.026825
 -1.507964 2.638938 0.002294 0.004639 0.039959
 -1.382301 2.638938 0.002307 -0.003264 0.043853
 -1.256637 2.638938 0.001964 -0.001723 0.039006
 -1.130973 2.638938 0.001595 -0.004851 0.031851
 -1.005310 2.638938 0.000949 -0.004396 0.019892
 -0.879646 2.638938 0.000479 -0.003432 0.010035
 -0.753982 2.638938 0.000129 -0.001780 0.002772
 -0.628319 2.638938 0.000017 -0.000292 0.000442
 -0.502655 2.638938 0.000002 -0.000037 0.000060
 -0.376991 2.638938 0.000000 -0.000003 0.000003
 -0.251327 2.638938 0.000000 -0.000000 0.000000
 -0.125664 2.638938 0.000000 -0.000000 0.000000
 0.000000 2.638938 0.000000 0.000000 0.000000
 0.125664 2.638938 0.000000 0.000000 0.000000
 0.251327 2.638938 0.000000 0.000000 0.000000
 0.376991 2.638938 0.000000 0.000000 0.000000
 0.502655 2.638938 0.000000 0.000000 0.000000
 0.628319 2.638938 0.000000 0.000000 0.000000
 0.753982 2.638938 0.000000 0.000000 0.000000
 0.879646 2.638938 0.000000 0.000000 0.000001
 1.005310 2.638938 0.000000 -0.000000 0.000001
 1.130973 2.638938 0.000000 -0.000000 0.000000
 1.256637 2.638938 0.000000 -0.000000 0.000000
 1.382301 2.638938 0.000000 -0.000000 0.000000
 1.507964 2.638938 0.000000 0.000000 0.000000
 1.633628 2.638938 0.000000 0.000000 0.000000
 1.759292 2.638938 0.000000 0.000000 0.000000
 1.884956 2.638938 0.000000 0.000000 0.000000
 2.010619 2.638938 0.000000 0.000000 0.000000
 2.136283 2.638938 0.000000 0.000000 0.000000
 2.261947 2.638938 0.000000 0.000000 0.000000
 2.387610 2.638938 0.000000 0.000000 0.000000
 2.513274 2.638938 0.000000 0.000000 0.000000
 2.638938 2.638938 0.000000 0.000000 0.000000
 2.764602 2.638938 0.000000 0.000000 0.000000
 2.890265 2.638938 0.000000 0.000000 0.000000
 3.015929 2.638938 0.000000 0.000003 0.000005

 -3.141593 2.764602 0.000049 0.000621 0.001154
 -3.015929 2.764602 0.000168 0.001258 0.003867
 -2.890265 2.764602 0.000383 0.002299 0.008883
 -2.764602 2.764602 0.000752 0.003701 0.016425
 -2.638938 2.764602 0.001467 0.008086 0.025810
 -2.513274 2.764602 0.002452 0.004974 0.038092
 -2.387610 2.764602 0.002454 -0.003358 0.038741
 -2.261947 2.764602 0.002205 0.000566 0.034163
 -2.136283 2.764602 0.002314 -0.000562 0.035950
 -2.010619 2.764602 0.002267 0.002698 0.034905
 -1.884956 2.764602 0.003428 0.015785 0.042128
 -1.759292 2.764602 0.006015 0.024268 0.067475
 -1.633628 2.764602 0.009583 0.033896 0.109982
 -1.507964 2.764602 0.014084 0.031352 0.155032
 -1.382301 2.764602 0.015893 -0.003571 0.183994
 -1.256637 2.764602 0.014421 -0.014672 0.173577
 -1.130973 2.764602 0.011970 -0.027426 0.146976
 -1.005310 2.764602 0.007915 -0.032990 0.103438
 -0.879646 2.764602 0.003992 -0.028924 0.053152
 -0.753982 2.764602 0.001196 -0.013645 0.017708
 -0.628319 2.764602 0.000285 -0.003199 0.005522
 -0.502655 2.764602 0.000051 -0.000863 0.001114
 -0.376991 2.764602 0.000004 -0.000089 0.000105
 -0.251327 2.764602 0.000000 -0.000004 0.000009
 -0.125664 2.764602 0.000000 -0.000000 0.000001
 0.000000 2.764602 0.000000 -0.000000 0.000000
 0.125664 2.764602 0.000000 -0.000000 0.000000
 0.251327 2.764602 0.000000 0.000000 0.000000
 0.376991 2.764602 0.000000 0.000000 0.000000
 0.502655 2.764602 0.000000 0.000000 0.000001
 0.628319 2.764602 0.000000 0.000005 0.000010
 0.753982 2.764602 0.000001 0.000009 0.000044
 0.879646 2.764602 0.000002 0.000003 0.000069
 1.005310 2.764602 0.000002 -0.000002 0.000072
 1.130973 2.764602 0.000001 -0.000009 0.000042
 1.256637 2.764602 0.000000 -0.000004 0.000013
 1.382301 2.764602 0.000000 -0.000001 0.000003
 1.507964 2.764602 0.000000 -0.000000 0.000000
 1.633628 2.764602 0.000000 0.000000 0.000000
 1.759292 2.764602 0.000000 0.000000 0.000000
 1.884956 2.764602 0.000000 0.000000 0.000000
 2.010619 2.764602 0.000000 0.000000 0.000000
 2.136283 2.764602 0.000000 0.000000 0.000000
 2.261947 2.764602 0.000000 0.000000 0.000000
 2.387610 2.764602 0.000000 0.000000 0.000000
 2.513274 2.764602 0.000000 0.000000 0.000000
 2.638938 2.764602 0.000000 0.000000 0.000000
 2.764602 2.764602 0.000000 0.000000 0.000000
 2.890265 2.764602 0.000000 0.000008 0.000007
 3.015929 2.764602 0.000006 0.000130 0.000157

 -3.141593 2.890265 0.000585 0.006824 0.009657
 -3.015929 2.890265 0.001920 0.014820 0.031123
 -2.890265 2.890265 0.004446 0.025242 0.071315
 -2.764602 2.890265 0.007638 0.022544 0.114241
 -2.638938 2.890265 0.010356 0.024361 0.134567
 -2.513274 2.890265 0.013457 0.017066 0.153495
 -2.387610 2.890265 0.013260 -0.015804 0.151059
 -2.261947 2.890265 0.012090 0.003254 0.141857
 -2.136283 2.890265 0.012761 -0.001477 0.146051
 -2.010619 2.890265 0.011866 -0.003756 0.129873
 -1.884956 2.890265 0.013348 0.029413 0.125141
 -1.759292 2.890265 0.019726 0.071032 0.155333
 -1.633628 2.890265 0.029573 0.080245 0.204411
 -1.507964 2.890265 0.039589 0.076555 0.237110
 -1.382301 2.890265 0.046230 0.016953 0.273200
 -1.256637 2.890265 0.044073 -0.038606 0.273599
 -1.130973 2.890265 0.037938 -0.062476 0.250178
 -1.005310 2.890265 0.027996 -0.092626 0.211757
 -0.879646 2.890265 0.015628 -0.096214 0.138361
 -0.753982 2.890265 0.006270 -0.048141 0.072866
 -0.628319 2.890265 0.002316 -0.020974 0.032108
 -0.502655 2.890265 0.000520 -0.007508 0.008109
 -0.376991 2.890265 0.000077 -0.001133 0.001624
 -0.251327 2.890265 0.000013 -0.000171 0.000362
 -0.125664 2.890265 0.000002 -0.000035 0.000067
 0.000000 2.890265 0.000000 -0.000004 0.000007
 0.125664 2.890265 0.000000 -0.000000 0.000001
 0.251327 2.890265 0.000000 0.000000 0.000002
 0.376991 2.890265 0.000000 0.000000 0.000001
 0.502655 2.890265 0.000001 0.000022 0.000021
 0.628319 2.890265 0.000012 0.000203 0.000305
 0.753982 2.890265 0.000052 0.000338 0.001225
 0.879646 2.890265 0.000077 0.000090 0.001824
 1.005310 2.890265 0.000084 -0.000033 0.002048
 1.130973 2.890265 0.000057 -0.000329 0.001495
 1.256637 2.890265 0.000022 -0.000204 0.000619
 1.382301 2.890265 0.000005 -0.000076 0.000147
 1.507964 2.890265 0.000000 -0.000010 0.000013
 1.633628 2.890265 0.000000 -0.000000 0.000000
 1.759292 2.890265 0.000000 -0.000000 0.000000
 1.884956 2.890265 0.000000 0.000000 0.000000
 2.010619 2.890265 0.000000 0.000000 0.000000
 2.136283 2.890265 0.000000 0.000000 0.000000
 2.261947 2.890265 0.000000 0.000000 0.000000
 2.387610 2.890265 0.000000 0.000000 0.000000
 2.513274 2.890265 0.000000 0.000000 0.000000
 2.638938 2.890265 0.000000 0.000000 0.000000
 2.764602 2.890265 0.000000 0.000004 0.000002
 2.890265 2.890265 0.000005 0.000146 0.000113
 3.015929 2.890265 0.000091 0.001669 0.001656

 -3.141593 3.015929 0.003476 0.037688 0.041735
 -3.015929 3.015929 0.010736 0.079076 0.121919
 -2.890265 3.015929 0.022884 0.105877 0.235265
 -2.764602 3.015929 0.033634 0.054415 0.301780
 -2.638938 3.015929 0.038026 0.031908 0.304744
 -2.513274 3.015929 0.043237 0.039958 0.319032
 -2.387610 3.015929 0.044547 -0.017803 0.352592
 -2.261947 3.015929 0.042965 0.003974 0.360548
 -2.136283 3.015929 0.042423 -0.029415 0.331058
 -2.010619 3.015929 0.036881 -0.039453 0.268451
 -1.884956 3.015929 0.035494 0.024576 0.219196
 -1.759292 3.015929 0.044176 0.108110 0.219627
 -1.633628 3.015929 0.058592 0.107868 0.239366
 -1.507964 3.015929 0.070745 0.088103 0.245979
 -1.382301 3.015929 0.078940 0.029147 0.237114
 -1.256637 3.015929 0.077784 -0.034456 0.254131
 -1.130973 3.015929 0.072138 -0.060136 0.289068
 -1.005310 3.015929 0.060033 -0.138183 0.291284
 -0.879646 3.015929 0.039172 -0.173552 0.228157
 -0.753982 3.015929 0.020810 -0.113199 0.152643
 -0.628319 3.015929 0.009291 -0.073361 0.078787
 -0.502655 3.015929 0.002828 -0.029194 0.032934
 -0.376991 3.015929 0.000798 -0.007578 0.012842
 -0.251327 3.015929 0.000251 -0.002317 0.004919
 -0.125664 3.015929 0.000063 -0.000824 0.001440
 0.000000 3.015929 0.000010 -0.000149 0.000264
 0.125664 3.015929 0.000003 -0.000004 0.000084
 0.251327 3.015929 0.000004 0.000002 0.000109
 0.376991 3.015929 0.000002 -0.000011 0.000066
 0.502655 3.015929 0.000012 0.000273 0.000201
 0.628319 3.015929 0.000139 0.002106 0.001971
 0.753982 3.015929 0.000523 0.003263 0.007027
 0.879646 3.015929 0.000817 0.001751 0.011758
 1.005310 3.015929 0.001033 0.000928 0.016495
 1.130973 3.015929 0.000854 -0.003435 0.014673
 1.256637 3.015929 0.000400 -0.003164 0.007356
 1.382301 3.015929 0.000108 -0.001444 0.002170
 1.507964 3.015929 0.000013 -0.000263 0.000299
 1.633628 3.015929 0.000000 -0.000013 0.000014
 1.759292 3.015929 0.000000 -0.000000 0.000000
 1.884956 3.015929 0.000000 0.000000 0.000000
 2.010619 3.015929 0.000000 0.000000 0.000000
 2.136283 3.015929 0.000000 0.000000 0.000000
 2.261947 3.015929 0.000000 0.000000 0.000000
 2.387610 3.015929 0.000000 0.000000 0.000000
 2.513274 3.015929 0.000000 0.000000 0.000000
 2.638938 3.015929 0.000000 0.000000 0.000000
 2.764602 3.015929 0.000001 0.000042 0.000020
 2.890265 3.015929 0.000050 0.001227 0.000720
 3.015929 3.015929 0.000644 0.010590 0.008357
