#! FIELDS psi2 phi4 hhpsi2phi4
#! SET min_psi2 -pi
#! SET max_psi2 pi
#! SET min_phi4 -pi
#! SET max_phi4 pi
     -3.141592653589793     -3.141592653589793    0.01188247553225297
     -3.141592653589793     -3.015928947446201    0.02603257074775853
     -3.141592653589793      -2.89026524130261    0.05191258866581406
     -3.141592653589793     -2.764601535159018    0.08221015393861786
     -3.141592653589793     -2.638937829015426     0.1026003734486985
     -3.141592653589793     -2.513274122871834      0.105912844143796
     -3.141592653589793     -2.387610416728243    0.09753636482823258
     -3.141592653589793     -2.261946710584651    0.08636839326366769
     -3.141592653589793     -2.136283004441059    0.07534491388411121
     -3.141592653589793     -2.010619298297468    0.06233115057336357
     -3.141592653589793     -1.884955592153876    0.04847600452905735
     -3.141592653589793     -1.759291886010284    0.04254924570493303
     -3.141592653589793     -1.633628179866693    0.05220882506188396
     -3.141592653589793     -1.507964473723101    0.06947541955359618
     -3.141592653589793     -1.382300767579509    0.07422986629893803
     -3.141592653589793     -1.256637061435917    0.05877096375017989
     -3.141592653589793     -1.130973355292325    0.03633644869012568
     -3.141592653589793     -1.005309649148733    0.02019329067199718
     -3.141592653589793     -0.879645943005142    0.01104893015817091
     -3.141592653589793    -0.7539822368615505   0.006470709274824097
     -3.141592653589793    -0.6283185307179586   0.005933611177624458
     -3.141592653589793    -0.5026548245743667   0.006738526455085363
     -3.141592653589793    -0.3769911184307753   0.005649783840482303
     -3.141592653589793    -0.2513274122871838   0.003056584534317526
     -3.141592653589793    -0.1256637061435919   0.001077508971723993
     -3.141592653589793                      0  0.0002424642792989785
     -3.141592653589793     0.1256637061435919 -5.457531142227448e-05
     -3.141592653589793     0.2513274122871834  1.847167771031698e-06
     -3.141592653589793     0.3769911184307753  0.0001517799294013151
     -3.141592653589793     0.5026548245743672 -0.0004740886794809673
     -3.141592653589793     0.6283185307179582 -0.0009190153789137116
     -3.141592653589793     0.7539822368615501   0.002643611568757224
     -3.141592653589793     0.8796459430051424    0.01140959305700784
     -3.141592653589793      1.005309649148734    0.01991566642447201
     -3.141592653589793      1.130973355292326    0.02180815039879729
     -3.141592653589793      1.256637061435917    0.01657598964039424
     -3.141592653589793      1.382300767579509    0.00828955618391565
     -3.141592653589793      1.507964473723101   0.001468006828245324
     -3.141592653589793      1.633628179866692  -0.001174265971930086
     -3.141592653589793      1.759291886010284 -0.0003263433334305776
     -3.141592653589793      1.884955592153876  0.0007140726486712287
     -3.141592653589793      2.010619298297467  0.0001642738484275397
     -3.141592653589793       2.13628300444106 -0.0005758278533965369
     -3.141592653589793      2.261946710584651 -0.0001176037969400132
     -3.141592653589793      2.387610416728243  0.0005840073208752055
     -3.141592653589793      2.513274122871834  0.0001136580295152834
     -3.141592653589793      2.638937829015426 -0.0007885131136174022
     -3.141592653589793      2.764601535159018 -7.911892156027832e-05
     -3.141592653589793      2.890265241302609   0.002566005541797908
     -3.141592653589793      3.015928947446201   0.006010554430911075
     -3.015928947446201     -3.141592653589793   0.005883016512380933
     -3.015928947446201     -3.015928947446201     0.0124172337589817
     -3.015928947446201      -2.89026524130261    0.02433318157684303
     -3.015928947446201     -2.764601535159018    0.03831287516599056
     -3.015928947446201     -2.638937829015426    0.04767628968325843
     -3.015928947446201     -2.513274122871834    0.04923575226780155
     -3.015928947446201     -2.387610416728243    0.04558177436856448
     -3.015928947446201     -2.261946710584651    0.04052883872927551
     -3.015928947446201     -2.136283004441059    0.03521740040194821
     -3.015928947446201     -2.010619298297468    0.02900335118685421
     -3.015928947446201     -1.884955592153876    0.02276245877883036
     -3.015928947446201     -1.759291886010284    0.02032329560885344
     -3.015928947446201     -1.633628179866693    0.02487936855108345
     -3.015928947446201     -1.507964473723101    0.03295328299425211
     -3.015928947446201     -1.382300767579509    0.03565660686664852
     -3.015928947446201     -1.256637061435917    0.02907525600287461
     -3.015928947446201     -1.130973355292325    0.01853307509850229
     -3.015928947446201     -1.005309649148733    0.01030756012698885
     -3.015928947446201     -0.879645943005142   0.005627302101308674
     -3.015928947446201    -0.7539822368615505   0.003553768945472179
     -3.015928947446201    -0.6283185307179586   0.003312310049318993
     -3.015928947446201    -0.5026548245743667   0.003478441246652364
     -3.015928947446201    -0.3769911184307753   0.002781494419982995
     -3.015928947446201    -0.2513274122871838   0.001487977544258837
     -3.015928947446201    -0.1256637061435919  0.0005289987317654328
     -3.015928947446201                      0  0.0001301858069317494
     -3.015928947446201     0.1256637061435919   -1.9385898294894e-05
     -3.015928947446201     0.2513274122871834 -1.307370755828082e-05
     -3.015928947446201     0.3769911184307753  8.556263871753735e-05
     -3.015928947446201     0.5026548245743672 -9.072310923665707e-05
     -3.015928947446201     0.6283185307179582   -6.5668295451962e-05
     -3.015928947446201     0.7539822368615501   0.001950557185119247
     -3.015928947446201     0.8796459430051424   0.006230181901207765
     -3.015928947446201      1.005309649148734   0.009808530621877583
     -3.015928947446201      1.130973355292326    0.00993426915845552
     -3.015928947446201      1.256637061435917   0.007126332775506024
     -3.015928947446201      1.382300767579509   0.003486134924715362
     -3.015928947446201      1.507964473723101  0.0006089022545195527
     -3.015928947446201      1.633628179866692 -0.0005431029872652556
     -3.015928947446201      1.759291886010284 -0.0001545617143284738
     -3.015928947446201      1.884955592153876  0.0003349416010003219
     -3.015928947446201      2.010619298297467  7.335790207976995e-05
     -3.015928947446201       2.13628300444106 -0.0002692524169037236
     -3.015928947446201      2.261946710584651 -4.763890317219244e-05
     -3.015928947446201      2.387610416728243  0.0002674564245765959
     -3.015928947446201      2.513274122871834  4.674280351728765e-05
     -3.015928947446201      2.638937829015426 -0.0003594022821435469
     -3.015928947446201      2.764601535159018 -3.208410941092277e-05
     -3.015928947446201      2.890265241302609   0.001250855008549518
     -3.015928947446201      3.015928947446201   0.003021757242351691
      -2.89026524130261     -3.141592653589793  0.0007945760196150827
      -2.89026524130261     -3.015928947446201   0.001852016892922528
      -2.89026524130261      -2.89026524130261   0.003838514291437816
      -2.89026524130261     -2.764601535159018   0.006137370349649143
      -2.89026524130261     -2.638937829015426   0.007643806764736835
      -2.89026524130261     -2.513274122871834   0.007819758547705178
      -2.89026524130261     -2.387610416728243   0.007116296128223704
      -2.89026524130261     -2.261946710584651   0.006278596392555806
      -2.89026524130261     -2.136283004441059   0.005484989611309573
      -2.89026524130261     -2.010619298297468   0.004418820886036684
      -2.89026524130261     -1.884955592153876   0.003157444096660716
      -2.89026524130261     -1.759291886010284   0.002530737441170155
      -2.89026524130261     -1.633628179866693    0.00315144299744646
      -2.89026524130261     -1.507964473723101   0.004231426282072659
      -2.89026524130261     -1.382300767579509   0.004196002055103233
      -2.89026524130261     -1.256637061435917   0.002789664039817855
      -2.89026524130261     -1.130973355292325   0.001350871276026197
      -2.89026524130261     -1.005309649148733  0.0006939868923106403
      -2.89026524130261     -0.879645943005142  0.0003954475850796303
      -2.89026524130261    -0.7539822368615505  0.0001726367607336785
      -2.89026524130261    -0.6283185307179586   0.000225921469802249
      -2.89026524130261    -0.5026548245743667  0.0004328254279785686
      -2.89026524130261    -0.3769911184307753  0.0004409662192260186
      -2.89026524130261    -0.2513274122871838  0.0002509459872200196
      -2.89026524130261    -0.1256637061435919  9.003992873617165e-05
      -2.89026524130261                      0  2.149682855037577e-05
      -2.89026524130261     0.1256637061435919 -1.627073667372604e-05
      -2.89026524130261     0.2513274122871834 -4.563332680672717e-06
      -2.89026524130261     0.3769911184307753  1.349336476373076e-05
      -2.89026524130261     0.5026548245743672 -0.0002753453713264453
      -2.89026524130261     0.6283185307179582  -0.001040876344378926
      -2.89026524130261     0.7539822368615501  -0.001826668634109285
      -2.89026524130261     0.8796459430051424  -0.002059892970438063
      -2.89026524130261      1.005309649148734  -0.001737469306619527
      -2.89026524130261      1.130973355292326  -0.001133694458649765
      -2.89026524130261      1.256637061435917 -0.0004399314563833241
      -2.89026524130261      1.382300767579509  2.399173876297864e-05
      -2.89026524130261      1.507964473723101  2.769947249969817e-05
      -2.89026524130261      1.633628179866692 -0.0001187051118058348
      -2.89026524130261      1.759291886010284 -4.693102925226815e-05
      -2.89026524130261      1.884955592153876  7.983672109949514e-05
      -2.89026524130261      2.010619298297467  2.151928920944796e-05
      -2.89026524130261       2.13628300444106 -6.746211045025223e-05
      -2.89026524130261      2.261946710584651 -1.015886120600756e-05
      -2.89026524130261      2.387610416728243  6.585732115530728e-05
      -2.89026524130261      2.513274122871834  5.668992721822942e-06
      -2.89026524130261      2.638937829015426 -8.225060349781999e-05
      -2.89026524130261      2.764601535159018  2.976019774881351e-07
      -2.89026524130261      2.890265241302609  0.0002190977089518726
      -2.89026524130261      3.015928947446201  0.0004250458014161152
     -2.764601535159018     -3.141592653589793 -5.284526238900032e-05
     -2.764601535159018     -3.015928947446201 -0.0001902479291306505
     -2.764601535159018      -2.89026524130261 -0.0004463872296167561
     -2.764601535159018     -2.764601535159018 -0.0007390546742049599
     -2.764601535159018     -2.638937829015426 -0.0009408105147039804
     -2.764601535159018     -2.513274122871834 -0.0009653904649337934
     -2.764601535159018     -2.387610416728243 -0.0008507112030217286
     -2.764601535159018     -2.261946710584651 -0.0007292166765607291
     -2.764601535159018     -2.136283004441059  -0.000659976403492711
     -2.764601535159018     -2.010619298297468  -0.000563942990104637
     -2.764601535159018     -1.884955592153876 -0.0003977504042792146
     -2.764601535159018     -1.759291886010284 -0.0002856802028765571
     -2.764601535159018     -1.633628179866693 -0.0003577287784184083
     -2.764601535159018     -1.507964473723101 -0.0005002545234390528
     -2.764601535159018     -1.382300767579509 -0.0004541612639317626
     -2.764601535159018     -1.256637061435917 -0.0002107555499069031
     -2.764601535159018     -1.130973355292325  -3.22047948152333e-05
     -2.764601535159018     -1.005309649148733 -1.648137698197601e-05
     -2.764601535159018     -0.879645943005142  -1.32038130508465e-05
     -2.764601535159018    -0.7539822368615505  3.287847125796572e-05
     -2.764601535159018    -0.6283185307179586   3.58651854384729e-05
     -2.764601535159018    -0.5026548245743667 -7.639864768697378e-06
     -2.764601535159018    -0.3769911184307753 -2.875565262611866e-05
     -2.764601535159018    -0.2513274122871838 -1.861899633331063e-05
     -2.764601535159018    -0.1256637061435919 -6.330120399869718e-06
     -2.764601535159018                      0  5.599780036965004e-07
     -2.764601535159018     0.1256637061435919  1.981478648679349e-06
     -2.764601535159018     0.2513274122871834 -2.532956311638314e-06
     -2.764601535159018     0.3769911184307753   8.65830511990575e-07
     -2.764601535159018     0.5026548245743672  2.965913934000023e-05
     -2.764601535159018     0.6283185307179582  8.264945933399181e-05
     -2.764601535159018     0.7539822368615501   0.000126468706982525
     -2.764601535159018     0.8796459430051424  9.765664783385752e-05
     -2.764601535159018      1.005309649148734 -3.509065119097438e-05
     -2.764601535159018      1.130973355292326 -0.0001877287188543605
     -2.764601535159018      1.256637061435917 -0.0002245074037824031
     -2.764601535159018      1.382300767579509 -0.0001319105266012041
     -2.764601535159018      1.507964473723101 -2.575025242999629e-05
     -2.764601535159018      1.633628179866692  1.273488964578333e-05
     -2.764601535159018      1.759291886010284  3.216914977677268e-06
     -2.764601535159018      1.884955592153876 -7.143576823676718e-06
     -2.764601535159018      2.010619298297467 -2.197163743728562e-06
     -2.764601535159018       2.13628300444106  5.904321619909834e-06
     -2.764601535159018      2.261946710584651  2.193418372406502e-06
     -2.764601535159018      2.387610416728243 -6.771216808381796e-06
     -2.764601535159018      2.513274122871834 -1.897178690604621e-06
     -2.764601535159018      2.638937829015426  9.214683841703272e-06
     -2.764601535159018      2.764601535159018  1.209966325370911e-06
     -2.764601535159018      2.890265241302609 -1.602697920041061e-05
     -2.764601535159018      3.015928947446201 -2.050233982094198e-05
     -2.638937829015426     -3.141592653589793  0.0004426984334234242
     -2.638937829015426     -3.015928947446201  0.0006764991689366979
     -2.638937829015426      -2.89026524130261   0.001043013348381838
     -2.638937829015426     -2.764601535159018   0.001497136742364107
     -2.638937829015426     -2.638937829015426   0.001808121560542188
     -2.638937829015426     -2.513274122871834   0.001923222558546109
     -2.638937829015426     -2.387610416728243    0.00194186313088802
     -2.638937829015426     -2.261946710584651   0.001817531698202106
     -2.638937829015426     -2.136283004441059   0.001527235643760787
     -2.638937829015426     -2.010619298297468   0.001294438778720857
     -2.638937829015426     -1.884955592153876   0.001292607994282058
     -2.638937829015426     -1.759291886010284   0.001444295253248748
     -2.638937829015426     -1.633628179866693   0.001701809836974711
     -2.638937829015426     -1.507964473723101   0.002167004142390087
     -2.638937829015426     -1.382300767579509    0.00273761092469909
     -2.638937829015426     -1.256637061435917   0.002906887966364819
     -2.638937829015426     -1.130973355292325   0.002303243970180672
     -2.638937829015426     -1.005309649148733   0.001329442783739439
     -2.638937829015426     -0.879645943005142  0.0007179526108405017
     -2.638937829015426    -0.7539822368615505  0.0005805517401085978
     -2.638937829015426    -0.6283185307179586  0.0005100666078165864
     -2.638937829015426    -0.5026548245743667  0.0003267587755373347
     -2.638937829015426    -0.3769911184307753  0.0001560067864407801
     -2.638937829015426    -0.2513274122871838   6.86558017258743e-05
     -2.638937829015426    -0.1256637061435919  2.655784452551614e-05
     -2.638937829015426                      0  8.804244328634077e-06
     -2.638937829015426     0.1256637061435919  9.726804644612933e-06
     -2.638937829015426     0.2513274122871834 -8.057991884550354e-07
     -2.638937829015426     0.3769911184307753  7.643323103211778e-06
     -2.638937829015426     0.5026548245743672  0.0002282712583420598
     -2.638937829015426     0.6283185307179582  0.0008807703376478899
     -2.638937829015426     0.7539822368615501   0.001892343282992961
     -2.638937829015426     0.8796459430051424   0.002790385337453754
     -2.638937829015426      1.005309649148734   0.003016120219435153
     -2.638937829015426      1.130973355292326    0.00240725620307475
     -2.638937829015426      1.256637061435917   0.001359184223865322
     -2.638937829015426      1.382300767579509  0.0004754936167909758
     -2.638937829015426      1.507964473723101  6.632574794447126e-05
     -2.638937829015426      1.633628179866692  9.088644992790905e-08
     -2.638937829015426      1.759291886010284  8.857552257905944e-06
     -2.638937829015426      1.884955592153876 -3.681961925247193e-06
     -2.638937829015426      2.010619298297467  -5.17398248855882e-06
     -2.638937829015426       2.13628300444106  5.847072274625736e-06
     -2.638937829015426      2.261946710584651  2.100369150275498e-06
     -2.638937829015426      2.387610416728243 -6.680770255967614e-06
     -2.638937829015426      2.513274122871834  1.240064118751491e-06
     -2.638937829015426      2.638937829015426  5.083470754795917e-06
     -2.638937829015426      2.764601535159018 -3.436761932899591e-06
     -2.638937829015426      2.890265241302609  5.389984192370855e-05
     -2.638937829015426      3.015928947446201  0.0002283735804223772
     -2.513274122871834     -3.141592653589793 -0.0001034439546209526
     -2.513274122871834     -3.015928947446201 -0.0001093249035222223
     -2.513274122871834      -2.89026524130261 -9.372344086331555e-05
     -2.513274122871834     -2.764601535159018 -8.513484671964538e-05
     -2.513274122871834     -2.638937829015426 -8.229209248637742e-05
     -2.513274122871834     -2.513274122871834 -0.0001086844537150362
     -2.513274122871834     -2.387610416728243 -0.0001689050787451908
     -2.513274122871834     -2.261946710584651  -0.000188819044969353
     -2.513274122871834     -2.136283004441059 -0.0001428806260609351
     -2.513274122871834     -2.010619298297468 -0.0001344850640930747
     -2.513274122871834     -1.884955592153876 -0.0002232900241069011
     -2.513274122871834     -1.759291886010284 -0.0003214391198431565
     -2.513274122871834     -1.633628179866693 -0.0003643578918394878
     -2.513274122871834     -1.507964473723101 -0.0004457269405507904
     -2.513274122871834     -1.382300767579509 -0.0006485099167244574
     -2.513274122871834     -1.256637061435917 -0.0008137444660163283
     -2.513274122871834     -1.130973355292325 -0.0007090457033432785
     -2.513274122871834     -1.005309649148733 -0.0004153976367471348
     -2.513274122871834     -0.879645943005142 -0.0002241512091866213
     -2.513274122871834    -0.7539822368615505 -0.0001955397301882542
     -2.513274122871834    -0.6283185307179586 -0.0001687179493444724
     -2.513274122871834    -0.5026548245743667  -8.82684665112592e-05
     -2.513274122871834    -0.3769911184307753 -2.576125704219684e-05
     -2.513274122871834    -0.2513274122871838 -7.581478764045347e-06
     -2.513274122871834    -0.1256637061435919 -3.657648219079316e-06
     -2.513274122871834                      0 -1.701522689007495e-06
     -2.513274122871834     0.1256637061435919 -4.487469435394851e-06
     -2.513274122871834     0.2513274122871834 -7.003142001237326e-08
     -2.513274122871834     0.3769911184307753 -1.886097835564191e-06
     -2.513274122871834     0.5026548245743672 -0.0001007790474892689
     -2.513274122871834     0.6283185307179582 -0.0003857850405611187
     -2.513274122871834     0.7539822368615501 -0.0007951707607290364
     -2.513274122871834     0.8796459430051424  -0.001119131931270759
     -2.513274122871834      1.005309649148734  -0.001165470942543608
     -2.513274122871834      1.130973355292326 -0.0009060492598252541
     -2.513274122871834      1.256637061435917 -0.0004964556418263296
     -2.513274122871834      1.382300767579509  -0.000162961559988835
     -2.513274122871834      1.507964473723101   -2.2049930878381e-05
     -2.513274122871834      1.633628179866692 -7.803683116535069e-06
     -2.513274122871834      1.759291886010284 -6.007869037421733e-06
     -2.513274122871834      1.884955592153876  6.341399205379283e-06
     -2.513274122871834      2.010619298297467  3.297008956599433e-06
     -2.513274122871834       2.13628300444106 -6.367799621514747e-06
     -2.513274122871834      2.261946710584651 -1.597975864305457e-06
     -2.513274122871834      2.387610416728243  6.703682117393359e-06
     -2.513274122871834      2.513274122871834  1.581835898116368e-07
     -2.513274122871834      2.638937829015426 -7.356956194191477e-06
     -2.513274122871834      2.764601535159018  9.788686545865102e-07
     -2.513274122871834      2.890265241302609 -4.771067696716335e-06
     -2.513274122871834      3.015928947446201 -5.327885658714995e-05
     -2.387610416728243     -3.141592653589793 -0.0002555276658018617
     -2.387610416728243     -3.015928947446201 -0.0003970520633571363
     -2.387610416728243      -2.89026524130261 -0.0006223125656936887
     -2.387610416728243     -2.764601535159018 -0.0009007810792119598
     -2.387610416728243     -2.638937829015426  -0.001091919220558519
     -2.387610416728243     -2.513274122871834  -0.001159500005790637
     -2.387610416728243     -2.387610416728243     -0.001162668397252
     -2.387610416728243     -2.261946710584651  -0.001083200223369299
     -2.387610416728243     -2.136283004441059 -0.0009118889544893702
     -2.387610416728243     -2.010619298297468 -0.0007723809287844823
     -2.387610416728243     -1.884955592153876 -0.0007619782424415171
     -2.387610416728243     -1.759291886010284 -0.0008437121549352537
     -2.387610416728243     -1.633628179866693 -0.0009969420104256996
     -2.387610416728243     -1.507964473723101  -0.001272538717463199
     -2.387610416728243     -1.382300767579509  -0.001597052198555847
     -2.387610416728243     -1.256637061435917   -0.00167979701320578
     -2.387610416728243     -1.130973355292325  -0.001322668410319346
     -2.387610416728243     -1.005309649148733  -0.000762489331769299
     -2.387610416728243     -0.879645943005142 -0.0004111634253773342
     -2.387610416728243    -0.7539822368615505 -0.0003295239741082497
     -2.387610416728243    -0.6283185307179586 -0.0002889367291650129
     -2.387610416728243    -0.5026548245743667 -0.0001869050306238866
     -2.387610416728243    -0.3769911184307753 -9.094592481329313e-05
     -2.387610416728243    -0.2513274122871838 -4.032728588926557e-05
     -2.387610416728243    -0.1256637061435919  -1.53655888075879e-05
     -2.387610416728243                      0 -5.114624608381762e-06
     -2.387610416728243     0.1256637061435919 -5.514092745340017e-06
     -2.387610416728243     0.2513274122871834  5.684359991404611e-07
     -2.387610416728243     0.3769911184307753 -4.346215668230161e-06
     -2.387610416728243     0.5026548245743672 -0.0001275298527505426
     -2.387610416728243     0.6283185307179582 -0.0004922806141544985
     -2.387610416728243     0.7539822368615501  -0.001062032127364323
     -2.387610416728243     0.8796459430051424  -0.001573671926549759
     -2.387610416728243      1.005309649148734  -0.001707615555277797
     -2.387610416728243      1.130973355292326  -0.001366161152586477
     -2.387610416728243      1.256637061435917 -0.0007724020123112353
     -2.387610416728243      1.382300767579509 -0.0002705174112439942
     -2.387610416728243      1.507964473723101 -3.756435399136685e-05
     -2.387610416728243      1.633628179866692  4.514257909681186e-07
     -2.387610416728243      1.759291886010284 -4.855839739781241e-06
     -2.387610416728243      1.884955592153876  1.786831641859902e-06
     -2.387610416728243      2.010619298297467  2.795912877419641e-06
     -2.387610416728243       2.13628300444106  -3.03647574086184e-06
     -2.387610416728243      2.261946710584651  -1.06252817581279e-06
     -2.387610416728243      2.387610416728243  3.459684525353528e-06
     -2.387610416728243      2.513274122871834 -8.232901398682763e-07
     -2.387610416728243      2.638937829015426 -2.421025494876407e-06
     -2.387610416728243      2.764601535159018  2.061886647773112e-06
     -2.387610416728243      2.890265241302609  -3.15644746017715e-05
     -2.387610416728243      3.015928947446201 -0.0001314067717919975
     -2.261946710584651     -3.141592653589793  0.0002170868745675509
     -2.261946710584651     -3.015928947446201  0.0003166237331941222
     -2.261946710584651      -2.89026524130261  0.0004623681116605769
     -2.261946710584651     -2.764601535159018  0.0006445755485397077
     -2.261946710584651     -2.638937829015426  0.0007699075686965528
     -2.261946710584651     -2.513274122871834   0.000825551053504681
     -2.261946710584651     -2.387610416728243  0.0008534216492880056
     -2.261946710584651     -2.261946710584651  0.0008102907164011056
     -2.261946710584651     -2.136283004441059  0.0006786589426633505
     -2.261946710584651     -2.010619298297468  0.0005823440989058531
     -2.261946710584651     -1.884955592153876   0.000609366765365481
     -2.261946710584651     -1.759291886010284  0.0006996538752887034
     -2.261946710584651     -1.633628179866693  0.0008163890269130606
     -2.261946710584651     -1.507964473723101   0.001033252006287766
     -2.261946710584651     -1.382300767579509   0.001332216022480932
     -2.261946710584651     -1.256637061435917   0.001453211196812838
     -2.261946710584651     -1.130973355292325   0.001172092732769093
     -2.261946710584651     -1.005309649148733  0.0006805040830207978
     -2.261946710584651     -0.879645943005142   0.000369419682175818
     -2.261946710584651    -0.7539822368615505  0.0003034925631554888
     -2.261946710584651    -0.6283185307179586  0.0002654031103917002
     -2.261946710584651    -0.5026548245743667  0.0001632935198916594
     -2.261946710584651    -0.3769911184307753  7.199198109024131e-05
     -2.261946710584651    -0.2513274122871838  3.054704123538539e-05
     -2.261946710584651    -0.1256637061435919  1.240906568291843e-05
     -2.261946710584651                      0  3.829707419406059e-06
     -2.261946710584651     0.1256637061435919  5.404544101460003e-06
     -2.261946710584651     0.2513274122871834  3.416509817983281e-07
     -2.261946710584651     0.3769911184307753  3.598804696404925e-06
     -2.261946710584651     0.5026548245743672  0.0001309545074091523
     -2.261946710584651     0.6283185307179582  0.0005084404214318291
     -2.261946710584651     0.7539822368615501   0.001076950276821236
     -2.261946710584651     0.8796459430051424   0.001563630678215447
     -2.261946710584651      1.005309649148734    0.00168038529210518
     -2.261946710584651      1.130973355292326   0.001350507941723101
     -2.261946710584651      1.256637061435917  0.0007740332882855848
     -2.261946710584651      1.382300767579509  0.0002750828463834626
     -2.261946710584651      1.507964473723101  3.993952764054883e-05
     -2.261946710584651      1.633628179866692  2.149132431033532e-06
     -2.261946710584651      1.759291886010284   5.71886272498793e-06
     -2.261946710584651      1.884955592153876 -3.436598473949387e-06
     -2.261946710584651      2.010619298297467  -3.30635253455103e-06
     -2.261946710584651       2.13628300444106  4.473743924259904e-06
     -2.261946710584651      2.261946710584651    1.3970509987539e-06
     -2.261946710584651      2.387610416728243 -4.914156132941481e-06
     -2.261946710584651      2.513274122871834   4.74928322079679e-07
     -2.261946710584651      2.638937829015426  4.429325286420894e-06
     -2.261946710584651      2.764601535159018 -1.709352893116319e-06
     -2.261946710584651      2.890265241302609    2.3892595381257e-05
     -2.261946710584651      3.015928947446201  0.0001116454822752107
     -2.136283004441059     -3.141592653589793  7.241064510960057e-05
     -2.136283004441059     -3.015928947446201  0.0001098837826096317
     -2.136283004441059      -2.89026524130261  0.0001718431965009847
     -2.136283004441059     -2.764601535159018  0.0002523918110143903
     -2.136283004441059     -2.638937829015426  0.0003094925349265621
     -2.136283004441059     -2.513274122871834    0.00033091701496247
     -2.136283004441059     -2.387610416728243  0.0003328524700894673
     -2.136283004441059     -2.261946710584651  0.0003079302321239508
     -2.136283004441059     -2.136283004441059  0.0002541915891740487
     -2.136283004441059     -2.010619298297468  0.0002137096996121323
     -2.136283004441059     -1.884955592153876  0.0002187850046893952
     -2.136283004441059     -1.759291886010284  0.0002536001507829482
     -2.136283004441059     -1.633628179866693  0.0003047687054068879
     -2.136283004441059     -1.507964473723101  0.0003896690006520905
     -2.136283004441059     -1.382300767579509  0.0004945894368997731
     -2.136283004441059     -1.256637061435917  0.0005287702474217917
     -2.136283004441059     -1.130973355292325  0.0004195924718296987
     -2.136283004441059     -1.005309649148733  0.0002392875186657308
     -2.136283004441059     -0.879645943005142  0.0001255218646305563
     -2.136283004441059    -0.7539822368615505  9.959894288924105e-05
     -2.136283004441059    -0.6283185307179586  8.624744446773091e-05
     -2.136283004441059    -0.5026548245743667  5.434503260560217e-05
     -2.136283004441059    -0.3769911184307753  2.609210604483996e-05
     -2.136283004441059    -0.2513274122871838  1.105617145576583e-05
     -2.136283004441059    -0.1256637061435919  3.573838818870836e-06
     -2.136283004441059                      0  1.921624610510506e-06
     -2.136283004441059     0.1256637061435919  2.010895498017428e-06
     -2.136283004441059     0.2513274122871834  -1.12567256045569e-06
     -2.136283004441059     0.3769911184307753    1.4145241989973e-06
     -2.136283004441059     0.5026548245743672  3.569446001887024e-05
     -2.136283004441059     0.6283185307179582  0.0001318271473853921
     -2.136283004441059     0.7539822368615501  0.0002892775770824678
     -2.136283004441059     0.8796459430051424   0.000437191659986986
     -2.136283004441059      1.005309649148734  0.0004677150198225787
     -2.136283004441059      1.130973355292326  0.0003501984901526825
     -2.136283004441059      1.256637061435917  0.0001739481243897613
     -2.136283004441059      1.382300767579509  4.849647293718882e-05
     -2.136283004441059      1.507964473723101  3.900666957614879e-06
     -2.136283004441059      1.633628179866692  1.430144608039315e-06
     -2.136283004441059      1.759291886010284  1.746314866551783e-06
     -2.136283004441059      1.884955592153876  -1.42795880801343e-06
     -2.136283004441059      2.010619298297467  -8.60837985039403e-07
     -2.136283004441059       2.13628300444106  1.501805577827913e-06
     -2.136283004441059      2.261946710584651  3.265694535747992e-07
     -2.136283004441059      2.387610416728243 -1.592820965671012e-06
     -2.136283004441059      2.513274122871834   2.65592518791042e-07
     -2.136283004441059      2.638937829015426   1.40815191578907e-06
     -2.136283004441059      2.764601535159018 -7.716627460045658e-07
     -2.136283004441059      2.890265241302609  7.879736917322135e-06
     -2.136283004441059      3.015928947446201  3.710318119651154e-05
     -2.010619298297468     -3.141592653589793  -0.000202255445399127
     -2.010619298297468     -3.015928947446201 -0.0003018961078147692
     -2.010619298297468      -2.89026524130261 -0.0004530203880878704
     -2.010619298297468     -2.764601535159018 -0.0006412330026524764
     -2.010619298297468     -2.638937829015426 -0.0007707016569798656
     -2.010619298297468     -2.513274122871834 -0.0008232951973285669
     -2.010619298297468     -2.387610416728243 -0.0008407954360577202
     -2.010619298297468     -2.261946710584651 -0.0007922283270375766
     -2.010619298297468     -2.136283004441059 -0.0006646848408362735
     -2.010619298297468     -2.010619298297468 -0.0005675246125592198
     -2.010619298297468     -1.884955592153876 -0.0005810624480601707
     -2.010619298297468     -1.759291886010284 -0.0006587033398153205
     -2.010619298297468     -1.633628179866693 -0.0007724062130276995
     -2.010619298297468     -1.507964473723101 -0.0009807556076782944
     -2.010619298297468     -1.382300767579509  -0.001252195048992321
     -2.010619298297468     -1.256637061435917  -0.001348299795393356
     -2.010619298297468     -1.130973355292325  -0.001078327645675625
     -2.010619298297468     -1.005309649148733 -0.0006244118968285735
     -2.010619298297468     -0.879645943005142 -0.0003380203657033516
     -2.010619298297468    -0.7539822368615505 -0.0002752063069085028
     -2.010619298297468    -0.6283185307179586  -0.000240774227905755
     -2.010619298297468    -0.5026548245743667 -0.0001506488516725765
     -2.010619298297468    -0.3769911184307753 -6.881478165695633e-05
     -2.010619298297468    -0.2513274122871838 -2.966473712164572e-05
     -2.010619298297468    -0.1256637061435919 -1.173068626658326e-05
     -2.010619298297468                      0 -3.753987992038809e-06
     -2.010619298297468     0.1256637061435919 -4.822139314698845e-06
     -2.010619298297468     0.2513274122871834 -7.036351125441702e-09
     -2.010619298297468     0.3769911184307753 -3.385184476516732e-06
     -2.010619298297468     0.5026548245743672 -0.0001145551709140664
     -2.010619298297468     0.6283185307179582 -0.0004437563880601275
     -2.010619298297468     0.7539822368615501 -0.0009456018687919609
     -2.010619298297468     0.8796459430051424  -0.001382300730856925
     -2.010619298297468      1.005309649148734  -0.001490095568681407
     -2.010619298297468      1.130973355292326  -0.001195092723462994
     -2.010619298297468      1.256637061435917 -0.0006811461605115684
     -2.010619298297468      1.382300767579509 -0.0002404841190444605
     -2.010619298297468      1.507964473723101 -3.432806346367929e-05
     -2.010619298297468      1.633628179866692 -1.238417157130423e-06
     -2.010619298297468      1.759291886010284 -4.824126663309995e-06
     -2.010619298297468      1.884955592153876     2.614493669524e-06
     -2.010619298297468      2.010619298297467  2.776078536333045e-06
     -2.010619298297468       2.13628300444106 -3.575690003079529e-06
     -2.010619298297468      2.261946710584651 -1.135660626967551e-06
     -2.010619298297468      2.387610416728243  3.954730314998605e-06
     -2.010619298297468      2.513274122871834 -5.229511312814464e-07
     -2.010619298297468      2.638937829015426 -3.373975555605074e-06
     -2.010619298297468      2.764601535159018  1.620618398368092e-06
     -2.010619298297468      2.890265241302609 -2.316521473982998e-05
     -2.010619298297468      3.015928947446201 -0.0001039760145859049
     -1.884955592153876     -3.141592653589793  5.788914434675605e-05
     -1.884955592153876     -3.015928947446201  9.607249044062955e-05
     -1.884955592153876      -2.89026524130261   0.000153167339417387
     -1.884955592153876     -2.764601535159018  0.0002161866853103079
     -1.884955592153876     -2.638937829015426  0.0002560321835953481
     -1.884955592153876     -2.513274122871834  0.0002671804751799762
     -1.884955592153876     -2.387610416728243  0.0002645425029807268
     -1.884955592153876     -2.261946710584651  0.0002496954352237267
     -1.884955592153876     -2.136283004441059  0.0002199136614300265
     -1.884955592153876     -2.010619298297468  0.0001889257062141868
     -1.884955592153876     -1.884955592153876  0.0001695213908316098
     -1.884955592153876     -1.759291886010284  0.0001649429907069702
     -1.884955592153876     -1.633628179866693  0.0001858286157691248
     -1.884955592153876     -1.507964473723101  0.0002364808141856352
     -1.884955592153876     -1.382300767579509  0.0002843729935438466
     -1.884955592153876     -1.256637061435917  0.0002800935239929213
     -1.884955592153876     -1.130973355292325  0.0002128961699671405
     -1.884955592153876     -1.005309649148733  0.0001273752621947667
     -1.884955592153876     -0.879645943005142   7.51704799403811e-05
     -1.884955592153876    -0.7539822368615505  6.168931908887879e-05
     -1.884955592153876    -0.6283185307179586  5.613957669914867e-05
     -1.884955592153876    -0.5026548245743667   3.94760651651761e-05
     -1.884955592153876    -0.3769911184307753  2.026459248327399e-05
     -1.884955592153876    -0.2513274122871838  1.002571197010256e-05
     -1.884955592153876    -0.1256637061435919  4.980250248704986e-06
     -1.884955592153876                      0  2.922412406757333e-07
     -1.884955592153876     0.1256637061435919  3.703568060419679e-07
     -1.884955592153876     0.2513274122871834  1.648605249640174e-06
     -1.884955592153876     0.3769911184307753   6.40689183065124e-07
     -1.884955592153876     0.5026548245743672  2.859135336962584e-05
     -1.884955592153876     0.6283185307179582  0.0001214649628619452
     -1.884955592153876     0.7539822368615501  0.0002538714588423391
     -1.884955592153876     0.8796459430051424  0.0003617286445986412
     -1.884955592153876      1.005309649148734  0.0004060701054263138
     -1.884955592153876      1.130973355292326  0.0003699378035947178
     -1.884955592153876      1.256637061435917  0.0002540619393528062
     -1.884955592153876      1.382300767579509   0.000112241610091717
     -1.884955592153876      1.507964473723101  2.084921066708708e-05
     -1.884955592153876      1.633628179866692 -3.167531752885514e-06
     -1.884955592153876      1.759291886010284  3.221444520449617e-07
     -1.884955592153876      1.884955592153876  1.429137128109094e-06
     -1.884955592153876      2.010619298297467 -4.562054090613516e-07
     -1.884955592153876       2.13628300444106 -6.167019935723261e-07
     -1.884955592153876      2.261946710584651  1.655824013753674e-07
     -1.884955592153876      2.387610416728243  4.718683082546803e-07
     -1.884955592153876      2.513274122871834  1.393032382026934e-07
     -1.884955592153876      2.638937829015426  -9.35400467699367e-07
     -1.884955592153876      2.764601535159018 -1.186493470220819e-07
     -1.884955592153876      2.890265241302609  9.301698569218381e-06
     -1.884955592153876      3.015928947446201  3.000541260359281e-05
     -1.759291886010284     -3.141592653589793  0.0001212844174942651
     -1.759291886010284     -3.015928947446201  0.0001752405507959983
     -1.759291886010284      -2.89026524130261  0.0002572002141763618
     -1.759291886010284     -2.764601535159018  0.0003638364522920337
     -1.759291886010284     -2.638937829015426  0.0004391841854470154
     -1.759291886010284     -2.513274122871834  0.0004729024764016558
     -1.759291886010284     -2.387610416728243  0.0004881781665327125
     -1.759291886010284     -2.261946710584651   0.000460059659321654
     -1.759291886010284     -2.136283004441059  0.0003801424381503808
     -1.759291886010284     -2.010619298297468   0.000324213070301175
     -1.759291886010284     -1.884955592153876  0.0003461503159995852
     -1.759291886010284     -1.759291886010284  0.0004081154439866255
     -1.759291886010284     -1.633628179866693   0.000482556926597882
     -1.759291886010284     -1.507964473723101  0.0006122690958578925
     -1.759291886010284     -1.382300767579509   0.000792279262088579
     -1.759291886010284     -1.256637061435917  0.0008687018380906522
     -1.759291886010284     -1.130973355292325  0.0007015221133557649
     -1.759291886010284     -1.005309649148733  0.0004040613474526048
     -1.759291886010284     -0.879645943005142  0.0002153268976162881
     -1.759291886010284    -0.7539822368615505   0.000175140971916671
     -1.759291886010284    -0.6283185307179586  0.0001519522694996254
     -1.759291886010284    -0.5026548245743667  9.243796172128546e-05
     -1.759291886010284    -0.3769911184307753  4.079350774361634e-05
     -1.759291886010284    -0.2513274122871838  1.682858794477823e-05
     -1.759291886010284    -0.1256637061435919  6.105231412157701e-06
     -1.759291886010284                      0  2.668294955432202e-06
     -1.759291886010284     0.1256637061435919  3.478367078457287e-06
     -1.759291886010284     0.2513274122871834 -8.875343439357276e-07
     -1.759291886010284     0.3769911184307753  2.204207104965462e-06
     -1.759291886010284     0.5026548245743672  7.168338975972363e-05
     -1.759291886010284     0.6283185307179582  0.0002718275518969081
     -1.759291886010284     0.7539822368615501  0.0005815334424776038
     -1.759291886010284     0.8796459430051424  0.0008546096789420837
     -1.759291886010284      1.005309649148734  0.0009120617689858809
     -1.759291886010284      1.130973355292326  0.0007072594068939992
     -1.759291886010284      1.256637061435917  0.0003794794904970092
     -1.759291886010284      1.382300767579509  0.0001215890320174533
     -1.759291886010284      1.507964473723101  1.472379121368026e-05
     -1.759291886010284      1.633628179866692  2.776452150425958e-06
     -1.759291886010284      1.759291886010284  3.529972506149005e-06
     -1.759291886010284      1.884955592153876 -2.836800705464341e-06
     -1.759291886010284      2.010619298297467 -1.878525769657947e-06
     -1.759291886010284       2.13628300444106  3.112748840698059e-06
     -1.759291886010284      2.261946710584651   7.80417225857694e-07
     -1.759291886010284      2.387610416728243 -3.319549522501369e-06
     -1.759291886010284      2.513274122871834  3.169388076566541e-07
     -1.759291886010284      2.638937829015426  3.145826228750369e-06
     -1.759291886010284      2.764601535159018 -1.167338282849725e-06
     -1.759291886010284      2.890265241302609  1.231248982393372e-05
     -1.759291886010284      3.015928947446201  6.218567029474441e-05
     -1.633628179866693     -3.141592653589793 -0.0001197866004339742
     -1.633628179866693     -3.015928947446201 -0.0001933020901663176
     -1.633628179866693      -2.89026524130261 -0.0003061496069549932
     -1.633628179866693     -2.764601535159018 -0.0004369861371265948
     -1.633628179866693     -2.638937829015426 -0.0005229194939628301
     -1.633628179866693     -2.513274122871834 -0.0005498878436487134
     -1.633628179866693     -2.387610416728243 -0.0005473542365763877
     -1.633628179866693     -2.261946710584651 -0.0005135168623199205
     -1.633628179866693     -2.136283004441059 -0.0004434734597763582
     -1.633628179866693     -2.010619298297468 -0.0003787325154129148
     -1.633628179866693     -1.884955592153876 -0.0003541975739251258
     -1.633628179866693     -1.759291886010284 -0.0003659693890708703
     -1.633628179866693     -1.633628179866693 -0.0004221019713692979
     -1.633628179866693     -1.507964473723101 -0.0005380520169943067
     -1.633628179866693     -1.382300767579509 -0.0006608318122162879
     -1.633628179866693     -1.256637061435917 -0.0006729391116159869
     -1.633628179866693     -1.130973355292325 -0.0005209268174879676
     -1.633628179866693     -1.005309649148733 -0.0003056145701845117
     -1.633628179866693     -0.879645943005142 -0.0001722146716020888
     -1.633628179866693    -0.7539822368615505 -0.0001395781273064674
     -1.633628179866693    -0.6283185307179586 -0.0001246807976630184
     -1.633628179866693    -0.5026548245743667  -8.42794610097668e-05
     -1.633628179866693    -0.3769911184307753 -4.223480572153893e-05
     -1.633628179866693    -0.2513274122871838 -1.992076129669003e-05
     -1.633628179866693    -0.1256637061435919 -8.911775317831566e-06
     -1.633628179866693                      0 -1.400737250138962e-06
     -1.633628179866693     0.1256637061435919 -1.583843839648062e-06
     -1.633628179866693     0.2513274122871834 -1.771585145605354e-06
     -1.633628179866693     0.3769911184307753 -1.636916231129437e-06
     -1.633628179866693     0.5026548245743672 -5.947982011236337e-05
     -1.633628179866693     0.6283185307179582 -0.0002423423291482873
     -1.633628179866693     0.7539822368615501 -0.0005134519471851267
     -1.633628179866693     0.8796459430051424 -0.0007443011391140177
     -1.633628179866693      1.005309649148734 -0.0008233471675774523
     -1.633628179866693      1.130973355292326 -0.0007105786325654245
     -1.633628179866693      1.256637061435917 -0.0004533681966708863
     -1.633628179866693      1.382300767579509 -0.0001854999448782492
     -1.633628179866693      1.507964473723101 -3.180576756176954e-05
     -1.633628179866693      1.633628179866692  3.719094311991931e-06
     -1.633628179866693      1.759291886010284 -1.388522007040715e-06
     -1.633628179866693      1.884955592153876 -1.259646313410064e-06
     -1.633628179866693      2.010619298297467  1.107464226663417e-06
     -1.633628179866693       2.13628300444106   6.79979578346448e-08
     -1.633628179866693      2.261946710584651 -4.092443877595306e-07
     -1.633628179866693      2.387610416728243  1.841915004862473e-07
     -1.633628179866693      2.513274122871834 -3.353514853704709e-07
     -1.633628179866693      2.638937829015426   5.65859633616738e-07
     -1.633628179866693      2.764601535159018  5.716814202337586e-07
     -1.633628179866693      2.890265241302609 -1.724896440920441e-05
     -1.633628179866693      3.015928947446201  -6.18416834693838e-05
     -1.507964473723101     -3.141592653589793 -1.899563836201221e-05
     -1.507964473723101     -3.015928947446201 -1.075456909544899e-05
     -1.507964473723101      -2.89026524130261  3.213977819193065e-06
     -1.507964473723101     -2.764601535159018  8.507057567468348e-06
     -1.507964473723101     -2.638937829015426  6.955408951071524e-06
     -1.507964473723101     -2.513274122871834 -3.389081972996063e-06
     -1.507964473723101     -2.387610416728243  -2.05782291864933e-05
     -1.507964473723101     -2.261946710584651 -2.170460594140364e-05
     -1.507964473723101     -2.136283004441059 -2.601349722556135e-06
     -1.507964473723101     -2.010619298297468 -2.295761028236696e-06
     -1.507964473723101     -1.884955592153876 -4.380308110240895e-05
     -1.507964473723101     -1.759291886010284 -9.355102143171368e-05
     -1.507964473723101     -1.633628179866693 -0.0001187024290350162
     -1.507964473723101     -1.507964473723101 -0.0001484039947763651
     -1.507964473723101     -1.382300767579509 -0.0002213750741209833
     -1.507964473723101     -1.256637061435917 -0.0002853851085351853
     -1.507964473723101     -1.130973355292325 -0.0002492019477434576
     -1.507964473723101     -1.005309649148733 -0.0001393101746305408
     -1.507964473723101     -0.879645943005142 -6.690385487639334e-05
     -1.507964473723101    -0.7539822368615505 -5.493980492453977e-05
     -1.507964473723101    -0.6283185307179586 -4.469430028383682e-05
     -1.507964473723101    -0.5026548245743667 -2.015277321816627e-05
     -1.507964473723101    -0.3769911184307753 -4.586015378473565e-06
     -1.507964473723101    -0.2513274122871838  1.602004818509794e-07
     -1.507964473723101    -0.1256637061435919   1.37915241782813e-06
     -1.507964473723101                      0 -1.367708660978734e-06
     -1.507964473723101     0.1256637061435919  -2.05802780249916e-06
     -1.507964473723101     0.2513274122871834  2.202039517120629e-06
     -1.507964473723101     0.3769911184307753  -7.58424399757233e-07
     -1.507964473723101     0.5026548245743672 -2.129875559999764e-05
     -1.507964473723101     0.6283185307179582 -6.769750494080687e-05
     -1.507964473723101     0.7539822368615501 -0.0001480142862113367
     -1.507964473723101     0.8796459430051424 -0.0002244674470214476
     -1.507964473723101      1.005309649148734 -0.0002163526430645387
     -1.507964473723101      1.130973355292326 -0.0001115293651583132
     -1.507964473723101      1.256637061435917 -3.651102699534664e-06
     -1.507964473723101      1.382300767579509  3.030428580140159e-05
     -1.507964473723101      1.507964473723101  1.094342234482362e-05
     -1.507964473723101      1.633628179866692 -5.690138562328945e-06
     -1.507964473723101      1.759291886010284   -2.2994606737336e-06
     -1.507964473723101      1.884955592153876  3.766014115011651e-06
     -1.507964473723101      2.010619298297467  9.300105965356027e-07
     -1.507964473723101       2.13628300444106  -3.07644788925695e-06
     -1.507964473723101      2.261946710584651 -4.257981360875159e-07
     -1.507964473723101      2.387610416728243  3.069401853989165e-06
     -1.507964473723101      2.513274122871834 -2.930557699470946e-08
     -1.507964473723101      2.638937829015426 -3.515913709839489e-06
     -1.507964473723101      2.764601535159018  6.518481640483695e-07
     -1.507964473723101      2.890265241302609  2.268941386460092e-06
     -1.507964473723101      3.015928947446201 -9.346930702445288e-06
     -1.382300767579509     -3.141592653589793  0.0001160867339297428
     -1.382300767579509     -3.015928947446201  0.0001843252846193622
     -1.382300767579509      -2.89026524130261  0.0002895779116756503
     -1.382300767579509     -2.764601535159018   0.000414120231844444
     -1.382300767579509     -2.638937829015426  0.0004972038953897374
     -1.382300767579509     -2.513274122871834  0.0005248958585592024
     -1.382300767579509     -2.387610416728243  0.0005246936628411612
     -1.382300767579509     -2.261946710584651  0.0004916898495179958
     -1.382300767579509     -2.136283004441059  0.0004212110907171965
     -1.382300767579509     -2.010619298297468  0.0003595046594634372
     -1.382300767579509     -1.884955592153876  0.0003437080893343934
     -1.382300767579509     -1.759291886010284  0.0003644448128536231
     -1.382300767579509     -1.633628179866693  0.0004233975268796995
     -1.382300767579509     -1.507964473723101  0.0005396996836101335
     -1.382300767579509     -1.382300767579509  0.0006693846924386112
     -1.382300767579509     -1.256637061435917  0.0006916287819843172
     -1.382300767579509     -1.130973355292325  0.0005398579992925332
     -1.382300767579509     -1.005309649148733  0.0003149768576408515
     -1.382300767579509     -0.879645943005142  0.0001748232751370156
     -1.382300767579509    -0.7539822368615505  0.0001412647152972345
     -1.382300767579509    -0.6283185307179586   0.000125144372611505
     -1.382300767579509    -0.5026548245743667  8.282093159994269e-05
     -1.382300767579509    -0.3769911184307753  4.068334697825451e-05
     -1.382300767579509    -0.2513274122871838  1.874029608808963e-05
     -1.382300767579509    -0.1256637061435919  8.030905611976529e-06
     -1.382300767579509                      0  1.621928441919881e-06
     -1.382300767579509     0.1256637061435919   1.91269353016889e-06
     -1.382300767579509     0.2513274122871834  1.138539580608517e-06
     -1.382300767579509     0.3769911184307753  1.683793012044659e-06
     -1.382300767579509     0.5026548245743672  5.930200079795512e-05
     -1.382300767579509     0.6283185307179582  0.0002375699476798549
     -1.382300767579509     0.7539822368615501  0.0005051161577783402
     -1.382300767579509     0.8796459430051424  0.0007357666725463412
     -1.382300767579509      1.005309649148734  0.0008082739882108904
     -1.382300767579509      1.130973355292326   0.000681931908670305
     -1.382300767579509      1.256637061435917  0.0004207021167262443
     -1.382300767579509      1.382300767579509  0.0001653579779216877
     -1.382300767579509      1.507964473723101  2.709523453740936e-05
     -1.382300767579509      1.633628179866692 -2.332260478234796e-06
     -1.382300767579509      1.759291886010284  1.737411821900092e-06
     -1.382300767579509      1.884955592153876  4.291482842901847e-07
     -1.382300767579509      2.010619298297467 -1.195336418176837e-06
     -1.382300767579509       2.13628300444106  5.324586902241877e-07
     -1.382300767579509      2.261946710584651  4.457876531334335e-07
     -1.382300767579509      2.387610416728243 -7.568497140934269e-07
     -1.382300767579509      2.513274122871834  3.391866189164717e-07
     -1.382300767579509      2.638937829015426  1.313115688313762e-07
     -1.382300767579509      2.764601535159018 -6.903249003962013e-07
     -1.382300767579509      2.890265241302609  1.572244293080608e-05
     -1.382300767579509      3.015928947446201  5.975589483741678e-05
     -1.256637061435917     -3.141592653589793 -7.323657784034648e-05
     -1.256637061435917     -3.015928947446201 -0.0001401017477011118
     -1.256637061435917      -2.89026524130261 -0.0002449444499431591
     -1.256637061435917     -2.764601535159018 -0.0003551738006809952
     -1.256637061435917     -2.638937829015426 -0.0004223287336087683
     -1.256637061435917     -2.513274122871834 -0.0004324936234804721
     -1.256637061435917     -2.387610416728243 -0.0004111525164611635
     -1.256637061435917     -2.261946710584651 -0.0003823685739336024
     -1.256637061435917     -2.136283004441059  -0.000347093150758361
     -1.256637061435917     -2.010619298297468 -0.0002956912545504348
     -1.256637061435917     -1.884955592153876 -0.0002310572791516329
     -1.256637061435917     -1.759291886010284 -0.0001869617009074587
     -1.256637061435917     -1.633628179866693 -0.0002049545103769344
     -1.256637061435917     -1.507964473723101 -0.0002647379009099011
     -1.256637061435917     -1.382300767579509 -0.0002822992703712324
     -1.256637061435917     -1.256637061435917 -0.0002219167384580742
     -1.256637061435917     -1.130973355292325  -0.000140616495065751
     -1.256637061435917     -1.005309649148733 -8.941671685313363e-05
     -1.256637061435917     -0.879645943005142  -6.24308067598228e-05
     -1.256637061435917    -0.7539822368615505 -4.954671136701057e-05
     -1.256637061435917    -0.6283185307179586 -4.899683848984474e-05
     -1.256637061435917    -0.5026548245743667    -4.421480354952e-05
     -1.256637061435917    -0.3769911184307753 -2.839902778793221e-05
     -1.256637061435917    -0.2513274122871838 -1.590479168948815e-05
     -1.256637061435917    -0.1256637061435919 -8.422616488359658e-06
     -1.256637061435917                      0  3.003881741019804e-07
     -1.256637061435917     0.1256637061435919  9.730300926095865e-07
     -1.256637061435917     0.2513274122871834 -3.618797666523383e-06
     -1.256637061435917     0.3769911184307753 -4.934877299186304e-07
     -1.256637061435917     0.5026548245743672 -2.243493810323289e-05
     -1.256637061435917     0.6283185307179582 -0.0001113938809438365
     -1.256637061435917     0.7539822368615501 -0.0002321915733546282
     -1.256637061435917     0.8796459430051424 -0.0003277342352948737
     -1.256637061435917      1.005309649148734 -0.0003969344830832201
     -1.256637061435917      1.130973355292326 -0.0004213448509243989
     -1.256637061435917      1.256637061435917 -0.0003394546982979846
     -1.256637061435917      1.382300767579509 -0.0001723268454608254
     -1.256637061435917      1.507964473723101 -3.555278026410889e-05
     -1.256637061435917      1.633628179866692  9.012259391941265e-06
     -1.256637061435917      1.759291886010284  1.441189206792598e-06
     -1.256637061435917      1.884955592153876 -5.053462625141433e-06
     -1.256637061435917      2.010619298297467 -1.736827253393683e-07
     -1.256637061435917       2.13628300444106   3.40316180503009e-06
     -1.256637061435917      2.261946710584651  1.538233102392361e-07
     -1.256637061435917      2.387610416728243 -3.199746614483615e-06
     -1.256637061435917      2.513274122871834 -2.369640432847268e-07
     -1.256637061435917      2.638937829015426  4.271518126946883e-06
     -1.256637061435917      2.764601535159018 -2.435804720972768e-07
     -1.256637061435917      2.890265241302609 -1.599023843740106e-05
     -1.256637061435917      3.015928947446201 -3.833570315821802e-05
     -1.130973355292325     -3.141592653589793 -5.559918038663759e-05
     -1.130973355292325     -3.015928947446201 -8.148424869459031e-05
     -1.130973355292325      -2.89026524130261 -0.0001218586390251056
     -1.130973355292325     -2.764601535159018 -0.0001750637095997727
     -1.130973355292325     -2.638937829015426 -0.0002134440185282042
     -1.130973355292325     -2.513274122871834 -0.0002301217771556996
     -1.130973355292325     -2.387610416728243 -0.0002355175765436268
     -1.130973355292325     -2.261946710584651 -0.0002199091234907274
     -1.130973355292325     -2.136283004441059 -0.0001813457816218025
     -1.130973355292325     -2.010619298297468 -0.0001552428786854585
     -1.130973355292325     -1.884955592153876  -0.000166002751979938
     -1.130973355292325     -1.759291886010284 -0.0001962130771689897
     -1.130973355292325     -1.633628179866693 -0.0002337103052574946
     -1.130973355292325     -1.507964473723101  -0.000297761981138037
     -1.130973355292325     -1.382300767579509 -0.0003837212011791751
     -1.130973355292325     -1.256637061435917 -0.0004180112779546364
     -1.130973355292325     -1.130973355292325 -0.0003360034625836873
     -1.130973355292325     -1.005309649148733 -0.0001929422135862786
     -1.130973355292325     -0.879645943005142 -0.0001019471341788737
     -1.130973355292325    -0.7539822368615505 -8.148020119566154e-05
     -1.130973355292325    -0.6283185307179586 -6.976289532042567e-05
     -1.130973355292325    -0.5026548245743667 -4.206296019475368e-05
     -1.130973355292325    -0.3769911184307753 -1.854100285920723e-05
     -1.130973355292325    -0.2513274122871838 -7.521542773120575e-06
     -1.130973355292325    -0.1256637061435919  -2.50328449080689e-06
     -1.130973355292325                      0 -1.264648858859272e-06
     -1.130973355292325     0.1256637061435919 -1.772114307975343e-06
     -1.130973355292325     0.2513274122871834  5.789533825685028e-07
     -1.130973355292325     0.3769911184307753 -9.699145391728906e-07
     -1.130973355292325     0.5026548245743672 -3.357774166042813e-05
     -1.130973355292325     0.6283185307179582  -0.000126564048496609
     -1.130973355292325     0.7539822368615501 -0.0002717208683001148
     -1.130973355292325     0.8796459430051424  -0.000401644932214997
     -1.130973355292325      1.005309649148734 -0.0004295915874504234
     -1.130973355292325      1.130973355292326 -0.0003314932328823468
     -1.130973355292325      1.256637061435917 -0.0001751980785382981
     -1.130973355292325      1.382300767579509 -5.429403494853967e-05
     -1.130973355292325      1.507964473723101 -6.121092825566093e-06
     -1.130973355292325      1.633628179866692 -1.712663139293543e-06
     -1.130973355292325      1.759291886010284 -1.782019862564993e-06
     -1.130973355292325      1.884955592153876  1.594236873015587e-06
     -1.130973355292325      2.010619298297467  8.904884058816169e-07
     -1.130973355292325       2.13628300444106 -1.648918522266496e-06
     -1.130973355292325      2.261946710584651 -3.320620084210632e-07
     -1.130973355292325      2.387610416728243  1.705191832965949e-06
     -1.130973355292325      2.513274122871834 -1.990906655598901e-07
     -1.130973355292325      2.638937829015426 -1.631226569895127e-06
     -1.130973355292325      2.764601535159018  6.371664289678129e-07
     -1.130973355292325      2.890265241302609 -5.204078939776006e-06
     -1.130973355292325      3.015928947446201 -2.809827367630219e-05
     -1.005309649148733     -3.141592653589793  0.0001300798473264491
     -1.005309649148733     -3.015928947446201   0.000235323031509957
     -1.005309649148733      -2.89026524130261  0.0004006525361089535
     -1.005309649148733     -2.764601535159018  0.0005807205993356978
     -1.005309649148733     -2.638937829015426  0.0006938273294608319
     -1.005309649148733     -2.513274122871834  0.0007168916829127401
     -1.005309649148733     -2.387610416728243  0.0006904715911047239
     -1.005309649148733     -2.261946710584651  0.0006422397759435788
     -1.005309649148733     -2.136283004441059  0.0005724888661059736
     -1.005309649148733     -2.010619298297468  0.0004876622388957994
     -1.005309649148733     -1.884955592153876  0.0004054483504210397
     -1.005309649148733     -1.759291886010284   0.000362434810105457
     -1.005309649148733     -1.633628179866693   0.000408125180824692
     -1.005309649148733     -1.507964473723101   0.000525032459176483
     -1.005309649148733     -1.382300767579509  0.0005962547638734728
     -1.005309649148733     -1.256637061435917  0.0005327911136991111
     -1.005309649148733     -1.130973355292325  0.0003766156668460546
     -1.005309649148733     -1.005309649148733  0.0002277285631116794
     -1.005309649148733     -0.879645943005142  0.0001407004841384213
     -1.005309649148733    -0.7539822368615505  0.0001119028772719952
     -1.005309649148733    -0.6283185307179586  0.0001047821898358302
     -1.005309649148733    -0.5026548245743667  8.323975566183661e-05
     -1.005309649148733    -0.3769911184307753  4.897316485843431e-05
     -1.005309649148733    -0.2513274122871838  2.584184610823322e-05
     -1.005309649148733    -0.1256637061435919  1.280006992819731e-05
     -1.005309649148733                      0  3.373376800336522e-07
     -1.005309649148733     0.1256637061435919 -3.396144402262082e-07
     -1.005309649148733     0.2513274122871834  4.507518769213177e-06
     -1.005309649148733     0.3769911184307753  1.222898874643651e-06
     -1.005309649148733     0.5026548245743672  4.830172084304915e-05
     -1.005309649148733     0.6283185307179582  0.0002178555572395941
     -1.005309649148733     0.7539822368615501  0.0004588294566175145
     -1.005309649148733     0.8796459430051424  0.0006581529090402087
     -1.005309649148733      1.005309649148734  0.0007662807620710725
     -1.005309649148733      1.130973355292326  0.0007451089586813234
     -1.005309649148733      1.256637061435917  0.0005500125238907873
     -1.005309649148733      1.382300767579509  0.0002604384641662509
     -1.005309649148733      1.507964473723101  5.098264387283094e-05
     -1.005309649148733      1.633628179866692 -1.128250860634407e-05
     -1.005309649148733      1.759291886010284 -1.017487517277536e-06
     -1.005309649148733      1.884955592153876   6.00221196910087e-06
     -1.005309649148733      2.010619298297467 -2.304258043023867e-07
     -1.005309649148733       2.13628300444106 -3.743857154616131e-06
     -1.005309649148733      2.261946710584651  -3.07825879246267e-08
     -1.005309649148733      2.387610416728243  3.433045784261141e-06
     -1.005309649148733      2.513274122871834  4.290211664575981e-07
     -1.005309649148733      2.638937829015426 -4.928140582292597e-06
     -1.005309649148733      2.764601535159018  -2.00845073287545e-08
     -1.005309649148733      2.890265241302609  2.462334227296596e-05
     -1.005309649148733      3.015928947446201  6.757432925667711e-05
     -0.879645943005142     -3.141592653589793 -5.374922345717583e-05
     -0.879645943005142     -3.015928947446201 -0.0001014201826797495
     -0.879645943005142      -2.89026524130261 -0.0001731216114198195
     -0.879645943005142     -2.764601535159018 -0.0002432839771952241
     -0.879645943005142     -2.638937829015426 -0.0002816979412253586
     -0.879645943005142     -2.513274122871834 -0.0002844872665176131
     -0.879645943005142     -2.387610416728243 -0.0002718671955014532
     -0.879645943005142     -2.261946710584651 -0.0002586375583617123
     -0.879645943005142     -2.136283004441059 -0.0002397254640403095
     -0.879645943005142     -2.010619298297468 -0.0002021496586271115
     -0.879645943005142     -1.884955592153876 -0.0001470961077320837
     -0.879645943005142     -1.759291886010284 -0.0001034405832389104
     -0.879645943005142     -1.633628179866693 -0.0001039768279671599
     -0.879645943005142     -1.507964473723101 -0.0001317054173777152
     -0.879645943005142     -1.382300767579509 -0.0001272175290632418
     -0.879645943005142     -1.256637061435917 -7.806517615605641e-05
     -0.879645943005142     -1.130973355292325 -3.709111041789404e-05
     -0.879645943005142     -1.005309649148733 -2.990920738337913e-05
     -0.879645943005142     -0.879645943005142 -3.057879175315558e-05
     -0.879645943005142    -0.7539822368615505 -2.862081992681347e-05
     -0.879645943005142    -0.6283185307179586 -3.268632159443788e-05
     -0.879645943005142    -0.5026548245743667 -3.267335606844878e-05
     -0.879645943005142    -0.3769911184307753 -2.166359578564187e-05
     -0.879645943005142    -0.2513274122871838 -1.272181465814422e-05
     -0.879645943005142    -0.1256637061435919 -7.451443795081131e-06
     -0.879645943005142                      0  4.754031933233258e-07
     -0.879645943005142     0.1256637061435919  1.482315167966068e-06
     -0.879645943005142     0.2513274122871834 -3.470362894256455e-06
     -0.879645943005142     0.3769911184307753 -4.328323316052842e-07
     -0.879645943005142     0.5026548245743672 -1.273125964755227e-05
     -0.879645943005142     0.6283185307179582 -7.157387073341464e-05
     -0.879645943005142     0.7539822368615501 -0.0001447987638244662
     -0.879645943005142     0.8796459430051424 -0.0001939959761569581
     -0.879645943005142      1.005309649148734 -0.0002410641466921241
     -0.879645943005142      1.130973355292326 -0.0002824260135518041
     -0.879645943005142      1.256637061435917 -0.0002505524235421971
     -0.879645943005142      1.382300767579509 -0.0001370880343092598
     -0.879645943005142      1.507964473723101 -2.988329461740435e-05
     -0.879645943005142      1.633628179866692  8.759138482189412e-06
     -0.879645943005142      1.759291886010284  1.857891919249793e-06
     -0.879645943005142      1.884955592153876 -5.138989794485198e-06
     -0.879645943005142      2.010619298297467 -3.182930434505606e-07
     -0.879645943005142       2.13628300444106  3.594044731026317e-06
     -0.879645943005142      2.261946710584651  6.694611858916833e-08
     -0.879645943005142      2.387610416728243 -3.307424989256176e-06
     -0.879645943005142      2.513274122871834  6.436905191831038e-09
     -0.879645943005142      2.638937829015426  4.171965714616871e-06
     -0.879645943005142      2.764601535159018 -5.826082643231897e-07
     -0.879645943005142      2.890265241302609 -1.375213460541143e-05
     -0.879645943005142      3.015928947446201 -2.952224173766437e-05
    -0.7539822368615505     -3.141592653589793 -3.049810836079705e-05
    -0.7539822368615505     -3.015928947446201 -0.0001121429620974333
    -0.7539822368615505      -2.89026524130261 -0.0002678371493898358
    -0.7539822368615505     -2.764601535159018  -0.000452096590735503
    -0.7539822368615505     -2.638937829015426  -0.000583766523511931
    -0.7539822368615505     -2.513274122871834 -0.0006041676380549381
    -0.7539822368615505     -2.387610416728243  -0.000533261319024232
    -0.7539822368615505     -2.261946710584651 -0.0004519702015258464
    -0.7539822368615505     -2.136283004441059 -0.0004024449395397079
    -0.7539822368615505     -2.010619298297468 -0.0003465482502414842
    -0.7539822368615505     -1.884955592153876 -0.0002602017474411108
    -0.7539822368615505     -1.759291886010284 -0.0002101352458065197
    -0.7539822368615505     -1.633628179866693 -0.0002687830886087244
    -0.7539822368615505     -1.507964473723101 -0.0003728686524754259
    -0.7539822368615505     -1.382300767579509 -0.0003689275585194749
    -0.7539822368615505     -1.256637061435917 -0.0002337688519804558
    -0.7539822368615505     -1.130973355292325 -0.0001052644406017359
    -0.7539822368615505     -1.005309649148733 -5.610893647718884e-05
    -0.7539822368615505     -0.879645943005142  -2.74708888072846e-05
    -0.7539822368615505    -0.7539822368615505  9.029334254421733e-06
    -0.7539822368615505    -0.6283185307179586  1.675251925520541e-05
    -0.7539822368615505    -0.5026548245743667 -3.867027276201489e-06
    -0.7539822368615505    -0.3769911184307753 -1.550023308561961e-05
    -0.7539822368615505    -0.2513274122871838 -9.401849572348661e-06
    -0.7539822368615505    -0.1256637061435919 -1.929609764958098e-06
    -0.7539822368615505                      0  1.071564954542407e-08
    -0.7539822368615505     0.1256637061435919  5.718538261676532e-08
    -0.7539822368615505     0.2513274122871834 -3.763200543497808e-07
    -0.7539822368615505     0.3769911184307753  6.481799957545602e-07
    -0.7539822368615505     0.5026548245743672  1.151496414826999e-05
    -0.7539822368615505     0.6283185307179582  3.211365168349441e-05
    -0.7539822368615505     0.7539822368615501  3.623877601951906e-05
    -0.7539822368615505     0.8796459430051424 -7.192371299760044e-06
    -0.7539822368615505      1.005309649148734 -8.743275657273407e-05
    -0.7539822368615505      1.130973355292326   -0.00014432246795756
    -0.7539822368615505      1.256637061435917 -0.0001288094039534306
    -0.7539822368615505      1.382300767579509 -6.333088210723024e-05
    -0.7539822368615505      1.507964473723101   -1.0456028364136e-05
    -0.7539822368615505      1.633628179866692  4.504749719025969e-06
    -0.7539822368615505      1.759291886010284  8.588169177882713e-07
    -0.7539822368615505      1.884955592153876 -2.286257435497531e-06
    -0.7539822368615505      2.010619298297467 -1.025191212845467e-06
    -0.7539822368615505       2.13628300444106  2.000100628528432e-06
    -0.7539822368615505      2.261946710584651  1.314872384988016e-06
    -0.7539822368615505      2.387610416728243 -2.666363053354232e-06
    -0.7539822368615505      2.513274122871834 -1.314128650733195e-06
    -0.7539822368615505      2.638937829015426   3.95954165824125e-06
    -0.7539822368615505      2.764601535159018   1.21348297299479e-06
    -0.7539822368615505      2.890265241302609 -6.555141495911365e-06
    -0.7539822368615505      3.015928947446201 -9.894543175691997e-06
    -0.6283185307179586     -3.141592653589793  0.0008056017985485907
    -0.6283185307179586     -3.015928947446201   0.001106827647056276
    -0.6283185307179586      -2.89026524130261   0.001430372921314524
    -0.6283185307179586     -2.764601535159018   0.001712125192557852
    -0.6283185307179586     -2.638937829015426   0.001800697981334069
    -0.6283185307179586     -2.513274122871834   0.001861438215622776
    -0.6283185307179586     -2.387610416728243   0.002084970817444643
    -0.6283185307179586     -2.261946710584651   0.002191227570025838
    -0.6283185307179586     -2.136283004441059   0.001930135254789063
    -0.6283185307179586     -2.010619298297468    0.00160580063089343
    -0.6283185307179586     -1.884955592153876   0.001521839584254958
    -0.6283185307179586     -1.759291886010284   0.001541393704128448
    -0.6283185307179586     -1.633628179866693   0.001571872372709124
    -0.6283185307179586     -1.507964473723101   0.001861961307564066
    -0.6283185307179586     -1.382300767579509   0.002470997713478125
    -0.6283185307179586     -1.256637061435917   0.002835606604777531
    -0.6283185307179586     -1.130973355292325   0.002387299726378154
    -0.6283185307179586     -1.005309649148733   0.001469316656220267
    -0.6283185307179586     -0.879645943005142  0.0009285994494512667
    -0.6283185307179586    -0.7539822368615505  0.0009215008537542416
    -0.6283185307179586    -0.6283185307179586  0.0009100155903244422
    -0.6283185307179586    -0.5026548245743667   0.000615662475405783
    -0.6283185307179586    -0.3769911184307753  0.0002843517643029047
    -0.6283185307179586    -0.2513274122871838  0.0001408225910281258
    -0.6283185307179586    -0.1256637061435919   8.28591653505474e-05
    -0.6283185307179586                      0  5.267512080648888e-06
    -0.6283185307179586     0.1256637061435919 -6.260393503827609e-07
    -0.6283185307179586     0.2513274122871834  2.691428053367975e-05
    -0.6283185307179586     0.3769911184307753  1.424934857512001e-05
    -0.6283185307179586     0.5026548245743672  0.0004217914234195963
    -0.6283185307179586     0.6283185307179582   0.001759589211037036
    -0.6283185307179586     0.7539822368615501   0.003538815203841196
    -0.6283185307179586     0.8796459430051424   0.004756930205162379
    -0.6283185307179586      1.005309649148734   0.005039762244753574
    -0.6283185307179586      1.130973355292326   0.004458620846445641
    -0.6283185307179586      1.256637061435917   0.003091268301738916
    -0.6283185307179586      1.382300767579509   0.001428692471672012
    -0.6283185307179586      1.507964473723101  0.0002879615278358195
    -0.6283185307179586      1.633628179866692 -5.322461610176013e-05
    -0.6283185307179586      1.759291886010284 -2.317537058958695e-06
    -0.6283185307179586      1.884955592153876  2.927400918436029e-05
    -0.6283185307179586      2.010619298297467 -7.653509548156937e-06
    -0.6283185307179586       2.13628300444106 -1.500451854844364e-05
    -0.6283185307179586      2.261946710584651  7.739566660270363e-06
    -0.6283185307179586      2.387610416728243  8.589377730824098e-06
    -0.6283185307179586      2.513274122871834 -4.682815853927073e-06
    -0.6283185307179586      2.638937829015426 -1.172941533241566e-05
    -0.6283185307179586      2.764601535159018  6.630369901134735e-06
    -0.6283185307179586      2.890265241302609   0.000145243747096551
    -0.6283185307179586      3.015928947446201  0.0004550505388136727
    -0.5026548245743667     -3.141592653589793   0.001589164880762092
    -0.5026548245743667     -3.015928947446201   0.002057553143348292
    -0.5026548245743667      -2.89026524130261   0.002462523548087004
    -0.5026548245743667     -2.764601535159018    0.00276231278497014
    -0.5026548245743667     -2.638937829015426   0.002758793647810464
    -0.5026548245743667     -2.513274122871834   0.002864673940888622
    -0.5026548245743667     -2.387610416728243   0.003433340079199116
    -0.5026548245743667     -2.261946710584651   0.003757229574730034
    -0.5026548245743667     -2.136283004441059    0.00326736783153687
    -0.5026548245743667     -2.010619298297468   0.002686694757664314
    -0.5026548245743667     -1.884955592153876    0.00270138930173125
    -0.5026548245743667     -1.759291886010284   0.002895657782140727
    -0.5026548245743667     -1.633628179866693   0.002918031231562882
    -0.5026548245743667     -1.507964473723101   0.003389393596951941
    -0.5026548245743667     -1.382300767579509   0.004715548942177256
    -0.5026548245743667     -1.256637061435917   0.005734669315080089
    -0.5026548245743667     -1.130973355292325   0.004970758866934471
    -0.5026548245743667     -1.005309649148733   0.003042565471599728
    -0.5026548245743667     -0.879645943005142   0.001898808046108923
    -0.5026548245743667    -0.7539822368615505   0.001925247183142997
    -0.5026548245743667    -0.6283185307179586    0.00190221198266193
    -0.5026548245743667    -0.5026548245743667   0.001253102682682164
    -0.5026548245743667    -0.3769911184307753  0.0005562354569394314
    -0.5026548245743667    -0.2513274122871838  0.0002696393608959151
    -0.5026548245743667    -0.1256637061435919  0.0001599874512710083
    -0.5026548245743667                      0  1.383036096779459e-05
    -0.5026548245743667     0.1256637061435919  2.226904490105709e-06
    -0.5026548245743667     0.2513274122871834  4.743667922781906e-05
    -0.5026548245743667     0.3769911184307753  3.090200314488635e-05
    -0.5026548245743667     0.5026548245743672   0.000874960734059709
    -0.5026548245743667     0.6283185307179582   0.003580570134370584
    -0.5026548245743667     0.7539822368615501   0.007170417056892979
    -0.5026548245743667     0.8796459430051424   0.009580609647364458
    -0.5026548245743667      1.005309649148734   0.009963431751083185
    -0.5026548245743667      1.130973355292326   0.008553597418526199
    -0.5026548245743667      1.256637061435917   0.005761397376419227
    -0.5026548245743667      1.382300767579509   0.002613997834421183
    -0.5026548245743667      1.507964473723101  0.0005264148572240947
    -0.5026548245743667      1.633628179866692 -9.083975208776865e-05
    -0.5026548245743667      1.759291886010284  -1.58016507475286e-06
    -0.5026548245743667      1.884955592153876  5.039693571020301e-05
    -0.5026548245743667      2.010619298297467 -1.747297947225908e-05
    -0.5026548245743667       2.13628300444106 -2.361644466679111e-05
    -0.5026548245743667      2.261946710584651  1.808372491854639e-05
    -0.5026548245743667      2.387610416728243  9.553293741269733e-06
    -0.5026548245743667      2.513274122871834 -1.158318932323114e-05
    -0.5026548245743667      2.638937829015426 -1.304495514050958e-05
    -0.5026548245743667      2.764601535159018  1.437024240248977e-05
    -0.5026548245743667      2.890265241302609  0.0002779769694535005
    -0.5026548245743667      3.015928947446201  0.0009080680705609557
    -0.3769911184307753     -3.141592653589793   0.001661299178514627
    -0.3769911184307753     -3.015928947446201   0.001972299207046443
    -0.3769911184307753      -2.89026524130261   0.002039731706341193
    -0.3769911184307753     -2.764601535159018   0.001931219602757479
    -0.3769911184307753     -2.638937829015426   0.001618738005028557
    -0.3769911184307753     -2.513274122871834   0.001688967028582591
    -0.3769911184307753     -2.387610416728243   0.002480016716041067
    -0.3769911184307753     -2.261946710584651   0.003022609200080677
    -0.3769911184307753     -2.136283004441059   0.002595142701846315
    -0.3769911184307753     -2.010619298297468   0.002090409191623654
    -0.3769911184307753     -1.884955592153876   0.002325453950995189
    -0.3769911184307753     -1.759291886010284    0.00267860765700006
    -0.3769911184307753     -1.633628179866693   0.002577401219466407
    -0.3769911184307753     -1.507964473723101   0.002853763464222959
    -0.3769911184307753     -1.382300767579509   0.004331594150789111
    -0.3769911184307753     -1.256637061435917   0.005785656967160974
    -0.3769911184307753     -1.130973355292325   0.005245884006060204
    -0.3769911184307753     -1.005309649148733   0.003222084353086668
    -0.3769911184307753     -0.879645943005142   0.002018907616591199
    -0.3769911184307753    -0.7539822368615505   0.002131809635031458
    -0.3769911184307753    -0.6283185307179586    0.00212297230969679
    -0.3769911184307753    -0.5026548245743667   0.001361057924119513
    -0.3769911184307753    -0.3769911184307753  0.0005716345350252397
    -0.3769911184307753    -0.2513274122871838  0.0002717885082400651
    -0.3769911184307753    -0.1256637061435919  0.0001686327228140693
    -0.3769911184307753                      0  1.618447889238282e-05
    -0.3769911184307753     0.1256637061435919  3.385635886654758e-06
    -0.3769911184307753     0.2513274122871834  4.874849338718134e-05
    -0.3769911184307753     0.3769911184307753   3.56762174443164e-05
    -0.3769911184307753     0.5026548245743672  0.0009787255669236852
    -0.3769911184307753     0.6283185307179582    0.00395597248283848
    -0.3769911184307753     0.7539822368615501   0.007859228494424537
    -0.3769911184307753     0.8796459430051424    0.01037538119100914
    -0.3769911184307753      1.005309649148734    0.01057698073528956
    -0.3769911184307753      1.130973355292326   0.008864703214824807
    -0.3769911184307753      1.256637061435917   0.005856932683290489
    -0.3769911184307753      1.382300767579509   0.002633369287632288
    -0.3769911184307753      1.507964473723101  0.0005348147008023299
    -0.3769911184307753      1.633628179866692 -8.572339410162183e-05
    -0.3769911184307753      1.759291886010284  5.808123378888516e-07
    -0.3769911184307753      1.884955592153876  4.822213508936583e-05
    -0.3769911184307753      2.010619298297467 -2.149505364323549e-05
    -0.3769911184307753       2.13628300444106 -2.018975951925753e-05
    -0.3769911184307753      2.261946710584651  2.295621156651671e-05
    -0.3769911184307753      2.387610416728243  3.220175207027961e-06
    -0.3769911184307753      2.513274122871834  -1.58242800048986e-05
    -0.3769911184307753      2.638937829015426 -3.700596805840102e-06
    -0.3769911184307753      2.764601535159018  1.836365166658775e-05
    -0.3769911184307753      2.890265241302609  0.0002862334724472818
    -0.3769911184307753      3.015928947446201  0.0009675133169809849
    -0.2513274122871838     -3.141592653589793   0.001661528480247786
    -0.2513274122871838     -3.015928947446201   0.002167207053087024
    -0.2513274122871838      -2.89026524130261   0.002599541054070888
    -0.2513274122871838     -2.764601535159018   0.002896186328734277
    -0.2513274122871838     -2.638937829015426   0.002867688813999052
    -0.2513274122871838     -2.513274122871834   0.002962096723656422
    -0.2513274122871838     -2.387610416728243   0.003552991384050234
    -0.2513274122871838     -2.261946710584651    0.00391246106817792
    -0.2513274122871838     -2.136283004441059   0.003438236892539952
    -0.2513274122871838     -2.010619298297468   0.002838145053558313
    -0.2513274122871838     -1.884955592153876   0.002798576156880791
    -0.2513274122871838     -1.759291886010284   0.002921059371933066
    -0.2513274122871838     -1.633628179866693   0.002888479302699148
    -0.2513274122871838     -1.507964473723101   0.003330621646391969
    -0.2513274122871838     -1.382300767579509   0.004626733554411296
    -0.2513274122871838     -1.256637061435917   0.005621906131891503
    -0.2513274122871838     -1.130973355292325   0.004883719525968977
    -0.2513274122871838     -1.005309649148733   0.003019702295540075
    -0.2513274122871838     -0.879645943005142   0.001922421507723788
    -0.2513274122871838    -0.7539822368615505   0.001969735526790166
    -0.2513274122871838    -0.6283185307179586   0.001959708555578237
    -0.2513274122871838    -0.5026548245743667   0.001302075007323418
    -0.2513274122871838    -0.3769911184307753  0.0005798462203415281
    -0.2513274122871838    -0.2513274122871838  0.0002845241248604252
    -0.2513274122871838    -0.1256637061435919  0.0001731295207330316
    -0.2513274122871838                      0  1.138223508024515e-05
    -0.2513274122871838     0.1256637061435919 -1.376070931541788e-06
    -0.2513274122871838     0.2513274122871834  5.633521074692532e-05
    -0.2513274122871838     0.3769911184307753  3.144226721205313e-05
    -0.2513274122871838     0.5026548245743672  0.0009114126851982145
    -0.2513274122871838     0.6283185307179582   0.003774901771376966
    -0.2513274122871838     0.7539822368615501    0.00754351916284695
    -0.2513274122871838     0.8796459430051424    0.01004381619064444
    -0.2513274122871838      1.005309649148734    0.01050373856762095
    -0.2513274122871838      1.130973355292326    0.00917915662058264
    -0.2513274122871838      1.256637061435917   0.006318354881685515
    -0.2513274122871838      1.382300767579509   0.002916776803132468
    -0.2513274122871838      1.507964473723101  0.0005925391920485904
    -0.2513274122871838      1.633628179866692 -0.0001061587968376063
    -0.2513274122871838      1.759291886010284 -3.969993272221575e-06
    -0.2513274122871838      1.884955592153876  5.893490956145352e-05
    -0.2513274122871838      2.010619298297467  -1.77819775695317e-05
    -0.2513274122871838       2.13628300444106 -2.905278026459233e-05
    -0.2513274122871838      2.261946710584651  1.862183800132714e-05
    -0.2513274122871838      2.387610416728243  1.425031802936524e-05
    -0.2513274122871838      2.513274122871834 -1.220252663471632e-05
    -0.2513274122871838      2.638937829015426 -1.878780180584994e-05
    -0.2513274122871838      2.764601535159018  1.622298623535554e-05
    -0.2513274122871838      2.890265241302609  0.0002985607925139488
    -0.2513274122871838      3.015928947446201  0.0009511968099531074
    -0.1256637061435919     -3.141592653589793   0.001903878183763535
    -0.1256637061435919     -3.015928947446201   0.002723967256527314
    -0.1256637061435919      -2.89026524130261   0.003689059991796661
    -0.1256637061435919     -2.764601535159018   0.004564442313472111
    -0.1256637061435919     -2.638937829015426   0.004906963068488032
    -0.1256637061435919     -2.513274122871834   0.005044692211879643
    -0.1256637061435919     -2.387610416728243   0.005459850430326894
    -0.1256637061435919     -2.261946710584651   0.005624494839299755
    -0.1256637061435919     -2.136283004441059   0.004993475239167569
    -0.1256637061435919     -2.010619298297468   0.004157410769429437
    -0.1256637061435919     -1.884955592153876   0.003764149696384001
    -0.1256637061435919     -1.759291886010284   0.003639768514220431
    -0.1256637061435919     -1.633628179866693   0.003711182880669924
    -0.1256637061435919     -1.507964473723101   0.004430066852215055
    -0.1256637061435919     -1.382300767579509   0.005692128115780428
    -0.1256637061435919     -1.256637061435917   0.006265591760649771
    -0.1256637061435919     -1.130973355292325   0.005158646830713229
    -0.1256637061435919     -1.005309649148733    0.00319660037344476
    -0.1256637061435919     -0.879645943005142   0.002064982785523405
    -0.1256637061435919    -0.7539822368615505   0.002047171454558662
    -0.1256637061435919    -0.6283185307179586    0.00203970596643278
    -0.1256637061435919    -0.5026548245743667   0.001421450347857121
    -0.1256637061435919    -0.3769911184307753  0.0006844734095765611
    -0.1256637061435919    -0.2513274122871838  0.0003473250461790672
    -0.1256637061435919    -0.1256637061435919  0.0002026094342870635
    -0.1256637061435919                      0   9.55044450990255e-06
    -0.1256637061435919     0.1256637061435919 -5.963989631693969e-06
    -0.1256637061435919     0.2513274122871834  6.888879146549568e-05
    -0.1256637061435919     0.3769911184307753  3.123827877679339e-05
    -0.1256637061435919     0.5026548245743672  0.0009411377070023999
    -0.1256637061435919     0.6283185307179582   0.003981108044061022
    -0.1256637061435919     0.7539822368615501     0.0079870126558501
    -0.1256637061435919     0.8796459430051424    0.01069970630042177
    -0.1256637061435919      1.005309649148734    0.01143195914077802
    -0.1256637061435919      1.130973355292326    0.01035422191766862
    -0.1256637061435919      1.256637061435917   0.007389717995807898
    -0.1256637061435919      1.382300767579509    0.00350851941919009
    -0.1256637061435919      1.507964473723101  0.0007221835318703728
    -0.1256637061435919      1.633628179866692 -0.0001455140832648749
    -0.1256637061435919      1.759291886010284 -1.353790603176312e-05
    -0.1256637061435919      1.884955592153876  8.256555035195629e-05
    -0.1256637061435919      2.010619298297467 -1.454266270001045e-05
    -0.1256637061435919       2.13628300444106 -4.648088020865889e-05
    -0.1256637061435919      2.261946710584651  1.634167303855432e-05
    -0.1256637061435919      2.387610416728243  3.146034919434534e-05
    -0.1256637061435919      2.513274122871834 -1.040178843818234e-05
    -0.1256637061435919      2.638937829015426 -4.105560855464346e-05
    -0.1256637061435919      2.764601535159018  1.670768888267678e-05
    -0.1256637061435919      2.890265241302609  0.0003591749062566061
    -0.1256637061435919      3.015928947446201   0.001072114893747167
                      0     -3.141592653589793   0.002046314851351557
                      0     -3.015928947446201   0.002734990186795024
                      0      -2.89026524130261   0.003409034841060489
                      0     -2.764601535159018   0.003927922044670834
                      0     -2.638937829015426   0.003979234528629517
                      0     -2.513274122871834    0.00407364569348065
                      0     -2.387610416728243   0.004713871064784396
                      0     -2.261946710584651   0.005093634679305241
                      0     -2.136283004441059   0.004476955978009457
                      0     -2.010619298297468    0.00364415728667803
                      0     -1.884955592153876   0.003427986463993714
                      0     -1.759291886010284   0.003459926246549851
                      0     -1.633628179866693   0.003411502961525381
                      0     -1.507964473723101   0.003930270168125835
                      0     -1.382300767579509   0.005350078868226323
                      0     -1.256637061435917   0.006370507346358065
                      0     -1.130973355292325   0.005472041062528912
                      0     -1.005309649148733   0.003384307407340469
                      0     -0.879645943005142   0.002196854595500839
                      0    -0.7539822368615505   0.002298277003260013
                      0    -0.6283185307179586   0.002323179032994219
                      0    -0.5026548245743667   0.001585557105998587
                      0    -0.3769911184307753  0.0007407981445295505
                      0    -0.2513274122871838  0.0003727719597280123
                      0    -0.1256637061435919  0.0002197740530137919
                      0                      0  1.490019192823666e-05
                      0     0.1256637061435919 -4.292471930839858e-06
                      0     0.2513274122871834  6.766042505723344e-05
                      0     0.3769911184307753  3.764950392868799e-05
                      0     0.5026548245743672    0.00104925324303537
                      0     0.6283185307179582   0.004332162526533003
                      0     0.7539822368615501   0.008568048323057341
                      0     0.8796459430051424    0.01124429375056586
                      0      1.005309649148734     0.0116397115927268
                      0      1.130973355292326    0.01021523528537478
                      0      1.256637061435917   0.007180747600702418
                      0      1.382300767579509   0.003434388701488921
                      0      1.507964473723101   0.000731597216166866
                      0      1.633628179866692 -0.0001488659736057911
                      0      1.759291886010284 -1.893170576099696e-05
                      0      1.884955592153876  8.977688697828249e-05
                      0      2.010619298297467 -1.691392662337101e-05
                      0       2.13628300444106 -5.080092307413743e-05
                      0      2.261946710584651  2.262959427345477e-05
                      0      2.387610416728243  3.077471797570331e-05
                      0      2.513274122871834 -1.696194506535102e-05
                      0      2.638937829015426 -3.686068273436304e-05
                      0      2.764601535159018  2.361042614687652e-05
                      0      2.890265241302609  0.0003879887741247292
                      0      3.015928947446201    0.00117778676117127
     0.1256637061435919     -3.141592653589793   0.002206586750336733
     0.1256637061435919     -3.015928947446201   0.002901479608987099
     0.1256637061435919      -2.89026524130261   0.003554368523507925
     0.1256637061435919     -2.764601535159018   0.004050834113877212
     0.1256637061435919     -2.638937829015426   0.004070686793181203
     0.1256637061435919     -2.513274122871834   0.004178705817772205
     0.1256637061435919     -2.387610416728243   0.004908321291972094
     0.1256637061435919     -2.261946710584651   0.005336889955596384
     0.1256637061435919     -2.136283004441059   0.004652869191229252
     0.1256637061435919     -2.010619298297468   0.003765801718886021
     0.1256637061435919     -1.884955592153876   0.003621163752837985
     0.1256637061435919     -1.759291886010284   0.003755246021343031
     0.1256637061435919     -1.633628179866693   0.003729350890864792
     0.1256637061435919     -1.507964473723101   0.004291627796183178
     0.1256637061435919     -1.382300767579509   0.005917890706877112
     0.1256637061435919     -1.256637061435917   0.007152755229514558
     0.1256637061435919     -1.130973355292325   0.006179831082326896
     0.1256637061435919     -1.005309649148733   0.003794504066829726
     0.1256637061435919     -0.879645943005142    0.00242773686327908
     0.1256637061435919    -0.7539822368615505   0.002537389514735923
     0.1256637061435919    -0.6283185307179586    0.00255545171618227
     0.1256637061435919    -0.5026548245743667   0.001726522695618284
     0.1256637061435919    -0.3769911184307753  0.0007991935268692495
     0.1256637061435919    -0.2513274122871838  0.0003982750957156718
     0.1256637061435919    -0.1256637061435919  0.0002320687570063945
     0.1256637061435919                      0  1.922050709379296e-05
     0.1256637061435919     0.1256637061435919 -1.048080467516677e-06
     0.1256637061435919     0.2513274122871834  6.658772166269528e-05
     0.1256637061435919     0.3769911184307753  4.197643787235234e-05
     0.1256637061435919     0.5026548245743672   0.001145766827328927
     0.1256637061435919     0.6283185307179582   0.004678070544216348
     0.1256637061435919     0.7539822368615501   0.009250616082329206
     0.1256637061435919     0.8796459430051424    0.01214115638196452
     0.1256637061435919      1.005309649148734    0.01246740586680654
     0.1256637061435919      1.130973355292326    0.01075343147261588
     0.1256637061435919      1.256637061435917   0.007424984037232376
     0.1256637061435919      1.382300767579509    0.00351259674687969
     0.1256637061435919      1.507964473723101  0.0007479928756432747
     0.1256637061435919      1.633628179866692 -0.0001490062654319589
     0.1256637061435919      1.759291886010284 -1.832185601037561e-05
     0.1256637061435919      1.884955592153876  9.077812129673183e-05
     0.1256637061435919      2.010619298297467 -1.917090907505354e-05
     0.1256637061435919       2.13628300444106 -5.038415651925177e-05
     0.1256637061435919      2.261946710584651  2.547067470367685e-05
     0.1256637061435919      2.387610416728243   2.83613515582905e-05
     0.1256637061435919      2.513274122871834 -1.902035918354658e-05
     0.1256637061435919      2.638937829015426 -3.348569459126352e-05
     0.1256637061435919      2.764601535159018  2.515480857987226e-05
     0.1256637061435919      2.890265241302609  0.0004108437448820053
     0.1256637061435919      3.015928947446201   0.001272122781286775
     0.2513274122871834     -3.141592653589793    0.00235909019855986
     0.2513274122871834     -3.015928947446201   0.003410319455749586
     0.2513274122871834      -2.89026524130261   0.004738263963457678
     0.2513274122871834     -2.764601535159018   0.006043942863484852
     0.2513274122871834     -2.638937829015426   0.006653220129910824
     0.2513274122871834     -2.513274122871834   0.006871040026308284
     0.2513274122871834     -2.387610416728243   0.007308240104020146
     0.2513274122871834     -2.261946710584651    0.00737877441817383
     0.2513274122871834     -2.136283004441059   0.006465072090785879
     0.2513274122871834     -2.010619298297468   0.005349035799358116
     0.2513274122871834     -1.884955592153876   0.004878495946433761
     0.2513274122871834     -1.759291886010284   0.004843842107707616
     0.2513274122871834     -1.633628179866693   0.005109894301484222
     0.2513274122871834     -1.507964473723101   0.006187476054252809
     0.2513274122871834     -1.382300767579509   0.007895819887604155
     0.2513274122871834     -1.256637061435917   0.008600248824511641
     0.2513274122871834     -1.130973355292325   0.007000639038918917
     0.2513274122871834     -1.005309649148733      0.004253394303467
     0.2513274122871834     -0.879645943005142   0.002653802126858507
     0.2513274122871834    -0.7539822368615505   0.002567686796421472
     0.2513274122871834    -0.6283185307179586   0.002531071327213449
     0.2513274122871834    -0.5026548245743667    0.00176173437051488
     0.2513274122871834    -0.3769911184307753  0.0008648131575723346
     0.2513274122871834    -0.2513274122871838  0.0004340686132003924
     0.2513274122871834    -0.1256637061435919  0.0002383713281013833
     0.2513274122871834                      0  1.967875779945781e-05
     0.2513274122871834     0.1256637061435919  2.336329658269039e-08
     0.2513274122871834     0.2513274122871834  6.799184800658625e-05
     0.2513274122871834     0.3769911184307753  4.006404779110612e-05
     0.2513274122871834     0.5026548245743672   0.001121459102228354
     0.2513274122871834     0.6283185307179582   0.004652297730712127
     0.2513274122871834     0.7539822368615501   0.009382603803261719
     0.2513274122871834     0.8796459430051424    0.01266986744112686
     0.2513274122871834      1.005309649148734    0.01344842562196302
     0.2513274122871834      1.130973355292326    0.01188289399618358
     0.2513274122871834      1.256637061435917   0.008247009060535309
     0.2513274122871834      1.382300767579509   0.003845209740491147
     0.2513274122871834      1.507964473723101  0.0007863047642489413
     0.2513274122871834      1.633628179866692 -0.0001610502061012159
     0.2513274122871834      1.759291886010284 -1.562782483374435e-05
     0.2513274122871834      1.884955592153876  9.301926410035954e-05
     0.2513274122871834      2.010619298297467 -1.662611202783964e-05
     0.2513274122871834       2.13628300444106 -5.252580885008301e-05
     0.2513274122871834      2.261946710584651  1.939612526526504e-05
     0.2513274122871834      2.387610416728243  3.449459927970866e-05
     0.2513274122871834      2.513274122871834 -1.185109286974328e-05
     0.2513274122871834      2.638937829015426 -4.550121334785626e-05
     0.2513274122871834      2.764601535159018  1.754327592874957e-05
     0.2513274122871834      2.890265241302609  0.0004334173738079713
     0.2513274122871834      3.015928947446201   0.001321165948851967
     0.3769911184307753     -3.141592653589793   0.001930730865497667
     0.3769911184307753     -3.015928947446201   0.002756357147658181
     0.3769911184307753      -2.89026524130261   0.003813170464432506
     0.3769911184307753     -2.764601535159018   0.004884648247520784
     0.3769911184307753     -2.638937829015426   0.005399367802154373
     0.3769911184307753     -2.513274122871834   0.005595377162130538
     0.3769911184307753     -2.387610416728243   0.005971109663994601
     0.3769911184307753     -2.261946710584651   0.006014917901607557
     0.3769911184307753     -2.136283004441059   0.005215223690895779
     0.3769911184307753     -2.010619298297468    0.00428476522223344
     0.3769911184307753     -1.884955592153876   0.003976844504872805
     0.3769911184307753     -1.759291886010284   0.004066930213199512
     0.3769911184307753     -1.633628179866693   0.004354955261890408
     0.3769911184307753     -1.507964473723101   0.005285827658925208
     0.3769911184307753     -1.382300767579509   0.006802704143453778
     0.3769911184307753     -1.256637061435917    0.00749790960379075
     0.3769911184307753     -1.130973355292325   0.006131036256612479
     0.3769911184307753     -1.005309649148733   0.003684476480078059
     0.3769911184307753     -0.879645943005142   0.002245327435498769
     0.3769911184307753    -0.7539822368615505   0.002157132093677933
     0.3769911184307753    -0.6283185307179586    0.00211625731480769
     0.3769911184307753    -0.5026548245743667   0.001460476188487653
     0.3769911184307753    -0.3769911184307753  0.0007157304497538202
     0.3769911184307753    -0.2513274122871838  0.0003540142710662408
     0.3769911184307753    -0.1256637061435919  0.0001886336351891271
     0.3769911184307753                      0  2.189551877037577e-05
     0.3769911184307753     0.1256637061435919  3.295738798761414e-06
     0.3769911184307753     0.2513274122871834  4.496227860462083e-05
     0.3769911184307753     0.3769911184307753  3.568016027101958e-05
     0.3769911184307753     0.5026548245743672  0.0008921957163127727
     0.3769911184307753     0.6283185307179582   0.003643084818295777
     0.3769911184307753     0.7539822368615501   0.007392762946971177
     0.3769911184307753     0.8796459430051424    0.01005533818007229
     0.3769911184307753      1.005309649148734    0.01059085166934067
     0.3769911184307753      1.130973355292326   0.009112114886355247
     0.3769911184307753      1.256637061435917   0.006124368005454442
     0.3769911184307753      1.382300767579509   0.002786530850004298
     0.3769911184307753      1.507964473723101  0.0005597586291257663
     0.3769911184307753      1.633628179866692 -0.0001178414872039591
     0.3769911184307753      1.759291886010284 -1.021316879487023e-05
     0.3769911184307753      1.884955592153876  6.811616549715459e-05
     0.3769911184307753      2.010619298297467 -1.377833969169284e-05
     0.3769911184307753       2.13628300444106 -3.782040120285089e-05
     0.3769911184307753      2.261946710584651   1.61276148575369e-05
     0.3769911184307753      2.387610416728243  2.318058596027758e-05
     0.3769911184307753      2.513274122871834 -9.591809753484375e-06
     0.3769911184307753      2.638937829015426 -3.114281490987327e-05
     0.3769911184307753      2.764601535159018  1.286452802348029e-05
     0.3769911184307753      2.890265241302609  0.0003470886461829112
     0.3769911184307753      3.015928947446201   0.001083706983964925
     0.5026548245743672     -3.141592653589793   0.001309773770345015
     0.5026548245743672     -3.015928947446201   0.001613544487277806
     0.5026548245743672      -2.89026524130261    0.00184793621186934
     0.5026548245743672     -2.764601535159018   0.002037094978087383
     0.5026548245743672     -2.638937829015426    0.00200953773375939
     0.5026548245743672     -2.513274122871834   0.002111642683878438
     0.5026548245743672     -2.387610416728243   0.002633393440717272
     0.5026548245743672     -2.261946710584651   0.002908130538496127
     0.5026548245743672     -2.136283004441059   0.002431618020666691
     0.5026548245743672     -2.010619298297468   0.001930120631319065
     0.5026548245743672     -1.884955592153876   0.002083974795949712
     0.5026548245743672     -1.759291886010284    0.00244630671696755
     0.5026548245743672     -1.633628179866693   0.002549146607836586
     0.5026548245743672     -1.507964473723101   0.002963413753257088
     0.5026548245743672     -1.382300767579509   0.004233665914435828
     0.5026548245743672     -1.256637061435917    0.00531042890540463
     0.5026548245743672     -1.130973355292325    0.00464548917491329
     0.5026548245743672     -1.005309649148733   0.002775271610608924
     0.5026548245743672     -0.879645943005142   0.001655992910630283
     0.5026548245743672    -0.7539822368615505   0.001678805054383723
     0.5026548245743672    -0.6283185307179586    0.00165194226026871
     0.5026548245743672    -0.5026548245743667   0.001069194064274934
     0.5026548245743672    -0.3769911184307753  0.0004736815265135885
     0.5026548245743672    -0.2513274122871838  0.0002224499922612634
     0.5026548245743672    -0.1256637061435919  0.0001224858404997907
     0.5026548245743672                      0  2.102567648537038e-05
     0.5026548245743672     0.1256637061435919  7.764557386270879e-06
     0.5026548245743672     0.2513274122871834  2.123685352779104e-05
     0.5026548245743672     0.3769911184307753  3.009251394340902e-05
     0.5026548245743672     0.5026548245743672  0.0006903069033750573
     0.5026548245743672     0.6283185307179582   0.002705990304329556
     0.5026548245743672     0.7539822368615501   0.005439443334778268
     0.5026548245743672     0.8796459430051424   0.007293883219109076
     0.5026548245743672      1.005309649148734   0.007347748803311511
     0.5026548245743672      1.130973355292326   0.005844161851999267
     0.5026548245743672      1.256637061435917   0.003600202083748245
     0.5026548245743672      1.382300767579509   0.001534150740516419
     0.5026548245743672      1.507964473723101  0.0003027931912242402
     0.5026548245743672      1.633628179866692  -5.33417609273869e-05
     0.5026548245743672      1.759291886010284  2.879840914468603e-08
     0.5026548245743672      1.884955592153876   3.14070209020358e-05
     0.5026548245743672      2.010619298297467 -1.443228647376246e-05
     0.5026548245743672       2.13628300444106  -1.33514980159884e-05
     0.5026548245743672      2.261946710584651  1.641558902938427e-05
     0.5026548245743672      2.387610416728243  8.515766642125778e-07
     0.5026548245743672      2.513274122871834 -1.090498502432831e-05
     0.5026548245743672      2.638937829015426 -1.171340569327159e-06
     0.5026548245743672      2.764601535159018  1.118780576908621e-05
     0.5026548245743672      2.890265241302609  0.0002191840395060569
     0.5026548245743672      3.015928947446201  0.0007568211819673472
     0.6283185307179582     -3.141592653589793   0.001600861464639512
     0.6283185307179582     -3.015928947446201   0.002306654896569296
     0.6283185307179582      -2.89026524130261    0.00318782765283886
     0.6283185307179582     -2.764601535159018   0.004092435653735956
     0.6283185307179582     -2.638937829015426    0.00457133316685045
     0.6283185307179582     -2.513274122871834   0.004789683167758014
     0.6283185307179582     -2.387610416728243   0.005107036933373596
     0.6283185307179582     -2.261946710584651   0.005113959555142656
     0.6283185307179582     -2.136283004441059   0.004469139877502378
     0.6283185307179582     -2.010619298297468    0.00380129429284842
     0.6283185307179582     -1.884955592153876   0.003661992756642899
     0.6283185307179582     -1.759291886010284   0.003796020192184381
     0.6283185307179582     -1.633628179866693   0.004103078899668752
     0.6283185307179582     -1.507964473723101   0.005043025543098571
     0.6283185307179582     -1.382300767579509   0.006495932839292474
     0.6283185307179582     -1.256637061435917   0.007116566658148989
     0.6283185307179582     -1.130973355292325   0.005810720612890943
     0.6283185307179582     -1.005309649148733   0.003509676911176863
     0.6283185307179582     -0.879645943005142   0.002100516935317907
     0.6283185307179582    -0.7539822368615505   0.001909981018527652
     0.6283185307179582    -0.6283185307179586    0.00180240277595874
     0.6283185307179582    -0.5026548245743667   0.001195382281666706
     0.6283185307179582    -0.3769911184307753  0.0005479374690031224
     0.6283185307179582    -0.2513274122871838  0.0002620042763774803
     0.6283185307179582    -0.1256637061435919  0.0001450349886266512
     0.6283185307179582                      0  1.204678049822885e-05
     0.6283185307179582     0.1256637061435919  8.153634080244111e-06
     0.6283185307179582     0.2513274122871834  4.517594038965512e-05
     0.6283185307179582     0.3769911184307753  2.604135006711511e-05
     0.6283185307179582     0.5026548245743672  0.0008710430207926145
     0.6283185307179582     0.6283185307179582   0.003618960578437935
     0.6283185307179582     0.7539822368615501    0.00744503438715809
     0.6283185307179582     0.8796459430051424    0.01034674962326397
     0.6283185307179582      1.005309649148734    0.01120080526603805
     0.6283185307179582      1.130973355292326   0.009823991917275243
     0.6283185307179582      1.256637061435917   0.006559944422286117
     0.6283185307179582      1.382300767579509   0.002856582437318901
     0.6283185307179582      1.507964473723101  0.0005313305463270538
     0.6283185307179582      1.633628179866692 -7.668577681335644e-05
     0.6283185307179582      1.759291886010284  1.156611525642757e-05
     0.6283185307179582      1.884955592153876  3.430212568396343e-05
     0.6283185307179582      2.010619298297467 -1.794861940359041e-05
     0.6283185307179582       2.13628300444106 -1.130604340562965e-05
     0.6283185307179582      2.261946710584651  1.194705119116178e-05
     0.6283185307179582      2.387610416728243  2.970747080119119e-06
     0.6283185307179582      2.513274122871834  -3.21503730888496e-06
     0.6283185307179582      2.638937829015426 -1.040921929054891e-05
     0.6283185307179582      2.764601535159018  3.727084067311577e-06
     0.6283185307179582      2.890265241302609  0.0002565570301762591
     0.6283185307179582      3.015928947446201  0.0008716083748616251
     0.7539822368615501     -3.141592653589793   0.002490056525541693
     0.7539822368615501     -3.015928947446201   0.003862613915387271
     0.7539822368615501      -2.89026524130261   0.005730374086911297
     0.7539822368615501     -2.764601535159018   0.007708616007857921
     0.7539822368615501     -2.638937829015426   0.008889563904068139
     0.7539822368615501     -2.513274122871834   0.009309554080364725
     0.7539822368615501     -2.387610416728243   0.009534460735666675
     0.7539822368615501     -2.261946710584651   0.009263587226902171
     0.7539822368615501     -2.136283004441059   0.008194233802595586
     0.7539822368615501     -2.010619298297468    0.00709982889971632
     0.7539822368615501     -1.884955592153876   0.006618036328915173
     0.7539822368615501     -1.759291886010284   0.006589402512705347
     0.7539822368615501     -1.633628179866693   0.007233622710117866
     0.7539822368615501     -1.507964473723101    0.00906598129440909
     0.7539822368615501     -1.382300767579509    0.01125885254334206
     0.7539822368615501     -1.256637061435917    0.01165941258828379
     0.7539822368615501     -1.130973355292325   0.009204893752385711
     0.7539822368615501     -1.005309649148733   0.005580932911894603
     0.7539822368615501     -0.879645943005142   0.003336291877103778
     0.7539822368615501    -0.7539822368615505    0.00285752786056804
     0.7539822368615501    -0.6283185307179586   0.002627655069693256
     0.7539822368615501    -0.5026548245743667   0.001769362874553948
     0.7539822368615501    -0.3769911184307753  0.0008298733676491278
     0.7539822368615501    -0.2513274122871838  0.0004004965769176974
     0.7539822368615501    -0.1256637061435919  0.0002204974356598173
     0.7539822368615501                      0  8.696268689982067e-06
     0.7539822368615501     0.1256637061435919  1.240451981224227e-05
     0.7539822368615501     0.2513274122871834  8.366212171614636e-05
     0.7539822368615501     0.3769911184307753  3.200984485424501e-05
     0.7539822368615501     0.5026548245743672   0.001369829945013173
     0.7539822368615501     0.6283185307179582   0.005839438499128892
     0.7539822368615501     0.7539822368615501     0.0121446448523006
     0.7539822368615501     0.8796459430051424    0.01715196942545645
     0.7539822368615501      1.005309649148734    0.01909627681432937
     0.7539822368615501      1.130973355292326    0.01730331642876018
     0.7539822368615501      1.256637061435917    0.01182162678917816
     0.7539822368615501      1.382300767579509   0.005170518611279113
     0.7539822368615501      1.507964473723101  0.0009433940041456861
     0.7539822368615501      1.633628179866692 -0.0001266678987859351
     0.7539822368615501      1.759291886010284  2.711097498141524e-05
     0.7539822368615501      1.884955592153876  4.934249377831998e-05
     0.7539822368615501      2.010619298297467  -2.78950091994359e-05
     0.7539822368615501       2.13628300444106 -1.327712727062073e-05
     0.7539822368615501      2.261946710584651  1.193964672409479e-05
     0.7539822368615501      2.387610416728243  5.932754774839847e-06
     0.7539822368615501      2.513274122871834  3.223853232312887e-06
     0.7539822368615501      2.638937829015426 -2.308640601940602e-05
     0.7539822368615501      2.764601535159018 -2.505252892004881e-06
     0.7539822368615501      2.890265241302609  0.0003890202644282649
     0.7539822368615501      3.015928947446201   0.001312053962708863
     0.8796459430051424     -3.141592653589793   0.002956471517541085
     0.8796459430051424     -3.015928947446201   0.004146171282493655
     0.8796459430051424      -2.89026524130261   0.005476454314923136
     0.8796459430051424     -2.764601535159018   0.006879593508197698
     0.8796459430051424     -2.638937829015426   0.007715176663966141
     0.8796459430051424     -2.513274122871834     0.0082858213121798
     0.8796459430051424     -2.387610416728243   0.009057851789734157
     0.8796459430051424     -2.261946710584651   0.009108129301702197
     0.8796459430051424     -2.136283004441059   0.007969024702912294
     0.8796459430051424     -2.010619298297468   0.007122885379545337
     0.8796459430051424     -1.884955592153876   0.007507645943433752
     0.8796459430051424     -1.759291886010284   0.008216073696478678
     0.8796459430051424     -1.633628179866693   0.008995439474975152
     0.8796459430051424     -1.507964473723101    0.01116121459592671
     0.8796459430051424     -1.382300767579509    0.01468851058250564
     0.8796459430051424     -1.256637061435917    0.01642621453544646
     0.8796459430051424     -1.130973355292325    0.01358616250865009
     0.8796459430051424     -1.005309649148733   0.008207789777615881
     0.8796459430051424     -0.879645943005142   0.004754318710418866
     0.8796459430051424    -0.7539822368615505   0.004079469012211579
     0.8796459430051424    -0.6283185307179586   0.003641242905429277
     0.8796459430051424    -0.5026548245743667   0.002216964912952462
     0.8796459430051424    -0.3769911184307753   0.000867964069321218
     0.8796459430051424    -0.2513274122871838  0.0003745273230362582
     0.8796459430051424    -0.1256637061435919  0.0002226864999161316
     0.8796459430051424                      0  1.077796642495728e-05
     0.8796459430051424     0.1256637061435919  4.027548013470347e-05
     0.8796459430051424     0.2513274122871834  9.376072384763005e-05
     0.8796459430051424     0.3769911184307753  4.131352263050172e-05
     0.8796459430051424     0.5026548245743672    0.00207641222238412
     0.8796459430051424     0.6283185307179582   0.008649553308071063
     0.8796459430051424     0.7539822368615501    0.01800823525257525
     0.8796459430051424     0.8796459430051424    0.02551019619107566
     0.8796459430051424      1.005309649148734    0.02804151279322536
     0.8796459430051424      1.130973355292326    0.02454666779527316
     0.8796459430051424      1.256637061435917    0.01593671085167742
     0.8796459430051424      1.382300767579509   0.006514786550903977
     0.8796459430051424      1.507964473723101   0.001097710230565441
     0.8796459430051424      1.633628179866692 -4.806432008097578e-05
     0.8796459430051424      1.759291886010284  8.824230763577066e-05
     0.8796459430051424      1.884955592153876 -1.956316042904765e-05
     0.8796459430051424      2.010619298297467  -5.66439228367665e-05
     0.8796459430051424       2.13628300444106   5.20870719948627e-05
     0.8796459430051424      2.261946710584651  2.183510666722411e-05
     0.8796459430051424      2.387610416728243 -5.777620236152126e-05
     0.8796459430051424      2.513274122871834  5.334495599127894e-06
     0.8796459430051424      2.638937829015426  4.602830902991119e-05
     0.8796459430051424      2.764601535159018 -1.355171688928943e-05
     0.8796459430051424      2.890265241302609  0.0003593620314550393
     0.8796459430051424      3.015928947446201   0.001538681417612672
      1.005309649148734     -3.141592653589793   0.003904278194434751
      1.005309649148734     -3.015928947446201     0.0052401300854046
      1.005309649148734      -2.89026524130261   0.006369420181062453
      1.005309649148734     -2.764601535159018   0.007709530567434845
      1.005309649148734     -2.638937829015426   0.008814418500959202
      1.005309649148734     -2.513274122871834    0.01001416789428993
      1.005309649148734     -2.387610416728243    0.01143757517646736
      1.005309649148734     -2.261946710584651    0.01151610304959149
      1.005309649148734     -2.136283004441059    0.01008678818728958
      1.005309649148734     -2.010619298297468   0.009898568732020439
      1.005309649148734     -1.884955592153876    0.01197681266913111
      1.005309649148734     -1.759291886010284    0.01407176621812457
      1.005309649148734     -1.633628179866693    0.01571640644432836
      1.005309649148734     -1.507964473723101    0.01976591712695914
      1.005309649148734     -1.382300767579509    0.02657283446798079
      1.005309649148734     -1.256637061435917    0.03026675440403719
      1.005309649148734     -1.130973355292325    0.02531156408973884
      1.005309649148734     -1.005309649148733    0.01527351097641238
      1.005309649148734     -0.879645943005142   0.008507324463728899
      1.005309649148734    -0.7539822368615505   0.006759405866486537
      1.005309649148734    -0.6283185307179586    0.00556646097441776
      1.005309649148734    -0.5026548245743667   0.002941487220151652
      1.005309649148734    -0.3769911184307753  0.0007911380402563562
      1.005309649148734    -0.2513274122871838  0.0002221208004820161
      1.005309649148734    -0.1256637061435919  0.0001770499273474298
      1.005309649148734                      0 -1.244888060367906e-05
      1.005309649148734     0.1256637061435919  0.0001172438320482893
      1.005309649148734     0.2513274122871834  0.0001452665276252323
      1.005309649148734     0.3769911184307753  3.794009649138585e-05
      1.005309649148734     0.5026548245743672   0.003877520407920384
      1.005309649148734     0.6283185307179582    0.01619667605948605
      1.005309649148734     0.7539822368615501    0.03420996110602464
      1.005309649148734     0.8796459430051424    0.04951413924592954
      1.005309649148734      1.005309649148734    0.05530504717820092
      1.005309649148734      1.130973355292326    0.04829536294369995
      1.005309649148734      1.256637061435917    0.03044284437928979
      1.005309649148734      1.382300767579509    0.01158734161065844
      1.005309649148734      1.507964473723101   0.001704920006796991
      1.005309649148734      1.633628179866692  0.0001750715361719707
      1.005309649148734      1.759291886010284  0.0002859268593039347
      1.005309649148734      1.884955592153876 -0.0002372297004283616
      1.005309649148734      2.010619298297467 -0.0001328844126623845
      1.005309649148734       2.13628300444106   0.000253662403286636
      1.005309649148734      2.261946710584651   2.66439174083361e-05
      1.005309649148734      2.387610416728243 -0.0002356130246834415
      1.005309649148734      2.513274122871834  3.716729210680984e-05
      1.005309649148734      2.638937829015426  0.0002242057964035458
      1.005309649148734      2.764601535159018 -7.160694308353468e-05
      1.005309649148734      2.890265241302609  0.0001845415599174393
      1.005309649148734      3.015928947446201   0.001847691939774886
      1.130973355292326     -3.141592653589793   0.007486705044223124
      1.130973355292326     -3.015928947446201    0.01061396486982422
      1.130973355292326      -2.89026524130261    0.01368376920221118
      1.130973355292326     -2.764601535159018    0.01741940052939306
      1.130973355292326     -2.638937829015426    0.02066055584388441
      1.130973355292326     -2.513274122871834    0.02342718958984828
      1.130973355292326     -2.387610416728243    0.02569626541302569
      1.130973355292326     -2.261946710584651    0.02512030209051009
      1.130973355292326     -2.136283004441059     0.0222445164414026
      1.130973355292326     -2.010619298297468    0.02228662816999459
      1.130973355292326     -1.884955592153876    0.02652373518732729
      1.130973355292326     -1.759291886010284    0.03062512967176919
      1.130973355292326     -1.633628179866693    0.03457127900232165
      1.130973355292326     -1.507964473723101     0.0439841215264006
      1.130973355292326     -1.382300767579509    0.05813161775418546
      1.130973355292326     -1.256637061435917    0.06459271326523236
      1.130973355292326     -1.130973355292325    0.05328972493284931
      1.130973355292326     -1.005309649148733    0.03219302054386721
      1.130973355292326     -0.879645943005142    0.01779475353058337
      1.130973355292326    -0.7539822368615505     0.0134824981677211
      1.130973355292326    -0.6283185307179586    0.01066975054896152
      1.130973355292326    -0.5026548245743667    0.00541271002013961
      1.130973355292326    -0.3769911184307753    0.00124905589969061
      1.130973355292326    -0.2513274122871838  0.0002483456603890172
      1.130973355292326    -0.1256637061435919  0.0002550385035168879
      1.130973355292326                      0 -6.612202851248307e-05
      1.130973355292326     0.1256637061435919  0.0002659131470969698
      1.130973355292326     0.2513274122871834  0.0003244243558605819
      1.130973355292326     0.3769911184307753  3.884721623183555e-05
      1.130973355292326     0.5026548245743672   0.008185515857378551
      1.130973355292326     0.6283185307179582    0.03454360852067236
      1.130973355292326     0.7539822368615501     0.0733773565044068
      1.130973355292326     0.8796459430051424      0.107119680137034
      1.130973355292326      1.005309649148734     0.1211426653586389
      1.130973355292326      1.130973355292326     0.1071317128676077
      1.130973355292326      1.256637061435917    0.06806297838281557
      1.130973355292326      1.382300767579509    0.02587566707344337
      1.130973355292326      1.507964473723101   0.003745681156244754
      1.130973355292326      1.633628179866692  0.0004596444370551435
      1.130973355292326      1.759291886010284   0.000668598448527588
      1.130973355292326      1.884955592153876 -0.0005877307985009802
      1.130973355292326      2.010619298297467 -0.0002888991777021412
      1.130973355292326       2.13628300444106  0.0006049132506329537
      1.130973355292326      2.261946710584651  3.397564441979217e-05
      1.130973355292326      2.387610416728243 -0.0005419904438214861
      1.130973355292326      2.513274122871834  0.0001085476681436703
      1.130973355292326      2.638937829015426  0.0005094580577688836
      1.130973355292326      2.764601535159018 -0.0001888181136910887
      1.130973355292326      2.890265241302609  0.0001549124525672469
      1.130973355292326      3.015928947446201   0.003319687462956665
      1.256637061435917     -3.141592653589793    0.01356952363871002
      1.256637061435917     -3.015928947446201    0.01947307022914585
      1.256637061435917      -2.89026524130261    0.02545360128265969
      1.256637061435917     -2.764601535159018    0.03244348376730227
      1.256637061435917     -2.638937829015426    0.03818858745173248
      1.256637061435917     -2.513274122871834    0.04282390440083197
      1.256637061435917     -2.387610416728243    0.04661582924032506
      1.256637061435917     -2.261946710584651    0.04561568029949903
      1.256637061435917     -2.136283004441059    0.04053468587905158
      1.256637061435917     -2.010619298297468    0.04010247978978988
      1.256637061435917     -1.884955592153876    0.04657341895753599
      1.256637061435917     -1.759291886010284    0.05289380526544569
      1.256637061435917     -1.633628179866693    0.05936008618750512
      1.256637061435917     -1.507964473723101    0.07539906808510109
      1.256637061435917     -1.382300767579509    0.09923698358903327
      1.256637061435917     -1.256637061435917     0.1097080059331912
      1.256637061435917     -1.130973355292325    0.09025564608137869
      1.256637061435917     -1.005309649148733     0.0546402062517001
      1.256637061435917     -0.879645943005142     0.0305098271487133
      1.256637061435917    -0.7539822368615505    0.02339283704032881
      1.256637061435917    -0.6283185307179586    0.01871862149051961
      1.256637061435917    -0.5026548245743667   0.009717360302071059
      1.256637061435917    -0.3769911184307753   0.002450491119051493
      1.256637061435917    -0.2513274122871838  0.0006311618490925588
      1.256637061435917    -0.1256637061435919  0.0005500888242237109
      1.256637061435917                      0  -0.000128715847983045
      1.256637061435917     0.1256637061435919  0.0004490538010513898
      1.256637061435917     0.2513274122871834  0.0006099321503399095
      1.256637061435917     0.3769911184307753    5.9025540162827e-05
      1.256637061435917     0.5026548245743672    0.01444275861221142
      1.256637061435917     0.6283185307179582    0.06092638142933589
      1.256637061435917     0.7539822368615501     0.1284812513976125
      1.256637061435917     0.8796459430051424     0.1860447867122109
      1.256637061435917      1.005309649148734     0.2097209522781489
      1.256637061435917      1.130973355292326      0.186292212375789
      1.256637061435917      1.256637061435917     0.1197500489841527
      1.256637061435917      1.382300767579509    0.04653203049128584
      1.256637061435917      1.507964473723101   0.007077868556512373
      1.256637061435917      1.633628179866692  0.0006408427837120973
      1.256637061435917      1.759291886010284   0.001079830930144095
      1.256637061435917      1.884955592153876 -0.0008903104354175524
      1.256637061435917      2.010619298297467 -0.0004863702549343886
      1.256637061435917       2.13628300444106  0.0009521210298977083
      1.256637061435917      2.261946710584651  6.917597615860104e-05
      1.256637061435917      2.387610416728243 -0.0008613020351200282
      1.256637061435917      2.513274122871834  0.0001682439643635269
      1.256637061435917      2.638937829015426  0.0008027455172073615
      1.256637061435917      2.764601535159018 -0.0002940666938295877
      1.256637061435917      2.890265241302609  0.0004826396410417562
      1.256637061435917      3.015928947446201   0.006116019640771414
      1.382300767579509     -3.141592653589793    0.01930382542744268
      1.382300767579509     -3.015928947446201    0.02845253795945625
      1.382300767579509      -2.89026524130261     0.0380195594534511
      1.382300767579509     -2.764601535159018    0.04836440261150633
      1.382300767579509     -2.638937829015426    0.05614268344656545
      1.382300767579509     -2.513274122871834    0.06182602006666506
      1.382300767579509     -2.387610416728243    0.06641417757290988
      1.382300767579509     -2.261946710584651     0.0651685943713696
      1.382300767579509     -2.136283004441059    0.05861414042516781
      1.382300767579509     -2.010619298297468    0.05713609036756046
      1.382300767579509     -1.884955592153876    0.06332910896110135
      1.382300767579509     -1.759291886010284    0.06915277768224559
      1.382300767579509     -1.633628179866693    0.07640359027063107
      1.382300767579509     -1.507964473723101    0.09676762585490148
      1.382300767579509     -1.382300767579509     0.1261133561639659
      1.382300767579509     -1.256637061435917      0.137577384336558
      1.382300767579509     -1.130973355292325     0.1124314498627777
      1.382300767579509     -1.005309649148733    0.06861406522954429
      1.382300767579509     -0.879645943005142    0.03930881627221587
      1.382300767579509    -0.7539822368615505    0.03075787029984004
      1.382300767579509    -0.6283185307179586    0.02503053859880758
      1.382300767579509    -0.5026548245743667    0.01346846133117943
      1.382300767579509    -0.3769911184307753   0.003783554645967557
      1.382300767579509    -0.2513274122871838   0.001269186467158914
      1.382300767579509    -0.1256637061435919   0.001003232017099808
      1.382300767579509                      0 -0.0002519096743508776
      1.382300767579509     0.1256637061435919  0.0005588078984282451
      1.382300767579509     0.2513274122871834  0.0009977251203094114
      1.382300767579509     0.3769911184307753   2.98994841018439e-05
      1.382300767579509     0.5026548245743672    0.02012095054975406
      1.382300767579509     0.6283185307179582    0.08515766805999836
      1.382300767579509     0.7539822368615501     0.1768603582918307
      1.382300767579509     0.8796459430051424     0.2517147988164695
      1.382300767579509      1.005309649148734      0.282480087499274
      1.382300767579509      1.130973355292326     0.2545321788709748
      1.382300767579509      1.256637061435917      0.168481919002325
      1.382300767579509      1.382300767579509    0.06861240805451466
      1.382300767579509      1.507964473723101    0.01142876809946006
      1.382300767579509      1.633628179866692  0.0004210745808307641
      1.382300767579509      1.759291886010284   0.001244344631662635
      1.382300767579509      1.884955592153876  -0.000846671780676471
      1.382300767579509      2.010619298297467 -0.0006166557289484756
      1.382300767579509       2.13628300444106   0.001020978380480919
      1.382300767579509      2.261946710584651  0.0001152672313742207
      1.382300767579509      2.387610416728243 -0.0009424647992170865
      1.382300767579509      2.513274122871834  0.0001770027249905159
      1.382300767579509      2.638937829015426  0.0008551614762379177
      1.382300767579509      2.764601535159018 -0.0003058189170934236
      1.382300767579509      2.890265241302609   0.001142904494527061
      1.382300767579509      3.015928947446201   0.008868245533228961
      1.507964473723101     -3.141592653589793    0.02373553499721128
      1.507964473723101     -3.015928947446201     0.0370050400981893
      1.507964473723101      -2.89026524130261    0.05115176462834186
      1.507964473723101     -2.764601535159018    0.06489164410504603
      1.507964473723101     -2.638937829015426    0.07431349317011324
      1.507964473723101     -2.513274122871834    0.08017773348554855
      1.507964473723101     -2.387610416728243    0.08419827498697195
      1.507964473723101     -2.261946710584651    0.08270830471215621
      1.507964473723101     -2.136283004441059    0.07659170409104143
      1.507964473723101     -2.010619298297468    0.07463268312750164
      1.507964473723101     -1.884955592153876     0.0773872190102539
      1.507964473723101     -1.759291886010284    0.07831372072721748
      1.507964473723101     -1.633628179866693    0.08387796967266993
      1.507964473723101     -1.507964473723101     0.1061277078708365
      1.507964473723101     -1.382300767579509     0.1351405587336172
      1.507964473723101     -1.256637061435917     0.1422674519690503
      1.507964473723101     -1.130973355292325     0.1142961837005294
      1.507964473723101     -1.005309649148733    0.07143869113695518
      1.507964473723101     -0.879645943005142     0.0431298204280027
      1.507964473723101    -0.7539822368615505    0.03416208327126304
      1.507964473723101    -0.6283185307179586    0.02798521841909531
      1.507964473723101    -0.5026548245743667    0.01552571118423188
      1.507964473723101    -0.3769911184307753   0.004552808033912911
      1.507964473723101    -0.2513274122871838   0.001858423942865249
      1.507964473723101    -0.1256637061435919   0.001557791903714911
      1.507964473723101                      0  -0.000567803408836946
      1.507964473723101     0.1256637061435919  0.0005744763807045054
      1.507964473723101     0.2513274122871834   0.001667223451550696
      1.507964473723101     0.3769911184307753 -0.0001338289341760167
      1.507964473723101     0.5026548245743672    0.02581186757314931
      1.507964473723101     0.6283185307179582     0.1108803334555508
      1.507964473723101     0.7539822368615501     0.2256753275653021
      1.507964473723101     0.8796459430051424     0.3138484109346991
      1.507964473723101      1.005309649148734     0.3525770156872165
      1.507964473723101      1.130973355292326     0.3281602497313734
      1.507964473723101      1.256637061435917     0.2283686814992397
      1.507964473723101      1.382300767579509    0.09910289159232295
      1.507964473723101      1.507964473723101    0.01817599618472986
      1.507964473723101      1.633628179866692 -0.0002541123575015234
      1.507964473723101      1.759291886010284    0.00122384566210844
      1.507964473723101      1.884955592153876 -0.0004741234311263863
      1.507964473723101      2.010619298297467 -0.0006999279796938388
      1.507964473723101       2.13628300444106  0.0008468183992372019
      1.507964473723101      2.261946710584651  0.0001504398680484598
      1.507964473723101      2.387610416728243 -0.0007951139924876728
      1.507964473723101      2.513274122871834  0.0001639324737564757
      1.507964473723101      2.638937829015426  0.0006583045870808832
      1.507964473723101      2.764601535159018 -0.0002446441830857046
      1.507964473723101      2.890265241302609   0.001924258426728999
      1.507964473723101      3.015928947446201    0.01084643761597006
      1.633628179866692     -3.141592653589793    0.02924993955126161
      1.633628179866692     -3.015928947446201    0.04680680247956729
      1.633628179866692      -2.89026524130261    0.06391561178982542
      1.633628179866692     -2.764601535159018    0.07823877495219955
      1.633628179866692     -2.638937829015426    0.08740611319908184
      1.633628179866692     -2.513274122871834    0.09366706160730895
      1.633628179866692     -2.387610416728243    0.09861286121241614
      1.633628179866692     -2.261946710584651    0.09847269365366652
      1.633628179866692     -2.136283004441059    0.09465890486764579
      1.633628179866692     -2.010619298297468    0.09471170972141876
      1.633628179866692     -1.884955592153876    0.09570964164508668
      1.633628179866692     -1.759291886010284    0.09106786157561526
      1.633628179866692     -1.633628179866693    0.09337690560405078
      1.633628179866692     -1.507964473723101     0.1176831706672088
      1.633628179866692     -1.382300767579509     0.1481826992846243
      1.633628179866692     -1.256637061435917     0.1523996174464215
      1.633628179866692     -1.130973355292325     0.1216644158982676
      1.633628179866692     -1.005309649148733    0.07888542608843443
      1.633628179866692     -0.879645943005142    0.05051933994842708
      1.633628179866692    -0.7539822368615505    0.04039015303394011
      1.633628179866692    -0.6283185307179586    0.03292259543337383
      1.633628179866692    -0.5026548245743667      0.018083485735551
      1.633628179866692    -0.3769911184307753   0.004679413008026913
      1.633628179866692    -0.2513274122871838   0.002076160756442665
      1.633628179866692    -0.1256637061435919   0.002196433320725068
      1.633628179866692                      0  -0.001108951846074764
      1.633628179866692     0.1256637061435919  0.0006253012528729917
      1.633628179866692     0.2513274122871834   0.002752988977980438
      1.633628179866692     0.3769911184307753 -0.0003916495688402522
      1.633628179866692     0.5026548245743672    0.03556895993751847
      1.633628179866692     0.6283185307179582       0.15515390556202
      1.633628179866692     0.7539822368615501     0.3116111670763133
      1.633628179866692     0.8796459430051424     0.4264838753346308
      1.633628179866692      1.005309649148734     0.4806565003454987
      1.633628179866692      1.130973355292326     0.4592194816614525
      1.633628179866692      1.256637061435917     0.3306877817835158
      1.633628179866692      1.382300767579509     0.1486781453847519
      1.633628179866692      1.507964473723101    0.02847456803610421
      1.633628179866692      1.633628179866692 -0.0009160444317900676
      1.633628179866692      1.759291886010284   0.001467867109440266
      1.633628179866692      1.884955592153876 -0.0002530128290983253
      1.633628179866692      2.010619298297467 -0.0009214538539902357
      1.633628179866692       2.13628300444106  0.0008816248289184291
      1.633628179866692      2.261946710584651  0.0002050302065101855
      1.633628179866692      2.387610416728243 -0.0008300632870311412
      1.633628179866692      2.513274122871834  0.0001817630300662116
      1.633628179866692      2.638937829015426  0.0006316525367055633
      1.633628179866692      2.764601535159018 -0.0002171984670147985
      1.633628179866692      2.890265241302609   0.002532459524329377
      1.633628179866692      3.015928947446201     0.0130695471494571
      1.759291886010284     -3.141592653589793    0.03530601016675422
      1.759291886010284     -3.015928947446201    0.05578523204059804
      1.759291886010284      -2.89026524130261     0.0726980198354827
      1.759291886010284     -2.764601535159018    0.08411515876678596
      1.759291886010284     -2.638937829015426    0.09099932938097924
      1.759291886010284     -2.513274122871834    0.09819848414935528
      1.759291886010284     -2.387610416728243     0.1063052788967527
      1.759291886010284     -2.261946710584651     0.1091073986433452
      1.759291886010284     -2.136283004441059     0.1082188664791319
      1.759291886010284     -2.010619298297468     0.1122863924547786
      1.759291886010284     -1.884955592153876     0.1154119893042577
      1.759291886010284     -1.759291886010284     0.1079932174702205
      1.759291886010284     -1.633628179866693      0.107218096787415
      1.759291886010284     -1.507964473723101     0.1343264764933149
      1.759291886010284     -1.382300767579509     0.1708407549464029
      1.759291886010284     -1.256637061435917     0.1772402906791069
      1.759291886010284     -1.130973355292325     0.1432561143346382
      1.759291886010284     -1.005309649148733    0.09512060409636602
      1.759291886010284     -0.879645943005142    0.06252353944299316
      1.759291886010284    -0.7539822368615505     0.0502339350839593
      1.759291886010284    -0.6283185307179586    0.04060195378292555
      1.759291886010284    -0.5026548245743667     0.0214844300705705
      1.759291886010284    -0.3769911184307753   0.004368673120656707
      1.759291886010284    -0.2513274122871838   0.001862849828397998
      1.759291886010284    -0.1256637061435919   0.002740179588152296
      1.759291886010284                      0  -0.001668270778525102
      1.759291886010284     0.1256637061435919  0.0007345089447982408
      1.759291886010284     0.2513274122871834   0.003900395405906458
      1.759291886010284     0.3769911184307753  -0.000614124817073818
      1.759291886010284     0.5026548245743672    0.04733063193229785
      1.759291886010284     0.6283185307179582     0.2080794946124279
      1.759291886010284     0.7539822368615501     0.4169417788111189
      1.759291886010284     0.8796459430051424     0.5688024698605308
      1.759291886010284      1.005309649148734     0.6426422085376603
      1.759291886010284      1.130973355292326     0.6189751878994039
      1.759291886010284      1.256637061435917     0.4493089250816206
      1.759291886010284      1.382300767579509     0.2029850460417803
      1.759291886010284      1.507964473723101    0.03893575032182998
      1.759291886010284      1.633628179866692  -0.001192074517056406
      1.759291886010284      1.759291886010284   0.002040026316617245
      1.759291886010284      1.884955592153876  -0.000414359710025017
      1.759291886010284      2.010619298297467  -0.001265544529875661
      1.759291886010284       2.13628300444106   0.001258178910638662
      1.759291886010284      2.261946710584651  0.0002722520221732859
      1.759291886010284      2.387610416728243  -0.001169067563405394
      1.759291886010284      2.513274122871834  0.0002415440221052174
      1.759291886010284      2.638937829015426  0.0009184942002397658
      1.759291886010284      2.764601535159018 -0.0002697943872485394
      1.759291886010284      2.890265241302609   0.002765072995309544
      1.759291886010284      3.015928947446201     0.0154544939458598
      1.884955592153876     -3.141592653589793    0.03709937804299867
      1.884955592153876     -3.015928947446201    0.05894259316054568
      1.884955592153876      -2.89026524130261    0.07576859312849273
      1.884955592153876     -2.764601535159018    0.08566469331254044
      1.884955592153876     -2.638937829015426    0.09149857157064137
      1.884955592153876     -2.513274122871834    0.09913040358294808
      1.884955592153876     -2.387610416728243     0.1083435270365678
      1.884955592153876     -2.261946710584651     0.1124629095130739
      1.884955592153876     -2.136283004441059     0.1137546265678335
      1.884955592153876     -2.010619298297468     0.1204429561428696
      1.884955592153876     -1.884955592153876     0.1242001899877651
      1.884955592153876     -1.759291886010284     0.1145789654582236
      1.884955592153876     -1.633628179866693     0.1120342398447948
      1.884955592153876     -1.507964473723101     0.1402935065122309
      1.884955592153876     -1.382300767579509     0.1784208427744017
      1.884955592153876     -1.256637061435917     0.1844295406331171
      1.884955592153876     -1.130973355292325     0.1494368926409389
      1.884955592153876     -1.005309649148733     0.1007515421666554
      1.884955592153876     -0.879645943005142    0.06710133200043071
      1.884955592153876    -0.7539822368615505    0.05344169262130877
      1.884955592153876    -0.6283185307179586    0.04274960725018147
      1.884955592153876    -0.5026548245743667    0.02216403786779354
      1.884955592153876    -0.3769911184307753   0.003721866510341824
      1.884955592153876    -0.2513274122871838   0.001508373362270592
      1.884955592153876    -0.1256637061435919   0.002939300716375527
      1.884955592153876                      0  -0.001979822914897722
      1.884955592153876     0.1256637061435919  0.0007180939101305113
      1.884955592153876     0.2513274122871834   0.004509348263930154
      1.884955592153876     0.3769911184307753 -0.0007329418226487705
      1.884955592153876     0.5026548245743672    0.05211840832829441
      1.884955592153876     0.6283185307179582     0.2310394783344901
      1.884955592153876     0.7539822368615501      0.463756269433419
      1.884955592153876     0.8796459430051424     0.6338620090656572
      1.884955592153876      1.005309649148734      0.719752393519528
      1.884955592153876      1.130973355292326     0.6976649604066096
      1.884955592153876      1.256637061435917     0.5085315531220856
      1.884955592153876      1.382300767579509     0.2298265791692573
      1.884955592153876      1.507964473723101    0.04381569717897654
      1.884955592153876      1.633628179866692  -0.001337038576460862
      1.884955592153876      1.759291886010284   0.002379241663560988
      1.884955592153876      1.884955592153876 -0.0005507233229787266
      1.884955592153876      2.010619298297467   -0.00142981522961496
      1.884955592153876       2.13628300444106   0.001483498299503685
      1.884955592153876      2.261946710584651  0.0002691809835965783
      1.884955592153876      2.387610416728243   -0.00134272278979889
      1.884955592153876      2.513274122871834  0.0003100911087494253
      1.884955592153876      2.638937829015426    0.00104333352555945
      1.884955592153876      2.764601535159018 -0.0003310760280523298
      1.884955592153876      2.890265241302609   0.002701866008694141
      1.884955592153876      3.015928947446201     0.0159340437840487
      2.010619298297467     -3.141592653589793    0.03423023439734917
      2.010619298297467     -3.015928947446201    0.05694043303983325
      2.010619298297467      -2.89026524130261     0.0762067300570059
      2.010619298297467     -2.764601535159018    0.08855771654594778
      2.010619298297467     -2.638937829015426    0.09601127398554328
      2.010619298297467     -2.513274122871834     0.1030910378290665
      2.010619298297467     -2.387610416728243     0.1096741005919837
      2.010619298297467     -2.261946710584651     0.1123766094874677
      2.010619298297467     -2.136283004441059     0.1147247431830928
      2.010619298297467     -2.010619298297468     0.1210650807952117
      2.010619298297467     -1.884955592153876     0.1207876467925307
      2.010619298297467     -1.759291886010284     0.1071729367337151
      2.010619298297467     -1.633628179866693     0.1038607972555118
      2.010619298297467     -1.507964473723101     0.1308306694280537
      2.010619298297467     -1.382300767579509     0.1623979179008375
      2.010619298297467     -1.256637061435917     0.1613889663383831
      2.010619298297467     -1.130973355292325     0.1282643680975152
      2.010619298297467     -1.005309649148733    0.08849395635315992
      2.010619298297467     -0.879645943005142    0.06047628300272269
      2.010619298297467    -0.7539822368615505    0.04709233860088442
      2.010619298297467    -0.6283185307179586    0.03719797489392773
      2.010619298297467    -0.5026548245743667    0.01949630917756985
      2.010619298297467    -0.3769911184307753   0.003105593152739882
      2.010619298297467    -0.2513274122871838   0.001367073423633997
      2.010619298297467    -0.1256637061435919   0.002894336034730744
      2.010619298297467                      0  -0.002030642952841003
      2.010619298297467     0.1256637061435919  0.0005094485296146368
      2.010619298297467     0.2513274122871834   0.004546196547448272
      2.010619298297467     0.3769911184307753  -0.000768482691082016
      2.010619298297467     0.5026548245743672    0.04821299035939586
      2.010619298297467     0.6283185307179582     0.2168223104299339
      2.010619298297467     0.7539822368615501     0.4361241950342268
      2.010619298297467     0.8796459430051424     0.5975415542206127
      2.010619298297467      1.005309649148734     0.6847720821701549
      2.010619298297467      1.130973355292326     0.6725950401166365
      2.010619298297467      1.256637061435917     0.4956737510962826
      2.010619298297467      1.382300767579509     0.2255929871091022
      2.010619298297467      1.507964473723101    0.04298058363394596
      2.010619298297467      1.633628179866692  -0.001690445614047944
      2.010619298297467      1.759291886010284   0.002224410824777936
      2.010619298297467      1.884955592153876 -0.0003467882766440993
      2.010619298297467      2.010619298297467  -0.001315939453540003
      2.010619298297467       2.13628300444106   0.001277823974606346
      2.010619298297467      2.261946710584651  0.0001837030503478916
      2.010619298297467      2.387610416728243  -0.001099963376890133
      2.010619298297467      2.513274122871834    0.00035585055720402
      2.010619298297467      2.638937829015426  0.0007433968184356078
      2.010619298297467      2.764601535159018 -0.0003361669190763189
      2.010619298297467      2.890265241302609   0.002675431330513539
      2.010619298297467      3.015928947446201    0.01442147374065915
       2.13628300444106     -3.141592653589793    0.03179965479472539
       2.13628300444106     -3.015928947446201    0.05562381214638956
       2.13628300444106      -2.89026524130261    0.07842820507277802
       2.13628300444106     -2.764601535159018    0.09480528941162054
       2.13628300444106     -2.638937829015426     0.1047660731120698
       2.13628300444106     -2.513274122871834     0.1111879073772362
       2.13628300444106     -2.387610416728243     0.1147101943550265
       2.13628300444106     -2.261946710584651     0.1154343367879186
       2.13628300444106     -2.136283004441059     0.1176749081055927
       2.13628300444106     -2.010619298297468     0.1220328583456142
       2.13628300444106     -1.884955592153876     0.1167051253837231
       2.13628300444106     -1.759291886010284    0.09933322491420886
       2.13628300444106     -1.633628179866693    0.09589739986273485
       2.13628300444106     -1.507964473723101       0.12160204263689
       2.13628300444106     -1.382300767579509     0.1462143365038911
       2.13628300444106     -1.256637061435917      0.137891409315884
       2.13628300444106     -1.130973355292325     0.1063263909419676
       2.13628300444106     -1.005309649148733    0.07519895831147083
       2.13628300444106     -0.879645943005142    0.05297745518254161
       2.13628300444106    -0.7539822368615505    0.04036250187562695
       2.13628300444106    -0.6283185307179586    0.03173020384032386
       2.13628300444106    -0.5026548245743667    0.01732694847123379
       2.13628300444106    -0.3769911184307753   0.003165331803171547
       2.13628300444106    -0.2513274122871838   0.001598100841250744
       2.13628300444106    -0.1256637061435919   0.002921454818640893
       2.13628300444106                      0  -0.001966803926386424
       2.13628300444106     0.1256637061435919  0.0002787745580954758
       2.13628300444106     0.2513274122871834   0.004416472537975268
       2.13628300444106     0.3769911184307753  -0.000742077629979004
       2.13628300444106     0.5026548245743672    0.04281019489855194
       2.13628300444106     0.6283185307179582     0.1955574453174924
       2.13628300444106     0.7539822368615501     0.3942034083811579
       2.13628300444106     0.8796459430051424     0.5413485230888232
       2.13628300444106      1.005309649148734     0.6262800648688739
       2.13628300444106      1.130973355292326      0.623790617902353
       2.13628300444106      1.256637061435917     0.4653360495889647
       2.13628300444106      1.382300767579509     0.2137298212513043
       2.13628300444106      1.507964473723101    0.04080999596561687
       2.13628300444106      1.633628179866692  -0.002139609936286184
       2.13628300444106      1.759291886010284   0.001918995006092535
       2.13628300444106      1.884955592153876 -9.183399590361732e-06
       2.13628300444106      2.010619298297467  -0.001139750672663604
       2.13628300444106       2.13628300444106   0.000932434184994754
       2.13628300444106      2.261946710584651   0.000100905631101441
       2.13628300444106      2.387610416728243 -0.0007426205980307351
       2.13628300444106      2.513274122871834  0.0003750959623536706
       2.13628300444106      2.638937829015426  0.0003323808135297559
       2.13628300444106      2.764601535159018 -0.0003081867040382514
       2.13628300444106      2.890265241302609   0.002935579524240848
       2.13628300444106      3.015928947446201    0.01335619142670156
      2.261946710584651     -3.141592653589793    0.03139323708762511
      2.261946710584651     -3.015928947446201    0.05658541350321524
      2.261946710584651      -2.89026524130261    0.08369120608410327
      2.261946710584651     -2.764601535159018     0.1056304248408162
      2.261946710584651     -2.638937829015426     0.1191861006949668
      2.261946710584651     -2.513274122871834     0.1254723802845715
      2.261946710584651     -2.387610416728243     0.1264803060034229
      2.261946710584651     -2.261946710584651     0.1247818395094834
      2.261946710584651     -2.136283004441059     0.1248362690328521
      2.261946710584651     -2.010619298297468     0.1256413832137122
      2.261946710584651     -1.884955592153876     0.1162652511187915
      2.261946710584651     -1.759291886010284    0.09757329609389506
      2.261946710584651     -1.633628179866693    0.09582544435331246
      2.261946710584651     -1.507964473723101     0.1222139631147185
      2.261946710584651     -1.382300767579509     0.1436301150800819
      2.261946710584651     -1.256637061435917     0.1308481387471939
      2.261946710584651     -1.130973355292325    0.09817409756829185
      2.261946710584651     -1.005309649148733    0.06929838551168606
      2.261946710584651     -0.879645943005142    0.04898174789489882
      2.261946710584651    -0.7539822368615505    0.03682294340767651
      2.261946710584651    -0.6283185307179586    0.02924926282141904
      2.261946710584651    -0.5026548245743667    0.01703052965477515
      2.261946710584651    -0.3769911184307753   0.004204821448893807
      2.261946710584651    -0.2513274122871838   0.002230530680758327
      2.261946710584651    -0.1256637061435919   0.003010543909236503
      2.261946710584651                      0  -0.001755613480892966
      2.261946710584651     0.1256637061435919  0.0001353815227445385
      2.261946710584651     0.2513274122871834   0.004092510425377462
      2.261946710584651     0.3769911184307753 -0.0006285320369720416
      2.261946710584651     0.5026548245743672    0.03781381289516716
      2.261946710584651     0.6283185307179582      0.174415666480236
      2.261946710584651     0.7539822368615501     0.3529833027167255
      2.261946710584651     0.8796459430051424     0.4868488555443664
      2.261946710584651      1.005309649148734     0.5669359125374138
      2.261946710584651      1.130973355292326      0.568526632448741
      2.261946710584651      1.256637061435917     0.4264018514580231
      2.261946710584651      1.382300767579509       0.19672776962336
      2.261946710584651      1.507964473723101    0.03753045107864168
      2.261946710584651      1.633628179866692  -0.002440696010028926
      2.261946710584651      1.759291886010284   0.001612268436322271
      2.261946710584651      1.884955592153876  0.0002757108202990761
      2.261946710584651      2.010619298297467 -0.0009697329139689029
      2.261946710584651       2.13628300444106  0.0006173780381523765
      2.261946710584651      2.261946710584651  4.568836978498914e-05
      2.261946710584651      2.387610416728243 -0.0004382264810037127
      2.261946710584651      2.513274122871834  0.0003745237328163237
      2.261946710584651      2.638937829015426 -6.541071193839117e-06
      2.261946710584651      2.764601535159018 -0.0002836595241414479
      2.261946710584651      2.890265241302609   0.003431127280499299
      2.261946710584651      3.015928947446201    0.01348349326963189
      2.387610416728243     -3.141592653589793    0.03098599974510792
      2.387610416728243     -3.015928947446201    0.05756991948401784
      2.387610416728243      -2.89026524130261    0.09075085465982002
      2.387610416728243     -2.764601535159018     0.1215230488335762
      2.387610416728243     -2.638937829015426     0.1410780977756205
      2.387610416728243     -2.513274122871834     0.1475052555917573
      2.387610416728243     -2.387610416728243     0.1449543616764567
      2.387610416728243     -2.261946710584651      0.139065914449705
      2.387610416728243     -2.136283004441059     0.1343161054281197
      2.387610416728243     -2.010619298297468       0.12901204245554
      2.387610416728243     -1.884955592153876      0.115105785439362
      2.387610416728243     -1.759291886010284    0.09718344258187034
      2.387610416728243     -1.633628179866693    0.09968434873691982
      2.387610416728243     -1.507964473723101     0.1281999934420421
      2.387610416728243     -1.382300767579509     0.1474357816686377
      2.387610416728243     -1.256637061435917     0.1305566817808327
      2.387610416728243     -1.130973355292325     0.0947402931080109
      2.387610416728243     -1.005309649148733    0.06466518184006738
      2.387610416728243     -0.879645943005142    0.04444431506380871
      2.387610416728243    -0.7539822368615505    0.03281852326464522
      2.387610416728243    -0.6283185307179586    0.02664932199934532
      2.387610416728243    -0.5026548245743667    0.01711713285854653
      2.387610416728243    -0.3769911184307753   0.006100172650672212
      2.387610416728243    -0.2513274122871838   0.003259940214684783
      2.387610416728243    -0.1256637061435919   0.002999204425881884
      2.387610416728243                      0  -0.001297340081598287
      2.387610416728243     0.1256637061435919  3.659179858905043e-05
      2.387610416728243     0.2513274122871834    0.00332881558760052
      2.387610416728243     0.3769911184307753 -0.0004085326580585446
      2.387610416728243     0.5026548245743672    0.03002489147110567
      2.387610416728243     0.6283185307179582     0.1395091513205638
      2.387610416728243     0.7539822368615501     0.2847043886856571
      2.387610416728243     0.8796459430051424     0.3964707641262628
      2.387610416728243      1.005309649148734      0.465132873797223
      2.387610416728243      1.130973355292326      0.467764560313232
      2.387610416728243      1.256637061435917     0.3512075219827867
      2.387610416728243      1.382300767579509      0.162378680619803
      2.387610416728243      1.507964473723101    0.03085917045780788
      2.387610416728243      1.633628179866692  -0.002585231648325793
      2.387610416728243      1.759291886010284   0.001143081984678322
      2.387610416728243      1.884955592153876  0.0005829525375702531
      2.387610416728243      2.010619298297467 -0.0007058002272031488
      2.387610416728243       2.13628300444106  0.0002097150635348195
      2.387610416728243      2.261946710584651 -1.560332713408285e-05
      2.387610416728243      2.387610416728243 -6.384218777365509e-05
      2.387610416728243      2.513274122871834  0.0003514083382112242
      2.387610416728243      2.638937829015426 -0.0003947539175127989
      2.387610416728243      2.764601535159018 -0.0002550019942913998
      2.387610416728243      2.890265241302609   0.004057654635604166
      2.387610416728243      3.015928947446201    0.01384780890955584
      2.513274122871834     -3.141592653589793    0.03080774481031146
      2.513274122871834     -3.015928947446201    0.05835319574073262
      2.513274122871834      -2.89026524130261    0.09727519618046895
      2.513274122871834     -2.764601535159018     0.1368619025540972
      2.513274122871834     -2.638937829015426     0.1623625389681748
      2.513274122871834     -2.513274122871834     0.1689013374501565
      2.513274122871834     -2.387610416728243     0.1630436143749945
      2.513274122871834     -2.261946710584651     0.1529638798308832
      2.513274122871834     -2.136283004441059     0.1426582180845137
      2.513274122871834     -2.010619298297468     0.1305370991894493
      2.513274122871834     -1.884955592153876     0.1125264767049526
      2.513274122871834     -1.759291886010284    0.09653086396526316
      2.513274122871834     -1.633628179866693      0.103789752452272
      2.513274122871834     -1.507964473723101     0.1343240072876739
      2.513274122871834     -1.382300767579509     0.1521055580695286
      2.513274122871834     -1.256637061435917     0.1324717694073843
      2.513274122871834     -1.130973355292325    0.09347932362190985
      2.513274122871834     -1.005309649148733    0.06081592864963843
      2.513274122871834     -0.879645943005142    0.03998896893761216
      2.513274122871834    -0.7539822368615505    0.02923119047043638
      2.513274122871834    -0.6283185307179586     0.0246420853933484
      2.513274122871834    -0.5026548245743667    0.01765100735438842
      2.513274122871834    -0.3769911184307753   0.008352141027786966
      2.513274122871834    -0.2513274122871838   0.004448246501371514
      2.513274122871834    -0.1256637061435919   0.002979070525672663
      2.513274122871834                      0 -0.0007478646988284072
      2.513274122871834     0.1256637061435919  -3.65046317546792e-05
      2.513274122871834     0.2513274122871834    0.00241483155687311
      2.513274122871834     0.3769911184307753 -0.0001424731567829618
      2.513274122871834     0.5026548245743672    0.02164170608666368
      2.513274122871834     0.6283185307179582     0.1011238344513235
      2.513274122871834     0.7539822368615501     0.2092344090898361
      2.513274122871834     0.8796459430051424     0.2958868428257442
      2.513274122871834      1.005309649148734     0.3500146238589463
      2.513274122871834      1.130973355292326     0.3517192724218721
      2.513274122871834      1.256637061435917      0.263540938008594
      2.513274122871834      1.382300767579509     0.1221160371923246
      2.513274122871834      1.507964473723101    0.02310247613161288
      2.513274122871834      1.633628179866692   -0.00266587880958408
      2.513274122871834      1.759291886010284  0.0006112725265762128
      2.513274122871834      1.884955592153876  0.0009047843996328397
      2.513274122871834      2.010619298297467 -0.0004190278936728883
      2.513274122871834       2.13628300444106 -0.0002305348980622886
      2.513274122871834      2.261946710584651 -6.184703315457448e-05
      2.513274122871834      2.387610416728243  0.0003231646611706793
      2.513274122871834      2.513274122871834   0.000303458530305799
      2.513274122871834      2.638937829015426 -0.0007771440960543164
      2.513274122871834      2.764601535159018 -0.0002079534739550753
      2.513274122871834      2.890265241302609   0.004762203124581639
      2.513274122871834      3.015928947446201    0.01447759102689847
      2.638937829015426     -3.141592653589793    0.03019705921549146
      2.638937829015426     -3.015928947446201    0.05741847551917246
      2.638937829015426      -2.89026524130261    0.09856154489016361
      2.638937829015426     -2.764601535159018     0.1422259659010621
      2.638937829015426     -2.638937829015426     0.1703788922790777
      2.638937829015426     -2.513274122871834     0.1767026622238321
      2.638937829015426     -2.387610416728243     0.1692561790408063
      2.638937829015426     -2.261946710584651     0.1571230046834044
      2.638937829015426     -2.136283004441059     0.1434596466818328
      2.638937829015426     -2.010619298297468     0.1271169286436901
      2.638937829015426     -1.884955592153876     0.1071246218847754
      2.638937829015426     -1.759291886010284    0.09303800446399817
      2.638937829015426     -1.633628179866693      0.102942006798792
      2.638937829015426     -1.507964473723101     0.1335248842160507
      2.638937829015426     -1.382300767579509     0.1500672352729454
      2.638937829015426     -1.256637061435917     0.1299423188029772
      2.638937829015426     -1.130973355292325    0.09037474558813174
      2.638937829015426     -1.005309649148733    0.05680146964931869
      2.638937829015426     -0.879645943005142    0.03615533330881482
      2.638937829015426    -0.7539822368615505    0.02654926128071896
      2.638937829015426    -0.6283185307179586    0.02322342351781925
      2.638937829015426    -0.5026548245743667    0.01788519749119523
      2.638937829015426    -0.3769911184307753   0.009756565546754959
      2.638937829015426    -0.2513274122871838   0.005185979289308537
      2.638937829015426    -0.1256637061435919   0.002933105283527669
      2.638937829015426                      0 -0.0003557665072268612
      2.638937829015426     0.1256637061435919 -8.400471401632473e-05
      2.638937829015426     0.2513274122871834    0.00174971894236215
      2.638937829015426     0.3769911184307753  4.953530059788802e-05
      2.638937829015426     0.5026548245743672    0.01573995321376244
      2.638937829015426     0.6283185307179582    0.07377379148873868
      2.638937829015426     0.7539822368615501     0.1548833554929923
      2.638937829015426     0.8796459430051424     0.2223856835655527
      2.638937829015426      1.005309649148734     0.2647185424154371
      2.638937829015426      1.130973355292326     0.2652258569079879
      2.638937829015426      1.256637061435917     0.1982326094788355
      2.638937829015426      1.382300767579509    0.09224113378746707
      2.638937829015426      1.507964473723101    0.01743289500726943
      2.638937829015426      1.633628179866692  -0.002674503917009342
      2.638937829015426      1.759291886010284  0.0002231850593114252
      2.638937829015426      1.884955592153876   0.001123149383300113
      2.638937829015426      2.010619298297467 -0.0002209538506926101
      2.638937829015426       2.13628300444106  -0.000535801752751901
      2.638937829015426      2.261946710584651 -7.734352497895855e-05
      2.638937829015426      2.387610416728243  0.0005788552418256225
      2.638937829015426      2.513274122871834  0.0002483941620397828
      2.638937829015426      2.638937829015426   -0.00101112614529726
      2.638937829015426      2.764601535159018 -0.0001535298851255826
      2.638937829015426      2.890265241302609   0.005182326611089512
      2.638937829015426      3.015928947446201    0.01475064810402446
      2.764601535159018     -3.141592653589793    0.02596241607522193
      2.764601535159018     -3.015928947446201     0.0512794146725823
      2.764601535159018      -2.89026524130261    0.09173174442055743
      2.764601535159018     -2.764601535159018     0.1357799857534372
      2.764601535159018     -2.638937829015426     0.1643665023107468
      2.764601535159018     -2.513274122871834     0.1699220391191827
      2.764601535159018     -2.387610416728243     0.1606759635200191
      2.764601535159018     -2.261946710584651     0.1472792646578105
      2.764601535159018     -2.136283004441059     0.1330508928935259
      2.764601535159018     -2.010619298297468     0.1154849859370186
      2.764601535159018     -1.884955592153876    0.09431745902059666
      2.764601535159018     -1.759291886010284    0.08091996294577777
      2.764601535159018     -1.633628179866693    0.09159049082354678
      2.764601535159018     -1.507964473723101     0.1196291836360484
      2.764601535159018     -1.382300767579509     0.1314726802342047
      2.764601535159018     -1.256637061435917     0.1093667044442041
      2.764601535159018     -1.130973355292325    0.07290024723383931
      2.764601535159018     -1.005309649148733    0.04489687414987056
      2.764601535159018     -0.879645943005142    0.02822213596136977
      2.764601535159018    -0.7539822368615505    0.02001420368659172
      2.764601535159018    -0.6283185307179586    0.01787489130411286
      2.764601535159018    -0.5026548245743667    0.01516657660234517
      2.764601535159018    -0.3769911184307753   0.009395397394079512
      2.764601535159018    -0.2513274122871838   0.005076223740844629
      2.764601535159018    -0.1256637061435919   0.002578468820066842
      2.764601535159018                      0 -0.0001319189068219088
      2.764601535159018     0.1256637061435919 -0.0001436396948211758
      2.764601535159018     0.2513274122871834   0.001216007383132256
      2.764601535159018     0.3769911184307753  0.0001107339078750947
      2.764601535159018     0.5026548245743672   0.009735778864346215
      2.764601535159018     0.6283185307179582    0.04698232550720884
      2.764601535159018     0.7539822368615501     0.1007593601195178
      2.764601535159018     0.8796459430051424     0.1480345109123993
      2.764601535159018      1.005309649148734     0.1802254121475979
      2.764601535159018      1.130973355292326     0.1836814535296434
      2.764601535159018      1.256637061435917     0.1392488549527849
      2.764601535159018      1.382300767579509    0.06589965798420978
      2.764601535159018      1.507964473723101    0.01254094119882851
      2.764601535159018      1.633628179866692  -0.002541134478203468
      2.764601535159018      1.759291886010284 -8.644911833290754e-05
      2.764601535159018      1.884955592153876   0.001222950014280983
      2.764601535159018      2.010619298297467 -4.156575622361181e-05
      2.764601535159018       2.13628300444106 -0.0007397328975952552
      2.764601535159018      2.261946710584651 -0.0001132934587861089
      2.764601535159018      2.387610416728243  0.0007646628957892361
      2.764601535159018      2.513274122871834  0.0002128181143227007
      2.764601535159018      2.638937829015426  -0.001164359351352185
      2.764601535159018      2.764601535159018 -0.0001148503808790983
      2.764601535159018      2.890265241302609   0.004888192565019538
      2.764601535159018      3.015928947446201     0.0128688455513401
      2.890265241302609     -3.141592653589793    0.01954560452966951
      2.890265241302609     -3.015928947446201    0.04232250763603528
      2.890265241302609      -2.89026524130261    0.08144815192030591
      2.890265241302609     -2.764601535159018     0.1253839980078595
      2.890265241302609     -2.638937829015426     0.1544190225351057
      2.890265241302609     -2.513274122871834     0.1591381800961527
      2.890265241302609     -2.387610416728243     0.1473447227110161
      2.890265241302609     -2.261946710584651     0.1322194176244462
      2.890265241302609     -2.136283004441059     0.1181631221902663
      2.890265241302609     -2.010619298297468     0.1004045229042819
      2.890265241302609     -1.884955592153876    0.07830289089347063
      2.890265241302609     -1.759291886010284    0.06544339943958452
      2.890265241302609     -1.633628179866693    0.07691165950697733
      2.890265241302609     -1.507964473723101     0.1019827570857842
      2.890265241302609     -1.382300767579509     0.1076421246526838
      2.890265241302609     -1.256637061435917     0.0822918035437559
      2.890265241302609     -1.130973355292325     0.0497372282557114
      2.890265241302609     -1.005309649148733    0.02952855734539239
      2.890265241302609     -0.879645943005142    0.01808359866629778
      2.890265241302609    -0.7539822368615505    0.01108015748396641
      2.890265241302609    -0.6283185307179586     0.0100203459308398
      2.890265241302609    -0.5026548245743667    0.01068774851962358
      2.890265241302609    -0.3769911184307753   0.008172247680807864
      2.890265241302609    -0.2513274122871838   0.004536271592459366
      2.890265241302609    -0.1256637061435919   0.001979700923033808
      2.890265241302609                      0  5.633505741851734e-05
      2.890265241302609     0.1256637061435919 -0.0001863586881660964
      2.890265241302609     0.2513274122871834  0.0006350203175881268
      2.890265241302609     0.3769911184307753  0.0001156900901260754
      2.890265241302609     0.5026548245743672   0.002932009438537901
      2.890265241302609     0.6283185307179582    0.01694060846077075
      2.890265241302609     0.7539822368615501    0.04008786042224695
      2.890265241302609     0.8796459430051424    0.06503221144536171
      2.890265241302609      1.005309649148734    0.08705842614522422
      2.890265241302609      1.130973355292326    0.09500797471688968
      2.890265241302609      1.256637061435917    0.07550191241641439
      2.890265241302609      1.382300767579509    0.03728067072918487
      2.890265241302609      1.507964473723101    0.00716916314980434
      2.890265241302609      1.633628179866692   -0.00224153480890319
      2.890265241302609      1.759291886010284 -0.0003641939573822098
      2.890265241302609      1.884955592153876   0.001219770162318336
      2.890265241302609      2.010619298297467  0.0001486729050659764
      2.890265241302609       2.13628300444106 -0.0008784439963848668
      2.890265241302609      2.261946710584651 -0.0001724504460392137
      2.890265241302609      2.387610416728243  0.0009079398241281411
      2.890265241302609      2.513274122871834  0.0001968076904572259
      2.890265241302609      2.638937829015426  -0.001268140078833445
      2.890265241302609      2.764601535159018 -0.0001034743271031514
      2.890265241302609      2.890265241302609   0.004149142241406642
      2.890265241302609      3.015928947446201   0.009684810338380095
      3.015928947446201     -3.141592653589793    0.01537994927771909
      3.015928947446201     -3.015928947446201    0.03505434372187505
      3.015928947446201      -2.89026524130261     0.0706364323016843
      3.015928947446201     -2.764601535159018     0.1117082930173741
      3.015928947446201     -2.638937829015426     0.1392513686503064
      3.015928947446201     -2.513274122871834     0.1434766574327046
      3.015928947446201     -2.387610416728243     0.1315048580177058
      3.015928947446201     -2.261946710584651      0.116379858993743
      3.015928947446201     -2.136283004441059     0.1025822767560347
      3.015928947446201     -2.010619298297468    0.08558636920298084
      3.015928947446201     -1.884955592153876    0.06546794502852586
      3.015928947446201     -1.759291886010284    0.05525190260016074
      3.015928947446201     -1.633628179866693    0.06723471186016239
      3.015928947446201     -1.507964473723101    0.08986984710874123
      3.015928947446201     -1.382300767579509    0.09382257470578523
      3.015928947446201     -1.256637061435917    0.07020940694453356
      3.015928947446201     -1.130973355292325    0.04086304084574368
      3.015928947446201     -1.005309649148733    0.02301692808287701
      3.015928947446201     -0.879645943005142    0.01312285132065174
      3.015928947446201    -0.7539822368615505     0.0069971303239373
      3.015928947446201    -0.6283185307179586   0.006388752059760935
      3.015928947446201    -0.5026548245743667   0.008214994399151217
      3.015928947446201    -0.3769911184307753   0.007222145577841586
      3.015928947446201    -0.2513274122871838    0.00400586282691464
      3.015928947446201    -0.1256637061435919   0.001495058430399153
      3.015928947446201                      0  0.0002165521644744937
      3.015928947446201     0.1256637061435919 -0.0001411439288885493
      3.015928947446201     0.2513274122871834  0.0001804292903806884
      3.015928947446201     0.3769911184307753  0.0001442171028967699
      3.015928947446201     0.5026548245743672 -0.0006295492381055978
      3.015928947446201     0.6283185307179582   9.00329920451165e-05
      3.015928947446201     0.7539822368615501   0.005963603520758559
      3.015928947446201     0.8796459430051424    0.01821480344615831
      3.015928947446201      1.005309649148734    0.03227722089865242
      3.015928947446201      1.130973355292326    0.03904953747368779
      3.015928947446201      1.256637061435917    0.03249779571696625
      3.015928947446201      1.382300767579509    0.01687067846956379
      3.015928947446201      1.507964473723101   0.003196828186985778
      3.015928947446201      1.633628179866692   -0.00178174766278372
      3.015928947446201      1.759291886010284 -0.0004538779973627251
      3.015928947446201      1.884955592153876   0.001053465664623152
      3.015928947446201      2.010619298297467  0.0002272591562746447
      3.015928947446201       2.13628300444106 -0.0008331976683685786
      3.015928947446201      2.261946710584651  -0.000179940879189739
      3.015928947446201      2.387610416728243  0.0008583010392596962
      3.015928947446201      2.513274122871834   0.000170289034592803
      3.015928947446201      2.638937829015426  -0.001159013885315298
      3.015928947446201      2.764601535159018 -0.0001024957672571725
      3.015928947446201      2.890265241302609   0.003458425697043724
      3.015928947446201      3.015928947446201   0.007660771169453336
