#! FIELDS phi3 phi4 hhphi3phi4 dhhphi3phi4_phi3 dhhphi3phi4_phi4
#! SET min_phi3 -pi
#! SET max_phi3 pi
#! SET nbins_phi3  50
#! SET periodic_phi3 true
#! SET min_phi4 -pi
#! SET max_phi4 pi
#! SET nbins_phi4  50
#! SET periodic_phi4 true
 -3.141593 -3.141593 0.030703 0.024004 -0.009838
 -3.015929 -3.141593 0.030973 -0.021020 -0.013052
 -2.890265 -3.141593 0.026625 -0.037085 0.006154
 -2.764602 -3.141593 0.024671 0.014603 0.032075
 -2.638938 -3.141593 0.029487 0.045451 0.051710
 -2.513274 -3.141593 0.032320 0.000632 0.039889
 -2.387610 -3.141593 0.032028 -0.002564 0.018793
 -2.261947 -3.141593 0.030414 -0.022495 -0.005442
 -2.136283 -3.141593 0.028446 -0.001788 -0.007219
 -2.010619 -3.141593 0.030448 0.033970 0.013178
 -1.884956 -3.141593 0.036111 0.048767 0.015519
 -1.759292 -3.141593 0.040752 0.021269 0.002828
 -1.633628 -3.141593 0.041451 -0.006682 -0.002815
 -1.507964 -3.141593 0.040333 -0.008294 -0.001312
 -1.382301 -3.141593 0.039220 -0.008635 -0.001466
 -1.256637 -3.141593 0.037906 -0.016568 -0.000411
 -1.130973 -3.141593 0.034673 -0.028017 0.007233
 -1.005310 -3.141593 0.033220 0.009549 0.010165
 -0.879646 -3.141593 0.036462 0.037688 0.019429
 -0.753982 -3.141593 0.040294 0.009977 0.048440
 -0.628319 -3.141593 0.039354 -0.004180 0.038551
 -0.502655 -3.141593 0.041325 0.018707 0.029145
 -0.376991 -3.141593 0.039399 -0.051308 0.022926
 -0.251327 -3.141593 0.031437 -0.057935 0.023613
 -0.125664 -3.141593 0.027621 -0.001728 0.052510
 0.000000 -3.141593 0.029132 0.016755 0.070668
 0.125664 -3.141593 0.030431 0.002202 0.052823
 0.251327 -3.141593 0.030090 0.000372 0.038788
 0.376991 -3.141593 0.033409 0.055117 0.009357
 0.502655 -3.141593 0.039586 0.021927 -0.012754
 0.628319 -3.141593 0.038624 -0.020877 -0.032627
 0.753982 -3.141593 0.038158 0.022592 -0.030457
 0.879646 -3.141593 0.044755 0.073125 -0.021883
 1.005310 -3.141593 0.051091 0.007588 0.007125
 1.130973 -3.141593 0.046278 -0.070552 0.038094
 1.256637 -3.141593 0.036458 -0.074928 0.034731
 1.382301 -3.141593 0.030044 -0.021754 0.053138
 1.507964 -3.141593 0.030690 0.029851 0.050918
 1.633628 -3.141593 0.036152 0.050477 0.029602
 1.759292 -3.141593 0.042964 0.056851 0.025201
 1.884956 -3.141593 0.046199 -0.032923 0.079361
 2.010619 -3.141593 0.032748 -0.158149 0.132654
 2.136283 -3.141593 0.014431 -0.111450 0.112228
 2.261947 -3.141593 0.006131 -0.022820 0.073593
 2.387610 -3.141593 0.008493 0.061556 0.081455
 2.513274 -3.141593 0.019668 0.095852 0.101860
 2.638938 -3.141593 0.026903 0.008881 0.028134
 2.764602 -3.141593 0.023905 -0.037564 -0.035163
 2.890265 -3.141593 0.021804 0.012914 -0.027981
 3.015929 -3.141593 0.026094 0.044021 -0.006190

 -3.141593 -3.015929 0.029156 0.022638 -0.008941
 -3.015929 -3.015929 0.030677 0.000183 0.010592
 -2.890265 -3.015929 0.028877 -0.023704 0.021400
 -2.764602 -3.015929 0.028029 0.022393 0.011153
 -2.638938 -3.015929 0.032902 0.034777 -0.004283
 -2.513274 -3.015929 0.034500 -0.001211 -0.010723
 -2.387610 -3.015929 0.033693 -0.017593 -0.005918
 -2.261947 -3.015929 0.029521 -0.038721 -0.021821
 -2.136283 -3.015929 0.027295 0.010787 -0.020640
 -2.010619 -3.015929 0.031382 0.043970 -0.007762
 -1.884956 -3.015929 0.036186 0.029230 -0.019670
 -1.759292 -3.015929 0.038424 0.007546 -0.033388
 -1.633628 -3.015929 0.038348 -0.008848 -0.037984
 -1.507964 -3.015929 0.036700 -0.013437 -0.048742
 -1.382301 -3.015929 0.035367 -0.006706 -0.049262
 -1.256637 -3.015929 0.034815 -0.004875 -0.038127
 -1.130973 -3.015929 0.033632 -0.012662 -0.018352
 -1.005310 -3.015929 0.032402 -0.000966 -0.012418
 -0.879646 -3.015929 0.035276 0.050346 -0.024269
 -0.753982 -3.015929 0.042061 0.035351 -0.017104
 -0.628319 -3.015929 0.042819 -0.004047 0.010586
 -0.502655 -3.015929 0.043866 0.009045 0.011187
 -0.376991 -3.015929 0.041653 -0.043493 0.018668
 -0.251327 -3.015929 0.035739 -0.035390 0.041693
 -0.125664 -3.015929 0.035272 0.025783 0.058483
 0.000000 -3.015929 0.038220 0.006531 0.061770
 0.125664 -3.015929 0.037538 -0.004571 0.051901
 0.251327 -3.015929 0.037335 -0.007719 0.062615
 0.376991 -3.015929 0.036537 0.011983 0.040580
 0.502655 -3.015929 0.039784 0.016532 0.020216
 0.628319 -3.015929 0.038133 -0.029227 0.022078
 0.753982 -3.015929 0.035768 -0.006462 0.000557
 0.879646 -3.015929 0.036439 0.020373 -0.080982
 1.005310 -3.015929 0.040004 0.024479 -0.143289
 1.130973 -3.015929 0.040005 -0.025577 -0.106303
 1.256637 -3.015929 0.035962 -0.023072 -0.028411
 1.382301 -3.015929 0.035361 0.005293 0.026354
 1.507964 -3.015929 0.036554 0.020890 0.039675
 1.633628 -3.015929 0.040728 0.042212 0.048043
 1.759292 -3.015929 0.048009 0.074048 0.062466
 1.884956 -3.015929 0.054530 0.002287 0.062608
 2.010619 -3.015929 0.046409 -0.116725 0.080225
 2.136283 -3.015929 0.030478 -0.118259 0.127282
 2.261947 -3.015929 0.019944 -0.039723 0.136699
 2.387610 -3.015929 0.021702 0.063307 0.116075
 2.513274 -3.015929 0.029844 0.030804 0.047202
 2.638938 -3.015929 0.026019 -0.071047 -0.031988
 2.764602 -3.015929 0.018814 -0.030568 -0.035194
 2.890265 -3.015929 0.018949 0.031752 -0.010727
 3.015929 -3.015929 0.024741 0.047797 -0.010450

 -3.141593 -2.890265 0.030632 0.034188 0.035837
 -3.015929 -2.890265 0.033792 0.006725 0.036387
 -2.890265 -2.890265 0.031220 -0.038911 0.018524
 -2.764602 -2.890265 0.028178 0.001614 0.000948
 -2.638938 -2.890265 0.029879 0.011066 -0.033792
 -2.513274 -2.890265 0.030231 0.000098 -0.051674
 -2.387610 -2.890265 0.029338 -0.021460 -0.057783
 -2.261947 -2.890265 0.025179 -0.032975 -0.035635
 -2.136283 -2.890265 0.024015 0.019477 -0.020818
 -2.010619 -2.890265 0.028238 0.034233 -0.033650
 -1.884956 -2.890265 0.031292 0.018982 -0.047470
 -1.759292 -2.890265 0.033716 0.016940 -0.038220
 -1.633628 -2.890265 0.033996 -0.016122 -0.026182
 -1.507964 -2.890265 0.031018 -0.020034 -0.030593
 -1.382301 -2.890265 0.030281 0.006244 -0.023290
 -1.256637 -2.890265 0.031031 0.000214 -0.018667
 -1.130973 -2.890265 0.030591 -0.001546 -0.029941
 -1.005310 -2.890265 0.030907 0.006449 -0.015925
 -0.879646 -2.890265 0.033607 0.042617 -0.005140
 -0.753982 -2.890265 0.039946 0.041413 -0.009271
 -0.628319 -2.890265 0.042012 0.001160 -0.018986
 -0.502655 -2.890265 0.042756 0.008821 -0.031442
 -0.376991 -2.890265 0.042619 -0.012482 -0.013279
 -0.251327 -2.890265 0.040010 -0.022367 0.018719
 -0.125664 -2.890265 0.039755 0.021438 0.008014
 0.000000 -2.890265 0.042011 0.002210 -0.005605
 0.125664 -2.890265 0.041624 0.004271 0.010486
 0.251327 -2.890265 0.042545 -0.001754 0.017967
 0.376991 -2.890265 0.041566 0.001263 0.029591
 0.502655 -2.890265 0.042412 -0.005973 0.007417
 0.628319 -2.890265 0.039054 -0.034149 -0.024964
 0.753982 -2.890265 0.034832 -0.040485 -0.033248
 0.879646 -2.890265 0.028676 -0.046023 -0.039986
 1.005310 -2.890265 0.026090 0.008857 -0.053355
 1.130973 -2.890265 0.029343 0.031770 -0.040925
 1.256637 -2.890265 0.032957 0.031333 -0.011332
 1.382301 -2.890265 0.037670 0.038350 0.017813
 1.507964 -2.890265 0.042499 0.044110 0.057894
 1.633628 -2.890265 0.048536 0.051312 0.068775
 1.759292 -2.890265 0.056901 0.077820 0.067133
 1.884956 -2.890265 0.061684 -0.025036 0.047586
 2.010619 -2.890265 0.052152 -0.099192 0.012704
 2.136283 -2.890265 0.041434 -0.066885 0.034028
 2.261947 -2.890265 0.035144 -0.032973 0.080493
 2.387610 -2.890265 0.032930 -0.006513 0.046863
 2.513274 -2.890265 0.030378 -0.048680 -0.031636
 2.638938 -2.890265 0.021308 -0.072764 -0.037108
 2.764602 -2.890265 0.016944 0.007317 0.006607
 2.890265 -2.890265 0.021103 0.046113 0.044046
 3.015929 -2.890265 0.026293 0.035741 0.039376

 -3.141593 -2.764602 0.035889 0.029012 0.033888
 -3.015929 -2.764602 0.037737 -0.008307 0.017565
 -2.890265 -2.764602 0.033539 -0.046654 0.013605
 -2.764602 -2.764602 0.028895 -0.025158 0.003689
 -2.638938 -2.764602 0.026174 -0.020112 -0.023638
 -2.513274 -2.764602 0.023945 -0.014691 -0.037905
 -2.387610 -2.764602 0.022678 -0.003549 -0.034288
 -2.261947 -2.764602 0.022818 0.002606 -0.000874
 -2.136283 -2.764602 0.023315 0.009447 0.006633
 -2.010619 -2.764602 0.025350 0.018654 -0.007780
 -1.884956 -2.764602 0.027072 0.009973 -0.015886
 -1.759292 -2.764602 0.028918 0.021520 -0.037846
 -1.633628 -2.764602 0.030877 -0.000330 -0.031887
 -1.507964 -2.764602 0.028970 -0.016823 -0.013038
 -1.382301 -2.764602 0.028981 0.013337 -0.007172
 -1.256637 -2.764602 0.029317 -0.015337 -0.014978
 -1.130973 -2.764602 0.026924 -0.008126 -0.024118
 -1.005310 -2.764602 0.028185 0.021855 -0.021178
 -0.879646 -2.764602 0.032075 0.045846 -0.016680
 -0.753982 -2.764602 0.038594 0.038979 -0.013928
 -0.628319 -2.764602 0.038950 -0.022577 -0.027264
 -0.502655 -2.764602 0.037036 -0.002357 -0.052824
 -0.376991 -2.764602 0.038127 0.018970 -0.048901
 -0.251327 -2.764602 0.039822 -0.001189 -0.017810
 -0.125664 -2.764602 0.038687 -0.006834 -0.013044
 0.000000 -2.764602 0.038611 0.004837 -0.033667
 0.125664 -2.764602 0.040426 0.024572 -0.025028
 0.251327 -2.764602 0.042953 0.008618 -0.006010
 0.376991 -2.764602 0.043013 -0.003724 -0.004022
 0.502655 -2.764602 0.040323 -0.046821 -0.034651
 0.628319 -2.764602 0.033192 -0.050136 -0.047439
 0.753982 -2.764602 0.028908 -0.022150 -0.036808
 0.879646 -2.764602 0.026928 -0.009833 0.016917
 1.005310 -2.764602 0.026751 0.012829 0.049707
 1.130973 -2.764602 0.030478 0.037996 0.048986
 1.256637 -2.764602 0.034758 0.036258 0.042931
 1.382301 -2.764602 0.041051 0.061063 0.038064
 1.507964 -2.764602 0.048649 0.055794 0.032189
 1.633628 -2.764602 0.054637 0.045613 0.023016
 1.759292 -2.764602 0.062287 0.069985 0.013417
 1.884956 -2.764602 0.065171 -0.049828 -0.000256
 2.010619 -2.764602 0.051607 -0.128859 -0.012182
 2.136283 -2.764602 0.040425 -0.041918 -0.030952
 2.261947 -2.764602 0.037855 -0.018256 -0.024873
 2.387610 -2.764602 0.032970 -0.057099 -0.033745
 2.513274 -2.764602 0.025001 -0.067303 -0.041497
 2.638938 -2.764602 0.017666 -0.033613 -0.015957
 2.764602 -2.764602 0.018844 0.047609 0.016260
 2.890265 -2.764602 0.026321 0.057493 0.023344
 3.015929 -2.764602 0.031837 0.034488 0.032249

 -3.141593 -2.638938 0.036800 0.027779 -0.022771
 -3.015929 -2.638938 0.037874 -0.011888 -0.010413
 -2.890265 -2.638938 0.034224 -0.042137 0.001223
 -2.764602 -2.638938 0.028347 -0.045616 -0.006121
 -2.638938 -2.638938 0.024117 -0.020171 -0.003594
 -2.513274 -2.638938 0.022217 -0.012437 0.013325
 -2.387610 -2.638938 0.021997 0.013108 0.021891
 -2.261947 -2.638938 0.024142 0.012316 0.019967
 -2.136283 -2.638938 0.025053 0.008316 0.024004
 -2.010619 -2.638938 0.026466 0.010279 0.026828
 -1.884956 -2.638938 0.026697 -0.008133 0.006525
 -1.759292 -2.638938 0.025233 -0.006434 -0.015356
 -1.633628 -2.638938 0.025990 0.010896 -0.034183
 -1.507964 -2.638938 0.026030 -0.005724 -0.027780
 -1.382301 -2.638938 0.026541 0.011306 -0.027932
 -1.256637 -2.638938 0.026360 -0.015996 -0.024164
 -1.130973 -2.638938 0.024904 0.002392 -0.003854
 -1.005310 -2.638938 0.026902 0.025318 0.002791
 -0.879646 -2.638938 0.031389 0.049598 0.009124
 -0.753982 -2.638938 0.037874 0.034930 0.006666
 -0.628319 -2.638938 0.036562 -0.047704 -0.004576
 -0.502655 -2.638938 0.031594 -0.015280 -0.023392
 -0.376991 -2.638938 0.032920 0.030393 -0.025669
 -0.251327 -2.638938 0.036943 0.024116 -0.022448
 -0.125664 -2.638938 0.037802 -0.009216 -0.003239
 0.000000 -2.638938 0.036002 -0.009538 -0.005638
 0.125664 -2.638938 0.037470 0.033795 -0.012498
 0.251327 -2.638938 0.041638 0.017848 -0.015672
 0.376991 -2.638938 0.040480 -0.032967 -0.039699
 0.502655 -2.638938 0.034913 -0.047957 -0.049973
 0.628319 -2.638938 0.029761 -0.030339 -0.011649
 0.753982 -2.638938 0.028405 0.013171 0.018691
 0.879646 -2.638938 0.031830 0.028571 0.044585
 1.005310 -2.638938 0.034093 0.015101 0.051902
 1.130973 -2.638938 0.037495 0.035841 0.049081
 1.256637 -2.638938 0.041642 0.032200 0.054379
 1.382301 -2.638938 0.046225 0.040059 0.035769
 1.507964 -2.638938 0.051472 0.042115 0.016768
 1.633628 -2.638938 0.056461 0.039199 0.014537
 1.759292 -2.638938 0.061190 0.029821 -0.022940
 1.884956 -2.638938 0.061273 -0.039719 -0.050821
 2.010619 -2.638938 0.050235 -0.121104 -0.006949
 2.136283 -2.638938 0.037620 -0.059463 -0.006886
 2.261947 -2.638938 0.033919 -0.021258 -0.024532
 2.387610 -2.638938 0.028785 -0.055659 -0.021506
 2.513274 -2.638938 0.022404 -0.042609 0.002472
 2.638938 -2.638938 0.018509 -0.010565 0.028764
 2.764602 -2.638938 0.020954 0.042232 0.020605
 2.890265 -2.638938 0.026432 0.041309 -0.014255
 3.015929 -2.638938 0.031827 0.045548 -0.033676

 -3.141593 -2.513274 0.031353 0.049057 -0.052260
 -3.015929 -2.513274 0.035750 0.013514 -0.024871
 -2.890265 -2.513274 0.034026 -0.038702 -0.007909
 -2.764602 -2.513274 0.028087 -0.042773 -0.002628
 -2.638938 -2.513274 0.025375 -0.001671 0.013049
 -2.513274 -2.513274 0.025593 0.000254 0.022113
 -2.387610 -2.513274 0.026068 0.009406 0.027334
 -2.261947 -2.513274 0.026784 0.000871 0.012152
 -2.136283 -2.513274 0.028154 0.024524 0.007453
 -2.010619 -2.513274 0.029981 -0.008595 0.008485
 -1.884956 -2.513274 0.026873 -0.028759 -0.012453
 -1.759292 -2.513274 0.024026 -0.013961 -0.013520
 -1.633628 -2.513274 0.023890 0.007136 -0.005257
 -1.507964 -2.513274 0.023974 -0.004220 -0.003606
 -1.382301 -2.513274 0.024665 0.016743 0.004152
 -1.256637 -2.513274 0.026417 0.006912 0.026752
 -1.130973 -2.513274 0.027231 0.009989 0.038559
 -1.005310 -2.513274 0.029034 0.021006 0.029733
 -0.879646 -2.513274 0.033291 0.044884 0.014058
 -0.753982 -2.513274 0.038135 0.020503 -0.016327
 -0.628319 -2.513274 0.036224 -0.046679 -0.014453
 -0.502655 -2.513274 0.031121 -0.017080 0.005086
 -0.376991 -2.513274 0.031944 0.020910 0.005104
 -0.251327 -2.513274 0.034892 0.024324 -0.007888
 -0.125664 -2.513274 0.037020 0.004270 -0.008664
 0.000000 -2.513274 0.036221 -0.007674 0.002094
 0.125664 -2.513274 0.036893 0.016992 -0.008551
 0.251327 -2.513274 0.037910 -0.011145 -0.047614
 0.376991 -2.513274 0.033560 -0.049956 -0.061633
 0.502655 -2.513274 0.028617 -0.019306 -0.045819
 0.628319 -2.513274 0.027875 0.000013 -0.024659
 0.753982 -2.513274 0.029034 0.025927 -0.018824
 0.879646 -2.513274 0.033917 0.041287 -0.014184
 1.005310 -2.513274 0.037652 0.021465 0.007501
 1.130973 -2.513274 0.041502 0.043644 0.017642
 1.256637 -2.513274 0.046759 0.029111 0.025869
 1.382301 -2.513274 0.048159 0.005057 -0.007268
 1.507964 -2.513274 0.051621 0.050046 -0.020935
 1.633628 -2.513274 0.057077 0.023452 -0.013825
 1.759292 -2.513274 0.056652 -0.022444 -0.051587
 1.884956 -2.513274 0.054450 -0.011353 -0.058271
 2.010619 -2.513274 0.049417 -0.080407 -0.013693
 2.136283 -2.513274 0.037977 -0.075697 0.003015
 2.261947 -2.513274 0.032054 -0.030791 -0.011025
 2.387610 -2.513274 0.027312 -0.042555 -0.008478
 2.513274 -2.513274 0.023372 -0.017243 0.002974
 2.638938 -2.513274 0.022248 -0.001060 0.019902
 2.764602 -2.513274 0.023354 0.014497 0.014257
 2.890265 -2.513274 0.024193 0.000614 -0.015022
 3.015929 -2.513274 0.025803 0.031209 -0.044253

 -3.141593 -2.387610 0.025484 0.038197 -0.038190
 -3.015929 -2.387610 0.031272 0.039369 -0.041024
 -2.890265 -2.387610 0.031956 -0.029778 -0.020397
 -2.764602 -2.387610 0.026928 -0.034233 -0.012840
 -2.638938 -2.387610 0.024684 -0.006369 -0.024505
 -2.513274 -2.387610 0.024075 -0.000802 -0.044503
 -2.387610 -2.387610 0.025196 0.011941 -0.042812
 -2.261947 -2.387610 0.024649 -0.017546 -0.045122
 -2.136283 -2.387610 0.024031 0.014851 -0.062660
 -2.010619 -2.387610 0.025938 -0.000075 -0.060758
 -1.884956 -2.387610 0.023615 -0.026064 -0.031193
 -1.759292 -2.387610 0.021500 -0.003042 -0.019913
 -1.633628 -2.387610 0.022726 0.016033 -0.012768
 -1.507964 -2.387610 0.024152 0.008460 0.003253
 -1.382301 -2.387610 0.026161 0.026367 0.010178
 -1.256637 -2.387610 0.029806 0.025275 0.015432
 -1.130973 -2.387610 0.031863 0.009137 0.027203
 -1.005310 -2.387610 0.032742 0.007163 0.022977
 -0.879646 -2.387610 0.033782 0.007433 -0.005034
 -0.753982 -2.387610 0.033740 -0.008589 -0.038337
 -0.628319 -2.387610 0.032144 -0.014381 -0.039704
 -0.502655 -2.387610 0.030954 0.001421 -0.007162
 -0.376991 -2.387610 0.033070 0.026087 0.009326
 -0.251327 -2.387610 0.035337 0.009539 0.010761
 -0.125664 -2.387610 0.036030 -0.001208 -0.008411
 0.000000 -2.387610 0.034667 -0.014658 -0.030225
 0.125664 -2.387610 0.033025 -0.015177 -0.051877
 0.251327 -2.387610 0.030285 -0.026378 -0.065237
 0.376991 -2.387610 0.026509 -0.032781 -0.048813
 0.502655 -2.387610 0.023443 -0.009261 -0.033893
 0.628319 -2.387610 0.023767 0.007478 -0.029549
 0.753982 -2.387610 0.025112 0.022381 -0.025943
 0.879646 -2.387610 0.031067 0.068430 -0.017112
 1.005310 -2.387610 0.039013 0.048940 0.023629
 1.130973 -2.387610 0.044446 0.045353 0.038673
 1.256637 -2.387610 0.048808 0.007643 0.011781
 1.382301 -2.387610 0.045557 -0.037196 -0.024974
 1.507964 -2.387610 0.046231 0.052039 -0.056665
 1.633628 -2.387610 0.052294 0.015552 -0.059297
 1.759292 -2.387610 0.049179 -0.044153 -0.061006
 1.884956 -2.387610 0.046578 0.005244 -0.062346
 2.010619 -2.387610 0.045296 -0.045575 -0.049221
 2.136283 -2.387610 0.036384 -0.073874 -0.026758
 2.261947 -2.387610 0.029879 -0.033092 -0.019968
 2.387610 -2.387610 0.026006 -0.030295 -0.010316
 2.513274 -2.387610 0.023158 -0.009807 -0.001545
 2.638938 -2.387610 0.023769 0.014870 0.011369
 2.764602 -2.387610 0.025150 0.001590 0.015757
 2.890265 -2.387610 0.023884 -0.015773 0.006707
 3.015929 -2.387610 0.022956 0.004368 -0.006522

 -3.141593 -2.261947 0.023112 0.024204 0.004505
 -3.015929 -2.261947 0.028112 0.041417 -0.003843
 -2.890265 -2.261947 0.029487 -0.023777 -0.023676
 -2.764602 -2.261947 0.024845 -0.036776 -0.026310
 -2.638938 -2.261947 0.020865 -0.029023 -0.028936
 -2.513274 -2.261947 0.018073 -0.008786 -0.034629
 -2.387610 -2.261947 0.018963 0.014188 -0.037760
 -2.261947 -2.261947 0.019099 -0.012834 -0.027133
 -2.136283 -2.261947 0.017712 0.000445 -0.022929
 -2.010619 -2.261947 0.019319 0.015528 -0.032663
 -1.884956 -2.261947 0.019726 -0.007589 -0.030383
 -1.759292 -2.261947 0.019046 0.004308 -0.023757
 -1.633628 -2.261947 0.021330 0.027409 -0.010686
 -1.507964 -2.261947 0.024310 0.016649 -0.002662
 -1.382301 -2.261947 0.026270 0.021717 -0.006463
 -1.256637 -2.261947 0.030232 0.036842 -0.004435
 -1.130973 -2.261947 0.034014 0.018568 0.006566
 -1.005310 -2.261947 0.034388 -0.010555 0.001189
 -0.879646 -2.261947 0.032609 -0.012850 -0.014752
 -0.753982 -2.261947 0.030915 -0.016532 -0.009367
 -0.628319 -2.261947 0.029305 -0.003983 0.001833
 -0.502655 -2.261947 0.029708 0.009378 -0.009535
 -0.376991 -2.261947 0.032092 0.026566 -0.030826
 -0.251327 -2.261947 0.034488 0.007539 -0.034146
 -0.125664 -2.261947 0.033677 -0.022771 -0.033359
 0.000000 -2.261947 0.029461 -0.034306 -0.044653
 0.125664 -2.261947 0.026047 -0.023732 -0.047502
 0.251327 -2.261947 0.023153 -0.019583 -0.044090
 0.376991 -2.261947 0.021496 -0.005528 -0.027952
 0.502655 -2.261947 0.021865 0.010028 0.012099
 0.628319 -2.261947 0.023534 0.016200 0.028693
 0.753982 -2.261947 0.025981 0.025248 0.042626
 0.879646 -2.261947 0.031622 0.071287 0.030725
 1.005310 -2.261947 0.042324 0.081621 0.022177
 1.130973 -2.261947 0.049478 0.032955 0.027603
 1.256637 -2.261947 0.050405 -0.023027 0.016135
 1.382301 -2.261947 0.044037 -0.062276 0.008821
 1.507964 -2.261947 0.040277 0.012644 -0.026635
 1.633628 -2.261947 0.043573 0.015534 -0.066681
 1.759292 -2.261947 0.042049 -0.028209 -0.043534
 1.884956 -2.261947 0.040177 0.001317 -0.029018
 2.010619 -2.261947 0.038929 -0.033852 -0.041299
 2.136283 -2.261947 0.033199 -0.041659 -0.017312
 2.261947 -2.261947 0.029327 -0.026941 0.015595
 2.387610 -2.261947 0.025487 -0.030647 0.005271
 2.513274 -2.261947 0.023046 -0.001850 -0.001484
 2.638938 -2.261947 0.024979 0.023626 0.002115
 2.764602 -2.261947 0.026549 -0.002694 0.006393
 2.890265 -2.261947 0.024582 -0.022366 0.006602
 3.015929 -2.261947 0.022475 -0.008533 -0.000945

 -3.141593 -2.136283 0.024564 0.030755 0.006156
 -3.015929 -2.136283 0.028024 0.010613 -0.008376
 -2.890265 -2.136283 0.025259 -0.046855 -0.032698
 -2.764602 -2.136283 0.020434 -0.019825 -0.026390
 -2.638938 -2.136283 0.018811 -0.015275 0.004120
 -2.513274 -2.136283 0.016907 -0.008115 0.014103
 -2.387610 -2.136283 0.017193 0.010606 0.006954
 -2.261947 -2.136283 0.018627 0.006355 0.014953
 -2.136283 -2.136283 0.018146 -0.008008 0.020104
 -2.010619 -2.136283 0.018055 0.003486 0.005643
 -1.884956 -2.136283 0.017336 -0.014881 -0.002841
 -1.759292 -2.136283 0.016372 0.009002 -0.009286
 -1.633628 -2.136283 0.019578 0.033277 -0.014891
 -1.507964 -2.136283 0.022894 0.018411 -0.020544
 -1.382301 -2.136283 0.025153 0.023104 -0.011438
 -1.256637 -2.136283 0.029019 0.034306 -0.014601
 -1.130973 -2.136283 0.032164 0.011170 -0.037212
 -1.005310 -2.136283 0.031834 -0.012756 -0.040476
 -0.879646 -2.136283 0.030007 -0.010612 -0.020790
 -0.753982 -2.136283 0.030197 0.012882 -0.002636
 -0.628319 -2.136283 0.031562 0.000209 0.019531
 -0.502655 -2.136283 0.029488 -0.026929 0.003496
 -0.376991 -2.136283 0.027117 -0.005521 -0.036583
 -0.251327 -2.136283 0.027608 0.008431 -0.062122
 -0.125664 -2.136283 0.027613 -0.014243 -0.055978
 0.000000 -2.136283 0.024616 -0.023343 -0.030593
 0.125664 -2.136283 0.022342 -0.018584 -0.013856
 0.251327 -2.136283 0.019601 -0.018852 -0.012810
 0.376991 -2.136283 0.019614 0.024103 -0.004222
 0.502655 -2.136283 0.024337 0.039299 0.016278
 0.628319 -2.136283 0.028681 0.036889 0.040879
 0.753982 -2.136283 0.033944 0.040250 0.071380
 0.879646 -2.136283 0.038499 0.041474 0.068842
 1.005310 -2.136283 0.045722 0.065375 0.038084
 1.130973 -2.136283 0.052200 0.034994 0.032366
 1.256637 -2.136283 0.054004 -0.012697 0.047461
 1.382301 -2.136283 0.048111 -0.072116 0.050072
 1.507964 -2.136283 0.040391 -0.035502 0.024422
 1.633628 -2.136283 0.039457 0.012886 0.010947
 1.759292 -2.136283 0.041177 0.007277 0.032953
 1.884956 -2.136283 0.040881 -0.012191 0.032587
 2.010619 -2.136283 0.036877 -0.049300 0.006710
 2.136283 -2.136283 0.032395 -0.010187 0.004699
 2.261947 -2.136283 0.031671 -0.020809 0.009779
 2.387610 -2.136283 0.026499 -0.047172 0.002601
 2.513274 -2.136283 0.022608 -0.011535 -0.006202
 2.638938 -2.136283 0.023396 0.022433 -0.026249
 2.764602 -2.136283 0.026819 0.019549 -0.006230
 2.890265 -2.136283 0.025633 -0.033404 0.003187
 3.015929 -2.136283 0.022556 -0.003876 -0.001446

 -3.141593 -2.010619 0.024387 0.024489 0.000151
 -3.015929 -2.010619 0.026979 0.009288 0.003467
 -2.890265 -2.010619 0.025430 -0.027801 0.039683
 -2.764602 -2.010619 0.023328 0.002278 0.074508
 -2.638938 -2.010619 0.024033 -0.005153 0.079242
 -2.513274 -2.010619 0.021657 -0.021410 0.064086
 -2.387610 -2.010619 0.020753 0.007745 0.051623
 -2.261947 -2.010619 0.022201 0.006547 0.041945
 -2.136283 -2.010619 0.021138 -0.019435 0.029400
 -2.010619 -2.010619 0.019299 -0.006693 0.016783
 -1.884956 -2.010619 0.018211 -0.014414 0.012007
 -1.759292 -2.010619 0.016912 0.000863 0.009359
 -1.633628 -2.010619 0.018011 0.010146 -0.012257
 -1.507964 -2.010619 0.019191 0.013531 -0.036631
 -1.382301 -2.010619 0.022171 0.032467 -0.038362
 -1.256637 -2.010619 0.025985 0.020508 -0.035128
 -1.130973 -2.010619 0.026400 -0.008248 -0.044570
 -1.005310 -2.010619 0.026147 0.007728 -0.043042
 -0.879646 -2.010619 0.027437 0.009783 -0.028712
 -0.753982 -2.010619 0.029153 0.020583 -0.021279
 -0.628319 -2.010619 0.031286 0.002498 -0.021915
 -0.502655 -2.010619 0.028684 -0.038189 -0.016378
 -0.376991 -2.010619 0.023853 -0.031626 -0.013156
 -0.251327 -2.010619 0.021539 -0.005066 -0.027300
 -0.125664 -2.010619 0.021579 0.000338 -0.035754
 0.000000 -2.010619 0.021419 0.000293 -0.023041
 0.125664 -2.010619 0.021126 -0.009249 -0.008834
 0.251327 -2.010619 0.019390 -0.011894 0.007261
 0.376991 -2.010619 0.020260 0.031349 0.016372
 0.502655 -2.010619 0.025815 0.047020 0.014945
 0.628319 -2.010619 0.032525 0.067693 0.024898
 0.753982 -2.010619 0.041449 0.059783 0.045110
 0.879646 -2.010619 0.046211 0.025508 0.049779
 1.005310 -2.010619 0.051300 0.059033 0.047375
 1.130973 -2.010619 0.058659 0.048683 0.058051
 1.256637 -2.010619 0.061635 -0.012811 0.058432
 1.382301 -2.010619 0.054035 -0.093567 0.034473
 1.507964 -2.010619 0.044597 -0.036819 0.036224
 1.633628 -2.010619 0.045104 0.032324 0.064184
 1.759292 -2.010619 0.048054 -0.000500 0.062941
 1.884956 -2.010619 0.044158 -0.053545 0.008860
 2.010619 -2.010619 0.037024 -0.049155 -0.017075
 2.136283 -2.010619 0.033662 -0.007648 0.009002
 2.261947 -2.010619 0.031553 -0.037122 -0.003747
 2.387610 -2.010619 0.025533 -0.044171 -0.012646
 2.513274 -2.010619 0.021336 -0.027139 -0.013894
 2.638938 -2.010619 0.019760 0.014338 -0.024233
 2.764602 -2.010619 0.024361 0.036186 -0.027927
 2.890265 -2.010619 0.024262 -0.030194 -0.019958
 3.015929 -2.010619 0.022060 0.005611 -0.000895

 -3.141593 -1.884956 0.025554 0.024061 0.013383
 -3.015929 -1.884956 0.029217 0.030707 0.024911
 -2.890265 -1.884956 0.031947 0.013130 0.049761
 -2.764602 -1.884956 0.033640 0.016030 0.063735
 -2.638938 -1.884956 0.034608 -0.008997 0.064995
 -2.513274 -1.884956 0.031040 -0.038276 0.065293
 -2.387610 -1.884956 0.028050 -0.004979 0.044805
 -2.261947 -1.884956 0.027952 -0.004508 0.036493
 -2.136283 -1.884956 0.026456 -0.017855 0.052629
 -2.010619 -1.884956 0.023862 -0.022278 0.058183
 -1.884956 -1.884956 0.020391 -0.032411 0.025486
 -1.759292 -1.884956 0.017314 -0.012031 -0.000560
 -1.633628 -1.884956 0.016150 -0.012730 -0.013919
 -1.507964 -1.884956 0.014786 0.000208 -0.027422
 -1.382301 -1.884956 0.017210 0.034513 -0.030500
 -1.256637 -1.884956 0.021540 0.026017 -0.027410
 -1.130973 -1.884956 0.022577 -0.005849 -0.015863
 -1.005310 -1.884956 0.021963 -0.000086 -0.021642
 -0.879646 -1.884956 0.022321 0.006698 -0.041664
 -0.753982 -1.884956 0.024661 0.031712 -0.042026
 -0.628319 -1.884956 0.028259 0.013782 -0.020669
 -0.502655 -1.884956 0.027424 -0.019935 0.001628
 -0.376991 -1.884956 0.024549 -0.025376 0.020865
 -0.251327 -1.884956 0.021293 -0.023175 0.016542
 -0.125664 -1.884956 0.019276 -0.007110 0.000048
 0.000000 -1.884956 0.019826 0.014524 0.008349
 0.125664 -1.884956 0.021404 0.005608 0.023850
 0.251327 -1.884956 0.021454 0.001125 0.027933
 0.376991 -1.884956 0.023547 0.035998 0.031655
 0.502655 -1.884956 0.029169 0.047585 0.035585
 0.628319 -1.884956 0.036469 0.072857 0.037504
 0.753982 -1.884956 0.045509 0.060126 0.022958
 0.879646 -1.884956 0.051120 0.037068 0.032884
 1.005310 -1.884956 0.056988 0.056489 0.040192
 1.130973 -1.884956 0.063672 0.046088 0.022112
 1.256637 -1.884956 0.066226 -0.022862 0.024103
 1.382301 -1.884956 0.057422 -0.093441 0.036495
 1.507964 -1.884956 0.049375 -0.019890 0.046766
 1.633628 -1.884956 0.051802 0.040492 0.032797
 1.759292 -1.884956 0.052987 -0.040203 -0.000627
 1.884956 -1.884956 0.042479 -0.103520 -0.034866
 2.010619 -1.884956 0.033262 -0.028260 -0.029416
 2.136283 -1.884956 0.033815 0.013336 -0.001596
 2.261947 -1.884956 0.031643 -0.048684 0.005369
 2.387610 -1.884956 0.024575 -0.051053 0.000123
 2.513274 -1.884956 0.019700 -0.027199 -0.006585
 2.638938 -1.884956 0.018439 0.012447 0.005187
 2.764602 -1.884956 0.022022 0.029618 -0.001394
 2.890265 -1.884956 0.022811 -0.010998 0.002420
 3.015929 -1.884956 0.022896 0.016502 0.009283

 -3.141593 -1.759292 0.026262 0.035439 -0.001500
 -3.015929 -1.759292 0.031280 0.044080 0.004320
 -2.890265 -1.759292 0.036368 0.029155 0.019325
 -2.764602 -1.759292 0.037791 -0.000021 0.014894
 -2.638938 -1.759292 0.037629 -0.007811 -0.007996
 -2.513274 -1.759292 0.033745 -0.051768 -0.023275
 -2.387610 -1.759292 0.028259 -0.021468 -0.036295
 -2.261947 -1.759292 0.028454 0.019762 -0.023196
 -2.136283 -1.759292 0.032142 0.029762 0.033391
 -2.010619 -1.759292 0.032537 -0.031719 0.071559
 -1.884956 -1.759292 0.024949 -0.074345 0.048696
 -1.759292 -1.759292 0.017928 -0.031172 0.015215
 -1.633628 -1.759292 0.015212 -0.021487 -0.000432
 -1.507964 -1.759292 0.012933 -0.004802 -0.003286
 -1.382301 -1.759292 0.015001 0.032834 -0.008935
 -1.256637 -1.759292 0.019297 0.028344 -0.012052
 -1.130973 -1.759292 0.020840 -0.003187 -0.016442
 -1.005310 -1.759292 0.019782 -0.009187 -0.018404
 -0.879646 -1.759292 0.018722 -0.005191 -0.019007
 -0.753982 -1.759292 0.020250 0.033961 -0.026533
 -0.628319 -1.759292 0.025536 0.036200 -0.026297
 -0.502655 -1.759292 0.027365 -0.003061 -0.013217
 -0.376991 -1.759292 0.026103 -0.017934 -0.005031
 -0.251327 -1.759292 0.022598 -0.032339 -0.000232
 -0.125664 -1.759292 0.020432 0.006756 0.014100
 0.000000 -1.759292 0.024045 0.039820 0.050431
 0.125664 -1.759292 0.027325 0.006447 0.061885
 0.251327 -1.759292 0.026431 -0.009790 0.052558
 0.376991 -1.759292 0.027720 0.034169 0.041960
 0.502655 -1.759292 0.033486 0.050910 0.033841
 0.628319 -1.759292 0.040305 0.058720 0.021179
 0.753982 -1.759292 0.048103 0.064836 0.020557
 0.879646 -1.759292 0.055827 0.053792 0.042737
 1.005310 -1.759292 0.061311 0.036377 0.031443
 1.130973 -1.759292 0.066338 0.047963 0.027161
 1.256637 -1.759292 0.070743 0.001788 0.049071
 1.382301 -1.759292 0.065339 -0.073082 0.078490
 1.507964 -1.759292 0.056577 -0.053953 0.054239
 1.633628 -1.759292 0.052316 -0.023999 -0.024751
 1.759292 -1.759292 0.046708 -0.072116 -0.083852
 1.884956 -1.759292 0.036162 -0.077291 -0.055520
 2.010619 -1.759292 0.031107 0.003650 -0.007778
 2.136283 -1.759292 0.034844 0.032792 0.019982
 2.261947 -1.759292 0.034284 -0.044558 0.045783
 2.387610 -1.759292 0.026389 -0.065693 0.032421
 2.513274 -1.759292 0.020492 -0.022426 0.017001
 2.638938 -1.759292 0.020704 0.021131 0.025618
 2.764602 -1.759292 0.024079 0.023539 0.026601
 2.890265 -1.759292 0.024411 -0.016813 0.016913
 3.015929 -1.759292 0.023129 0.008140 -0.003801

 -3.141593 -1.633628 0.027150 0.041976 0.023789
 -3.015929 -1.633628 0.031986 0.039061 0.019494
 -2.890265 -1.633628 0.037920 0.047119 0.013575
 -2.764602 -1.633628 0.040432 -0.011456 0.026276
 -2.638938 -1.633628 0.036211 -0.051008 -0.009223
 -2.513274 -1.633628 0.028712 -0.058858 -0.040416
 -2.387610 -1.633628 0.024011 -0.009132 -0.014955
 -2.261947 -1.633628 0.026716 0.051102 0.007576
 -2.136283 -1.633628 0.035339 0.070903 0.017642
 -2.010619 -1.633628 0.039473 -0.018312 0.026867
 -1.884956 -1.633628 0.031504 -0.090965 0.039405
 -1.759292 -1.633628 0.021344 -0.059667 0.030604
 -1.633628 -1.633628 0.016337 -0.026647 0.018664
 -1.507964 -1.633628 0.013755 -0.011356 0.017246
 -1.382301 -1.633628 0.014525 0.024094 0.003768
 -1.256637 -1.633628 0.018324 0.026262 -0.001929
 -1.130973 -1.633628 0.019340 -0.009081 -0.001793
 -1.005310 -1.633628 0.017592 -0.012845 -0.009753
 -0.879646 -1.633628 0.016673 -0.000233 -0.009605
 -0.753982 -1.633628 0.018289 0.027177 -0.000580
 -0.628319 -1.633628 0.022323 0.028342 -0.017264
 -0.502655 -1.633628 0.023935 0.000390 -0.032130
 -0.376991 -1.633628 0.023963 -0.000286 -0.019407
 -0.251327 -1.633628 0.022717 -0.016685 0.007886
 -0.125664 -1.633628 0.023075 0.034672 0.028467
 0.000000 -1.633628 0.030243 0.061757 0.041737
 0.125664 -1.633628 0.035197 0.014941 0.058190
 0.251327 -1.633628 0.035282 -0.005214 0.083405
 0.376991 -1.633628 0.035587 0.012648 0.075048
 0.502655 -1.633628 0.038378 0.031993 0.041005
 0.628319 -1.633628 0.043307 0.046167 0.032249
 0.753982 -1.633628 0.050977 0.076831 0.025260
 0.879646 -1.633628 0.059813 0.051421 0.009903
 1.005310 -1.633628 0.064157 0.029758 0.006479
 1.130973 -1.633628 0.069637 0.058501 0.017670
 1.256637 -1.633628 0.075763 0.019833 0.018167
 1.382301 -1.633628 0.072035 -0.076380 0.015716
 1.507964 -1.633628 0.058858 -0.115122 -0.018830
 1.633628 -1.633628 0.047016 -0.073124 -0.043850
 1.759292 -1.633628 0.038409 -0.064565 -0.027473
 1.884956 -1.633628 0.031751 -0.036771 -0.006895
 2.010619 -1.633628 0.030614 0.025176 0.000380
 2.136283 -1.633628 0.037607 0.072055 0.014548
 2.261947 -1.633628 0.042077 -0.025519 0.057448
 2.387610 -1.633628 0.031888 -0.106028 0.044535
 2.513274 -1.633628 0.022670 -0.029479 0.014403
 2.638938 -1.633628 0.023146 0.025776 0.009425
 2.764602 -1.633628 0.026684 0.021227 0.012127
 2.890265 -1.633628 0.026275 -0.026863 0.013931
 3.015929 -1.633628 0.023603 0.001834 0.016271

 -3.141593 -1.507964 0.031268 0.053586 0.028717
 -3.015929 -1.507964 0.036336 0.028926 0.039424
 -2.890265 -1.507964 0.040554 0.037187 0.028748
 -2.764602 -1.507964 0.042356 -0.021883 0.005470
 -2.638938 -1.507964 0.034863 -0.083591 -0.009001
 -2.513274 -1.507964 0.025984 -0.043633 0.001819
 -2.387610 -1.507964 0.024608 0.017346 0.016782
 -2.261947 -1.507964 0.028893 0.046971 0.013519
 -2.136283 -1.507964 0.035050 0.042325 -0.027235
 -2.010619 -1.507964 0.037071 -0.016928 -0.062479
 -1.884956 -1.507964 0.031053 -0.068888 -0.045894
 -1.759292 -1.507964 0.022886 -0.050652 -0.006420
 -1.633628 -1.507964 0.018962 -0.016969 0.021497
 -1.507964 -1.507964 0.016885 -0.017349 0.030025
 -1.382301 -1.507964 0.015899 0.006877 0.015240
 -1.256637 -1.507964 0.018014 0.019576 -0.006754
 -1.130973 -1.507964 0.019177 -0.004467 -0.009013
 -1.005310 -1.507964 0.017409 -0.015890 0.001123
 -0.879646 -1.507964 0.017101 0.014434 0.013171
 -0.753982 -1.507964 0.020207 0.026634 0.023983
 -0.628319 -1.507964 0.021963 0.000103 0.008776
 -0.502655 -1.507964 0.021518 0.001013 -0.001054
 -0.376991 -1.507964 0.023006 0.018299 0.007234
 -0.251327 -1.507964 0.024395 0.003120 0.017162
 -0.125664 -1.507964 0.026101 0.035044 0.014620
 0.000000 -1.507964 0.032932 0.063256 -0.001878
 0.125664 -1.507964 0.039966 0.046029 0.009980
 0.251327 -1.507964 0.043882 0.012527 0.039795
 0.376991 -1.507964 0.042820 -0.021714 0.033064
 0.502655 -1.507964 0.042121 0.021232 0.017575
 0.628319 -1.507964 0.047060 0.047699 0.020199
 0.753982 -1.507964 0.053250 0.048628 0.006680
 0.879646 -1.507964 0.058144 0.031812 -0.024130
 1.005310 -1.507964 0.063184 0.051866 -0.009522
 1.130973 -1.507964 0.069998 0.050573 -0.009888
 1.256637 -1.507964 0.074048 0.004696 -0.045289
 1.382301 -1.507964 0.069358 -0.082145 -0.054263
 1.507964 -1.507964 0.054851 -0.123974 -0.036351
 1.633628 -1.507964 0.044535 -0.039459 0.001674
 1.759292 -1.507964 0.039845 -0.048281 0.033364
 1.884956 -1.507964 0.033481 -0.040855 0.024242
 2.010619 -1.507964 0.031465 0.013285 0.016567
 2.136283 -1.507964 0.037265 0.074094 -0.012662
 2.261947 -1.507964 0.044150 0.001355 -0.025106
 2.387610 -1.507964 0.035275 -0.114476 0.006579
 2.513274 -1.507964 0.024305 -0.042645 0.014303
 2.638938 -1.507964 0.023680 0.022441 0.005056
 2.764602 -1.507964 0.027387 0.024175 0.001091
 2.890265 -1.507964 0.027307 -0.021401 -0.002483
 3.015929 -1.507964 0.026008 0.015847 0.011939

 -3.141593 -1.382301 0.032654 0.061203 -0.001609
 -3.015929 -1.382301 0.039537 0.044302 0.005789
 -2.890265 -1.382301 0.044337 0.028800 0.021122
 -2.764602 -1.382301 0.043748 -0.044072 0.017204
 -2.638938 -1.382301 0.035653 -0.068397 0.024572
 -2.513274 -1.382301 0.028917 -0.035587 0.039489
 -2.387610 -1.382301 0.026995 0.005087 0.020780
 -2.261947 -1.382301 0.028883 0.017724 -0.008485
 -2.136283 -1.382301 0.029983 -0.004164 -0.040405
 -2.010619 -1.382301 0.027480 -0.032326 -0.072747
 -1.884956 -1.382301 0.023421 -0.026329 -0.061117
 -1.759292 -1.382301 0.021635 -0.000940 -0.010430
 -1.633628 -1.382301 0.022230 0.002679 0.025750
 -1.507964 -1.382301 0.020833 -0.023928 0.026433
 -1.382301 -1.382301 0.018023 -0.014068 0.017342
 -1.256637 -1.382301 0.017291 0.000256 0.000572
 -1.130973 -1.382301 0.017733 0.004099 -0.005066
 -1.005310 -1.382301 0.017853 0.000691 0.011487
 -0.879646 -1.382301 0.018978 0.018998 0.017045
 -0.753982 -1.382301 0.021889 0.020804 -0.000494
 -0.628319 -1.382301 0.022993 -0.001053 0.002259
 -0.502655 -1.382301 0.023260 0.009873 0.020985
 -0.376991 -1.382301 0.025234 0.018134 0.021818
 -0.251327 -1.382301 0.026789 0.003728 0.016885
 -0.125664 -1.382301 0.026979 0.009029 -0.000215
 0.000000 -1.382301 0.030436 0.043072 -0.033615
 0.125664 -1.382301 0.036785 0.057602 -0.057132
 0.251327 -1.382301 0.043702 0.039149 -0.040087
 0.376991 -1.382301 0.044505 -0.015415 -0.002293
 0.502655 -1.382301 0.045011 0.032667 0.038494
 0.628319 -1.382301 0.050283 0.040302 0.046948
 0.753982 -1.382301 0.054643 0.028131 0.034265
 0.879646 -1.382301 0.057614 0.031049 0.029562
 1.005310 -1.382301 0.064318 0.063186 0.032773
 1.130973 -1.382301 0.068210 -0.005989 -0.006039
 1.256637 -1.382301 0.065375 -0.031144 -0.074056
 1.382301 -1.382301 0.059826 -0.063184 -0.081873
 1.507964 -1.382301 0.049360 -0.087379 -0.052805
 1.633628 -1.382301 0.043297 -0.006053 -0.035167
 1.759292 -1.382301 0.041784 -0.039318 -0.013342
 1.884956 -1.382301 0.035600 -0.034741 0.005381
 2.010619 -1.382301 0.034777 0.012938 0.026702
 2.136283 -1.382301 0.037011 0.022362 0.010043
 2.261947 -1.382301 0.039381 0.001457 -0.030249
 2.387610 -1.382301 0.034450 -0.072773 -0.009113
 2.513274 -1.382301 0.026322 -0.039633 0.016740
 2.638938 -1.382301 0.025034 0.013840 0.015440
 2.764602 -1.382301 0.027423 0.011217 0.003667
 2.890265 -1.382301 0.026527 -0.015825 0.003517
 3.015929 -1.382301 0.026714 0.025682 0.012994

 -3.141593 -1.256637 0.032314 0.025820 -0.005518
 -3.015929 -1.256637 0.037265 0.050291 -0.037467
 -2.890265 -1.256637 0.043652 0.041797 -0.029867
 -2.764602 -1.256637 0.045034 -0.022302 0.000323
 -2.638938 -1.256637 0.040141 -0.045160 0.039657
 -2.513274 -1.256637 0.034689 -0.041235 0.049526
 -2.387610 -1.256637 0.029748 -0.033428 0.022676
 -2.261947 -1.256637 0.027416 -0.005394 -0.016676
 -2.136283 -1.256637 0.025757 -0.030606 -0.032339
 -2.010619 -1.256637 0.020158 -0.046245 -0.046765
 -1.884956 -1.256637 0.016705 -0.004866 -0.047221
 -1.759292 -1.256637 0.018809 0.033436 -0.038513
 -1.633628 -1.256637 0.022143 0.008261 -0.032049
 -1.507964 -1.256637 0.020752 -0.021162 -0.029074
 -1.382301 -1.256637 0.018761 -0.009665 -0.009912
 -1.256637 -1.256637 0.017812 -0.004490 0.002244
 -1.130973 -1.256637 0.018147 0.009858 0.007307
 -1.005310 -1.256637 0.019870 0.015925 0.014590
 -0.879646 -1.256637 0.021532 0.008727 0.024098
 -0.753982 -1.256637 0.022193 0.003880 0.019517
 -0.628319 -1.256637 0.023067 0.012522 0.008036
 -0.502655 -1.256637 0.025237 0.018292 0.010897
 -0.376991 -1.256637 0.026825 0.006503 0.001841
 -0.251327 -1.256637 0.026705 -0.009286 -0.020858
 -0.125664 -1.256637 0.025114 -0.009230 -0.029329
 0.000000 -1.256637 0.025442 0.013290 -0.039426
 0.125664 -1.256637 0.028856 0.048291 -0.051577
 0.251327 -1.256637 0.036761 0.060501 -0.052930
 0.376991 -1.256637 0.042204 0.040463 -0.032760
 0.502655 -1.256637 0.050306 0.082550 0.030179
 0.628319 -1.256637 0.059064 0.051883 0.081525
 0.753982 -1.256637 0.064451 0.033142 0.116954
 0.879646 -1.256637 0.066568 0.012045 0.104363
 1.005310 -1.256637 0.071086 0.049392 0.065587
 1.130973 -1.256637 0.071465 -0.054851 0.053532
 1.256637 -1.256637 0.061571 -0.079692 0.021039
 1.382301 -1.256637 0.052870 -0.068463 -0.022651
 1.507964 -1.256637 0.042523 -0.083669 -0.045394
 1.633628 -1.256637 0.037056 0.000673 -0.040456
 1.759292 -1.256637 0.037387 -0.015078 -0.041582
 1.884956 -1.256637 0.034448 -0.014252 -0.022430
 2.010619 -1.256637 0.035047 0.018170 -0.022794
 2.136283 -1.256637 0.037602 0.019714 -0.007900
 2.261947 -1.256637 0.038870 -0.006084 0.011225
 2.387610 -1.256637 0.035128 -0.049939 0.016028
 2.513274 -1.256637 0.028820 -0.037153 0.025889
 2.638938 -1.256637 0.027433 0.011828 0.023257
 2.764602 -1.256637 0.029201 0.007056 0.021478
 2.890265 -1.256637 0.029487 0.005154 0.032128
 3.015929 -1.256637 0.030557 0.008388 0.034325

 -3.141593 -1.130973 0.029942 -0.008267 -0.030606
 -3.015929 -1.130973 0.031863 0.040856 -0.042973
 -2.890265 -1.130973 0.038685 0.057907 -0.043296
 -2.764602 -1.130973 0.044111 0.020998 -0.013738
 -2.638938 -1.130973 0.043493 -0.024264 0.008236
 -2.513274 -1.130973 0.039631 -0.038827 0.017921
 -2.387610 -1.130973 0.032288 -0.072304 0.012341
 -2.261947 -1.130973 0.025315 -0.031859 -0.009909
 -2.136283 -1.130973 0.021710 -0.037487 -0.024894
 -2.010619 -1.130973 0.016070 -0.041801 -0.012427
 -1.884956 -1.130973 0.012684 -0.011367 -0.009178
 -1.759292 -1.130973 0.013620 0.026349 -0.032874
 -1.633628 -1.130973 0.017067 0.017005 -0.033517
 -1.507964 -1.130973 0.017439 -0.003795 -0.006064
 -1.382301 -1.130973 0.017345 0.001443 0.001490
 -1.256637 -1.130973 0.017588 0.005031 -0.000658
 -1.130973 -1.130973 0.019144 0.019224 0.009184
 -1.005310 -1.130973 0.022041 0.027023 0.025629
 -0.879646 -1.130973 0.025946 0.031531 0.046772
 -0.753982 -1.130973 0.027849 -0.006654 0.059093
 -0.628319 -1.130973 0.025968 -0.009592 0.032301
 -0.502655 -1.130973 0.026464 0.009839 0.007774
 -0.376991 -1.130973 0.026255 -0.015505 -0.009463
 -0.251327 -1.130973 0.023317 -0.024985 -0.023713
 -0.125664 -1.130973 0.021172 -0.007826 -0.027065
 0.000000 -1.130973 0.021251 0.010549 -0.030462
 0.125664 -1.130973 0.024996 0.052365 -0.019558
 0.251327 -1.130973 0.032144 0.046565 -0.029611
 0.376991 -1.130973 0.037505 0.062156 -0.040732
 0.502655 -1.130973 0.051206 0.145156 -0.011614
 0.628319 -1.130973 0.068689 0.120008 0.066180
 0.753982 -1.130973 0.080032 0.051291 0.111839
 0.879646 -1.130973 0.079817 -0.038369 0.093639
 1.005310 -1.130973 0.077626 0.010622 0.034978
 1.130973 -1.130973 0.076391 -0.052256 0.010734
 1.256637 -1.130973 0.065562 -0.103012 0.018634
 1.382301 -1.130973 0.052148 -0.109939 -0.000144
 1.507964 -1.130973 0.040030 -0.064980 0.004238
 1.633628 -1.130973 0.036755 -0.004766 0.024956
 1.759292 -1.130973 0.034112 -0.036986 -0.010509
 1.884956 -1.130973 0.030821 -0.006032 -0.029104
 2.010619 -1.130973 0.031704 0.015267 -0.023104
 2.136283 -1.130973 0.034690 0.029372 -0.039647
 2.261947 -1.130973 0.036463 -0.007234 -0.064827
 2.387610 -1.130973 0.034421 -0.016857 -0.041220
 2.513274 -1.130973 0.032195 -0.019576 0.020146
 2.638938 -1.130973 0.030525 -0.002562 0.025340
 2.764602 -1.130973 0.030951 0.004868 0.004862
 2.890265 -1.130973 0.031820 0.009828 0.007628
 3.015929 -1.130973 0.031937 -0.012535 -0.008648

 -3.141593 -1.005310 0.026845 -0.020780 -0.012338
 -3.015929 -1.005310 0.027259 0.028120 -0.027629
 -2.890265 -1.005310 0.033066 0.060565 -0.045267
 -2.764602 -1.005310 0.040610 0.044989 -0.048342
 -2.638938 -1.005310 0.041669 -0.023126 -0.038616
 -2.513274 -1.005310 0.037614 -0.038533 -0.044278
 -2.387610 -1.005310 0.031228 -0.057963 -0.027645
 -2.261947 -1.005310 0.025141 -0.038600 0.003621
 -2.136283 -1.005310 0.020345 -0.037683 0.000930
 -2.010619 -1.005310 0.016398 -0.024285 0.009024
 -1.884956 -1.005310 0.013427 -0.024120 0.010323
 -1.759292 -1.005310 0.011888 0.009046 0.006275
 -1.633628 -1.005310 0.015762 0.042868 0.017578
 -1.507964 -1.005310 0.020065 0.020250 0.042682
 -1.382301 -1.005310 0.020540 -0.010103 0.044268
 -1.256637 -1.005310 0.019124 -0.004629 0.028576
 -1.130973 -1.005310 0.020615 0.028868 0.018022
 -1.005310 -1.005310 0.025287 0.040766 0.018429
 -0.879646 -1.005310 0.030328 0.035842 0.009580
 -0.753982 -1.005310 0.032021 -0.015254 -0.005692
 -0.628319 -1.005310 0.028186 -0.030512 -0.006979
 -0.502655 -1.005310 0.026000 -0.009443 -0.020765
 -0.376991 -1.005310 0.024256 -0.019273 -0.022800
 -0.251327 -1.005310 0.021454 -0.023217 -0.007289
 -0.125664 -1.005310 0.018533 -0.022974 -0.015894
 0.000000 -1.005310 0.017113 0.010236 -0.032176
 0.125664 -1.005310 0.021478 0.049566 -0.036481
 0.251327 -1.005310 0.026581 0.027869 -0.056729
 0.376991 -1.005310 0.031334 0.069636 -0.053878
 0.502655 -1.005310 0.047678 0.186717 -0.045219
 0.628319 -1.005310 0.072528 0.180048 -0.019376
 0.753982 -1.005310 0.088723 0.070894 0.020225
 0.879646 -1.005310 0.089699 -0.045662 0.069383
 1.005310 -1.005310 0.082348 -0.053830 0.053454
 1.130973 -1.005310 0.075834 -0.062582 -0.004838
 1.256637 -1.005310 0.065295 -0.100007 -0.014712
 1.382301 -1.005310 0.051766 -0.108194 -0.005110
 1.507964 -1.005310 0.041175 -0.048999 0.005797
 1.633628 -1.005310 0.037849 -0.022488 -0.016596
 1.759292 -1.005310 0.033066 -0.046192 -0.009971
 1.884956 -1.005310 0.029189 -0.010022 0.009847
 2.010619 -1.005310 0.028866 -0.005879 -0.024391
 2.136283 -1.005310 0.026826 -0.023671 -0.084595
 2.261947 -1.005310 0.023698 -0.018741 -0.121110
 2.387610 -1.005310 0.025028 0.045239 -0.096460
 2.513274 -1.005310 0.032136 0.046917 -0.026694
 2.638938 -1.005310 0.033550 -0.020614 0.015801
 2.764602 -1.005310 0.030943 -0.005925 -0.005259
 2.890265 -1.005310 0.032094 0.011456 -0.008363
 3.015929 -1.005310 0.030851 -0.030986 -0.007143

 -3.141593 -0.879646 0.025240 -0.020017 -0.024432
 -3.015929 -0.879646 0.024708 0.014337 -0.018988
 -2.890265 -0.879646 0.027902 0.030941 -0.037278
 -2.764602 -0.879646 0.032079 0.033127 -0.075937
 -2.638938 -0.879646 0.034316 -0.002401 -0.066035
 -2.513274 -0.879646 0.031778 -0.033526 -0.036288
 -2.387610 -0.879646 0.027789 -0.021454 -0.019037
 -2.261947 -0.879646 0.025594 -0.024575 0.000063
 -2.136283 -0.879646 0.021214 -0.035607 0.009075
 -2.010619 -0.879646 0.017834 -0.021881 0.016504
 -1.884956 -0.879646 0.015001 -0.018547 0.021086
 -1.759292 -0.879646 0.015132 0.026864 0.041528
 -1.633628 -0.879646 0.021245 0.058760 0.058449
 -1.507964 -0.879646 0.026550 0.019016 0.052282
 -1.382301 -0.879646 0.026355 -0.015328 0.043180
 -1.256637 -0.879646 0.024671 -0.005756 0.056435
 -1.130973 -0.879646 0.025222 0.012815 0.056870
 -1.005310 -0.879646 0.027280 0.018792 0.021934
 -0.879646 -0.879646 0.029224 0.006816 -0.011554
 -0.753982 -0.879646 0.028102 -0.023271 -0.038390
 -0.628319 -0.879646 0.024410 -0.030610 -0.042853
 -0.502655 -0.879646 0.021224 -0.017029 -0.046542
 -0.376991 -0.879646 0.020685 0.006532 -0.029863
 -0.251327 -0.879646 0.020922 -0.010436 -0.002864
 -0.125664 -0.879646 0.017653 -0.035320 0.004737
 0.000000 -0.879646 0.014989 0.003242 0.005118
 0.125664 -0.879646 0.017910 0.031285 -0.009465
 0.251327 -0.879646 0.020886 0.019401 -0.022154
 0.376991 -0.879646 0.025658 0.069457 -0.031839
 0.502655 -0.879646 0.039966 0.157550 -0.072610
 0.628319 -0.879646 0.063065 0.194209 -0.116690
 0.753982 -0.879646 0.084828 0.140464 -0.077859
 0.879646 -0.879646 0.095556 0.020107 0.005696
 1.005310 -0.879646 0.089574 -0.100509 0.037151
 1.130973 -0.879646 0.075300 -0.114186 -0.012168
 1.256637 -0.879646 0.061723 -0.100756 -0.041891
 1.382301 -0.879646 0.049850 -0.086316 -0.026339
 1.507964 -0.879646 0.040781 -0.056307 -0.008357
 1.633628 -0.879646 0.034704 -0.040868 -0.018366
 1.759292 -0.879646 0.032087 0.002779 -0.000505
 1.884956 -0.879646 0.032143 -0.021544 0.022348
 2.010619 -0.879646 0.025062 -0.081256 -0.040127
 2.136283 -0.879646 0.015172 -0.065555 -0.090384
 2.261947 -0.879646 0.009892 -0.014437 -0.087698
 2.387610 -0.879646 0.012835 0.064654 -0.088816
 2.513274 -0.879646 0.024277 0.098131 -0.094312
 2.638938 -0.879646 0.031923 0.012018 -0.044237
 2.764602 -0.879646 0.029890 -0.021447 -0.006763
 2.890265 -0.879646 0.029287 0.004816 -0.027862
 3.015929 -0.879646 0.028341 -0.021840 -0.037017

 -3.141593 -0.753982 0.021061 -0.007770 -0.027479
 -3.015929 -0.753982 0.021289 0.010324 -0.029879
 -2.890265 -0.753982 0.022830 0.011158 -0.039384
 -2.764602 -0.753982 0.024685 0.023668 -0.034042
 -2.638938 -0.753982 0.028283 0.024181 -0.027322
 -2.513274 -0.753982 0.028674 -0.018422 -0.022325
 -2.387610 -0.753982 0.025732 -0.017830 -0.020628
 -2.261947 -0.753982 0.024013 -0.017823 -0.023361
 -2.136283 -0.753982 0.021060 -0.021933 -0.013170
 -2.010619 -0.753982 0.019258 -0.009495 -0.001894
 -1.884956 -0.753982 0.018224 -0.003757 0.020320
 -1.759292 -0.753982 0.019739 0.033459 0.021398
 -1.633628 -0.753982 0.026205 0.057759 0.009294
 -1.507964 -0.753982 0.030990 0.015233 0.012627
 -1.382301 -0.753982 0.031668 0.002577 0.042014
 -1.256637 -0.753982 0.032247 0.007046 0.058835
 -1.130973 -0.753982 0.032513 -0.008393 0.045340
 -1.005310 -0.753982 0.030425 -0.017221 0.016169
 -0.879646 -0.753982 0.028473 -0.020109 -0.011040
 -0.753982 -0.753982 0.024468 -0.040255 -0.023238
 -0.628319 -0.753982 0.019597 -0.033731 -0.029638
 -0.502655 -0.753982 0.016592 -0.009492 -0.023828
 -0.376991 -0.753982 0.018006 0.027993 -0.010679
 -0.251327 -0.753982 0.020816 0.006802 0.004532
 -0.125664 -0.753982 0.019569 -0.018540 0.023201
 0.000000 -0.753982 0.018495 0.006192 0.044059
 0.125664 -0.753982 0.020478 0.019383 0.047377
 0.251327 -0.753982 0.022240 0.008773 0.042457
 0.376991 -0.753982 0.024311 0.034240 0.013712
 0.502655 -0.753982 0.032275 0.095706 -0.038460
 0.628319 -0.753982 0.049327 0.173415 -0.083034
 0.753982 -0.753982 0.072431 0.177240 -0.105006
 0.879646 -0.753982 0.089211 0.068183 -0.099180
 1.005310 -0.753982 0.086918 -0.092409 -0.077250
 1.130973 -0.753982 0.071847 -0.126683 -0.039369
 1.256637 -0.753982 0.057837 -0.093687 -0.009065
 1.382301 -0.753982 0.047661 -0.068286 0.002539
 1.507964 -0.753982 0.040726 -0.045313 0.011826
 1.633628 -0.753982 0.035041 -0.039296 0.020292
 1.759292 -0.753982 0.033458 0.011195 0.018809
 1.884956 -0.753982 0.031692 -0.064504 -0.032110
 2.010619 -0.753982 0.017928 -0.126335 -0.071024
 2.136283 -0.753982 0.005941 -0.056989 -0.053427
 2.261947 -0.753982 0.002498 -0.004368 -0.032793
 2.387610 -0.753982 0.004277 0.035637 -0.044972
 2.513274 -0.753982 0.012215 0.089234 -0.082201
 2.638938 -0.753982 0.023723 0.074718 -0.079903
 2.764602 -0.753982 0.028433 0.005093 -0.027043
 2.890265 -0.753982 0.027136 -0.022234 -0.004787
 3.015929 -0.753982 0.023480 -0.029436 -0.025325

 -3.141593 -0.628319 0.020564 -0.015170 0.017234
 -3.015929 -0.628319 0.019445 -0.002870 0.003364
 -2.890265 -0.628319 0.020197 0.015532 -0.001061
 -2.764602 -0.628319 0.023144 0.028673 -0.001015
 -2.638938 -0.628319 0.025775 0.006475 -0.021309
 -2.513274 -0.628319 0.024528 -0.021057 -0.041092
 -2.387610 -0.628319 0.022095 -0.012854 -0.034086
 -2.261947 -0.628319 0.021018 -0.009838 -0.024376
 -2.136283 -0.628319 0.018903 -0.020513 -0.019866
 -2.010619 -0.628319 0.017353 0.000370 -0.023400
 -1.884956 -0.628319 0.018504 0.012087 -0.014459
 -1.759292 -0.628319 0.020154 0.020053 -0.008406
 -1.633628 -0.628319 0.024405 0.044236 -0.025046
 -1.507964 -0.628319 0.029749 0.038997 -0.025634
 -1.382301 -0.628319 0.034576 0.035073 -0.005383
 -1.256637 -0.628319 0.037058 0.002371 0.008907
 -1.130973 -0.628319 0.035175 -0.031377 0.000225
 -1.005310 -0.628319 0.030050 -0.044459 -0.012391
 -0.879646 -0.628319 0.025172 -0.031084 -0.029747
 -0.753982 -0.628319 0.021555 -0.030293 -0.017232
 -0.628319 -0.628319 0.017378 -0.032253 -0.002759
 -0.502655 -0.628319 0.015035 0.000950 -0.000360
 -0.376991 -0.628319 0.017838 0.038656 0.007949
 -0.251327 -0.628319 0.022097 0.018293 0.010539
 -0.125664 -0.628319 0.022153 -0.007136 0.011163
 0.000000 -0.628319 0.022899 0.020522 0.014638
 0.125664 -0.628319 0.026142 0.027536 0.024038
 0.251327 -0.628319 0.028572 0.004497 0.038998
 0.376991 -0.628319 0.027741 -0.005389 0.029689
 0.502655 -0.628319 0.030067 0.050266 -0.003944
 0.628319 -0.628319 0.041367 0.124518 -0.057507
 0.753982 -0.628319 0.058239 0.135094 -0.126510
 0.879646 -0.628319 0.072697 0.074750 -0.152851
 1.005310 -0.628319 0.073798 -0.045789 -0.115516
 1.130973 -0.628319 0.066208 -0.063977 -0.047011
 1.256637 -0.628319 0.057964 -0.068004 0.000687
 1.382301 -0.628319 0.049435 -0.062931 0.012050
 1.507964 -0.628319 0.042700 -0.046617 0.011432
 1.633628 -0.628319 0.037050 -0.037696 0.003435
 1.759292 -0.628319 0.033616 -0.031649 -0.029993
 1.884956 -0.628319 0.024285 -0.118135 -0.084229
 2.010619 -0.628319 0.009001 -0.099478 -0.063051
 2.136283 -0.628319 0.001559 -0.025036 -0.018944
 2.261947 -0.628319 0.000337 -0.000610 -0.006323
 2.387610 -0.628319 0.000934 0.012533 -0.012556
 2.513274 -0.628319 0.004699 0.051979 -0.039899
 2.638938 -0.628319 0.013551 0.080091 -0.073047
 2.764602 -0.628319 0.022847 0.064043 -0.050383
 2.890265 -0.628319 0.027825 0.003892 0.014401
 3.015929 -0.628319 0.024234 -0.042793 0.035573

 -3.141593 -0.502655 0.023804 -0.037977 0.028307
 -3.015929 -0.502655 0.020870 -0.010812 0.011861
 -2.890265 -0.502655 0.020200 0.000701 -0.007710
 -2.764602 -0.502655 0.021305 0.011995 -0.031569
 -2.638938 -0.502655 0.021150 -0.014933 -0.052338
 -2.513274 -0.502655 0.019169 -0.012591 -0.043279
 -2.387610 -0.502655 0.017869 -0.008171 -0.032243
 -2.261947 -0.502655 0.016894 -0.009296 -0.040881
 -2.136283 -0.502655 0.015315 -0.015005 -0.035963
 -2.010619 -0.502655 0.013916 -0.000966 -0.029718
 -1.884956 -0.502655 0.015718 0.025029 -0.026182
 -1.759292 -0.502655 0.018607 0.019193 -0.017599
 -1.633628 -0.502655 0.021442 0.030727 -0.025748
 -1.507964 -0.502655 0.026087 0.038915 -0.032088
 -1.382301 -0.502655 0.031181 0.042308 -0.039631
 -1.256637 -0.502655 0.035010 0.010896 -0.032735
 -1.130973 -0.502655 0.033935 -0.021453 -0.015658
 -1.005310 -0.502655 0.030116 -0.042440 0.013728
 -0.879646 -0.502655 0.024226 -0.038680 0.013424
 -0.753982 -0.502655 0.021776 -0.007292 0.017943
 -0.628319 -0.502655 0.019574 -0.030211 0.034212
 -0.502655 -0.502655 0.016962 0.001881 0.030126
 -0.376991 -0.502655 0.019666 0.029193 0.017220
 -0.251327 -0.502655 0.022031 0.006089 -0.013016
 -0.125664 -0.502655 0.021732 -0.005492 -0.015870
 0.000000 -0.502655 0.021887 0.010648 -0.024587
 0.125664 -0.502655 0.024840 0.036442 -0.036498
 0.251327 -0.502655 0.029234 0.023178 -0.023589
 0.376991 -0.502655 0.030118 -0.002162 0.008211
 0.502655 -0.502655 0.030548 0.013845 0.011290
 0.628319 -0.502655 0.034278 0.046695 -0.046648
 0.753982 -0.502655 0.042361 0.083550 -0.111018
 0.879646 -0.502655 0.053962 0.083447 -0.137360
 1.005310 -0.502655 0.059488 0.008912 -0.115372
 1.130973 -0.502655 0.059598 -0.004099 -0.066776
 1.256637 -0.502655 0.056298 -0.052359 -0.033507
 1.382301 -0.502655 0.048444 -0.059357 -0.025706
 1.507964 -0.502655 0.042412 -0.042847 -0.015098
 1.633628 -0.502655 0.035865 -0.062623 -0.021688
 1.759292 -0.502655 0.026009 -0.097970 -0.079360
 1.884956 -0.502655 0.012477 -0.102794 -0.089260
 2.010619 -0.502655 0.003025 -0.044140 -0.031710
 2.136283 -0.502655 0.000296 -0.006502 -0.004103
 2.261947 -0.502655 0.000022 -0.000084 -0.000504
 2.387610 -0.502655 0.000143 0.002924 -0.002319
 2.513274 -0.502655 0.001382 0.020974 -0.015138
 2.638938 -0.502655 0.006571 0.065094 -0.038418
 2.764602 -0.502655 0.017724 0.106288 -0.032126
 2.890265 -0.502655 0.029227 0.054731 0.000659
 3.015929 -0.502655 0.029418 -0.039337 0.033141

 -3.141593 -0.376991 0.025504 -0.045139 -0.009505
 -3.015929 -0.376991 0.020969 -0.026643 -0.011824
 -2.890265 -0.376991 0.018353 -0.015202 -0.015920
 -2.764602 -0.376991 0.016813 -0.012911 -0.032494
 -2.638938 -0.376991 0.014666 -0.015742 -0.041937
 -2.513274 -0.376991 0.014227 0.005228 -0.031843
 -2.387610 -0.376991 0.013958 -0.011927 -0.028845
 -2.261947 -0.376991 0.012127 -0.011718 -0.028577
 -2.136283 -0.376991 0.011533 -0.001220 -0.018360
 -2.010619 -0.376991 0.011110 -0.000916 -0.009570
 -1.884956 -0.376991 0.012807 0.026478 -0.015804
 -1.759292 -0.376991 0.015638 0.012952 -0.025428
 -1.633628 -0.376991 0.017268 0.022214 -0.037098
 -1.507964 -0.376991 0.021166 0.032271 -0.044732
 -1.382301 -0.376991 0.025203 0.036719 -0.053080
 -1.256637 -0.376991 0.029407 0.021509 -0.055465
 -1.130973 -0.376991 0.030749 0.007188 -0.039731
 -1.005310 -0.376991 0.030608 -0.021264 -0.018094
 -0.879646 -0.376991 0.025399 -0.042922 -0.003059
 -0.753982 -0.376991 0.023372 0.005214 0.003069
 -0.628319 -0.376991 0.022915 -0.018541 0.008984
 -0.502655 -0.376991 0.020784 -0.004072 0.020737
 -0.376991 -0.376991 0.021214 -0.001891 0.005513
 -0.251327 -0.376991 0.019380 -0.018051 -0.026195
 -0.125664 -0.376991 0.018239 -0.002698 -0.039865
 0.000000 -0.376991 0.017878 0.000138 -0.035313
 0.125664 -0.376991 0.020132 0.038901 -0.030299
 0.251327 -0.376991 0.025850 0.042732 -0.022009
 0.376991 -0.376991 0.030006 0.023292 -0.010348
 0.502655 -0.376991 0.031353 -0.003140 -0.007035
 0.628319 -0.376991 0.030043 -0.008981 -0.027485
 0.753982 -0.376991 0.031296 0.034606 -0.070326
 0.879646 -0.376991 0.037943 0.059299 -0.116281
 1.005310 -0.376991 0.043592 0.031754 -0.130527
 1.130973 -0.376991 0.047450 0.028071 -0.117057
 1.256637 -0.376991 0.048360 -0.017046 -0.083133
 1.382301 -0.376991 0.044517 -0.036464 -0.029971
 1.507964 -0.376991 0.039609 -0.047292 -0.024458
 1.633628 -0.376991 0.030570 -0.099650 -0.062505
 1.759292 -0.376991 0.015772 -0.121086 -0.078947
 1.884956 -0.376991 0.004217 -0.055415 -0.041151
 2.010619 -0.376991 0.000609 -0.010684 -0.009124
 2.136283 -0.376991 0.000042 -0.001024 -0.000745
 2.261947 -0.376991 0.000001 -0.000019 -0.000024
 2.387610 -0.376991 0.000015 0.000400 -0.000277
 2.513274 -0.376991 0.000317 0.006811 -0.003697
 2.638938 -0.376991 0.003152 0.047188 -0.018510
 2.764602 -0.376991 0.013626 0.114665 -0.034623
 2.890265 -0.376991 0.027242 0.078010 -0.031153
 3.015929 -0.376991 0.030482 -0.020480 -0.019675

 -3.141593 -0.251327 0.021717 -0.028751 -0.040432
 -3.015929 -0.251327 0.018495 -0.019514 -0.023364
 -2.890265 -0.251327 0.016420 -0.018352 -0.017529
 -2.764602 -0.251327 0.013320 -0.027624 -0.023553
 -2.638938 -0.251327 0.010829 -0.008000 -0.020709
 -2.513274 -0.251327 0.010993 0.005292 -0.022385
 -2.387610 -0.251327 0.010979 -0.006252 -0.018837
 -2.261947 -0.251327 0.010050 -0.004394 -0.008768
 -2.136283 -0.251327 0.010444 0.008601 -0.005274
 -2.010619 -0.251327 0.011077 0.000662 0.000896
 -1.884956 -0.251327 0.011718 0.012355 -0.007346
 -1.759292 -0.251327 0.013060 0.003784 -0.016597
 -1.633628 -0.251327 0.013433 0.010496 -0.020495
 -1.507964 -0.251327 0.016138 0.026949 -0.028900
 -1.382301 -0.251327 0.019445 0.028088 -0.032910
 -1.256637 -0.251327 0.023035 0.023678 -0.036406
 -1.130973 -0.251327 0.024828 0.008791 -0.042523
 -1.005310 -0.251327 0.025644 -0.000785 -0.047900
 -0.879646 -0.251327 0.024322 -0.010985 -0.006813
 -0.753982 -0.251327 0.024057 -0.002070 0.010929
 -0.628319 -0.251327 0.022054 -0.023129 -0.017720
 -0.502655 -0.251327 0.020555 0.001366 -0.024183
 -0.376991 -0.251327 0.020350 -0.017632 -0.021205
 -0.251327 -0.251327 0.015697 -0.041961 -0.030092
 -0.125664 -0.251327 0.013025 0.000665 -0.033059
 0.000000 -0.251327 0.014270 0.013730 -0.017418
 0.125664 -0.251327 0.016998 0.035597 -0.022882
 0.251327 -0.251327 0.022714 0.046663 -0.034915
 0.376991 -0.251327 0.027132 0.021999 -0.034800
 0.502655 -0.251327 0.028307 -0.003522 -0.034125
 0.628319 -0.251327 0.026173 -0.026710 -0.030214
 0.753982 -0.251327 0.023800 -0.001343 -0.045127
 0.879646 -0.251327 0.026040 0.030258 -0.067920
 1.005310 -0.251327 0.030332 0.039844 -0.070760
 1.130973 -0.251327 0.036115 0.047623 -0.048165
 1.256637 -0.251327 0.040859 0.025657 -0.024459
 1.382301 -0.251327 0.042280 -0.006505 -0.006633
 1.507964 -0.251327 0.037337 -0.080931 -0.013730
 1.633628 -0.251327 0.022262 -0.140656 -0.060276
 1.759292 -0.251327 0.007311 -0.084741 -0.051168
 1.884956 -0.251327 0.001119 -0.020541 -0.012629
 2.010619 -0.251327 0.000074 -0.001727 -0.001296
 2.136283 -0.251327 0.000003 -0.000066 -0.000069
 2.261947 -0.251327 0.000000 -0.000002 -0.000002
 2.387610 -0.251327 0.000001 0.000052 -0.000023
 2.513274 -0.251327 0.000079 0.002182 -0.000829
 2.638938 -0.251327 0.001467 0.027723 -0.009443
 2.764602 -0.251327 0.009233 0.096643 -0.035564
 2.890265 -0.251327 0.021484 0.072049 -0.060786
 3.015929 -0.251327 0.024690 -0.011594 -0.064436

 -3.141593 -0.125664 0.017649 -0.005939 -0.019510
 -3.015929 -0.125664 0.016211 -0.013097 -0.008695
 -2.890265 -0.125664 0.014467 -0.017879 -0.007386
 -2.764602 -0.125664 0.011840 -0.019139 0.003345
 -2.638938 -0.125664 0.009945 -0.013248 0.007758
 -2.513274 -0.125664 0.008577 -0.005164 -0.013443
 -2.387610 -0.125664 0.008672 0.002928 -0.017999
 -2.261947 -0.125664 0.008714 -0.000503 -0.012244
 -2.136283 -0.125664 0.009178 0.008252 -0.011168
 -2.010619 -0.125664 0.009992 0.001190 -0.013254
 -1.884956 -0.125664 0.010003 0.004329 -0.015357
 -1.759292 -0.125664 0.011125 0.009436 -0.011093
 -1.633628 -0.125664 0.012167 0.011608 0.000632
 -1.507964 -0.125664 0.014648 0.024260 0.005141
 -1.382301 -0.125664 0.017394 0.021797 0.000713
 -1.256637 -0.125664 0.020613 0.024159 -0.007005
 -1.130973 -0.125664 0.021638 -0.006094 -0.011676
 -1.005310 -0.125664 0.021565 0.011120 -0.013034
 -0.879646 -0.125664 0.023785 0.019024 -0.004036
 -0.753982 -0.125664 0.024179 -0.022625 -0.014069
 -0.628319 -0.125664 0.018982 -0.042636 -0.027870
 -0.502655 -0.125664 0.016395 0.000408 -0.032959
 -0.376991 -0.125664 0.016509 -0.011443 -0.035050
 -0.251327 -0.125664 0.012832 -0.034414 -0.014792
 -0.125664 -0.125664 0.011292 0.012525 0.002728
 0.000000 -0.125664 0.013770 0.016032 0.007270
 0.125664 -0.125664 0.014866 0.009084 -0.005991
 0.251327 -0.125664 0.017713 0.036040 -0.034150
 0.376991 -0.125664 0.022418 0.032047 -0.033434
 0.502655 -0.125664 0.024829 0.005218 -0.017310
 0.628319 -0.125664 0.023630 -0.022584 -0.009800
 0.753982 -0.125664 0.020709 -0.014826 -0.005268
 0.879646 -0.125664 0.020834 0.015925 -0.016568
 1.005310 -0.125664 0.024926 0.050896 -0.024181
 1.130973 -0.125664 0.032606 0.063323 -0.027406
 1.256637 -0.125664 0.038977 0.033775 -0.021846
 1.382301 -0.125664 0.040798 -0.006875 -0.018173
 1.507964 -0.125664 0.034438 -0.107542 -0.031185
 1.633628 -0.125664 0.016084 -0.150542 -0.037215
 1.759292 -0.125664 0.003175 -0.051909 -0.016173
 1.884956 -0.125664 0.000264 -0.006038 -0.002489
 2.010619 -0.125664 0.000008 -0.000240 -0.000115
 2.136283 -0.125664 0.000000 -0.000001 -0.000001
 2.261947 -0.125664 0.000000 -0.000000 -0.000000
 2.387610 -0.125664 0.000000 0.000008 -0.000003
 2.513274 -0.125664 0.000020 0.000635 -0.000218
 2.638938 -0.125664 0.000572 0.012435 -0.004695
 2.764602 -0.125664 0.004796 0.058697 -0.029576
 2.890265 -0.125664 0.013292 0.059168 -0.055739
 3.015929 -0.125664 0.017413 0.011001 -0.039554

 -3.141593 0.000000 0.017034 0.000178 0.007205
 -3.015929 0.000000 0.016330 -0.011027 0.006845
 -2.890265 0.000000 0.014477 -0.016770 0.001719
 -2.764602 0.000000 0.012832 -0.008324 0.003817
 -2.638938 0.000000 0.011021 -0.025722 0.000334
 -2.513274 0.000000 0.007570 -0.018212 -0.004517
 -2.387610 0.000000 0.007255 0.007306 -0.000195
 -2.261947 0.000000 0.008090 0.006442 0.006761
 -2.136283 0.000000 0.009267 0.011430 0.014821
 -2.010619 0.000000 0.010128 -0.000670 0.018788
 -1.884956 0.000000 0.009756 0.001654 0.014737
 -1.759292 0.000000 0.011202 0.018398 0.012782
 -1.633628 0.000000 0.013700 0.022326 0.020821
 -1.507964 0.000000 0.016934 0.025329 0.026796
 -1.382301 0.000000 0.019039 0.009073 0.021363
 -1.256637 0.000000 0.020121 0.009361 0.000728
 -1.130973 0.000000 0.020925 0.003637 0.004496
 -1.005310 0.000000 0.021850 0.013337 0.015445
 -0.879646 0.000000 0.023837 0.012993 0.008766
 -0.753982 0.000000 0.022700 -0.037469 0.002817
 -0.628319 0.000000 0.016561 -0.043386 -0.005491
 -0.502655 0.000000 0.013341 -0.011734 -0.015176
 -0.376991 0.000000 0.012448 -0.006328 -0.024934
 -0.251327 0.000000 0.011151 -0.009501 -0.011232
 -0.125664 0.000000 0.011938 0.022661 0.002958
 0.000000 0.000000 0.014877 0.015489 0.004708
 0.125664 0.000000 0.015312 -0.003550 0.007731
 0.251327 0.000000 0.015873 0.018885 0.007179
 0.376991 0.000000 0.020251 0.044253 0.005955
 0.502655 0.000000 0.024165 0.010351 0.009553
 0.628319 0.000000 0.023454 -0.014454 0.010182
 0.753982 0.000000 0.021601 -0.012303 0.018393
 0.879646 0.000000 0.020778 0.000430 0.008245
 1.005310 0.000000 0.022428 0.029230 -0.017882
 1.130973 0.000000 0.028012 0.056617 -0.034830
 1.256637 0.000000 0.035511 0.057075 -0.021038
 1.382301 0.000000 0.040349 0.006329 0.022139
 1.507964 0.000000 0.032949 -0.127734 0.022332
 1.633628 0.000000 0.013908 -0.139481 0.008255
 1.759292 0.000000 0.002628 -0.042856 0.005781
 1.884956 0.000000 0.000241 -0.005037 0.001679
 2.010619 0.000000 0.000013 -0.000304 0.000189
 2.136283 0.000000 0.000000 -0.000009 0.000006
 2.261947 0.000000 0.000000 0.000000 -0.000000
 2.387610 0.000000 0.000000 0.000003 0.000000
 2.513274 0.000000 0.000010 0.000340 0.000027
 2.638938 0.000000 0.000332 0.007475 0.000540
 2.764602 0.000000 0.003100 0.041119 0.002269
 2.890265 0.000000 0.010110 0.060493 0.003918
 3.015929 0.000000 0.015766 0.025082 0.008392

 -3.141593 0.125664 0.017898 -0.001898 0.001663
 -3.015929 0.125664 0.016784 -0.017189 -0.000868
 -2.890265 0.125664 0.014277 -0.017514 -0.001663
 -2.764602 0.125664 0.012574 -0.013051 -0.001457
 -2.638938 0.125664 0.010070 -0.026196 -0.007121
 -2.513274 0.125664 0.007634 -0.004440 0.008564
 -2.387610 0.125664 0.008750 0.013500 0.019463
 -2.261947 0.125664 0.009988 0.009833 0.015534
 -2.136283 0.125664 0.011788 0.016695 0.017516
 -2.010619 0.125664 0.013308 0.004398 0.024270
 -1.884956 0.125664 0.013083 -0.002394 0.032434
 -1.759292 0.125664 0.013597 0.009910 0.020244
 -1.633628 0.125664 0.015566 0.023700 0.003582
 -1.507964 0.125664 0.019258 0.028731 0.002959
 -1.382301 0.125664 0.021291 0.002816 0.007557
 -1.256637 0.125664 0.021389 0.007608 0.015901
 -1.130973 0.125664 0.023761 0.023018 0.035697
 -1.005310 0.125664 0.025150 0.000535 0.035387
 -0.879646 0.125664 0.025835 0.010722 0.020865
 -0.753982 0.125664 0.024620 -0.041048 0.017495
 -0.628319 0.125664 0.017357 -0.056622 0.012650
 -0.502655 0.125664 0.012412 -0.023331 -0.000551
 -0.376991 0.125664 0.011142 0.001120 0.002926
 -0.251327 0.125664 0.011319 0.000261 0.015531
 -0.125664 0.125664 0.012200 0.015516 0.004424
 0.000000 0.125664 0.014336 0.014956 -0.010091
 0.125664 0.125664 0.016112 0.016814 0.006024
 0.251327 0.125664 0.019129 0.033024 0.037608
 0.376991 0.125664 0.024499 0.046294 0.053182
 0.502655 0.125664 0.027976 0.004905 0.049473
 0.628319 0.125664 0.027589 -0.004568 0.057394
 0.753982 0.125664 0.025763 -0.028941 0.048735
 0.879646 0.125664 0.021502 -0.028986 0.004210
 1.005310 0.125664 0.020629 0.020376 -0.009030
 1.130973 0.125664 0.025933 0.057896 -0.000602
 1.256637 0.125664 0.035000 0.087927 0.005176
 1.382301 0.125664 0.045024 0.042492 0.032253
 1.507964 0.125664 0.039045 -0.137600 0.055499
 1.633628 0.125664 0.018001 -0.158219 0.051211
 1.759292 0.125664 0.004375 -0.059012 0.022606
 1.884956 0.125664 0.000644 -0.010660 0.004816
 2.010619 0.125664 0.000060 -0.001278 0.000527
 2.136283 0.125664 0.000002 -0.000063 0.000019
 2.261947 0.125664 0.000000 0.000000 0.000001
 2.387610 0.125664 0.000000 0.000010 0.000004
 2.513274 0.125664 0.000022 0.000679 0.000191
 2.638938 0.125664 0.000556 0.011522 0.002970
 2.764602 0.125664 0.004213 0.049532 0.012368
 2.890265 0.125664 0.011740 0.059283 0.013664
 3.015929 0.125664 0.016994 0.021599 0.003820

 -3.141593 0.251327 0.017566 0.004894 -0.005012
 -3.015929 0.251327 0.016939 -0.016307 0.005940
 -2.890265 0.251327 0.014816 -0.012000 0.009252
 -2.764602 0.251327 0.013258 -0.017783 0.010244
 -2.638938 0.251327 0.010582 -0.018856 0.015268
 -2.513274 0.251327 0.009770 0.006717 0.022853
 -2.387610 0.251327 0.010657 -0.000088 0.009277
 -2.261947 0.251327 0.010308 0.003289 -0.008748
 -2.136283 0.251327 0.012156 0.022556 -0.011436
 -2.010619 0.251327 0.014945 0.017949 -0.000550
 -1.884956 0.251327 0.015927 -0.002016 0.006228
 -1.759292 0.251327 0.015136 -0.006207 0.003101
 -1.633628 0.251327 0.015514 0.014751 0.004127
 -1.507964 0.251327 0.018284 0.024098 -0.008786
 -1.382301 0.251327 0.020651 0.014392 -0.009835
 -1.256637 0.251327 0.023029 0.027952 0.012710
 -1.130973 0.251327 0.027276 0.031755 0.015401
 -1.005310 0.251327 0.029007 -0.004083 0.016357
 -0.879646 0.251327 0.028024 -0.008339 0.005710
 -0.753982 0.251327 0.025283 -0.041978 -0.009236
 -0.628319 0.251327 0.018281 -0.058643 -0.001828
 -0.502655 0.251327 0.012586 -0.027506 0.000267
 -0.376991 0.251327 0.011886 0.013616 0.005875
 -0.251327 0.251327 0.013566 0.004927 0.013939
 -0.125664 0.251327 0.013314 -0.003252 0.011490
 0.000000 0.251327 0.013733 0.012472 0.004213
 0.125664 0.251327 0.016934 0.038624 0.006600
 0.251327 0.251327 0.022647 0.049888 0.010301
 0.376991 0.251327 0.029478 0.054915 0.013085
 0.502655 0.251327 0.034050 0.014270 0.033060
 0.628319 0.251327 0.034857 0.001449 0.036225
 0.753982 0.251327 0.031447 -0.062994 0.024179
 0.879646 0.251327 0.022498 -0.056622 0.012188
 1.005310 0.251327 0.020356 0.023174 0.006696
 1.130973 0.251327 0.025833 0.052824 -0.004859
 1.256637 0.251327 0.033855 0.082516 -0.025367
 1.382301 0.251327 0.044623 0.062714 -0.034633
 1.507964 0.251327 0.043167 -0.092634 0.010823
 1.633628 0.251327 0.025699 -0.156811 0.073071
 1.759292 0.251327 0.009062 -0.096686 0.058067
 1.884956 0.251327 0.001679 -0.027061 0.014568
 2.010619 0.251327 0.000149 -0.003312 0.001309
 2.136283 0.251327 0.000005 -0.000142 0.000067
 2.261947 0.251327 0.000002 0.000007 0.000051
 2.387610 0.251327 0.000004 0.000071 0.000087
 2.513274 0.251327 0.000099 0.002521 0.001416
 2.638938 0.251327 0.001417 0.023865 0.013308
 2.764602 0.251327 0.006938 0.059931 0.037256
 2.890265 0.251327 0.013745 0.039043 0.024401
 3.015929 0.251327 0.016592 0.011089 -0.007085

 -3.141593 0.376991 0.016685 0.019810 -0.006602
 -3.015929 0.376991 0.017886 -0.006770 0.008762
 -2.890265 0.376991 0.016066 -0.013539 0.012089
 -2.764602 0.376991 0.014855 -0.009360 0.017626
 -2.638938 0.376991 0.013533 -0.008746 0.031405
 -2.513274 0.376991 0.013143 0.001300 0.034052
 -2.387610 0.376991 0.012536 -0.015000 0.030311
 -2.261947 0.376991 0.010331 -0.010913 0.020862
 -2.136283 0.376991 0.011087 0.021301 0.006914
 -2.010619 0.376991 0.014076 0.018968 -0.003690
 -1.884956 0.376991 0.014826 -0.005357 -0.014841
 -1.759292 0.376991 0.014598 0.010248 -0.009162
 -1.633628 0.376991 0.017092 0.019487 0.015642
 -1.507964 0.376991 0.018378 0.006178 0.009200
 -1.382301 0.376991 0.020267 0.027638 0.001755
 -1.256637 0.376991 0.024817 0.037413 0.009144
 -1.130973 0.376991 0.028202 0.015303 0.000721
 -1.005310 0.376991 0.028448 -0.011943 -0.020745
 -0.879646 0.376991 0.026047 -0.021437 -0.031023
 -0.753982 0.376991 0.022746 -0.035380 -0.024481
 -0.628319 0.376991 0.017207 -0.047073 -0.009438
 -0.502655 0.376991 0.012621 -0.019415 0.004838
 -0.376991 0.376991 0.012801 0.016940 0.010508
 -0.251327 0.376991 0.014402 0.002515 0.001581
 -0.125664 0.376991 0.014031 -0.001816 -0.001265
 0.000000 0.376991 0.014954 0.016956 0.012017
 0.125664 0.376991 0.017850 0.027502 0.010944
 0.251327 0.376991 0.021688 0.035435 -0.015199
 0.376991 0.376991 0.027912 0.063512 -0.024696
 0.502655 0.376991 0.034226 0.021671 -0.025481
 0.628319 0.376991 0.033901 -0.015860 -0.038900
 0.753982 0.376991 0.030089 -0.048088 -0.032297
 0.879646 0.376991 0.024010 -0.034982 0.009369
 1.005310 0.376991 0.022739 0.013016 0.029878
 1.130973 0.376991 0.025568 0.027106 0.008166
 1.256637 0.376991 0.030692 0.062441 -0.014340
 1.382301 0.376991 0.040015 0.068943 -0.028880
 1.507964 0.376991 0.044183 -0.009360 0.007815
 1.633628 0.376991 0.037310 -0.099885 0.105435
 1.759292 0.376991 0.020599 -0.147323 0.126663
 1.884956 0.376991 0.005798 -0.075768 0.058721
 2.010619 0.376991 0.000773 -0.014464 0.011556
 2.136283 0.376991 0.000061 -0.001011 0.001218
 2.261947 0.376991 0.000043 0.000165 0.000868
 2.387610 0.376991 0.000057 0.000405 0.001063
 2.513274 0.376991 0.000534 0.010879 0.006199
 2.638938 0.376991 0.004356 0.055830 0.032870
 2.764602 0.376991 0.013485 0.071283 0.057333
 2.890265 0.376991 0.017739 -0.005873 0.030079
 3.015929 0.376991 0.015646 -0.009922 -0.007408

 -3.141593 0.502655 0.016622 0.028889 0.005503
 -3.015929 0.502655 0.019060 0.003334 0.006457
 -2.890265 0.502655 0.018233 -0.007222 0.020395
 -2.764602 0.502655 0.018269 0.005304 0.036252
 -2.638938 0.502655 0.018846 0.003363 0.053678
 -2.513274 0.502655 0.019337 0.005743 0.064027
 -2.387610 0.502655 0.019474 -0.010602 0.076309
 -2.261947 0.502655 0.016589 -0.025477 0.072950
 -2.136283 0.502655 0.015013 -0.000205 0.048588
 -2.010619 0.502655 0.015384 0.001756 0.020878
 -1.884956 0.502655 0.014628 -0.012660 0.014272
 -1.759292 0.502655 0.014342 0.018264 0.011732
 -1.633628 0.502655 0.018361 0.029860 0.006969
 -1.507964 0.502655 0.019622 -0.004307 0.006746
 -1.382301 0.502655 0.019783 0.014670 -0.013982
 -1.256637 0.502655 0.023465 0.036121 -0.032420
 -1.130973 0.502655 0.026315 0.004727 -0.034595
 -1.005310 0.502655 0.025239 -0.016547 -0.025553
 -0.879646 0.502655 0.023172 -0.015458 -0.007344
 -0.753982 0.502655 0.020422 -0.030610 -0.011017
 -0.628319 0.502655 0.016460 -0.026593 -0.002883
 -0.502655 0.502655 0.014340 -0.005563 0.020737
 -0.376991 0.502655 0.015019 0.011711 0.025903
 -0.251327 0.502655 0.015680 -0.003043 0.026962
 -0.125664 0.502655 0.015301 0.004082 0.036216
 0.000000 0.502655 0.017597 0.028742 0.039713
 0.125664 0.502655 0.020477 0.013298 0.030889
 0.251327 0.502655 0.021969 0.018931 0.022342
 0.376991 0.502655 0.026698 0.052383 0.008474
 0.502655 0.502655 0.031482 0.013835 -0.005550
 0.628319 0.502655 0.031456 -0.006967 0.016856
 0.753982 0.502655 0.028956 -0.034805 0.027933
 0.879646 0.502655 0.025328 -0.008819 0.018375
 1.005310 0.502655 0.026962 0.023349 0.035239
 1.130973 0.502655 0.028806 0.007721 0.039837
 1.256637 0.502655 0.031175 0.036191 0.017020
 1.382301 0.502655 0.036605 0.042092 -0.032178
 1.507964 0.502655 0.042004 0.047866 -0.052355
 1.633628 0.502655 0.046288 -0.000971 0.012040
 1.759292 0.502655 0.037456 -0.138875 0.111810
 1.884956 0.502655 0.017092 -0.152448 0.110908
 2.010619 0.502655 0.003875 -0.056884 0.039150
 2.136283 0.502655 0.000496 -0.007307 0.006751
 2.261947 0.502655 0.000284 0.000740 0.003047
 2.387610 0.502655 0.000365 0.001666 0.004187
 2.513274 0.502655 0.001724 0.027075 0.012472
 2.638938 0.502655 0.008626 0.080794 0.028311
 2.764602 0.502655 0.018429 0.054204 0.014180
 2.890265 0.502655 0.019346 -0.033454 -0.004633
 3.015929 0.502655 0.015034 -0.014796 0.000231

 -3.141593 0.628319 0.017743 0.017048 0.012026
 -3.015929 0.628319 0.019315 0.009731 0.003037
 -2.890265 0.628319 0.020627 0.013505 0.018211
 -2.764602 0.628319 0.022967 0.022766 0.032325
 -2.638938 0.628319 0.025774 0.019465 0.047933
 -2.513274 0.628319 0.027817 0.016251 0.064571
 -2.387610 0.628319 0.029205 -0.005377 0.068166
 -2.261947 0.628319 0.025470 -0.043518 0.056728
 -2.136283 0.628319 0.020695 -0.030424 0.036598
 -2.010619 0.628319 0.017955 -0.012156 0.018954
 -1.884956 0.628319 0.017105 -0.003034 0.020439
 -1.759292 0.628319 0.017704 0.015267 0.037659
 -1.633628 0.628319 0.020173 0.015253 0.022909
 -1.507964 0.628319 0.019555 -0.024229 -0.007145
 -1.382301 0.628319 0.016668 -0.009628 -0.028753
 -1.256637 0.628319 0.017903 0.022678 -0.045862
 -1.130973 0.628319 0.020192 0.011612 -0.055823
 -1.005310 0.628319 0.021770 0.015235 -0.034762
 -0.879646 0.628319 0.022823 -0.005314 -0.009611
 -0.753982 0.628319 0.019924 -0.033849 0.002089
 -0.628319 0.628319 0.016878 -0.009945 0.011002
 -0.502655 0.628319 0.016893 0.007600 0.018685
 -0.376991 0.628319 0.018429 0.015958 0.025899
 -0.251327 0.628319 0.020875 0.023070 0.047745
 -0.125664 0.628319 0.023972 0.025395 0.091853
 0.000000 0.628319 0.026519 0.008713 0.100921
 0.125664 0.628319 0.025689 -0.012827 0.056950
 0.251327 0.628319 0.025607 0.012586 0.032290
 0.376991 0.628319 0.028297 0.028758 0.013263
 0.502655 0.628319 0.032163 0.032065 0.007446
 0.628319 0.628319 0.036106 0.022549 0.034340
 0.753982 0.628319 0.034838 -0.044784 0.043184
 0.879646 0.628319 0.028996 -0.022759 0.033080
 1.005310 0.628319 0.030691 0.031595 0.017111
 1.130973 0.628319 0.032589 -0.001542 0.006912
 1.256637 0.628319 0.032164 -0.000910 -0.008423
 1.382301 0.628319 0.032060 -0.000832 -0.031505
 1.507964 0.628319 0.033608 0.033776 -0.061404
 1.633628 0.628319 0.039916 0.052324 -0.091421
 1.759292 0.628319 0.041625 -0.043767 -0.049445
 1.884956 0.628319 0.028002 -0.155558 0.042244
 2.010619 0.628319 0.009847 -0.108108 0.049583
 2.136283 0.628319 0.002131 -0.024355 0.021229
 2.261947 0.628319 0.001015 0.000070 0.011514
 2.387610 0.628319 0.001412 0.007330 0.015848
 2.513274 0.628319 0.003832 0.035994 0.024234
 2.638938 0.628319 0.010552 0.064236 0.005757
 2.764602 0.628319 0.017293 0.032997 -0.024438
 2.890265 0.628319 0.017758 -0.019976 -0.015758
 3.015929 0.628319 0.015911 0.002480 0.011883

 -3.141593 0.753982 0.019265 0.009598 0.010708
 -3.015929 0.753982 0.020621 0.016140 0.015388
 -2.890265 0.753982 0.022801 0.016599 0.015990
 -2.764602 0.753982 0.025316 0.027608 0.008432
 -2.638938 0.753982 0.030056 0.044462 0.027595
 -2.513274 0.753982 0.034853 0.026094 0.049808
 -2.387610 0.753982 0.035395 -0.020904 0.031799
 -2.261947 0.753982 0.030372 -0.050156 0.025352
 -2.136283 0.753982 0.024283 -0.043893 0.020801
 -2.010619 0.753982 0.019991 -0.021040 0.011453
 -1.884956 0.753982 0.019517 0.013943 0.017873
 -1.759292 0.753982 0.022251 0.020457 0.028525
 -1.633628 0.753982 0.022869 -0.014034 0.015397
 -1.507964 0.753982 0.018688 -0.044623 -0.002023
 -1.382301 0.753982 0.014754 -0.012538 0.001073
 -1.256637 0.753982 0.014126 -0.003705 -0.012608
 -1.130973 0.753982 0.014057 0.008188 -0.034410
 -1.005310 0.753982 0.016822 0.032251 -0.033874
 -0.879646 0.753982 0.020215 0.015270 -0.022933
 -0.753982 0.753982 0.020242 -0.012096 0.000940
 -0.628319 0.753982 0.018625 -0.005078 0.013443
 -0.502655 0.753982 0.020258 0.026219 0.039975
 -0.376991 0.753982 0.022844 0.015919 0.050243
 -0.251327 0.753982 0.027113 0.058811 0.056667
 -0.125664 0.753982 0.036157 0.072356 0.101060
 0.000000 0.753982 0.041032 -0.009816 0.119188
 0.125664 0.753982 0.034796 -0.064103 0.076814
 0.251327 0.753982 0.030139 -0.007350 0.034301
 0.376991 0.753982 0.030748 0.009634 0.023538
 0.502655 0.753982 0.032635 0.025061 0.000372
 0.628319 0.753982 0.036545 0.027494 -0.024395
 0.753982 0.753982 0.036951 -0.025133 -0.003605
 0.879646 0.753982 0.032141 -0.034217 0.017873
 1.005310 0.753982 0.030493 0.001302 -0.013612
 1.130973 0.753982 0.030306 -0.003753 -0.029824
 1.256637 0.753982 0.030476 0.005793 -0.006224
 1.382301 0.753982 0.030225 -0.013842 0.001506
 1.507964 0.753982 0.028251 -0.006842 -0.026194
 1.633628 0.753982 0.029424 0.020716 -0.058856
 1.759292 0.753982 0.031661 0.006317 -0.074493
 1.884956 0.753982 0.027717 -0.077226 -0.029358
 2.010619 0.753982 0.015141 -0.098835 0.035214
 2.136283 0.753982 0.006379 -0.039249 0.048738
 2.261947 0.753982 0.004277 0.000397 0.042806
 2.387610 0.753982 0.005496 0.018980 0.050599
 2.513274 0.753982 0.008926 0.031179 0.057773
 2.638938 0.753982 0.011967 0.016865 0.021696
 2.764602 0.753982 0.014095 0.017345 -0.023367
 2.890265 0.753982 0.015401 0.004764 -0.024381
 3.015929 0.753982 0.017026 0.022397 0.002809

 -3.141593 0.879646 0.020454 0.015233 0.006431
 -3.015929 0.879646 0.022447 0.021518 0.010449
 -2.890265 0.879646 0.024950 0.013569 0.016556
 -2.764602 0.879646 0.027056 0.032952 0.019546
 -2.638938 0.879646 0.034352 0.071778 0.032872
 -2.513274 0.879646 0.040416 0.011157 0.029087
 -2.387610 0.879646 0.037281 -0.047762 -0.006727
 -2.261947 0.879646 0.031289 -0.045892 -0.017692
 -2.136283 0.879646 0.025241 -0.047047 -0.007521
 -2.010619 0.879646 0.020949 -0.016425 0.006291
 -1.884956 0.879646 0.021351 0.019586 0.009536
 -1.759292 0.879646 0.024033 0.015758 0.000265
 -1.633628 0.879646 0.023982 -0.020256 0.004915
 -1.507964 0.879646 0.019333 -0.043017 0.011221
 -1.382301 0.879646 0.015556 -0.017941 0.006321
 -1.256637 0.879646 0.013384 -0.016937 -0.002713
 -1.130973 0.879646 0.012548 0.007951 0.010064
 -1.005310 0.879646 0.015116 0.028901 0.006675
 -0.879646 0.879646 0.018809 0.025558 -0.000179
 -0.753982 0.879646 0.020200 -0.004479 -0.000098
 -0.628319 0.879646 0.020178 0.020206 0.014307
 -0.502655 0.879646 0.025971 0.054931 0.042314
 -0.376991 0.879646 0.029990 0.016086 0.052892
 -0.251327 0.879646 0.035505 0.084600 0.068453
 -0.125664 0.879646 0.048735 0.099287 0.087128
 0.000000 0.879646 0.053049 -0.045587 0.056256
 0.125664 0.879646 0.041020 -0.111284 0.010418
 0.251327 0.879646 0.031543 -0.031457 -0.017428
 0.376991 0.879646 0.030900 0.005035 -0.030991
 0.502655 0.879646 0.030687 -0.004043 -0.038487
 0.628319 0.879646 0.031911 0.027264 -0.045895
 0.753982 0.879646 0.035526 0.015552 -0.019640
 0.879646 0.879646 0.034105 -0.032285 0.014519
 1.005310 0.879646 0.029695 -0.030345 0.006737
 1.130973 0.879646 0.028115 0.009721 -0.001012
 1.256637 0.879646 0.031104 0.024392 0.008626
 1.382301 0.879646 0.030700 -0.031971 -0.000313
 1.507964 0.879646 0.026605 -0.018318 -0.001610
 1.633628 0.879646 0.026131 0.003366 -0.001496
 1.759292 0.879646 0.026609 0.002703 -0.010486
 1.884956 0.879646 0.025206 -0.029717 0.000130
 2.010619 0.879646 0.020236 -0.042981 0.051987
 2.136283 0.879646 0.014520 -0.045469 0.076127
 2.261947 0.879646 0.010871 -0.006293 0.054264
 2.387610 0.879646 0.012709 0.031714 0.055934
 2.513274 0.879646 0.016775 0.019177 0.059526
 2.638938 0.879646 0.015464 -0.033531 0.029271
 2.764602 0.879646 0.011850 -0.014286 -0.009230
 2.890265 0.879646 0.012262 0.020678 -0.017525
 3.015929 0.879646 0.016733 0.042737 -0.005239

 -3.141593 1.005310 0.019006 0.018016 -0.035584
 -3.015929 1.005310 0.021057 0.022157 -0.038722
 -2.890265 1.005310 0.024715 0.029030 -0.026006
 -2.764602 1.005310 0.028025 0.034551 -0.007515
 -2.638938 1.005310 0.035178 0.069141 -0.017550
 -2.513274 1.005310 0.039900 -0.009847 -0.030064
 -2.387610 1.005310 0.033943 -0.065402 -0.031147
 -2.261947 1.005310 0.027038 -0.040984 -0.032020
 -2.136283 1.005310 0.023128 -0.022283 -0.020523
 -2.010619 1.005310 0.021359 -0.005824 -0.003736
 -1.884956 1.005310 0.021677 0.010431 -0.002922
 -1.759292 1.005310 0.023547 0.017063 -0.001427
 -1.633628 1.005310 0.024475 -0.009833 0.000274
 -1.507964 1.005310 0.020998 -0.037116 0.009718
 -1.382301 1.005310 0.016739 -0.029146 0.017160
 -1.256637 1.005310 0.014438 -0.002362 0.025681
 -1.130973 1.005310 0.015873 0.018262 0.038751
 -1.005310 1.005310 0.017707 0.011724 0.033229
 -0.879646 1.005310 0.019535 0.016175 0.015385
 -0.753982 1.005310 0.020509 0.000611 0.008510
 -0.628319 1.005310 0.022507 0.041132 0.021558
 -0.502655 1.005310 0.029770 0.059284 0.019338
 -0.376991 1.005310 0.034783 0.027117 0.026884
 -0.251327 1.005310 0.041400 0.090952 0.023892
 -0.125664 1.005310 0.053935 0.072293 -0.009703
 0.000000 1.005310 0.052610 -0.092013 -0.056535
 0.125664 1.005310 0.037478 -0.116542 -0.051773
 0.251327 1.005310 0.027450 -0.042356 -0.034617
 0.376991 1.005310 0.025034 -0.005017 -0.044253
 0.502655 1.005310 0.024531 -0.002589 -0.043267
 0.628319 1.005310 0.025845 0.029873 -0.042845
 0.753982 1.005310 0.031676 0.052585 -0.038848
 0.879646 1.005310 0.035443 -0.002238 0.001526
 1.005310 1.005310 0.032120 -0.034915 0.027487
 1.130973 1.005310 0.030093 0.005081 0.031964
 1.256637 1.005310 0.031302 0.004282 -0.003371
 1.382301 1.005310 0.029812 -0.025730 -0.011762
 1.507964 1.005310 0.027006 -0.012027 0.005030
 1.633628 1.005310 0.026261 -0.003350 -0.001011
 1.759292 1.005310 0.026494 0.009006 0.002994
 1.884956 1.005310 0.027676 0.005834 0.031278
 2.010619 1.005310 0.027562 -0.012633 0.054571
 2.136283 1.005310 0.022531 -0.064399 0.037696
 2.261947 1.005310 0.015953 -0.020231 0.019222
 2.387610 1.005310 0.018511 0.050402 0.032196
 2.513274 1.005310 0.023626 0.009761 0.049375
 2.638938 1.005310 0.019497 -0.062363 0.038916
 2.764602 1.005310 0.012615 -0.032900 0.023438
 2.890265 1.005310 0.011959 0.017324 0.010729
 3.015929 1.005310 0.015526 0.034205 -0.016417

 -3.141593 1.130973 0.013156 0.006406 -0.040231
 -3.015929 1.130973 0.015037 0.026831 -0.039838
 -2.890265 1.130973 0.020037 0.049365 -0.037667
 -2.764602 1.130973 0.026192 0.047579 -0.018475
 -2.638938 1.130973 0.032729 0.054201 -0.016689
 -2.513274 1.130973 0.036702 -0.001932 -0.015049
 -2.387610 1.130973 0.032897 -0.049047 0.011541
 -2.261947 1.130973 0.025889 -0.056044 0.008046
 -2.136283 1.130973 0.020614 -0.024087 -0.017576
 -2.010619 1.130973 0.019471 0.003138 -0.021586
 -1.884956 1.130973 0.021000 0.021016 -0.006116
 -1.759292 1.130973 0.023880 0.016241 0.003919
 -1.633628 1.130973 0.023375 -0.021438 -0.013048
 -1.507964 1.130973 0.020680 -0.014778 -0.009914
 -1.382301 1.130973 0.019640 -0.004650 0.023723
 -1.256637 1.130973 0.019560 0.005927 0.048382
 -1.130973 1.130973 0.021143 0.017976 0.043893
 -1.005310 1.130973 0.023430 0.014886 0.056734
 -0.879646 1.130973 0.024329 -0.001043 0.060313
 -0.753982 1.130973 0.023576 -0.003072 0.040805
 -0.628319 1.130973 0.025778 0.039106 0.033606
 -0.502655 1.130973 0.031947 0.053578 0.021916
 -0.376991 1.130973 0.038001 0.040672 0.025708
 -0.251327 1.130973 0.043558 0.054093 0.014015
 -0.125664 1.130973 0.049205 0.014197 -0.051717
 0.000000 1.130973 0.044168 -0.086047 -0.060577
 0.125664 1.130973 0.032078 -0.089090 -0.029235
 0.251327 1.130973 0.024092 -0.037687 -0.021349
 0.376991 1.130973 0.021397 -0.008943 -0.019135
 0.502655 1.130973 0.021115 0.002645 -0.018365
 0.628319 1.130973 0.022260 0.020139 -0.015495
 0.753982 1.130973 0.027183 0.056417 -0.024498
 0.879646 1.130973 0.033464 0.030593 -0.026613
 1.005310 1.130973 0.034979 0.003342 0.012836
 1.130973 1.130973 0.034851 -0.011718 0.032969
 1.256637 1.130973 0.031565 -0.032173 0.010146
 1.382301 1.130973 0.028799 -0.010920 0.002937
 1.507964 1.130973 0.027854 -0.007280 0.014384
 1.633628 1.130973 0.026967 -0.002617 0.021497
 1.759292 1.130973 0.028229 0.022960 0.032550
 1.884956 1.130973 0.031531 0.022990 0.028983
 2.010619 1.130973 0.031540 -0.034850 0.001084
 2.136283 1.130973 0.022576 -0.090102 -0.035759
 2.261947 1.130973 0.014622 -0.019612 -0.038367
 2.387610 1.130973 0.018629 0.073296 -0.035709
 2.513274 1.130973 0.026939 0.031455 -0.009463
 2.638938 1.130973 0.024285 -0.060375 0.024012
 2.764602 1.130973 0.017025 -0.039247 0.037704
 2.890265 1.130973 0.014429 -0.011751 0.026221
 3.015929 1.130973 0.013089 -0.006273 -0.014696

 -3.141593 1.256637 0.011570 -0.000483 0.010905
 -3.015929 1.256637 0.012606 0.018428 -0.002977
 -2.890265 1.256637 0.016701 0.049573 -0.011718
 -2.764602 1.256637 0.024347 0.062737 -0.003596
 -2.638938 1.256637 0.030917 0.042082 -0.008709
 -2.513274 1.256637 0.034649 0.012606 -0.020303
 -2.387610 1.256637 0.033192 -0.036399 -0.014102
 -2.261947 1.256637 0.026214 -0.064495 -0.007005
 -2.136283 1.256637 0.019800 -0.033152 0.005423
 -2.010619 1.256637 0.017802 0.002168 -0.004245
 -1.884956 1.256637 0.020085 0.030053 -0.013302
 -1.759292 1.256637 0.023318 0.010928 -0.020671
 -1.633628 1.256637 0.021955 -0.024250 -0.016231
 -1.507964 1.256637 0.020036 0.000168 -0.003036
 -1.382301 1.256637 0.021823 0.023900 0.009309
 -1.256637 1.256637 0.024879 0.021034 0.032249
 -1.130973 1.256637 0.027308 0.024047 0.052216
 -1.005310 1.256637 0.030988 0.025804 0.058515
 -0.879646 1.256637 0.031860 -0.013800 0.050746
 -0.753982 1.256637 0.029134 -0.014056 0.042468
 -0.628319 1.256637 0.030747 0.034998 0.039648
 -0.502655 1.256637 0.035425 0.035567 0.023495
 -0.376991 1.256637 0.039865 0.033414 -0.006166
 -0.251327 1.256637 0.042464 0.005729 -0.041998
 -0.125664 1.256637 0.041731 -0.016053 -0.065589
 0.000000 1.256637 0.037707 -0.051122 -0.043914
 0.125664 1.256637 0.029246 -0.074007 -0.015761
 0.251327 1.256637 0.022113 -0.034616 -0.003767
 0.376991 1.256637 0.019253 -0.014756 -0.010143
 0.502655 1.256637 0.018742 0.008128 -0.014086
 0.628319 1.256637 0.021154 0.030534 -0.003386
 0.753982 1.256637 0.026150 0.045033 -0.000777
 0.879646 1.256637 0.031160 0.032870 -0.012321
 1.005310 1.256637 0.034758 0.023295 -0.017381
 1.130973 1.256637 0.035521 -0.014892 -0.025811
 1.256637 1.256637 0.032292 -0.025355 -0.008050
 1.382301 1.256637 0.030784 0.001542 0.021030
 1.507964 1.256637 0.031691 0.007780 0.043953
 1.633628 1.256637 0.032235 0.005525 0.055122
 1.759292 1.256637 0.034044 0.018226 0.046012
 1.884956 1.256637 0.034112 -0.024477 0.002195
 2.010619 1.256637 0.026827 -0.090666 -0.072364
 2.136283 1.256637 0.014515 -0.085431 -0.082557
 2.261947 1.256637 0.008039 -0.014947 -0.057160
 2.387610 1.256637 0.011118 0.062577 -0.070436
 2.513274 1.256637 0.020396 0.061953 -0.085838
 2.638938 1.256637 0.022871 -0.018625 -0.045149
 2.764602 1.256637 0.019593 -0.022496 0.000958
 2.890265 1.256637 0.016670 -0.029725 0.002914
 3.015929 1.256637 0.012863 -0.022527 0.007024

 -3.141593 1.382301 0.013122 -0.003952 0.008344
 -3.015929 1.382301 0.013287 0.013660 0.011868
 -2.890265 1.382301 0.017525 0.053839 0.022016
 -2.764602 1.382301 0.025522 0.062547 0.015355
 -2.638938 1.382301 0.030994 0.024788 0.003998
 -2.513274 1.382301 0.032875 0.005322 -0.006940
 -2.387610 1.382301 0.031165 -0.034861 -0.009456
 -2.261947 1.382301 0.025267 -0.048614 -0.002799
 -2.136283 1.382301 0.020395 -0.031554 -0.000995
 -2.010619 1.382301 0.016977 -0.016864 -0.009774
 -1.884956 1.382301 0.016991 0.012717 -0.029263
 -1.759292 1.382301 0.018272 0.002984 -0.049123
 -1.633628 1.382301 0.017988 -0.002657 -0.041128
 -1.507964 1.382301 0.018509 0.012994 -0.019544
 -1.382301 1.382301 0.021534 0.035674 -0.012080
 -1.256637 1.382301 0.026908 0.045102 0.000650
 -1.130973 1.382301 0.032453 0.045506 0.027766
 -1.005310 1.382301 0.037498 0.026515 0.047830
 -0.879646 1.382301 0.037928 -0.020018 0.051934
 -0.753982 1.382301 0.034248 -0.022770 0.037315
 -0.628319 1.382301 0.033931 0.010628 0.005834
 -0.502655 1.382301 0.035186 0.008756 -0.026443
 -0.376991 1.382301 0.035820 -0.001144 -0.046224
 -0.251327 1.382301 0.035012 -0.006916 -0.053371
 -0.125664 1.382301 0.034841 0.003055 -0.033418
 0.000000 1.382301 0.034031 -0.023746 -0.011342
 0.125664 1.382301 0.029035 -0.046128 0.014099
 0.251327 1.382301 0.024193 -0.031384 0.034542
 0.376991 1.382301 0.020403 -0.025626 0.029779
 0.502655 1.382301 0.019350 0.009761 0.026416
 0.628319 1.382301 0.021435 0.019293 0.009112
 0.753982 1.382301 0.024222 0.025778 -0.029026
 0.879646 1.382301 0.027585 0.026958 -0.045668
 1.005310 1.382301 0.030482 0.014161 -0.046018
 1.130973 1.382301 0.030347 -0.012529 -0.042384
 1.256637 1.382301 0.029544 0.008367 -0.023276
 1.382301 1.382301 0.032776 0.038369 0.014631
 1.507964 1.382301 0.037312 0.025526 0.039749
 1.633628 1.382301 0.038050 -0.009784 0.028273
 1.759292 1.382301 0.036054 -0.026493 -0.021322
 1.884956 1.382301 0.028877 -0.090212 -0.089158
 2.010619 1.382301 0.015463 -0.107556 -0.098047
 2.136283 1.382301 0.005328 -0.048291 -0.053911
 2.261947 1.382301 0.002332 -0.004990 -0.029341
 2.387610 1.382301 0.003638 0.027347 -0.042672
 2.513274 1.382301 0.009067 0.053804 -0.079659
 2.638938 1.382301 0.015336 0.041386 -0.065209
 2.764602 1.382301 0.018514 0.003209 -0.015174
 2.890265 1.382301 0.016124 -0.030548 -0.002020
 3.015929 1.382301 0.013572 -0.007393 0.006505

 -3.141593 1.507964 0.014311 -0.014353 0.014990
 -3.015929 1.507964 0.014599 0.025813 0.005594
 -2.890265 1.507964 0.020106 0.052377 0.010026
 -2.764602 1.507964 0.025891 0.036052 -0.015720
 -2.638938 1.507964 0.028738 0.011441 -0.048210
 -2.513274 1.507964 0.029876 0.007842 -0.052128
 -2.387610 1.507964 0.029491 -0.019957 -0.029540
 -2.261947 1.507964 0.024745 -0.047761 -0.013948
 -2.136283 1.507964 0.019670 -0.030377 -0.009756
 -2.010619 1.507964 0.016449 -0.021975 0.001923
 -1.884956 1.507964 0.014476 -0.008908 -0.011005
 -1.759292 1.507964 0.013664 -0.004775 -0.020588
 -1.633628 1.507964 0.013961 0.012902 -0.017385
 -1.507964 1.507964 0.016688 0.026132 -0.006319
 -1.382301 1.507964 0.020012 0.031683 -0.009303
 -1.256637 1.507964 0.026309 0.068705 -0.005430
 -1.130973 1.507964 0.035549 0.071318 0.021270
 -1.005310 1.507964 0.042884 0.038459 0.026182
 -0.879646 1.507964 0.043286 -0.033562 0.018405
 -0.753982 1.507964 0.036970 -0.050547 0.003885
 -0.628319 1.507964 0.032456 -0.021929 -0.020219
 -0.502655 1.507964 0.031459 0.005220 -0.022095
 -0.376991 1.507964 0.032077 0.000611 -0.007155
 -0.251327 1.507964 0.032466 0.008266 0.007944
 -0.125664 1.507964 0.033473 0.006776 0.000994
 0.000000 1.507964 0.033884 -0.003768 -0.000739
 0.125664 1.507964 0.032423 -0.015241 0.034823
 0.251327 1.507964 0.030112 -0.025233 0.060497
 0.376991 1.507964 0.026393 -0.025391 0.065356
 0.502655 1.507964 0.024942 -0.001469 0.058538
 0.628319 1.507964 0.024052 -0.016340 0.035392
 0.753982 1.507964 0.021954 -0.008122 0.006187
 0.879646 1.507964 0.022987 0.021494 -0.011395
 1.005310 1.507964 0.025823 0.019342 -0.015366
 1.130973 1.507964 0.027450 0.008173 0.002201
 1.256637 1.507964 0.029332 0.030641 0.022950
 1.382301 1.507964 0.035703 0.060186 0.032841
 1.507964 1.507964 0.040309 0.004469 0.005852
 1.633628 1.507964 0.037531 -0.044110 -0.042063
 1.759292 1.507964 0.028720 -0.097543 -0.091970
 1.884956 1.507964 0.015123 -0.103632 -0.108486
 2.010619 1.507964 0.005080 -0.053530 -0.058382
 2.136283 1.507964 0.001144 -0.013843 -0.016613
 2.261947 1.507964 0.000347 -0.001559 -0.006081
 2.387610 1.507964 0.000538 0.005390 -0.010034
 2.513274 1.507964 0.002293 0.026311 -0.028909
 2.638938 1.507964 0.007901 0.061811 -0.049930
 2.764602 1.507964 0.015380 0.042227 -0.035343
 2.890265 1.507964 0.017151 -0.005744 0.014470
 3.015929 1.507964 0.016093 -0.010218 0.035244

 -3.141593 1.633628 0.017058 -0.036169 0.024421
 -3.015929 1.633628 0.015185 0.015153 0.006745
 -2.890265 1.633628 0.019450 0.037536 -0.017877
 -2.764602 1.633628 0.021840 -0.000872 -0.042968
 -2.638938 1.633628 0.020718 -0.007797 -0.063705
 -2.513274 1.633628 0.021106 0.012802 -0.072151
 -2.387610 1.633628 0.022513 0.001081 -0.075456
 -2.261947 1.633628 0.020144 -0.032421 -0.058612
 -2.136283 1.633628 0.017216 -0.010453 -0.031309
 -2.010619 1.633628 0.015708 -0.020144 -0.020638
 -1.884956 1.633628 0.013132 -0.012281 -0.013660
 -1.759292 1.633628 0.012756 0.001419 0.001875
 -1.633628 1.633628 0.013339 0.012411 0.001270
 -1.507964 1.633628 0.016037 0.024503 -0.009858
 -1.382301 1.633628 0.018693 0.025955 -0.014977
 -1.256637 1.633628 0.025444 0.082304 -0.013188
 -1.130973 1.633628 0.035898 0.068306 -0.021205
 -1.005310 1.633628 0.041453 0.021703 -0.045445
 -0.879646 1.633628 0.041080 -0.026932 -0.046553
 -0.753982 1.633628 0.036107 -0.045539 -0.015610
 -0.628319 1.633628 0.030954 -0.028912 -0.003746
 -0.502655 1.633628 0.030110 0.012201 -0.006294
 -0.376991 1.633628 0.031563 0.005135 -0.019823
 -0.251327 1.633628 0.031442 -0.007416 -0.049714
 -0.125664 1.633628 0.029481 -0.018307 -0.085378
 0.000000 1.633628 0.029000 0.015753 -0.095272
 0.125664 1.633628 0.032869 0.038745 -0.055567
 0.251327 1.633628 0.036323 0.007646 0.007403
 0.376991 1.633628 0.034539 -0.027399 0.041426
 0.502655 1.633628 0.031739 -0.015068 0.035801
 0.628319 1.633628 0.029341 -0.027128 0.035373
 0.753982 1.633628 0.026030 -0.016276 0.047047
 0.879646 1.633628 0.026101 0.013189 0.056632
 1.005310 1.633628 0.028207 0.020890 0.051316
 1.130973 1.633628 0.031184 0.023297 0.052139
 1.256637 1.633628 0.034514 0.037627 0.053636
 1.382301 1.633628 0.040507 0.039848 0.037785
 1.507964 1.633628 0.039076 -0.066223 -0.027888
 1.633628 1.633628 0.027721 -0.099031 -0.103781
 1.759292 1.633628 0.015066 -0.099997 -0.108689
 1.884956 1.633628 0.004757 -0.055666 -0.053325
 2.010619 1.633628 0.000852 -0.012879 -0.014259
 2.136283 1.633628 0.000122 -0.001720 -0.002576
 2.261947 1.633628 0.000025 -0.000245 -0.000597
 2.387610 1.633628 0.000036 0.000616 -0.000809
 2.513274 1.633628 0.000423 0.007872 -0.006013
 2.638938 1.633628 0.002993 0.037237 -0.028373
 2.764602 1.633628 0.009822 0.065251 -0.051354
 2.890265 1.633628 0.017265 0.047272 -0.022542
 3.015929 1.633628 0.020381 -0.003349 0.020277

 -3.141593 1.759292 0.018196 -0.030896 -0.013839
 -3.015929 1.759292 0.015297 -0.006459 -0.009288
 -2.890265 1.759292 0.015912 0.008268 -0.034041
 -2.764602 1.759292 0.016100 -0.006812 -0.042406
 -2.638938 1.759292 0.014665 -0.010725 -0.030214
 -2.513274 1.759292 0.014030 -0.001220 -0.036248
 -2.387610 1.759292 0.013630 -0.007029 -0.051816
 -2.261947 1.759292 0.012603 -0.004132 -0.045918
 -2.136283 1.759292 0.012886 0.002636 -0.028469
 -2.010619 1.759292 0.011944 -0.015063 -0.027738
 -1.884956 1.759292 0.011043 0.006252 -0.015693
 -1.759292 1.759292 0.012565 0.008881 -0.007852
 -1.633628 1.759292 0.012689 0.000152 -0.012424
 -1.507964 1.759292 0.013877 0.016413 -0.019784
 -1.382301 1.759292 0.016226 0.025320 -0.019718
 -1.256637 1.759292 0.021739 0.062559 -0.043273
 -1.130973 1.759292 0.029702 0.051400 -0.074092
 -1.005310 1.759292 0.033163 0.007691 -0.082857
 -0.879646 1.759292 0.033351 -0.001341 -0.071997
 -0.753982 1.759292 0.032318 -0.017669 -0.045938
 -0.628319 1.759292 0.029310 -0.024663 -0.030631
 -0.502655 1.759292 0.026945 -0.014320 -0.050717
 -0.376991 1.759292 0.024391 -0.030471 -0.087967
 -0.251327 1.759292 0.019342 -0.045759 -0.119255
 -0.125664 1.759292 0.014057 -0.032958 -0.126051
 0.000000 1.759292 0.012595 0.015177 -0.129163
 0.125664 1.759292 0.018092 0.068271 -0.145778
 0.251327 1.759292 0.027497 0.068336 -0.130172
 0.376991 1.759292 0.032430 0.008413 -0.070831
 0.502655 1.759292 0.031687 -0.012340 -0.034322
 0.628319 1.759292 0.029621 -0.016200 -0.031412
 0.753982 1.759292 0.029936 0.024778 0.006609
 0.879646 1.759292 0.033943 0.027658 0.049382
 1.005310 1.759292 0.035906 0.010489 0.054594
 1.130973 1.759292 0.037794 0.016857 0.042591
 1.256637 1.759292 0.040011 0.022364 0.021686
 1.382301 1.759292 0.041386 -0.023088 -0.039264
 1.507964 1.759292 0.030826 -0.133010 -0.107925
 1.633628 1.759292 0.014392 -0.107868 -0.099187
 1.759292 1.759292 0.004804 -0.049226 -0.051418
 1.884956 1.759292 0.000940 -0.015151 -0.013215
 2.010619 1.759292 0.000080 -0.001781 -0.001525
 2.136283 1.759292 0.000004 -0.000075 -0.000128
 2.261947 1.759292 0.000001 -0.000009 -0.000020
 2.387610 1.759292 0.000002 0.000052 -0.000038
 2.513274 1.759292 0.000052 0.001217 -0.001005
 2.638938 1.759292 0.000645 0.010894 -0.009794
 2.764602 1.759292 0.003754 0.042484 -0.037982
 2.890265 1.759292 0.011545 0.075837 -0.058332
 3.015929 1.759292 0.019143 0.028732 -0.040857

 -3.141593 1.884956 0.013857 0.004458 -0.046927
 -3.015929 1.884956 0.013791 -0.002476 -0.008835
 -2.890265 1.884956 0.013250 -0.005495 -0.002854
 -2.764602 1.884956 0.013128 0.004576 -0.003195
 -2.638938 1.884956 0.013546 -0.001708 0.008822
 -2.513274 1.884956 0.012568 -0.011809 0.010077
 -2.387610 1.884956 0.011000 -0.011502 0.005544
 -2.261947 1.884956 0.010427 0.004827 0.007786
 -2.136283 1.884956 0.011438 0.004566 0.005237
 -2.010619 1.884956 0.010808 -0.011188 0.010465
 -1.884956 1.884956 0.010210 0.006382 0.004867
 -1.759292 1.884956 0.011740 0.009392 0.001159
 -1.633628 1.884956 0.011739 -0.002535 0.004656
 -1.507964 1.884956 0.012841 0.019558 0.008367
 -1.382301 1.884956 0.015351 0.016625 0.009287
 -1.256637 1.884956 0.017539 0.024162 -0.011348
 -1.130973 1.884956 0.021396 0.029417 -0.033740
 -1.005310 1.884956 0.023767 0.012186 -0.042380
 -0.879646 1.884956 0.025501 0.014076 -0.036186
 -0.753982 1.884956 0.026172 -0.006755 -0.038645
 -0.628319 1.884956 0.023574 -0.032664 -0.050242
 -0.502655 1.884956 0.018757 -0.041250 -0.066258
 -0.376991 1.884956 0.013147 -0.048771 -0.077980
 -0.251327 1.884956 0.007109 -0.041827 -0.067340
 -0.125664 1.884956 0.003366 -0.018252 -0.044492
 0.000000 1.884956 0.002290 0.001960 -0.037181
 0.125664 1.884956 0.004501 0.036909 -0.060903
 0.251327 1.884956 0.011834 0.075256 -0.097655
 0.376991 1.884956 0.021011 0.060396 -0.095544
 0.502655 1.884956 0.025441 0.008956 -0.054424
 0.628319 1.884956 0.025027 0.001518 -0.022449
 0.753982 1.884956 0.029094 0.059249 -0.005109
 0.879646 1.884956 0.036231 0.043435 -0.005106
 1.005310 1.884956 0.039716 0.017056 0.009511
 1.130973 1.884956 0.040947 -0.000218 0.010412
 1.256637 1.884956 0.039369 -0.026004 -0.024202
 1.382301 1.884956 0.031800 -0.104700 -0.091976
 1.507964 1.884956 0.015650 -0.125517 -0.108825
 1.633628 1.884956 0.004539 -0.050608 -0.052673
 1.759292 1.884956 0.001001 -0.013114 -0.014591
 1.884956 1.884956 0.000136 -0.002599 -0.002279
 2.010619 1.884956 0.000007 -0.000193 -0.000129
 2.136283 1.884956 0.000000 -0.000000 -0.000000
 2.261947 1.884956 0.000000 0.000000 -0.000000
 2.387610 1.884956 0.000000 0.000002 -0.000002
 2.513274 1.884956 0.000003 0.000074 -0.000070
 2.638938 1.884956 0.000065 0.001497 -0.001311
 2.764602 1.884956 0.000837 0.014583 -0.011110
 2.890265 1.884956 0.004829 0.049594 -0.043875
 3.015929 1.884956 0.011276 0.040660 -0.073908

 -3.141593 2.010619 0.008496 0.044785 -0.033260
 -3.015929 2.010619 0.013189 0.024282 -0.002647
 -2.890265 2.010619 0.014369 -0.003222 0.015703
 -2.764602 2.010619 0.013642 -0.001950 0.005902
 -2.638938 2.010619 0.014298 0.007176 -0.003895
 -2.513274 2.010619 0.013891 -0.013764 0.000888
 -2.387610 2.010619 0.012142 -0.008974 0.001728
 -2.261947 2.010619 0.011985 0.005099 0.006465
 -2.136283 2.010619 0.012885 0.008250 0.010797
 -2.010619 2.010619 0.013458 -0.003205 0.024659
 -1.884956 2.010619 0.012541 -0.002403 0.031316
 -1.759292 2.010619 0.013499 0.009656 0.026751
 -1.633628 2.010619 0.013730 0.000028 0.022009
 -1.507964 2.010619 0.015133 0.021412 0.020583
 -1.382301 2.010619 0.017615 0.012983 0.021634
 -1.256637 2.010619 0.019200 0.022366 0.032248
 -1.130973 2.010619 0.023383 0.032075 0.054544
 -1.005310 2.010619 0.025439 0.006119 0.057134
 -0.879646 2.010619 0.026276 0.004620 0.039897
 -0.753982 2.010619 0.025031 -0.028299 0.018464
 -0.628319 2.010619 0.019535 -0.052826 -0.008384
 -0.502655 2.010619 0.012940 -0.051441 -0.021159
 -0.376991 2.010619 0.006486 -0.048245 -0.026359
 -0.251327 2.010619 0.001948 -0.021764 -0.019226
 -0.125664 2.010619 0.000513 -0.004501 -0.008555
 0.000000 2.010619 0.000239 -0.000337 -0.004620
 0.125664 2.010619 0.000697 0.010209 -0.010966
 0.251327 2.010619 0.003587 0.038134 -0.039167
 0.376991 2.010619 0.010323 0.067098 -0.071116
 0.502655 2.010619 0.019291 0.067292 -0.046985
 0.628319 2.010619 0.025585 0.035939 0.018525
 0.753982 2.010619 0.030353 0.041147 0.018098
 0.879646 2.010619 0.034760 0.029289 -0.018415
 1.005310 2.010619 0.038849 0.034339 -0.025047
 1.130973 2.010619 0.040674 -0.014762 -0.018186
 1.256637 2.010619 0.034957 -0.075364 -0.048787
 1.382301 2.010619 0.021179 -0.136278 -0.078687
 1.507964 2.010619 0.006189 -0.081943 -0.045795
 1.633628 2.010619 0.000836 -0.014490 -0.011844
 1.759292 2.010619 0.000104 -0.001565 -0.002219
 1.884956 2.010619 0.000011 -0.000229 -0.000250
 2.010619 2.010619 0.000000 -0.000012 -0.000010
 2.136283 2.010619 0.000000 0.000000 0.000000
 2.261947 2.010619 0.000000 0.000000 0.000000
 2.387610 2.010619 0.000000 0.000000 -0.000000
 2.513274 2.010619 0.000000 0.000002 -0.000001
 2.638938 2.010619 0.000005 0.000142 -0.000094
 2.764602 2.010619 0.000125 0.002696 -0.002165
 2.890265 2.010619 0.001061 0.013579 -0.016106
 3.015929 2.010619 0.003680 0.028903 -0.039249

 -3.141593 2.136283 0.005745 0.054679 -0.010734
 -3.015929 2.136283 0.012851 0.048043 -0.001851
 -2.890265 2.136283 0.016292 0.004440 0.011668
 -2.764602 2.136283 0.014550 -0.022955 0.009883
 -2.638938 2.136283 0.012998 -0.000472 -0.010416
 -2.513274 2.136283 0.012609 -0.010707 -0.014571
 -2.387610 2.136283 0.011165 -0.005666 -0.008488
 -2.261947 2.136283 0.011741 0.012856 -0.001687
 -2.136283 2.136283 0.013641 0.015950 0.005085
 -2.010619 2.136283 0.015386 0.009795 0.004042
 -1.884956 2.136283 0.016495 0.012255 0.023539
 -1.759292 2.136283 0.017905 0.002155 0.038436
 -1.633628 2.136283 0.016901 -0.008011 0.030333
 -1.507964 2.136283 0.017939 0.023977 0.030585
 -1.382301 2.136283 0.021180 0.021959 0.040370
 -1.256637 2.136283 0.024464 0.040279 0.048263
 -1.130973 2.136283 0.030774 0.043580 0.049941
 -1.005310 2.136283 0.032601 -0.009344 0.042573
 -0.879646 2.136283 0.030907 -0.014590 0.022301
 -0.753982 2.136283 0.027594 -0.043997 0.014357
 -0.628319 2.136283 0.020340 -0.062845 0.015764
 -0.502655 2.136283 0.012852 -0.058780 0.014039
 -0.376991 2.136283 0.005371 -0.053582 0.002288
 -0.251327 2.136283 0.000949 -0.016607 -0.000773
 -0.125664 2.136283 0.000077 -0.001513 -0.000452
 0.000000 2.136283 0.000014 -0.000033 -0.000310
 0.125664 2.136283 0.000075 0.001529 -0.001461
 0.251327 2.136283 0.000693 0.010324 -0.010608
 0.376991 2.136283 0.003532 0.040439 -0.036163
 0.502655 2.136283 0.012217 0.096788 -0.062326
 0.628319 2.136283 0.024550 0.080942 -0.043426
 0.753982 2.136283 0.030433 0.017228 -0.024768
 0.879646 2.136283 0.031634 0.013287 -0.026611
 1.005310 2.136283 0.034915 0.033076 -0.024419
 1.130973 2.136283 0.036196 -0.027697 -0.045313
 1.256637 2.136283 0.026958 -0.111279 -0.071162
 1.382301 2.136283 0.011900 -0.110078 -0.062407
 1.507964 2.136283 0.002392 -0.039541 -0.017948
 1.633628 2.136283 0.000174 -0.004265 -0.001622
 1.759292 2.136283 0.000005 -0.000114 -0.000100
 1.884956 2.136283 0.000000 -0.000006 -0.000008
 2.010619 2.136283 0.000000 -0.000000 -0.000000
 2.136283 2.136283 0.000000 0.000000 0.000000
 2.261947 2.136283 0.000000 0.000000 0.000000
 2.387610 2.136283 0.000000 0.000000 0.000000
 2.513274 2.136283 0.000000 0.000000 -0.000000
 2.638938 2.136283 0.000000 0.000008 -0.000006
 2.764602 2.136283 0.000009 0.000219 -0.000212
 2.890265 2.136283 0.000123 0.002294 -0.001952
 3.015929 2.136283 0.001129 0.018128 -0.006567

 -3.141593 2.261947 0.006311 0.057469 0.024379
 -3.015929 2.261947 0.013526 0.046501 0.017565
 -2.890265 2.261947 0.016882 0.008246 0.000065
 -2.764602 2.261947 0.015784 -0.024038 0.007386
 -2.638938 2.261947 0.012787 -0.015354 0.008201
 -2.513274 2.261947 0.011866 -0.003217 0.006184
 -2.387610 2.261947 0.011861 0.004483 0.018738
 -2.261947 2.261947 0.012952 0.012769 0.017785
 -2.136283 2.261947 0.014735 0.011815 0.011801
 -2.010619 2.261947 0.015520 0.006732 0.005907
 -1.884956 2.261947 0.018461 0.039102 0.015710
 -1.759292 2.261947 0.022171 0.008352 0.029150
 -1.633628 2.261947 0.021417 -0.005652 0.038903
 -1.507964 2.261947 0.023224 0.032919 0.048114
 -1.382301 2.261947 0.027270 0.024234 0.047048
 -1.256637 2.261947 0.030233 0.031543 0.037572
 -1.130973 2.261947 0.034826 0.030604 0.016326
 -1.005310 2.261947 0.035575 -0.019220 0.008992
 -0.879646 2.261947 0.032267 -0.022571 0.004897
 -0.753982 2.261947 0.029357 -0.033532 0.013892
 -0.628319 2.261947 0.023357 -0.056509 0.027896
 -0.502655 2.261947 0.015507 -0.070744 0.025821
 -0.376991 2.261947 0.006419 -0.062798 0.015640
 -0.251327 2.261947 0.001356 -0.019516 0.008024
 -0.125664 2.261947 0.000188 -0.003112 0.002575
 0.000000 2.261947 0.000018 -0.000367 0.000366
 0.125664 2.261947 0.000006 0.000108 -0.000049
 0.251327 2.261947 0.000085 0.001726 -0.001142
 0.376991 2.261947 0.000941 0.016628 -0.007528
 0.502655 2.261947 0.006147 0.072209 -0.026432
 0.628319 2.261947 0.017645 0.092452 -0.044900
 0.753982 2.261947 0.025521 0.032569 -0.034350
 0.879646 2.261947 0.029075 0.036618 -0.007488
 1.005310 2.261947 0.033947 0.024831 0.007448
 1.130973 2.261947 0.031869 -0.061666 -0.014173
 1.256637 2.261947 0.019900 -0.115132 -0.027989
 1.382301 2.261947 0.007055 -0.076350 -0.011237
 1.507964 2.261947 0.001275 -0.020952 -0.000659
 1.633628 2.261947 0.000103 -0.002367 0.000279
 1.759292 2.261947 0.000003 -0.000086 0.000035
 1.884956 2.261947 0.000000 -0.000001 0.000001
 2.010619 2.261947 0.000000 -0.000000 0.000000
 2.136283 2.261947 0.000000 0.000000 0.000000
 2.261947 2.261947 0.000000 0.000000 0.000000
 2.387610 2.261947 0.000000 0.000000 0.000000
 2.513274 2.261947 0.000000 0.000000 0.000000
 2.638938 2.261947 0.000000 0.000003 0.000005
 2.764602 2.261947 0.000003 0.000093 0.000067
 2.890265 2.261947 0.000096 0.002337 0.001175
 3.015929 2.261947 0.001271 0.021095 0.009472

 -3.141593 2.387610 0.012805 0.069100 0.078877
 -3.015929 2.387610 0.018252 0.013883 0.056681
 -2.890265 2.387610 0.017886 -0.009936 0.022019
 -2.764602 2.387610 0.016691 -0.011679 0.013229
 -2.638938 2.387610 0.014934 -0.011992 0.027500
 -2.513274 2.387610 0.014080 -0.002307 0.026944
 -2.387610 2.387610 0.014315 0.004805 0.016003
 -2.261947 2.387610 0.014851 0.005918 0.010363
 -2.136283 2.387610 0.016253 0.012679 0.009030
 -2.010619 2.387610 0.017357 0.011477 0.015335
 -1.884956 2.387610 0.020983 0.041999 0.015546
 -1.759292 2.387610 0.024699 0.010242 0.005026
 -1.633628 2.387610 0.025251 0.010854 0.015923
 -1.507964 2.387610 0.028197 0.029545 0.024270
 -1.382301 2.387610 0.030877 0.011619 0.006586
 -1.256637 2.387610 0.032284 0.016831 -0.006960
 -1.130973 2.387610 0.034907 0.020122 -0.015316
 -1.005310 2.387610 0.035805 -0.011901 -0.004844
 -0.879646 2.387610 0.032490 -0.029678 -0.001283
 -0.753982 2.387610 0.029294 -0.026423 -0.014938
 -0.628319 2.387610 0.024896 -0.042620 -0.005631
 -0.502655 2.387610 0.018538 -0.061604 0.020865
 -0.376991 2.387610 0.009721 -0.068562 0.038781
 -0.251327 2.387610 0.003425 -0.030874 0.028232
 -0.125664 2.387610 0.000984 -0.011112 0.012018
 0.000000 2.387610 0.000185 -0.002679 0.003294
 0.125664 2.387610 0.000059 0.000230 0.001459
 0.251327 2.387610 0.000250 0.003235 0.005124
 0.376991 2.387610 0.001258 0.016861 0.014930
 0.502655 2.387610 0.006152 0.066309 0.029005
 0.628319 2.387610 0.016922 0.091660 0.039127
 0.753982 2.387610 0.026150 0.052975 0.049230
 0.879646 2.387610 0.032069 0.048344 0.057168
 1.005310 2.387610 0.037221 0.020115 0.044713
 1.130973 2.387610 0.034327 -0.067433 0.051789
 1.256637 2.387610 0.022415 -0.109119 0.069805
 1.382301 2.387610 0.009657 -0.084711 0.055754
 1.507964 2.387610 0.002368 -0.031920 0.020992
 1.633628 2.387610 0.000334 -0.005823 0.004427
 1.759292 2.387610 0.000025 -0.000573 0.000445
 1.884956 2.387610 0.000001 -0.000020 0.000016
 2.010619 2.387610 0.000000 -0.000000 0.000000
 2.136283 2.387610 0.000000 -0.000000 0.000000
 2.261947 2.387610 0.000000 0.000000 0.000000
 2.387610 2.387610 0.000000 0.000000 0.000000
 2.513274 2.387610 0.000000 0.000010 0.000009
 2.638938 2.387610 0.000007 0.000125 0.000169
 2.764602 2.387610 0.000065 0.001198 0.001500
 2.890265 2.387610 0.000655 0.011422 0.010621
 3.015929 2.387610 0.004308 0.051871 0.044314

 -3.141593 2.513274 0.024669 0.050755 0.099691
 -3.015929 2.513274 0.025771 -0.021319 0.053116
 -2.890265 2.513274 0.022227 -0.027082 0.040707
 -2.764602 2.513274 0.020379 -0.002269 0.043198
 -2.638938 2.513274 0.020181 -0.006911 0.051321
 -2.513274 2.513274 0.018028 -0.024149 0.032835
 -2.387610 2.513274 0.015698 -0.009622 0.007808
 -2.261947 2.513274 0.015136 -0.000285 -0.006309
 -2.136283 2.513274 0.015865 0.010910 -0.014775
 -2.010619 2.513274 0.017407 0.016200 -0.011410
 -1.884956 2.513274 0.020589 0.029961 -0.016270
 -1.759292 2.513274 0.023191 0.011891 -0.019733
 -1.633628 2.513274 0.025335 0.026413 -0.006665
 -1.507964 2.513274 0.028420 0.014448 -0.016225
 -1.382301 2.513274 0.028921 0.000089 -0.032275
 -1.256637 2.513274 0.029658 0.013452 -0.028030
 -1.130973 2.513274 0.031927 0.020196 -0.027219
 -1.005310 2.513274 0.033776 0.003362 -0.027989
 -0.879646 2.513274 0.031806 -0.031611 -0.011325
 -0.753982 2.513274 0.027392 -0.034105 -0.012129
 -0.628319 2.513274 0.023581 -0.025141 -0.008588
 -0.502655 2.513274 0.020983 -0.021498 0.020330
 -0.376991 2.513274 0.016459 -0.050864 0.066773
 -0.251327 2.513274 0.009641 -0.051158 0.074180
 -0.125664 2.513274 0.004356 -0.031491 0.049355
 0.000000 2.513274 0.001677 -0.012690 0.027089
 0.125664 2.513274 0.000871 0.000487 0.015614
 0.251327 2.513274 0.002183 0.021486 0.029630
 0.376991 2.513274 0.006212 0.043975 0.069393
 0.502655 2.513274 0.014655 0.094158 0.106905
 0.628319 2.513274 0.027669 0.096040 0.124991
 0.753982 2.513274 0.036402 0.045105 0.103841
 0.879646 2.513274 0.040580 0.024305 0.064923
 1.005310 2.513274 0.042319 0.002402 0.025008
 1.130973 2.513274 0.040708 -0.030003 0.030260
 1.256637 2.513274 0.034082 -0.079721 0.090329
 1.382301 2.513274 0.020519 -0.124246 0.105407
 1.507964 2.513274 0.007357 -0.073672 0.060798
 1.633628 2.513274 0.001718 -0.022639 0.021631
 1.759292 2.513274 0.000243 -0.004334 0.004524
 1.884956 2.513274 0.000018 -0.000405 0.000464
 2.010619 2.513274 0.000001 -0.000017 0.000021
 2.136283 2.513274 0.000000 -0.000000 0.000000
 2.261947 2.513274 0.000000 -0.000000 0.000000
 2.387610 2.513274 0.000000 0.000002 0.000001
 2.513274 2.513274 0.000005 0.000129 0.000069
 2.638938 2.513274 0.000090 0.001784 0.001465
 2.764602 2.513274 0.000800 0.012354 0.013082
 2.890265 2.513274 0.004380 0.050215 0.057728
 3.015929 2.513274 0.014035 0.097956 0.114351

 -3.141593 2.638938 0.034348 -0.012314 0.041195
 -3.015929 2.638938 0.030484 -0.033499 0.025776
 -2.890265 2.638938 0.027120 -0.021240 0.039933
 -2.764602 2.638938 0.025584 -0.002421 0.035165
 -2.638938 2.638938 0.024993 -0.013470 0.020479
 -2.513274 2.638938 0.021912 -0.031265 0.033023
 -2.387610 2.638938 0.018353 -0.023607 0.048528
 -2.261947 2.638938 0.015801 -0.015717 0.035660
 -2.136283 2.638938 0.015118 0.006493 0.017335
 -2.010619 2.638938 0.016840 0.017612 0.007532
 -1.884956 2.638938 0.019132 0.018052 -0.006000
 -1.759292 2.638938 0.021686 0.025889 -0.005624
 -1.633628 2.638938 0.025330 0.026184 0.005792
 -1.507964 2.638938 0.026772 -0.005623 -0.002204
 -1.382301 2.638938 0.025290 -0.006870 -0.015225
 -1.256637 2.638938 0.026230 0.017958 -0.021166
 -1.130973 2.638938 0.028252 0.011950 -0.028168
 -1.005310 2.638938 0.029505 0.008897 -0.032811
 -0.879646 2.638938 0.029572 -0.013500 -0.018660
 -0.753982 2.638938 0.026267 -0.029875 -0.000966
 -0.628319 2.638938 0.024007 -0.005417 0.020116
 -0.502655 2.638938 0.024173 0.006135 0.029855
 -0.376991 2.638938 0.024219 -0.013912 0.040973
 -0.251327 2.638938 0.019992 -0.047579 0.067480
 -0.125664 2.638938 0.013779 -0.047917 0.086439
 0.000000 2.638938 0.008285 -0.037652 0.073943
 0.125664 2.638938 0.005197 -0.006356 0.054635
 0.251327 2.638938 0.008093 0.055987 0.061648
 0.376991 2.638938 0.017845 0.087877 0.102310
 0.502655 2.638938 0.029642 0.104725 0.109999
 0.628319 2.638938 0.042455 0.081870 0.081185
 0.753982 2.638938 0.047689 0.004872 0.051786
 0.879646 2.638938 0.046302 -0.018920 0.016345
 1.005310 2.638938 0.043216 -0.028724 -0.012512
 1.130973 2.638938 0.040644 -0.006720 -0.025956
 1.256637 2.638938 0.039986 -0.019202 0.001382
 1.382301 2.638938 0.032263 -0.103871 0.070944
 1.507964 2.638938 0.017823 -0.106537 0.101048
 1.633628 2.638938 0.007417 -0.060014 0.074365
 1.759292 2.638938 0.002135 -0.025636 0.032149
 1.884956 2.638938 0.000334 -0.005847 0.006716
 2.010619 2.638938 0.000025 -0.000567 0.000637
 2.136283 2.638938 0.000001 -0.000025 0.000034
 2.261947 2.638938 0.000000 -0.000001 0.000001
 2.387610 2.638938 0.000001 0.000018 0.000012
 2.513274 2.638938 0.000026 0.000703 0.000398
 2.638938 2.638938 0.000490 0.009723 0.005923
 2.764602 2.638938 0.003999 0.054837 0.038904
 2.890265 2.638938 0.015497 0.121888 0.104907
 3.015929 2.638938 0.029933 0.086022 0.106380

 -3.141593 2.764602 0.035086 -0.010501 -0.016774
 -3.015929 2.764602 0.033729 -0.007686 0.024304
 -2.890265 2.764602 0.032494 -0.018605 0.036542
 -2.764602 2.764602 0.029114 -0.026909 0.017220
 -2.638938 2.764602 0.027138 -0.003762 0.019109
 -2.513274 2.764602 0.027795 0.012842 0.057936
 -2.387610 2.764602 0.028955 -0.004376 0.105276
 -2.261947 2.764602 0.025804 -0.038379 0.109547
 -2.136283 2.764602 0.021464 -0.025546 0.076343
 -2.010619 2.764602 0.019368 -0.010512 0.034782
 -1.884956 2.764602 0.018884 0.006605 0.011282
 -1.759292 2.764602 0.021593 0.035500 0.013092
 -1.633628 2.764602 0.026329 0.032039 0.015143
 -1.507964 2.764602 0.028140 -0.005037 0.024113
 -1.382301 2.764602 0.026534 -0.010035 0.035216
 -1.256637 2.764602 0.026433 0.004515 0.029048
 -1.130973 2.764602 0.026735 0.000079 0.007887
 -1.005310 2.764602 0.027067 0.009095 -0.006159
 -0.879646 2.764602 0.028582 0.007130 0.002859
 -0.753982 2.764602 0.028166 -0.005959 0.028756
 -0.628319 2.764602 0.028436 0.005010 0.044449
 -0.502655 2.764602 0.027536 -0.018548 0.022795
 -0.376991 2.764602 0.024919 -0.021010 -0.016901
 -0.251327 2.764602 0.022580 -0.013767 -0.015134
 -0.125664 2.764602 0.020784 -0.021424 0.018076
 0.000000 2.764602 0.016606 -0.039628 0.045556
 0.125664 2.764602 0.012963 -0.010133 0.058757
 0.251327 2.764602 0.015998 0.064832 0.057985
 0.376991 2.764602 0.027822 0.104118 0.047023
 0.502655 2.764602 0.038757 0.071423 0.033301
 0.628319 2.764602 0.046221 0.040512 -0.005115
 0.753982 2.764602 0.047125 -0.024402 -0.046655
 0.879646 2.764602 0.042297 -0.044282 -0.074813
 1.005310 2.764602 0.036860 -0.037736 -0.087337
 1.130973 2.764602 0.034424 0.002349 -0.072345
 1.256637 2.764602 0.036439 0.021509 -0.052085
 1.382301 2.764602 0.036498 -0.032580 -0.011028
 1.507964 2.764602 0.028633 -0.078881 0.049518
 1.633628 2.764602 0.019070 -0.072898 0.094861
 1.759292 2.764602 0.009788 -0.071384 0.090552
 1.884956 2.764602 0.002813 -0.035327 0.039720
 2.010619 2.764602 0.000433 -0.007246 0.008695
 2.136283 2.764602 0.000041 -0.000831 0.001051
 2.261947 2.764602 0.000003 -0.000042 0.000074
 2.387610 2.764602 0.000013 0.000324 0.000314
 2.513274 2.764602 0.000241 0.005008 0.004355
 2.638938 2.764602 0.002282 0.034322 0.027367
 2.764602 2.764602 0.010684 0.102144 0.067585
 2.890265 2.764602 0.025581 0.113760 0.044865
 3.015929 2.764602 0.034705 0.028109 -0.023801

 -3.141593 2.890265 0.032713 0.021658 -0.016294
 -3.015929 2.890265 0.034880 0.008784 -0.006986
 -2.890265 2.890265 0.033399 -0.034903 -0.023766
 -2.764602 2.890265 0.028181 -0.031726 -0.032197
 -2.638938 2.890265 0.027798 0.023130 -0.017373
 -2.513274 2.890265 0.032342 0.046291 -0.001944
 -2.387610 2.890265 0.037808 0.026204 0.012391
 -2.261947 2.890265 0.036597 -0.040160 0.037208
 -2.136283 2.890265 0.030447 -0.048675 0.048346
 -2.010619 2.890265 0.025581 -0.026100 0.054309
 -1.884956 2.890265 0.024486 0.010207 0.072862
 -1.759292 2.890265 0.027232 0.027990 0.074790
 -1.633628 2.890265 0.030597 0.023567 0.053764
 -1.507964 2.890265 0.032480 0.004395 0.040642
 -1.382301 2.890265 0.032243 -0.002866 0.044476
 -1.256637 2.890265 0.031708 -0.010871 0.041638
 -1.130973 2.890265 0.028969 -0.028132 0.021561
 -1.005310 2.890265 0.026867 0.003362 0.004009
 -0.879646 2.890265 0.029295 0.024635 0.008573
 -0.753982 2.890265 0.031715 0.016785 0.022141
 -0.628319 2.890265 0.033346 0.002255 0.027802
 -0.502655 2.890265 0.030897 -0.038896 0.035001
 -0.376991 2.890265 0.025766 -0.033518 0.043514
 -0.251327 2.890265 0.023005 -0.013221 0.035593
 -0.125664 2.890265 0.021640 -0.010480 0.009343
 0.000000 2.890265 0.020017 -0.013946 0.017544
 0.125664 2.890265 0.019210 0.006370 0.044753
 0.251327 2.890265 0.022521 0.048253 0.047307
 0.376991 2.890265 0.030894 0.078274 0.013767
 0.502655 2.890265 0.040055 0.062044 0.000134
 0.628319 2.890265 0.045003 0.007701 -0.010002
 0.753982 2.890265 0.041275 -0.056446 -0.030795
 0.879646 2.890265 0.034158 -0.051553 -0.020499
 1.005310 2.890265 0.028322 -0.036644 -0.007135
 1.130973 2.890265 0.026554 0.009680 -0.021996
 1.256637 2.890265 0.029044 0.021543 -0.045954
 1.382301 2.890265 0.030485 -0.001317 -0.064277
 1.507964 2.890265 0.029154 -0.013105 -0.025364
 1.633628 2.890265 0.028083 -0.009748 0.047906
 1.759292 2.890265 0.023565 -0.069233 0.120089
 1.884956 2.890265 0.012499 -0.090368 0.121045
 2.010619 2.890265 0.003789 -0.044713 0.053948
 2.136283 2.890265 0.000625 -0.010451 0.011271
 2.261947 2.890265 0.000071 -0.000782 0.001679
 2.387610 2.890265 0.000216 0.003936 0.004323
 2.513274 2.890265 0.001816 0.027142 0.025155
 2.638938 2.890265 0.008426 0.079253 0.071221
 2.764602 2.890265 0.019900 0.088969 0.068770
 2.890265 2.890265 0.027634 0.031729 -0.004746
 3.015929 2.890265 0.030094 0.017790 -0.032186

 -3.141593 3.015929 0.031465 0.029938 -0.004506
 -3.015929 3.015929 0.033118 -0.010000 -0.017380
 -2.890265 3.015929 0.028763 -0.050309 -0.036894
 -2.764602 3.015929 0.023740 -0.017850 -0.022498
 -2.638938 3.015929 0.025231 0.034222 -0.000633
 -2.513274 3.015929 0.029535 0.031150 -0.012566
 -2.387610 3.015929 0.033520 0.027896 -0.047079
 -2.261947 3.015929 0.034308 -0.016298 -0.050587
 -2.136283 3.015929 0.031199 -0.025380 -0.027272
 -2.010619 3.015929 0.029587 0.005938 0.008004
 -1.884956 3.015929 0.032660 0.036566 0.044741
 -1.759292 3.015929 0.036792 0.024045 0.060918
 -1.633628 3.015929 0.038126 -0.001269 0.053260
 -1.507964 3.015929 0.037500 -0.005886 0.037556
 -1.382301 3.015929 0.036674 -0.005962 0.030381
 -1.256637 3.015929 0.035636 -0.016186 0.026041
 -1.130973 3.015929 0.031982 -0.035356 0.027818
 -1.005310 3.015929 0.029483 0.003197 0.037195
 -0.879646 3.015929 0.031905 0.025498 0.036249
 -0.753982 3.015929 0.034323 0.012989 0.030686
 -0.628319 3.015929 0.035594 0.009427 0.017295
 -0.502655 3.015929 0.036311 -0.003715 0.047354
 -0.376991 3.015929 0.033828 -0.033505 0.066261
 -0.251327 3.015929 0.028475 -0.048566 0.034229
 -0.125664 3.015929 0.023404 -0.024151 0.018373
 0.000000 3.015929 0.022677 0.009326 0.031060
 0.125664 3.015929 0.024738 0.019450 0.042337
 0.251327 3.015929 0.027132 0.023268 0.022756
 0.376991 3.015929 0.032549 0.064371 0.010427
 0.502655 3.015929 0.040468 0.048143 0.003093
 0.628319 3.015929 0.043070 -0.007742 -0.025583
 0.753982 3.015929 0.040052 -0.024606 0.000673
 0.879646 3.015929 0.039521 0.010078 0.081136
 1.005310 3.015929 0.038679 -0.031280 0.144249
 1.130973 3.015929 0.033400 -0.039533 0.119411
 1.256637 3.015929 0.029292 -0.031677 0.050882
 1.382301 3.015929 0.025727 -0.015485 0.000813
 1.507964 3.015929 0.026867 0.032774 0.001987
 1.633628 3.015929 0.032570 0.050742 0.029085
 1.759292 3.015929 0.037095 0.007913 0.081375
 1.884956 3.015929 0.031382 -0.101448 0.155213
 2.010619 3.015929 0.015426 -0.125843 0.127826
 2.136283 3.015929 0.004144 -0.051237 0.050945
 2.261947 3.015929 0.000955 -0.006267 0.016887
 2.387610 3.015929 0.001894 0.023393 0.027460
 2.513274 3.015929 0.007859 0.074312 0.074523
 2.638938 3.015929 0.018977 0.085446 0.086647
 2.764602 3.015929 0.025468 0.015530 0.015222
 2.890265 3.015929 0.025425 -0.001832 -0.027065
 3.015929 3.015929 0.027235 0.030445 -0.015150
