             :-) GROMACS - gmx mdrun, 2024.2-plumed_2.10.0_dev (-:

Copyright 1991-2024 The GROMACS Authors.
GROMACS is free software; you can redistribute it and/or modify it
under the terms of the GNU Lesser General Public License
as published by the Free Software Foundation; either version 2.1
of the License, or (at your option) any later version.

                         Current GROMACS contributors:
       Mark Abraham           Andrey Alekseenko           Vladimir Basov      
      Cathrine Bergh            Eliane Briand               Ania Brown        
      Mahesh Doijade            Giacomo Fiorin          Stefan Fleischmann    
      Sergey Gorelov         Gilles Gouaillardet            Alan Gray         
     M. Eric Irrgang         Farzaneh Jalalypour            Joe Jordan        
     Carsten Kutzner           Justin A. Lemkul          Magnus Lundborg      
       Pascal Merz              Vedran Miletic            Dmitry Morozov      
       Julien Nabet              Szilard Pall        Andrea Pasquadibisceglie 
    Michele Pellegrino          Hubert Santuz             Roland Schulz       
     Tatiana Shugaeva          Alexey Shvetsov            Philip Turner       
     Alessandra Villa      Sebastian Wingbermuehle  

                         Previous GROMACS contributors:
        Emile Apol             Rossen Apostolov           James Barnett       
        Paul Bauer          Herman J.C. Berendsen          Par Bjelkmar       
      Christian Blau          Viacheslav Bolnykh            Kevin Boyd        
    Aldert van Buuren          Carlo Camilloni           Rudi van Drunen      
      Anton Feenstra           Oliver Fleetwood            Vytas Gapsys       
       Gaurav Garg             Gerrit Groenhof            Bert de Groot       
      Anca Hamuraru           Vincent Hindriksen          Victor Holanda      
     Aleksei Iupinov          Christoph Junghans        Prashanth Kanduri     
   Dimitrios Karkoulis           Peter Kasson             Sebastian Kehl      
     Sebastian Keller             Jiri Kraus               Per Larsson        
      Viveca Lindahl            Erik Marklund           Pieter Meulenhoff     
      Teemu Murtola              Sander Pronk             Michael Shirts      
      Alfons Sijbers            Balint Soproni         David van der Spoel    
      Peter Tieleman            Carsten Uphoff             Jon Vincent        
     Teemu Virolainen         Christian Wennberg           Maarten Wolf       
      Artem Zhmurov       

                  Coordinated by the GROMACS project leaders:
                           Berk Hess and Erik Lindahl

GROMACS:      gmx mdrun, version 2024.2-plumed_2.10.0_dev
Executable:   /home/nstrand/gromacs-2024.2/build/bin/gmx_mpi
Data prefix:  /home/nstrand/gromacs-2024.2 (source tree)
Working dir:  /project/dinner/nstrand/ACA-MTD/aladip
Process ID:   2956302
Command line:
  gmx_mpi mdrun -deffnm md_0_1 -plumed plumed6.dat -pin off

GROMACS version:     2024.2-plumed_2.10.0_dev
Precision:           mixed
Memory model:        64 bit
MPI library:         MPI
MPI library version: Intel(R) MPI Library 2021.5 for Linux* OS 
OpenMP support:      enabled (GMX_OPENMP_MAX_THREADS = 128)
GPU support:         disabled
SIMD instructions:   AVX_512
CPU FFT library:     Intel MKL version 2023.0.1 Build 20230303
GPU FFT library:     none
Multi-GPU FFT:       none
RDTSCP usage:        enabled
TNG support:         enabled
Hwloc support:       disabled
Tracing support:     disabled
C compiler:          /software/gcc-10.2.0-el8-x86_64/bin/gcc GNU 10.2.0
C compiler flags:    -fexcess-precision=fast -funroll-all-loops -march=skylake-avx512 -Wno-missing-field-initializers -O3 -DNDEBUG
C++ compiler:        /software/gcc-10.2.0-el8-x86_64/bin/c++ GNU 10.2.0
C++ compiler flags:  -fexcess-precision=fast -funroll-all-loops -march=skylake-avx512 -Wno-missing-field-initializers -Wno-cast-function-type-strict -fopenmp -O3 -DNDEBUG
BLAS library:        Intel MKL version 2023.0.1 Build 20230303
LAPACK library:      Intel MKL version 2023.0.1 Build 20230303


Running on 1 node with total 1 cores, 1 processing units
Hardware detected on host midway3-0251.rcc.local (the node of MPI rank 0):
  CPU info:
    Vendor: Intel
    Brand:  Intel(R) Xeon(R) Gold 6248R CPU @ 3.00GHz
    Family: 6   Model: 85   Stepping: 7
    Features: aes apic avx avx2 avx512f avx512cd avx512bw avx512vl avx512secondFMA clfsh cmov cx8 cx16 f16c fma htt intel lahf mmx msr nonstop_tsc pcid pclmuldq pdcm pdpe1gb popcnt pse rdrnd rdtscp sse2 sse3 sse4.1 sse4.2 ssse3 tdt x2apic
    Number of AVX-512 FMA units: 2
  Hardware topology: Basic
    Packages, cores, and logical processors:
    [indices refer to OS logical processors]
      Package  0: [  12]
    CPU limit set by OS: -1   Recommended max number of threads: 1


++++ PLEASE READ AND CITE THE FOLLOWING REFERENCE ++++
M. J. Abraham, T. Murtola, R. Schulz, S. Páll, J. C. Smith, B. Hess, E.
Lindahl
GROMACS: High performance molecular simulations through multi-level
parallelism from laptops to supercomputers
SoftwareX 1 (2015) pp. 19-25
-------- -------- --- Thank You --- -------- --------


++++ PLEASE READ AND CITE THE FOLLOWING REFERENCE ++++
S. Páll, M. J. Abraham, C. Kutzner, B. Hess, E. Lindahl
Tackling Exascale Software Challenges in Molecular Dynamics Simulations with
GROMACS
In S. Markidis & E. Laure (Eds.), Solving Software Challenges for Exascale 8759 (2015) pp. 3-27
-------- -------- --- Thank You --- -------- --------


++++ PLEASE READ AND CITE THE FOLLOWING REFERENCE ++++
S. Pronk, S. Páll, R. Schulz, P. Larsson, P. Bjelkmar, R. Apostolov, M. R.
Shirts, J. C. Smith, P. M. Kasson, D. van der Spoel, B. Hess, and E. Lindahl
GROMACS 4.5: a high-throughput and highly parallel open source molecular
simulation toolkit
Bioinformatics 29 (2013) pp. 845-54
-------- -------- --- Thank You --- -------- --------


++++ PLEASE READ AND CITE THE FOLLOWING REFERENCE ++++
B. Hess and C. Kutzner and D. van der Spoel and E. Lindahl
GROMACS 4: Algorithms for highly efficient, load-balanced, and scalable
molecular simulation
J. Chem. Theory Comput. 4 (2008) pp. 435-447
-------- -------- --- Thank You --- -------- --------


++++ PLEASE READ AND CITE THE FOLLOWING REFERENCE ++++
D. van der Spoel, E. Lindahl, B. Hess, G. Groenhof, A. E. Mark and H. J. C.
Berendsen
GROMACS: Fast, Flexible and Free
J. Comp. Chem. 26 (2005) pp. 1701-1719
-------- -------- --- Thank You --- -------- --------


++++ PLEASE READ AND CITE THE FOLLOWING REFERENCE ++++
E. Lindahl and B. Hess and D. van der Spoel
GROMACS 3.0: A package for molecular simulation and trajectory analysis
J. Mol. Mod. 7 (2001) pp. 306-317
-------- -------- --- Thank You --- -------- --------


++++ PLEASE READ AND CITE THE FOLLOWING REFERENCE ++++
H. J. C. Berendsen, D. van der Spoel and R. van Drunen
GROMACS: A message-passing parallel molecular dynamics implementation
Comp. Phys. Comm. 91 (1995) pp. 43-56
-------- -------- --- Thank You --- -------- --------

Input Parameters:
   integrator                     = sd
   tinit                          = 0
   dt                             = 0.002
   nsteps                         = 100000000
   init-step                      = 0
   simulation-part                = 1
   mts                            = false
   mass-repartition-factor        = 1
   comm-mode                      = Linear
   nstcomm                        = 100
   bd-fric                        = 0
   ld-seed                        = 1534719918
   emtol                          = 10
   emstep                         = 0.01
   niter                          = 20
   fcstep                         = 0
   nstcgsteep                     = 1000
   nbfgscorr                      = 10
   rtpi                           = 0.05
   nstxout                        = 0
   nstvout                        = 0
   nstfout                        = 0
   nstlog                         = 5000
   nstcalcenergy                  = 100
   nstenergy                      = 5000
   nstxout-compressed             = 5000
   compressed-x-precision         = 1000
   cutoff-scheme                  = Verlet
   nstlist                        = 10
   pbc                            = xyz
   periodic-molecules             = false
   verlet-buffer-tolerance        = 0.005
   verlet-buffer-pressure-tolerance = 0.5
   rlist                          = 1.062
   coulombtype                    = Cut-off
   coulomb-modifier               = Potential-shift
   rcoulomb-switch                = 0
   rcoulomb                       = 1
   epsilon-r                      = 1
   epsilon-rf                     = inf
   vdw-type                       = Cut-off
   vdw-modifier                   = Potential-shift
   rvdw-switch                    = 0
   rvdw                           = 1
   DispCorr                       = No
   table-extension                = 1
   fourierspacing                 = 0.12
   fourier-nx                     = 0
   fourier-ny                     = 0
   fourier-nz                     = 0
   pme-order                      = 4
   ewald-rtol                     = 1e-05
   ewald-rtol-lj                  = 0.001
   lj-pme-comb-rule               = Geometric
   ewald-geometry                 = 3d
   epsilon-surface                = 0
   ensemble-temperature-setting   = constant
   ensemble-temperature           = 300
   tcoupl                         = No
   nsttcouple                     = -1
   nh-chain-length                = 0
   print-nose-hoover-chain-variables = false
   pcoupl                         = No
   refcoord-scaling               = No
   posres-com (3):
      posres-com[0]= 0.00000e+00
      posres-com[1]= 0.00000e+00
      posres-com[2]= 0.00000e+00
   posres-comB (3):
      posres-comB[0]= 0.00000e+00
      posres-comB[1]= 0.00000e+00
      posres-comB[2]= 0.00000e+00
   QMMM                           = false
qm-opts:
   ngQM                           = 0
   constraint-algorithm           = Lincs
   continuation                   = false
   Shake-SOR                      = false
   shake-tol                      = 0.0001
   lincs-order                    = 4
   lincs-iter                     = 2
   lincs-warnangle                = 30
   nwall                          = 0
   wall-type                      = 9-3
   wall-r-linpot                  = -1
   wall-atomtype[0]               = -1
   wall-atomtype[1]               = -1
   wall-density[0]                = 0
   wall-density[1]                = 0
   wall-ewald-zfac                = 3
   pull                           = false
   awh                            = false
   rotation                       = false
   interactiveMD                  = false
   disre                          = No
   disre-weighting                = Conservative
   disre-mixed                    = false
   dr-fc                          = 1000
   dr-tau                         = 0
   nstdisreout                    = 100
   orire-fc                       = 0
   orire-tau                      = 0
   nstorireout                    = 100
   free-energy                    = no
   cos-acceleration               = 0
   deform (3x3):
      deform[    0]={ 0.00000e+00,  0.00000e+00,  0.00000e+00}
      deform[    1]={ 0.00000e+00,  0.00000e+00,  0.00000e+00}
      deform[    2]={ 0.00000e+00,  0.00000e+00,  0.00000e+00}
   simulated-tempering            = false
   swapcoords                     = no
   userint1                       = 0
   userint2                       = 0
   userint3                       = 0
   userint4                       = 0
   userreal1                      = 0
   userreal2                      = 0
   userreal3                      = 0
   userreal4                      = 0
   applied-forces:
     electric-field:
       x:
         E0                       = 0
         omega                    = 0
         t0                       = 0
         sigma                    = 0
       y:
         E0                       = 0
         omega                    = 0
         t0                       = 0
         sigma                    = 0
       z:
         E0                       = 0
         omega                    = 0
         t0                       = 0
         sigma                    = 0
     density-guided-simulation:
       active                     = false
       group                      = protein
       similarity-measure         = inner-product
       atom-spreading-weight      = unity
       force-constant             = 1e+09
       gaussian-transform-spreading-width = 0.2
       gaussian-transform-spreading-range-in-multiples-of-width = 4
       reference-density-filename = reference.mrc
       nst                        = 1
       normalize-densities        = true
       adaptive-force-scaling     = false
       adaptive-force-scaling-time-constant = 4
       shift-vector               = 
       transformation-matrix      = 
     qmmm-cp2k:
       active                     = false
       qmgroup                    = System
       qmmethod                   = PBE
       qmfilenames                = 
       qmcharge                   = 0
       qmmultiplicity             = 1
     colvars:
       active                     = false
       configfile                 = 
       seed                       = -1
grpopts:
   nrdf:          51
   ref-t:         300
   tau-t:         0.1
annealing:          No
annealing-npoints:           0
   acc:	           0           0           0
   nfreeze:           N           N           N
   energygrp-flags[  0]: 0

Changing nstlist from 10 to 25, rlist from 1.062 to 1.186

When checking whether update groups are usable:
  Domain decomposition is not active, so there is no need for update groups
Using 1 MPI process
Using 1 OpenMP thread 

System total charge: -0.000
Potential shift: LJ r^-12: -1.000e+00 r^-6: -1.000e+00, Coulomb -1e+00
Generated table with 1092 data points for 1-4 COUL.
Tabscale = 500 points/nm
Generated table with 1092 data points for 1-4 LJ6.
Tabscale = 500 points/nm
Generated table with 1092 data points for 1-4 LJ12.
Tabscale = 500 points/nm


Using SIMD2xMM 4x8 nonbonded short-range kernels

Using a dual 4x8 pair-list setup updated with dynamic pruning:
  outer list: updated every 25 steps, buffer 0.186 nm, rlist 1.186 nm
  inner list: updated every  5 steps, buffer 0.023 nm, rlist 1.023 nm
At tolerance 0.005 kJ/mol/ps per atom, equivalent classical 1x1 list would be:
  outer list: updated every 25 steps, buffer 0.244 nm, rlist 1.244 nm
  inner list: updated every  5 steps, buffer 0.034 nm, rlist 1.034 nm

The average pressure is off by at most 0.00 bar due to missing LJ interactions

Using Lorentz-Berthelot Lennard-Jones combination rule
Removing pbc first time

Initializing LINear Constraint Solver

++++ PLEASE READ AND CITE THE FOLLOWING REFERENCE ++++
B. Hess and H. Bekker and H. J. C. Berendsen and J. G. E. M. Fraaije
LINCS: A Linear Constraint Solver for molecular simulations
J. Comp. Chem. 18 (1997) pp. 1463-1472
-------- -------- --- Thank You --- -------- --------

The number of constraints is 12

++++ PLEASE READ AND CITE THE FOLLOWING REFERENCE ++++
N. Goga and A. J. Rzepiela and A. H. de Vries and S. J. Marrink and H. J. C.
Berendsen
Efficient Algorithms for Langevin and DPD Dynamics
J. Chem. Theory Comput. 8 (2012) pp. 3637--3649
-------- -------- --- Thank You --- -------- --------

There are: 22 Atoms

Constraining the starting coordinates (step 0)

Constraining the coordinates at t0-dt (step 0)
Center of mass motion removal mode is Linear
We have the following groups for center of mass motion removal:
  0:  rest
RMS relative constraint deviation after constraining: 1.58e-06
Initial temperature: 1.62794e-06 K

PLUMED: PLUMED is starting
PLUMED: Version: 2.10.0-dev (git: 0339a7fdf) compiled on Sep  8 2024 at 13:23:03
PLUMED: Please cite these papers when using PLUMED [1][2]
PLUMED: For further information see the PLUMED web page at http://www.plumed.org
PLUMED: Root: /home/nstrand/plumed2/
PLUMED: LibraryPath: /home/nstrand/plumed2/src/lib/libplumedKernel.so
PLUMED: For installed feature, see /home/nstrand/plumed2//src/config/config.txt
PLUMED: Molecular dynamics engine: gromacs
PLUMED: Precision of reals: 4
PLUMED: Running over 1 node
PLUMED: Number of threads: 1
PLUMED: Cache line size: 512
PLUMED: Number of atoms: 22
PLUMED: File suffix: 
PLUMED: FILE: plumed6.dat
PLUMED: Action MOLINFO
PLUMED:   with label @0
PLUMED:   pdb file named diala.pdb contains 1 chains 
PLUMED:   chain named   contains residues 1 to 3 and atoms 1 to 22 
PLUMED: Action TORSION
PLUMED:   with label phi
PLUMED:   between atoms 5 7 9 15
PLUMED:   using periodic boundary conditions
PLUMED: Action TORSION
PLUMED:   with label psi
PLUMED:   between atoms 7 9 15 17
PLUMED:   using periodic boundary conditions
PLUMED: Action TTSKETCH
PLUMED:   with label ttsketch
PLUMED:   with arguments : 
PLUMED:    scalar with label phi 
PLUMED:    scalar with label psi 
PLUMED:   added component to this action:  ttsketch.bias 
PLUMED: Action REWEIGHT_BIAS
PLUMED:   with label as
PLUMED:   with arguments : 
PLUMED:    scalar with label ttsketch.bias 
PLUMED: Action HISTOGRAM
PLUMED:   with label hhphi
PLUMED: Action COMBINE
PLUMED:   with label hhphi_wsum
PLUMED:   with arguments : 
PLUMED:    scalar with label as 
PLUMED:   with coefficients: 1.000000
PLUMED:   with parameters: 0.000000
PLUMED:   and powers: 1.000000
PLUMED: Action CUSTOM
PLUMED:   with label hhphi_weight
PLUMED:   with arguments : 
PLUMED:    scalar with label hhphi_wsum 
PLUMED:   with function : exp(x)
PLUMED:   with variables : x
PLUMED:   function as parsed by lepton: exp(x)
PLUMED:   derivatives as computed by lepton:
PLUMED:     exp(x)
PLUMED: Action KDE
PLUMED:   with label hhphi_kde
PLUMED:   with arguments : 
PLUMED:    scalar with label phi 
PLUMED: Action CONSTANT
PLUMED:   with label hhphi_kde_sigma
PLUMED:   read in 1 values : 0.035000
PLUMED: Action CUSTOM
PLUMED:   with label hhphi_kde_cov
PLUMED:   with arguments : 
PLUMED:    scalar with label hhphi_kde_sigma 
PLUMED:   with function : x*x
PLUMED:   with variables : x
PLUMED:   function as parsed by lepton: square(x)
PLUMED:   derivatives as computed by lepton:
PLUMED:     (x)+(x)
PLUMED:   not calculating when all arguments are zero 
PLUMED:   values stored by this action are computed during startup and stay fixed during the simulation
PLUMED:   1 values stored in component labelled hhphi_kde_cov are :  0.001225
PLUMED: Action CUSTOM
PLUMED:   with label hhphi_kde_icov
PLUMED:   with arguments : 
PLUMED:    scalar with label hhphi_kde_cov 
PLUMED:   with function : 1/x
PLUMED:   with variables : x
PLUMED:   function as parsed by lepton: recip(x)
PLUMED:   derivatives as computed by lepton:
PLUMED:     (-1)/(square(x))
PLUMED:   values stored by this action are computed during startup and stay fixed during the simulation
PLUMED:   1 values stored in component labelled hhphi_kde_icov are :  816.326531
PLUMED: Action PRODUCT
PLUMED:   with label hhphi_kde_bwprod
PLUMED: Action CONCATENATE
PLUMED:   with label hhphi_kde_bwprod_vec
PLUMED:   with arguments : 
PLUMED:    scalar with label hhphi_kde_cov 
PLUMED:   creating vector with 1 elements 
PLUMED:   values stored by this action are computed during startup and stay fixed during the simulation
PLUMED:   1 values stored in component labelled hhphi_kde_bwprod_vec are :  0.001225
PLUMED: Action CUSTOM
PLUMED:   with label hhphi_kde_bwprod_logs
PLUMED:   with arguments : 
PLUMED:    vector with label hhphi_kde_bwprod_vec 
PLUMED:   with function : log(x)
PLUMED:   with variables : x
PLUMED:   function as parsed by lepton: log(x)
PLUMED:   derivatives as computed by lepton:
PLUMED:     recip(x)
PLUMED:   values stored by this action are computed during startup and stay fixed during the simulation
PLUMED:   1 values stored in component labelled hhphi_kde_bwprod_logs are :  -6.704814
PLUMED: Action SUM
PLUMED:   with label hhphi_kde_bwprod_logsum
PLUMED:   with arguments : 
PLUMED:    vector with label hhphi_kde_bwprod_logs 
PLUMED:   values stored by this action are computed during startup and stay fixed during the simulation
PLUMED:   1 values stored in component labelled hhphi_kde_bwprod_logsum are :  -6.704814
PLUMED: Action CUSTOM
PLUMED:   with label hhphi_kde_bwprod
PLUMED:   with arguments : 
PLUMED:    scalar with label hhphi_kde_bwprod_logsum 
PLUMED:   with function : exp(x)
PLUMED:   with variables : x
PLUMED:   function as parsed by lepton: exp(x)
PLUMED:   derivatives as computed by lepton:
PLUMED:     exp(x)
PLUMED:   values stored by this action are computed during startup and stay fixed during the simulation
PLUMED:   1 values stored in component labelled hhphi_kde_bwprod are :  0.001225
PLUMED: Action CUSTOM
PLUMED:   with label hhphi_kde_vol
PLUMED:   with arguments : 
PLUMED:    scalar with label hhphi_kde_bwprod 
PLUMED:   with function : (sqrt(x)*2.50663)
PLUMED:   with variables : x
PLUMED:   function as parsed by lepton: 2.50663*(sqrt(x))
PLUMED:   derivatives as computed by lepton:
PLUMED:     1.25331*(recip(sqrt(x)))
PLUMED:   not calculating when all arguments are zero 
PLUMED:   values stored by this action are computed during startup and stay fixed during the simulation
PLUMED:   1 values stored in component labelled hhphi_kde_vol are :  0.087732
PLUMED: Action CUSTOM
PLUMED:   with label hhphi_kde_height
PLUMED:   with arguments : 
PLUMED:    scalar with label hhphi_kde_vol 
PLUMED:   with function : 1/x
PLUMED:   with variables : x
PLUMED:   function as parsed by lepton: recip(x)
PLUMED:   derivatives as computed by lepton:
PLUMED:     (-1)/(square(x))
PLUMED:   values stored by this action are computed during startup and stay fixed during the simulation
PLUMED:   1 values stored in component labelled hhphi_kde_height are :  11.398343
PLUMED:   quantities used for weights are : hhphi_kde_height 
PLUMED:   bandwidths are taken from : hhphi_kde_icov 
PLUMED:   for 1th coordinate min is set to -pi and max is set to pi 
PLUMED: Action CUSTOM
PLUMED:   with label hhphi_kdep
PLUMED: Action CUSTOM_GRID
PLUMED:   with label hhphi_kdep
PLUMED:   with arguments : 
PLUMED:  function on grid with label hhphi_kde 
PLUMED:    scalar with label hhphi_weight 
PLUMED:   optimizing implementation as function only involves multiplication 
PLUMED:   with function : x*y
PLUMED:   with variables : x y
PLUMED:   function as parsed by lepton: (x)*(y)
PLUMED:   derivatives as computed by lepton:
PLUMED:     y
PLUMED:     x
PLUMED:   not calculating when all arguments are zero 
PLUMED: Action ACCUMULATE
PLUMED:   with label hhphi_u
PLUMED:   with arguments : 
PLUMED:  function on grid with label hhphi_kdep 
PLUMED:   with stride 100
PLUMED: Action ACCUMULATE
PLUMED:   with label hhphi_nsum
PLUMED:   with arguments : 
PLUMED:    scalar with label hhphi_weight 
PLUMED:   with stride 100
PLUMED: Action CUSTOM
PLUMED:   with label hhphi
PLUMED: Action CUSTOM_GRID
PLUMED:   with label hhphi
PLUMED:   with arguments : 
PLUMED:  function on grid with label hhphi_u 
PLUMED:    scalar with label hhphi_nsum 
PLUMED:   with function : x/y
PLUMED:   with variables : x y
PLUMED:   function as parsed by lepton: (x)/(y)
PLUMED:   derivatives as computed by lepton:
PLUMED:     (y)/(square(y))
PLUMED:     -((x)/(square(y)))
PLUMED: Action HISTOGRAM
PLUMED:   with label hhpsi
PLUMED: Action COMBINE
PLUMED:   with label hhpsi_wsum
PLUMED:   with arguments : 
PLUMED:    scalar with label as 
PLUMED:   with coefficients: 1.000000
PLUMED:   with parameters: 0.000000
PLUMED:   and powers: 1.000000
PLUMED: Action CUSTOM
PLUMED:   with label hhpsi_weight
PLUMED:   with arguments : 
PLUMED:    scalar with label hhpsi_wsum 
PLUMED:   with function : exp(x)
PLUMED:   with variables : x
PLUMED:   function as parsed by lepton: exp(x)
PLUMED:   derivatives as computed by lepton:
PLUMED:     exp(x)
PLUMED: Action KDE
PLUMED:   with label hhpsi_kde
PLUMED:   with arguments : 
PLUMED:    scalar with label psi 
PLUMED: Action CONSTANT
PLUMED:   with label hhpsi_kde_sigma
PLUMED:   read in 1 values : 0.035000
PLUMED: Action CUSTOM
PLUMED:   with label hhpsi_kde_cov
PLUMED:   with arguments : 
PLUMED:    scalar with label hhpsi_kde_sigma 
PLUMED:   with function : x*x
PLUMED:   with variables : x
PLUMED:   function as parsed by lepton: square(x)
PLUMED:   derivatives as computed by lepton:
PLUMED:     (x)+(x)
PLUMED:   not calculating when all arguments are zero 
PLUMED:   values stored by this action are computed during startup and stay fixed during the simulation
PLUMED:   1 values stored in component labelled hhpsi_kde_cov are :  0.001225
PLUMED: Action CUSTOM
PLUMED:   with label hhpsi_kde_icov
PLUMED:   with arguments : 
PLUMED:    scalar with label hhpsi_kde_cov 
PLUMED:   with function : 1/x
PLUMED:   with variables : x
PLUMED:   function as parsed by lepton: recip(x)
PLUMED:   derivatives as computed by lepton:
PLUMED:     (-1)/(square(x))
PLUMED:   values stored by this action are computed during startup and stay fixed during the simulation
PLUMED:   1 values stored in component labelled hhpsi_kde_icov are :  816.326531
PLUMED: Action PRODUCT
PLUMED:   with label hhpsi_kde_bwprod
PLUMED: Action CONCATENATE
PLUMED:   with label hhpsi_kde_bwprod_vec
PLUMED:   with arguments : 
PLUMED:    scalar with label hhpsi_kde_cov 
PLUMED:   creating vector with 1 elements 
PLUMED:   values stored by this action are computed during startup and stay fixed during the simulation
PLUMED:   1 values stored in component labelled hhpsi_kde_bwprod_vec are :  0.001225
PLUMED: Action CUSTOM
PLUMED:   with label hhpsi_kde_bwprod_logs
PLUMED:   with arguments : 
PLUMED:    vector with label hhpsi_kde_bwprod_vec 
PLUMED:   with function : log(x)
PLUMED:   with variables : x
PLUMED:   function as parsed by lepton: log(x)
PLUMED:   derivatives as computed by lepton:
PLUMED:     recip(x)
PLUMED:   values stored by this action are computed during startup and stay fixed during the simulation
PLUMED:   1 values stored in component labelled hhpsi_kde_bwprod_logs are :  -6.704814
PLUMED: Action SUM
PLUMED:   with label hhpsi_kde_bwprod_logsum
PLUMED:   with arguments : 
PLUMED:    vector with label hhpsi_kde_bwprod_logs 
PLUMED:   values stored by this action are computed during startup and stay fixed during the simulation
PLUMED:   1 values stored in component labelled hhpsi_kde_bwprod_logsum are :  -6.704814
PLUMED: Action CUSTOM
PLUMED:   with label hhpsi_kde_bwprod
PLUMED:   with arguments : 
PLUMED:    scalar with label hhpsi_kde_bwprod_logsum 
PLUMED:   with function : exp(x)
PLUMED:   with variables : x
PLUMED:   function as parsed by lepton: exp(x)
PLUMED:   derivatives as computed by lepton:
PLUMED:     exp(x)
PLUMED:   values stored by this action are computed during startup and stay fixed during the simulation
PLUMED:   1 values stored in component labelled hhpsi_kde_bwprod are :  0.001225
PLUMED: Action CUSTOM
PLUMED:   with label hhpsi_kde_vol
PLUMED:   with arguments : 
PLUMED:    scalar with label hhpsi_kde_bwprod 
PLUMED:   with function : (sqrt(x)*2.50663)
PLUMED:   with variables : x
PLUMED:   function as parsed by lepton: 2.50663*(sqrt(x))
PLUMED:   derivatives as computed by lepton:
PLUMED:     1.25331*(recip(sqrt(x)))
PLUMED:   not calculating when all arguments are zero 
PLUMED:   values stored by this action are computed during startup and stay fixed during the simulation
PLUMED:   1 values stored in component labelled hhpsi_kde_vol are :  0.087732
PLUMED: Action CUSTOM
PLUMED:   with label hhpsi_kde_height
PLUMED:   with arguments : 
PLUMED:    scalar with label hhpsi_kde_vol 
PLUMED:   with function : 1/x
PLUMED:   with variables : x
PLUMED:   function as parsed by lepton: recip(x)
PLUMED:   derivatives as computed by lepton:
PLUMED:     (-1)/(square(x))
PLUMED:   values stored by this action are computed during startup and stay fixed during the simulation
PLUMED:   1 values stored in component labelled hhpsi_kde_height are :  11.398343
PLUMED:   quantities used for weights are : hhpsi_kde_height 
PLUMED:   bandwidths are taken from : hhpsi_kde_icov 
PLUMED:   for 1th coordinate min is set to -pi and max is set to pi 
PLUMED: Action CUSTOM
PLUMED:   with label hhpsi_kdep
PLUMED: Action CUSTOM_GRID
PLUMED:   with label hhpsi_kdep
PLUMED:   with arguments : 
PLUMED:  function on grid with label hhpsi_kde 
PLUMED:    scalar with label hhpsi_weight 
PLUMED:   optimizing implementation as function only involves multiplication 
PLUMED:   with function : x*y
PLUMED:   with variables : x y
PLUMED:   function as parsed by lepton: (x)*(y)
PLUMED:   derivatives as computed by lepton:
PLUMED:     y
PLUMED:     x
PLUMED:   not calculating when all arguments are zero 
PLUMED: Action ACCUMULATE
PLUMED:   with label hhpsi_u
PLUMED:   with arguments : 
PLUMED:  function on grid with label hhpsi_kdep 
PLUMED:   with stride 100
PLUMED: Action ACCUMULATE
PLUMED:   with label hhpsi_nsum
PLUMED:   with arguments : 
PLUMED:    scalar with label hhpsi_weight 
PLUMED:   with stride 100
PLUMED: Action CUSTOM
PLUMED:   with label hhpsi
PLUMED: Action CUSTOM_GRID
PLUMED:   with label hhpsi
PLUMED:   with arguments : 
PLUMED:  function on grid with label hhpsi_u 
PLUMED:    scalar with label hhpsi_nsum 
PLUMED:   with function : x/y
PLUMED:   with variables : x y
PLUMED:   function as parsed by lepton: (x)/(y)
PLUMED:   derivatives as computed by lepton:
PLUMED:     (y)/(square(y))
PLUMED:     -((x)/(square(y)))
PLUMED: Action HISTOGRAM
PLUMED:   with label hh2d
PLUMED: Action COMBINE
PLUMED:   with label hh2d_wsum
PLUMED:   with arguments : 
PLUMED:    scalar with label as 
PLUMED:   with coefficients: 1.000000
PLUMED:   with parameters: 0.000000
PLUMED:   and powers: 1.000000
PLUMED: Action CUSTOM
PLUMED:   with label hh2d_weight
PLUMED:   with arguments : 
PLUMED:    scalar with label hh2d_wsum 
PLUMED:   with function : exp(x)
PLUMED:   with variables : x
PLUMED:   function as parsed by lepton: exp(x)
PLUMED:   derivatives as computed by lepton:
PLUMED:     exp(x)
PLUMED: Action KDE
PLUMED:   with label hh2d_kde
PLUMED:   with arguments : 
PLUMED:    scalar with label phi 
PLUMED:    scalar with label psi 
PLUMED: Action CONSTANT
PLUMED:   with label hh2d_kde_sigma
PLUMED:   read in 2 values : 0.080000 0.080000
PLUMED: Action CUSTOM
PLUMED:   with label hh2d_kde_cov
PLUMED:   with arguments : 
PLUMED:    vector with label hh2d_kde_sigma 
PLUMED:   with function : x*x
PLUMED:   with variables : x
PLUMED:   function as parsed by lepton: square(x)
PLUMED:   derivatives as computed by lepton:
PLUMED:     (x)+(x)
PLUMED:   not calculating when all arguments are zero 
PLUMED:   values stored by this action are computed during startup and stay fixed during the simulation
PLUMED:   2 values stored in component labelled hh2d_kde_cov are :  0.006400 0.006400
PLUMED: Action CUSTOM
PLUMED:   with label hh2d_kde_icov
PLUMED:   with arguments : 
PLUMED:    vector with label hh2d_kde_cov 
PLUMED:   with function : 1/x
PLUMED:   with variables : x
PLUMED:   function as parsed by lepton: recip(x)
PLUMED:   derivatives as computed by lepton:
PLUMED:     (-1)/(square(x))
PLUMED:   values stored by this action are computed during startup and stay fixed during the simulation
PLUMED:   2 values stored in component labelled hh2d_kde_icov are :  156.250000 156.250000
PLUMED: Action PRODUCT
PLUMED:   with label hh2d_kde_bwprod
PLUMED: Action CONCATENATE
PLUMED:   with label hh2d_kde_bwprod_vec
PLUMED:   with arguments : 
PLUMED:    vector with label hh2d_kde_cov 
PLUMED:   creating vector with 2 elements 
PLUMED:   values stored by this action are computed during startup and stay fixed during the simulation
PLUMED:   2 values stored in component labelled hh2d_kde_bwprod_vec are :  0.006400 0.006400
PLUMED: Action CUSTOM
PLUMED:   with label hh2d_kde_bwprod_logs
PLUMED:   with arguments : 
PLUMED:    vector with label hh2d_kde_bwprod_vec 
PLUMED:   with function : log(x)
PLUMED:   with variables : x
PLUMED:   function as parsed by lepton: log(x)
PLUMED:   derivatives as computed by lepton:
PLUMED:     recip(x)
PLUMED:   values stored by this action are computed during startup and stay fixed during the simulation
PLUMED:   2 values stored in component labelled hh2d_kde_bwprod_logs are :  -5.051457 -5.051457
PLUMED: Action SUM
PLUMED:   with label hh2d_kde_bwprod_logsum
PLUMED:   with arguments : 
PLUMED:    vector with label hh2d_kde_bwprod_logs 
PLUMED:   values stored by this action are computed during startup and stay fixed during the simulation
PLUMED:   1 values stored in component labelled hh2d_kde_bwprod_logsum are :  -10.102915
PLUMED: Action CUSTOM
PLUMED:   with label hh2d_kde_bwprod
PLUMED:   with arguments : 
PLUMED:    scalar with label hh2d_kde_bwprod_logsum 
PLUMED:   with function : exp(x)
PLUMED:   with variables : x
PLUMED:   function as parsed by lepton: exp(x)
PLUMED:   derivatives as computed by lepton:
PLUMED:     exp(x)
PLUMED:   values stored by this action are computed during startup and stay fixed during the simulation
PLUMED:   1 values stored in component labelled hh2d_kde_bwprod are :  0.000041
PLUMED: Action CUSTOM
PLUMED:   with label hh2d_kde_vol
PLUMED:   with arguments : 
PLUMED:    scalar with label hh2d_kde_bwprod 
PLUMED:   with function : (sqrt(x)*6.28319)
PLUMED:   with variables : x
PLUMED:   function as parsed by lepton: 6.28319*(sqrt(x))
PLUMED:   derivatives as computed by lepton:
PLUMED:     3.1416*(recip(sqrt(x)))
PLUMED:   not calculating when all arguments are zero 
PLUMED:   values stored by this action are computed during startup and stay fixed during the simulation
PLUMED:   1 values stored in component labelled hh2d_kde_vol are :  0.040212
PLUMED: Action CUSTOM
PLUMED:   with label hh2d_kde_height
PLUMED:   with arguments : 
PLUMED:    scalar with label hh2d_kde_vol 
PLUMED:   with function : 1/x
PLUMED:   with variables : x
PLUMED:   function as parsed by lepton: recip(x)
PLUMED:   derivatives as computed by lepton:
PLUMED:     (-1)/(square(x))
PLUMED:   values stored by this action are computed during startup and stay fixed during the simulation
PLUMED:   1 values stored in component labelled hh2d_kde_height are :  24.867941
PLUMED:   quantities used for weights are : hh2d_kde_height 
PLUMED:   bandwidths are taken from : hh2d_kde_icov 
PLUMED:   for 1th coordinate min is set to -pi and max is set to pi 
PLUMED:   for 2th coordinate min is set to -pi and max is set to pi 
PLUMED: Action CUSTOM
PLUMED:   with label hh2d_kdep
PLUMED: Action CUSTOM_GRID
PLUMED:   with label hh2d_kdep
PLUMED:   with arguments : 
PLUMED:  function on grid with label hh2d_kde 
PLUMED:    scalar with label hh2d_weight 
PLUMED:   optimizing implementation as function only involves multiplication 
PLUMED:   with function : x*y
PLUMED:   with variables : x y
PLUMED:   function as parsed by lepton: (x)*(y)
PLUMED:   derivatives as computed by lepton:
PLUMED:     y
PLUMED:     x
PLUMED:   not calculating when all arguments are zero 
PLUMED: Action ACCUMULATE
PLUMED:   with label hh2d_u
PLUMED:   with arguments : 
PLUMED:  function on grid with label hh2d_kdep 
PLUMED:   with stride 100
PLUMED: Action ACCUMULATE
PLUMED:   with label hh2d_nsum
PLUMED:   with arguments : 
PLUMED:    scalar with label hh2d_weight 
PLUMED:   with stride 100
PLUMED: Action CUSTOM
PLUMED:   with label hh2d
PLUMED: Action CUSTOM_GRID
PLUMED:   with label hh2d
PLUMED:   with arguments : 
PLUMED:  function on grid with label hh2d_u 
PLUMED:    scalar with label hh2d_nsum 
PLUMED:   with function : x/y
PLUMED:   with variables : x y
PLUMED:   function as parsed by lepton: (x)/(y)
PLUMED:   derivatives as computed by lepton:
PLUMED:     (y)/(square(y))
PLUMED:     -((x)/(square(y)))
PLUMED: Action CONVERT_TO_FES
PLUMED:   with label ffphi
PLUMED: Action CUSTOM
PLUMED:   with label ffphi
PLUMED: Action CUSTOM_GRID
PLUMED:   with label ffphi
PLUMED:   with arguments : 
PLUMED:  function on grid with label hhphi 
PLUMED:   with function : -2.49434*log(x)
PLUMED:   with variables : x
PLUMED:   function as parsed by lepton: -2.49434*(log(x))
PLUMED:   derivatives as computed by lepton:
PLUMED:     -2.49434*(recip(x))
PLUMED: Action CONVERT_TO_FES
PLUMED:   with label ffpsi
PLUMED: Action CUSTOM
PLUMED:   with label ffpsi
PLUMED: Action CUSTOM_GRID
PLUMED:   with label ffpsi
PLUMED:   with arguments : 
PLUMED:  function on grid with label hhpsi 
PLUMED:   with function : -2.49434*log(x)
PLUMED:   with variables : x
PLUMED:   function as parsed by lepton: -2.49434*(log(x))
PLUMED:   derivatives as computed by lepton:
PLUMED:     -2.49434*(recip(x))
PLUMED: Action CONVERT_TO_FES
PLUMED:   with label ff2d
PLUMED: Action CUSTOM
PLUMED:   with label ff2d
PLUMED: Action CUSTOM_GRID
PLUMED:   with label ff2d
PLUMED:   with arguments : 
PLUMED:  function on grid with label hh2d 
PLUMED:   with function : -2.49434*log(x)
PLUMED:   with variables : x
PLUMED:   function as parsed by lepton: -2.49434*(log(x))
PLUMED:   derivatives as computed by lepton:
PLUMED:     -2.49434*(recip(x))
PLUMED: Action DUMPGRID
PLUMED:   with label @103
PLUMED:   with stride 5000000
PLUMED:   outputting grid with label ffphi to file named ffphi.dat with format %f 
PLUMED:   printing all grids on separate files 
PLUMED: Action DUMPGRID
PLUMED:   with label @104
PLUMED:   with stride 5000000
PLUMED:   outputting grid with label ffpsi to file named ffpsi.dat with format %f 
PLUMED:   printing all grids on separate files 
PLUMED: Action DUMPGRID
PLUMED:   with label @105
PLUMED:   with stride 5000000
PLUMED:   outputting grid with label ff2d to file named ff2d.dat with format %f 
PLUMED:   printing all grids on separate files 
PLUMED: Action PRINT
PLUMED:   with label @106
PLUMED:   with stride 100
PLUMED:   with arguments : 
PLUMED:    scalar with label phi 
PLUMED:    scalar with label psi 
PLUMED:    scalar with label ttsketch.bias 
PLUMED:   on file colvar.dat
PLUMED:   with format  %f
PLUMED: END FILE: plumed6.dat
PLUMED: Timestep: 0.002000
PLUMED: KbT: 2.494339
PLUMED: Relevant bibliography:
PLUMED: Please read and cite where appropriate!
PLUMED: Finished setup
Started mdrun on rank 0 Sun Sep  8 13:24:43 2024

           Step           Time
              0        0.00000

   Energies (kJ/mol)
           Bond          Angle    Proper Dih. Per. Imp. Dih.          LJ-14
    2.47861e+00    5.32211e+00    4.54211e+01    2.50068e-01    1.26082e+01
     Coulomb-14        LJ (SR)   Coulomb (SR)      Potential    Kinetic En.
    1.91048e+02   -2.06846e+00   -3.42066e+02   -8.70059e+01    1.54706e+00
   Total Energy    Temperature Pressure (bar)   Constr. rmsd
   -8.54588e+01    7.29679e+00   -1.51826e-02    1.41501e-06

PLUMED: Vbias update 1...
PLUMED: 
           Step           Time
           5000       10.00000

   Energies (kJ/mol)
           Bond          Angle    Proper Dih. Per. Imp. Dih.          LJ-14
    1.49917e+01    3.64320e+01    4.95185e+01    2.43478e+00    2.06776e+01
     Coulomb-14        LJ (SR)   Coulomb (SR)      Potential    Kinetic En.
    1.94779e+02   -1.63485e+00   -3.43072e+02   -2.58728e+01    7.14361e+01
   Total Energy    Temperature Pressure (bar)   Constr. rmsd
    4.55634e+01    3.36933e+02    7.32838e-01    1.66502e-06

           Step           Time
          10000       20.00000

   Energies (kJ/mol)
           Bond          Angle    Proper Dih. Per. Imp. Dih.          LJ-14
    5.76768e+00    2.67147e+01    5.25933e+01    2.11713e+00    1.71536e+01
     Coulomb-14        LJ (SR)   Coulomb (SR)      Potential    Kinetic En.
    2.24284e+02   -4.58080e+00   -3.57265e+02   -3.32157e+01    8.46263e+01
   Total Energy    Temperature Pressure (bar)   Constr. rmsd
    5.14107e+01    3.99145e+02   -1.06315e+00    1.34540e-06

           Step           Time
          15000       30.00000

   Energies (kJ/mol)
           Bond          Angle    Proper Dih. Per. Imp. Dih.          LJ-14
    1.64653e+01    2.57789e+01    5.03707e+01    6.26653e-01    9.29449e+00
     Coulomb-14        LJ (SR)   Coulomb (SR)      Potential    Kinetic En.
    1.94288e+02   -3.11735e+00   -3.41588e+02   -4.78815e+01    5.99390e+01
   Total Energy    Temperature Pressure (bar)   Constr. rmsd
    1.20575e+01    2.82706e+02   -3.23903e+00    1.36777e-06

           Step           Time
          20000       40.00000

   Energies (kJ/mol)
           Bond          Angle    Proper Dih. Per. Imp. Dih.          LJ-14
    1.60298e+01    3.92272e+01    6.32347e+01    2.87666e+00    1.03431e+01
     Coulomb-14        LJ (SR)   Coulomb (SR)      Potential    Kinetic En.
    1.83582e+02    1.93570e+00   -3.40056e+02   -2.28269e+01    7.60545e+01
   Total Energy    Temperature Pressure (bar)   Constr. rmsd
    5.32276e+01    3.58716e+02   -2.50003e+00    1.19940e-06

           Step           Time
          25000       50.00000

   Energies (kJ/mol)
           Bond          Angle    Proper Dih. Per. Imp. Dih.          LJ-14
    2.48023e+01    2.81457e+01    4.44231e+01    4.19250e+00    1.65794e+01
     Coulomb-14        LJ (SR)   Coulomb (SR)      Potential    Kinetic En.
    1.95690e+02   -3.17044e+00   -3.34739e+02   -2.40767e+01    7.41770e+01
   Total Energy    Temperature Pressure (bar)   Constr. rmsd
    5.01003e+01    3.49860e+02   -2.19282e+00    8.47141e-07

           Step           Time
          30000       60.00000

   Energies (kJ/mol)
           Bond          Angle    Proper Dih. Per. Imp. Dih.          LJ-14
    1.69322e+01    5.34764e+01    4.01563e+01    2.20090e+00    1.69091e+01
     Coulomb-14        LJ (SR)   Coulomb (SR)      Potential    Kinetic En.
    1.88401e+02   -2.37701e+00   -3.24715e+02   -9.01639e+00    6.90433e+01
   Total Energy    Temperature Pressure (bar)   Constr. rmsd
    6.00269e+01    3.25647e+02   -3.26057e-01    1.60555e-06

           Step           Time
          35000       70.00000

   Energies (kJ/mol)
           Bond          Angle    Proper Dih. Per. Imp. Dih.          LJ-14
    2.77704e+01    2.76771e+01    4.05312e+01    5.29583e-01    1.03589e+01
     Coulomb-14        LJ (SR)   Coulomb (SR)      Potential    Kinetic En.
    1.93822e+02   -7.31604e+00   -3.25924e+02   -3.25509e+01    1.00522e+02
   Total Energy    Temperature Pressure (bar)   Constr. rmsd
    6.79713e+01    4.74119e+02   -4.75732e+00    1.38541e-06

           Step           Time
          40000       80.00000

   Energies (kJ/mol)
           Bond          Angle    Proper Dih. Per. Imp. Dih.          LJ-14
    2.52481e+01    3.91614e+01    4.35606e+01    2.68184e+00    7.27025e+00
     Coulomb-14        LJ (SR)   Coulomb (SR)      Potential    Kinetic En.
    1.86482e+02   -6.45141e+00   -3.20156e+02   -2.22025e+01    6.78382e+01
   Total Energy    Temperature Pressure (bar)   Constr. rmsd
    4.56358e+01    3.19963e+02   -3.76984e-01    1.50995e-06

           Step           Time
          45000       90.00000

   Energies (kJ/mol)
           Bond          Angle    Proper Dih. Per. Imp. Dih.          LJ-14
    9.57308e+00    4.27217e+01    4.45165e+01    1.77514e+00    8.72963e+00
     Coulomb-14        LJ (SR)   Coulomb (SR)      Potential    Kinetic En.
    1.89835e+02   -6.93994e+00   -3.23941e+02   -3.37300e+01    8.54866e+01
   Total Energy    Temperature Pressure (bar)   Constr. rmsd
    5.17566e+01    4.03203e+02   -4.70533e-01    1.44482e-06

           Step           Time
          50000      100.00000

   Energies (kJ/mol)
           Bond          Angle    Proper Dih. Per. Imp. Dih.          LJ-14
    9.46872e+00    4.33164e+01    5.92314e+01    6.10287e-01    9.40059e+00
     Coulomb-14        LJ (SR)   Coulomb (SR)      Potential    Kinetic En.
    1.89798e+02   -5.19067e+00   -3.35590e+02   -2.89556e+01    7.15976e+01
   Total Energy    Temperature Pressure (bar)   Constr. rmsd
    4.26420e+01    3.37694e+02   -1.01477e+00    1.27733e-06

           Step           Time
          55000      110.00000

   Energies (kJ/mol)
           Bond          Angle    Proper Dih. Per. Imp. Dih.          LJ-14
    1.29842e+01    3.92487e+01    4.52997e+01    4.34556e+00    1.03563e+01
     Coulomb-14        LJ (SR)   Coulomb (SR)      Potential    Kinetic En.
    1.93158e+02   -6.86912e+00   -3.25025e+02   -2.65022e+01    5.79088e+01
   Total Energy    Temperature Pressure (bar)   Constr. rmsd
    3.14067e+01    2.73131e+02   -3.61712e+00    1.21558e-06

           Step           Time
          60000      120.00000

   Energies (kJ/mol)
           Bond          Angle    Proper Dih. Per. Imp. Dih.          LJ-14
    1.10496e+01    2.28204e+01    5.87835e+01    2.56895e+00    1.47741e+01
     Coulomb-14        LJ (SR)   Coulomb (SR)      Potential    Kinetic En.
    1.94220e+02   -9.65882e-01   -3.51571e+02   -4.83196e+01    6.29212e+01
   Total Energy    Temperature Pressure (bar)   Constr. rmsd
    1.46017e+01    2.96772e+02    1.53729e+00    1.40882e-06

           Step           Time
          65000      130.00000

   Energies (kJ/mol)
           Bond          Angle    Proper Dih. Per. Imp. Dih.          LJ-14
    1.29828e+01    3.81838e+01    5.29222e+01    9.57160e+00    1.07502e+01
     Coulomb-14        LJ (SR)   Coulomb (SR)      Potential    Kinetic En.
    1.90923e+02   -5.33659e+00   -3.38747e+02   -2.87498e+01    7.75865e+01
   Total Energy    Temperature Pressure (bar)   Constr. rmsd
    4.88367e+01    3.65941e+02   -8.28498e-01    9.96931e-07

           Step           Time
          70000      140.00000

   Energies (kJ/mol)
           Bond          Angle    Proper Dih. Per. Imp. Dih.          LJ-14
    1.34729e+01    5.58982e+01    4.72215e+01    8.78561e-01    1.11489e+01
     Coulomb-14        LJ (SR)   Coulomb (SR)      Potential    Kinetic En.
    1.76281e+02    1.07297e+00   -3.31556e+02   -2.55820e+01    7.68407e+01
   Total Energy    Temperature Pressure (bar)   Constr. rmsd
    5.12587e+01    3.62424e+02    1.86105e+00    1.25016e-06

           Step           Time
          75000      150.00000

   Energies (kJ/mol)
           Bond          Angle    Proper Dih. Per. Imp. Dih.          LJ-14
    1.35327e+01    2.40152e+01    5.00407e+01    2.42616e-01    1.63104e+01
     Coulomb-14        LJ (SR)   Coulomb (SR)      Potential    Kinetic En.
    2.03904e+02   -4.42078e+00   -3.37919e+02   -3.42943e+01    7.06027e+01
   Total Energy    Temperature Pressure (bar)   Constr. rmsd
    3.63084e+01    3.33002e+02    2.44808e+00    1.64733e-06

           Step           Time
          80000      160.00000

   Energies (kJ/mol)
           Bond          Angle    Proper Dih. Per. Imp. Dih.          LJ-14
    1.94426e+01    4.41657e+01    4.22379e+01    4.31780e+00    1.17250e+01
     Coulomb-14        LJ (SR)   Coulomb (SR)      Potential    Kinetic En.
    1.77283e+02   -4.51282e+00   -3.11153e+02   -1.64936e+01    6.05982e+01
   Total Energy    Temperature Pressure (bar)   Constr. rmsd
    4.41046e+01    2.85815e+02   -1.65494e+00    1.54321e-06

           Step           Time
          85000      170.00000

   Energies (kJ/mol)
           Bond          Angle    Proper Dih. Per. Imp. Dih.          LJ-14
    1.82024e+01    3.33412e+01    5.32978e+01    1.12029e+00    1.49857e+01
     Coulomb-14        LJ (SR)   Coulomb (SR)      Potential    Kinetic En.
    1.78330e+02   -3.76376e+00   -3.13471e+02   -1.79576e+01    8.85912e+01
   Total Energy    Temperature Pressure (bar)   Constr. rmsd
    7.06336e+01    4.17846e+02   -2.14706e-02    1.73904e-06

           Step           Time
          90000      180.00000

   Energies (kJ/mol)
           Bond          Angle    Proper Dih. Per. Imp. Dih.          LJ-14
    7.68484e+00    2.08529e+01    5.67923e+01    5.09162e+00    1.25890e+01
     Coulomb-14        LJ (SR)   Coulomb (SR)      Potential    Kinetic En.
    1.95800e+02   -7.26360e+00   -3.32395e+02   -4.08479e+01    6.95971e+01
   Total Energy    Temperature Pressure (bar)   Constr. rmsd
    2.87492e+01    3.28259e+02   -7.41754e-01    1.36626e-06

           Step           Time
          95000      190.00000

   Energies (kJ/mol)
           Bond          Angle    Proper Dih. Per. Imp. Dih.          LJ-14
    5.65693e+00    3.45671e+01    5.48057e+01    3.73220e+00    1.42863e+01
     Coulomb-14        LJ (SR)   Coulomb (SR)      Potential    Kinetic En.
    2.00411e+02   -4.39188e+00   -3.42185e+02   -3.31179e+01    6.71854e+01
   Total Energy    Temperature Pressure (bar)   Constr. rmsd
    3.40675e+01    3.16884e+02   -9.14488e-01    1.58821e-06

           Step           Time
         100000      200.00000

   Energies (kJ/mol)
           Bond          Angle    Proper Dih. Per. Imp. Dih.          LJ-14
    1.14818e+01    2.66055e+01    4.19433e+01    1.21418e+00    1.41975e+01
     Coulomb-14        LJ (SR)   Coulomb (SR)      Potential    Kinetic En.
    1.91326e+02    4.80907e+00   -3.44026e+02   -5.24481e+01    6.91722e+01
   Total Energy    Temperature Pressure (bar)   Constr. rmsd
    1.67241e+01    3.26255e+02    2.50182e+00    9.42903e-07

           Step           Time
         105000      210.00000

   Energies (kJ/mol)
           Bond          Angle    Proper Dih. Per. Imp. Dih.          LJ-14
    1.33948e+01    3.24944e+01    5.44592e+01    1.07318e-01    1.28419e+01
     Coulomb-14        LJ (SR)   Coulomb (SR)      Potential    Kinetic En.
    2.01592e+02   -5.48376e+00   -3.35895e+02   -2.64885e+01    6.39726e+01
   Total Energy    Temperature Pressure (bar)   Constr. rmsd
    3.74841e+01    3.01731e+02   -1.94530e+00    1.47434e-06

           Step           Time
         110000      220.00000

   Energies (kJ/mol)
           Bond          Angle    Proper Dih. Per. Imp. Dih.          LJ-14
    1.21657e+01    4.10387e+01    4.11477e+01    3.12805e+00    1.78029e+01
     Coulomb-14        LJ (SR)   Coulomb (SR)      Potential    Kinetic En.
    2.06281e+02   -5.81171e+00   -3.42531e+02   -2.67786e+01    8.70745e+01
   Total Energy    Temperature Pressure (bar)   Constr. rmsd
    6.02958e+01    4.10692e+02    9.59367e-01    1.50169e-06

           Step           Time
         115000      230.00000

   Energies (kJ/mol)
           Bond          Angle    Proper Dih. Per. Imp. Dih.          LJ-14
    1.96853e+01    4.54954e+01    4.24957e+01    3.11166e+00    6.45114e+00
     Coulomb-14        LJ (SR)   Coulomb (SR)      Potential    Kinetic En.
    1.84133e+02   -5.53790e+00   -3.16001e+02   -2.01673e+01    6.08294e+01
   Total Energy    Temperature Pressure (bar)   Constr. rmsd
    4.06621e+01    2.86906e+02   -4.29836e+00    2.03298e-06

           Step           Time
         120000      240.00000

   Energies (kJ/mol)
           Bond          Angle    Proper Dih. Per. Imp. Dih.          LJ-14
    7.44515e+00    3.28158e+01    4.45745e+01    1.57711e+00    1.69470e+01
     Coulomb-14        LJ (SR)   Coulomb (SR)      Potential    Kinetic En.
    1.93223e+02   -6.52065e+00   -3.29971e+02   -3.99091e+01    7.85017e+01
   Total Energy    Temperature Pressure (bar)   Constr. rmsd
    3.85926e+01    3.70258e+02    3.59757e-01    1.05044e-06

           Step           Time
         125000      250.00000

   Energies (kJ/mol)
           Bond          Angle    Proper Dih. Per. Imp. Dih.          LJ-14
    5.35085e+00    2.94624e+01    4.49401e+01    1.19869e+00    1.00499e+01
     Coulomb-14        LJ (SR)   Coulomb (SR)      Potential    Kinetic En.
    2.07078e+02   -4.84544e+00   -3.33974e+02   -4.07397e+01    5.47498e+01
   Total Energy    Temperature Pressure (bar)   Constr. rmsd
    1.40101e+01    2.58231e+02   -1.31568e+00    1.59417e-06

           Step           Time
         130000      260.00000

   Energies (kJ/mol)
           Bond          Angle    Proper Dih. Per. Imp. Dih.          LJ-14
    7.36668e+00    4.29889e+01    4.42605e+01    6.16911e-01    1.28183e+01
     Coulomb-14        LJ (SR)   Coulomb (SR)      Potential    Kinetic En.
    1.92163e+02   -4.93389e+00   -3.17464e+02   -2.21831e+01    7.38192e+01
   Total Energy    Temperature Pressure (bar)   Constr. rmsd
    5.16361e+01    3.48173e+02    1.84700e+00    1.32221e-06

           Step           Time
         135000      270.00000

   Energies (kJ/mol)
           Bond          Angle    Proper Dih. Per. Imp. Dih.          LJ-14
    1.28682e+01    4.15970e+01    3.83029e+01    9.55601e-01    9.91207e+00
     Coulomb-14        LJ (SR)   Coulomb (SR)      Potential    Kinetic En.
    1.92339e+02   -5.78167e+00   -3.20525e+02   -3.03318e+01    5.55243e+01
   Total Energy    Temperature Pressure (bar)   Constr. rmsd
    2.51925e+01    2.61884e+02   -9.98931e-01    1.30983e-06

           Step           Time
         140000      280.00000

   Energies (kJ/mol)
           Bond          Angle    Proper Dih. Per. Imp. Dih.          LJ-14
    8.27529e+00    4.37744e+01    4.35432e+01    4.24975e-01    1.31812e+01
     Coulomb-14        LJ (SR)   Coulomb (SR)      Potential    Kinetic En.
    1.90487e+02   -3.50022e+00   -3.22083e+02   -2.58978e+01    5.17176e+01
   Total Energy    Temperature Pressure (bar)   Constr. rmsd
    2.58199e+01    2.43930e+02    4.93691e-01    1.10000e-06

           Step           Time
         145000      290.00000

   Energies (kJ/mol)
           Bond          Angle    Proper Dih. Per. Imp. Dih.          LJ-14
    1.00335e+01    3.57397e+01    5.01037e+01    3.39591e+00    1.54399e+01
     Coulomb-14        LJ (SR)   Coulomb (SR)      Potential    Kinetic En.
    1.96996e+02    7.49654e-01   -3.46552e+02   -3.40934e+01    7.78767e+01
   Total Energy    Temperature Pressure (bar)   Constr. rmsd
    4.37832e+01    3.67310e+02   -7.01136e-01    1.31491e-06

           Step           Time
         150000      300.00000

   Energies (kJ/mol)
           Bond          Angle    Proper Dih. Per. Imp. Dih.          LJ-14
    4.75286e+00    4.24549e+01    4.68775e+01    6.51770e+00    1.10690e+01
     Coulomb-14        LJ (SR)   Coulomb (SR)      Potential    Kinetic En.
    2.08938e+02   -5.55027e+00   -3.36166e+02   -2.11067e+01    7.06946e+01
   Total Energy    Temperature Pressure (bar)   Constr. rmsd
    4.95880e+01    3.33436e+02   -2.75534e-02    1.34804e-06

           Step           Time
         155000      310.00000

   Energies (kJ/mol)
           Bond          Angle    Proper Dih. Per. Imp. Dih.          LJ-14
    7.52861e+00    3.25948e+01    4.17356e+01    4.95835e+00    1.50028e+01
     Coulomb-14        LJ (SR)   Coulomb (SR)      Potential    Kinetic En.
    2.00598e+02   -6.56075e+00   -3.28947e+02   -3.30894e+01    7.09929e+01
   Total Energy    Temperature Pressure (bar)   Constr. rmsd
    3.79034e+01    3.34842e+02    2.75514e+00    1.65566e-06

           Step           Time
         160000      320.00000

   Energies (kJ/mol)
           Bond          Angle    Proper Dih. Per. Imp. Dih.          LJ-14
    9.85486e+00    3.45600e+01    5.70893e+01    4.13527e+00    1.41752e+01
     Coulomb-14        LJ (SR)   Coulomb (SR)      Potential    Kinetic En.
    1.96990e+02   -3.46051e-01   -3.52048e+02   -3.55887e+01    9.01560e+01
   Total Energy    Temperature Pressure (bar)   Constr. rmsd
    5.45673e+01    4.25227e+02    1.79147e+00    1.57389e-06

           Step           Time
         165000      330.00000

   Energies (kJ/mol)
           Bond          Angle    Proper Dih. Per. Imp. Dih.          LJ-14
    1.45036e+01    3.32803e+01    5.94049e+01    4.76815e+00    1.10476e+01
     Coulomb-14        LJ (SR)   Coulomb (SR)      Potential    Kinetic En.
    2.00483e+02   -7.41610e+00   -3.30464e+02   -1.43926e+01    6.27406e+01
   Total Energy    Temperature Pressure (bar)   Constr. rmsd
    4.83480e+01    2.95920e+02    3.46636e-01    9.59863e-07

           Step           Time
         170000      340.00000

   Energies (kJ/mol)
           Bond          Angle    Proper Dih. Per. Imp. Dih.          LJ-14
    4.67077e+00    3.78107e+01    5.13844e+01    8.85781e+00    1.65689e+01
     Coulomb-14        LJ (SR)   Coulomb (SR)      Potential    Kinetic En.
    1.88667e+02   -1.80628e+00   -3.27349e+02   -2.11948e+01    7.73973e+01
   Total Energy    Temperature Pressure (bar)   Constr. rmsd
    5.62025e+01    3.65049e+02    1.70777e-01    9.25953e-07

           Step           Time
         175000      350.00000

   Energies (kJ/mol)
           Bond          Angle    Proper Dih. Per. Imp. Dih.          LJ-14
    2.70981e+01    7.68060e+01    4.80371e+01    1.37863e+00    6.98138e+00
     Coulomb-14        LJ (SR)   Coulomb (SR)      Potential    Kinetic En.
    1.74679e+02   -3.31103e+00   -3.23825e+02    7.84415e+00    6.79593e+01
   Total Energy    Temperature Pressure (bar)   Constr. rmsd
    7.58035e+01    3.20534e+02   -4.07948e+00    1.27420e-06

           Step           Time
         180000      360.00000

   Energies (kJ/mol)
           Bond          Angle    Proper Dih. Per. Imp. Dih.          LJ-14
    5.16263e+00    3.46756e+01    3.78743e+01    2.39998e+00    1.45746e+01
     Coulomb-14        LJ (SR)   Coulomb (SR)      Potential    Kinetic En.
    2.01819e+02   -5.63684e+00   -3.33742e+02   -4.28723e+01    5.10195e+01
   Total Energy    Temperature Pressure (bar)   Constr. rmsd
    8.14721e+00    2.40637e+02   -5.40205e-01    1.65906e-06

           Step           Time
         185000      370.00000

   Energies (kJ/mol)
           Bond          Angle    Proper Dih. Per. Imp. Dih.          LJ-14
    8.23157e+00    2.30341e+01    4.08812e+01    2.89522e+00    1.48163e+01
     Coulomb-14        LJ (SR)   Coulomb (SR)      Potential    Kinetic En.
    1.93719e+02   -4.85154e+00   -3.28725e+02   -4.99990e+01    5.54594e+01
   Total Energy    Temperature Pressure (bar)   Constr. rmsd
    5.46049e+00    2.61578e+02    1.01272e+00    1.38081e-06

           Step           Time
         190000      380.00000

   Energies (kJ/mol)
           Bond          Angle    Proper Dih. Per. Imp. Dih.          LJ-14
    1.38302e+01    5.00241e+01    4.23355e+01    2.10492e+00    1.40932e+01
     Coulomb-14        LJ (SR)   Coulomb (SR)      Potential    Kinetic En.
    1.88256e+02   -5.61431e+00   -3.21251e+02   -1.62218e+01    6.74750e+01
   Total Energy    Temperature Pressure (bar)   Constr. rmsd
    5.12532e+01    3.18250e+02   -2.14144e-01    1.29071e-06

           Step           Time
         195000      390.00000

   Energies (kJ/mol)
           Bond          Angle    Proper Dih. Per. Imp. Dih.          LJ-14
    1.86330e+01    4.55643e+01    5.49234e+01    3.85319e+00    1.19035e+01
     Coulomb-14        LJ (SR)   Coulomb (SR)      Potential    Kinetic En.
    1.78628e+02   -1.33029e+00   -3.35639e+02   -2.34635e+01    9.01794e+01
   Total Energy    Temperature Pressure (bar)   Constr. rmsd
    6.67159e+01    4.25337e+02   -1.54380e-01    1.39297e-06

           Step           Time
         200000      400.00000

   Energies (kJ/mol)
           Bond          Angle    Proper Dih. Per. Imp. Dih.          LJ-14
    8.65793e+00    5.55210e+01    4.68147e+01    1.97774e+00    1.61125e+01
     Coulomb-14        LJ (SR)   Coulomb (SR)      Potential    Kinetic En.
    1.87202e+02   -7.44808e+00   -3.14654e+02   -5.81650e+00    5.11092e+01
   Total Energy    Temperature Pressure (bar)   Constr. rmsd
    4.52927e+01    2.41060e+02   -4.17521e-01    1.37683e-06

           Step           Time
         205000      410.00000

   Energies (kJ/mol)
           Bond          Angle    Proper Dih. Per. Imp. Dih.          LJ-14
    1.59135e+01    5.72764e+01    5.95118e+01    1.95120e+00    1.83158e+01
     Coulomb-14        LJ (SR)   Coulomb (SR)      Potential    Kinetic En.
    1.87161e+02    2.11382e-01   -3.43852e+02   -3.51007e+00    4.47788e+01
   Total Energy    Temperature Pressure (bar)   Constr. rmsd
    4.12687e+01    2.11202e+02   -5.91822e-01    1.04308e-06

           Step           Time
         210000      420.00000

   Energies (kJ/mol)
           Bond          Angle    Proper Dih. Per. Imp. Dih.          LJ-14
    4.47558e+00    4.41414e+01    5.51977e+01    3.90892e+00    1.12140e+01
     Coulomb-14        LJ (SR)   Coulomb (SR)      Potential    Kinetic En.
    1.87037e+02   -6.41729e+00   -3.31361e+02   -3.18045e+01    7.34470e+01
   Total Energy    Temperature Pressure (bar)   Constr. rmsd
    4.16425e+01    3.46417e+02    8.47501e-01    1.36115e-06

           Step           Time
         215000      430.00000

   Energies (kJ/mol)
           Bond          Angle    Proper Dih. Per. Imp. Dih.          LJ-14
    1.30096e+01    2.12467e+01    5.21908e+01    9.02804e-01    1.32416e+01
     Coulomb-14        LJ (SR)   Coulomb (SR)      Potential    Kinetic En.
    1.93612e+02   -5.21074e+00   -3.34375e+02   -4.53824e+01    6.34672e+01
   Total Energy    Temperature Pressure (bar)   Constr. rmsd
    1.80848e+01    2.99347e+02    1.81117e+00    1.55734e-06

           Step           Time
         220000      440.00000

   Energies (kJ/mol)
           Bond          Angle    Proper Dih. Per. Imp. Dih.          LJ-14
    9.92055e+00    3.15187e+01    4.98320e+01    1.33500e+00    8.69143e+00
     Coulomb-14        LJ (SR)   Coulomb (SR)      Potential    Kinetic En.
    1.93556e+02   -7.06285e+00   -3.28985e+02   -4.11941e+01    7.08783e+01
   Total Energy    Temperature Pressure (bar)   Constr. rmsd
    2.96842e+01    3.34302e+02   -2.22473e+00    1.67786e-06

           Step           Time
         225000      450.00000

   Energies (kJ/mol)
           Bond          Angle    Proper Dih. Per. Imp. Dih.          LJ-14
    2.09452e+01    2.67538e+01    3.87768e+01    2.18865e+00    1.22633e+01
     Coulomb-14        LJ (SR)   Coulomb (SR)      Potential    Kinetic En.
    1.87038e+02   -4.74484e+00   -3.20395e+02   -3.71733e+01    6.90119e+01
   Total Energy    Temperature Pressure (bar)   Constr. rmsd
    3.18386e+01    3.25499e+02   -1.37639e+00    1.61300e-06

           Step           Time
         230000      460.00000

   Energies (kJ/mol)
           Bond          Angle    Proper Dih. Per. Imp. Dih.          LJ-14
    2.91117e+01    5.49898e+01    4.76637e+01    2.64982e+00    1.46447e+01
     Coulomb-14        LJ (SR)   Coulomb (SR)      Potential    Kinetic En.
    2.04027e+02   -4.67121e+00   -3.42243e+02    6.17172e+00    8.14439e+01
   Total Energy    Temperature Pressure (bar)   Constr. rmsd
    8.76156e+01    3.84135e+02    2.71495e+00    1.39425e-06

           Step           Time
         235000      470.00000

   Energies (kJ/mol)
           Bond          Angle    Proper Dih. Per. Imp. Dih.          LJ-14
    1.12240e+01    2.65789e+01    4.10799e+01    1.04313e+00    1.53457e+01
     Coulomb-14        LJ (SR)   Coulomb (SR)      Potential    Kinetic En.
    2.06954e+02   -6.17518e+00   -3.38385e+02   -4.23340e+01    7.56955e+01
   Total Energy    Temperature Pressure (bar)   Constr. rmsd
    3.33615e+01    3.57023e+02    1.89323e+00    1.44830e-06

           Step           Time
         240000      480.00000

   Energies (kJ/mol)
           Bond          Angle    Proper Dih. Per. Imp. Dih.          LJ-14
    1.15392e+01    3.58354e+01    5.17650e+01    1.88973e+00    1.58044e+01
     Coulomb-14        LJ (SR)   Coulomb (SR)      Potential    Kinetic En.
    1.87031e+02   -1.62200e-01   -3.41313e+02   -3.76104e+01    5.83511e+01
   Total Energy    Temperature Pressure (bar)   Constr. rmsd
    2.07407e+01    2.75217e+02    1.63186e+00    1.22962e-06

           Step           Time
         245000      490.00000

   Energies (kJ/mol)
           Bond          Angle    Proper Dih. Per. Imp. Dih.          LJ-14
    1.11510e+01    2.56023e+01    4.28949e+01    3.41885e+00    1.78340e+01
     Coulomb-14        LJ (SR)   Coulomb (SR)      Potential    Kinetic En.
    1.88070e+02   -2.88336e+00   -3.23461e+02   -3.73741e+01    6.73727e+01
   Total Energy    Temperature Pressure (bar)   Constr. rmsd
    2.99986e+01    3.17767e+02   -9.98677e-01    1.92304e-06

           Step           Time
         250000      500.00000

   Energies (kJ/mol)
           Bond          Angle    Proper Dih. Per. Imp. Dih.          LJ-14
    1.49626e+01    4.06149e+01    4.67088e+01    2.09415e+00    1.32738e+01
     Coulomb-14        LJ (SR)   Coulomb (SR)      Potential    Kinetic En.
    1.82625e+02   -8.80176e-01   -3.31928e+02   -3.25294e+01    5.59945e+01
   Total Energy    Temperature Pressure (bar)   Constr. rmsd
    2.34651e+01    2.64102e+02    7.49393e-01    1.61364e-06

           Step           Time
         255000      510.00000

   Energies (kJ/mol)
           Bond          Angle    Proper Dih. Per. Imp. Dih.          LJ-14
    1.36689e+01    4.50840e+01    4.45540e+01    1.61655e+00    1.77763e+01
     Coulomb-14        LJ (SR)   Coulomb (SR)      Potential    Kinetic En.
    1.91219e+02   -1.91729e+00   -3.32819e+02   -2.08176e+01    6.72648e+01
   Total Energy    Temperature Pressure (bar)   Constr. rmsd
    4.64472e+01    3.17259e+02    4.29161e+00    1.36072e-06

           Step           Time
         260000      520.00000

   Energies (kJ/mol)
           Bond          Angle    Proper Dih. Per. Imp. Dih.          LJ-14
    7.65935e+00    4.80657e+01    4.92713e+01    5.53182e+00    1.47425e+01
     Coulomb-14        LJ (SR)   Coulomb (SR)      Potential    Kinetic En.
    2.03046e+02   -7.25379e+00   -3.40377e+02   -1.93141e+01    4.37392e+01
   Total Energy    Temperature Pressure (bar)   Constr. rmsd
    2.44251e+01    2.06299e+02    1.13776e+00    1.34474e-06

           Step           Time
         265000      530.00000

   Energies (kJ/mol)
           Bond          Angle    Proper Dih. Per. Imp. Dih.          LJ-14
    7.42458e+00    2.81043e+01    4.66881e+01    1.98908e+00    1.45357e+01
     Coulomb-14        LJ (SR)   Coulomb (SR)      Potential    Kinetic En.
    1.84982e+02    1.02864e-01   -3.42328e+02   -5.85008e+01    8.34723e+01
   Total Energy    Temperature Pressure (bar)   Constr. rmsd
    2.49715e+01    3.93702e+02    1.96267e+00    1.84566e-06

           Step           Time
         270000      540.00000

   Energies (kJ/mol)
           Bond          Angle    Proper Dih. Per. Imp. Dih.          LJ-14
    1.12907e+01    3.44236e+01    4.86979e+01    2.06290e+00    1.80708e+01
     Coulomb-14        LJ (SR)   Coulomb (SR)      Potential    Kinetic En.
    1.84368e+02   -7.55039e-01   -3.36430e+02   -3.82707e+01    6.71025e+01
   Total Energy    Temperature Pressure (bar)   Constr. rmsd
    2.88318e+01    3.16493e+02    1.69560e+00    1.45595e-06

           Step           Time
         275000      550.00000

   Energies (kJ/mol)
           Bond          Angle    Proper Dih. Per. Imp. Dih.          LJ-14
    5.56264e+00    3.92330e+01    5.55256e+01    8.26221e+00    1.89016e+01
     Coulomb-14        LJ (SR)   Coulomb (SR)      Potential    Kinetic En.
    1.97424e+02   -4.55880e+00   -3.46107e+02   -2.57567e+01    6.23073e+01
   Total Energy    Temperature Pressure (bar)   Constr. rmsd
    3.65506e+01    2.93876e+02    5.08470e-01    1.38861e-06

           Step           Time
         280000      560.00000

   Energies (kJ/mol)
           Bond          Angle    Proper Dih. Per. Imp. Dih.          LJ-14
    7.07988e+00    3.98692e+01    4.05162e+01    1.88464e+00    1.20071e+01
     Coulomb-14        LJ (SR)   Coulomb (SR)      Potential    Kinetic En.
    2.00979e+02   -5.34855e+00   -3.27709e+02   -3.07208e+01    5.98133e+01
   Total Energy    Temperature Pressure (bar)   Constr. rmsd
    2.90926e+01    2.82113e+02   -1.57392e+00    1.17244e-06

           Step           Time
         285000      570.00000

   Energies (kJ/mol)
           Bond          Angle    Proper Dih. Per. Imp. Dih.          LJ-14
    1.75559e+01    3.96031e+01    4.49421e+01    9.87133e+00    2.28304e+01
     Coulomb-14        LJ (SR)   Coulomb (SR)      Potential    Kinetic En.
    2.01595e+02   -4.96128e+00   -3.41534e+02   -1.00979e+01    6.51762e+01
   Total Energy    Temperature Pressure (bar)   Constr. rmsd
    5.50783e+01    3.07408e+02   -7.95269e-01    1.61859e-06

           Step           Time
         290000      580.00000

   Energies (kJ/mol)
           Bond          Angle    Proper Dih. Per. Imp. Dih.          LJ-14
    1.71864e+01    2.63145e+01    4.21368e+01    1.32659e+00    1.31636e+01
     Coulomb-14        LJ (SR)   Coulomb (SR)      Potential    Kinetic En.
    1.94371e+02   -4.59744e+00   -3.29072e+02   -3.91698e+01    6.01737e+01
   Total Energy    Temperature Pressure (bar)   Constr. rmsd
    2.10039e+01    2.83813e+02   -1.81250e+00    1.58027e-06

           Step           Time
         295000      590.00000

   Energies (kJ/mol)
           Bond          Angle    Proper Dih. Per. Imp. Dih.          LJ-14
    4.97473e+00    3.19126e+01    4.67321e+01    2.49595e+00    1.49696e+01
     Coulomb-14        LJ (SR)   Coulomb (SR)      Potential    Kinetic En.
    2.02438e+02    7.73036e+00   -3.55539e+02   -4.42856e+01    6.21083e+01
   Total Energy    Temperature Pressure (bar)   Constr. rmsd
    1.78228e+01    2.92938e+02    2.25003e+00    1.23647e-06

           Step           Time
         300000      600.00000

   Energies (kJ/mol)
           Bond          Angle    Proper Dih. Per. Imp. Dih.          LJ-14
    1.00680e+01    2.86507e+01    5.09232e+01    6.35276e-01    1.23731e+01
     Coulomb-14        LJ (SR)   Coulomb (SR)      Potential    Kinetic En.
    1.98098e+02   -5.33706e+00   -3.41730e+02   -4.63193e+01    7.43414e+01
   Total Energy    Temperature Pressure (bar)   Constr. rmsd
    2.80221e+01    3.50636e+02   -4.84959e-01    1.50258e-06

           Step           Time
         305000      610.00000

   Energies (kJ/mol)
           Bond          Angle    Proper Dih. Per. Imp. Dih.          LJ-14
    1.09727e+01    4.61257e+01    4.76636e+01    7.93674e-01    1.04243e+01
     Coulomb-14        LJ (SR)   Coulomb (SR)      Potential    Kinetic En.
    1.84034e+02   -4.94184e-01   -3.36137e+02   -3.66174e+01    6.34921e+01
   Total Energy    Temperature Pressure (bar)   Constr. rmsd
    2.68747e+01    2.99465e+02   -2.11626e+00    1.48305e-06

           Step           Time
         310000      620.00000

   Energies (kJ/mol)
           Bond          Angle    Proper Dih. Per. Imp. Dih.          LJ-14
    4.78936e+00    3.34204e+01    4.32917e+01    5.46027e-01    1.41787e+01
     Coulomb-14        LJ (SR)   Coulomb (SR)      Potential    Kinetic En.
    1.99880e+02   -3.30198e+00   -3.38423e+02   -4.56186e+01    7.70755e+01
   Total Energy    Temperature Pressure (bar)   Constr. rmsd
    3.14569e+01    3.63531e+02    8.97817e-01    1.22456e-06

           Step           Time
         315000      630.00000

   Energies (kJ/mol)
           Bond          Angle    Proper Dih. Per. Imp. Dih.          LJ-14
    1.13404e+01    3.29343e+01    4.25956e+01    1.03775e+01    1.37507e+01
     Coulomb-14        LJ (SR)   Coulomb (SR)      Potential    Kinetic En.
    1.95141e+02   -3.55687e+00   -3.28936e+02   -2.63530e+01    6.12770e+01
   Total Energy    Temperature Pressure (bar)   Constr. rmsd
    3.49240e+01    2.89017e+02   -9.54226e-01    1.64885e-06

           Step           Time
         320000      640.00000

   Energies (kJ/mol)
           Bond          Angle    Proper Dih. Per. Imp. Dih.          LJ-14
    1.09139e+01    2.43152e+01    5.51873e+01    2.47885e+00    1.36252e+01
     Coulomb-14        LJ (SR)   Coulomb (SR)      Potential    Kinetic En.
    1.90107e+02    2.53701e-02   -3.40969e+02   -4.43158e+01    6.26671e+01
   Total Energy    Temperature Pressure (bar)   Constr. rmsd
    1.83513e+01    2.95573e+02    4.97931e-01    1.48394e-06

           Step           Time
         325000      650.00000

   Energies (kJ/mol)
           Bond          Angle    Proper Dih. Per. Imp. Dih.          LJ-14
    2.33506e+01    2.38510e+01    4.87701e+01    8.75901e-01    1.90166e+01
     Coulomb-14        LJ (SR)   Coulomb (SR)      Potential    Kinetic En.
    1.89480e+02    4.78918e+00   -3.42309e+02   -3.21750e+01    5.17602e+01
   Total Energy    Temperature Pressure (bar)   Constr. rmsd
    1.95852e+01    2.44130e+02    1.38551e+00    1.05423e-06

           Step           Time
         330000      660.00000

   Energies (kJ/mol)
           Bond          Angle    Proper Dih. Per. Imp. Dih.          LJ-14
    5.81034e+00    2.56105e+01    4.81891e+01    5.13187e-01    1.25162e+01
     Coulomb-14        LJ (SR)   Coulomb (SR)      Potential    Kinetic En.
    1.96814e+02   -3.76633e+00   -3.42746e+02   -5.70587e+01    5.62406e+01
   Total Energy    Temperature Pressure (bar)   Constr. rmsd
   -8.18047e-01    2.65263e+02   -9.02193e-01    1.18799e-06

           Step           Time
         335000      670.00000

   Energies (kJ/mol)
           Bond          Angle    Proper Dih. Per. Imp. Dih.          LJ-14
    7.03811e+00    3.13102e+01    3.99749e+01    7.00545e-01    1.35763e+01
     Coulomb-14        LJ (SR)   Coulomb (SR)      Potential    Kinetic En.
    1.93119e+02   -5.24604e+00   -3.24456e+02   -4.39834e+01    6.83427e+01
   Total Energy    Temperature Pressure (bar)   Constr. rmsd
    2.43593e+01    3.22343e+02    8.21105e-01    8.91417e-07

           Step           Time
         340000      680.00000

   Energies (kJ/mol)
           Bond          Angle    Proper Dih. Per. Imp. Dih.          LJ-14
    1.25881e+01    3.12870e+01    4.42598e+01    4.87891e-01    8.83748e+00
     Coulomb-14        LJ (SR)   Coulomb (SR)      Potential    Kinetic En.
    2.00351e+02   -5.14864e+00   -3.29127e+02   -3.64645e+01    7.71815e+01
   Total Energy    Temperature Pressure (bar)   Constr. rmsd
    4.07170e+01    3.64031e+02   -1.74474e+00    1.06929e-06

           Step           Time
         345000      690.00000

   Energies (kJ/mol)
           Bond          Angle    Proper Dih. Per. Imp. Dih.          LJ-14
    3.35383e+00    2.70496e+01    5.26849e+01    8.59365e+00    1.41119e+01
     Coulomb-14        LJ (SR)   Coulomb (SR)      Potential    Kinetic En.
    1.96653e+02   -7.00280e+00   -3.30821e+02   -3.53768e+01    4.88661e+01
   Total Energy    Temperature Pressure (bar)   Constr. rmsd
    1.34893e+01    2.30480e+02    1.76897e+00    2.12448e-06

           Step           Time
         350000      700.00000

   Energies (kJ/mol)
           Bond          Angle    Proper Dih. Per. Imp. Dih.          LJ-14
    1.50549e+01    5.26676e+01    4.88806e+01    4.56356e+00    8.62354e+00
     Coulomb-14        LJ (SR)   Coulomb (SR)      Potential    Kinetic En.
    1.91971e+02   -6.91930e+00   -3.30307e+02   -1.54654e+01    7.37337e+01
   Total Energy    Temperature Pressure (bar)   Constr. rmsd
    5.82682e+01    3.47769e+02   -4.06403e+00    1.23826e-06

           Step           Time
         355000      710.00000

   Energies (kJ/mol)
           Bond          Angle    Proper Dih. Per. Imp. Dih.          LJ-14
    9.83216e+00    3.01369e+01    3.99784e+01    1.02430e+00    1.10705e+01
     Coulomb-14        LJ (SR)   Coulomb (SR)      Potential    Kinetic En.
    1.87193e+02   -6.22543e+00   -3.14115e+02   -4.11048e+01    9.07361e+01
   Total Energy    Temperature Pressure (bar)   Constr. rmsd
    4.96313e+01    4.27962e+02   -1.28134e+00    1.22565e-06

           Step           Time
         360000      720.00000

   Energies (kJ/mol)
           Bond          Angle    Proper Dih. Per. Imp. Dih.          LJ-14
    1.26222e+01    2.93175e+01    4.22271e+01    8.68125e-01    1.63615e+01
     Coulomb-14        LJ (SR)   Coulomb (SR)      Potential    Kinetic En.
    1.98440e+02   -3.10873e+00   -3.33351e+02   -3.66227e+01    7.52631e+01
   Total Energy    Temperature Pressure (bar)   Constr. rmsd
    3.86404e+01    3.54983e+02   -4.36959e-01    1.10336e-06

           Step           Time
         365000      730.00000

   Energies (kJ/mol)
           Bond          Angle    Proper Dih. Per. Imp. Dih.          LJ-14
    1.73163e+01    3.74678e+01    5.34560e+01    1.97764e+00    1.00456e+01
     Coulomb-14        LJ (SR)   Coulomb (SR)      Potential    Kinetic En.
    1.87724e+02   -4.99162e+00   -3.30159e+02   -2.71636e+01    6.89595e+01
   Total Energy    Temperature Pressure (bar)   Constr. rmsd
    4.17958e+01    3.25252e+02    9.35418e-01    1.06998e-06

           Step           Time
         370000      740.00000

   Energies (kJ/mol)
           Bond          Angle    Proper Dih. Per. Imp. Dih.          LJ-14
    9.85147e+00    2.64148e+01    4.45441e+01    1.53208e+00    1.44269e+01
     Coulomb-14        LJ (SR)   Coulomb (SR)      Potential    Kinetic En.
    1.88280e+02   -5.27849e+00   -3.21085e+02   -4.13134e+01    5.79655e+01
   Total Energy    Temperature Pressure (bar)   Constr. rmsd
    1.66521e+01    2.73398e+02   -1.54436e+00    1.40388e-06

           Step           Time
         375000      750.00000

   Energies (kJ/mol)
           Bond          Angle    Proper Dih. Per. Imp. Dih.          LJ-14
    5.94797e+00    3.56523e+01    4.33556e+01    1.53988e+00    1.77683e+01
     Coulomb-14        LJ (SR)   Coulomb (SR)      Potential    Kinetic En.
    2.02465e+02   -5.56481e+00   -3.37669e+02   -3.65046e+01    5.85795e+01
   Total Energy    Temperature Pressure (bar)   Constr. rmsd
    2.20749e+01    2.76294e+02    2.24388e+00    1.50268e-06

           Step           Time
         380000      760.00000

   Energies (kJ/mol)
           Bond          Angle    Proper Dih. Per. Imp. Dih.          LJ-14
    1.92830e+01    3.58026e+01    4.14625e+01    1.48818e+00    1.26820e+01
     Coulomb-14        LJ (SR)   Coulomb (SR)      Potential    Kinetic En.
    1.91124e+02   -3.15983e+00   -3.29154e+02   -3.04715e+01    7.42149e+01
   Total Energy    Temperature Pressure (bar)   Constr. rmsd
    4.37434e+01    3.50039e+02   -2.12529e+00    1.67839e-06

           Step           Time
         385000      770.00000

   Energies (kJ/mol)
           Bond          Angle    Proper Dih. Per. Imp. Dih.          LJ-14
    2.49676e+01    4.74642e+01    5.35346e+01    3.35038e+00    1.06340e+01
     Coulomb-14        LJ (SR)   Coulomb (SR)      Potential    Kinetic En.
    1.95620e+02    1.27228e+00   -3.47810e+02   -1.09672e+01    7.46727e+01
   Total Energy    Temperature Pressure (bar)   Constr. rmsd
    6.37055e+01    3.52199e+02   -9.66471e-01    1.88604e-06

           Step           Time
         390000      780.00000

   Energies (kJ/mol)
           Bond          Angle    Proper Dih. Per. Imp. Dih.          LJ-14
    1.96068e+01    4.72289e+01    4.88658e+01    7.19385e+00    1.12711e+01
     Coulomb-14        LJ (SR)   Coulomb (SR)      Potential    Kinetic En.
    1.87485e+02   -3.78899e+00   -3.38966e+02   -2.11041e+01    6.96467e+01
   Total Energy    Temperature Pressure (bar)   Constr. rmsd
    4.85426e+01    3.28493e+02   -9.97321e-01    1.30576e-06

           Step           Time
         395000      790.00000

   Energies (kJ/mol)
           Bond          Angle    Proper Dih. Per. Imp. Dih.          LJ-14
    1.65978e+01    4.03666e+01    4.67446e+01    3.43614e+00    1.87631e+01
     Coulomb-14        LJ (SR)   Coulomb (SR)      Potential    Kinetic En.
    1.91033e+02   -2.08885e+00   -3.20969e+02   -6.11646e+00    5.96733e+01
   Total Energy    Temperature Pressure (bar)   Constr. rmsd
    5.35568e+01    2.81453e+02   -4.25972e-01    1.69315e-06

           Step           Time
         400000      800.00000

   Energies (kJ/mol)
           Bond          Angle    Proper Dih. Per. Imp. Dih.          LJ-14
    2.86521e+01    2.79288e+01    4.55632e+01    5.05207e+00    7.20806e+00
     Coulomb-14        LJ (SR)   Coulomb (SR)      Potential    Kinetic En.
    1.76266e+02    2.36159e-01   -3.33811e+02   -4.29041e+01    6.63078e+01
   Total Energy    Temperature Pressure (bar)   Constr. rmsd
    2.34038e+01    3.12745e+02   -3.95773e+00    1.57286e-06

           Step           Time
         405000      810.00000

   Energies (kJ/mol)
           Bond          Angle    Proper Dih. Per. Imp. Dih.          LJ-14
    1.62627e+01    4.27569e+01    4.20939e+01    1.69906e+00    2.21856e+01
     Coulomb-14        LJ (SR)   Coulomb (SR)      Potential    Kinetic En.
    1.89642e+02    3.91244e+00   -3.45626e+02   -2.70730e+01    6.39225e+01
   Total Energy    Temperature Pressure (bar)   Constr. rmsd
    3.68495e+01    3.01495e+02    3.77069e+00    1.68227e-06

           Step           Time
         410000      820.00000

   Energies (kJ/mol)
           Bond          Angle    Proper Dih. Per. Imp. Dih.          LJ-14
    1.44117e+01    4.52228e+01    5.70712e+01    3.97855e+00    1.47330e+01
     Coulomb-14        LJ (SR)   Coulomb (SR)      Potential    Kinetic En.
    1.98842e+02   -4.95311e+00   -3.35366e+02   -6.06006e+00    6.92247e+01
   Total Energy    Temperature Pressure (bar)   Constr. rmsd
    6.31646e+01    3.26503e+02    2.58607e+00    1.48932e-06

           Step           Time
         415000      830.00000

   Energies (kJ/mol)
           Bond          Angle    Proper Dih. Per. Imp. Dih.          LJ-14
    2.59471e+01    4.35338e+01    4.23348e+01    6.85586e+00    1.66594e+01
     Coulomb-14        LJ (SR)   Coulomb (SR)      Potential    Kinetic En.
    1.90835e+02   -6.38707e+00   -3.24801e+02   -5.02167e+00    7.89627e+01
   Total Energy    Temperature Pressure (bar)   Constr. rmsd
    7.39410e+01    3.72432e+02    2.29949e-02    8.08150e-07

           Step           Time
         420000      840.00000

   Energies (kJ/mol)
           Bond          Angle    Proper Dih. Per. Imp. Dih.          LJ-14
    9.61805e+00    4.93890e+01    5.65991e+01    1.62418e+00    1.38864e+01
     Coulomb-14        LJ (SR)   Coulomb (SR)      Potential    Kinetic En.
    1.98760e+02   -9.98429e-01   -3.40511e+02   -1.16321e+01    6.64850e+01
   Total Energy    Temperature Pressure (bar)   Constr. rmsd
    5.48529e+01    3.13581e+02   -3.81629e-01    1.06499e-06

           Step           Time
         425000      850.00000

   Energies (kJ/mol)
           Bond          Angle    Proper Dih. Per. Imp. Dih.          LJ-14
    7.21845e+00    3.16485e+01    5.68776e+01    3.14589e+00    1.58360e+01
     Coulomb-14        LJ (SR)   Coulomb (SR)      Potential    Kinetic En.
    1.87480e+02   -3.14460e+00   -3.43617e+02   -4.45553e+01    8.96756e+01
   Total Energy    Temperature Pressure (bar)   Constr. rmsd
    4.51203e+01    4.22961e+02    1.39060e+00    1.57342e-06

           Step           Time
         430000      860.00000

   Energies (kJ/mol)
           Bond          Angle    Proper Dih. Per. Imp. Dih.          LJ-14
    7.47514e+00    2.82919e+01    5.27231e+01    1.17425e+00    1.71108e+01
     Coulomb-14        LJ (SR)   Coulomb (SR)      Potential    Kinetic En.
    2.04257e+02   -2.00623e+00   -3.46143e+02   -3.71179e+01    6.85607e+01
   Total Energy    Temperature Pressure (bar)   Constr. rmsd
    3.14428e+01    3.23371e+02   -2.70100e-01    1.25312e-06

           Step           Time
         435000      870.00000

   Energies (kJ/mol)
           Bond          Angle    Proper Dih. Per. Imp. Dih.          LJ-14
    1.74217e+00    4.67103e+01    5.79164e+01    2.77324e+00    1.26004e+01
     Coulomb-14        LJ (SR)   Coulomb (SR)      Potential    Kinetic En.
    1.88734e+02   -5.49596e+00   -3.31135e+02   -2.61537e+01    7.15241e+01
   Total Energy    Temperature Pressure (bar)   Constr. rmsd
    4.53704e+01    3.37348e+02    8.20801e-01    1.47464e-06

           Step           Time
         440000      880.00000

   Energies (kJ/mol)
           Bond          Angle    Proper Dih. Per. Imp. Dih.          LJ-14
    9.53389e+00    4.50937e+01    5.35269e+01    7.00424e-01    1.70496e+01
     Coulomb-14        LJ (SR)   Coulomb (SR)      Potential    Kinetic En.
    1.86126e+02   -5.41834e-01   -3.34659e+02   -2.31700e+01    8.24604e+01
   Total Energy    Temperature Pressure (bar)   Constr. rmsd
    5.92904e+01    3.88930e+02    8.57571e-01    1.31884e-06

           Step           Time
         445000      890.00000

   Energies (kJ/mol)
           Bond          Angle    Proper Dih. Per. Imp. Dih.          LJ-14
    1.21037e+01    3.17863e+01    3.94557e+01    8.94291e+00    1.47499e+01
     Coulomb-14        LJ (SR)   Coulomb (SR)      Potential    Kinetic En.
    1.91653e+02   -5.08370e+00   -3.29406e+02   -3.57979e+01    5.46068e+01
   Total Energy    Temperature Pressure (bar)   Constr. rmsd
    1.88089e+01    2.57556e+02    1.66282e+00    1.66066e-06

           Step           Time
         450000      900.00000

   Energies (kJ/mol)
           Bond          Angle    Proper Dih. Per. Imp. Dih.          LJ-14
    1.31915e+01    4.35282e+01    4.95063e+01    2.66686e-01    8.46246e+00
     Coulomb-14        LJ (SR)   Coulomb (SR)      Potential    Kinetic En.
    2.07151e+02   -5.69907e+00   -3.42303e+02   -2.58965e+01    7.41482e+01
   Total Energy    Temperature Pressure (bar)   Constr. rmsd
    4.82517e+01    3.49725e+02   -2.55083e+00    1.23095e-06

           Step           Time
         455000      910.00000

   Energies (kJ/mol)
           Bond          Angle    Proper Dih. Per. Imp. Dih.          LJ-14
    2.43342e+01    5.41902e+01    5.77702e+01    8.14840e-01    1.67459e+01
     Coulomb-14        LJ (SR)   Coulomb (SR)      Potential    Kinetic En.
    1.75578e+02   -2.61196e+00   -3.31650e+02   -4.82794e+00    5.49107e+01
   Total Energy    Temperature Pressure (bar)   Constr. rmsd
    5.00828e+01    2.58990e+02   -5.22717e-01    1.44298e-06

           Step           Time
         460000      920.00000

   Energies (kJ/mol)
           Bond          Angle    Proper Dih. Per. Imp. Dih.          LJ-14
    1.88391e+01    2.35154e+01    3.92132e+01    3.02765e+00    1.45408e+01
     Coulomb-14        LJ (SR)   Coulomb (SR)      Potential    Kinetic En.
    1.96992e+02   -2.89130e+00   -3.29426e+02   -3.61891e+01    6.91182e+01
   Total Energy    Temperature Pressure (bar)   Constr. rmsd
    3.29290e+01    3.26000e+02   -2.29526e+00    1.14212e-06

           Step           Time
         465000      930.00000

   Energies (kJ/mol)
           Bond          Angle    Proper Dih. Per. Imp. Dih.          LJ-14
    1.55186e+01    3.24542e+01    4.55710e+01    1.44814e+00    1.58297e+01
     Coulomb-14        LJ (SR)   Coulomb (SR)      Potential    Kinetic En.
    2.10964e+02   -3.00119e+00   -3.44006e+02   -2.52215e+01    5.04798e+01
   Total Energy    Temperature Pressure (bar)   Constr. rmsd
    2.52583e+01    2.38091e+02   -8.15251e-01    1.20026e-06

           Step           Time
         470000      940.00000

   Energies (kJ/mol)
           Bond          Angle    Proper Dih. Per. Imp. Dih.          LJ-14
    1.29633e+01    3.82618e+01    5.32563e+01    1.84229e+00    1.37338e+01
     Coulomb-14        LJ (SR)   Coulomb (SR)      Potential    Kinetic En.
    1.94432e+02   -1.60842e+00   -3.42115e+02   -2.92338e+01    6.98642e+01
   Total Energy    Temperature Pressure (bar)   Constr. rmsd
    4.06304e+01    3.29519e+02   -1.10797e+00    1.33169e-06

           Step           Time
         475000      950.00000

   Energies (kJ/mol)
           Bond          Angle    Proper Dih. Per. Imp. Dih.          LJ-14
    1.01945e+01    3.01074e+01    4.68615e+01    1.91454e+00    2.09719e+01
     Coulomb-14        LJ (SR)   Coulomb (SR)      Potential    Kinetic En.
    1.97559e+02    4.93277e+00   -3.51425e+02   -3.88836e+01    8.08853e+01
   Total Energy    Temperature Pressure (bar)   Constr. rmsd
    4.20016e+01    3.81500e+02    2.65120e+00    1.27548e-06

           Step           Time
         480000      960.00000

   Energies (kJ/mol)
           Bond          Angle    Proper Dih. Per. Imp. Dih.          LJ-14
    8.82414e+00    3.45180e+01    4.81300e+01    1.61220e+00    1.09747e+01
     Coulomb-14        LJ (SR)   Coulomb (SR)      Potential    Kinetic En.
    1.98094e+02   -2.99434e+00   -3.44775e+02   -4.56160e+01    7.11400e+01
   Total Energy    Temperature Pressure (bar)   Constr. rmsd
    2.55240e+01    3.35536e+02   -2.54276e+00    1.52352e-06

           Step           Time
         485000      970.00000

   Energies (kJ/mol)
           Bond          Angle    Proper Dih. Per. Imp. Dih.          LJ-14
    2.46486e+01    3.65824e+01    4.49229e+01    1.69095e+00    1.36938e+01
     Coulomb-14        LJ (SR)   Coulomb (SR)      Potential    Kinetic En.
    1.81969e+02    3.09982e+00   -3.42118e+02   -3.55114e+01    7.24336e+01
   Total Energy    Temperature Pressure (bar)   Constr. rmsd
    3.69222e+01    3.41638e+02    8.49056e-01    1.18424e-06

           Step           Time
         490000      980.00000

   Energies (kJ/mol)
           Bond          Angle    Proper Dih. Per. Imp. Dih.          LJ-14
    2.14002e+01    4.35612e+01    4.05940e+01    8.11670e-01    1.41186e+01
     Coulomb-14        LJ (SR)   Coulomb (SR)      Potential    Kinetic En.
    1.81476e+02   -1.61338e+00   -3.29016e+02   -2.86678e+01    6.12934e+01
   Total Energy    Temperature Pressure (bar)   Constr. rmsd
    3.26256e+01    2.89094e+02   -1.44784e+00    1.11656e-06

           Step           Time
         495000      990.00000

   Energies (kJ/mol)
           Bond          Angle    Proper Dih. Per. Imp. Dih.          LJ-14
    1.07221e+01    2.78687e+01    5.05425e+01    5.29937e+00    1.38483e+01
     Coulomb-14        LJ (SR)   Coulomb (SR)      Potential    Kinetic En.
    1.91305e+02   -5.15017e+00   -3.26772e+02   -3.23361e+01    5.52001e+01
   Total Energy    Temperature Pressure (bar)   Constr. rmsd
    2.28640e+01    2.60355e+02   -8.79405e-01    1.71650e-06

           Step           Time
         500000     1000.00000

   Energies (kJ/mol)
           Bond          Angle    Proper Dih. Per. Imp. Dih.          LJ-14
    1.15014e+01    2.88073e+01    4.73882e+01    1.02645e+00    1.12951e+01
     Coulomb-14        LJ (SR)   Coulomb (SR)      Potential    Kinetic En.
    1.84621e+02   -1.71520e+00   -3.36381e+02   -5.34567e+01    6.05285e+01
   Total Energy    Temperature Pressure (bar)   Constr. rmsd
    7.07183e+00    2.85487e+02   -2.03955e-01    1.54187e-06

           Step           Time
         505000     1010.00000

   Energies (kJ/mol)
           Bond          Angle    Proper Dih. Per. Imp. Dih.          LJ-14
    7.22423e+00    3.53754e+01    5.38518e+01    1.40406e+00    1.42366e+01
     Coulomb-14        LJ (SR)   Coulomb (SR)      Potential    Kinetic En.
    2.00348e+02   -6.59685e+00   -3.39068e+02   -3.32247e+01    4.49377e+01
   Total Energy    Temperature Pressure (bar)   Constr. rmsd
    1.17130e+01    2.11951e+02   -2.08016e-01    1.56398e-06

           Step           Time
         510000     1020.00000

   Energies (kJ/mol)
           Bond          Angle    Proper Dih. Per. Imp. Dih.          LJ-14
    2.49575e+01    4.95832e+01    5.05571e+01    2.97896e+00    8.90137e+00
     Coulomb-14        LJ (SR)   Coulomb (SR)      Potential    Kinetic En.
    1.84490e+02   -7.01557e+00   -3.20666e+02   -6.21356e+00    6.83089e+01
   Total Energy    Temperature Pressure (bar)   Constr. rmsd
    6.20954e+01    3.22183e+02   -2.32424e+00    1.55134e-06

           Step           Time
         515000     1030.00000

   Energies (kJ/mol)
           Bond          Angle    Proper Dih. Per. Imp. Dih.          LJ-14
    2.46649e+01    4.16341e+01    4.23485e+01    1.78615e+00    1.16550e+01
     Coulomb-14        LJ (SR)   Coulomb (SR)      Potential    Kinetic En.
    1.87540e+02   -4.22462e+00   -3.25418e+02   -2.00142e+01    6.47395e+01
   Total Energy    Temperature Pressure (bar)   Constr. rmsd
    4.47253e+01    3.05348e+02   -2.73161e+00    1.41960e-06

           Step           Time
         520000     1040.00000

   Energies (kJ/mol)
           Bond          Angle    Proper Dih. Per. Imp. Dih.          LJ-14
    1.79608e+01    2.83661e+01    5.33667e+01    2.36737e+00    1.03745e+01
     Coulomb-14        LJ (SR)   Coulomb (SR)      Potential    Kinetic En.
    1.83148e+02    2.48068e+00   -3.37891e+02   -3.98269e+01    6.78076e+01
   Total Energy    Temperature Pressure (bar)   Constr. rmsd
    2.79807e+01    3.19819e+02   -1.14875e+00    2.01587e-06

           Step           Time
         525000     1050.00000

   Energies (kJ/mol)
           Bond          Angle    Proper Dih. Per. Imp. Dih.          LJ-14
    1.93762e+01    5.83476e+01    4.58012e+01    3.71372e+00    1.57220e+01
     Coulomb-14        LJ (SR)   Coulomb (SR)      Potential    Kinetic En.
    1.85701e+02   -4.03954e+00   -3.26112e+02   -1.48947e+00    8.17559e+01
   Total Energy    Temperature Pressure (bar)   Constr. rmsd
    8.02664e+01    3.85607e+02   -3.51746e+00    1.93103e-06

           Step           Time
         530000     1060.00000

   Energies (kJ/mol)
           Bond          Angle    Proper Dih. Per. Imp. Dih.          LJ-14
    9.26101e+00    3.46798e+01    4.43151e+01    5.21429e+00    1.27587e+01
     Coulomb-14        LJ (SR)   Coulomb (SR)      Potential    Kinetic En.
    1.93636e+02   -5.69138e+00   -3.26289e+02   -3.21157e+01    6.54714e+01
   Total Energy    Temperature Pressure (bar)   Constr. rmsd
    3.33558e+01    3.08800e+02    4.69563e-01    1.80994e-06

           Step           Time
         535000     1070.00000

   Energies (kJ/mol)
           Bond          Angle    Proper Dih. Per. Imp. Dih.          LJ-14
    2.36362e+01    3.81647e+01    5.03194e+01    1.80312e+00    1.13767e+01
     Coulomb-14        LJ (SR)   Coulomb (SR)      Potential    Kinetic En.
    1.90349e+02   -3.80272e+00   -3.39367e+02   -2.75209e+01    6.19859e+01
   Total Energy    Temperature Pressure (bar)   Constr. rmsd
    3.44650e+01    2.92360e+02   -1.49800e+00    1.80314e-06

           Step           Time
         540000     1080.00000

   Energies (kJ/mol)
           Bond          Angle    Proper Dih. Per. Imp. Dih.          LJ-14
    1.05158e+01    3.12898e+01    4.10621e+01    4.74602e+00    1.64600e+01
     Coulomb-14        LJ (SR)   Coulomb (SR)      Potential    Kinetic En.
    1.99924e+02   -7.27865e+00   -3.31702e+02   -3.49822e+01    7.68797e+01
   Total Energy    Temperature Pressure (bar)   Constr. rmsd
    4.18975e+01    3.62608e+02   -1.06509e+00    1.59751e-06

           Step           Time
         545000     1090.00000

   Energies (kJ/mol)
           Bond          Angle    Proper Dih. Per. Imp. Dih.          LJ-14
    6.67341e+00    4.79380e+01    5.61352e+01    4.13472e+00    1.24285e+01
     Coulomb-14        LJ (SR)   Coulomb (SR)      Potential    Kinetic En.
    1.90588e+02   -6.56560e+00   -3.29010e+02   -1.76784e+01    5.36830e+01
   Total Energy    Temperature Pressure (bar)   Constr. rmsd
    3.60045e+01    2.53199e+02   -7.12377e-01    1.37058e-06

           Step           Time
         550000     1100.00000

   Energies (kJ/mol)
           Bond          Angle    Proper Dih. Per. Imp. Dih.          LJ-14
    2.43804e+01    3.72937e+01    4.65620e+01    4.38134e-01    1.45506e+01
     Coulomb-14        LJ (SR)   Coulomb (SR)      Potential    Kinetic En.
    1.84043e+02   -2.36496e+00   -3.37872e+02   -3.29689e+01    5.20882e+01
   Total Energy    Temperature Pressure (bar)   Constr. rmsd
    1.91194e+01    2.45678e+02    2.35580e+00    1.23479e-06

           Step           Time
         555000     1110.00000

   Energies (kJ/mol)
           Bond          Angle    Proper Dih. Per. Imp. Dih.          LJ-14
    9.60407e+00    3.09403e+01    4.74524e+01    2.41205e-01    1.47039e+01
     Coulomb-14        LJ (SR)   Coulomb (SR)      Potential    Kinetic En.
    1.98828e+02   -3.57126e+00   -3.39381e+02   -4.11818e+01    6.38984e+01
   Total Energy    Temperature Pressure (bar)   Constr. rmsd
    2.27166e+01    3.01381e+02   -1.08562e+00    1.19271e-06

           Step           Time
         560000     1120.00000

   Energies (kJ/mol)
           Bond          Angle    Proper Dih. Per. Imp. Dih.          LJ-14
    1.78688e+01    4.50477e+01    5.16885e+01    1.13453e+00    1.17218e+01
     Coulomb-14        LJ (SR)   Coulomb (SR)      Potential    Kinetic En.
    1.87884e+02   -2.33713e+00   -3.37666e+02   -2.46577e+01    6.11580e+01
   Total Energy    Temperature Pressure (bar)   Constr. rmsd
    3.65003e+01    2.88455e+02    1.48529e+00    1.57868e-06

           Step           Time
         565000     1130.00000

   Energies (kJ/mol)
           Bond          Angle    Proper Dih. Per. Imp. Dih.          LJ-14
    1.32583e+01    3.99219e+01    4.65570e+01    3.05781e+00    1.17029e+01
     Coulomb-14        LJ (SR)   Coulomb (SR)      Potential    Kinetic En.
    1.79836e+02   -5.31075e-01   -3.31064e+02   -3.72614e+01    4.57954e+01
   Total Energy    Temperature Pressure (bar)   Constr. rmsd
    8.53396e+00    2.15997e+02   -1.76112e+00    1.12869e-06

           Step           Time
         570000     1140.00000

   Energies (kJ/mol)
           Bond          Angle    Proper Dih. Per. Imp. Dih.          LJ-14
    1.06218e+01    4.39839e+01    4.36515e+01    2.76575e+00    1.02099e+01
     Coulomb-14        LJ (SR)   Coulomb (SR)      Potential    Kinetic En.
    1.78058e+02   -6.30589e+00   -3.13660e+02   -3.06748e+01    7.93560e+01
   Total Energy    Temperature Pressure (bar)   Constr. rmsd
    4.86812e+01    3.74288e+02   -5.27714e-01    1.48793e-06

           Step           Time
         575000     1150.00000

   Energies (kJ/mol)
           Bond          Angle    Proper Dih. Per. Imp. Dih.          LJ-14
    1.32062e+01    3.74079e+01    3.99473e+01    6.64376e-01    1.87200e+01
     Coulomb-14        LJ (SR)   Coulomb (SR)      Potential    Kinetic En.
    2.11815e+02   -6.19087e+00   -3.46745e+02   -3.11747e+01    6.76721e+01
   Total Energy    Temperature Pressure (bar)   Constr. rmsd
    3.64975e+01    3.19180e+02   -1.84642e+00    1.47454e-06

           Step           Time
         580000     1160.00000

   Energies (kJ/mol)
           Bond          Angle    Proper Dih. Per. Imp. Dih.          LJ-14
    6.39476e+00    4.67942e+01    4.56149e+01    2.57885e+00    1.47785e+01
     Coulomb-14        LJ (SR)   Coulomb (SR)      Potential    Kinetic En.
    2.02519e+02   -2.88599e+00   -3.39548e+02   -2.37531e+01    6.87770e+01
   Total Energy    Temperature Pressure (bar)   Constr. rmsd
    4.50239e+01    3.24391e+02    8.17568e-01    8.09797e-07

           Step           Time
         585000     1170.00000

   Energies (kJ/mol)
           Bond          Angle    Proper Dih. Per. Imp. Dih.          LJ-14
    2.51182e+01    3.07635e+01    4.80829e+01    2.66045e+00    9.76339e+00
     Coulomb-14        LJ (SR)   Coulomb (SR)      Potential    Kinetic En.
    1.92359e+02   -5.59470e+00   -3.21327e+02   -1.81744e+01    6.67577e+01
   Total Energy    Temperature Pressure (bar)   Constr. rmsd
    4.85833e+01    3.14867e+02   -2.59784e+00    7.20411e-07

           Step           Time
         590000     1180.00000

   Energies (kJ/mol)
           Bond          Angle    Proper Dih. Per. Imp. Dih.          LJ-14
    9.93984e+00    2.75363e+01    5.62808e+01    2.99977e+00    1.43945e+01
     Coulomb-14        LJ (SR)   Coulomb (SR)      Potential    Kinetic En.
    1.96277e+02   -8.16830e-01   -3.43500e+02   -3.68880e+01    6.40167e+01
   Total Energy    Temperature Pressure (bar)   Constr. rmsd
    2.71287e+01    3.01939e+02    2.43601e-01    1.20678e-06

           Step           Time
         595000     1190.00000

   Energies (kJ/mol)
           Bond          Angle    Proper Dih. Per. Imp. Dih.          LJ-14
    1.39577e+01    3.00718e+01    5.01255e+01    9.91289e-01    1.62910e+01
     Coulomb-14        LJ (SR)   Coulomb (SR)      Potential    Kinetic En.
    2.00252e+02    1.29468e-01   -3.49125e+02   -3.73060e+01    5.36122e+01
   Total Energy    Temperature Pressure (bar)   Constr. rmsd
    1.63062e+01    2.52865e+02    8.73571e-01    9.26752e-07

           Step           Time
         600000     1200.00000

   Energies (kJ/mol)
           Bond          Angle    Proper Dih. Per. Imp. Dih.          LJ-14
    1.34175e+01    4.13995e+01    4.76192e+01    6.44558e+00    1.24068e+01
     Coulomb-14        LJ (SR)   Coulomb (SR)      Potential    Kinetic En.
    1.94502e+02   -5.49976e+00   -3.28874e+02   -1.85829e+01    6.17551e+01
   Total Energy    Temperature Pressure (bar)   Constr. rmsd
    4.31722e+01    2.91272e+02   -1.97949e-01    1.45024e-06

           Step           Time
         605000     1210.00000

   Energies (kJ/mol)
           Bond          Angle    Proper Dih. Per. Imp. Dih.          LJ-14
    7.49030e+00    2.55141e+01    3.95606e+01    2.22416e+00    1.91059e+01
     Coulomb-14        LJ (SR)   Coulomb (SR)      Potential    Kinetic En.
    1.93404e+02   -1.49966e+00   -3.25855e+02   -4.00548e+01    7.46029e+01
   Total Energy    Temperature Pressure (bar)   Constr. rmsd
    3.45480e+01    3.51869e+02   -4.54992e-01    1.77242e-06

           Step           Time
         610000     1220.00000

   Energies (kJ/mol)
           Bond          Angle    Proper Dih. Per. Imp. Dih.          LJ-14
    1.59490e+01    2.36163e+01    4.18287e+01    2.34444e+00    1.31290e+01
     Coulomb-14        LJ (SR)   Coulomb (SR)      Potential    Kinetic En.
    1.92943e+02   -5.34165e+00   -3.25559e+02   -4.10906e+01    5.95976e+01
   Total Energy    Temperature Pressure (bar)   Constr. rmsd
    1.85070e+01    2.81096e+02   -1.39061e+00    8.38712e-07

           Step           Time
         615000     1230.00000

   Energies (kJ/mol)
           Bond          Angle    Proper Dih. Per. Imp. Dih.          LJ-14
    4.50477e+00    5.68690e+01    4.86972e+01    2.96505e+00    1.87688e+01
     Coulomb-14        LJ (SR)   Coulomb (SR)      Potential    Kinetic En.
    1.82185e+02   -5.64819e+00   -3.22689e+02   -1.43474e+01    5.09684e+01
   Total Energy    Temperature Pressure (bar)   Constr. rmsd
    3.66210e+01    2.40396e+02    3.02035e+00    1.05774e-06

           Step           Time
         620000     1240.00000

   Energies (kJ/mol)
           Bond          Angle    Proper Dih. Per. Imp. Dih.          LJ-14
    1.92612e+01    3.09108e+01    5.10775e+01    2.93727e+00    1.10182e+01
     Coulomb-14        LJ (SR)   Coulomb (SR)      Potential    Kinetic En.
    2.00495e+02   -2.78618e+00   -3.53045e+02   -4.01313e+01    5.57229e+01
   Total Energy    Temperature Pressure (bar)   Constr. rmsd
    1.55916e+01    2.62821e+02    1.59786e+00    1.56436e-06

           Step           Time
         625000     1250.00000

   Energies (kJ/mol)
           Bond          Angle    Proper Dih. Per. Imp. Dih.          LJ-14
    2.37574e+01    4.10888e+01    4.21737e+01    2.04042e+00    1.61898e+01
     Coulomb-14        LJ (SR)   Coulomb (SR)      Potential    Kinetic En.
    1.89713e+02   -5.24060e+00   -3.23766e+02   -1.40435e+01    6.91136e+01
   Total Energy    Temperature Pressure (bar)   Constr. rmsd
    5.50701e+01    3.25979e+02   -2.37022e+00    1.57267e-06

           Step           Time
         630000     1260.00000

   Energies (kJ/mol)
           Bond          Angle    Proper Dih. Per. Imp. Dih.          LJ-14
    1.06552e+01    4.86935e+01    4.03561e+01    2.43136e+00    1.25175e+01
     Coulomb-14        LJ (SR)   Coulomb (SR)      Potential    Kinetic En.
    1.90759e+02   -2.75016e+00   -3.25013e+02   -2.23507e+01    4.98660e+01
   Total Energy    Temperature Pressure (bar)   Constr. rmsd
    2.75153e+01    2.35196e+02   -1.08397e+00    1.17597e-06

           Step           Time
         635000     1270.00000

   Energies (kJ/mol)
           Bond          Angle    Proper Dih. Per. Imp. Dih.          LJ-14
    1.16562e+01    3.27064e+01    4.16692e+01    2.03011e+00    1.77494e+01
     Coulomb-14        LJ (SR)   Coulomb (SR)      Potential    Kinetic En.
    1.89144e+02   -5.97215e+00   -3.17370e+02   -2.83873e+01    7.58105e+01
   Total Energy    Temperature Pressure (bar)   Constr. rmsd
    4.74232e+01    3.57565e+02    2.46509e+00    1.76975e-06

           Step           Time
         640000     1280.00000

   Energies (kJ/mol)
           Bond          Angle    Proper Dih. Per. Imp. Dih.          LJ-14
    1.64498e+01    3.42599e+01    5.20581e+01    2.17648e+00    1.32094e+01
     Coulomb-14        LJ (SR)   Coulomb (SR)      Potential    Kinetic En.
    1.93704e+02    2.92882e+00   -3.45884e+02   -3.10973e+01    5.82276e+01
   Total Energy    Temperature Pressure (bar)   Constr. rmsd
    2.71303e+01    2.74634e+02   -1.30362e+00    1.28185e-06

           Step           Time
         645000     1290.00000

   Energies (kJ/mol)
           Bond          Angle    Proper Dih. Per. Imp. Dih.          LJ-14
    2.18910e+01    3.24142e+01    5.04491e+01    3.31523e+00    1.18602e+01
     Coulomb-14        LJ (SR)   Coulomb (SR)      Potential    Kinetic En.
    1.75773e+02   -7.10671e+00   -3.24126e+02   -3.55294e+01    6.81215e+01
   Total Energy    Temperature Pressure (bar)   Constr. rmsd
    3.25920e+01    3.21299e+02   -1.21710e+00    1.16611e-06

           Step           Time
         650000     1300.00000

   Energies (kJ/mol)
           Bond          Angle    Proper Dih. Per. Imp. Dih.          LJ-14
    3.39986e+01    2.83569e+01    4.22979e+01    3.43405e-01    1.34903e+01
     Coulomb-14        LJ (SR)   Coulomb (SR)      Potential    Kinetic En.
    1.95916e+02   -1.85523e+00   -3.29910e+02   -1.73626e+01    5.62888e+01
   Total Energy    Temperature Pressure (bar)   Constr. rmsd
    3.89262e+01    2.65490e+02   -2.14965e-02    1.24184e-06

           Step           Time
         655000     1310.00000

   Energies (kJ/mol)
           Bond          Angle    Proper Dih. Per. Imp. Dih.          LJ-14
    1.05734e+01    5.53030e+01    4.66363e+01    3.92323e+00    1.44965e+01
     Coulomb-14        LJ (SR)   Coulomb (SR)      Potential    Kinetic En.
    2.04733e+02   -5.94679e+00   -3.40931e+02   -1.12126e+01    7.01857e+01
   Total Energy    Temperature Pressure (bar)   Constr. rmsd
    5.89731e+01    3.31035e+02    1.59529e+00    1.19147e-06

           Step           Time
         660000     1320.00000

   Energies (kJ/mol)
           Bond          Angle    Proper Dih. Per. Imp. Dih.          LJ-14
    1.11430e+01    4.58190e+01    3.98283e+01    6.50151e-01    9.22081e+00
     Coulomb-14        LJ (SR)   Coulomb (SR)      Potential    Kinetic En.
    1.85784e+02   -6.07117e+00   -3.17918e+02   -3.15438e+01    5.31719e+01
   Total Energy    Temperature Pressure (bar)   Constr. rmsd
    2.16282e+01    2.50789e+02   -1.51010e+00    1.50750e-06

           Step           Time
         665000     1330.00000

   Energies (kJ/mol)
           Bond          Angle    Proper Dih. Per. Imp. Dih.          LJ-14
    1.22265e+01    3.72062e+01    4.22295e+01    3.67019e+00    8.55358e+00
     Coulomb-14        LJ (SR)   Coulomb (SR)      Potential    Kinetic En.
    1.89058e+02   -6.12370e+00   -3.22511e+02   -3.56905e+01    6.21922e+01
   Total Energy    Temperature Pressure (bar)   Constr. rmsd
    2.65017e+01    2.93333e+02   -7.92728e-01    1.26978e-06

           Step           Time
         670000     1340.00000

   Energies (kJ/mol)
           Bond          Angle    Proper Dih. Per. Imp. Dih.          LJ-14
    9.44790e+00    5.50261e+01    4.28248e+01    2.34189e+00    1.06464e+01
     Coulomb-14        LJ (SR)   Coulomb (SR)      Potential    Kinetic En.
    1.93289e+02   -6.32839e+00   -3.26045e+02   -1.87975e+01    8.58497e+01
   Total Energy    Temperature Pressure (bar)   Constr. rmsd
    6.70523e+01    4.04916e+02   -1.32046e+00    1.28990e-06

           Step           Time
         675000     1350.00000

   Energies (kJ/mol)
           Bond          Angle    Proper Dih. Per. Imp. Dih.          LJ-14
    2.33204e+01    3.48901e+01    3.85658e+01    1.76058e+00    1.12294e+01
     Coulomb-14        LJ (SR)   Coulomb (SR)      Potential    Kinetic En.
    1.84710e+02   -2.45942e+00   -3.27619e+02   -3.56022e+01    7.62553e+01
   Total Energy    Temperature Pressure (bar)   Constr. rmsd
    4.06531e+01    3.59663e+02   -1.60542e+00    1.43959e-06

           Step           Time
         680000     1360.00000

   Energies (kJ/mol)
           Bond          Angle    Proper Dih. Per. Imp. Dih.          LJ-14
    2.07999e+01    2.29214e+01    5.21127e+01    6.52334e+00    9.43972e+00
     Coulomb-14        LJ (SR)   Coulomb (SR)      Potential    Kinetic En.
    1.89810e+02   -5.70304e+00   -3.17708e+02   -2.18046e+01    5.29407e+01
   Total Energy    Temperature Pressure (bar)   Constr. rmsd
    3.11361e+01    2.49698e+02   -9.62182e-01    1.71961e-06

           Step           Time
         685000     1370.00000

   Energies (kJ/mol)
           Bond          Angle    Proper Dih. Per. Imp. Dih.          LJ-14
    3.30919e+00    4.65419e+01    3.93941e+01    7.28900e-01    1.65403e+01
     Coulomb-14        LJ (SR)   Coulomb (SR)      Potential    Kinetic En.
    1.93074e+02   -3.20441e+00   -3.25988e+02   -2.96043e+01    8.36550e+01
   Total Energy    Temperature Pressure (bar)   Constr. rmsd
    5.40507e+01    3.94564e+02    1.83687e+00    1.32835e-06

           Step           Time
         690000     1380.00000

   Energies (kJ/mol)
           Bond          Angle    Proper Dih. Per. Imp. Dih.          LJ-14
    8.39274e+00    3.75069e+01    4.08223e+01    1.51412e+00    1.81729e+01
     Coulomb-14        LJ (SR)   Coulomb (SR)      Potential    Kinetic En.
    1.90798e+02    9.24636e-01   -3.41345e+02   -4.32132e+01    5.85439e+01
   Total Energy    Temperature Pressure (bar)   Constr. rmsd
    1.53308e+01    2.76126e+02    1.52123e-01    1.12856e-06

           Step           Time
         695000     1390.00000

   Energies (kJ/mol)
           Bond          Angle    Proper Dih. Per. Imp. Dih.          LJ-14
    1.51751e+01    1.78800e+01    4.78332e+01    5.36317e+00    1.59437e+01
     Coulomb-14        LJ (SR)   Coulomb (SR)      Potential    Kinetic En.
    2.01464e+02   -3.98329e+00   -3.38367e+02   -3.86909e+01    6.81955e+01
   Total Energy    Temperature Pressure (bar)   Constr. rmsd
    2.95046e+01    3.21648e+02    1.55731e+00    1.16356e-06

           Step           Time
         700000     1400.00000

   Energies (kJ/mol)
           Bond          Angle    Proper Dih. Per. Imp. Dih.          LJ-14
    7.31451e+00    5.05651e+01    4.65779e+01    3.16502e+00    1.53697e+01
     Coulomb-14        LJ (SR)   Coulomb (SR)      Potential    Kinetic En.
    1.78963e+02   -5.34998e+00   -3.18197e+02   -2.15913e+01    7.49020e+01
   Total Energy    Temperature Pressure (bar)   Constr. rmsd
    5.33107e+01    3.53280e+02    1.20223e+00    1.47644e-06

           Step           Time
         705000     1410.00000

   Energies (kJ/mol)
           Bond          Angle    Proper Dih. Per. Imp. Dih.          LJ-14
    5.08261e+00    3.38370e+01    4.13948e+01    2.33897e+00    1.43825e+01
     Coulomb-14        LJ (SR)   Coulomb (SR)      Potential    Kinetic En.
    2.06326e+02   -2.88344e+00   -3.30770e+02   -3.02920e+01    6.69223e+01
   Total Energy    Temperature Pressure (bar)   Constr. rmsd
    3.66304e+01    3.15643e+02    1.07994e+00    9.99008e-07

           Step           Time
         710000     1420.00000

   Energies (kJ/mol)
           Bond          Angle    Proper Dih. Per. Imp. Dih.          LJ-14
    4.06482e+00    2.59287e+01    5.89011e+01    5.32957e+00    1.45259e+01
     Coulomb-14        LJ (SR)   Coulomb (SR)      Potential    Kinetic En.
    1.90530e+02   -3.02366e+00   -3.42823e+02   -4.65659e+01    6.03541e+01
   Total Energy    Temperature Pressure (bar)   Constr. rmsd
    1.37882e+01    2.84664e+02    6.08009e-01    1.22577e-06

           Step           Time
         715000     1430.00000

   Energies (kJ/mol)
           Bond          Angle    Proper Dih. Per. Imp. Dih.          LJ-14
    1.90694e+01    5.59828e+01    4.48501e+01    1.58385e+00    1.36510e+01
     Coulomb-14        LJ (SR)   Coulomb (SR)      Potential    Kinetic En.
    1.87802e+02    9.39428e-01   -3.42165e+02   -1.82860e+01    6.22354e+01
   Total Energy    Temperature Pressure (bar)   Constr. rmsd
    4.39493e+01    2.93537e+02    4.08509e-01    1.48384e-06

           Step           Time
         720000     1440.00000

   Energies (kJ/mol)
           Bond          Angle    Proper Dih. Per. Imp. Dih.          LJ-14
    2.26942e+01    5.91499e+01    5.13154e+01    1.55567e+00    1.30892e+01
     Coulomb-14        LJ (SR)   Coulomb (SR)      Potential    Kinetic En.
    1.79260e+02   -4.52035e+00   -3.32173e+02   -9.62921e+00    5.67257e+01
   Total Energy    Temperature Pressure (bar)   Constr. rmsd
    4.70965e+01    2.67551e+02    4.51333e+00    1.11537e-06

           Step           Time
         725000     1450.00000

   Energies (kJ/mol)
           Bond          Angle    Proper Dih. Per. Imp. Dih.          LJ-14
    9.75725e+00    4.73014e+01    5.68154e+01    5.39980e+00    1.15619e+01
     Coulomb-14        LJ (SR)   Coulomb (SR)      Potential    Kinetic En.
    1.90225e+02   -4.27359e+00   -3.35302e+02   -1.85154e+01    4.99176e+01
   Total Energy    Temperature Pressure (bar)   Constr. rmsd
    3.14022e+01    2.35439e+02    1.32585e+00    1.34969e-06

           Step           Time
         730000     1460.00000

   Energies (kJ/mol)
           Bond          Angle    Proper Dih. Per. Imp. Dih.          LJ-14
    1.79760e+01    5.54238e+01    4.68843e+01    1.74927e+00    2.02130e+01
     Coulomb-14        LJ (SR)   Coulomb (SR)      Potential    Kinetic En.
    1.73898e+02    2.28971e+00   -3.35289e+02   -1.68548e+01    6.58621e+01
   Total Energy    Temperature Pressure (bar)   Constr. rmsd
    4.90073e+01    3.10643e+02    1.40988e+00    1.36842e-06

           Step           Time
         735000     1470.00000

   Energies (kJ/mol)
           Bond          Angle    Proper Dih. Per. Imp. Dih.          LJ-14
    9.55126e+00    5.42593e+01    5.01700e+01    4.31964e+00    1.38648e+01
     Coulomb-14        LJ (SR)   Coulomb (SR)      Potential    Kinetic En.
    1.75404e+02   -1.78952e+00   -3.27576e+02   -2.17961e+01    6.99508e+01
   Total Energy    Temperature Pressure (bar)   Constr. rmsd
    4.81547e+01    3.29927e+02    1.34591e+00    8.27875e-07

           Step           Time
         740000     1480.00000

   Energies (kJ/mol)
           Bond          Angle    Proper Dih. Per. Imp. Dih.          LJ-14
    1.17076e+01    2.84080e+01    4.88361e+01    1.29316e+00    1.47177e+01
     Coulomb-14        LJ (SR)   Coulomb (SR)      Potential    Kinetic En.
    1.86388e+02    1.44146e+00   -3.44103e+02   -5.13114e+01    6.59681e+01
   Total Energy    Temperature Pressure (bar)   Constr. rmsd
    1.46567e+01    3.11143e+02    2.96205e+00    1.22685e-06

           Step           Time
         745000     1490.00000

   Energies (kJ/mol)
           Bond          Angle    Proper Dih. Per. Imp. Dih.          LJ-14
    1.53351e+01    3.77979e+01    4.60939e+01    1.32029e+00    1.13153e+01
     Coulomb-14        LJ (SR)   Coulomb (SR)      Potential    Kinetic En.
    2.04813e+02   -7.48057e+00   -3.34227e+02   -2.50325e+01    3.91528e+01
   Total Energy    Temperature Pressure (bar)   Constr. rmsd
    1.41203e+01    1.84667e+02   -8.78427e-01    1.27060e-06

           Step           Time
         750000     1500.00000

   Energies (kJ/mol)
           Bond          Angle    Proper Dih. Per. Imp. Dih.          LJ-14
    1.61045e+01    3.30983e+01    4.51411e+01    6.24862e+00    1.16734e+01
     Coulomb-14        LJ (SR)   Coulomb (SR)      Potential    Kinetic En.
    1.87508e+02   -4.42354e+00   -3.22482e+02   -2.71309e+01    8.52928e+01
   Total Energy    Temperature Pressure (bar)   Constr. rmsd
    5.81619e+01    4.02289e+02   -2.34615e+00    1.32712e-06

           Step           Time
         755000     1510.00000

   Energies (kJ/mol)
           Bond          Angle    Proper Dih. Per. Imp. Dih.          LJ-14
    1.25164e+01    4.19892e+01    4.85780e+01    2.05470e+00    1.56792e+01
     Coulomb-14        LJ (SR)   Coulomb (SR)      Potential    Kinetic En.
    2.14626e+02   -6.15589e+00   -3.46778e+02   -1.74907e+01    6.20137e+01
   Total Energy    Temperature Pressure (bar)   Constr. rmsd
    4.45230e+01    2.92491e+02    1.28256e+00    9.74100e-07

           Step           Time
         760000     1520.00000

   Energies (kJ/mol)
           Bond          Angle    Proper Dih. Per. Imp. Dih.          LJ-14
    1.53789e+01    3.74763e+01    4.94582e+01    2.97181e+00    1.60462e+01
     Coulomb-14        LJ (SR)   Coulomb (SR)      Potential    Kinetic En.
    1.95876e+02    5.02150e+00   -3.52774e+02   -3.05451e+01    6.39394e+01
   Total Energy    Temperature Pressure (bar)   Constr. rmsd
    3.33943e+01    3.01574e+02    2.86350e+00    1.34727e-06

Large VCM(group rest):      0.02893,      0.56153,      0.26697, Temp-cm:  1.09522e+00
           Step           Time
         765000     1530.00000

   Energies (kJ/mol)
           Bond          Angle    Proper Dih. Per. Imp. Dih.          LJ-14
    1.27501e+01    3.18501e+01    4.19760e+01    4.89456e-01    2.58868e+01
     Coulomb-14        LJ (SR)   Coulomb (SR)      Potential    Kinetic En.
    2.16574e+02   -3.48812e+00   -3.51156e+02   -2.51174e+01    6.82695e+01
   Total Energy    Temperature Pressure (bar)   Constr. rmsd
    4.31521e+01    3.21997e+02    2.64680e+00    1.23707e-06

           Step           Time
         770000     1540.00000

   Energies (kJ/mol)
           Bond          Angle    Proper Dih. Per. Imp. Dih.          LJ-14
    8.51983e+00    5.19164e+01    4.31282e+01    8.78590e-01    1.16748e+01
     Coulomb-14        LJ (SR)   Coulomb (SR)      Potential    Kinetic En.
    2.00279e+02   -5.90887e+00   -3.29633e+02   -1.91449e+01    6.93982e+01
   Total Energy    Temperature Pressure (bar)   Constr. rmsd
    5.02532e+01    3.27321e+02   -1.61260e+00    1.69183e-06

           Step           Time
         775000     1550.00000

   Energies (kJ/mol)
           Bond          Angle    Proper Dih. Per. Imp. Dih.          LJ-14
    6.56268e+00    4.00830e+01    5.81102e+01    2.97874e+00    1.01766e+01
     Coulomb-14        LJ (SR)   Coulomb (SR)      Potential    Kinetic En.
    1.80705e+02   -8.04407e+00   -3.23749e+02   -3.31765e+01    5.71612e+01
   Total Energy    Temperature Pressure (bar)   Constr. rmsd
    2.39847e+01    2.69605e+02    7.70309e-01    2.05369e-06

           Step           Time
         780000     1560.00000

   Energies (kJ/mol)
           Bond          Angle    Proper Dih. Per. Imp. Dih.          LJ-14
    1.60921e+01    4.66199e+01    5.31725e+01    4.22430e+00    1.63570e+01
     Coulomb-14        LJ (SR)   Coulomb (SR)      Potential    Kinetic En.
    1.75610e+02   -3.63852e+00   -3.28421e+02   -1.99839e+01    7.55777e+01
   Total Energy    Temperature Pressure (bar)   Constr. rmsd
    5.55939e+01    3.56467e+02    2.48890e+00    2.22322e-06

           Step           Time
         785000     1570.00000

   Energies (kJ/mol)
           Bond          Angle    Proper Dih. Per. Imp. Dih.          LJ-14
    1.60261e+01    3.25345e+01    4.98835e+01    2.93236e+00    1.58509e+01
     Coulomb-14        LJ (SR)   Coulomb (SR)      Potential    Kinetic En.
    1.87880e+02   -7.14508e-01   -3.40889e+02   -3.64956e+01    7.46217e+01
   Total Energy    Temperature Pressure (bar)   Constr. rmsd
    3.81261e+01    3.51958e+02   -3.00028e-02    1.34452e-06

           Step           Time
         790000     1580.00000

   Energies (kJ/mol)
           Bond          Angle    Proper Dih. Per. Imp. Dih.          LJ-14
    2.06418e+01    4.05262e+01    5.09011e+01    1.41948e+00    7.83400e+00
     Coulomb-14        LJ (SR)   Coulomb (SR)      Potential    Kinetic En.
    1.80314e+02   -2.98200e+00   -3.31525e+02   -3.28703e+01    9.98287e+01
   Total Energy    Temperature Pressure (bar)   Constr. rmsd
    6.69584e+01    4.70848e+02   -1.54963e+00    1.43434e-06

           Step           Time
         795000     1590.00000

   Energies (kJ/mol)
           Bond          Angle    Proper Dih. Per. Imp. Dih.          LJ-14
    6.65647e+00    2.88689e+01    4.01871e+01    4.93286e+00    1.78394e+01
     Coulomb-14        LJ (SR)   Coulomb (SR)      Potential    Kinetic En.
    1.96605e+02   -1.45496e+00   -3.35210e+02   -4.15760e+01    6.48789e+01
   Total Energy    Temperature Pressure (bar)   Constr. rmsd
    2.33030e+01    3.06006e+02    7.87327e-01    1.07054e-06

           Step           Time
         800000     1600.00000

   Energies (kJ/mol)
           Bond          Angle    Proper Dih. Per. Imp. Dih.          LJ-14
    7.17548e+00    5.25063e+01    4.77613e+01    1.47151e+00    8.75399e+00
     Coulomb-14        LJ (SR)   Coulomb (SR)      Potential    Kinetic En.
    1.87774e+02   -6.69785e+00   -3.12085e+02   -1.33401e+01    5.22929e+01
   Total Energy    Temperature Pressure (bar)   Constr. rmsd
    3.89529e+01    2.46643e+02   -1.50003e+00    1.51299e-06

           Step           Time
         805000     1610.00000

   Energies (kJ/mol)
           Bond          Angle    Proper Dih. Per. Imp. Dih.          LJ-14
    1.19570e+01    3.43792e+01    4.28702e+01    5.07488e+00    2.19183e+01
     Coulomb-14        LJ (SR)   Coulomb (SR)      Potential    Kinetic En.
    2.06845e+02   -3.51255e+00   -3.38114e+02   -1.85825e+01    6.90258e+01
   Total Energy    Temperature Pressure (bar)   Constr. rmsd
    5.04433e+01    3.25565e+02   -6.94364e-01    1.06123e-06

           Step           Time
         810000     1620.00000

   Energies (kJ/mol)
           Bond          Angle    Proper Dih. Per. Imp. Dih.          LJ-14
    2.00005e+01    5.85174e+01    5.24790e+01    1.64906e+00    1.00947e+01
     Coulomb-14        LJ (SR)   Coulomb (SR)      Potential    Kinetic En.
    1.88209e+02    1.53514e+00   -3.42926e+02   -1.04418e+01    7.03924e+01
   Total Energy    Temperature Pressure (bar)   Constr. rmsd
    5.99505e+01    3.32010e+02   -3.93128e+00    1.64283e-06

           Step           Time
         815000     1630.00000

   Energies (kJ/mol)
           Bond          Angle    Proper Dih. Per. Imp. Dih.          LJ-14
    1.25805e+01    3.13947e+01    5.36744e+01    2.56747e+00    1.54173e+01
     Coulomb-14        LJ (SR)   Coulomb (SR)      Potential    Kinetic En.
    2.11191e+02   -5.22385e+00   -3.51837e+02   -3.02360e+01    6.46405e+01
   Total Energy    Temperature Pressure (bar)   Constr. rmsd
    3.44045e+01    3.04881e+02    6.84524e-01    1.48644e-06

           Step           Time
         820000     1640.00000

   Energies (kJ/mol)
           Bond          Angle    Proper Dih. Per. Imp. Dih.          LJ-14
    6.97844e+00    4.78335e+01    5.69480e+01    4.78036e+00    1.70188e+01
     Coulomb-14        LJ (SR)   Coulomb (SR)      Potential    Kinetic En.
    2.08450e+02   -1.93050e+00   -3.52444e+02   -1.23654e+01    7.10679e+01
   Total Energy    Temperature Pressure (bar)   Constr. rmsd
    5.87024e+01    3.35196e+02    6.76830e-01    1.63116e-06

           Step           Time
         825000     1650.00000

   Energies (kJ/mol)
           Bond          Angle    Proper Dih. Per. Imp. Dih.          LJ-14
    7.51079e+00    3.62744e+01    4.71683e+01    2.11525e+00    2.38350e+01
     Coulomb-14        LJ (SR)   Coulomb (SR)      Potential    Kinetic En.
    2.05586e+02   -3.17487e+00   -3.41261e+02   -2.19464e+01    7.11868e+01
   Total Energy    Temperature Pressure (bar)   Constr. rmsd
    4.92404e+01    3.35757e+02    1.24534e+00    1.50288e-06

           Step           Time
         830000     1660.00000

   Energies (kJ/mol)
           Bond          Angle    Proper Dih. Per. Imp. Dih.          LJ-14
    2.55507e+01    5.02905e+01    4.49970e+01    4.92877e+00    9.57504e+00
     Coulomb-14        LJ (SR)   Coulomb (SR)      Potential    Kinetic En.
    1.81002e+02    3.79323e+00   -3.39552e+02   -1.94145e+01    9.51317e+01
   Total Energy    Temperature Pressure (bar)   Constr. rmsd
    7.57172e+01    4.48695e+02   -1.42369e+00    1.94181e-06

           Step           Time
         835000     1670.00000

   Energies (kJ/mol)
           Bond          Angle    Proper Dih. Per. Imp. Dih.          LJ-14
    1.62065e+01    2.50124e+01    4.83779e+01    1.19278e+00    8.59484e+00
     Coulomb-14        LJ (SR)   Coulomb (SR)      Potential    Kinetic En.
    2.05263e+02   -6.60037e+00   -3.30878e+02   -3.28310e+01    7.04763e+01
   Total Energy    Temperature Pressure (bar)   Constr. rmsd
    3.76453e+01    3.32406e+02   -2.72193e+00    1.00742e-06

           Step           Time
         840000     1680.00000

   Energies (kJ/mol)
           Bond          Angle    Proper Dih. Per. Imp. Dih.          LJ-14
    1.80279e+01    2.81710e+01    5.03970e+01    4.14805e+00    1.37088e+01
     Coulomb-14        LJ (SR)   Coulomb (SR)      Potential    Kinetic En.
    1.88771e+02    6.72280e+00   -3.48981e+02   -3.90342e+01    5.94747e+01
   Total Energy    Temperature Pressure (bar)   Constr. rmsd
    2.04405e+01    2.80516e+02    2.23120e+00    1.38562e-06

           Step           Time
         845000     1690.00000

   Energies (kJ/mol)
           Bond          Angle    Proper Dih. Per. Imp. Dih.          LJ-14
    8.07459e+00    3.56294e+01    4.68614e+01    1.10692e+00    1.22270e+01
     Coulomb-14        LJ (SR)   Coulomb (SR)      Potential    Kinetic En.
    1.91545e+02   -1.06114e+00   -3.39967e+02   -4.55834e+01    6.67565e+01
   Total Energy    Temperature Pressure (bar)   Constr. rmsd
    2.11731e+01    3.14861e+02   -1.08635e-01    1.39965e-06

           Step           Time
         850000     1700.00000

   Energies (kJ/mol)
           Bond          Angle    Proper Dih. Per. Imp. Dih.          LJ-14
    9.53228e+00    2.40336e+01    5.55954e+01    2.51497e+00    1.42395e+01
     Coulomb-14        LJ (SR)   Coulomb (SR)      Potential    Kinetic En.
    2.15993e+02   -3.37169e+00   -3.58031e+02   -3.94939e+01    6.86075e+01
   Total Energy    Temperature Pressure (bar)   Constr. rmsd
    2.91136e+01    3.23592e+02   -1.39883e+00    1.38594e-06

           Step           Time
         855000     1710.00000

   Energies (kJ/mol)
           Bond          Angle    Proper Dih. Per. Imp. Dih.          LJ-14
    1.59734e+01    3.54140e+01    4.67881e+01    2.56170e+00    1.12545e+01
     Coulomb-14        LJ (SR)   Coulomb (SR)      Potential    Kinetic En.
    1.92257e+02   -5.94650e+00   -3.24045e+02   -2.57424e+01    6.64741e+01
   Total Energy    Temperature Pressure (bar)   Constr. rmsd
    4.07317e+01    3.13529e+02    1.10982e-01    1.53899e-06

           Step           Time
         860000     1720.00000

   Energies (kJ/mol)
           Bond          Angle    Proper Dih. Per. Imp. Dih.          LJ-14
    1.10697e+01    3.67111e+01    4.55492e+01    3.07834e+00    1.43435e+01
     Coulomb-14        LJ (SR)   Coulomb (SR)      Potential    Kinetic En.
    1.85730e+02   -6.16687e+00   -3.20375e+02   -3.00600e+01    6.75975e+01
   Total Energy    Temperature Pressure (bar)   Constr. rmsd
    3.75374e+01    3.18828e+02    1.29128e+00    1.08714e-06

           Step           Time
         865000     1730.00000

   Energies (kJ/mol)
           Bond          Angle    Proper Dih. Per. Imp. Dih.          LJ-14
    7.78369e+00    3.78972e+01    5.08808e+01    1.93592e+00    1.31565e+01
     Coulomb-14        LJ (SR)   Coulomb (SR)      Potential    Kinetic En.
    1.81108e+02   -6.93507e+00   -3.11906e+02   -2.60793e+01    1.05562e+02
   Total Energy    Temperature Pressure (bar)   Constr. rmsd
    7.94828e+01    4.97890e+02    3.35264e-01    1.03310e-06

           Step           Time
         870000     1740.00000

   Energies (kJ/mol)
           Bond          Angle    Proper Dih. Per. Imp. Dih.          LJ-14
    6.78136e+00    4.53157e+01    4.67207e+01    2.77994e+00    1.18338e+01
     Coulomb-14        LJ (SR)   Coulomb (SR)      Potential    Kinetic En.
    1.87355e+02   -4.72600e+00   -3.16610e+02   -2.05490e+01    7.46720e+01
   Total Energy    Temperature Pressure (bar)   Constr. rmsd
    5.41230e+01    3.52195e+02    1.34318e+00    1.40029e-06

           Step           Time
         875000     1750.00000

   Energies (kJ/mol)
           Bond          Angle    Proper Dih. Per. Imp. Dih.          LJ-14
    1.41286e+01    3.26137e+01    4.79520e+01    2.53739e-01    1.40887e+01
     Coulomb-14        LJ (SR)   Coulomb (SR)      Potential    Kinetic En.
    1.90036e+02   -5.87933e+00   -3.26613e+02   -3.34194e+01    8.33726e+01
   Total Energy    Temperature Pressure (bar)   Constr. rmsd
    4.99531e+01    3.93232e+02   -4.77206e-01    2.03698e-06

           Step           Time
         880000     1760.00000

   Energies (kJ/mol)
           Bond          Angle    Proper Dih. Per. Imp. Dih.          LJ-14
    1.59782e+01    4.25826e+01    4.94156e+01    6.52972e+00    1.48815e+01
     Coulomb-14        LJ (SR)   Coulomb (SR)      Potential    Kinetic En.
    1.89808e+02   -5.64434e+00   -3.30029e+02   -1.64782e+01    7.08817e+01
   Total Energy    Temperature Pressure (bar)   Constr. rmsd
    5.44034e+01    3.34318e+02    1.81486e+00    8.94732e-07

           Step           Time
         885000     1770.00000

   Energies (kJ/mol)
           Bond          Angle    Proper Dih. Per. Imp. Dih.          LJ-14
    2.41224e+01    2.93279e+01    3.76296e+01    4.27344e-01    1.49485e+01
     Coulomb-14        LJ (SR)   Coulomb (SR)      Potential    Kinetic En.
    2.01285e+02   -2.78547e+00   -3.34664e+02   -2.97084e+01    7.90610e+01
   Total Energy    Temperature Pressure (bar)   Constr. rmsd
    4.93525e+01    3.72896e+02   -1.66656e+00    1.20702e-06

           Step           Time
         890000     1780.00000

   Energies (kJ/mol)
           Bond          Angle    Proper Dih. Per. Imp. Dih.          LJ-14
    1.16210e+01    2.98203e+01    5.26351e+01    4.87377e+00    1.13728e+01
     Coulomb-14        LJ (SR)   Coulomb (SR)      Potential    Kinetic En.
    1.94635e+02   -2.52901e+00   -3.39766e+02   -3.73370e+01    6.65506e+01
   Total Energy    Temperature Pressure (bar)   Constr. rmsd
    2.92136e+01    3.13890e+02   -1.93281e+00    1.33280e-06

           Step           Time
         895000     1790.00000

   Energies (kJ/mol)
           Bond          Angle    Proper Dih. Per. Imp. Dih.          LJ-14
    1.42886e+01    5.29814e+01    4.89571e+01    8.96877e+00    1.01934e+01
     Coulomb-14        LJ (SR)   Coulomb (SR)      Potential    Kinetic En.
    1.66638e+02   -3.22901e+00   -3.18820e+02   -2.00222e+01    6.62154e+01
   Total Energy    Temperature Pressure (bar)   Constr. rmsd
    4.61932e+01    3.12309e+02   -1.23842e+00    1.70682e-06

           Step           Time
         900000     1800.00000

   Energies (kJ/mol)
           Bond          Angle    Proper Dih. Per. Imp. Dih.          LJ-14
    1.69633e+01    2.73875e+01    5.20489e+01    2.34352e+00    1.15269e+01
     Coulomb-14        LJ (SR)   Coulomb (SR)      Potential    Kinetic En.
    1.83426e+02    1.17271e+01   -3.39254e+02   -3.38307e+01    7.55071e+01
   Total Energy    Temperature Pressure (bar)   Constr. rmsd
    4.16765e+01    3.56134e+02   -2.09708e+00    1.19717e-06

           Step           Time
         905000     1810.00000

   Energies (kJ/mol)
           Bond          Angle    Proper Dih. Per. Imp. Dih.          LJ-14
    1.32682e+01    3.32488e+01    3.94945e+01    3.00719e+00    1.33582e+01
     Coulomb-14        LJ (SR)   Coulomb (SR)      Potential    Kinetic En.
    1.94912e+02   -4.25804e+00   -3.28457e+02   -3.54260e+01    5.35081e+01
   Total Energy    Temperature Pressure (bar)   Constr. rmsd
    1.80821e+01    2.52374e+02   -1.45229e+00    1.32891e-06

           Step           Time
         910000     1820.00000

   Energies (kJ/mol)
           Bond          Angle    Proper Dih. Per. Imp. Dih.          LJ-14
    2.07658e+01    2.57396e+01    4.58098e+01    4.05231e+00    1.25290e+01
     Coulomb-14        LJ (SR)   Coulomb (SR)      Potential    Kinetic En.
    1.92642e+02    1.43977e+00   -3.48193e+02   -4.52147e+01    5.68743e+01
   Total Energy    Temperature Pressure (bar)   Constr. rmsd
    1.16597e+01    2.68251e+02   -1.48918e+00    1.37586e-06

           Step           Time
         915000     1830.00000

   Energies (kJ/mol)
           Bond          Angle    Proper Dih. Per. Imp. Dih.          LJ-14
    6.04873e+00    4.01842e+01    4.50877e+01    7.04424e+00    2.03496e+01
     Coulomb-14        LJ (SR)   Coulomb (SR)      Potential    Kinetic En.
    2.12822e+02    4.24823e+00   -3.56961e+02   -2.11764e+01    6.47176e+01
   Total Energy    Temperature Pressure (bar)   Constr. rmsd
    4.35412e+01    3.05245e+02   -7.04202e-01    1.08591e-06

           Step           Time
         920000     1840.00000

   Energies (kJ/mol)
           Bond          Angle    Proper Dih. Per. Imp. Dih.          LJ-14
    1.31601e+01    3.78879e+01    4.50795e+01    1.43478e+00    1.08528e+01
     Coulomb-14        LJ (SR)   Coulomb (SR)      Potential    Kinetic En.
    1.84194e+02   -5.26692e+00   -3.18517e+02   -3.11745e+01    4.61542e+01
   Total Energy    Temperature Pressure (bar)   Constr. rmsd
    1.49797e+01    2.17689e+02   -1.27847e+00    1.53455e-06

           Step           Time
         925000     1850.00000

   Energies (kJ/mol)
           Bond          Angle    Proper Dih. Per. Imp. Dih.          LJ-14
    1.35037e+01    3.85738e+01    4.70956e+01    4.15278e+00    1.38961e+01
     Coulomb-14        LJ (SR)   Coulomb (SR)      Potential    Kinetic En.
    1.99116e+02   -7.41358e+00   -3.28831e+02   -1.99071e+01    6.83766e+01
   Total Energy    Temperature Pressure (bar)   Constr. rmsd
    4.84695e+01    3.22503e+02   -4.13306e-01    1.61428e-06

           Step           Time
         930000     1860.00000

   Energies (kJ/mol)
           Bond          Angle    Proper Dih. Per. Imp. Dih.          LJ-14
    1.68918e+01    3.73086e+01    4.78361e+01    7.35915e+00    1.05992e+01
     Coulomb-14        LJ (SR)   Coulomb (SR)      Potential    Kinetic En.
    1.88586e+02   -1.09874e+00   -3.42104e+02   -3.46215e+01    6.41205e+01
   Total Energy    Temperature Pressure (bar)   Constr. rmsd
    2.94990e+01    3.02428e+02   -2.22333e-01    1.17773e-06

           Step           Time
         935000     1870.00000

   Energies (kJ/mol)
           Bond          Angle    Proper Dih. Per. Imp. Dih.          LJ-14
    9.08020e+00    5.98556e+01    4.85640e+01    4.89104e+00    1.51129e+01
     Coulomb-14        LJ (SR)   Coulomb (SR)      Potential    Kinetic En.
    1.71023e+02   -1.40449e+00   -3.27822e+02   -2.07003e+01    5.91334e+01
   Total Energy    Temperature Pressure (bar)   Constr. rmsd
    3.84331e+01    2.78906e+02   -3.94561e-02    1.42595e-06

           Step           Time
         940000     1880.00000

   Energies (kJ/mol)
           Bond          Angle    Proper Dih. Per. Imp. Dih.          LJ-14
    8.54327e+00    4.05794e+01    5.07764e+01    2.29542e+00    1.56384e+01
     Coulomb-14        LJ (SR)   Coulomb (SR)      Potential    Kinetic En.
    1.85176e+02   -2.11243e+00   -3.35711e+02   -3.48141e+01    6.87056e+01
   Total Energy    Temperature Pressure (bar)   Constr. rmsd
    3.38915e+01    3.24054e+02    7.81140e-01    1.79293e-06

           Step           Time
         945000     1890.00000

   Energies (kJ/mol)
           Bond          Angle    Proper Dih. Per. Imp. Dih.          LJ-14
    1.12147e+01    3.32472e+01    4.59782e+01    5.46210e+00    9.88070e+00
     Coulomb-14        LJ (SR)   Coulomb (SR)      Potential    Kinetic En.
    2.01851e+02   -4.64879e+00   -3.41015e+02   -3.80305e+01    6.12143e+01
   Total Energy    Temperature Pressure (bar)   Constr. rmsd
    2.31837e+01    2.88721e+02   -1.42731e+00    1.46790e-06

           Step           Time
         950000     1900.00000

   Energies (kJ/mol)
           Bond          Angle    Proper Dih. Per. Imp. Dih.          LJ-14
    1.07227e+01    5.47937e+01    5.00376e+01    3.11023e+00    2.63793e+01
     Coulomb-14        LJ (SR)   Coulomb (SR)      Potential    Kinetic En.
    1.92466e+02   -1.17848e+00   -3.27464e+02    8.86682e+00    6.72565e+01
   Total Energy    Temperature Pressure (bar)   Constr. rmsd
    7.61233e+01    3.17220e+02    5.89194e+00    1.14652e-06

           Step           Time
         955000     1910.00000

   Energies (kJ/mol)
           Bond          Angle    Proper Dih. Per. Imp. Dih.          LJ-14
    6.55581e+00    3.58530e+01    5.16127e+01    9.95887e+00    1.43814e+01
     Coulomb-14        LJ (SR)   Coulomb (SR)      Potential    Kinetic En.
    1.98622e+02   -3.99158e+00   -3.48840e+02   -3.58475e+01    6.01335e+01
   Total Energy    Temperature Pressure (bar)   Constr. rmsd
    2.42859e+01    2.83623e+02    2.72798e-01    1.68737e-06

           Step           Time
         960000     1920.00000

   Energies (kJ/mol)
           Bond          Angle    Proper Dih. Per. Imp. Dih.          LJ-14
    9.59331e+00    3.25481e+01    5.06451e+01    7.48536e+00    1.56863e+01
     Coulomb-14        LJ (SR)   Coulomb (SR)      Potential    Kinetic En.
    2.06660e+02   -3.88956e+00   -3.45477e+02   -2.67488e+01    8.79182e+01
   Total Energy    Temperature Pressure (bar)   Constr. rmsd
    6.11694e+01    4.14672e+02    1.65692e+00    1.62798e-06

           Step           Time
         965000     1930.00000

   Energies (kJ/mol)
           Bond          Angle    Proper Dih. Per. Imp. Dih.          LJ-14
    8.21852e+00    2.80945e+01    5.36757e+01    9.15368e-01    1.67130e+01
     Coulomb-14        LJ (SR)   Coulomb (SR)      Potential    Kinetic En.
    1.86992e+02   -4.76330e+00   -3.31901e+02   -4.20555e+01    7.59174e+01
   Total Energy    Temperature Pressure (bar)   Constr. rmsd
    3.38620e+01    3.58069e+02    7.74169e-01    1.46315e-06

           Step           Time
         970000     1940.00000

   Energies (kJ/mol)
           Bond          Angle    Proper Dih. Per. Imp. Dih.          LJ-14
    9.01896e+00    2.07091e+01    4.42028e+01    2.22272e+00    1.43459e+01
     Coulomb-14        LJ (SR)   Coulomb (SR)      Potential    Kinetic En.
    1.98648e+02   -5.00559e+00   -3.29642e+02   -4.55004e+01    6.17119e+01
   Total Energy    Temperature Pressure (bar)   Constr. rmsd
    1.62114e+01    2.91068e+02    1.53408e+00    1.67919e-06

           Step           Time
         975000     1950.00000

   Energies (kJ/mol)
           Bond          Angle    Proper Dih. Per. Imp. Dih.          LJ-14
    8.45315e+00    3.13924e+01    4.77723e+01    4.94216e+00    8.87592e+00
     Coulomb-14        LJ (SR)   Coulomb (SR)      Potential    Kinetic En.
    1.85804e+02   -6.46900e+00   -3.14068e+02   -3.32966e+01    6.96300e+01
   Total Energy    Temperature Pressure (bar)   Constr. rmsd
    3.63334e+01    3.28414e+02   -1.12333e+00    1.57558e-06

           Step           Time
         980000     1960.00000

   Energies (kJ/mol)
           Bond          Angle    Proper Dih. Per. Imp. Dih.          LJ-14
    5.68787e+00    4.27506e+01    4.52256e+01    1.61012e+00    1.13081e+01
     Coulomb-14        LJ (SR)   Coulomb (SR)      Potential    Kinetic En.
    1.88240e+02   -5.22018e+00   -3.22571e+02   -3.29687e+01    7.72980e+01
   Total Energy    Temperature Pressure (bar)   Constr. rmsd
    4.43293e+01    3.64581e+02   -1.34958e+00    1.48574e-06

           Step           Time
         985000     1970.00000

   Energies (kJ/mol)
           Bond          Angle    Proper Dih. Per. Imp. Dih.          LJ-14
    1.12670e+01    3.83836e+01    4.08201e+01    6.37521e-01    1.15272e+01
     Coulomb-14        LJ (SR)   Coulomb (SR)      Potential    Kinetic En.
    1.90596e+02   -5.54189e+00   -3.23095e+02   -3.54051e+01    4.73915e+01
   Total Energy    Temperature Pressure (bar)   Constr. rmsd
    1.19864e+01    2.23525e+02   -8.72978e-01    1.33280e-06

           Step           Time
         990000     1980.00000

   Energies (kJ/mol)
           Bond          Angle    Proper Dih. Per. Imp. Dih.          LJ-14
    2.17039e+00    3.05637e+01    5.17286e+01    2.49324e+00    1.16905e+01
     Coulomb-14        LJ (SR)   Coulomb (SR)      Potential    Kinetic En.
    1.92963e+02   -6.52224e+00   -3.26583e+02   -4.14958e+01    8.20631e+01
   Total Energy    Temperature Pressure (bar)   Constr. rmsd
    4.05673e+01    3.87056e+02    1.13688e+00    1.57999e-06

           Step           Time
         995000     1990.00000

   Energies (kJ/mol)
           Bond          Angle    Proper Dih. Per. Imp. Dih.          LJ-14
    2.15286e+01    2.56713e+01    4.58397e+01    1.60153e+00    1.20372e+01
     Coulomb-14        LJ (SR)   Coulomb (SR)      Potential    Kinetic En.
    1.86892e+02   -6.91152e+00   -3.25919e+02   -3.92603e+01    8.29862e+01
   Total Energy    Temperature Pressure (bar)   Constr. rmsd
    4.37259e+01    3.91409e+02   -9.28885e-02    1.17798e-06

           Step           Time
        1000000     2000.00000

PLUMED: Sample limits
PLUMED: -3.10037 3.11289
PLUMED: -3.14008 3.14127
PLUMED: Forming TT-sketch density...
PLUMED: Initial ranks 20 
PLUMED: Final ranks 3 
PLUMED: Vtop = 11.4869 Vshift = 0
PLUMED: 
PLUMED: Starting TT-cross ACA...
PLUMED: pos = 1
PLUMED: rank = 1 res = 11.4869 xy = ( -1.36865 0.98013 )
PLUMED: rank = 2 res = 13.4129 xy = ( -2.5056 2.60417 )
PLUMED: rank = 3 res = 5.00049 xy = ( -2.24384 3.03371 )
PLUMED: rank = 4 res = 8.2218 xy = ( -1.24599 0.513716 )
PLUMED: rank = 5 res = 0.804521 xy = ( -2.76729 2.8932 )
PLUMED: rank = 6 res = 20.1789 xy = ( -1.56865 0.313605 )
PLUMED: rank = 7 res = 1.6767 xy = ( -2.60619 2.06743 )
PLUMED: rank = 8 res = 12.1715 xy = ( -2.91416 1.93629 )
PLUMED: Computing Galerkin projection...
PLUMED: Core 1 done!
PLUMED: Core 2 done!
PLUMED: gradtop 46.6017 28.505 
PLUMED: -1.14455 1.04796 
PLUMED: -2.61332 -2.79041 
PLUMED: 
   Energies (kJ/mol)
           Bond          Angle    Proper Dih. Per. Imp. Dih.          LJ-14
    4.53359e+00    2.60380e+01    4.25952e+01    2.67285e+00    1.06189e+01
     Coulomb-14        LJ (SR)   Coulomb (SR)      Potential    Kinetic En.
    1.97013e+02   -4.86118e+00   -3.27112e+02   -4.85021e+01    6.10189e+01
   Total Energy    Temperature Pressure (bar)   Constr. rmsd
    1.25167e+01    2.87799e+02   -1.34937e+00    1.27060e-06

PLUMED: Vbias update 2...
PLUMED: 
           Step           Time
        1005000     2010.00000

   Energies (kJ/mol)
           Bond          Angle    Proper Dih. Per. Imp. Dih.          LJ-14
    6.00006e+00    4.55104e+01    4.91889e+01    2.19327e+00    2.08602e+01
     Coulomb-14        LJ (SR)   Coulomb (SR)      Potential    Kinetic En.
    2.02145e+02   -4.38790e+00   -3.35391e+02   -1.38809e+01    6.73213e+01
   Total Energy    Temperature Pressure (bar)   Constr. rmsd
    5.34404e+01    3.17525e+02    2.30862e-01    1.60795e-06

           Step           Time
        1010000     2020.00000

   Energies (kJ/mol)
           Bond          Angle    Proper Dih. Per. Imp. Dih.          LJ-14
    2.15387e+01    3.46630e+01    4.33888e+01    2.14275e+00    9.87943e+00
     Coulomb-14        LJ (SR)   Coulomb (SR)      Potential    Kinetic En.
    1.97638e+02   -5.54659e+00   -3.25451e+02   -2.17470e+01    5.86662e+01
   Total Energy    Temperature Pressure (bar)   Constr. rmsd
    3.69192e+01    2.76703e+02   -3.18509e+00    1.26265e-06

           Step           Time
        1015000     2030.00000

   Energies (kJ/mol)
           Bond          Angle    Proper Dih. Per. Imp. Dih.          LJ-14
    2.28814e+01    4.08931e+01    3.74887e+01    2.90287e+00    1.32928e+01
     Coulomb-14        LJ (SR)   Coulomb (SR)      Potential    Kinetic En.
    1.78298e+02   -5.87677e+00   -3.14089e+02   -2.42097e+01    5.05678e+01
   Total Energy    Temperature Pressure (bar)   Constr. rmsd
    2.63582e+01    2.38506e+02    2.72519e+00    1.09609e-06

           Step           Time
        1020000     2040.00000

   Energies (kJ/mol)
           Bond          Angle    Proper Dih. Per. Imp. Dih.          LJ-14
    9.53408e+00    2.59600e+01    4.55904e+01    2.56370e+00    1.42019e+01
     Coulomb-14        LJ (SR)   Coulomb (SR)      Potential    Kinetic En.
    2.03423e+02   -1.54497e+00   -3.32439e+02   -3.27116e+01    4.81419e+01
   Total Energy    Temperature Pressure (bar)   Constr. rmsd
    1.54304e+01    2.27065e+02   -6.52802e-03    1.03138e-06

           Step           Time
        1025000     2050.00000

   Energies (kJ/mol)
           Bond          Angle    Proper Dih. Per. Imp. Dih.          LJ-14
    9.20933e+00    2.64240e+01    4.43850e+01    2.58644e+00    1.68639e+01
     Coulomb-14        LJ (SR)   Coulomb (SR)      Potential    Kinetic En.
    1.86924e+02   -5.01043e+00   -3.17350e+02   -3.59676e+01    7.20332e+01
   Total Energy    Temperature Pressure (bar)   Constr. rmsd
    3.60656e+01    3.39749e+02    1.67852e+00    1.25642e-06

           Step           Time
        1030000     2060.00000

   Energies (kJ/mol)
           Bond          Angle    Proper Dih. Per. Imp. Dih.          LJ-14
    1.53262e+01    3.67884e+01    5.83104e+01    7.82391e-01    1.20679e+01
     Coulomb-14        LJ (SR)   Coulomb (SR)      Potential    Kinetic En.
    1.97948e+02   -2.88418e-01   -3.46366e+02   -2.54314e+01    7.80465e+01
   Total Energy    Temperature Pressure (bar)   Constr. rmsd
    5.26151e+01    3.68111e+02   -1.96648e+00    9.66625e-07

           Step           Time
        1035000     2070.00000

   Energies (kJ/mol)
           Bond          Angle    Proper Dih. Per. Imp. Dih.          LJ-14
    1.67975e+01    4.54816e+01    4.69092e+01    7.85761e-01    1.80445e+01
     Coulomb-14        LJ (SR)   Coulomb (SR)      Potential    Kinetic En.
    1.88437e+02   -3.70642e+00   -3.34833e+02   -2.20841e+01    6.34775e+01
   Total Energy    Temperature Pressure (bar)   Constr. rmsd
    4.13934e+01    2.99395e+02   -4.58404e-01    1.18487e-06

           Step           Time
        1040000     2080.00000

   Energies (kJ/mol)
           Bond          Angle    Proper Dih. Per. Imp. Dih.          LJ-14
    2.75763e+01    2.09027e+01    4.92047e+01    1.81797e+00    2.22637e+01
     Coulomb-14        LJ (SR)   Coulomb (SR)      Potential    Kinetic En.
    1.91815e+02   -3.91127e+00   -3.37336e+02   -2.76673e+01    7.43753e+01
   Total Energy    Temperature Pressure (bar)   Constr. rmsd
    4.67080e+01    3.50796e+02    3.63844e+00    9.37392e-07

           Step           Time
        1045000     2090.00000

   Energies (kJ/mol)
           Bond          Angle    Proper Dih. Per. Imp. Dih.          LJ-14
    5.95765e+00    3.40050e+01    3.54563e+01    6.38146e-01    1.31846e+01
     Coulomb-14        LJ (SR)   Coulomb (SR)      Potential    Kinetic En.
    1.91565e+02   -6.09046e+00   -3.23562e+02   -4.88463e+01    6.47976e+01
   Total Energy    Temperature Pressure (bar)   Constr. rmsd
    1.59513e+01    3.05622e+02    8.08436e-01    8.50977e-07

           Step           Time
        1050000     2100.00000

   Energies (kJ/mol)
           Bond          Angle    Proper Dih. Per. Imp. Dih.          LJ-14
    8.86972e+00    4.73044e+01    4.03251e+01    8.30270e+00    1.50617e+01
     Coulomb-14        LJ (SR)   Coulomb (SR)      Potential    Kinetic En.
    1.85330e+02    2.30508e+00   -3.43655e+02   -3.61563e+01    6.30423e+01
   Total Energy    Temperature Pressure (bar)   Constr. rmsd
    2.68859e+01    2.97343e+02    2.82362e+00    1.37101e-06

           Step           Time
        1055000     2110.00000

   Energies (kJ/mol)
           Bond          Angle    Proper Dih. Per. Imp. Dih.          LJ-14
    1.02507e+01    3.25636e+01    4.54370e+01    5.68197e-01    1.84219e+01
     Coulomb-14        LJ (SR)   Coulomb (SR)      Potential    Kinetic En.
    1.90919e+02   -3.11554e+00   -3.17104e+02   -2.20586e+01    7.32633e+01
   Total Energy    Temperature Pressure (bar)   Constr. rmsd
    5.12047e+01    3.45551e+02    6.15805e-01    1.13484e-06

           Step           Time
        1060000     2120.00000

   Energies (kJ/mol)
           Bond          Angle    Proper Dih. Per. Imp. Dih.          LJ-14
    3.33480e+01    3.88784e+01    5.40036e+01    5.75717e+00    1.07092e+01
     Coulomb-14        LJ (SR)   Coulomb (SR)      Potential    Kinetic En.
    1.76965e+02   -1.76105e+00   -3.30059e+02   -1.21590e+01    7.34626e+01
   Total Energy    Temperature Pressure (bar)   Constr. rmsd
    6.13037e+01    3.46491e+02   -4.23627e+00    1.05255e-06

           Step           Time
        1065000     2130.00000

   Energies (kJ/mol)
           Bond          Angle    Proper Dih. Per. Imp. Dih.          LJ-14
    1.12214e+01    3.36738e+01    5.32599e+01    2.06649e+00    7.61619e+00
     Coulomb-14        LJ (SR)   Coulomb (SR)      Potential    Kinetic En.
    1.98971e+02   -4.78659e+00   -3.27919e+02   -2.58963e+01    8.73560e+01
   Total Energy    Temperature Pressure (bar)   Constr. rmsd
    6.14598e+01    4.12020e+02   -1.45526e+00    1.14212e-06

           Step           Time
        1070000     2140.00000

   Energies (kJ/mol)
           Bond          Angle    Proper Dih. Per. Imp. Dih.          LJ-14
    1.41937e+01    3.75859e+01    5.65225e+01    6.98821e+00    1.75020e+01
     Coulomb-14        LJ (SR)   Coulomb (SR)      Potential    Kinetic En.
    1.82774e+02   -4.53833e+00   -3.20438e+02   -9.41022e+00    7.75971e+01
   Total Energy    Temperature Pressure (bar)   Constr. rmsd
    6.81869e+01    3.65992e+02    1.05307e+00    1.23383e-06

           Step           Time
        1075000     2150.00000

   Energies (kJ/mol)
           Bond          Angle    Proper Dih. Per. Imp. Dih.          LJ-14
    8.88654e+00    3.86279e+01    5.85620e+01    4.94442e+00    1.51231e+01
     Coulomb-14        LJ (SR)   Coulomb (SR)      Potential    Kinetic En.
    2.13344e+02   -5.42222e+00   -3.54469e+02   -2.04039e+01    6.98807e+01
   Total Energy    Temperature Pressure (bar)   Constr. rmsd
    4.94768e+01    3.29597e+02    1.22277e+00    1.49408e-06

           Step           Time
        1080000     2160.00000

   Energies (kJ/mol)
           Bond          Angle    Proper Dih. Per. Imp. Dih.          LJ-14
    1.86198e+01    4.54554e+01    4.76249e+01    3.93549e+00    1.37655e+01
     Coulomb-14        LJ (SR)   Coulomb (SR)      Potential    Kinetic En.
    2.05429e+02   -4.57525e+00   -3.34951e+02   -4.69614e+00    7.25230e+01
   Total Energy    Temperature Pressure (bar)   Constr. rmsd
    6.78268e+01    3.42059e+02   -5.22062e-01    1.17898e-06

           Step           Time
        1085000     2170.00000

   Energies (kJ/mol)
           Bond          Angle    Proper Dih. Per. Imp. Dih.          LJ-14
    9.89144e+00    3.41135e+01    4.96485e+01    2.17509e+00    1.78406e+01
     Coulomb-14        LJ (SR)   Coulomb (SR)      Potential    Kinetic En.
    2.05496e+02   -5.16998e+00   -3.42654e+02   -2.86586e+01    6.20141e+01
   Total Energy    Temperature Pressure (bar)   Constr. rmsd
    3.33555e+01    2.92493e+02    1.85893e+00    1.84630e-06

           Step           Time
        1090000     2180.00000

   Energies (kJ/mol)
           Bond          Angle    Proper Dih. Per. Imp. Dih.          LJ-14
    1.43085e+01    4.78945e+01    4.49474e+01    1.62053e+00    1.02649e+01
     Coulomb-14        LJ (SR)   Coulomb (SR)      Potential    Kinetic En.
    1.89481e+02   -1.94584e+00   -3.25003e+02   -1.84323e+01    7.38501e+01
   Total Energy    Temperature Pressure (bar)   Constr. rmsd
    5.54178e+01    3.48318e+02    1.23530e-01    1.42356e-06

           Step           Time
        1095000     2190.00000

   Energies (kJ/mol)
           Bond          Angle    Proper Dih. Per. Imp. Dih.          LJ-14
    9.91511e+00    2.88615e+01    3.81446e+01    6.85857e-01    2.15782e+01
     Coulomb-14        LJ (SR)   Coulomb (SR)      Potential    Kinetic En.
    1.99329e+02    6.00699e+00   -3.37991e+02   -3.34698e+01    5.62508e+01
   Total Energy    Temperature Pressure (bar)   Constr. rmsd
    2.27810e+01    2.65310e+02    3.13838e+00    1.10911e-06

           Step           Time
        1100000     2200.00000

   Energies (kJ/mol)
           Bond          Angle    Proper Dih. Per. Imp. Dih.          LJ-14
    5.53193e+00    4.51113e+01    6.14317e+01    8.30237e+00    1.12625e+01
     Coulomb-14        LJ (SR)   Coulomb (SR)      Potential    Kinetic En.
    1.89556e+02   -6.66248e+00   -3.30380e+02   -1.58468e+01    6.13610e+01
   Total Energy    Temperature Pressure (bar)   Constr. rmsd
    4.55142e+01    2.89413e+02    4.77356e-01    1.40567e-06

           Step           Time
        1105000     2210.00000

   Energies (kJ/mol)
           Bond          Angle    Proper Dih. Per. Imp. Dih.          LJ-14
    2.43189e+01    2.89669e+01    5.12212e+01    9.81150e-01    1.14995e+01
     Coulomb-14        LJ (SR)   Coulomb (SR)      Potential    Kinetic En.
    2.11988e+02   -6.04768e+00   -3.40081e+02   -1.71528e+01    3.68821e+01
   Total Energy    Temperature Pressure (bar)   Constr. rmsd
    1.97293e+01    1.73957e+02   -5.22251e+00    1.41250e-06

           Step           Time
        1110000     2220.00000

   Energies (kJ/mol)
           Bond          Angle    Proper Dih. Per. Imp. Dih.          LJ-14
    9.64396e+00    2.70183e+01    4.62557e+01    2.53348e+00    1.59415e+01
     Coulomb-14        LJ (SR)   Coulomb (SR)      Potential    Kinetic En.
    1.93935e+02   -4.21098e+00   -3.29083e+02   -3.79662e+01    8.79142e+01
   Total Energy    Temperature Pressure (bar)   Constr. rmsd
    4.99481e+01    4.14653e+02    1.33499e+00    1.13197e-06

           Step           Time
        1115000     2230.00000

   Energies (kJ/mol)
           Bond          Angle    Proper Dih. Per. Imp. Dih.          LJ-14
    6.01225e+00    3.81801e+01    4.29532e+01    3.60718e+00    1.65728e+01
     Coulomb-14        LJ (SR)   Coulomb (SR)      Potential    Kinetic En.
    1.90755e+02   -3.58688e+00   -3.26474e+02   -3.19806e+01    8.10330e+01
   Total Energy    Temperature Pressure (bar)   Constr. rmsd
    4.90524e+01    3.82197e+02   -1.13053e+00    1.45788e-06

           Step           Time
        1120000     2240.00000

   Energies (kJ/mol)
           Bond          Angle    Proper Dih. Per. Imp. Dih.          LJ-14
    1.36431e+01    2.28951e+01    4.69785e+01    2.25211e+00    1.00744e+01
     Coulomb-14        LJ (SR)   Coulomb (SR)      Potential    Kinetic En.
    1.93783e+02   -5.11375e+00   -3.20535e+02   -3.60221e+01    6.66244e+01
   Total Energy    Temperature Pressure (bar)   Constr. rmsd
    3.06023e+01    3.14238e+02   -3.63919e+00    1.04365e-06

           Step           Time
        1125000     2250.00000

   Energies (kJ/mol)
           Bond          Angle    Proper Dih. Per. Imp. Dih.          LJ-14
    7.46799e+00    3.91201e+01    5.50270e+01    7.92936e-01    1.20795e+01
     Coulomb-14        LJ (SR)   Coulomb (SR)      Potential    Kinetic En.
    2.02379e+02    5.01311e+00   -3.59065e+02   -3.71859e+01    7.51374e+01
   Total Energy    Temperature Pressure (bar)   Constr. rmsd
    3.79516e+01    3.54390e+02    3.14748e+00    7.61176e-07

           Step           Time
        1130000     2260.00000

   Energies (kJ/mol)
           Bond          Angle    Proper Dih. Per. Imp. Dih.          LJ-14
    7.69285e+00    3.30346e+01    5.37322e+01    2.49466e+00    1.03604e+01
     Coulomb-14        LJ (SR)   Coulomb (SR)      Potential    Kinetic En.
    1.83878e+02   -7.07331e+00   -3.24076e+02   -3.99566e+01    5.62400e+01
   Total Energy    Temperature Pressure (bar)   Constr. rmsd
    1.62834e+01    2.65260e+02    1.47917e+00    1.00374e-06

           Step           Time
        1135000     2270.00000

   Energies (kJ/mol)
           Bond          Angle    Proper Dih. Per. Imp. Dih.          LJ-14
    1.72698e+01    4.67566e+01    5.24964e+01    2.82748e+00    7.37944e+00
     Coulomb-14        LJ (SR)   Coulomb (SR)      Potential    Kinetic En.
    1.77462e+02    2.16768e-01   -3.25013e+02   -2.06046e+01    5.37559e+01
   Total Energy    Temperature Pressure (bar)   Constr. rmsd
    3.31513e+01    2.53543e+02   -3.59827e+00    9.98267e-07

           Step           Time
        1140000     2280.00000

   Energies (kJ/mol)
           Bond          Angle    Proper Dih. Per. Imp. Dih.          LJ-14
    1.20330e+01    1.91887e+01    4.49991e+01    3.02935e+00    1.25618e+01
     Coulomb-14        LJ (SR)   Coulomb (SR)      Potential    Kinetic En.
    1.94854e+02   -4.06570e+00   -3.29510e+02   -4.69096e+01    9.22899e+01
   Total Energy    Temperature Pressure (bar)   Constr. rmsd
    4.53804e+01    4.35291e+02   -2.12515e+00    1.18874e-06

           Step           Time
        1145000     2290.00000

   Energies (kJ/mol)
           Bond          Angle    Proper Dih. Per. Imp. Dih.          LJ-14
    9.17368e+00    2.30830e+01    5.46782e+01    9.30749e-01    1.12753e+01
     Coulomb-14        LJ (SR)   Coulomb (SR)      Potential    Kinetic En.
    2.05205e+02   -2.23811e+00   -3.43442e+02   -4.13347e+01    6.82824e+01
   Total Energy    Temperature Pressure (bar)   Constr. rmsd
    2.69477e+01    3.22058e+02    8.94432e-01    1.11484e-06

           Step           Time
        1150000     2300.00000

   Energies (kJ/mol)
           Bond          Angle    Proper Dih. Per. Imp. Dih.          LJ-14
    1.21307e+01    3.43783e+01    4.65962e+01    1.40250e+00    8.24481e+00
     Coulomb-14        LJ (SR)   Coulomb (SR)      Potential    Kinetic En.
    1.91100e+02   -6.83727e+00   -3.13918e+02   -2.69028e+01    6.51425e+01
   Total Energy    Temperature Pressure (bar)   Constr. rmsd
    3.82396e+01    3.07249e+02   -1.31400e+00    1.11138e-06

           Step           Time
        1155000     2310.00000

   Energies (kJ/mol)
           Bond          Angle    Proper Dih. Per. Imp. Dih.          LJ-14
    1.20321e+01    6.14238e+01    4.06227e+01    1.20573e+00    1.35178e+01
     Coulomb-14        LJ (SR)   Coulomb (SR)      Potential    Kinetic En.
    1.90799e+02   -4.66136e+00   -3.20993e+02   -6.05396e+00    7.48965e+01
   Total Energy    Temperature Pressure (bar)   Constr. rmsd
    6.88425e+01    3.53254e+02    9.81615e-01    1.33247e-06

           Step           Time
        1160000     2320.00000

   Energies (kJ/mol)
           Bond          Angle    Proper Dih. Per. Imp. Dih.          LJ-14
    1.55811e+01    5.78239e+01    5.43487e+01    7.88785e-01    9.43574e+00
     Coulomb-14        LJ (SR)   Coulomb (SR)      Potential    Kinetic En.
    2.04360e+02   -1.91764e+00   -3.52212e+02   -1.17914e+01    8.10612e+01
   Total Energy    Temperature Pressure (bar)   Constr. rmsd
    6.92698e+01    3.82330e+02   -2.64135e+00    7.88683e-07

           Step           Time
        1165000     2330.00000

   Energies (kJ/mol)
           Bond          Angle    Proper Dih. Per. Imp. Dih.          LJ-14
    1.49251e+01    6.74408e+01    4.58398e+01    1.43186e+00    8.65007e+00
     Coulomb-14        LJ (SR)   Coulomb (SR)      Potential    Kinetic En.
    1.72149e+02   -9.75982e-01   -3.27383e+02   -1.79229e+01    5.79610e+01
   Total Energy    Temperature Pressure (bar)   Constr. rmsd
    4.00381e+01    2.73377e+02   -2.46533e+00    1.30224e-06

           Step           Time
        1170000     2340.00000

   Energies (kJ/mol)
           Bond          Angle    Proper Dih. Per. Imp. Dih.          LJ-14
    1.08646e+01    4.87332e+01    4.88807e+01    1.46394e+00    1.65159e+01
     Coulomb-14        LJ (SR)   Coulomb (SR)      Potential    Kinetic En.
    1.82437e+02    3.37619e+00   -3.28537e+02   -1.62652e+01    5.72285e+01
   Total Energy    Temperature Pressure (bar)   Constr. rmsd
    4.09633e+01    2.69922e+02   -6.98192e-01    1.24980e-06

           Step           Time
        1175000     2350.00000

   Energies (kJ/mol)
           Bond          Angle    Proper Dih. Per. Imp. Dih.          LJ-14
    1.68140e+01    5.30696e+01    5.64855e+01    1.16161e+01    1.34456e+01
     Coulomb-14        LJ (SR)   Coulomb (SR)      Potential    Kinetic En.
    1.88084e+02   -5.76609e+00   -3.36262e+02   -2.51263e+00    6.36995e+01
   Total Energy    Temperature Pressure (bar)   Constr. rmsd
    6.11869e+01    3.00443e+02    1.57108e+00    1.26394e-06

           Step           Time
        1180000     2360.00000

   Energies (kJ/mol)
           Bond          Angle    Proper Dih. Per. Imp. Dih.          LJ-14
    4.73268e+00    3.37317e+01    3.90426e+01    1.19393e+00    2.27053e+01
     Coulomb-14        LJ (SR)   Coulomb (SR)      Potential    Kinetic En.
    1.95115e+02   -2.28888e+00   -3.24858e+02   -3.06257e+01    5.28637e+01
   Total Energy    Temperature Pressure (bar)   Constr. rmsd
    2.22381e+01    2.49335e+02    3.49535e+00    1.16051e-06

           Step           Time
        1185000     2370.00000

   Energies (kJ/mol)
           Bond          Angle    Proper Dih. Per. Imp. Dih.          LJ-14
    9.57874e+00    2.85795e+01    5.14298e+01    2.31271e+00    1.16692e+01
     Coulomb-14        LJ (SR)   Coulomb (SR)      Potential    Kinetic En.
    1.93533e+02   -4.38456e+00   -3.28491e+02   -3.57735e+01    5.24111e+01
   Total Energy    Temperature Pressure (bar)   Constr. rmsd
    1.66376e+01    2.47200e+02   -8.77703e-01    1.01313e-06

           Step           Time
        1190000     2380.00000

   Energies (kJ/mol)
           Bond          Angle    Proper Dih. Per. Imp. Dih.          LJ-14
    1.31162e+01    3.84380e+01    4.58094e+01    3.52155e+00    9.65702e+00
     Coulomb-14        LJ (SR)   Coulomb (SR)      Potential    Kinetic En.
    1.84900e+02   -6.11108e+00   -3.20752e+02   -3.14216e+01    5.82356e+01
   Total Energy    Temperature Pressure (bar)   Constr. rmsd
    2.68140e+01    2.74672e+02   -1.90921e+00    1.23922e-06

           Step           Time
        1195000     2390.00000

   Energies (kJ/mol)
           Bond          Angle    Proper Dih. Per. Imp. Dih.          LJ-14
    1.68094e+01    3.55163e+01    4.56256e+01    2.09939e+00    1.48175e+01
     Coulomb-14        LJ (SR)   Coulomb (SR)      Potential    Kinetic En.
    1.87850e+02   -1.18672e+00   -3.20059e+02   -1.85274e+01    8.10041e+01
   Total Energy    Temperature Pressure (bar)   Constr. rmsd
    6.24767e+01    3.82061e+02    1.40591e+00    1.59157e-06

           Step           Time
        1200000     2400.00000

   Energies (kJ/mol)
           Bond          Angle    Proper Dih. Per. Imp. Dih.          LJ-14
    7.90840e+00    3.64335e+01    4.63345e+01    1.45718e+00    1.95878e+01
     Coulomb-14        LJ (SR)   Coulomb (SR)      Potential    Kinetic En.
    2.05822e+02    8.66845e+00   -3.43127e+02   -1.69149e+01    6.72255e+01
   Total Energy    Temperature Pressure (bar)   Constr. rmsd
    5.03106e+01    3.17073e+02    3.47051e+00    1.27687e-06

           Step           Time
        1205000     2410.00000

   Energies (kJ/mol)
           Bond          Angle    Proper Dih. Per. Imp. Dih.          LJ-14
    8.12718e+00    3.06080e+01    5.26537e+01    4.53329e+00    1.30731e+01
     Coulomb-14        LJ (SR)   Coulomb (SR)      Potential    Kinetic En.
    2.01928e+02   -3.55380e+00   -3.34967e+02   -2.75972e+01    7.71695e+01
   Total Energy    Temperature Pressure (bar)   Constr. rmsd
    4.95723e+01    3.63975e+02    2.80053e-01    1.34276e-06

           Step           Time
        1210000     2420.00000

   Energies (kJ/mol)
           Bond          Angle    Proper Dih. Per. Imp. Dih.          LJ-14
    1.05403e+01    1.79245e+01    4.36214e+01    4.09782e+00    1.46570e+01
     Coulomb-14        LJ (SR)   Coulomb (SR)      Potential    Kinetic En.
    1.98833e+02   -6.32995e+00   -3.30965e+02   -4.76212e+01    5.59345e+01
   Total Energy    Temperature Pressure (bar)   Constr. rmsd
    8.31334e+00    2.63819e+02    5.61151e-01    1.32969e-06

           Step           Time
        1215000     2430.00000

   Energies (kJ/mol)
           Bond          Angle    Proper Dih. Per. Imp. Dih.          LJ-14
    4.78735e+00    3.92494e+01    5.27086e+01    2.40727e+00    1.83823e+01
     Coulomb-14        LJ (SR)   Coulomb (SR)      Potential    Kinetic En.
    2.00812e+02   -5.21780e+00   -3.40963e+02   -2.78336e+01    5.90661e+01
   Total Energy    Temperature Pressure (bar)   Constr. rmsd
    3.12325e+01    2.78589e+02    2.18015e+00    1.31446e-06

           Step           Time
        1220000     2440.00000

   Energies (kJ/mol)
           Bond          Angle    Proper Dih. Per. Imp. Dih.          LJ-14
    1.28070e+01    3.94627e+01    4.57437e+01    6.15680e-01    9.98988e+00
     Coulomb-14        LJ (SR)   Coulomb (SR)      Potential    Kinetic En.
    2.00887e+02   -6.58042e+00   -3.31288e+02   -2.83616e+01    8.20246e+01
   Total Energy    Temperature Pressure (bar)   Constr. rmsd
    5.36630e+01    3.86874e+02   -1.11328e+00    1.05536e-06

           Step           Time
        1225000     2450.00000

   Energies (kJ/mol)
           Bond          Angle    Proper Dih. Per. Imp. Dih.          LJ-14
    6.44719e+00    4.28020e+01    6.21603e+01    1.26979e+00    1.66629e+01
     Coulomb-14        LJ (SR)   Coulomb (SR)      Potential    Kinetic En.
    1.98475e+02   -5.92044e+00   -3.28185e+02   -6.28891e+00    5.61175e+01
   Total Energy    Temperature Pressure (bar)   Constr. rmsd
    4.98286e+01    2.64682e+02    1.57730e+00    1.05423e-06

           Step           Time
        1230000     2460.00000

   Energies (kJ/mol)
           Bond          Angle    Proper Dih. Per. Imp. Dih.          LJ-14
    9.25194e+00    3.64100e+01    5.25434e+01    2.14895e+00    1.08840e+01
     Coulomb-14        LJ (SR)   Coulomb (SR)      Potential    Kinetic En.
    1.84970e+02   -6.29610e+00   -3.27404e+02   -3.74916e+01    6.52642e+01
   Total Energy    Temperature Pressure (bar)   Constr. rmsd
    2.77726e+01    3.07823e+02   -2.10496e+00    1.51211e-06

           Step           Time
        1235000     2470.00000

   Energies (kJ/mol)
           Bond          Angle    Proper Dih. Per. Imp. Dih.          LJ-14
    2.37330e+01    3.71452e+01    5.01754e+01    4.97360e+00    1.10208e+01
     Coulomb-14        LJ (SR)   Coulomb (SR)      Potential    Kinetic En.
    1.86954e+02    7.91527e-01   -3.32193e+02   -1.73991e+01    7.92908e+01
   Total Energy    Temperature Pressure (bar)   Constr. rmsd
    6.18917e+01    3.73980e+02   -3.36264e+00    1.15795e-06

           Step           Time
        1240000     2480.00000

   Energies (kJ/mol)
           Bond          Angle    Proper Dih. Per. Imp. Dih.          LJ-14
    2.31108e+01    5.05291e+01    4.65540e+01    1.03352e+00    1.61201e+01
     Coulomb-14        LJ (SR)   Coulomb (SR)      Potential    Kinetic En.
    1.81954e+02   -2.41389e+00   -3.18646e+02   -1.75763e+00    8.76006e+01
   Total Energy    Temperature Pressure (bar)   Constr. rmsd
    8.58430e+01    4.13174e+02    4.74252e-01    1.22830e-06

           Step           Time
        1245000     2490.00000

   Energies (kJ/mol)
           Bond          Angle    Proper Dih. Per. Imp. Dih.          LJ-14
    1.66825e+01    3.68885e+01    4.48162e+01    2.64702e+00    2.03268e+01
     Coulomb-14        LJ (SR)   Coulomb (SR)      Potential    Kinetic En.
    2.02518e+02   -4.79410e+00   -3.42014e+02   -2.29287e+01    8.08227e+01
   Total Energy    Temperature Pressure (bar)   Constr. rmsd
    5.78940e+01    3.81205e+02    1.31682e+00    1.46112e-06

           Step           Time
        1250000     2500.00000

   Energies (kJ/mol)
           Bond          Angle    Proper Dih. Per. Imp. Dih.          LJ-14
    9.23287e+00    2.55117e+01    4.47665e+01    1.96683e+00    1.15218e+01
     Coulomb-14        LJ (SR)   Coulomb (SR)      Potential    Kinetic En.
    2.01896e+02   -5.39864e+00   -3.33639e+02   -4.41421e+01    5.25557e+01
   Total Energy    Temperature Pressure (bar)   Constr. rmsd
    8.41362e+00    2.47882e+02    6.59072e-01    9.61096e-07

           Step           Time
        1255000     2510.00000

   Energies (kJ/mol)
           Bond          Angle    Proper Dih. Per. Imp. Dih.          LJ-14
    1.95408e+01    2.37869e+01    4.76252e+01    2.98541e+00    1.26194e+01
     Coulomb-14        LJ (SR)   Coulomb (SR)      Potential    Kinetic En.
    1.80949e+02    7.96378e-01   -3.36398e+02   -4.80947e+01    6.25820e+01
   Total Energy    Temperature Pressure (bar)   Constr. rmsd
    1.44873e+01    2.95172e+02    1.48101e+00    9.61404e-07

           Step           Time
        1260000     2520.00000

   Energies (kJ/mol)
           Bond          Angle    Proper Dih. Per. Imp. Dih.          LJ-14
    1.00823e+01    3.76020e+01    5.11993e+01    1.48206e+00    1.25478e+01
     Coulomb-14        LJ (SR)   Coulomb (SR)      Potential    Kinetic En.
    1.79929e+02   -4.04845e+00   -3.12395e+02   -2.36017e+01    5.55975e+01
   Total Energy    Temperature Pressure (bar)   Constr. rmsd
    3.19958e+01    2.62229e+02    2.73314e-01    1.21204e-06

           Step           Time
        1265000     2530.00000

   Energies (kJ/mol)
           Bond          Angle    Proper Dih. Per. Imp. Dih.          LJ-14
    5.83323e+00    5.62501e+01    6.73480e+01    1.63339e+00    1.20057e+01
     Coulomb-14        LJ (SR)   Coulomb (SR)      Potential    Kinetic En.
    1.85746e+02   -2.02056e+00   -3.30878e+02   -4.08209e+00    9.01347e+01
   Total Energy    Temperature Pressure (bar)   Constr. rmsd
    8.60526e+01    4.25126e+02    1.21714e+00    1.00344e-06

           Step           Time
        1270000     2540.00000

   Energies (kJ/mol)
           Bond          Angle    Proper Dih. Per. Imp. Dih.          LJ-14
    1.06253e+01    2.68435e+01    4.37015e+01    1.03926e+00    1.13425e+01
     Coulomb-14        LJ (SR)   Coulomb (SR)      Potential    Kinetic En.
    1.98449e+02   -5.51299e+00   -3.31284e+02   -4.47964e+01    7.30303e+01
   Total Energy    Temperature Pressure (bar)   Constr. rmsd
    2.82339e+01    3.44452e+02    1.88357e+00    1.12422e-06

           Step           Time
        1275000     2550.00000

   Energies (kJ/mol)
           Bond          Angle    Proper Dih. Per. Imp. Dih.          LJ-14
    7.67923e+00    3.42179e+01    4.70686e+01    1.22249e+00    1.42483e+01
     Coulomb-14        LJ (SR)   Coulomb (SR)      Potential    Kinetic En.
    1.88145e+02   -6.26049e+00   -3.13161e+02   -2.68393e+01    7.16928e+01
   Total Energy    Temperature Pressure (bar)   Constr. rmsd
    4.48535e+01    3.38144e+02   -4.86892e-01    1.44963e-06

           Step           Time
        1280000     2560.00000

   Energies (kJ/mol)
           Bond          Angle    Proper Dih. Per. Imp. Dih.          LJ-14
    6.93501e+00    4.31822e+01    6.26921e+01    9.47049e+00    1.30717e+01
     Coulomb-14        LJ (SR)   Coulomb (SR)      Potential    Kinetic En.
    2.03755e+02   -3.96849e-02   -3.52832e+02   -1.37655e+01    6.07298e+01
   Total Energy    Temperature Pressure (bar)   Constr. rmsd
    4.69642e+01    2.86436e+02   -1.04627e+00    8.74822e-07

           Step           Time
        1285000     2570.00000

   Energies (kJ/mol)
           Bond          Angle    Proper Dih. Per. Imp. Dih.          LJ-14
    1.32547e+01    3.19696e+01    4.86758e+01    2.03442e+00    9.56918e+00
     Coulomb-14        LJ (SR)   Coulomb (SR)      Potential    Kinetic En.
    1.90120e+02   -6.41797e+00   -3.19298e+02   -3.00923e+01    5.76750e+01
   Total Energy    Temperature Pressure (bar)   Constr. rmsd
    2.75827e+01    2.72028e+02   -2.90075e+00    1.15680e-06

