#! FIELDS psi3 phi4 hhpsi3phi4
#! SET min_psi3 -pi
#! SET max_psi3 pi
#! SET min_phi4 -pi
#! SET max_phi4 pi
     -3.141592653589793     -3.141592653589793   0.006742624363033476
     -3.141592653589793     -3.015928947446201    0.02211999703498454
     -3.141592653589793      -2.89026524130261    0.04586647929967516
     -3.141592653589793     -2.764601535159018    0.07168681971850874
     -3.141592653589793     -2.638937829015426     0.1045058456881898
     -3.141592653589793     -2.513274122871834     0.1361552962840291
     -3.141592653589793     -2.387610416728243     0.1436038631057379
     -3.141592653589793     -2.261946710584651     0.1225147187762949
     -3.141592653589793     -2.136283004441059    0.09630517509429438
     -3.141592653589793     -2.010619298297468    0.08386702882518397
     -3.141592653589793     -1.884955592153876    0.07670616618456243
     -3.141592653589793     -1.759291886010284    0.06364193459079244
     -3.141592653589793     -1.633628179866693    0.05907565702587864
     -3.141592653589793     -1.507964473723101    0.07497912556570041
     -3.141592653589793     -1.382300767579509    0.08762631496462966
     -3.141592653589793     -1.256637061435917    0.07029512671432961
     -3.141592653589793     -1.130973355292325    0.03413200903145028
     -3.141592653589793     -1.005309649148733   0.008088192926396195
     -3.141592653589793     -0.879645943005142   0.001219269694821892
     -3.141592653589793    -0.7539822368615505   0.002065459786790486
     -3.141592653589793    -0.6283185307179586   0.001108873119033811
     -3.141592653589793    -0.5026548245743667 -9.328662865030948e-05
     -3.141592653589793    -0.3769911184307753   0.001117250668897901
     -3.141592653589793    -0.2513274122871838   0.002565897163034065
     -3.141592653589793    -0.1256637061435919   0.003221242081497314
     -3.141592653589793                      0   0.004756831999031269
     -3.141592653589793     0.1256637061435919   0.007312288204085944
     -3.141592653589793     0.2513274122871834    0.01068411323773665
     -3.141592653589793     0.3769911184307753    0.01506791084707046
     -3.141592653589793     0.5026548245743672    0.01770531068001155
     -3.141592653589793     0.6283185307179582    0.01802156257199981
     -3.141592653589793     0.7539822368615501    0.02317080708204207
     -3.141592653589793     0.8796459430051424    0.03495934206759047
     -3.141592653589793      1.005309649148734    0.04074632521183902
     -3.141592653589793      1.130973355292326    0.03232251342140426
     -3.141592653589793      1.256637061435917    0.01961801834985833
     -3.141592653589793      1.382300767579509    0.01391550925736435
     -3.141592653589793      1.507964473723101    0.01238310837324813
     -3.141592653589793      1.633628179866692    0.00744655072423853
     -3.141592653589793      1.759291886010284  0.0007826886610893876
     -3.141592653589793      1.884955592153876 -0.0009216296652562474
     -3.141592653589793      2.010619298297467  0.0008736157611200356
     -3.141592653589793       2.13628300444106  0.0001573827391918837
     -3.141592653589793      2.261946710584651  -0.001033721773650419
     -3.141592653589793      2.387610416728243  0.0006992025041665381
     -3.141592653589793      2.513274122871834  0.0006337746629825345
     -3.141592653589793      2.638937829015426  -0.001457086442824823
     -3.141592653589793      2.764601535159018   0.001918746373353909
     -3.141592653589793      2.890265241302609   0.007262233619003256
     -3.141592653589793      3.015928947446201   0.005890814494212941
     -3.015928947446201     -3.141592653589793   0.003489926370669747
     -3.015928947446201     -3.015928947446201    0.01870455027088566
     -3.015928947446201      -2.89026524130261    0.04324448947010964
     -3.015928947446201     -2.764601535159018    0.07146215043010244
     -3.015928947446201     -2.638937829015426     0.1049491356028008
     -3.015928947446201     -2.513274122871834     0.1355843066515126
     -3.015928947446201     -2.387610416728243     0.1435140076565271
     -3.015928947446201     -2.261946710584651     0.1230602441768442
     -3.015928947446201     -2.136283004441059    0.09413598245594458
     -3.015928947446201     -2.010619298297468    0.07736239354913371
     -3.015928947446201     -1.884955592153876    0.06873723100452336
     -3.015928947446201     -1.759291886010284    0.05703696080521235
     -3.015928947446201     -1.633628179866693    0.05218217461720714
     -3.015928947446201     -1.507964473723101    0.06420833383667346
     -3.015928947446201     -1.382300767579509     0.0734692531162988
     -3.015928947446201     -1.256637061435917    0.05803021600558195
     -3.015928947446201     -1.130973355292325    0.02822553416432966
     -3.015928947446201     -1.005309649148733   0.007855009470427773
     -3.015928947446201     -0.879645943005142   0.002713131816372033
     -3.015928947446201    -0.7539822368615505   0.002799998475110888
     -3.015928947446201    -0.6283185307179586   0.001261107620641922
     -3.015928947446201    -0.5026548245743667  -4.00923936291946e-05
     -3.015928947446201    -0.3769911184307753  0.0009278042947554873
     -3.015928947446201    -0.2513274122871838   0.002403178245748623
     -3.015928947446201    -0.1256637061435919   0.003535216913116721
     -3.015928947446201                      0   0.004865716741703413
     -3.015928947446201     0.1256637061435919   0.005637454390622357
     -3.015928947446201     0.2513274122871834   0.006562018634325211
     -3.015928947446201     0.3769911184307753   0.009522604831147639
     -3.015928947446201     0.5026548245743672    0.01205037110461134
     -3.015928947446201     0.6283185307179582    0.01274752013052379
     -3.015928947446201     0.7539822368615501    0.01886182109715362
     -3.015928947446201     0.8796459430051424     0.0329141977526747
     -3.015928947446201      1.005309649148734    0.04137768685020681
     -3.015928947446201      1.130973355292326    0.03356179110865683
     -3.015928947446201      1.256637061435917    0.01837492853964413
     -3.015928947446201      1.382300767579509   0.009564045251706893
     -3.015928947446201      1.507964473723101   0.007606329067474979
     -3.015928947446201      1.633628179866692   0.004963181286140949
     -3.015928947446201      1.759291886010284  0.0004924543887502558
     -3.015928947446201      1.884955592153876 -0.0008035475936610098
     -3.015928947446201      2.010619298297467  0.0006956167461816567
     -3.015928947446201       2.13628300444106  0.0002237459809256778
     -3.015928947446201      2.261946710584651 -0.0008611542459542106
     -3.015928947446201      2.387610416728243  0.0004554285128327834
     -3.015928947446201      2.513274122871834  0.0006317992091744793
     -3.015928947446201      2.638937829015426  -0.001194834269318011
     -3.015928947446201      2.764601535159018  0.0002816751817907564
     -3.015928947446201      2.890265241302609   0.003068961705257953
     -3.015928947446201      3.015928947446201   0.001639275107029958
      -2.89026524130261     -3.141592653589793   0.006582171817103209
      -2.89026524130261     -3.015928947446201    0.01848794115535958
      -2.89026524130261      -2.89026524130261    0.03743117424734294
      -2.89026524130261     -2.764601535159018     0.0586382975428123
      -2.89026524130261     -2.638937829015426    0.08513732787195724
      -2.89026524130261     -2.513274122871834     0.1084749335892902
      -2.89026524130261     -2.387610416728243     0.1107999629237464
      -2.89026524130261     -2.261946710584651    0.09267256419663608
      -2.89026524130261     -2.136283004441059    0.07434604740025896
      -2.89026524130261     -2.010619298297468    0.06718539552784755
      -2.89026524130261     -1.884955592153876    0.06188517066897853
      -2.89026524130261     -1.759291886010284    0.05180206834750778
      -2.89026524130261     -1.633628179866693    0.05054470383438384
      -2.89026524130261     -1.507964473723101    0.06643332450543613
      -2.89026524130261     -1.382300767579509    0.07844303624592398
      -2.89026524130261     -1.256637061435917    0.06437635926536556
      -2.89026524130261     -1.130973355292325    0.03336784480805153
      -2.89026524130261     -1.005309649148733   0.009668722821813573
      -2.89026524130261     -0.879645943005142   0.002005172080457951
      -2.89026524130261    -0.7539822368615505    0.00185952424535502
      -2.89026524130261    -0.6283185307179586   0.001005694607834412
      -2.89026524130261    -0.5026548245743667 -0.0001459270234884483
      -2.89026524130261    -0.3769911184307753  0.0005079265965112741
      -2.89026524130261    -0.2513274122871838   0.001526577993611749
      -2.89026524130261    -0.1256637061435919   0.001844663027989384
      -2.89026524130261                      0   0.002758996232627417
      -2.89026524130261     0.1256637061435919   0.005062576663148406
      -2.89026524130261     0.2513274122871834   0.008420597758134474
      -2.89026524130261     0.3769911184307753    0.01172904228995985
      -2.89026524130261     0.5026548245743672    0.01281854963239314
      -2.89026524130261     0.6283185307179582    0.01250083256337907
      -2.89026524130261     0.7539822368615501     0.0164208486011427
      -2.89026524130261     0.8796459430051424    0.02515367529400957
      -2.89026524130261      1.005309649148734    0.02915970142908957
      -2.89026524130261      1.130973355292326    0.02280893480668954
      -2.89026524130261      1.256637061435917    0.01350382282597433
      -2.89026524130261      1.382300767579509   0.009341009932785631
      -2.89026524130261      1.507964473723101   0.008263111755422273
      -2.89026524130261      1.633628179866692   0.004893884582900182
      -2.89026524130261      1.759291886010284  0.0004134178435158149
      -2.89026524130261      1.884955592153876 -0.0005875437011556384
      -2.89026524130261      2.010619298297467  0.0006668689709721868
      -2.89026524130261       2.13628300444106   2.14460464188669e-05
      -2.89026524130261      2.261946710584651 -0.0007580028355166741
      -2.89026524130261      2.387610416728243  0.0006166001709674358
      -2.89026524130261      2.513274122871834  0.0004016082910994313
      -2.89026524130261      2.638937829015426  -0.001069261914600269
      -2.89026524130261      2.764601535159018    0.00230532647095614
      -2.89026524130261      2.890265241302609   0.007208730724040556
      -2.89026524130261      3.015928947446201   0.006226319764143421
     -2.764601535159018     -3.141592653589793   0.007538544003377226
     -2.764601535159018     -3.015928947446201    0.01429392814334245
     -2.764601535159018      -2.89026524130261    0.02565796182265137
     -2.764601535159018     -2.764601535159018    0.03863829076215458
     -2.764601535159018     -2.638937829015426    0.05508121940307928
     -2.764601535159018     -2.513274122871834    0.06753607672733182
     -2.764601535159018     -2.387610416728243     0.0644032026288907
     -2.764601535159018     -2.261946710584651    0.05115296817409031
     -2.764601535159018     -2.136283004441059    0.04409316629066817
     -2.764601535159018     -2.010619298297468    0.04591709897160168
     -2.764601535159018     -1.884955592153876    0.04502537099207033
     -2.764601535159018     -1.759291886010284    0.03849087651419284
     -2.764601535159018     -1.633628179866693    0.04016788182828117
     -2.764601535159018     -1.507964473723101    0.05635992997853109
     -2.764601535159018     -1.382300767579509    0.06864715591417796
     -2.764601535159018     -1.256637061435917    0.05782700482830776
     -2.764601535159018     -1.130973355292325    0.03048873735102696
     -2.764601535159018     -1.005309649148733   0.007604748527765976
     -2.764601535159018     -0.879645943005142 -0.0009690904813515235
     -2.764601535159018    -0.7539822368615505  -0.001186480823253715
     -2.764601535159018    -0.6283185307179586  -0.001131918159784732
     -2.764601535159018    -0.5026548245743667  -0.001757371050677339
     -2.764601535159018    -0.3769911184307753  -0.001313666133793851
     -2.764601535159018    -0.2513274122871838 -0.0006437683194744873
     -2.764601535159018    -0.1256637061435919 -0.0006552469170698879
     -2.764601535159018                      0  0.0002244040973682952
     -2.764601535159018     0.1256637061435919   0.003603083078393942
     -2.764601535159018     0.2513274122871834    0.00846186564492327
     -2.764601535159018     0.3769911184307753    0.01188638559810812
     -2.764601535159018     0.5026548245743672    0.01222302273932305
     -2.764601535159018     0.6283185307179582    0.01156983154276576
     -2.764601535159018     0.7539822368615501    0.01350057368020661
     -2.764601535159018     0.8796459430051424    0.01699636391980352
     -2.764601535159018      1.005309649148734    0.01678457479385388
     -2.764601535159018      1.130973355292326    0.01230440998624997
     -2.764601535159018      1.256637061435917   0.009243009782831851
     -2.764601535159018      1.382300767579509   0.009540701179406485
     -2.764601535159018      1.507964473723101    0.00865902194017041
     -2.764601535159018      1.633628179866692    0.00436320430838547
     -2.764601535159018      1.759291886010284  0.0003444812552476291
     -2.764601535159018      1.884955592153876 -0.0002569869790052961
     -2.764601535159018      2.010619298297467  0.0004667149880937725
     -2.764601535159018       2.13628300444106 -0.0001530483817568028
     -2.764601535159018      2.261946710584651 -0.0004553061168742826
     -2.764601535159018      2.387610416728243  0.0005782422545193463
     -2.764601535159018      2.513274122871834  8.539665833096362e-05
     -2.764601535159018      2.638937829015426  -0.000726416875601584
     -2.764601535159018      2.764601535159018    0.00314808114736124
     -2.764601535159018      2.890265241302609   0.008376718155820383
     -2.764601535159018      3.015928947446201   0.008196670822017721
     -2.638937829015426     -3.141592653589793   0.004685798487361212
     -2.638937829015426     -3.015928947446201    0.01001571792461722
     -2.638937829015426      -2.89026524130261     0.0200869285433705
     -2.638937829015426     -2.764601535159018    0.03290862178027911
     -2.638937829015426     -2.638937829015426    0.04725612696107943
     -2.638937829015426     -2.513274122871834    0.05624340868751233
     -2.638937829015426     -2.387610416728243    0.05257508320458059
     -2.638937829015426     -2.261946710584651    0.04128706369042908
     -2.638937829015426     -2.136283004441059    0.03444852246575034
     -2.638937829015426     -2.010619298297468    0.03453580841608014
     -2.638937829015426     -1.884955592153876    0.03352615379995873
     -2.638937829015426     -1.759291886010284    0.02904531717214868
     -2.638937829015426     -1.633628179866693    0.03092773395049216
     -2.638937829015426     -1.507964473723101    0.04352944497224105
     -2.638937829015426     -1.382300767579509    0.05279695578981187
     -2.638937829015426     -1.256637061435917    0.04438998112559244
     -2.638937829015426     -1.130973355292325    0.02353354623975511
     -2.638937829015426     -1.005309649148733    0.00592388665316293
     -2.638937829015426     -0.879645943005142  -0.001189101651672569
     -2.638937829015426    -0.7539822368615505  -0.001935752648232311
     -2.638937829015426    -0.6283185307179586  -0.002060395201310256
     -2.638937829015426    -0.5026548245743667  -0.002543231572575547
     -2.638937829015426    -0.3769911184307753   -0.00226337834151915
     -2.638937829015426    -0.2513274122871838  -0.001569891174934173
     -2.638937829015426    -0.1256637061435919  -0.001140298357688089
     -2.638937829015426                      0 -0.0003320718913620586
     -2.638937829015426     0.1256637061435919   0.001786075951451626
     -2.638937829015426     0.2513274122871834   0.004853846333076893
     -2.638937829015426     0.3769911184307753   0.007136498782050182
     -2.638937829015426     0.5026548245743672   0.007315744244403809
     -2.638937829015426     0.6283185307179582   0.006901647109239606
     -2.638937829015426     0.7539822368615501   0.009081014983908094
     -2.638937829015426     0.8796459430051424    0.01321684592600673
     -2.638937829015426      1.005309649148734    0.01426867955328157
     -2.638937829015426      1.130973355292326    0.01071600778377847
     -2.638937829015426      1.256637061435917   0.007061585417516266
     -2.638937829015426      1.382300767579509   0.005893608623469606
     -2.638937829015426      1.507964473723101   0.004767179230437787
     -2.638937829015426      1.633628179866692   0.002181005359423464
     -2.638937829015426      1.759291886010284  9.850710215402066e-05
     -2.638937829015426      1.884955592153876  -8.09789881537077e-05
     -2.638937829015426      2.010619298297467  0.0002620942769392181
     -2.638937829015426       2.13628300444106 -0.0001307329449188278
     -2.638937829015426      2.261946710584651 -0.0002313643003619643
     -2.638937829015426      2.387610416728243  0.0003493851811238781
     -2.638937829015426      2.513274122871834  1.116890705456767e-05
     -2.638937829015426      2.638937829015426 -0.0004277216869590199
     -2.638937829015426      2.764601535159018   0.001806140308665032
     -2.638937829015426      2.890265241302609   0.004758455108502066
     -2.638937829015426      3.015928947446201   0.004690895104658928
     -2.513274122871834     -3.141592653589793   0.002613604463105136
     -2.513274122871834     -3.015928947446201   0.008618471189424038
     -2.513274122871834      -2.89026524130261    0.02124748185463455
     -2.513274122871834     -2.764601535159018    0.03871827367465141
     -2.513274122871834     -2.638937829015426    0.05615735051869089
     -2.513274122871834     -2.513274122871834    0.06605324436546885
     -2.513274122871834     -2.387610416728243    0.06316035126868767
     -2.513274122871834     -2.261946710584651    0.05096344480814282
     -2.513274122871834     -2.136283004441059    0.03960531989343394
     -2.513274122871834     -2.010619298297468    0.03484406956940224
     -2.513274122871834     -1.884955592153876    0.03238295722071984
     -2.513274122871834     -1.759291886010284    0.02845213819915864
     -2.513274122871834     -1.633628179866693    0.02950966491695705
     -2.513274122871834     -1.507964473723101    0.03937742676286053
     -2.513274122871834     -1.382300767579509    0.04634627304872887
     -2.513274122871834     -1.256637061435917    0.03849637420851013
     -2.513274122871834     -1.130973355292325    0.02103381342722365
     -2.513274122871834     -1.005309649148733    0.00697697215012248
     -2.513274122871834     -0.879645943005142   0.001120189011428296
     -2.513274122871834    -0.7539822368615505 -0.0002617164423618866
     -2.513274122871834    -0.6283185307179586  -0.001105789727889701
     -2.513274122871834    -0.5026548245743667  -0.001873546401145504
     -2.513274122871834    -0.3769911184307753  -0.001828904480098966
     -2.513274122871834    -0.2513274122871838  -0.001160203333140329
     -2.513274122871834    -0.1256637061435919 -0.0003609040867596885
     -2.513274122871834                      0  0.0004136240320223987
     -2.513274122871834     0.1256637061435919   0.001207338775052765
     -2.513274122871834     0.2513274122871834   0.002406790182923157
     -2.513274122871834     0.3769911184307753   0.003949442163963425
     -2.513274122871834     0.5026548245743672   0.004672253767647997
     -2.513274122871834     0.6283185307179582    0.00522521592137396
     -2.513274122871834     0.7539822368615501   0.009278615843458297
     -2.513274122871834     0.8796459430051424    0.01676371052600279
     -2.513274122871834      1.005309649148734     0.0207083466724895
     -2.513274122871834      1.130973355292326    0.01691395466702339
     -2.513274122871834      1.256637061435917   0.009977340199993152
     -2.513274122871834      1.382300767579509    0.00529659762362323
     -2.513274122871834      1.507964473723101   0.002862395699131086
     -2.513274122871834      1.633628179866692    0.00104812888707061
     -2.513274122871834      1.759291886010284 -1.774449422020327e-05
     -2.513274122871834      1.884955592153876 -4.635178362030478e-05
     -2.513274122871834      2.010619298297467  0.0001446080232954744
     -2.513274122871834       2.13628300444106 -5.033232791935837e-05
     -2.513274122871834      2.261946710584651 -0.0001222030610380515
     -2.513274122871834      2.387610416728243   0.000150743689220271
     -2.513274122871834      2.513274122871834  3.440784546472147e-05
     -2.513274122871834      2.638937829015426 -0.0002570775298617357
     -2.513274122871834      2.764601535159018  0.0004343879073901162
     -2.513274122871834      2.890265241302609   0.001483376054919749
     -2.513274122871834      3.015928947446201    0.00156846931421818
     -2.387610416728243     -3.141592653589793   0.003328223857766682
     -2.387610416728243     -3.015928947446201   0.007009557408580845
     -2.387610416728243      -2.89026524130261    0.01813675174892487
     -2.387610416728243     -2.764601535159018     0.0357399010209736
     -2.387610416728243     -2.638937829015426    0.05093071714426174
     -2.387610416728243     -2.513274122871834    0.05639473892836723
     -2.387610416728243     -2.387610416728243    0.05170266390720291
     -2.387610416728243     -2.261946710584651    0.04096620898769883
     -2.387610416728243     -2.136283004441059    0.03140251725855617
     -2.387610416728243     -2.010619298297468    0.02847914592197507
     -2.387610416728243     -1.884955592153876    0.02866229251336981
     -2.387610416728243     -1.759291886010284    0.02663775037385386
     -2.387610416728243     -1.633628179866693    0.02740518151026867
     -2.387610416728243     -1.507964473723101     0.0358826036222994
     -2.387610416728243     -1.382300767579509    0.04235043026702948
     -2.387610416728243     -1.256637061435917    0.03542832360709956
     -2.387610416728243     -1.130973355292325    0.01939510555274853
     -2.387610416728243     -1.005309649148733   0.006331917228438314
     -2.387610416728243     -0.879645943005142  0.0008869959919538114
     -2.387610416728243    -0.7539822368615505 -0.0003643706422218635
     -2.387610416728243    -0.6283185307179586  -0.001121520494802508
     -2.387610416728243    -0.5026548245743667  -0.001846587440290288
     -2.387610416728243    -0.3769911184307753  -0.001959309962803915
     -2.387610416728243    -0.2513274122871838  -0.001602905073876705
     -2.387610416728243    -0.1256637061435919 -0.0008491411956818645
     -2.387610416728243                      0  0.0003951887657590175
     -2.387610416728243     0.1256637061435919    0.00184938023591332
     -2.387610416728243     0.2513274122871834   0.003663836901704304
     -2.387610416728243     0.3769911184307753   0.006123232959079997
     -2.387610416728243     0.5026548245743672   0.008355078149317517
     -2.387610416728243     0.6283185307179582    0.01071484189379363
     -2.387610416728243     0.7539822368615501      0.016192266461015
     -2.387610416728243     0.8796459430051424    0.02396432337080723
     -2.387610416728243      1.005309649148734    0.02710664649117125
     -2.387610416728243      1.130973355292326    0.02299774042444532
     -2.387610416728243      1.256637061435917    0.01717094339508194
     -2.387610416728243      1.382300767579509     0.0128397289334219
     -2.387610416728243      1.507964473723101    0.00789138944241731
     -2.387610416728243      1.633628179866692   0.002740603756732865
     -2.387610416728243      1.759291886010284  0.0002634828769802968
     -2.387610416728243      1.884955592153876  4.635829756574766e-05
     -2.387610416728243      2.010619298297467  9.115930891613518e-07
     -2.387610416728243       2.13628300444106 -6.372429877477597e-05
     -2.387610416728243      2.261946710584651  8.299762487672571e-05
     -2.387610416728243      2.387610416728243  1.349366503674333e-05
     -2.387610416728243      2.513274122871834 -0.0001300315684159947
     -2.387610416728243      2.638937829015426 -4.008850323174191e-05
     -2.387610416728243      2.764601535159018  0.0001706786600381985
     -2.387610416728243      2.890265241302609  0.0008573700991335235
     -2.387610416728243      3.015928947446201   0.002094569360401377
     -2.261946710584651     -3.141592653589793   0.004424016239598554
     -2.261946710584651     -3.015928947446201   0.006074467869862094
     -2.261946710584651      -2.89026524130261    0.01378973632927902
     -2.261946710584651     -2.764601535159018    0.02700403901749415
     -2.261946710584651     -2.638937829015426    0.03760434935978787
     -2.261946710584651     -2.513274122871834    0.03974994328192692
     -2.261946710584651     -2.387610416728243    0.03456913178652228
     -2.261946710584651     -2.261946710584651    0.02641811388592359
     -2.261946710584651     -2.136283004441059    0.02102170206706164
     -2.261946710584651     -2.010619298297468    0.02184773032005198
     -2.261946710584651     -1.884955592153876    0.02434754079384523
     -2.261946710584651     -1.759291886010284    0.02324395489958365
     -2.261946710584651     -1.633628179866693     0.0238764483977743
     -2.261946710584651     -1.507964473723101    0.03186852043948569
     -2.261946710584651     -1.382300767579509    0.03850086820510273
     -2.261946710584651     -1.256637061435917    0.03245501627846804
     -2.261946710584651     -1.130973355292325    0.01705052496988906
     -2.261946710584651     -1.005309649148733   0.004119336151782093
     -2.261946710584651     -0.879645943005142 -0.0009845286567093103
     -2.261946710584651    -0.7539822368615505  -0.001532377365181346
     -2.261946710584651    -0.6283185307179586  -0.001715411480509027
     -2.261946710584651    -0.5026548245743667  -0.002135449439372683
     -2.261946710584651    -0.3769911184307753  -0.002128354567394589
     -2.261946710584651    -0.2513274122871838   -0.00193381997616825
     -2.261946710584651    -0.1256637061435919  -0.001440770955813004
     -2.261946710584651                      0  4.626936713596251e-05
     -2.261946710584651     0.1256637061435919   0.002489802174609592
     -2.261946710584651     0.2513274122871834   0.005484443963766982
     -2.261946710584651     0.3769911184307753   0.008717407819244625
     -2.261946710584651     0.5026548245743672    0.01146059883780212
     -2.261946710584651     0.6283185307179582    0.01415671987901731
     -2.261946710584651     0.7539822368615501    0.01886163178807499
     -2.261946710584651     0.8796459430051424    0.02421048605668523
     -2.261946710584651      1.005309649148734    0.02498900149372097
     -2.261946710584651      1.130973355292326    0.02115609786013203
     -2.261946710584651      1.256637061435917    0.01831702449292661
     -2.261946710584651      1.382300767579509    0.01661395489721708
     -2.261946710584651      1.507964473723101    0.01142998683294122
     -2.261946710584651      1.633628179866692   0.004289148176767728
     -2.261946710584651      1.759291886010284  0.0005027052751579632
     -2.261946710584651      1.884955592153876  5.391180874819979e-05
     -2.261946710584651      2.010619298297467 -9.792255968690021e-06
     -2.261946710584651       2.13628300444106 -9.685088326201401e-05
     -2.261946710584651      2.261946710584651  0.0001211687168287739
     -2.261946710584651      2.387610416728243  3.926126770765177e-05
     -2.261946710584651      2.513274122871834 -0.0002114686322986693
     -2.261946710584651      2.638937829015426 -2.596398691865582e-05
     -2.261946710584651      2.764601535159018  0.0006711388084418335
     -2.261946710584651      2.890265241302609   0.002079821080950897
     -2.261946710584651      3.015928947446201   0.003756889529836263
     -2.136283004441059     -3.141592653589793   0.003844047900074123
     -2.136283004441059     -3.015928947446201   0.007917852542952896
     -2.136283004441059      -2.89026524130261    0.01673528328094954
     -2.136283004441059     -2.764601535159018    0.02877247749144404
     -2.136283004441059     -2.638937829015426    0.04108837515342939
     -2.136283004441059     -2.513274122871834    0.04822519494787528
     -2.136283004441059     -2.387610416728243    0.04573538710108499
     -2.136283004441059     -2.261946710584651    0.03664551071304992
     -2.136283004441059     -2.136283004441059    0.02958118021988774
     -2.136283004441059     -2.010619298297468    0.02843531740616503
     -2.136283004441059     -1.884955592153876    0.02804022351059345
     -2.136283004441059     -1.759291886010284    0.02478234880612924
     -2.136283004441059     -1.633628179866693    0.02533251290560617
     -2.136283004441059     -1.507964473723101    0.03414860586167419
     -2.136283004441059     -1.382300767579509    0.04091189322618571
     -2.136283004441059     -1.256637061435917    0.03417953113892032
     -2.136283004441059     -1.130973355292325    0.01807978815514938
     -2.136283004441059     -1.005309649148733   0.004941685463218331
     -2.136283004441059     -0.879645943005142 -5.195185363961879e-05
     -2.136283004441059    -0.7539822368615505 -0.0005512475091881399
     -2.136283004441059    -0.6283185307179586 -0.0008571416738380809
     -2.136283004441059    -0.5026548245743667  -0.001365208956505018
     -2.136283004441059    -0.3769911184307753  -0.001211531921750208
     -2.136283004441059    -0.2513274122871838 -0.0007983472167707832
     -2.136283004441059    -0.1256637061435919 -0.0004477487681399335
     -2.136283004441059                      0  0.0004220981782601483
     -2.136283004441059     0.1256637061435919   0.002151072521038223
     -2.136283004441059     0.2513274122871834   0.004487131988411035
     -2.136283004441059     0.3769911184307753   0.006730902382458812
     -2.136283004441059     0.5026548245743672   0.007920454827240391
     -2.136283004441059     0.6283185307179582   0.008750156205544623
     -2.136283004441059     0.7539822368615501    0.01178336209424262
     -2.136283004441059     0.8796459430051424    0.01646859522158978
     -2.136283004441059      1.005309649148734    0.01789087509921085
     -2.136283004441059      1.130973355292326    0.01451487256070505
     -2.136283004441059      1.256637061435917    0.01074962606687041
     -2.136283004441059      1.382300767579509   0.008885087443296056
     -2.136283004441059      1.507964473723101   0.006491356606704198
     -2.136283004441059      1.633628179866692   0.002800454897453379
     -2.136283004441059      1.759291886010284  0.0002563175222984919
     -2.136283004441059      1.884955592153876 -9.555224691913159e-05
     -2.136283004441059      2.010619298297467  0.0001715915093920397
     -2.136283004441059       2.13628300444106 -6.348135022754324e-05
     -2.136283004441059      2.261946710584651 -0.0001393202632220236
     -2.136283004441059      2.387610416728243  0.0002012288766782312
     -2.136283004441059      2.513274122871834 -4.460913192332277e-06
     -2.136283004441059      2.638937829015426 -0.0002901557171203977
     -2.136283004441059      2.764601535159018   0.001052274575192724
     -2.136283004441059      2.890265241302609   0.003072990726046542
     -2.136283004441059      3.015928947446201   0.003491500423356804
     -2.010619298297468     -3.141592653589793   0.002626640480856155
     -2.010619298297468     -3.015928947446201   0.008849548659012097
     -2.010619298297468      -2.89026524130261    0.02123224195830539
     -2.010619298297468     -2.764601535159018    0.03795100110943785
     -2.010619298297468     -2.638937829015426    0.05517922919177928
     -2.010619298297468     -2.513274122871834    0.06521977224229773
     -2.010619298297468     -2.387610416728243    0.06205206822663154
     -2.010619298297468     -2.261946710584651    0.04990419259756447
     -2.010619298297468     -2.136283004441059    0.03931229718958574
     -2.010619298297468     -2.010619298297468    0.03462522600371203
     -2.010619298297468     -1.884955592153876     0.0313169628573776
     -2.010619298297468     -1.759291886010284    0.02726070264505766
     -2.010619298297468     -1.633628179866693    0.02903634081192328
     -2.010619298297468     -1.507964473723101    0.03907708646666373
     -2.010619298297468     -1.382300767579509    0.04581050589047807
     -2.010619298297468     -1.256637061435917    0.03852355381908898
     -2.010619298297468     -1.130973355292325    0.02230265848544486
     -2.010619298297468     -1.005309649148733   0.009040504022285104
     -2.010619298297468     -0.879645943005142   0.003130907093941386
     -2.010619298297468    -0.7539822368615505   0.001378383437470838
     -2.010619298297468    -0.6283185307179586  0.0002844209717996194
     -2.010619298297468    -0.5026548245743667 -0.0006858854730273378
     -2.010619298297468    -0.3769911184307753 -0.0008646478533339072
     -2.010619298297468    -0.2513274122871838 -0.0003670102693329154
     -2.010619298297468    -0.1256637061435919  0.0001480626768026725
     -2.010619298297468                      0   0.000414076178812927
     -2.010619298297468     0.1256637061435919  0.0007671492838655875
     -2.010619298297468     0.2513274122871834   0.001615864243550246
     -2.010619298297468     0.3769911184307753   0.002487159094076844
     -2.010619298297468     0.5026548245743672   0.002351590331596779
     -2.010619298297468     0.6283185307179582   0.002342081327025168
     -2.010619298297468     0.7539822368615501   0.005937670779738531
     -2.010619298297468     0.8796459430051424    0.01295006444334995
     -2.010619298297468      1.005309649148734    0.01703782434618215
     -2.010619298297468      1.130973355292326    0.01385478371620062
     -2.010619298297468      1.256637061435917   0.006943342688077662
     -2.010619298297468      1.382300767579509   0.002003438971203951
     -2.010619298297468      1.507964473723101  0.0003160642619297867
     -2.010619298297468      1.633628179866692 -2.506750004218284e-05
     -2.010619298297468      1.759291886010284 -0.0001862779070464673
     -2.010619298297468      1.884955592153876 -3.649674027587246e-05
     -2.010619298297468      2.010619298297467  0.0001633824615156909
     -2.010619298297468       2.13628300444106 -6.000180948884804e-05
     -2.010619298297468      2.261946710584651 -0.0001572497073615911
     -2.010619298297468      2.387610416728243  0.0001826263325794496
     -2.010619298297468      2.513274122871834  6.367317535493565e-05
     -2.010619298297468      2.638937829015426 -0.0002457532922727043
     -2.010619298297468      2.764601535159018  0.0006958961922034867
     -2.010619298297468      2.890265241302609   0.001933266110147029
     -2.010619298297468      3.015928947446201   0.001748091261530083
     -1.884955592153876     -3.141592653589793    0.00230189107457684
     -1.884955592153876     -3.015928947446201   0.007028470432982956
     -1.884955592153876      -2.89026524130261    0.02084452635929206
     -1.884955592153876     -2.764601535159018    0.04312161350362716
     -1.884955592153876     -2.638937829015426    0.06218332630024162
     -1.884955592153876     -2.513274122871834    0.06719599713582879
     -1.884955592153876     -2.387610416728243    0.05849301394628613
     -1.884955592153876     -2.261946710584651    0.04470795401151762
     -1.884955592153876     -2.136283004441059     0.0343909566402678
     -1.884955592153876     -2.010619298297468    0.02988837962147739
     -1.884955592153876     -1.884955592153876    0.02758051147347156
     -1.884955592153876     -1.759291886010284    0.02598064624620224
     -1.884955592153876     -1.633628179866693    0.03008014701524182
     -1.884955592153876     -1.507964473723101    0.04081481228562665
     -1.884955592153876     -1.382300767579509    0.04751215282520552
     -1.884955592153876     -1.256637061435917    0.04108919563344588
     -1.884955592153876     -1.130973355292325    0.02627581337438254
     -1.884955592153876     -1.005309649148733    0.01317894235976841
     -1.884955592153876     -0.879645943005142   0.005733664841267225
     -1.884955592153876    -0.7539822368615505   0.002314914471213683
     -1.884955592153876    -0.6283185307179586  0.0005440046444289306
     -1.884955592153876    -0.5026548245743667 -0.0008339011615915461
     -1.884955592153876    -0.3769911184307753  -0.001704764914214222
     -1.884955592153876    -0.2513274122871838  -0.001515232239510306
     -1.884955592153876    -0.1256637061435919 -0.0007737119135811973
     -1.884955592153876                      0  -0.000540672309075659
     -1.884955592153876     0.1256637061435919 -0.0007245063201591702
     -1.884955592153876     0.2513274122871834 -0.0004869466600596903
     -1.884955592153876     0.3769911184307753 -2.274736429133282e-05
     -1.884955592153876     0.5026548245743672  -1.41779608149829e-05
     -1.884955592153876     0.6283185307179582   0.001268216311298078
     -1.884955592153876     0.7539822368615501   0.007311539865224042
     -1.884955592153876     0.8796459430051424    0.01690878749151035
     -1.884955592153876      1.005309649148734    0.02252969884356832
     -1.884955592153876      1.130973355292326    0.01941335372782637
     -1.884955592153876      1.256637061435917    0.01114887487201201
     -1.884955592153876      1.382300767579509   0.003548531561111904
     -1.884955592153876      1.507964473723101 -0.0008240510187358073
     -1.884955592153876      1.633628179866692  -0.001677164209619371
     -1.884955592153876      1.759291886010284  -0.000430674264184584
     -1.884955592153876      1.884955592153876   0.000291201634270289
     -1.884955592153876      2.010619298297467  -0.000112353810889316
     -1.884955592153876       2.13628300444106  -0.000137547864435343
     -1.884955592153876      2.261946710584651  0.0002077624230518279
     -1.884955592153876      2.387610416728243 -4.422070522486727e-05
     -1.884955592153876      2.513274122871834 -0.0001812759881384024
     -1.884955592153876      2.638937829015426  0.0002152329533972457
     -1.884955592153876      2.764601535159018  5.783739564119649e-05
     -1.884955592153876      2.890265241302609 -0.0002311310288986605
     -1.884955592153876      3.015928947446201  0.0006322825487152715
     -1.759291886010284     -3.141592653589793   0.002016309964866645
     -1.759291886010284     -3.015928947446201   0.006584794347162885
     -1.759291886010284      -2.89026524130261    0.02111811255463358
     -1.759291886010284     -2.764601535159018    0.04523087849325146
     -1.759291886010284     -2.638937829015426    0.06519402553670055
     -1.759291886010284     -2.513274122871834    0.06943868940203357
     -1.759291886010284     -2.387610416728243    0.05977733077562968
     -1.759291886010284     -2.261946710584651    0.04549110292828711
     -1.759291886010284     -2.136283004441059    0.03452122163833619
     -1.759291886010284     -2.010619298297468    0.02931367232028785
     -1.759291886010284     -1.884955592153876    0.02695137496636316
     -1.759291886010284     -1.759291886010284    0.02587892403067267
     -1.759291886010284     -1.633628179866693    0.03030592373459827
     -1.759291886010284     -1.507964473723101    0.04079065124578113
     -1.759291886010284     -1.382300767579509     0.0471523581312957
     -1.759291886010284     -1.256637061435917    0.04097215142548525
     -1.759291886010284     -1.130973355292325    0.02692506221369319
     -1.759291886010284     -1.005309649148733     0.0143885378820225
     -1.759291886010284     -0.879645943005142   0.006833738439179671
     -1.759291886010284    -0.7539822368615505   0.002981548058175393
     -1.759291886010284    -0.6283185307179586  0.0009397911046818118
     -1.759291886010284    -0.5026548245743667  -0.000590386395569132
     -1.759291886010284    -0.3769911184307753  -0.001653090394899838
     -1.759291886010284    -0.2513274122871838  -0.001554501753147457
     -1.759291886010284    -0.1256637061435919 -0.0007507746848534872
     -1.759291886010284                      0 -0.0005564579536956348
     -1.759291886010284     0.1256637061435919   -0.00104378913366646
     -1.759291886010284     0.2513274122871834   -0.00119330783335782
     -1.759291886010284     0.3769911184307753 -0.0009176943993342646
     -1.759291886010284     0.5026548245743672 -0.0007974636911816115
     -1.759291886010284     0.6283185307179582  0.0009097032146687988
     -1.759291886010284     0.7539822368615501   0.007755301556985915
     -1.759291886010284     0.8796459430051424    0.01839019287651177
     -1.759291886010284      1.005309649148734    0.02475634558285926
     -1.759291886010284      1.130973355292326    0.02161102515982522
     -1.759291886010284      1.256637061435917    0.01256015151473761
     -1.759291886010284      1.382300767579509   0.003871115447376063
     -1.759291886010284      1.507964473723101  -0.001258237983453251
     -1.759291886010284      1.633628179866692  -0.002131182068460523
     -1.759291886010284      1.759291886010284 -0.0004915709246660671
     -1.759291886010284      1.884955592153876  0.0003551564121451279
     -1.759291886010284      2.010619298297467 -0.0001798966966370368
     -1.759291886010284       2.13628300444106 -0.0001395804650066765
     -1.759291886010284      2.261946710584651  0.0002903563708407983
     -1.759291886010284      2.387610416728243 -0.0001150667228138389
     -1.759291886010284      2.513274122871834 -0.0002228126622405623
     -1.759291886010284      2.638937829015426  0.0003284612539737764
     -1.759291886010284      2.764601535159018 -0.0002392183517237275
     -1.759291886010284      2.890265241302609  -0.001057235812924024
     -1.759291886010284      3.015928947446201  4.335021184827129e-05
     -1.633628179866693     -3.141592653589793  0.0002709485117153051
     -1.633628179866693     -3.015928947446201   0.008938668616466765
     -1.633628179866693      -2.89026524130261    0.02571558025541463
     -1.633628179866693     -2.764601535159018    0.04836145074006847
     -1.633628179866693     -2.638937829015426    0.07125806746971598
     -1.633628179866693     -2.513274122871834    0.08568114433052834
     -1.633628179866693     -2.387610416728243    0.08459776950252168
     -1.633628179866693     -2.261946710584651    0.06997555240964533
     -1.633628179866693     -2.136283004441059    0.05256545823898023
     -1.633628179866693     -2.010619298297468    0.04125631069899095
     -1.633628179866693     -1.884955592153876    0.03487158682538912
     -1.633628179866693     -1.759291886010284    0.02997072012034659
     -1.633628179866693     -1.633628179866693    0.03074299612189531
     -1.633628179866693     -1.507964473723101    0.03908521596253762
     -1.633628179866693     -1.382300767579509    0.04407265599052354
     -1.633628179866693     -1.256637061435917    0.03622486787602092
     -1.633628179866693     -1.130973355292325    0.02149440596933378
     -1.633628179866693     -1.005309649148733    0.01053723389056189
     -1.633628179866693     -0.879645943005142   0.005544023992736717
     -1.633628179866693    -0.7539822368615505   0.003122542009911399
     -1.633628179866693    -0.6283185307179586   0.001205921480824778
     -1.633628179866693    -0.5026548245743667 -0.0001115051094071821
     -1.633628179866693    -0.3769911184307753 -0.0003913351193970856
     -1.633628179866693    -0.2513274122871838  0.0003110479874423822
     -1.633628179866693    -0.1256637061435919   0.001302051148079946
     -1.633628179866693                      0   0.001405827951863714
     -1.633628179866693     0.1256637061435919  0.0001392262224915611
     -1.633628179866693     0.2513274122871834  -0.001175965184332051
     -1.633628179866693     0.3769911184307753  -0.001332677095129995
     -1.633628179866693     0.5026548245743672  -0.001456448415891422
     -1.633628179866693     0.6283185307179582  -0.001272079886017716
     -1.633628179866693     0.7539822368615501   0.003844856111666035
     -1.633628179866693     0.8796459430051424    0.01478681294529387
     -1.633628179866693      1.005309649148734     0.0225857709433449
     -1.633628179866693      1.130973355292326    0.01892947658712558
     -1.633628179866693      1.256637061435917   0.007461854454245043
     -1.633628179866693      1.382300767579509  -0.001605528968792857
     -1.633628179866693      1.507964473723101  -0.003551161482445197
     -1.633628179866693      1.633628179866692  -0.001706910148318375
     -1.633628179866693      1.759291886010284  -0.000405676454956866
     -1.633628179866693      1.884955592153876 -8.253973749549302e-05
     -1.633628179866693      2.010619298297467  0.0001405485867266746
     -1.633628179866693       2.13628300444106   4.08326961253054e-05
     -1.633628179866693      2.261946710584651  -0.000179108309986119
     -1.633628179866693      2.387610416728243  6.085798025261144e-05
     -1.633628179866693      2.513274122871834  0.0001932539653116625
     -1.633628179866693      2.638937829015426 -0.0002282613081227167
     -1.633628179866693      2.764601535159018 -0.0006071257398514971
     -1.633628179866693      2.890265241302609  -0.001059341326554863
     -1.633628179866693      3.015928947446201  -0.001689708498605109
     -1.507964473723101     -3.141592653589793  -0.001444446776548576
     -1.507964473723101     -3.015928947446201    0.01121490662587704
     -1.507964473723101      -2.89026524130261    0.02952263962983398
     -1.507964473723101     -2.764601535159018    0.04926260500460219
     -1.507964473723101     -2.638937829015426    0.07409825520615879
     -1.507964473723101     -2.513274122871834    0.09903508012521248
     -1.507964473723101     -2.387610416728243     0.1075760240942751
     -1.507964473723101     -2.261946710584651     0.0932991608564892
     -1.507964473723101     -2.136283004441059     0.0697220783770497
     -1.507964473723101     -2.010619298297468    0.05278726660669298
     -1.507964473723101     -1.884955592153876     0.0428581026479403
     -1.507964473723101     -1.759291886010284    0.03388185386959038
     -1.507964473723101     -1.633628179866693    0.03031029951623726
     -1.507964473723101     -1.507964473723101    0.03626898228412348
     -1.507964473723101     -1.382300767579509    0.04000727066607931
     -1.507964473723101     -1.256637061435917    0.03022718736622428
     -1.507964473723101     -1.130973355292325    0.01412795909502748
     -1.507964473723101     -1.005309649148733    0.00437624945332357
     -1.507964473723101     -0.879645943005142   0.002256072407069553
     -1.507964473723101    -0.7539822368615505   0.001828412957206013
     -1.507964473723101    -0.6283185307179586  0.0003974965250974332
     -1.507964473723101    -0.5026548245743667 -0.0004541018236791027
     -1.507964473723101    -0.3769911184307753  0.0003232819291746826
     -1.507964473723101    -0.2513274122871838   0.001790128673268899
     -1.507964473723101    -0.1256637061435919   0.003074867654798811
     -1.507964473723101                      0   0.003367180926526016
     -1.507964473723101     0.1256637061435919   0.001719121833353491
     -1.507964473723101     0.2513274122871834  -0.000377838656298239
     -1.507964473723101     0.3769911184307753  -0.000547381041172466
     -1.507964473723101     0.5026548245743672 -0.0005840361003836749
     -1.507964473723101     0.6283185307179582  -0.001995550623613073
     -1.507964473723101     0.7539822368615501  0.0008936246484598823
     -1.507964473723101     0.8796459430051424    0.01144026633873197
     -1.507964473723101      1.005309649148734    0.01999209337181571
     -1.507964473723101      1.130973355292326     0.0156333825108193
     -1.507964473723101      1.256637061435917   0.002447135729512694
     -1.507964473723101      1.382300767579509  -0.005960723166527882
     -1.507964473723101      1.507964473723101  -0.004422572853130047
     -1.507964473723101      1.633628179866692 -0.0004684558511492696
     -1.507964473723101      1.759291886010284 -0.0001926479701343501
     -1.507964473723101      1.884955592153876 -0.0005735098944527979
     -1.507964473723101      2.010619298297467  0.0004981723417515515
     -1.507964473723101       2.13628300444106  0.0002317169525852685
     -1.507964473723101      2.261946710584651 -0.0006907326046910106
     -1.507964473723101      2.387610416728243  0.0002671235551691855
     -1.507964473723101      2.513274122871834  0.0006286466039874092
     -1.507964473723101      2.638937829015426 -0.0008716593061378919
     -1.507964473723101      2.764601535159018 -0.0009410144297432523
     -1.507964473723101      2.890265241302609 -0.0008112761584521313
     -1.507964473723101      3.015928947446201  -0.003242570383891671
     -1.382300767579509     -3.141592653589793 -0.0002374755825543917
     -1.382300767579509     -3.015928947446201     0.0126833613838941
     -1.382300767579509      -2.89026524130261    0.02970415025842788
     -1.382300767579509     -2.764601535159018    0.04610171332773092
     -1.382300767579509     -2.638937829015426    0.06940769637574577
     -1.382300767579509     -2.513274122871834    0.09566075691445657
     -1.382300767579509     -2.387610416728243     0.1053931885859727
     -1.382300767579509     -2.261946710584651    0.09167132864812276
     -1.382300767579509     -2.136283004441059     0.0698325297712736
     -1.382300767579509     -2.010619298297468    0.05512486053967207
     -1.382300767579509     -1.884955592153876    0.04566543644812242
     -1.382300767579509     -1.759291886010284    0.03558111253888158
     -1.382300767579509     -1.633628179866693    0.03167833457131991
     -1.382300767579509     -1.507964473723101    0.03909577234103341
     -1.382300767579509     -1.382300767579509    0.04425139572792489
     -1.382300767579509     -1.256637061435917    0.03361431292111289
     -1.382300767579509     -1.130973355292325    0.01467722171249283
     -1.382300767579509     -1.005309649148733   0.002539383643494171
     -1.382300767579509     -0.879645943005142  6.177287260484199e-05
     -1.382300767579509    -0.7539822368615505  0.0004530375610918662
     -1.382300767579509    -0.6283185307179586 -0.0004051828539669321
     -1.382300767579509    -0.5026548245743667  -0.000986372186350852
     -1.382300767579509    -0.3769911184307753  0.0001478722482378945
     -1.382300767579509    -0.2513274122871838   0.001765939518069399
     -1.382300767579509    -0.1256637061435919   0.002865283893689036
     -1.382300767579509                      0   0.003278515917423122
     -1.382300767579509     0.1256637061435919   0.002538030712548922
     -1.382300767579509     0.2513274122871834   0.001643845361859172
     -1.382300767579509     0.3769911184307753   0.002102381939972867
     -1.382300767579509     0.5026548245743672   0.001882280742814424
     -1.382300767579509     0.6283185307179582 -0.0003132199203001839
     -1.382300767579509     0.7539822368615501   0.001088558688942485
     -1.382300767579509     0.8796459430051424   0.009477698977529961
     -1.382300767579509      1.005309649148734    0.01622449274890151
     -1.382300767579509      1.130973355292326    0.01176935109273072
     -1.382300767579509      1.256637061435917  0.0004167638827824475
     -1.382300767579509      1.382300767579509  -0.005543849474555425
     -1.382300767579509      1.507964473723101  -0.002719652533974207
     -1.382300767579509      1.633628179866692  0.0007562859710777076
     -1.382300767579509      1.759291886010284 -4.133429878020405e-05
     -1.382300767579509      1.884955592153876 -0.0006899312443722349
     -1.382300767579509      2.010619298297467   0.000640569964468484
     -1.382300767579509       2.13628300444106  0.0002136884758528631
     -1.382300767579509      2.261946710584651 -0.0008524048568033947
     -1.382300767579509      2.387610416728243  0.0004345113487102537
     -1.382300767579509      2.513274122871834   0.000686404396645447
     -1.382300767579509      2.638937829015426  -0.001103373806359417
     -1.382300767579509      2.764601535159018 -8.643239945445519e-05
     -1.382300767579509      2.890265241302609   0.001454230965283685
     -1.382300767579509      3.015928947446201  -0.001328602670050767
     -1.256637061435917     -3.141592653589793   0.002495244244295119
     -1.256637061435917     -3.015928947446201    0.01392864996236819
     -1.256637061435917      -2.89026524130261    0.02991650756043836
     -1.256637061435917     -2.764601535159018    0.04610925666267001
     -1.256637061435917     -2.638937829015426    0.06831170860894679
     -1.256637061435917     -2.513274122871834    0.09105029812472869
     -1.256637061435917     -2.387610416728243    0.09667972554133281
     -1.256637061435917     -2.261946710584651    0.08235759764161005
     -1.256637061435917     -2.136283004441059     0.0645428237571212
     -1.256637061435917     -2.010619298297468    0.05480928485694095
     -1.256637061435917     -1.884955592153876    0.04780907761022536
     -1.256637061435917     -1.759291886010284    0.03847641061468859
     -1.256637061435917     -1.633628179866693    0.03638836256122006
     -1.256637061435917     -1.507964473723101    0.04725625038385527
     -1.256637061435917     -1.382300767579509    0.05514131990068747
     -1.256637061435917     -1.256637061435917    0.04393876554953699
     -1.256637061435917     -1.130973355292325    0.02120615667243522
     -1.256637061435917     -1.005309649148733   0.004766990514979017
     -1.256637061435917     -0.879645943005142  1.660845703674513e-05
     -1.256637061435917    -0.7539822368615505  0.0001534226730570305
     -1.256637061435917    -0.6283185307179586   -0.00047967191533405
     -1.256637061435917    -0.5026548245743667  -0.001143867982531774
     -1.256637061435917    -0.3769911184307753 -0.0002314693240944986
     -1.256637061435917    -0.2513274122871838   0.001107500585501377
     -1.256637061435917    -0.1256637061435919   0.001847376275783024
     -1.256637061435917                      0   0.002404991840233457
     -1.256637061435917     0.1256637061435919   0.003023218197519478
     -1.256637061435917     0.2513274122871834    0.00405526282407521
     -1.256637061435917     0.3769911184307753   0.005530592503868477
     -1.256637061435917     0.5026548245743672   0.005466888032381352
     -1.256637061435917     0.6283185307179582   0.003726027125461362
     -1.256637061435917     0.7539822368615501   0.005457079344446489
     -1.256637061435917     0.8796459430051424    0.01264632683188436
     -1.256637061435917      1.005309649148734    0.01737815242139449
     -1.256637061435917      1.130973355292326     0.0127085928120781
     -1.256637061435917      1.256637061435917    0.00359733103216665
     -1.256637061435917      1.382300767579509 -0.0006044872831525383
     -1.256637061435917      1.507964473723101   0.001013778888851342
     -1.256637061435917      1.633628179866692   0.001990389864379786
     -1.256637061435917      1.759291886010284  8.103039964616515e-05
     -1.256637061435917      1.884955592153876 -0.0005701229159531687
     -1.256637061435917      2.010619298297467  0.0006092801513384499
     -1.256637061435917       2.13628300444106   9.60685222099892e-05
     -1.256637061435917      2.261946710584651 -0.0007537146133449091
     -1.256637061435917      2.387610416728243  0.0005038907535809071
     -1.256637061435917      2.513274122871834  0.0005100159380714647
     -1.256637061435917      2.638937829015426  -0.001018410805453094
     -1.256637061435917      2.764601535159018   0.001044776092770754
     -1.256637061435917      2.890265241302609    0.00394577421048902
     -1.256637061435917      3.015928947446201   0.001946330257463724
     -1.130973355292325     -3.141592653589793   0.002730196855055049
     -1.130973355292325     -3.015928947446201    0.01408332757779501
     -1.130973355292325      -2.89026524130261    0.03320973543864602
     -1.130973355292325     -2.764601535159018    0.05599831334767239
     -1.130973355292325     -2.638937829015426    0.08207401823503734
     -1.130973355292325     -2.513274122871834     0.1045840187454287
     -1.130973355292325     -2.387610416728243     0.1095522421045821
     -1.130973355292325     -2.261946710584651      0.093481481905461
     -1.130973355292325     -2.136283004441059    0.07135054404127134
     -1.130973355292325     -2.010619298297468    0.05868904080902053
     -1.130973355292325     -1.884955592153876    0.05244641225283452
     -1.130973355292325     -1.759291886010284    0.04392600161735492
     -1.130973355292325     -1.633628179866693    0.04059786242421997
     -1.130973355292325     -1.507964473723101     0.0501236200879223
     -1.130973355292325     -1.382300767579509    0.05740606395188822
     -1.130973355292325     -1.256637061435917    0.04557078024531373
     -1.130973355292325     -1.130973355292325    0.02253002175771852
     -1.130973355292325     -1.005309649148733   0.006564390676088657
     -1.130973355292325     -0.879645943005142   0.002228018232059295
     -1.130973355292325    -0.7539822368615505   0.002036474562134072
     -1.130973355292325    -0.6283185307179586  0.0007815537015802756
     -1.130973355292325    -0.5026548245743667 -0.0002630979627009449
     -1.130973355292325    -0.3769911184307753  0.0003835967662541499
     -1.130973355292325    -0.2513274122871838   0.001482269438383058
     -1.130973355292325    -0.1256637061435919   0.002423851170490036
     -1.130973355292325                      0   0.003519395931751519
     -1.130973355292325     0.1256637061435919   0.004135726308175966
     -1.130973355292325     0.2513274122871834    0.00486883776563442
     -1.130973355292325     0.3769911184307753   0.007205186877858413
     -1.130973355292325     0.5026548245743672   0.009286464834602185
     -1.130973355292325     0.6283185307179582    0.01013041408354416
     -1.130973355292325     0.7539822368615501    0.01532962025441676
     -1.130973355292325     0.8796459430051424    0.02660390188460739
     -1.130973355292325      1.005309649148734    0.03328042306570386
     -1.130973355292325      1.130973355292326    0.02718872001848224
     -1.130973355292325      1.256637061435917    0.01535974808369278
     -1.130973355292325      1.382300767579509   0.008228187014674315
     -1.130973355292325      1.507964473723101   0.006112218642077585
     -1.130973355292325      1.633628179866692   0.003704797225903969
     -1.130973355292325      1.759291886010284  0.0003605263209863094
     -1.130973355292325      1.884955592153876 -0.0005550318791519104
     -1.130973355292325      2.010619298297467  0.0004823201083649349
     -1.130973355292325       2.13628300444106  0.0001539165585599701
     -1.130973355292325      2.261946710584651 -0.0005886113084457759
     -1.130973355292325      2.387610416728243  0.0003093312262855323
     -1.130973355292325      2.513274122871834  0.0004308271421828197
     -1.130973355292325      2.638937829015426 -0.0008358277322103433
     -1.130973355292325      2.764601535159018   0.000115953354624073
     -1.130973355292325      2.890265241302609   0.002018163926972602
     -1.130973355292325      3.015928947446201   0.001167444729040023
     -1.005309649148733     -3.141592653589793   0.001541559632834632
     -1.005309649148733     -3.015928947446201    0.01393765477063234
     -1.005309649148733      -2.89026524130261    0.03779703529809763
     -1.005309649148733     -2.764601535159018    0.06903691749443015
     -1.005309649148733     -2.638937829015426     0.1008951340628761
     -1.005309649148733     -2.513274122871834     0.1256613847255786
     -1.005309649148733     -2.387610416728243     0.1326742781398663
     -1.005309649148733     -2.261946710584651     0.1151724278577272
     -1.005309649148733     -2.136283004441059    0.08495938757087851
     -1.005309649148733     -2.010619298297468    0.06403496429254874
     -1.005309649148733     -1.884955592153876    0.05567825783085899
     -1.005309649148733     -1.759291886010284    0.04781865098904832
     -1.005309649148733     -1.633628179866693    0.04205577953056638
     -1.005309649148733     -1.507964473723101    0.04606104383985571
     -1.005309649148733     -1.382300767579509    0.04918173805894503
     -1.005309649148733     -1.256637061435917    0.03845736835245202
     -1.005309649148733     -1.130973355292325    0.02172895168099152
     -1.005309649148733     -1.005309649148733    0.01277199899736076
     -1.005309649148733     -0.879645943005142     0.0114911097311827
     -1.005309649148733    -0.7539822368615505    0.01036714841060548
     -1.005309649148733    -0.6283185307179586   0.007286559988588089
     -1.005309649148733    -0.5026548245743667    0.00513845979568776
     -1.005309649148733    -0.3769911184307753   0.004937464559916333
     -1.005309649148733    -0.2513274122871838   0.005240559841150216
     -1.005309649148733    -0.1256637061435919   0.005884361689225528
     -1.005309649148733                      0   0.006571112432132597
     -1.005309649148733     0.1256637061435919   0.005293254384317386
     -1.005309649148733     0.2513274122871834   0.003414347472227058
     -1.005309649148733     0.3769911184307753   0.005112133226985449
     -1.005309649148733     0.5026548245743672    0.00914883137895083
     -1.005309649148733     0.6283185307179582    0.01319885718218164
     -1.005309649148733     0.7539822368615501    0.02310858635739535
     -1.005309649148733     0.8796459430051424    0.04079737705343477
     -1.005309649148733      1.005309649148734    0.05220989551426589
     -1.005309649148733      1.130973355292326    0.04530519504843879
     -1.005309649148733      1.256637061435917    0.02771874171392075
     -1.005309649148733      1.382300767579509    0.01401420441020547
     -1.005309649148733      1.507964473723101   0.007801667869174354
     -1.005309649148733      1.633628179866692   0.004046268654832276
     -1.005309649148733      1.759291886010284  0.0004907937198054913
     -1.005309649148733      1.884955592153876 -0.0006518057709765453
     -1.005309649148733      2.010619298297467  0.0003477777550220023
     -1.005309649148733       2.13628300444106  0.0003420485752683877
     -1.005309649148733      2.261946710584651 -0.0004838476569077139
     -1.005309649148733      2.387610416728243 -2.098321973516173e-06
     -1.005309649148733      2.513274122871834  0.0005090990026068983
     -1.005309649148733      2.638937829015426 -0.0005736530945423457
     -1.005309649148733      2.764601535159018  -0.001617719026460687
     -1.005309649148733      2.890265241302609  -0.001736033965811727
     -1.005309649148733      3.015928947446201  -0.001660185123944773
     -0.879645943005142     -3.141592653589793   0.003151497014580298
     -0.879645943005142     -3.015928947446201    0.01571292975497312
     -0.879645943005142      -2.89026524130261    0.03988821019680919
     -0.879645943005142     -2.764601535159018    0.07154534167323666
     -0.879645943005142     -2.638937829015426     0.1039671874004278
     -0.879645943005142     -2.513274122871834      0.128871970556953
     -0.879645943005142     -2.387610416728243     0.1357620530721198
     -0.879645943005142     -2.261946710584651     0.1190305694245895
     -0.879645943005142     -2.136283004441059    0.08917461925620444
     -0.879645943005142     -2.010619298297468    0.06561750132330089
     -0.879645943005142     -1.884955592153876    0.05409911210214751
     -0.879645943005142     -1.759291886010284    0.04668224453690586
     -0.879645943005142     -1.633628179866693    0.04178927766070538
     -0.879645943005142     -1.507964473723101    0.04222938101170203
     -0.879645943005142     -1.382300767579509    0.04168440463448106
     -0.879645943005142     -1.256637061435917    0.03471508718735849
     -0.879645943005142     -1.130973355292325    0.02799549902804985
     -0.879645943005142     -1.005309649148733    0.02751730075855449
     -0.879645943005142     -0.879645943005142    0.02864619701918245
     -0.879645943005142    -0.7539822368615505    0.02576430640219106
     -0.879645943005142    -0.6283185307179586    0.02034509526512917
     -0.879645943005142    -0.5026548245743667    0.01635987750591601
     -0.879645943005142    -0.3769911184307753    0.01438361536496842
     -0.879645943005142    -0.2513274122871838    0.01281110108630478
     -0.879645943005142    -0.1256637061435919    0.01127957886833564
     -0.879645943005142                      0   0.009469674592461022
     -0.879645943005142     0.1256637061435919   0.005959131471358629
     -0.879645943005142     0.2513274122871834   0.002031396111051367
     -0.879645943005142     0.3769911184307753   0.001385873435235068
     -0.879645943005142     0.5026548245743672    0.00410197769673162
     -0.879645943005142     0.6283185307179582   0.009228001718264531
     -0.879645943005142     0.7539822368615501    0.02101162855128257
     -0.879645943005142     0.8796459430051424     0.0400375799731973
     -0.879645943005142      1.005309649148734     0.0536134630142844
     -0.879645943005142      1.130973355292326    0.04863979719736316
     -0.879645943005142      1.256637061435917    0.02908127106029375
     -0.879645943005142      1.382300767579509     0.0110771794710604
     -0.879645943005142      1.507964473723101    0.00371963868217267
     -0.879645943005142      1.633628179866692   0.002163903430623015
     -0.879645943005142      1.759291886010284  0.0002216015260783189
     -0.879645943005142      1.884955592153876 -0.0007499249900658645
     -0.879645943005142      2.010619298297467  0.0003592761369688118
     -0.879645943005142       2.13628300444106   0.000429557919410493
     -0.879645943005142      2.261946710584651 -0.0005693678030762752
     -0.879645943005142      2.387610416728243 -4.822659265212102e-05
     -0.879645943005142      2.513274122871834  0.0006391541608185634
     -0.879645943005142      2.638937829015426  -0.000334749796612868
     -0.879645943005142      2.764601535159018 -0.0009334479374365962
     -0.879645943005142      2.890265241302609 -0.0003553362538401151
     -0.879645943005142      3.015928947446201 -4.366025377807933e-06
    -0.7539822368615505     -3.141592653589793   0.007783092328284369
    -0.7539822368615505     -3.015928947446201    0.01903705615028693
    -0.7539822368615505      -2.89026524130261    0.03830867409725971
    -0.7539822368615505     -2.764601535159018    0.06114893793203396
    -0.7539822368615505     -2.638937829015426    0.08755479895481405
    -0.7539822368615505     -2.513274122871834     0.1109219143543497
    -0.7539822368615505     -2.387610416728243     0.1179447709250918
    -0.7539822368615505     -2.261946710584651     0.1052093261553295
    -0.7539822368615505     -2.136283004441059    0.08322304454894852
    -0.7539822368615505     -2.010619298297468    0.06370699548382651
    -0.7539822368615505     -1.884955592153876    0.05070947232055628
    -0.7539822368615505     -1.759291886010284    0.04319510727396884
    -0.7539822368615505     -1.633628179866693    0.03977870109361989
    -0.7539822368615505     -1.507964473723101    0.03821041630316972
    -0.7539822368615505     -1.382300767579509    0.03554162252890884
    -0.7539822368615505     -1.256637061435917    0.03310512516920997
    -0.7539822368615505     -1.130973355292325    0.03560402322984801
    -0.7539822368615505     -1.005309649148733    0.04215346354228625
    -0.7539822368615505     -0.879645943005142     0.0455229237227051
    -0.7539822368615505    -0.7539822368615505    0.04191489773634562
    -0.7539822368615505    -0.6283185307179586    0.03489218377430502
    -0.7539822368615505    -0.5026548245743667    0.02924953081303698
    -0.7539822368615505    -0.3769911184307753    0.02557712816145118
    -0.7539822368615505    -0.2513274122871838    0.02173014137958886
    -0.7539822368615505    -0.1256637061435919    0.01693227202093156
    -0.7539822368615505                      0    0.01214301811462916
    -0.7539822368615505     0.1256637061435919   0.007846767377862347
    -0.7539822368615505     0.2513274122871834   0.004055104010672836
    -0.7539822368615505     0.3769911184307753   0.001632383043060775
    -0.7539822368615505     0.5026548245743672    0.00212187182550035
    -0.7539822368615505     0.6283185307179582    0.00714277406770222
    -0.7539822368615505     0.7539822368615501    0.01788469254357896
    -0.7539822368615505     0.8796459430051424     0.0326932652121954
    -0.7539822368615505      1.005309649148734    0.04412275171136885
    -0.7539822368615505      1.130973355292326    0.04214256980507059
    -0.7539822368615505      1.256637061435917    0.02579668937687621
    -0.7539822368615505      1.382300767579509   0.008464257799428833
    -0.7539822368615505      1.507964473723101   0.002004279594585271
    -0.7539822368615505      1.633628179866692   0.001915508579759499
    -0.7539822368615505      1.759291886010284  0.0001492510150433079
    -0.7539822368615505      1.884955592153876 -0.0009726510393650443
    -0.7539822368615505      2.010619298297467  0.0005595674956373801
    -0.7539822368615505       2.13628300444106  0.0004484055950910582
    -0.7539822368615505      2.261946710584651 -0.0008622558132468846
    -0.7539822368615505      2.387610416728243  0.0001805474239887767
    -0.7539822368615505      2.513274122871834  0.0007950678758908191
    -0.7539822368615505      2.638937829015426 -0.0003247085420449354
    -0.7539822368615505      2.764601535159018   0.001802014292446112
    -0.7539822368615505      2.890265241302609   0.005971202787270235
    -0.7539822368615505      3.015928947446201    0.00635841644729394
    -0.6283185307179586     -3.141592653589793     0.0149584219888863
    -0.6283185307179586     -3.015928947446201    0.02299832112973858
    -0.6283185307179586      -2.89026524130261    0.03600135728618355
    -0.6283185307179586     -2.764601535159018    0.04952061610697032
    -0.6283185307179586     -2.638937829015426    0.06799848173799916
    -0.6283185307179586     -2.513274122871834    0.08687054534111997
    -0.6283185307179586     -2.387610416728243    0.09290986809835593
    -0.6283185307179586     -2.261946710584651    0.08534499091299738
    -0.6283185307179586     -2.136283004441059    0.07329279199352243
    -0.6283185307179586     -2.010619298297468    0.06052461699063002
    -0.6283185307179586     -1.884955592153876    0.04879025858063616
    -0.6283185307179586     -1.759291886010284    0.04220271660397892
    -0.6283185307179586     -1.633628179866693    0.03954998145862734
    -0.6283185307179586     -1.507964473723101    0.03542940870282443
    -0.6283185307179586     -1.382300767579509    0.03101351066181793
    -0.6283185307179586     -1.256637061435917     0.0334278621584268
    -0.6283185307179586     -1.130973355292325    0.04483598987554253
    -0.6283185307179586     -1.005309649148733    0.05815577188965749
    -0.6283185307179586     -0.879645943005142    0.06411813016856968
    -0.6283185307179586    -0.7539822368615505    0.06022520908888734
    -0.6283185307179586    -0.6283185307179586    0.05158202268481059
    -0.6283185307179586    -0.5026548245743667    0.04407997908269396
    -0.6283185307179586    -0.3769911184307753     0.0384669167823046
    -0.6283185307179586    -0.2513274122871838    0.03174594387638896
    -0.6283185307179586    -0.1256637061435919    0.02308717628537641
    -0.6283185307179586                      0    0.01560964307872904
    -0.6283185307179586     0.1256637061435919    0.01174431454022172
    -0.6283185307179586     0.2513274122871834   0.009542660730748822
    -0.6283185307179586     0.3769911184307753   0.006789509856385809
    -0.6283185307179586     0.5026548245743672   0.006807489673971861
    -0.6283185307179586     0.6283185307179582    0.01379522104971088
    -0.6283185307179586     0.7539822368615501    0.02502707284477313
    -0.6283185307179586     0.8796459430051424    0.03547243051719464
    -0.6283185307179586      1.005309649148734    0.04321720858837518
    -0.6283185307179586      1.130973355292326    0.04362238644329076
    -0.6283185307179586      1.256637061435917    0.03206751885864906
    -0.6283185307179586      1.382300767579509    0.01636869512871353
    -0.6283185307179586      1.507964473723101   0.008063017532876835
    -0.6283185307179586      1.633628179866692   0.004839769640502317
    -0.6283185307179586      1.759291886010284  0.0005479960618069105
    -0.6283185307179586      1.884955592153876  -0.001231231956761114
    -0.6283185307179586      2.010619298297467  0.0007264452999093331
    -0.6283185307179586       2.13628300444106   0.000464002959615699
    -0.6283185307179586      2.261946710584651  -0.001078853945083442
    -0.6283185307179586      2.387610416728243  0.0003798744926699642
    -0.6283185307179586      2.513274122871834  0.0008395674320263522
    -0.6283185307179586      2.638937829015426 -0.0002320922702123925
    -0.6283185307179586      2.764601535159018   0.005052095570436846
    -0.6283185307179586      2.890265241302609    0.01380216808070668
    -0.6283185307179586      3.015928947446201    0.01547242016721555
    -0.5026548245743667     -3.141592653589793    0.02554183505534366
    -0.5026548245743667     -3.015928947446201    0.02818665587819605
    -0.5026548245743667      -2.89026524130261    0.03691302319837028
    -0.5026548245743667     -2.764601535159018    0.04871359961233488
    -0.5026548245743667     -2.638937829015426    0.06236614171256197
    -0.5026548245743667     -2.513274122871834    0.06890986769452158
    -0.5026548245743667     -2.387610416728243    0.06278779325812561
    -0.5026548245743667     -2.261946710584651    0.05668341935113858
    -0.5026548245743667     -2.136283004441059    0.05854502311700827
    -0.5026548245743667     -2.010619298297468    0.05652159389462513
    -0.5026548245743667     -1.884955592153876    0.04748892095370991
    -0.5026548245743667     -1.759291886010284    0.04487544259269913
    -0.5026548245743667     -1.633628179866693    0.04865069931911216
    -0.5026548245743667     -1.507964473723101    0.04660350766391896
    -0.5026548245743667     -1.382300767579509    0.04267087332348728
    -0.5026548245743667     -1.256637061435917    0.05115436063419498
    -0.5026548245743667     -1.130973355292325     0.0714964950002582
    -0.5026548245743667     -1.005309649148733    0.08915320577846469
    -0.5026548245743667     -0.879645943005142     0.0936247712034481
    -0.5026548245743667    -0.7539822368615505    0.08616514393000557
    -0.5026548245743667    -0.6283185307179586    0.07422076095627742
    -0.5026548245743667    -0.5026548245743667    0.06338464900354959
    -0.5026548245743667    -0.3769911184307753     0.0539973048437746
    -0.5026548245743667    -0.2513274122871838    0.04303611500774427
    -0.5026548245743667    -0.1256637061435919    0.02946075711514886
    -0.5026548245743667                      0    0.01813743464067662
    -0.5026548245743667     0.1256637061435919    0.01442136499701665
    -0.5026548245743667     0.2513274122871834     0.0142482557149101
    -0.5026548245743667     0.3769911184307753    0.01049140477331207
    -0.5026548245743667     0.5026548245743672   0.009128385753270286
    -0.5026548245743667     0.6283185307179582    0.01986565193322432
    -0.5026548245743667     0.7539822368615501     0.0353564201473661
    -0.5026548245743667     0.8796459430051424    0.04399607036956436
    -0.5026548245743667      1.005309649148734    0.04904052956937149
    -0.5026548245743667      1.130973355292326    0.05247644485744036
    -0.5026548245743667      1.256637061435917    0.04501968966815876
    -0.5026548245743667      1.382300767579509    0.02750112461388455
    -0.5026548245743667      1.507964473723101    0.01314687787716889
    -0.5026548245743667      1.633628179866692   0.005614393126422583
    -0.5026548245743667      1.759291886010284   0.000536483073323961
    -0.5026548245743667      1.884955592153876  -0.001027903135032995
    -0.5026548245743667      2.010619298297467   0.000594628161383211
    -0.5026548245743667       2.13628300444106  0.0002830947909683068
    -0.5026548245743667      2.261946710584651   -0.00086540106406025
    -0.5026548245743667      2.387610416728243  0.0004352853445024613
    -0.5026548245743667      2.513274122871834  0.0005042996017253845
    -0.5026548245743667      2.638937829015426  0.0005240071993579859
    -0.5026548245743667      2.764601535159018   0.009335703669098732
    -0.5026548245743667      2.890265241302609    0.02295880536591957
    -0.5026548245743667      3.015928947446201    0.02773353198086906
    -0.3769911184307753     -3.141592653589793     0.0335259881090929
    -0.3769911184307753     -3.015928947446201    0.03209443293141178
    -0.3769911184307753      -2.89026524130261    0.04132125785993222
    -0.3769911184307753     -2.764601535159018    0.06034843677002483
    -0.3769911184307753     -2.638937829015426    0.07586623841515212
    -0.3769911184307753     -2.513274122871834    0.06859743413999635
    -0.3769911184307753     -2.387610416728243    0.04287161801077769
    -0.3769911184307753     -2.261946710584651    0.03181507883304058
    -0.3769911184307753     -2.136283004441059     0.0456695774661271
    -0.3769911184307753     -2.010619298297468    0.05459880548694902
    -0.3769911184307753     -1.884955592153876    0.04787081778430737
    -0.3769911184307753     -1.759291886010284    0.04977936375122161
    -0.3769911184307753     -1.633628179866693    0.06468169480926253
    -0.3769911184307753     -1.507964473723101     0.0723480968267094
    -0.3769911184307753     -1.382300767579509    0.07330730522737419
    -0.3769911184307753     -1.256637061435917    0.08469068922461256
    -0.3769911184307753     -1.130973355292325     0.1052477624804149
    -0.3769911184307753     -1.005309649148733     0.1180736622255642
    -0.3769911184307753     -0.879645943005142     0.1150245251304717
    -0.3769911184307753    -0.7539822368615505     0.1020056402453611
    -0.3769911184307753    -0.6283185307179586    0.08724872095601646
    -0.3769911184307753    -0.5026548245743667    0.07366881350063675
    -0.3769911184307753    -0.3769911184307753    0.06087554003336577
    -0.3769911184307753    -0.2513274122871838    0.04710887710043769
    -0.3769911184307753    -0.1256637061435919    0.03068035259686384
    -0.3769911184307753                      0    0.01642760324413819
    -0.3769911184307753     0.1256637061435919    0.01261550939056327
    -0.3769911184307753     0.2513274122871834     0.0141984290103662
    -0.3769911184307753     0.3769911184307753   0.008855117051994328
    -0.3769911184307753     0.5026548245743672   0.004281037179198185
    -0.3769911184307753     0.6283185307179582    0.01665743309180123
    -0.3769911184307753     0.7539822368615501    0.03643883045409384
    -0.3769911184307753     0.8796459430051424    0.04576584794115704
    -0.3769911184307753      1.005309649148734    0.05017530195138543
    -0.3769911184307753      1.130973355292326    0.05598297279462312
    -0.3769911184307753      1.256637061435917    0.05026854578958855
    -0.3769911184307753      1.382300767579509    0.02934641451714479
    -0.3769911184307753      1.507964473723101   0.009863136637567584
    -0.3769911184307753      1.633628179866692   0.001632677825500032
    -0.3769911184307753      1.759291886010284 -0.0002623852502427301
    -0.3769911184307753      1.884955592153876  -0.000303141497204995
    -0.3769911184307753      2.010619298297467  0.0002333258646983638
    -0.3769911184307753       2.13628300444106 -0.0001136556080857082
    -0.3769911184307753      2.261946710584651 -0.0003099081663560996
    -0.3769911184307753      2.387610416728243   0.000412172831844269
    -0.3769911184307753      2.513274122871834 -9.272405070188212e-05
    -0.3769911184307753      2.638937829015426   0.001522174410690055
    -0.3769911184307753      2.764601535159018    0.01279282193859487
    -0.3769911184307753      2.890265241302609    0.02907804759539062
    -0.3769911184307753      3.015928947446201    0.03649981465597606
    -0.2513274122871838     -3.141592653589793    0.03069708927663109
    -0.2513274122871838     -3.015928947446201    0.03056106204096611
    -0.2513274122871838      -2.89026524130261    0.04546481961674371
    -0.2513274122871838     -2.764601535159018    0.07535047956535283
    -0.2513274122871838     -2.638937829015426      0.098748175549845
    -0.2513274122871838     -2.513274122871834    0.08959052004613627
    -0.2513274122871838     -2.387610416728243    0.05508814347024645
    -0.2513274122871838     -2.261946710584651     0.0360632768194631
    -0.2513274122871838     -2.136283004441059    0.04740682629421309
    -0.2513274122871838     -2.010619298297468     0.0579940434326551
    -0.2513274122871838     -1.884955592153876    0.05264735597034977
    -0.2513274122871838     -1.759291886010284    0.05502884887469201
    -0.2513274122871838     -1.633628179866693    0.07474103320963832
    -0.2513274122871838     -1.507964473723101     0.0928844829648853
    -0.2513274122871838     -1.382300767579509     0.1007888876871598
    -0.2513274122871838     -1.256637061435917     0.1066877689659765
    -0.2513274122871838     -1.130973355292325     0.1122549096159228
    -0.2513274122871838     -1.005309649148733     0.1104270539166002
    -0.2513274122871838     -0.879645943005142    0.09935569273187386
    -0.2513274122871838    -0.7539822368615505    0.08483656181539372
    -0.2513274122871838    -0.6283185307179586    0.07152995605531333
    -0.2513274122871838    -0.5026548245743667    0.05927225146134055
    -0.2513274122871838    -0.3769911184307753    0.04756257062754818
    -0.2513274122871838    -0.2513274122871838    0.03607249436842277
    -0.2513274122871838    -0.1256637061435919    0.02276662301848996
    -0.2513274122871838                      0    0.01069169149889677
    -0.2513274122871838     0.1256637061435919   0.007856039093689326
    -0.2513274122871838     0.2513274122871834     0.0103849640589256
    -0.2513274122871838     0.3769911184307753   0.005792263433201172
    -0.2513274122871838     0.5026548245743672  0.0001892676656592603
    -0.2513274122871838     0.6283185307179582    0.01031017479912993
    -0.2513274122871838     0.7539822368615501     0.0300013013757889
    -0.2513274122871838     0.8796459430051424     0.0420298420238172
    -0.2513274122871838      1.005309649148734    0.04775734099403248
    -0.2513274122871838      1.130973355292326    0.05165177536896629
    -0.2513274122871838      1.256637061435917    0.04404481713419205
    -0.2513274122871838      1.382300767579509    0.02303044673882314
    -0.2513274122871838      1.507964473723101   0.004206343109817517
    -0.2513274122871838      1.633628179866692  -0.002110666683946704
    -0.2513274122871838      1.759291886010284 -0.0009232294067668589
    -0.2513274122871838      1.884955592153876  0.0003137614587462149
    -0.2513274122871838      2.010619298297467  -3.16900406391778e-05
    -0.2513274122871838       2.13628300444106 -0.0003956204789572717
    -0.2513274122871838      2.261946710584651  0.0001244099405554515
    -0.2513274122871838      2.387610416728243  0.0003413029966219549
    -0.2513274122871838      2.513274122871834 -0.0004670158743299489
    -0.2513274122871838      2.638937829015426   0.001704909911524206
    -0.2513274122871838      2.764601535159018    0.01171588975718487
    -0.2513274122871838      2.890265241302609    0.02550664224015675
    -0.2513274122871838      3.015928947446201    0.03262017073856589
    -0.1256637061435919     -3.141592653589793    0.02251193478721555
    -0.1256637061435919     -3.015928947446201    0.02624485424767611
    -0.1256637061435919      -2.89026524130261    0.04623902544960164
    -0.1256637061435919     -2.764601535159018    0.08175204877202202
    -0.1256637061435919     -2.638937829015426     0.1114145481440174
    -0.1256637061435919     -2.513274122871834     0.1095790292139275
    -0.1256637061435919     -2.387610416728243    0.07954390589271491
    -0.1256637061435919     -2.261946710584651    0.05570915297564728
    -0.1256637061435919     -2.136283004441059    0.05664809992890696
    -0.1256637061435919     -2.010619298297468     0.0628490214049785
    -0.1256637061435919     -1.884955592153876     0.0586662702539486
    -0.1256637061435919     -1.759291886010284    0.05827137419373076
    -0.1256637061435919     -1.633628179866693    0.07488954736258063
    -0.1256637061435919     -1.507964473723101    0.09827471943001809
    -0.1256637061435919     -1.382300767579509     0.1112528327111666
    -0.1256637061435919     -1.256637061435917     0.1083935274509323
    -0.1256637061435919     -1.130973355292325    0.09515347042239812
    -0.1256637061435919     -1.005309649148733    0.07884036175729187
    -0.1256637061435919     -0.879645943005142    0.06401874778786078
    -0.1256637061435919    -0.7539822368615505    0.05242700450336717
    -0.1256637061435919    -0.6283185307179586    0.04323356558029651
    -0.1256637061435919    -0.5026548245743667    0.03470227025482257
    -0.1256637061435919    -0.3769911184307753    0.02692638543446969
    -0.1256637061435919    -0.2513274122871838    0.02012413987967021
    -0.1256637061435919    -0.1256637061435919     0.0124358566544738
    -0.1256637061435919                      0   0.005337513776964159
    -0.1256637061435919     0.1256637061435919   0.004502831590326554
    -0.1256637061435919     0.2513274122871834   0.007769006219002851
    -0.1256637061435919     0.3769911184307753   0.005999494394509584
    -0.1256637061435919     0.5026548245743672   0.002158203338584977
    -0.1256637061435919     0.6283185307179582   0.008777938280882719
    -0.1256637061435919     0.7539822368615501    0.02499327105747653
    -0.1256637061435919     0.8796459430051424    0.03868041555072697
    -0.1256637061435919      1.005309649148734    0.04513321624015321
    -0.1256637061435919      1.130973355292326    0.04477924727790503
    -0.1256637061435919      1.256637061435917    0.03503067322274981
    -0.1256637061435919      1.382300767579509    0.01788307009038853
    -0.1256637061435919      1.507964473723101   0.003288391273443356
    -0.1256637061435919      1.633628179866692  -0.002005476181627127
    -0.1256637061435919      1.759291886010284 -0.0008817314686888401
    -0.1256637061435919      1.884955592153876  0.0004505305765670901
    -0.1256637061435919      2.010619298297467  -4.06542599784706e-05
    -0.1256637061435919       2.13628300444106 -0.0004392221769087991
    -0.1256637061435919      2.261946710584651  0.0001974088753144677
    -0.1256637061435919      2.387610416728243   0.000318985766995083
    -0.1256637061435919      2.513274122871834 -0.0004841762160415677
    -0.1256637061435919      2.638937829015426   0.001119371609690578
    -0.1256637061435919      2.764601535159018      0.008276169592974
    -0.1256637061435919      2.890265241302609    0.01788447530033458
    -0.1256637061435919      3.015928947446201    0.02294118864850788
                      0     -3.141592653589793    0.02054952446591582
                      0     -3.015928947446201    0.02565099772817519
                      0      -2.89026524130261    0.04460508782852855
                      0     -2.764601535159018     0.0757904838461283
                      0     -2.638937829015426      0.104018423175126
                      0     -2.513274122871834     0.1063108125858879
                      0     -2.387610416728243    0.08051451287508063
                      0     -2.261946710584651    0.05677202782091874
                      0     -2.136283004441059     0.0567930881328015
                      0     -2.010619298297468    0.06493239421325377
                      0     -1.884955592153876    0.06249075988808424
                      0     -1.759291886010284     0.0596479498963452
                      0     -1.633628179866693    0.07402003489938952
                      0     -1.507964473723101     0.1007081693650778
                      0     -1.382300767579509     0.1173269030245229
                      0     -1.256637061435917     0.1100479094976715
                      0     -1.130973355292325    0.08588478263121534
                      0     -1.005309649148733    0.06100327303541432
                      0     -0.879645943005142    0.04472049912982638
                      0    -0.7539822368615505    0.03592863231008674
                      0    -0.6283185307179586    0.02954788359135419
                      0    -0.5026548245743667    0.02317893213344706
                      0    -0.3769911184307753    0.01771210339575193
                      0    -0.2513274122871838    0.01313842651325727
                      0    -0.1256637061435919   0.007584725189575898
                      0                      0   0.002895654262747586
                      0     0.1256637061435919     0.0043641702010014
                      0     0.2513274122871834   0.009762706670078138
                      0     0.3769911184307753    0.01022868567532923
                      0     0.5026548245743672   0.007092348932615832
                      0     0.6283185307179582    0.01115045103735768
                      0     0.7539822368615501     0.0233229631412711
                      0     0.8796459430051424    0.03379527761761536
                      0      1.005309649148734    0.03734388195318342
                      0      1.130973355292326    0.03521107455920437
                      0      1.256637061435917    0.02805665267661487
                      0      1.382300767579509    0.01688673261684447
                      0      1.507964473723101   0.006085911799795601
                      0      1.633628179866692  0.0001901323453982885
                      0      1.759291886010284 -0.0005688149773905465
                      0      1.884955592153876  0.0003276501091940052
                      0      2.010619298297467  0.0001538565921341903
                      0       2.13628300444106 -0.0004741712170371638
                      0      2.261946710584651  2.595391957799535e-06
                      0      2.387610416728243  0.0005387064208273649
                      0      2.513274122871834  -0.000412931259694741
                      0      2.638937829015426  0.0005333494365368607
                      0      2.764601535159018   0.007963601910267879
                      0      2.890265241302609     0.0177592463533472
                      0      3.015928947446201    0.02147126165983243
     0.1256637061435919     -3.141592653589793     0.0230062939634042
     0.1256637061435919     -3.015928947446201    0.02834487265536604
     0.1256637061435919      -2.89026524130261    0.04333284144731119
     0.1256637061435919     -2.764601535159018    0.06534477152185852
     0.1256637061435919     -2.638937829015426     0.0888250211925664
     0.1256637061435919     -2.513274122871834    0.09299722003591522
     0.1256637061435919     -2.387610416728243    0.06865605839152122
     0.1256637061435919     -2.261946710584651    0.04607445834595222
     0.1256637061435919     -2.136283004441059    0.05207368988516892
     0.1256637061435919     -2.010619298297468    0.06784459599962303
     0.1256637061435919     -1.884955592153876    0.06754262321572416
     0.1256637061435919     -1.759291886010284    0.06217614256071134
     0.1256637061435919     -1.633628179866693     0.0767231191992834
     0.1256637061435919     -1.507964473723101     0.1091029769153912
     0.1256637061435919     -1.382300767579509     0.1307606627830223
     0.1256637061435919     -1.256637061435917     0.1206033959308794
     0.1256637061435919     -1.130973355292325    0.08655656811856696
     0.1256637061435919     -1.005309649148733    0.05272602183102557
     0.1256637061435919     -0.879645943005142    0.03405576282411152
     0.1256637061435919    -0.7539822368615505    0.02743315603177993
     0.1256637061435919    -0.6283185307179586    0.02321581943358079
     0.1256637061435919    -0.5026548245743667    0.01808379311137948
     0.1256637061435919    -0.3769911184307753    0.01392849197837254
     0.1256637061435919    -0.2513274122871838    0.01029613364875009
     0.1256637061435919    -0.1256637061435919   0.004916312707708891
     0.1256637061435919                      0    0.00106210317146697
     0.1256637061435919     0.1256637061435919   0.005348411986132284
     0.1256637061435919     0.2513274122871834    0.01436510317437491
     0.1256637061435919     0.3769911184307753    0.01668004570096507
     0.1256637061435919     0.5026548245743672    0.01267896728306191
     0.1256637061435919     0.6283185307179582    0.01383528215258049
     0.1256637061435919     0.7539822368615501    0.02115711828215415
     0.1256637061435919     0.8796459430051424    0.02507093737515183
     0.1256637061435919      1.005309649148734    0.02315898754649937
     0.1256637061435919      1.130973355292326    0.02073645170815627
     0.1256637061435919      1.256637061435917      0.019380994909431
     0.1256637061435919      1.382300767579509    0.01594684439143045
     0.1256637061435919      1.507964473723101    0.00931331006092314
     0.1256637061435919      1.633628179866692   0.002674029862684152
     0.1256637061435919      1.759291886010284 -0.0002933042714756003
     0.1256637061435919      1.884955592153876  0.0001612557660611725
     0.1256637061435919      2.010619298297467  0.0004751379969679297
     0.1256637061435919       2.13628300444106 -0.0005956222521827502
     0.1256637061435919      2.261946710584651 -0.0003310308514214322
     0.1256637061435919      2.387610416728243  0.0009840794560002281
     0.1256637061435919      2.513274122871834 -0.0003536670406836643
     0.1256637061435919      2.638937829015426 -5.215557946306566e-05
     0.1256637061435919      2.764601535159018     0.0101105010569576
     0.1256637061435919      2.890265241302609    0.02321471528221796
     0.1256637061435919      3.015928947446201    0.02584572529084444
     0.2513274122871834     -3.141592653589793    0.02124314936370948
     0.2513274122871834     -3.015928947446201     0.0285422024662915
     0.2513274122871834      -2.89026524130261    0.04258580692906266
     0.2513274122871834     -2.764601535159018    0.05956778988890092
     0.2513274122871834     -2.638937829015426    0.08183907376988427
     0.2513274122871834     -2.513274122871834    0.09146260660680271
     0.2513274122871834     -2.387610416728243    0.07206798767444844
     0.2513274122871834     -2.261946710584651     0.0494174256711551
     0.2513274122871834     -2.136283004441059    0.05443235460050132
     0.2513274122871834     -2.010619298297468    0.07202897284843221
     0.2513274122871834     -1.884955592153876    0.07281609084284588
     0.2513274122871834     -1.759291886010284     0.0643500400446414
     0.2513274122871834     -1.633628179866693    0.07664082660360239
     0.2513274122871834     -1.507964473723101     0.1127165273168653
     0.2513274122871834     -1.382300767579509     0.1382198943111599
     0.2513274122871834     -1.256637061435917     0.1234404624428176
     0.2513274122871834     -1.130973355292325    0.07807240899085816
     0.2513274122871834     -1.005309649148733    0.03541226650103588
     0.2513274122871834     -0.879645943005142    0.01527288099023903
     0.2513274122871834    -0.7539822368615505    0.01151921068614932
     0.2513274122871834    -0.6283185307179586     0.0100906926769463
     0.2513274122871834    -0.5026548245743667   0.007069188265859077
     0.2513274122871834    -0.3769911184307753   0.005242343913691765
     0.2513274122871834    -0.2513274122871838   0.003837276332732357
     0.2513274122871834    -0.1256637061435919  0.0004430260552488329
     0.2513274122871834                      0  -0.001206749868454119
     0.2513274122871834     0.1256637061435919   0.005318632153805394
     0.2513274122871834     0.2513274122871834     0.0164836112263651
     0.2513274122871834     0.3769911184307753    0.02085881922608875
     0.2513274122871834     0.5026548245743672    0.01715114404578317
     0.2513274122871834     0.6283185307179582    0.01526221991673147
     0.2513274122871834     0.7539822368615501     0.0180311011687276
     0.2513274122871834     0.8796459430051424    0.01830221458540203
     0.2513274122871834      1.005309649148734    0.01339971398311958
     0.2513274122871834      1.130973355292326    0.00933003770224005
     0.2513274122871834      1.256637061435917    0.01059065821685423
     0.2513274122871834      1.382300767579509    0.01334132521535619
     0.2513274122871834      1.507964473723101    0.01124580454628517
     0.2513274122871834      1.633628179866692   0.004707934262835651
     0.2513274122871834      1.759291886010284 -1.657774586253893e-05
     0.2513274122871834      1.884955592153876 -1.649057222415649e-05
     0.2513274122871834      2.010619298297467  0.0007341357464169973
     0.2513274122871834       2.13628300444106 -0.0006248243942534835
     0.2513274122871834      2.261946710584651 -0.0006126064862698511
     0.2513274122871834      2.387610416728243   0.001267433277414189
     0.2513274122871834      2.513274122871834 -0.0002248190786314966
     0.2513274122871834      2.638937829015426 -0.0007258614805958916
     0.2513274122871834      2.764601535159018    0.01007156590215705
     0.2513274122871834      2.890265241302609    0.02378954125418349
     0.2513274122871834      3.015928947446201    0.02476644353749139
     0.3769911184307753     -3.141592653589793    0.01575085831058179
     0.3769911184307753     -3.015928947446201     0.0247087101130566
     0.3769911184307753      -2.89026524130261    0.04022875845013105
     0.3769911184307753     -2.764601535159018    0.05814080262393592
     0.3769911184307753     -2.638937829015426    0.08161011764155457
     0.3769911184307753     -2.513274122871834    0.09603954969489231
     0.3769911184307753     -2.387610416728243    0.08398469011204329
     0.3769911184307753     -2.261946710584651    0.06255475659511567
     0.3769911184307753     -2.136283004441059    0.05983864116978307
     0.3769911184307753     -2.010619298297468    0.07005716931169284
     0.3769911184307753     -1.884955592153876    0.06953583254095261
     0.3769911184307753     -1.759291886010284    0.06022891870462821
     0.3769911184307753     -1.633628179866693    0.06791303184434772
     0.3769911184307753     -1.507964473723101    0.09861626424850523
     0.3769911184307753     -1.382300767579509      0.120854811873019
     0.3769911184307753     -1.256637061435917     0.1051248612734855
     0.3769911184307753     -1.130973355292325    0.06134641916138821
     0.3769911184307753     -1.005309649148733    0.02223543809539462
     0.3769911184307753     -0.879645943005142   0.005390971793485223
     0.3769911184307753    -0.7539822368615505   0.003357247613154559
     0.3769911184307753    -0.6283185307179586   0.002873714362845351
     0.3769911184307753    -0.5026548245743667    0.00106589350524104
     0.3769911184307753    -0.3769911184307753  0.0006382502776233019
     0.3769911184307753    -0.2513274122871838   0.000668333656695626
     0.3769911184307753    -0.1256637061435919 -0.0008085393020586212
     0.3769911184307753                      0 -0.0009035273361471961
     0.3769911184307753     0.1256637061435919   0.004837100045004609
     0.3769911184307753     0.2513274122871834    0.01398721314765012
     0.3769911184307753     0.3769911184307753    0.01858062762920617
     0.3769911184307753     0.5026548245743672    0.01659291035838629
     0.3769911184307753     0.6283185307179582    0.01456848344536624
     0.3769911184307753     0.7539822368615501    0.01681297820826043
     0.3769911184307753     0.8796459430051424    0.01922913243609423
     0.3769911184307753      1.005309649148734    0.01659231947628264
     0.3769911184307753      1.130973355292326    0.01129403835717432
     0.3769911184307753      1.256637061435917   0.009711962204136636
     0.3769911184307753      1.382300767579509    0.01161592500580111
     0.3769911184307753      1.507964473723101    0.01065233701399407
     0.3769911184307753      1.633628179866692   0.005027540208107942
     0.3769911184307753      1.759291886010284  0.0001574021667049198
     0.3769911184307753      1.884955592153876 -0.0001762228704409097
     0.3769911184307753      2.010619298297467  0.0007226110046619676
     0.3769911184307753       2.13628300444106 -0.0004419944253612753
     0.3769911184307753      2.261946710584651  -0.000654702250602354
     0.3769911184307753      2.387610416728243   0.001085162712201041
     0.3769911184307753      2.513274122871834 -4.277889045118039e-05
     0.3769911184307753      2.638937829015426 -0.0009354047764881502
     0.3769911184307753      2.764601535159018   0.007339737505058825
     0.3769911184307753      2.890265241302609    0.01796003482823783
     0.3769911184307753      3.015928947446201    0.01803551040391829
     0.5026548245743672     -3.141592653589793    0.01149203080720075
     0.5026548245743672     -3.015928947446201    0.02051138319410109
     0.5026548245743672      -2.89026524130261    0.03599305464595294
     0.5026548245743672     -2.764601535159018    0.05398391883935059
     0.5026548245743672     -2.638937829015426    0.07649749958690746
     0.5026548245743672     -2.513274122871834     0.0927539639301932
     0.5026548245743672     -2.387610416728243    0.08774222681806262
     0.5026548245743672     -2.261946710584651    0.07037082325316306
     0.5026548245743672     -2.136283004441059    0.06157816215384238
     0.5026548245743672     -2.010619298297468    0.06245844679192505
     0.5026548245743672     -1.884955592153876    0.05903479682291427
     0.5026548245743672     -1.759291886010284    0.05078924671896477
     0.5026548245743672     -1.633628179866693    0.05408366264650576
     0.5026548245743672     -1.507964473723101    0.07350999957497954
     0.5026548245743672     -1.382300767579509    0.08745409542193815
     0.5026548245743672     -1.256637061435917     0.0758079405632265
     0.5026548245743672     -1.130973355292325     0.0465186504247278
     0.5026548245743672     -1.005309649148733    0.02188912787816042
     0.5026548245743672     -0.879645943005142    0.01188357974183549
     0.5026548245743672    -0.7539822368615505    0.01010143149747661
     0.5026548245743672    -0.6283185307179586   0.008374715126275451
     0.5026548245743672    -0.5026548245743667   0.006109642492957379
     0.5026548245743672    -0.3769911184307753   0.005293694034598064
     0.5026548245743672    -0.2513274122871838   0.004737268101580741
     0.5026548245743672    -0.1256637061435919   0.003057248241042857
     0.5026548245743672                      0     0.0023202557782081
     0.5026548245743672     0.1256637061435919   0.005197907557925761
     0.5026548245743672     0.2513274122871834    0.01024878134524133
     0.5026548245743672     0.3769911184307753    0.01305523457547491
     0.5026548245743672     0.5026548245743672    0.01241950586536751
     0.5026548245743672     0.6283185307179582    0.01237401965798646
     0.5026548245743672     0.7539822368615501    0.01647535536167256
     0.5026548245743672     0.8796459430051424    0.02217849893568926
     0.5026548245743672      1.005309649148734    0.02347808094942515
     0.5026548245743672      1.130973355292326    0.01897376829045829
     0.5026548245743672      1.256637061435917     0.0134742093052398
     0.5026548245743672      1.382300767579509    0.01059511736531647
     0.5026548245743672      1.507964473723101   0.008407470689601395
     0.5026548245743672      1.633628179866692   0.004277843795668038
     0.5026548245743672      1.759291886010284  0.0002296862422929757
     0.5026548245743672      1.884955592153876 -0.0003853547522541309
     0.5026548245743672      2.010619298297467  0.0006171206184882008
     0.5026548245743672       2.13628300444106 -0.0001559277374396402
     0.5026548245743672      2.261946710584651 -0.0006481786388026897
     0.5026548245743672      2.387610416728243  0.0007367716413416972
     0.5026548245743672      2.513274122871834  0.0001861156636533443
     0.5026548245743672      2.638937829015426 -0.0007593905044832828
     0.5026548245743672      2.764601535159018    0.00481198444375428
     0.5026548245743672      2.890265241302609    0.01237180914292106
     0.5026548245743672      3.015928947446201    0.01242018673221349
     0.6283185307179582     -3.141592653589793   0.008855226308156527
     0.6283185307179582     -3.015928947446201    0.01839074077975621
     0.6283185307179582      -2.89026524130261    0.03135744961231979
     0.6283185307179582     -2.764601535159018    0.04323352471570885
     0.6283185307179582     -2.638937829015426    0.06187718350933434
     0.6283185307179582     -2.513274122871834    0.08183329683920977
     0.6283185307179582     -2.387610416728243    0.08519673352253899
     0.6283185307179582     -2.261946710584651    0.07258865188660676
     0.6283185307179582     -2.136283004441059    0.06145046000930509
     0.6283185307179582     -2.010619298297468    0.05766607572827282
     0.6283185307179582     -1.884955592153876    0.05228686585914462
     0.6283185307179582     -1.759291886010284    0.04318834760468961
     0.6283185307179582     -1.633628179866693    0.04219138387690475
     0.6283185307179582     -1.507964473723101    0.05401379839958691
     0.6283185307179582     -1.382300767579509    0.06284131912477381
     0.6283185307179582     -1.256637061435917    0.05344400044281054
     0.6283185307179582     -1.130973355292325    0.03244622385383886
     0.6283185307179582     -1.005309649148733    0.01673139036358207
     0.6283185307179582     -0.879645943005142    0.01212969075821624
     0.6283185307179582    -0.7539822368615505    0.01198384125577138
     0.6283185307179582    -0.6283185307179586    0.01033563815591326
     0.6283185307179582    -0.5026548245743667   0.008347076565852865
     0.6283185307179582    -0.3769911184307753    0.00795923789463078
     0.6283185307179582    -0.2513274122871838    0.00738755299880413
     0.6283185307179582    -0.1256637061435919   0.005513112096002597
     0.6283185307179582                      0   0.004517609188227399
     0.6283185307179582     0.1256637061435919   0.006224107831538628
     0.6283185307179582     0.2513274122871834   0.009406933017344399
     0.6283185307179582     0.3769911184307753    0.01144909247052366
     0.6283185307179582     0.5026548245743672    0.01138074142974923
     0.6283185307179582     0.6283185307179582    0.01123660908824122
     0.6283185307179582     0.7539822368615501    0.01387682243564031
     0.6283185307179582     0.8796459430051424    0.01851801528503232
     0.6283185307179582      1.005309649148734    0.02030957757479763
     0.6283185307179582      1.130973355292326    0.01652805627434419
     0.6283185307179582      1.256637061435917    0.01074705295404298
     0.6283185307179582      1.382300767579509   0.008004823374294668
     0.6283185307179582      1.507964473723101   0.007617600027757687
     0.6283185307179582      1.633628179866692   0.004955127686552594
     0.6283185307179582      1.759291886010284  0.0004502174808187655
     0.6283185307179582      1.884955592153876 -0.0007293957009629992
     0.6283185307179582      2.010619298297467  0.0007470306220542975
     0.6283185307179582       2.13628300444106   5.90190093222492e-05
     0.6283185307179582      2.261946710584651 -0.0008980970303647409
     0.6283185307179582      2.387610416728243  0.0006997728659885508
     0.6283185307179582      2.513274122871834  0.0004855330850555206
     0.6283185307179582      2.638937829015426 -0.0009941824360030279
     0.6283185307179582      2.764601535159018   0.003770365036352527
     0.6283185307179582      2.890265241302609    0.01055908328788402
     0.6283185307179582      3.015928947446201   0.009731063351018726
     0.7539822368615501     -3.141592653589793   0.006834317484940597
     0.7539822368615501     -3.015928947446201    0.01700076131673872
     0.7539822368615501      -2.89026524130261    0.02646219750758839
     0.7539822368615501     -2.764601535159018    0.02982929053483601
     0.7539822368615501     -2.638937829015426     0.0435413087872742
     0.7539822368615501     -2.513274122871834    0.06746908078747614
     0.7539822368615501     -2.387610416728243    0.07830974544854705
     0.7539822368615501     -2.261946710584651     0.0695210250067685
     0.7539822368615501     -2.136283004441059    0.05839825400401052
     0.7539822368615501     -2.010619298297468    0.05461738550295257
     0.7539822368615501     -1.884955592153876    0.04955392617057836
     0.7539822368615501     -1.759291886010284    0.03849871467539641
     0.7539822368615501     -1.633628179866693    0.03378562822831134
     0.7539822368615501     -1.507964473723101    0.04321186952973661
     0.7539822368615501     -1.382300767579509    0.05136274506906977
     0.7539822368615501     -1.256637061435917    0.04105195104704188
     0.7539822368615501     -1.130973355292325    0.01874400822795326
     0.7539822368615501     -1.005309649148733   0.003238473369865879
     0.7539822368615501     -0.879645943005142   0.001042688022819927
     0.7539822368615501    -0.7539822368615505     0.0037435668859242
     0.7539822368615501    -0.6283185307179586    0.00395055378828462
     0.7539822368615501    -0.5026548245743667   0.003428207874053032
     0.7539822368615501    -0.3769911184307753   0.004642768672323452
     0.7539822368615501    -0.2513274122871838   0.005242434085402889
     0.7539822368615501    -0.1256637061435919   0.004221034471282275
     0.7539822368615501                      0   0.004348660754349172
     0.7539822368615501     0.1256637061435919   0.007026606168843409
     0.7539822368615501     0.2513274122871834    0.01083411126471906
     0.7539822368615501     0.3769911184307753    0.01383845008457651
     0.7539822368615501     0.5026548245743672    0.01431637344941473
     0.7539822368615501     0.6283185307179582    0.01238084698361012
     0.7539822368615501     0.7539822368615501    0.01110916562307117
     0.7539822368615501     0.8796459430051424    0.01187397104263924
     0.7539822368615501      1.005309649148734    0.01121079732700311
     0.7539822368615501      1.130973355292326    0.00712575135329977
     0.7539822368615501      1.256637061435917   0.003996004829911155
     0.7539822368615501      1.382300767579509   0.006012873973179092
     0.7539822368615501      1.507964473723101   0.009351596702134353
     0.7539822368615501      1.633628179866692   0.007013901143533141
     0.7539822368615501      1.759291886010284  0.0008117237676441993
     0.7539822368615501      1.884955592153876  -0.001030669840628632
     0.7539822368615501      2.010619298297467   0.000975618739401093
     0.7539822368615501       2.13628300444106  0.0001506324620815193
     0.7539822368615501      2.261946710584651  -0.001201529637402977
     0.7539822368615501      2.387610416728243  0.0008641202642300722
     0.7539822368615501      2.513274122871834  0.0007067557304650812
     0.7539822368615501      2.638937829015426  -0.001517484537346754
     0.7539822368615501      2.764601535159018   0.003438041511264626
     0.7539822368615501      2.890265241302609    0.01052810309651959
     0.7539822368615501      3.015928947446201   0.008366253614195164
     0.8796459430051424     -3.141592653589793   0.006059907127707393
     0.8796459430051424     -3.015928947446201    0.01506410706153726
     0.8796459430051424      -2.89026524130261    0.02183793892497002
     0.8796459430051424     -2.764601535159018    0.02120603601973048
     0.8796459430051424     -2.638937829015426    0.03111153286474873
     0.8796459430051424     -2.513274122871834    0.05371772387251334
     0.8796459430051424     -2.387610416728243    0.06633092164454622
     0.8796459430051424     -2.261946710584651    0.06021809665487597
     0.8796459430051424     -2.136283004441059     0.0507190098077466
     0.8796459430051424     -2.010619298297468    0.04805550456356042
     0.8796459430051424     -1.884955592153876    0.04430123035600172
     0.8796459430051424     -1.759291886010284    0.03370284114551842
     0.8796459430051424     -1.633628179866693    0.02773622094119711
     0.8796459430051424     -1.507964473723101     0.0352371204216645
     0.8796459430051424     -1.382300767579509    0.04250568935066588
     0.8796459430051424     -1.256637061435917    0.03283073802314687
     0.8796459430051424     -1.130973355292325    0.01187905957856234
     0.8796459430051424     -1.005309649148733  -0.002259235906628201
     0.8796459430051424     -0.879645943005142  -0.003206557868981058
     0.8796459430051424    -0.7539822368615505  0.0005351780058468073
     0.8796459430051424    -0.6283185307179586    0.00149213068382318
     0.8796459430051424    -0.5026548245743667    0.00157258188277253
     0.8796459430051424    -0.3769911184307753   0.003275322704382533
     0.8796459430051424    -0.2513274122871838   0.004150079016486947
     0.8796459430051424    -0.1256637061435919   0.003415887024507868
     0.8796459430051424                      0   0.004066324145800872
     0.8796459430051424     0.1256637061435919   0.007228169226528434
     0.8796459430051424     0.2513274122871834    0.01134408936443699
     0.8796459430051424     0.3769911184307753    0.01484591135006905
     0.8796459430051424     0.5026548245743672    0.01593539820519278
     0.8796459430051424     0.6283185307179582    0.01394647877774641
     0.8796459430051424     0.7539822368615501    0.01154083618675508
     0.8796459430051424     0.8796459430051424    0.01055193287515326
     0.8796459430051424      1.005309649148734   0.008504772814318528
     0.8796459430051424      1.130973355292326   0.004519253636251499
     0.8796459430051424      1.256637061435917   0.003217407269164444
     0.8796459430051424      1.382300767579509   0.007304638463340219
     0.8796459430051424      1.507964473723101    0.01119720648265796
     0.8796459430051424      1.633628179866692   0.008034142243422767
     0.8796459430051424      1.759291886010284   0.001006062983447538
     0.8796459430051424      1.884955592153876  -0.001069299633218126
     0.8796459430051424      2.010619298297467  0.0009737186180180848
     0.8796459430051424       2.13628300444106  0.0001719923633343093
     0.8796459430051424      2.261946710584651  -0.001198627159903106
     0.8796459430051424      2.387610416728243  0.0008486545106757373
     0.8796459430051424      2.513274122871834    0.00070415527779117
     0.8796459430051424      2.638937829015426  -0.001575362451936151
     0.8796459430051424      2.764601535159018   0.003142150651874617
     0.8796459430051424      2.890265241302609   0.009990969400152622
     0.8796459430051424      3.015928947446201   0.007791538764820698
      1.005309649148734     -3.141592653589793   0.006312400762958613
      1.005309649148734     -3.015928947446201    0.01361999551782234
      1.005309649148734      -2.89026524130261    0.01976957492654848
      1.005309649148734     -2.764601535159018    0.02042668176188133
      1.005309649148734     -2.638937829015426    0.02937305337210146
      1.005309649148734     -2.513274122871834    0.04795763670319524
      1.005309649148734     -2.387610416728243    0.05797055604919355
      1.005309649148734     -2.261946710584651     0.0525937772071987
      1.005309649148734     -2.136283004441059    0.04451057523820226
      1.005309649148734     -2.010619298297468    0.04226682114698001
      1.005309649148734     -1.884955592153876      0.039327151266626
      1.005309649148734     -1.759291886010284    0.03066136286251521
      1.005309649148734     -1.633628179866693    0.02558769976060936
      1.005309649148734     -1.507964473723101     0.0315653918285551
      1.005309649148734     -1.382300767579509    0.03749401078194257
      1.005309649148734     -1.256637061435917    0.02967463474964666
      1.005309649148734     -1.130973355292325    0.01278015770847352
      1.005309649148734     -1.005309649148733   0.001571685134373216
      1.005309649148734     -0.879645943005142   0.001004387221948114
      1.005309649148734    -0.7539822368615505   0.003881596987775036
      1.005309649148734    -0.6283185307179586   0.004195396087646146
      1.005309649148734    -0.5026548245743667   0.003819360479403162
      1.005309649148734    -0.3769911184307753   0.004850968848218838
      1.005309649148734    -0.2513274122871838   0.005095371413111365
      1.005309649148734    -0.1256637061435919   0.003968168220100196
      1.005309649148734                      0   0.004237501160718552
      1.005309649148734     0.1256637061435919     0.0069238316035367
      1.005309649148734     0.2513274122871834    0.01052478223672921
      1.005309649148734     0.3769911184307753    0.01363065876059537
      1.005309649148734     0.5026548245743672    0.01500393620438718
      1.005309649148734     0.6283185307179582    0.01432448708198692
      1.005309649148734     0.7539822368615501    0.01349982593012316
      1.005309649148734     0.8796459430051424    0.01346212581270576
      1.005309649148734      1.005309649148734    0.01194969605186786
      1.005309649148734      1.130973355292326    0.00847869055969349
      1.005309649148734      1.256637061435917    0.00702823055854813
      1.005309649148734      1.382300767579509   0.009611515371616346
      1.005309649148734      1.507964473723101    0.01150709049427281
      1.005309649148734      1.633628179866692   0.007539066549397692
      1.005309649148734      1.759291886010284   0.000956175096369568
      1.005309649148734      1.884955592153876 -0.0009266180576629488
      1.005309649148734      2.010619298297467  0.0008098727787244648
      1.005309649148734       2.13628300444106  0.0001583590334097626
      1.005309649148734      2.261946710584651 -0.0009948730995809451
      1.005309649148734      2.387610416728243  0.0006933943783569388
      1.005309649148734      2.513274122871834  0.0005762846594311483
      1.005309649148734      2.638937829015426  -0.001258826878084059
      1.005309649148734      2.764601535159018   0.002894971086772051
      1.005309649148734      2.890265241302609   0.009078930384731194
      1.005309649148734      3.015928947446201   0.007731944150399706
      1.130973355292326     -3.141592653589793   0.006518464229437475
      1.130973355292326     -3.015928947446201    0.01281743403851001
      1.130973355292326      -2.89026524130261    0.01972916655606069
      1.130973355292326     -2.764601535159018    0.02358180967783276
      1.130973355292326     -2.638937829015426     0.0335016147675782
      1.130973355292326     -2.513274122871834    0.04905580890549635
      1.130973355292326     -2.387610416728243    0.05576450601468215
      1.130973355292326     -2.261946710584651    0.04935094563916244
      1.130973355292326     -2.136283004441059    0.04159760280706375
      1.130973355292326     -2.010619298297468    0.04012806137269047
      1.130973355292326     -1.884955592153876     0.0383926758510862
      1.130973355292326     -1.759291886010284    0.03109022465384844
      1.130973355292326     -1.633628179866693    0.02717726567143074
      1.130973355292326     -1.507964473723101    0.03406048899280514
      1.130973355292326     -1.382300767579509    0.04055509912107177
      1.130973355292326     -1.256637061435917    0.03276417113329957
      1.130973355292326     -1.130973355292325    0.01529123838559392
      1.130973355292326     -1.005309649148733   0.003019793904332116
      1.130973355292326     -0.879645943005142   0.001289201480578667
      1.130973355292326    -0.7539822368615505   0.003442064520643799
      1.130973355292326    -0.6283185307179586   0.003570094757404528
      1.130973355292326    -0.5026548245743667   0.003076248876192594
      1.130973355292326    -0.3769911184307753   0.003838761927471221
      1.130973355292326    -0.2513274122871838   0.003987835348175327
      1.130973355292326    -0.1256637061435919   0.003073652165781234
      1.130973355292326                      0   0.003583804002704069
      1.130973355292326     0.1256637061435919   0.006395999195215318
      1.130973355292326     0.2513274122871834    0.01013121768244193
      1.130973355292326     0.3769911184307753    0.01347415485413326
      1.130973355292326     0.5026548245743672    0.01528990006534072
      1.130973355292326     0.6283185307179582     0.0155257213832947
      1.130973355292326     0.7539822368615501    0.01615899218055884
      1.130973355292326     0.8796459430051424    0.01747394969833395
      1.130973355292326      1.005309649148734    0.01639624504869142
      1.130973355292326      1.130973355292326     0.0126407572241032
      1.130973355292326      1.256637061435917    0.01079091173594727
      1.130973355292326      1.382300767579509    0.01240492473152915
      1.130973355292326      1.507964473723101    0.01249079776822738
      1.130973355292326      1.633628179866692   0.007312592063907174
      1.130973355292326      1.759291886010284  0.0009164288531644822
      1.130973355292326      1.884955592153876 -0.0007457226794963811
      1.130973355292326      2.010619298297467  0.0006593257012787521
      1.130973355292326       2.13628300444106  0.0001042077616165526
      1.130973355292326      2.261946710584651 -0.0007820448440567754
      1.130973355292326      2.387610416728243  0.0005779534601987326
      1.130973355292326      2.513274122871834  0.0004142697949371074
      1.130973355292326      2.638937829015426  -0.001022933755787918
      1.130973355292326      2.764601535159018   0.002624067824305292
      1.130973355292326      2.890265241302609   0.008149749176697745
      1.130973355292326      3.015928947446201   0.007541931574172401
      1.256637061435917     -3.141592653589793   0.006612850610412291
      1.256637061435917     -3.015928947446201    0.01114346714505745
      1.256637061435917      -2.89026524130261    0.01864283266206021
      1.256637061435917     -2.764601535159018    0.02638968125796935
      1.256637061435917     -2.638937829015426    0.03689776590358115
      1.256637061435917     -2.513274122871834    0.04803340744253551
      1.256637061435917     -2.387610416728243    0.05094978696247487
      1.256637061435917     -2.261946710584651    0.04367352311823504
      1.256637061435917     -2.136283004441059    0.03615682678525084
      1.256637061435917     -2.010619298297468    0.03606589854078565
      1.256637061435917     -1.884955592153876    0.03700581485100597
      1.256637061435917     -1.759291886010284    0.03167549034118268
      1.256637061435917     -1.633628179866693    0.02844871361410066
      1.256637061435917     -1.507964473723101    0.03616139160318639
      1.256637061435917     -1.382300767579509    0.04357540506784136
      1.256637061435917     -1.256637061435917     0.0353693980232915
      1.256637061435917     -1.130973355292325    0.01602416784184811
      1.256637061435917     -1.005309649148733   0.001647579569618899
      1.256637061435917     -0.879645943005142   -0.00142255298239528
      1.256637061435917    -0.7539822368615505   0.000355340126214708
      1.256637061435917    -0.6283185307179586  0.0006829835565616647
      1.256637061435917    -0.5026548245743667  0.0003851254363610003
      1.256637061435917    -0.3769911184307753   0.001133806432945794
      1.256637061435917    -0.2513274122871838   0.001411306934936077
      1.256637061435917    -0.1256637061435919   0.001128098586191712
      1.256637061435917                      0   0.002554015225328343
      1.256637061435917     0.1256637061435919   0.006085878316211595
      1.256637061435917     0.2513274122871834    0.01044869738029447
      1.256637061435917     0.3769911184307753    0.01483839201456377
      1.256637061435917     0.5026548245743672    0.01808768501503858
      1.256637061435917     0.6283185307179582    0.01992165220155572
      1.256637061435917     0.7539822368615501    0.02251872861010417
      1.256637061435917     0.8796459430051424    0.02552850041806641
      1.256637061435917      1.005309649148734    0.02449556955688519
      1.256637061435917      1.130973355292326    0.01983581360316787
      1.256637061435917      1.256637061435917    0.01794598789956735
      1.256637061435917      1.382300767579509    0.01912430232083534
      1.256637061435917      1.507964473723101    0.01639374913372667
      1.256637061435917      1.633628179866692   0.008172220191150459
      1.256637061435917      1.759291886010284   0.001050823591149568
      1.256637061435917      1.884955592153876 -0.0005201587259783321
      1.256637061435917      2.010619298297467  0.0004468881691193269
      1.256637061435917       2.13628300444106  4.039604833181718e-05
      1.256637061435917      2.261946710584651  -0.000471446140594902
      1.256637061435917      2.387610416728243  0.0004020631492346992
      1.256637061435917      2.513274122871834  0.0001713923421306359
      1.256637061435917      2.638937829015426 -0.0007433065246687822
      1.256637061435917      2.764601535159018   0.002001074235243909
      1.256637061435917      2.890265241302609   0.006472671680173172
      1.256637061435917      3.015928947446201   0.007040178996905394
      1.382300767579509     -3.141592653589793   0.006781853361110608
      1.382300767579509     -3.015928947446201   0.009024877424904321
      1.382300767579509      -2.89026524130261    0.01723117396658825
      1.382300767579509     -2.764601535159018      0.029878440487734
      1.382300767579509     -2.638937829015426    0.04095979021780103
      1.382300767579509     -2.513274122871834    0.04682347389069762
      1.382300767579509     -2.387610416728243    0.04625782905141149
      1.382300767579509     -2.261946710584651    0.03896770186102793
      1.382300767579509     -2.136283004441059    0.03090854172951096
      1.382300767579509     -2.010619298297468     0.0303568367689873
      1.382300767579509     -1.884955592153876    0.03345933792943429
      1.382300767579509     -1.759291886010284    0.03093226520222894
      1.382300767579509     -1.633628179866693    0.02787331591310735
      1.382300767579509     -1.507964473723101     0.0335111788835384
      1.382300767579509     -1.382300767579509    0.03958604640955938
      1.382300767579509     -1.256637061435917    0.03266575758333752
      1.382300767579509     -1.130973355292325    0.01635669460282486
      1.382300767579509     -1.005309649148733    0.00434233696963366
      1.382300767579509     -0.879645943005142   0.001598595849651789
      1.382300767579509    -0.7539822368615505   0.002527897799647263
      1.382300767579509    -0.6283185307179586   0.002198018082070109
      1.382300767579509    -0.5026548245743667   0.001498586827677111
      1.382300767579509    -0.3769911184307753   0.001624726888460132
      1.382300767579509    -0.2513274122871838   0.001340752166240672
      1.382300767579509    -0.1256637061435919   0.001088658623808651
      1.382300767579509                      0    0.00284339417056248
      1.382300767579509     0.1256637061435919    0.00626563650024102
      1.382300767579509     0.2513274122871834    0.01026949096038385
      1.382300767579509     0.3769911184307753    0.01514995437803133
      1.382300767579509     0.5026548245743672    0.02025873631285577
      1.382300767579509     0.6283185307179582    0.02498416601422435
      1.382300767579509     0.7539822368615501      0.031068686676571
      1.382300767579509     0.8796459430051424     0.0371458414320451
      1.382300767579509      1.005309649148734    0.03731696759181004
      1.382300767579509      1.130973355292326     0.0321384046291156
      1.382300767579509      1.256637061435917    0.02908636902950616
      1.382300767579509      1.382300767579509    0.02774391087834614
      1.382300767579509      1.507964473723101    0.02066352387514493
      1.382300767579509      1.633628179866692   0.009001715560240724
      1.382300767579509      1.759291886010284   0.001217315190539667
      1.382300767579509      1.884955592153876  -0.000320643632171025
      1.382300767579509      2.010619298297467  0.0001717143630994668
      1.382300767579509       2.13628300444106   4.01316630512882e-05
      1.382300767579509      2.261946710584651 -0.0001109716225968112
      1.382300767579509      2.387610416728243  0.0001104426068373083
      1.382300767579509      2.513274122871834  -5.75082755363428e-05
      1.382300767579509      2.638937829015426  -0.000297819496272775
      1.382300767579509      2.764601535159018   0.001055866978511162
      1.382300767579509      2.890265241302609   0.004042599799439692
      1.382300767579509      3.015928947446201   0.006275287308150104
      1.507964473723101     -3.141592653589793    0.00658792836897374
      1.507964473723101     -3.015928947446201   0.007906691594082631
      1.507964473723101      -2.89026524130261    0.01736276990608509
      1.507964473723101     -2.764601535159018    0.03406934488254867
      1.507964473723101     -2.638937829015426    0.04651878015933516
      1.507964473723101     -2.513274122871834    0.05018680226579658
      1.507964473723101     -2.387610416728243    0.04847771801040066
      1.507964473723101     -2.261946710584651    0.04123934660247685
      1.507964473723101     -2.136283004441059    0.03125248528151524
      1.507964473723101     -2.010619298297468     0.0280461291705146
      1.507964473723101     -1.884955592153876    0.03110642522224865
      1.507964473723101     -1.759291886010284    0.03026740541816285
      1.507964473723101     -1.633628179866693    0.02688863646909984
      1.507964473723101     -1.507964473723101     0.0293565168806749
      1.507964473723101     -1.382300767579509    0.03295202353069214
      1.507964473723101     -1.256637061435917    0.02776009956602936
      1.507964473723101     -1.130973355292325    0.01662728252838074
      1.507964473723101     -1.005309649148733   0.009257664872084825
      1.507964473723101     -0.879645943005142   0.007929923598283557
      1.507964473723101    -0.7539822368615505   0.007931858732922995
      1.507964473723101    -0.6283185307179586   0.006486685041254476
      1.507964473723101    -0.5026548245743667   0.005063738355265839
      1.507964473723101    -0.3769911184307753   0.004403529168183754
      1.507964473723101    -0.2513274122871838   0.003368173738914458
      1.507964473723101    -0.1256637061435919   0.002728850684855461
      1.507964473723101                      0   0.004104406763607529
      1.507964473723101     0.1256637061435919   0.006551845193728815
      1.507964473723101     0.2513274122871834   0.009287218844537409
      1.507964473723101     0.3769911184307753    0.01373415455585817
      1.507964473723101     0.5026548245743672     0.0198777396883362
      1.507964473723101     0.6283185307179582    0.02682577425696978
      1.507964473723101     0.7539822368615501    0.03585504915986713
      1.507964473723101     0.8796459430051424    0.04499871904320946
      1.507964473723101      1.005309649148734    0.04723884614909672
      1.507964473723101      1.130973355292326    0.04207676550789166
      1.507964473723101      1.256637061435917    0.03685353514366412
      1.507964473723101      1.382300767579509    0.03206071222228028
      1.507964473723101      1.507964473723101    0.02190246912336355
      1.507964473723101      1.633628179866692   0.008930763930306087
      1.507964473723101      1.759291886010284   0.001254077941536206
      1.507964473723101      1.884955592153876 -0.0002539353468749878
      1.507964473723101      2.010619298297467  7.296014217736423e-07
      1.507964473723101       2.13628300444106  9.989564706994344e-05
      1.507964473723101      2.261946710584651  8.048392772645431e-05
      1.507964473723101      2.387610416728243 -0.0001200654679970786
      1.507964473723101      2.513274122871834 -0.0001270085956909898
      1.507964473723101      2.638937829015426  2.984976153906724e-05
      1.507964473723101      2.764601535159018  0.0002317647415960851
      1.507964473723101      2.890265241302609   0.002002360666558821
      1.507964473723101      3.015928947446201    0.00524690097098905
      1.633628179866692     -3.141592653589793   0.006085586017845416
      1.633628179866692     -3.015928947446201    0.00701774996168569
      1.633628179866692      -2.89026524130261    0.01659355331268137
      1.633628179866692     -2.764601535159018    0.03417690648499217
      1.633628179866692     -2.638937829015426    0.04663549412079597
      1.633628179866692     -2.513274122871834    0.04950779661207218
      1.633628179866692     -2.387610416728243    0.04779024224547486
      1.633628179866692     -2.261946710584651     0.0409045266604947
      1.633628179866692     -2.136283004441059    0.03025721602896417
      1.633628179866692     -2.010619298297468    0.02608516600954117
      1.633628179866692     -1.884955592153876    0.02923228433596131
      1.633628179866692     -1.759291886010284    0.02900321675177863
      1.633628179866692     -1.633628179866693     0.0253062192115023
      1.633628179866692     -1.507964473723101    0.02641157488796746
      1.633628179866692     -1.382300767579509    0.02901413962305666
      1.633628179866692     -1.256637061435917    0.02441485894002886
      1.633628179866692     -1.130973355292325    0.01512903642388998
      1.633628179866692     -1.005309649148733   0.009464571034980575
      1.633628179866692     -0.879645943005142   0.008774109075797336
      1.633628179866692    -0.7539822368615505   0.008636209121511243
      1.633628179866692    -0.6283185307179586   0.006990064258508301
      1.633628179866692    -0.5026548245743667   0.005486910650044701
      1.633628179866692    -0.3769911184307753   0.004704705786120875
      1.633628179866692    -0.2513274122871838   0.003558690608909215
      1.633628179866692    -0.1256637061435919   0.002960617611749972
      1.633628179866692                      0   0.004355075087609734
      1.633628179866692     0.1256637061435919   0.006493158058875769
      1.633628179866692     0.2513274122871834   0.008747286441163904
      1.633628179866692     0.3769911184307753    0.01307842626185163
      1.633628179866692     0.5026548245743672    0.01961964486170725
      1.633628179866692     0.6283185307179582    0.02717801395884429
      1.633628179866692     0.7539822368615501     0.0369207142105079
      1.633628179866692     0.8796459430051424    0.04688964329782244
      1.633628179866692      1.005309649148734    0.04973198600102961
      1.633628179866692      1.130973355292326    0.04457091827160731
      1.633628179866692      1.256637061435917    0.03877144709353976
      1.633628179866692      1.382300767579509     0.0331060135427831
      1.633628179866692      1.507964473723101    0.02216350720852965
      1.633628179866692      1.633628179866692   0.008874505118973409
      1.633628179866692      1.759291886010284   0.001270921865319041
      1.633628179866692      1.884955592153876 -0.0002288641163092921
      1.633628179866692      2.010619298297467  -6.18778096725541e-05
      1.633628179866692       2.13628300444106   0.000123597969420061
      1.633628179866692      2.261946710584651   0.000149942559646397
      1.633628179866692      2.387610416728243 -0.0002061016005487336
      1.633628179866692      2.513274122871834 -0.0001485407110891035
      1.633628179866692      2.638937829015426  0.0001272279960673334
      1.633628179866692      2.764601535159018 -0.0002081836052281833
      1.633628179866692      2.890265241302609  0.0009406647952883958
      1.633628179866692      3.015928947446201   0.004440492882699884
      1.759291886010284     -3.141592653589793   0.006278252087817976
      1.759291886010284     -3.015928947446201   0.006262284732018794
      1.759291886010284      -2.89026524130261    0.01508500199806329
      1.759291886010284     -2.764601535159018    0.03238103658997422
      1.759291886010284     -2.638937829015426    0.04370478005392776
      1.759291886010284     -2.513274122871834    0.04499396568137684
      1.759291886010284     -2.387610416728243    0.04294639663691172
      1.759291886010284     -2.261946710584651    0.03671114904733488
      1.759291886010284     -2.136283004441059    0.02668599692395359
      1.759291886010284     -2.010619298297468    0.02361003224505008
      1.759291886010284     -1.884955592153876    0.02831843414370105
      1.759291886010284     -1.759291886010284    0.02869606104816066
      1.759291886010284     -1.633628179866693    0.02450193876621602
      1.759291886010284     -1.507964473723101    0.02535142057132289
      1.759291886010284     -1.382300767579509    0.02820592158642118
      1.759291886010284     -1.256637061435917    0.02343338207459975
      1.759291886010284     -1.130973355292325    0.01332670783674312
      1.759291886010284     -1.005309649148733   0.006984900527017134
      1.759291886010284     -0.879645943005142   0.006314597736314894
      1.759291886010284    -0.7539822368615505   0.006607719955854553
      1.759291886010284    -0.6283185307179586   0.005343765283383595
      1.759291886010284    -0.5026548245743667   0.004118111494857961
      1.759291886010284    -0.3769911184307753   0.003545599025269377
      1.759291886010284    -0.2513274122871838   0.002514331040829844
      1.759291886010284    -0.1256637061435919   0.002153637266493168
      1.759291886010284                      0   0.004104506928755553
      1.759291886010284     0.1256637061435919   0.006895003697407088
      1.759291886010284     0.2513274122871834   0.009760105631529964
      1.759291886010284     0.3769911184307753    0.01489043944378112
      1.759291886010284     0.5026548245743672    0.02235444474919367
      1.759291886010284     0.6283185307179582    0.03057333329803693
      1.759291886010284     0.7539822368615501    0.04062044648374031
      1.759291886010284     0.8796459430051424    0.05043871530445579
      1.759291886010284      1.005309649148734    0.05254244594425279
      1.759291886010284      1.130973355292326    0.04692902198563534
      1.759291886010284      1.256637061435917    0.04193835002866764
      1.759291886010284      1.382300767579509    0.03714779679144309
      1.759291886010284      1.507964473723101    0.02531653823173479
      1.759291886010284      1.633628179866692    0.01012477749525608
      1.759291886010284      1.759291886010284   0.001468972319905155
      1.759291886010284      1.884955592153876 -0.0002045689921283274
      1.759291886010284      2.010619298297467 -0.0001066505249318472
      1.759291886010284       2.13628300444106  0.0001148564309453906
      1.759291886010284      2.261946710584651  0.0002255135725029635
      1.759291886010284      2.387610416728243 -0.0002468437228438941
      1.759291886010284      2.513274122871834  -0.000220709197862595
      1.759291886010284      2.638937829015426  0.0001579390306774518
      1.759291886010284      2.764601535159018 -0.0003745032526013075
      1.759291886010284      2.890265241302609  0.0006491652523792513
      1.759291886010284      3.015928947446201   0.004586917957660127
      1.884955592153876     -3.141592653589793   0.007621276236894667
      1.884955592153876     -3.015928947446201   0.007560328191437457
      1.884955592153876      -2.89026524130261    0.01789701727959224
      1.884955592153876     -2.764601535159018    0.03809931222776213
      1.884955592153876     -2.638937829015426    0.05124765926534543
      1.884955592153876     -2.513274122871834    0.05330087248684665
      1.884955592153876     -2.387610416728243    0.05225783553220742
      1.884955592153876     -2.261946710584651    0.04566718977045271
      1.884955592153876     -2.136283004441059    0.03305083699736229
      1.884955592153876     -2.010619298297468    0.02823831529605594
      1.884955592153876     -1.884955592153876    0.03350177065769223
      1.884955592153876     -1.759291886010284    0.03395702364666319
      1.884955592153876     -1.633628179866693    0.02801762912888556
      1.884955592153876     -1.507964473723101    0.02711080636539007
      1.884955592153876     -1.382300767579509    0.02921547163845437
      1.884955592153876     -1.256637061435917    0.02425789686956623
      1.884955592153876     -1.130973355292325    0.01461837524115185
      1.884955592153876     -1.005309649148733   0.009550655738550622
      1.884955592153876     -0.879645943005142    0.01008583206578575
      1.884955592153876    -0.7539822368615505    0.01057182452291177
      1.884955592153876    -0.6283185307179586   0.008735575107475146
      1.884955592153876    -0.5026548245743667   0.007034335237649052
      1.884955592153876    -0.3769911184307753   0.006169974791569241
      1.884955592153876    -0.2513274122871838   0.004616760291043639
      1.884955592153876    -0.1256637061435919   0.003824355636201136
      1.884955592153876                      0    0.00589825536086141
      1.884955592153876     0.1256637061435919   0.008929579762035863
      1.884955592153876     0.2513274122871834    0.01195720154435762
      1.884955592153876     0.3769911184307753     0.0179596549749999
      1.884955592153876     0.5026548245743672    0.02725414897230666
      1.884955592153876     0.6283185307179582    0.03767700804271427
      1.884955592153876     0.7539822368615501    0.05015456360989884
      1.884955592153876     0.8796459430051424    0.06223268647866893
      1.884955592153876      1.005309649148734    0.06508109273556462
      1.884955592153876      1.130973355292326    0.05848676059673015
      1.884955592153876      1.256637061435917     0.0521465523608284
      1.884955592153876      1.382300767579509    0.04579123315379503
      1.884955592153876      1.507964473723101     0.0311714355137457
      1.884955592153876      1.633628179866692    0.01262388093922736
      1.884955592153876      1.759291886010284   0.001856693615744569
      1.884955592153876      1.884955592153876 -0.0003312828566719964
      1.884955592153876      2.010619298297467 -0.0001098774252402599
      1.884955592153876       2.13628300444106  0.0001933346782053774
      1.884955592153876      2.261946710584651  0.0002281937232668218
      1.884955592153876      2.387610416728243 -0.0003216482367653603
      1.884955592153876      2.513274122871834 -0.0002088420946246864
      1.884955592153876      2.638937829015426  0.0001886996472519676
      1.884955592153876      2.764601535159018 -0.0005473436366360994
      1.884955592153876      2.890265241302609  0.0007132768478406385
      1.884955592153876      3.015928947446201   0.005539546696578228
      2.010619298297467     -3.141592653589793   0.009314262607136449
      2.010619298297467     -3.015928947446201   0.009950405899996038
      2.010619298297467      -2.89026524130261    0.02311723977688005
      2.010619298297467     -2.764601535159018    0.04778865414688137
      2.010619298297467     -2.638937829015426      0.064476233591339
      2.010619298297467     -2.513274122871834    0.06913692123017026
      2.010619298297467     -2.387610416728243    0.07032216158424048
      2.010619298297467     -2.261946710584651    0.06283477990030181
      2.010619298297467     -2.136283004441059    0.04553083067748647
      2.010619298297467     -2.010619298297468    0.03705863622204211
      2.010619298297467     -1.884955592153876    0.04204570528580266
      2.010619298297467     -1.759291886010284    0.04208080253955974
      2.010619298297467     -1.633628179866693    0.03355908085924707
      2.010619298297467     -1.507964473723101    0.02996546951789165
      2.010619298297467     -1.382300767579509    0.03067365673117963
      2.010619298297467     -1.256637061435917    0.02544277861279684
      2.010619298297467     -1.130973355292325    0.01697421315858341
      2.010619298297467     -1.005309649148733     0.0143435182723208
      2.010619298297467     -0.879645943005142    0.01685090351205874
      2.010619298297467    -0.7539822368615505     0.0174771759166476
      2.010619298297467    -0.6283185307179586    0.01459306299532541
      2.010619298297467    -0.5026548245743667    0.01205869320236319
      2.010619298297467    -0.3769911184307753    0.01070380258636997
      2.010619298297467    -0.2513274122871838   0.008364634821784166
      2.010619298297467    -0.1256637061435919   0.006843447628827948
      2.010619298297467                      0      0.008812405696811
      2.010619298297467     0.1256637061435919    0.01177567079903858
      2.010619298297467     0.2513274122871834    0.01459736359016467
      2.010619298297467     0.3769911184307753    0.02142792591755874
      2.010619298297467     0.5026548245743672    0.03295236753499758
      2.010619298297467     0.6283185307179582    0.04621590832081598
      2.010619298297467     0.7539822368615501    0.06206106539311534
      2.010619298297467     0.8796459430051424    0.07766524265197483
      2.010619298297467      1.005309649148734    0.08216678778968378
      2.010619298297467      1.130973355292326    0.07431708154015518
      2.010619298297467      1.256637061435917    0.06532335449638922
      2.010619298297467      1.382300767579509    0.05608999709308983
      2.010619298297467      1.507964473723101    0.03798238839664211
      2.010619298297467      1.633628179866692    0.01565988842995025
      2.010619298297467      1.759291886010284   0.002329022807982908
      2.010619298297467      1.884955592153876 -0.0005570552603087993
      2.010619298297467      2.010619298297467  -7.52497816398055e-05
      2.010619298297467       2.13628300444106  0.0003275136400672523
      2.010619298297467      2.261946710584651  0.0001673304955331864
      2.010619298297467      2.387610416728243 -0.0004063705483569502
      2.010619298297467      2.513274122871834 -0.0001273411839567271
      2.010619298297467      2.638937829015426  0.0001879431449947676
      2.010619298297467      2.764601535159018 -0.0007881112549621792
      2.010619298297467      2.890265241302609  0.0008432801896522835
      2.010619298297467      3.015928947446201   0.006647991447372301
       2.13628300444106     -3.141592653589793     0.0113175248279791
       2.13628300444106     -3.015928947446201    0.01190340121976545
       2.13628300444106      -2.89026524130261    0.02480019921608654
       2.13628300444106     -2.764601535159018    0.04847057426825518
       2.13628300444106     -2.638937829015426    0.06478140151914175
       2.13628300444106     -2.513274122871834    0.07078183380082281
       2.13628300444106     -2.387610416728243    0.07369147920300409
       2.13628300444106     -2.261946710584651    0.06652401385219692
       2.13628300444106     -2.136283004441059    0.04903321852321863
       2.13628300444106     -2.010619298297468    0.04185402064489915
       2.13628300444106     -1.884955592153876    0.04837115017366193
       2.13628300444106     -1.759291886010284     0.0475661235014822
       2.13628300444106     -1.633628179866693    0.03726754472294024
       2.13628300444106     -1.507964473723101    0.03400665888677283
       2.13628300444106     -1.382300767579509    0.03587858447281816
       2.13628300444106     -1.256637061435917    0.02933028012456442
       2.13628300444106     -1.130973355292325    0.01745219152364095
       2.13628300444106     -1.005309649148733    0.01259372736525566
       2.13628300444106     -0.879645943005142    0.01542472161109187
       2.13628300444106    -0.7539822368615505    0.01720547136366164
       2.13628300444106    -0.6283185307179586    0.01473433436782002
       2.13628300444106    -0.5026548245743667    0.01233460595401503
       2.13628300444106    -0.3769911184307753    0.01130535325043943
       2.13628300444106    -0.2513274122871838   0.008921407958912197
       2.13628300444106    -0.1256637061435919   0.007173411140251077
       2.13628300444106                      0   0.009714362644239111
       2.13628300444106     0.1256637061435919    0.01405888070220348
       2.13628300444106     0.2513274122871834    0.01844933023302228
       2.13628300444106     0.3769911184307753     0.0269162802856575
       2.13628300444106     0.5026548245743672    0.03997320097436315
       2.13628300444106     0.6283185307179582    0.05421152652490244
       2.13628300444106     0.7539822368615501    0.07039757605063898
       2.13628300444106     0.8796459430051424    0.08553764411920144
       2.13628300444106      1.005309649148734    0.08855090715582617
       2.13628300444106      1.130973355292326    0.07959608420039183
       2.13628300444106      1.256637061435917    0.07167051703559549
       2.13628300444106      1.382300767579509    0.06413668754079399
       2.13628300444106      1.507964473723101    0.04502476126343395
       2.13628300444106      1.633628179866692     0.0191057400967768
       2.13628300444106      1.759291886010284   0.002826731523874479
       2.13628300444106      1.884955592153876  -0.000740315097344535
       2.13628300444106      2.010619298297467  3.967890194968163e-05
       2.13628300444106       2.13628300444106  0.0003577531199500019
       2.13628300444106      2.261946710584651  4.941953515145753e-05
       2.13628300444106      2.387610416728243 -0.0003143583792711435
       2.13628300444106      2.513274122871834 -9.712525607882729e-05
       2.13628300444106      2.638937829015426 -1.450421976287113e-05
       2.13628300444106      2.764601535159018 -0.0002351096717083667
       2.13628300444106      2.890265241302609   0.002767839965209705
       2.13628300444106      3.015928947446201   0.008994212113033997
      2.261946710584651     -3.141592653589793    0.01477024448578954
      2.261946710584651     -3.015928947446201    0.01714677272142755
      2.261946710584651      -2.89026524130261    0.02804566493145675
      2.261946710584651     -2.764601535159018    0.04412791823442262
      2.261946710584651     -2.638937829015426    0.05833647971172216
      2.261946710584651     -2.513274122871834    0.07016696870382433
      2.261946710584651     -2.387610416728243    0.07711740674911409
      2.261946710584651     -2.261946710584651    0.07022586153681376
      2.261946710584651     -2.136283004441059    0.05558529824421715
      2.261946710584651     -2.010619298297468    0.05333700297146102
      2.261946710584651     -1.884955592153876    0.06046975491635535
      2.261946710584651     -1.759291886010284    0.05576630661787817
      2.261946710584651     -1.633628179866693     0.0441677453588975
      2.261946710584651     -1.507964473723101    0.04561514278963909
      2.261946710584651     -1.382300767579509    0.05191957239162444
      2.261946710584651     -1.256637061435917    0.04201822922324639
      2.261946710584651     -1.130973355292325    0.02048177504841716
      2.261946710584651     -1.005309649148733   0.007845857772296114
      2.261946710584651     -0.879645943005142   0.009445705887457419
      2.261946710584651    -0.7539822368615505    0.01353100775190556
      2.261946710584651    -0.6283185307179586    0.01255634614800825
      2.261946710584651    -0.5026548245743667    0.01083670791972305
      2.261946710584651    -0.3769911184307753    0.01088026403960479
      2.261946710584651    -0.2513274122871838   0.009031934329685102
      2.261946710584651    -0.1256637061435919   0.006855272770821384
      2.261946710584651                      0   0.009802822414326442
      2.261946710584651     0.1256637061435919    0.01666056495538398
      2.261946710584651     0.2513274122871834    0.02437491937045586
      2.261946710584651     0.3769911184307753    0.03471873635533718
      2.261946710584651     0.5026548245743672    0.04738022749577711
      2.261946710584651     0.6283185307179582    0.05940850565058544
      2.261946710584651     0.7539822368615501    0.07176727520078025
      2.261946710584651     0.8796459430051424    0.08179189146148855
      2.261946710584651      1.005309649148734    0.08038761468909707
      2.261946710584651      1.130973355292326    0.07069301737896751
      2.261946710584651      1.256637061435917    0.06683136081059304
      2.261946710584651      1.382300767579509    0.06551256449552936
      2.261946710584651      1.507964473723101    0.04998459092033654
      2.261946710584651      1.633628179866692    0.02274676601464632
      2.261946710584651      1.759291886010284   0.003268810878540687
      2.261946710584651      1.884955592153876  -0.001122685971656468
      2.261946710584651      2.010619298297467  0.0004853795349116728
      2.261946710584651       2.13628300444106  0.0003265353695102639
      2.261946710584651      2.261946710584651 -0.0004646411572151761
      2.261946710584651      2.387610416728243  0.0001818559829001977
      2.261946710584651      2.513274122871834  0.0001146844839275796
      2.261946710584651      2.638937829015426 -0.0007450811713718166
      2.261946710584651      2.764601535159018   0.002126826633244494
      2.261946710584651      2.890265241302609   0.009194190839855308
      2.261946710584651      3.015928947446201    0.01428894220798501
      2.387610416728243     -3.141592653589793    0.01793601104328086
      2.387610416728243     -3.015928947446201    0.02619255670382464
      2.387610416728243      -2.89026524130261    0.03883630308618258
      2.387610416728243     -2.764601535159018    0.04916075711086717
      2.387610416728243     -2.638937829015426    0.06651489656344402
      2.387610416728243     -2.513274122871834    0.09272273045222887
      2.387610416728243     -2.387610416728243     0.1080975125724561
      2.387610416728243     -2.261946710584651    0.09902132313117511
      2.387610416728243     -2.136283004441059    0.08189474034385791
      2.387610416728243     -2.010619298297468    0.07924821598974609
      2.387610416728243     -1.884955592153876    0.08220773247699059
      2.387610416728243     -1.759291886010284    0.07038387960988979
      2.387610416728243     -1.633628179866693    0.05652336167830195
      2.387610416728243     -1.507964473723101    0.06274792102300979
      2.387610416728243     -1.382300767579509    0.07290561323572382
      2.387610416728243     -1.256637061435917    0.05855918808388864
      2.387610416728243     -1.130973355292325    0.02720200887106015
      2.387610416728243     -1.005309649148733    0.00782107168934823
      2.387610416728243     -0.879645943005142   0.009062437403550366
      2.387610416728243    -0.7539822368615505    0.01520126160271985
      2.387610416728243    -0.6283185307179586    0.01480916334169336
      2.387610416728243    -0.5026548245743667    0.01310263691620751
      2.387610416728243    -0.3769911184307753    0.01405509411186925
      2.387610416728243    -0.2513274122871838    0.01264795906814407
      2.387610416728243    -0.1256637061435919   0.009519210247387239
      2.387610416728243                      0    0.01179911028007014
      2.387610416728243     0.1256637061435919    0.01977273223639225
      2.387610416728243     0.2513274122871834    0.02939283585834488
      2.387610416728243     0.3769911184307753    0.04027399893942857
      2.387610416728243     0.5026548245743672    0.05115378829173203
      2.387610416728243     0.6283185307179582    0.05964327497919819
      2.387610416728243     0.7539822368615501     0.0677467736656155
      2.387610416728243     0.8796459430051424    0.07409911697752436
      2.387610416728243      1.005309649148734    0.07067364546761917
      2.387610416728243      1.130973355292326    0.06034862513701428
      2.387610416728243      1.256637061435917    0.05719247478309043
      2.387610416728243      1.382300767579509    0.05959732530188341
      2.387610416728243      1.507964473723101    0.04985457921960048
      2.387610416728243      1.633628179866692    0.02503087551081738
      2.387610416728243      1.759291886010284   0.003480564612078486
      2.387610416728243      1.884955592153876  -0.001791610940052973
      2.387610416728243      2.010619298297467   0.001182189136219283
      2.387610416728243       2.13628300444106  0.0004046650858431893
      2.387610416728243      2.261946710584651  -0.001354421004222617
      2.387610416728243      2.387610416728243  0.0008437748509214537
      2.387610416728243      2.513274122871834  0.0006571142793809336
      2.387610416728243      2.638937829015426  -0.001804237375948948
      2.387610416728243      2.764601535159018   0.004785063370511544
      2.387610416728243      2.890265241302609     0.0166803525375144
      2.387610416728243      3.015928947446201    0.01928988112912283
      2.513274122871834     -3.141592653589793    0.01717172103179312
      2.513274122871834     -3.015928947446201     0.0309507645844689
      2.513274122871834      -2.89026524130261    0.04885343324633909
      2.513274122871834     -2.764601535159018    0.06204016582605368
      2.513274122871834     -2.638937829015426    0.08671457224522008
      2.513274122871834     -2.513274122871834     0.1245202494576012
      2.513274122871834     -2.387610416728243     0.1456345652453563
      2.513274122871834     -2.261946710584651     0.1325477249326598
      2.513274122871834     -2.136283004441059     0.1078653426758829
      2.513274122871834     -2.010619298297468    0.09922161213603785
      2.513274122871834     -1.884955592153876    0.09717162862312877
      2.513274122871834     -1.759291886010284    0.08074284684295423
      2.513274122871834     -1.633628179866693    0.06523686901241192
      2.513274122871834     -1.507964473723101    0.07343062634350078
      2.513274122871834     -1.382300767579509    0.08466850629987771
      2.513274122871834     -1.256637061435917    0.06699677872148348
      2.513274122871834     -1.130973355292325    0.03049834957293344
      2.513274122871834     -1.005309649148733   0.008351203419422647
      2.513274122871834     -0.879645943005142   0.009534433053848414
      2.513274122871834    -0.7539822368615505    0.01605293206516953
      2.513274122871834    -0.6283185307179586    0.01538644438798813
      2.513274122871834    -0.5026548245743667    0.01351268458878964
      2.513274122871834    -0.3769911184307753    0.01497541834361211
      2.513274122871834    -0.2513274122871838    0.01421250195689256
      2.513274122871834    -0.1256637061435919    0.01127690045945309
      2.513274122871834                      0    0.01320552302843452
      2.513274122871834     0.1256637061435919    0.02036212772978229
      2.513274122871834     0.2513274122871834    0.02909929949183266
      2.513274122871834     0.3769911184307753    0.03932227681210259
      2.513274122871834     0.5026548245743672    0.04902330932539518
      2.513274122871834     0.6283185307179582    0.05541878055682135
      2.513274122871834     0.7539822368615501    0.06239314610435152
      2.513274122871834     0.8796459430051424    0.07035754134760101
      2.513274122871834      1.005309649148734    0.06925979893322197
      2.513274122871834      1.130973355292326    0.05809365659028236
      2.513274122871834      1.256637061435917     0.0511307298233146
      2.513274122871834      1.382300767579509    0.05191542418338387
      2.513274122871834      1.507964473723101    0.04535586207124269
      2.513274122871834      1.633628179866692    0.02425232720350809
      2.513274122871834      1.759291886010284    0.00331444675478999
      2.513274122871834      1.884955592153876  -0.002139799986930697
      2.513274122871834      2.010619298297467   0.001519613524758574
      2.513274122871834       2.13628300444106  0.0005115653976131599
      2.513274122871834      2.261946710584651  -0.001824498243785516
      2.513274122871834      2.387610416728243   0.001092301781363266
      2.513274122871834      2.513274122871834   0.001040527870692486
      2.513274122871834      2.638937829015426  -0.002352123461007737
      2.513274122871834      2.764601535159018   0.004966678090176482
      2.513274122871834      2.890265241302609    0.01772712416292216
      2.513274122871834      3.015928947446201    0.01848504574476521
      2.638937829015426     -3.141592653589793    0.01536963744695223
      2.638937829015426     -3.015928947446201    0.03049282984201979
      2.638937829015426      -2.89026524130261    0.05220071354817565
      2.638937829015426     -2.764601535159018    0.07194588709128787
      2.638937829015426     -2.638937829015426     0.1019080915521823
      2.638937829015426     -2.513274122871834     0.1397474081729892
      2.638937829015426     -2.387610416728243     0.1564270725559836
      2.638937829015426     -2.261946710584651     0.1386096132300665
      2.638937829015426     -2.136283004441059     0.1117046604852123
      2.638937829015426     -2.010619298297468     0.1026072029343228
      2.638937829015426     -1.884955592153876     0.1000465712028173
      2.638937829015426     -1.759291886010284    0.08359929016809821
      2.638937829015426     -1.633628179866693    0.07092103700006655
      2.638937829015426     -1.507964473723101    0.08439869539151255
      2.638937829015426     -1.382300767579509    0.09876701316587042
      2.638937829015426     -1.256637061435917    0.07850472389024175
      2.638937829015426     -1.130973355292325    0.03533615388550149
      2.638937829015426     -1.005309649148733   0.006555087646551102
      2.638937829015426     -0.879645943005142   0.003682405716423497
      2.638937829015426    -0.7539822368615505   0.008978354690607069
      2.638937829015426    -0.6283185307179586   0.008666253853206206
      2.638937829015426    -0.5026548245743667   0.007215645148808828
      2.638937829015426    -0.3769911184307753   0.009021828336020219
      2.638937829015426    -0.2513274122871838   0.009319620372316336
      2.638937829015426    -0.1256637061435919   0.007857852993271679
      2.638937829015426                      0     0.0104991256970279
      2.638937829015426     0.1256637061435919    0.01752708227925991
      2.638937829015426     0.2513274122871834    0.02608898243689706
      2.638937829015426     0.3769911184307753    0.03603660006001454
      2.638937829015426     0.5026548245743672    0.04463234991618791
      2.638937829015426     0.6283185307179582    0.04958597765448484
      2.638937829015426     0.7539822368615501      0.056637048296503
      2.638937829015426     0.8796459430051424    0.06659413343830196
      2.638937829015426      1.005309649148734     0.0670860419075877
      2.638937829015426      1.130973355292326    0.05523025848626762
      2.638937829015426      1.256637061435917    0.04629329020226108
      2.638937829015426      1.382300767579509    0.04589016761197628
      2.638937829015426      1.507964473723101    0.04000880538109693
      2.638937829015426      1.633628179866692    0.02126851641131232
      2.638937829015426      1.759291886010284   0.002814260047061202
      2.638937829015426      1.884955592153876  -0.001823306978613268
      2.638937829015426      2.010619298297467   0.001390542671360677
      2.638937829015426       2.13628300444106  0.0003788887530293476
      2.638937829015426      2.261946710584651  -0.001627378620131447
      2.638937829015426      2.387610416728243   0.001052908041167687
      2.638937829015426      2.513274122871834  0.0008913774878214108
      2.638937829015426      2.638937829015426  -0.002240389937826306
      2.638937829015426      2.764601535159018   0.004359473393469819
      2.638937829015426      2.890265241302609    0.01566391990161902
      2.638937829015426      3.015928947446201    0.01602595413453693
      2.764601535159018     -3.141592653589793    0.01865052037999851
      2.764601535159018     -3.015928947446201    0.03372492351168307
      2.764601535159018      -2.89026524130261    0.05572288764299693
      2.764601535159018     -2.764601535159018    0.07636459356179651
      2.764601535159018     -2.638937829015426     0.1078554386554814
      2.764601535159018     -2.513274122871834     0.1419955107863864
      2.764601535159018     -2.387610416728243     0.1481611798299773
      2.764601535159018     -2.261946710584651     0.1250745772922432
      2.764601535159018     -2.136283004441059     0.1059592020596248
      2.764601535159018     -2.010619298297468     0.1069870447154096
      2.764601535159018     -1.884955592153876     0.1063015055250966
      2.764601535159018     -1.759291886010284    0.08945388785309812
      2.764601535159018     -1.633628179866693    0.08409061554631091
      2.764601535159018     -1.507964473723101     0.1109727869090834
      2.764601535159018     -1.382300767579509     0.1342008237809275
      2.764601535159018     -1.256637061435917     0.1104644023870257
      2.764601535159018     -1.130973355292325    0.05344742709659991
      2.764601535159018     -1.005309649148733   0.009513486800190228
      2.764601535159018     -0.879645943005142   -0.00202170263147556
      2.764601535159018    -0.7539822368615505   0.001685168189689664
      2.764601535159018    -0.6283185307179586   0.002371090293426834
      2.764601535159018    -0.5026548245743667   0.001257527586132332
      2.764601535159018    -0.3769911184307753   0.003117073254499104
      2.764601535159018    -0.2513274122871838   0.004088732688891639
      2.764601535159018    -0.1256637061435919   0.002999719852271947
      2.764601535159018                      0   0.005717784972110638
      2.764601535159018     0.1256637061435919    0.01475169258092256
      2.764601535159018     0.2513274122871834    0.02666499656848197
      2.764601535159018     0.3769911184307753    0.03701454660881386
      2.764601535159018     0.5026548245743672    0.04228835432514103
      2.764601535159018     0.6283185307179582    0.04384362377480117
      2.764601535159018     0.7539822368615501    0.04832912660898549
      2.764601535159018     0.8796459430051424    0.05473601224029843
      2.764601535159018      1.005309649148734    0.05198147597886413
      2.764601535159018      1.130973355292326     0.0403948077520121
      2.764601535159018      1.256637061435917    0.03513724201237854
      2.764601535159018      1.382300767579509    0.03870314442387637
      2.764601535159018      1.507964473723101    0.03531519256514096
      2.764601535159018      1.633628179866692    0.01854319738072729
      2.764601535159018      1.759291886010284   0.002197829050536487
      2.764601535159018      1.884955592153876  -0.001379056506593517
      2.764601535159018      2.010619298297467   0.001401759446794504
      2.764601535159018       2.13628300444106 -2.252873473981693e-06
      2.764601535159018      2.261946710584651  -0.001516429669580902
      2.764601535159018      2.387610416728243   0.001385853740270364
      2.764601535159018      2.513274122871834  0.0005822087430944403
      2.764601535159018      2.638937829015426  -0.002235016070252153
      2.764601535159018      2.764601535159018    0.00695131683211379
      2.764601535159018      2.890265241302609    0.02065912588388685
      2.764601535159018      3.015928947446201    0.02063801579867243
      2.890265241302609     -3.141592653589793     0.0223129067651956
      2.890265241302609     -3.015928947446201    0.03800699910261893
      2.890265241302609      -2.89026524130261    0.05880490259362052
      2.890265241302609     -2.764601535159018    0.07602708322558824
      2.890265241302609     -2.638937829015426     0.1070427412000643
      2.890265241302609     -2.513274122871834     0.1403624861684195
      2.890265241302609     -2.387610416728243     0.1403519095401325
      2.890265241302609     -2.261946710584651      0.114431276070352
      2.890265241302609     -2.136283004441059     0.1031097405441992
      2.890265241302609     -2.010619298297468      0.112476322637735
      2.890265241302609     -1.884955592153876     0.1116698652490595
      2.890265241302609     -1.759291886010284    0.09335753113416413
      2.890265241302609     -1.633628179866693    0.09364349713357459
      2.890265241302609     -1.507964473723101     0.1303907054915808
      2.890265241302609     -1.382300767579509     0.1598468778213132
      2.890265241302609     -1.256637061435917     0.1344151454918777
      2.890265241302609     -1.130973355292325    0.06901563699140625
      2.890265241302609     -1.005309649148733    0.01540558694403334
      2.890265241302609     -0.879645943005142  -0.001832584175122245
      2.890265241302609    -0.7539822368615505  0.0007607786596348955
      2.890265241302609    -0.6283185307179586   0.001855536365728813
      2.890265241302609    -0.5026548245743667   0.000587393126532082
      2.890265241302609    -0.3769911184307753    0.00218113052162327
      2.890265241302609    -0.2513274122871838   0.003155971888701929
      2.890265241302609    -0.1256637061435919   0.001335440082859861
      2.890265241302609                      0   0.003050021299558828
      2.890265241302609     0.1256637061435919    0.01324748710078992
      2.890265241302609     0.2513274122871834    0.02765480643262456
      2.890265241302609     0.3769911184307753    0.03751296581590872
      2.890265241302609     0.5026548245743672    0.03899580874881618
      2.890265241302609     0.6283185307179582    0.03699242496949393
      2.890265241302609     0.7539822368615501    0.03811994844939735
      2.890265241302609     0.8796459430051424    0.03979254688470728
      2.890265241302609      1.005309649148734    0.03381897863695608
      2.890265241302609      1.130973355292326    0.02349074764188912
      2.890265241302609      1.256637061435917    0.02200212210857713
      2.890265241302609      1.382300767579509    0.02930838449493257
      2.890265241302609      1.507964473723101     0.0295944283089567
      2.890265241302609      1.633628179866692    0.01609946740508648
      2.890265241302609      1.759291886010284   0.001654064169513457
      2.890265241302609      1.884955592153876  -0.001205500317312855
      2.890265241302609      2.010619298297467   0.001576336506549635
      2.890265241302609       2.13628300444106 -0.0002669055203850473
      2.890265241302609      2.261946710584651  -0.001665935692117172
      2.890265241302609      2.387610416728243    0.00180281676744625
      2.890265241302609      2.513274122871834  0.0005010074374514824
      2.890265241302609      2.638937829015426  -0.002397003000575779
      2.890265241302609      2.764601535159018   0.009971551645391541
      2.890265241302609      2.890265241302609    0.02701955922316058
      2.890265241302609      3.015928947446201    0.02608412379648036
      3.015928947446201     -3.141592653589793    0.01687117759208556
      3.015928947446201     -3.015928947446201    0.03245762478100662
      3.015928947446201      -2.89026524130261    0.05357214132807153
      3.015928947446201     -2.764601535159018    0.07237540543376599
      3.015928947446201     -2.638937829015426     0.1031903373249943
      3.015928947446201     -2.513274122871834     0.1356854816653398
      3.015928947446201     -2.387610416728243     0.1379063336997358
      3.015928947446201     -2.261946710584651     0.1139774941291088
      3.015928947446201     -2.136283004441059    0.09880912055660522
      3.015928947446201     -2.010619298297468     0.1012739703248993
      3.015928947446201     -1.884955592153876    0.09776369496091417
      3.015928947446201     -1.759291886010284    0.08121936125712045
      3.015928947446201     -1.633628179866693    0.08057433890965868
      3.015928947446201     -1.507964473723101     0.1104500857763925
      3.015928947446201     -1.382300767579509     0.1340482291891883
      3.015928947446201     -1.256637061435917     0.1119274582013773
      3.015928947446201     -1.130973355292325    0.05752308530914223
      3.015928947446201     -1.005309649148733    0.01385467610059334
      3.015928947446201     -0.879645943005142   3.31668994339035e-05
      3.015928947446201    -0.7539822368615505   0.001795470848567061
      3.015928947446201    -0.6283185307179586   0.002128483453708281
      3.015928947446201    -0.5026548245743667  0.0008254600699101264
      3.015928947446201    -0.3769911184307753   0.002174919632762046
      3.015928947446201    -0.2513274122871838   0.003243358309509597
      3.015928947446201    -0.1256637061435919   0.002097200893780564
      3.015928947446201                      0     0.0033744049212911
      3.015928947446201     0.1256637061435919    0.01066531704700629
      3.015928947446201     0.2513274122871834      0.021090954481871
      3.015928947446201     0.3769911184307753    0.02851246895922929
      3.015928947446201     0.5026548245743672    0.02954863167996381
      3.015928947446201     0.6283185307179582    0.02764743434114629
      3.015928947446201     0.7539822368615501    0.02940526992248405
      3.015928947446201     0.8796459430051424    0.03367505290035989
      3.015928947446201      1.005309649148734    0.03154415408604364
      3.015928947446201      1.130973355292326    0.02248629588974811
      3.015928947446201      1.256637061435917    0.01760391070153369
      3.015928947446201      1.382300767579509    0.02069243813954217
      3.015928947446201      1.507964473723101    0.02128547759236019
      3.015928947446201      1.633628179866692    0.01212491022915231
      3.015928947446201      1.759291886010284   0.001198201794812853
      3.015928947446201      1.884955592153876  -0.001085042236792491
      3.015928947446201      2.010619298297467   0.001349649617870456
      3.015928947446201       2.13628300444106 -0.0001406883416103353
      3.015928947446201      2.261946710584651  -0.001473943075884341
      3.015928947446201      2.387610416728243   0.001460145412445097
      3.015928947446201      2.513274122871834  0.0005618212328571046
      3.015928947446201      2.638937829015426  -0.002070802540577255
      3.015928947446201      2.764601535159018   0.007462341752882976
      3.015928947446201      2.890265241302609    0.02065823639812045
      3.015928947446201      3.015928947446201     0.0192812977460319
