#! FIELDS psi2 phi3 hhpsi2phi3
#! SET min_psi2 -pi
#! SET max_psi2 pi
#! SET min_phi3 -pi
#! SET max_phi3 pi
     -3.141592653589793     -3.141592653589793  0.0009616190587737712
     -3.141592653589793     -3.015928947446201   0.002870280849443871
     -3.141592653589793      -2.89026524130261   0.006834104258680967
     -3.141592653589793     -2.764601535159018     0.0139906071207515
     -3.141592653589793     -2.638937829015426    0.02869365567796296
     -3.141592653589793     -2.513274122871834    0.05127626921056009
     -3.141592653589793     -2.387610416728243    0.07141988668556945
     -3.141592653589793     -2.261946710584651    0.07724814323306778
     -3.141592653589793     -2.136283004441059    0.07265798722115122
     -3.141592653589793     -2.010619298297468    0.07179519716696348
     -3.141592653589793     -1.884955592153876     0.0749704011066602
     -3.141592653589793     -1.759291886010284    0.07371532147813352
     -3.141592653589793     -1.633628179866693    0.07262560192647821
     -3.141592653589793     -1.507964473723101    0.07362353730167408
     -3.141592653589793     -1.382300767579509    0.06241492396268034
     -3.141592653589793     -1.256637061435917    0.04368156818521341
     -3.141592653589793     -1.130973355292325    0.04441405161642543
     -3.141592653589793     -1.005309649148733    0.06039621207736777
     -3.141592653589793     -0.879645943005142    0.06112478569785906
     -3.141592653589793    -0.7539822368615505    0.04711416760540856
     -3.141592653589793    -0.6283185307179586    0.03805303259681305
     -3.141592653589793    -0.5026548245743667    0.03003245358163302
     -3.141592653589793    -0.3769911184307753    0.01608207977259047
     -3.141592653589793    -0.2513274122871838    0.00825295086200975
     -3.141592653589793    -0.1256637061435919     0.0103194797922979
     -3.141592653589793                      0    0.01045690015192848
     -3.141592653589793     0.1256637061435919   0.006623813667492024
     -3.141592653589793     0.2513274122871834   0.005276908886261054
     -3.141592653589793     0.3769911184307753   0.004613788278032538
     -3.141592653589793     0.5026548245743672   0.001381774538659955
     -3.141592653589793     0.6283185307179582 -0.0001461582791508589
     -3.141592653589793     0.7539822368615501    0.00299023824665427
     -3.141592653589793     0.8796459430051424   0.006870515008843946
     -3.141592653589793      1.005309649148734   0.007478800291211337
     -3.141592653589793      1.130973355292326    0.00547617305021104
     -3.141592653589793      1.256637061435917    0.00342482390787411
     -3.141592653589793      1.382300767579509   0.002153145521314662
     -3.141592653589793      1.507964473723101    0.00103706777927487
     -3.141592653589793      1.633628179866692  6.339182577324433e-05
     -3.141592653589793      1.759291886010284 -0.0001909991009060765
     -3.141592653589793      1.884955592153876  9.568736968845867e-05
     -3.141592653589793      2.010619298297467  0.0001408222889687032
     -3.141592653589793       2.13628300444106 -0.0001482630246596965
     -3.141592653589793      2.261946710584651 -0.0001052216967781532
     -3.141592653589793      2.387610416728243  0.0002285230363442056
     -3.141592653589793      2.513274122871834  1.552412929511689e-05
     -3.141592653589793      2.638937829015426 -0.0003388739617393453
     -3.141592653589793      2.764601535159018  0.0004138008502524585
     -3.141592653589793      2.890265241302609    0.00145104386150059
     -3.141592653589793      3.015928947446201   0.001197421312104919
     -3.015928947446201     -3.141592653589793  -0.001123484391244108
     -3.015928947446201     -3.015928947446201  -0.004703923599716009
     -3.015928947446201      -2.89026524130261  -0.004010281066577085
     -3.015928947446201     -2.764601535159018   0.003344579850825115
     -3.015928947446201     -2.638937829015426    0.01659804533095892
     -3.015928947446201     -2.513274122871834    0.03749084432254123
     -3.015928947446201     -2.387610416728243    0.06133152832673932
     -3.015928947446201     -2.261946710584651    0.07271960044043112
     -3.015928947446201     -2.136283004441059     0.0687263849481323
     -3.015928947446201     -2.010619298297468    0.06558308913707948
     -3.015928947446201     -1.884955592153876     0.0684002298703561
     -3.015928947446201     -1.759291886010284    0.06680308039804479
     -3.015928947446201     -1.633628179866693    0.06068366824128427
     -3.015928947446201     -1.507964473723101    0.05151599007839501
     -3.015928947446201     -1.382300767579509    0.03055517081682872
     -3.015928947446201     -1.256637061435917    0.01119428641789954
     -3.015928947446201     -1.130973355292325    0.02340563195039368
     -3.015928947446201     -1.005309649148733    0.05390949169653077
     -3.015928947446201     -0.879645943005142    0.06216248800367261
     -3.015928947446201    -0.7539822368615505     0.0508615197602235
     -3.015928947446201    -0.6283185307179586     0.0448338221371383
     -3.015928947446201    -0.5026548245743667    0.03702945763224417
     -3.015928947446201    -0.3769911184307753    0.01903939103361595
     -3.015928947446201    -0.2513274122871838   0.008805415163814544
     -3.015928947446201    -0.1256637061435919    0.01163114002604163
     -3.015928947446201                      0    0.01158069094932375
     -3.015928947446201     0.1256637061435919   0.006968383001750088
     -3.015928947446201     0.2513274122871834   0.006549833940824674
     -3.015928947446201     0.3769911184307753   0.006165091144156637
     -3.015928947446201     0.5026548245743672  0.0009179979587812275
     -3.015928947446201     0.6283185307179582  -0.002214168037169565
     -3.015928947446201     0.7539822368615501  0.0009213340021948659
     -3.015928947446201     0.8796459430051424   0.004600113283921364
     -3.015928947446201      1.005309649148734   0.004616093549009962
     -3.015928947446201      1.130973355292326   0.003133091483314842
     -3.015928947446201      1.256637061435917   0.002596466026681084
     -3.015928947446201      1.382300767579509   0.002271983048793151
     -3.015928947446201      1.507964473723101   0.001071572175341359
     -3.015928947446201      1.633628179866692 -3.389259883843284e-05
     -3.015928947446201      1.759291886010284 -7.404941209674351e-05
     -3.015928947446201      1.884955592153876  0.0001214432843321657
     -3.015928947446201      2.010619298297467 -6.885471174481019e-05
     -3.015928947446201       2.13628300444106 -5.693553027468942e-05
     -3.015928947446201      2.261946710584651  0.0001341273567187122
     -3.015928947446201      2.387610416728243 -3.306025827157921e-05
     -3.015928947446201      2.513274122871834 -0.0001604193395854214
     -3.015928947446201      2.638937829015426   0.000110444595267864
     -3.015928947446201      2.764601535159018  0.0004452569518698788
     -3.015928947446201      2.890265241302609  0.0009999416276878382
     -3.015928947446201      3.015928947446201   0.001182923163048087
      -2.89026524130261     -3.141592653589793  0.0003590287032972392
      -2.89026524130261     -3.015928947446201  -0.002673871565297145
      -2.89026524130261      -2.89026524130261  -0.002756367900345558
      -2.89026524130261     -2.764601535159018    0.00242301788208461
      -2.89026524130261     -2.638937829015426    0.01089172781594143
      -2.89026524130261     -2.513274122871834    0.02319406457358559
      -2.89026524130261     -2.387610416728243    0.03860293635261081
      -2.89026524130261     -2.261946710584651    0.04888197461181339
      -2.89026524130261     -2.136283004441059    0.04948959990603216
      -2.89026524130261     -2.010619298297468     0.0470930658635903
      -2.89026524130261     -1.884955592153876    0.04653111349289115
      -2.89026524130261     -1.759291886010284    0.04570129823114346
      -2.89026524130261     -1.633628179866693    0.04401073468071967
      -2.89026524130261     -1.507964473723101    0.03817020085335619
      -2.89026524130261     -1.382300767579509    0.02258567728529564
      -2.89026524130261     -1.256637061435917    0.01002620297934371
      -2.89026524130261     -1.130973355292325    0.02128783507991527
      -2.89026524130261     -1.005309649148733    0.04481039114065029
      -2.89026524130261     -0.879645943005142    0.05190370140701217
      -2.89026524130261    -0.7539822368615505    0.04509772609705758
      -2.89026524130261    -0.6283185307179586    0.04068147287769612
      -2.89026524130261    -0.5026548245743667    0.03231254507928119
      -2.89026524130261    -0.3769911184307753    0.01591800723997516
      -2.89026524130261    -0.2513274122871838   0.007368502580229747
      -2.89026524130261    -0.1256637061435919    0.01006519703320872
      -2.89026524130261                      0    0.01014133333648764
      -2.89026524130261     0.1256637061435919   0.006265677523588165
      -2.89026524130261     0.2513274122871834   0.005957297372191243
      -2.89026524130261     0.3769911184307753   0.005788559971509493
      -2.89026524130261     0.5026548245743672   0.001299398294532457
      -2.89026524130261     0.6283185307179582  -0.001776795289631561
      -2.89026524130261     0.7539822368615501  0.0008118575451785004
      -2.89026524130261     0.8796459430051424   0.004555367723210599
      -2.89026524130261      1.005309649148734   0.004835940763725736
      -2.89026524130261      1.130973355292326   0.002946252541098697
      -2.89026524130261      1.256637061435917   0.001954685158935614
      -2.89026524130261      1.382300767579509   0.001807791576173045
      -2.89026524130261      1.507964473723101  0.0009901240598728679
      -2.89026524130261      1.633628179866692  3.638623481096839e-05
      -2.89026524130261      1.759291886010284 -1.326301140192517e-05
      -2.89026524130261      1.884955592153876  9.712814910802897e-05
      -2.89026524130261      2.010619298297467    -0.0001362827930768
      -2.89026524130261       2.13628300444106 -1.368469786747312e-05
      -2.89026524130261      2.261946710584651  0.0002100473516831858
      -2.89026524130261      2.387610416728243 -0.0001202224555935289
      -2.89026524130261      2.513274122871834 -0.0002265085877805404
      -2.89026524130261      2.638937829015426  0.0002570527236303798
      -2.89026524130261      2.764601535159018  0.0004592808977744449
      -2.89026524130261      2.890265241302609  0.0007682306140310762
      -2.89026524130261      3.015928947446201   0.001493561237698998
     -2.764601535159018     -3.141592653589793 -0.0001228423832401769
     -2.764601535159018     -3.015928947446201  -0.002534668320640229
     -2.764601535159018      -2.89026524130261   -0.00338702621547415
     -2.764601535159018     -2.764601535159018 -0.0007531474187386006
     -2.764601535159018     -2.638937829015426   0.003308232407981208
     -2.764601535159018     -2.513274122871834   0.007696894306398546
     -2.764601535159018     -2.387610416728243    0.01364182103619013
     -2.764601535159018     -2.261946710584651    0.02021791384215684
     -2.764601535159018     -2.136283004441059    0.02392075933309383
     -2.764601535159018     -2.010619298297468    0.02319774238786351
     -2.764601535159018     -1.884955592153876    0.02070440026740035
     -2.764601535159018     -1.759291886010284    0.02048126267408165
     -2.764601535159018     -1.633628179866693    0.02258238412356359
     -2.764601535159018     -1.507964473723101    0.02131612769271446
     -2.764601535159018     -1.382300767579509    0.01347905780616325
     -2.764601535159018     -1.256637061435917   0.007938580264928833
     -2.764601535159018     -1.130973355292325    0.01508802397804818
     -2.764601535159018     -1.005309649148733     0.0276047650772942
     -2.764601535159018     -0.879645943005142    0.03125484199977737
     -2.764601535159018    -0.7539822368615505    0.02812646809108931
     -2.764601535159018    -0.6283185307179586    0.02555111647481927
     -2.764601535159018    -0.5026548245743667    0.01907925850057998
     -2.764601535159018    -0.3769911184307753   0.008035600452437518
     -2.764601535159018    -0.2513274122871838   0.003051266539858479
     -2.764601535159018    -0.1256637061435919   0.005497174207882747
     -2.764601535159018                      0   0.005928970804793303
     -2.764601535159018     0.1256637061435919   0.003290283618974235
     -2.764601535159018     0.2513274122871834   0.002694567340973452
     -2.764601535159018     0.3769911184307753   0.002578290374063326
     -2.764601535159018     0.5026548245743672 -1.411056691239173e-05
     -2.764601535159018     0.6283185307179582  -0.002150053626791749
     -2.764601535159018     0.7539822368615501  -0.001113629616919544
     -2.764601535159018     0.8796459430051424  0.0009644568434173207
     -2.764601535159018      1.005309649148734   0.001414981831712012
     -2.764601535159018      1.130973355292326   0.000643605665008605
     -2.764601535159018      1.256637061435917  0.0003045740863719598
     -2.764601535159018      1.382300767579509  0.0005308987340125749
     -2.764601535159018      1.507964473723101  0.0004709126380808385
     -2.764601535159018      1.633628179866692  0.0001602424719440168
     -2.764601535159018      1.759291886010284  5.368570006895572e-05
     -2.764601535159018      1.884955592153876 -2.420014072124059e-05
     -2.764601535159018      2.010619298297467 -0.0001137346448365618
     -2.764601535159018       2.13628300444106  6.548048887991712e-05
     -2.764601535159018      2.261946710584651  0.0001451077998654355
     -2.764601535159018      2.387610416728243 -0.0001535114324858332
     -2.764601535159018      2.513274122871834 -0.0001388070626089277
     -2.764601535159018      2.638937829015426  0.0002605504632259361
     -2.764601535159018      2.764601535159018  0.0002178604230318259
     -2.764601535159018      2.890265241302609  0.0001528064204192805
     -2.764601535159018      3.015928947446201  0.0005996424457618507
     -2.638937829015426     -3.141592653589793 -0.0007567929806252284
     -2.638937829015426     -3.015928947446201  -0.002329330741427605
     -2.638937829015426      -2.89026524130261  -0.003118972648286379
     -2.638937829015426     -2.764601535159018   -0.00221514434138493
     -2.638937829015426     -2.638937829015426 -0.0009255054467816753
     -2.638937829015426     -2.513274122871834  3.740282659946273e-05
     -2.638937829015426     -2.387610416728243   0.001701866581890272
     -2.638937829015426     -2.261946710584651   0.004340797151753084
     -2.638937829015426     -2.136283004441059   0.006309491620981539
     -2.638937829015426     -2.010619298297468   0.006226686223069797
     -2.638937829015426     -1.884955592153876   0.005118596902372496
     -2.638937829015426     -1.759291886010284   0.005086098333408531
     -2.638937829015426     -1.633628179866693   0.006018657278176837
     -2.638937829015426     -1.507964473723101   0.005403276124786013
     -2.638937829015426     -1.382300767579509   0.002443285775069809
     -2.638937829015426     -1.256637061435917    0.00077595486934991
     -2.638937829015426     -1.130973355292325   0.003757681111306995
     -2.638937829015426     -1.005309649148733   0.008356822401999238
     -2.638937829015426     -0.879645943005142   0.009730791329449895
     -2.638937829015426    -0.7539822368615505   0.008918166616771682
     -2.638937829015426    -0.6283185307179586   0.008303054536061111
     -2.638937829015426    -0.5026548245743667    0.00595599737985178
     -2.638937829015426    -0.3769911184307753   0.001822832121679698
     -2.638937829015426    -0.2513274122871838  0.0001420424996997243
     -2.638937829015426    -0.1256637061435919   0.001347136264056231
     -2.638937829015426                      0   0.001648096550574518
     -2.638937829015426     0.1256637061435919  0.0005974249913530182
     -2.638937829015426     0.2513274122871834  0.0002732246829116441
     -2.638937829015426     0.3769911184307753  0.0002353959283301482
     -2.638937829015426     0.5026548245743672 -0.0006383430217982676
     -2.638937829015426     0.6283185307179582  -0.001465166284011103
     -2.638937829015426     0.7539822368615501  -0.001443369923502005
     -2.638937829015426     0.8796459430051424  -0.001140469391918643
     -2.638937829015426      1.005309649148734 -0.0009885896890408578
     -2.638937829015426      1.130973355292326  -0.000773820872295821
     -2.638937829015426      1.256637061435917  -0.000423452808472862
     -2.638937829015426      1.382300767579509 -0.0001236471919803159
     -2.638937829015426      1.507964473723101  4.129934144096341e-05
     -2.638937829015426      1.633628179866692  9.907534136685958e-05
     -2.638937829015426      1.759291886010284  5.209503860390398e-05
     -2.638937829015426      1.884955592153876 -5.177362023471914e-05
     -2.638937829015426      2.010619298297467 -5.347832259456256e-05
     -2.638937829015426       2.13628300444106  6.344567450877792e-05
     -2.638937829015426      2.261946710584651  5.265541496978224e-05
     -2.638937829015426      2.387610416728243 -9.605414636013512e-05
     -2.638937829015426      2.513274122871834 -3.550225796193199e-05
     -2.638937829015426      2.638937829015426  0.0001422677025967868
     -2.638937829015426      2.764601535159018  7.730644435493947e-06
     -2.638937829015426      2.890265241302609 -0.0001628707268024596
     -2.638937829015426      3.015928947446201 -0.0001151781195961085
     -2.513274122871834     -3.141592653589793  0.0002805066373230811
     -2.513274122871834     -3.015928947446201  0.0005461442941234752
     -2.513274122871834      -2.89026524130261  0.0008145960298193213
     -2.513274122871834     -2.764601535159018  0.0008075126797308526
     -2.513274122871834     -2.638937829015426   0.000591881276445209
     -2.513274122871834     -2.513274122871834  0.0007213522782142716
     -2.513274122871834     -2.387610416728243   0.001141017895588063
     -2.513274122871834     -2.261946710584651  0.0008760609678412349
     -2.513274122871834     -2.136283004441059 -5.793002081074902e-05
     -2.513274122871834     -2.010619298297468 -0.0002459719581552219
     -2.513274122871834     -1.884955592153876   0.000466501150865604
     -2.513274122871834     -1.759291886010284  0.0005269542333109475
     -2.513274122871834     -1.633628179866693 -0.0004477485819125148
     -2.513274122871834     -1.507964473723101  -0.001151240445892774
     -2.513274122871834     -1.382300767579509  -0.001019443497210794
     -2.513274122871834     -1.256637061435917 -0.0009514401384951698
     -2.513274122871834     -1.130973355292325  -0.001582460519652377
     -2.513274122871834     -1.005309649148733  -0.002255343075937792
     -2.513274122871834     -0.879645943005142  -0.002222825515648394
     -2.513274122871834    -0.7539822368615505  -0.001831883818666908
     -2.513274122871834    -0.6283185307179586   -0.00151571397250927
     -2.513274122871834    -0.5026548245743667 -0.0009131274822325171
     -2.513274122871834    -0.3769911184307753 -8.169679177446543e-05
     -2.513274122871834    -0.2513274122871838  0.0001542727809855003
     -2.513274122871834    -0.1256637061435919 -0.0002262117486538339
     -2.513274122871834                      0 -0.0003750783092603444
     -2.513274122871834     0.1256637061435919 -9.997772241437255e-05
     -2.513274122871834     0.2513274122871834  0.0001268422882592335
     -2.513274122871834     0.3769911184307753  0.0001996857938492251
     -2.513274122871834     0.5026548245743672  0.0003325879490153445
     -2.513274122871834     0.6283185307179582  0.0005184321675781093
     -2.513274122871834     0.7539822368615501  0.0005976521769501975
     -2.513274122871834     0.8796459430051424  0.0005298566310864055
     -2.513274122871834      1.005309649148734  0.0003975180765117214
     -2.513274122871834      1.130973355292326  0.0002894106407813736
     -2.513274122871834      1.256637061435917  0.0002185494154138983
     -2.513274122871834      1.382300767579509  0.0001264939295618022
     -2.513274122871834      1.507964473723101  4.072327500184082e-06
     -2.513274122871834      1.633628179866692 -5.408691494580888e-05
     -2.513274122871834      1.759291886010284 -1.127036695672874e-05
     -2.513274122871834      1.884955592153876  2.735529996062448e-05
     -2.513274122871834      2.010619298297467  1.022260107759148e-06
     -2.513274122871834       2.13628300444106 -1.960183644642156e-05
     -2.513274122871834      2.261946710584651  3.012003991695451e-06
     -2.513274122871834      2.387610416728243  1.556682405142924e-05
     -2.513274122871834      2.513274122871834 -4.386303115830312e-06
     -2.513274122871834      2.638937829015426 -1.657098041926358e-05
     -2.513274122871834      2.764601535159018   6.92863669193729e-06
     -2.513274122871834      2.890265241302609  5.788401000453472e-05
     -2.513274122871834      3.015928947446201  0.0001341778168656413
     -2.387610416728243     -3.141592653589793  0.0004944859795125936
     -2.387610416728243     -3.015928947446201   0.001067822054240275
     -2.387610416728243      -2.89026524130261   0.001414245410255897
     -2.387610416728243     -2.764601535159018    0.00121536305168872
     -2.387610416728243     -2.638937829015426    0.00082387240262006
     -2.387610416728243     -2.513274122871834  0.0006320298821907138
     -2.387610416728243     -2.387610416728243  0.0004209508166467144
     -2.387610416728243     -2.261946710584651 -0.0001993429579244708
     -2.387610416728243     -2.136283004441059 -0.0009186128148469968
     -2.387610416728243     -2.010619298297468  -0.001015870316295999
     -2.387610416728243     -1.884955592153876   -0.00060776741238013
     -2.387610416728243     -1.759291886010284 -0.0005684594491510085
     -2.387610416728243     -1.633628179866693  -0.001019401108002301
     -2.387610416728243     -1.507964473723101  -0.001066773955866869
     -2.387610416728243     -1.382300767579509 -0.0003580969642034083
     -2.387610416728243     -1.256637061435917  4.692602480046154e-05
     -2.387610416728243     -1.130973355292325 -0.0007992913704766221
     -2.387610416728243     -1.005309649148733  -0.002006390127707273
     -2.387610416728243     -0.879645943005142  -0.002246611743155715
     -2.387610416728243    -0.7539822368615505  -0.001908493073882423
     -2.387610416728243    -0.6283185307179586  -0.001725202061778629
     -2.387610416728243    -0.5026548245743667  -0.001137652099936285
     -2.387610416728243    -0.3769911184307753 -7.795014727510585e-05
     -2.387610416728243    -0.2513274122871838  0.0002899024191564882
     -2.387610416728243    -0.1256637061435919 -0.0001505019268025485
     -2.387610416728243                      0 -0.0002975128749834973
     -2.387610416728243     0.1256637061435919  2.774050718938609e-05
     -2.387610416728243     0.2513274122871834  0.0002077498796801932
     -2.387610416728243     0.3769911184307753  0.0002492361914788185
     -2.387610416728243     0.5026548245743672  0.0004391529833657349
     -2.387610416728243     0.6283185307179582  0.0006570094124737174
     -2.387610416728243     0.7539822368615501   0.000776209147278158
     -2.387610416728243     0.8796459430051424  0.0008423929823739737
     -2.387610416728243      1.005309649148734  0.0007769014235543329
     -2.387610416728243      1.130973355292326  0.0005355492083020025
     -2.387610416728243      1.256637061435917  0.0002948665479198528
     -2.387610416728243      1.382300767579509  0.0001520485063525621
     -2.387610416728243      1.507964473723101  3.240949335672502e-05
     -2.387610416728243      1.633628179866692 -4.753529315741291e-05
     -2.387610416728243      1.759291886010284 -2.040703147694175e-05
     -2.387610416728243      1.884955592153876  3.148036786247643e-05
     -2.387610416728243      2.010619298297467   9.84335294666124e-06
     -2.387610416728243       2.13628300444106 -2.831829000592534e-05
     -2.387610416728243      2.261946710584651 -4.007430959097644e-06
     -2.387610416728243      2.387610416728243  3.019522250217815e-05
     -2.387610416728243      2.513274122871834 -3.334027054675393e-06
     -2.387610416728243      2.638937829015426 -3.772305449069234e-05
     -2.387610416728243      2.764601535159018  2.402551795877487e-05
     -2.387610416728243      2.890265241302609  0.0001071271597199583
     -2.387610416728243      3.015928947446201  0.0001843588575833751
     -2.261946710584651     -3.141592653589793 -0.0003922869646412072
     -2.261946710584651     -3.015928947446201 -0.0008218025661841837
     -2.261946710584651      -2.89026524130261  -0.001142221845848173
     -2.261946710584651     -2.764601535159018  -0.001079868182166793
     -2.261946710584651     -2.638937829015426 -0.0008559426198765761
     -2.261946710584651     -2.513274122871834 -0.0008901242738969006
     -2.261946710584651     -2.387610416728243  -0.001017718574863398
     -2.261946710584651     -2.261946710584651 -0.0006243490322840677
     -2.261946710584651     -2.136283004441059  0.0001115022082526257
     -2.261946710584651     -2.010619298297468   0.000226415683907629
     -2.261946710584651     -1.884955592153876  -0.000281226827088963
     -2.261946710584651     -1.759291886010284 -0.0003361660520179259
     -2.261946710584651     -1.633628179866693  0.0002522875508525211
     -2.261946710584651     -1.507964473723101  0.0005051485638188035
     -2.261946710584651     -1.382300767579509  8.168465439986645e-05
     -2.261946710584651     -1.256637061435917 -8.766284333816326e-05
     -2.261946710584651     -1.130973355292325  0.0006762270618970596
     -2.261946710584651     -1.005309649148733   0.001611271526120531
     -2.261946710584651     -0.879645943005142   0.001757597225500941
     -2.261946710584651    -0.7539822368615505   0.001466988936293643
     -2.261946710584651    -0.6283185307179586   0.001292575735361117
     -2.261946710584651    -0.5026548245743667  0.0008213880188888844
     -2.261946710584651    -0.3769911184307753  2.261142485677396e-05
     -2.261946710584651    -0.2513274122871838 -0.0002304144486657866
     -2.261946710584651    -0.1256637061435919   0.000134574885719377
     -2.261946710584651                      0  0.0002663567532771773
     -2.261946710584651     0.1256637061435919    5.2261531653872e-06
     -2.261946710584651     0.2513274122871834  -0.000170505694105519
     -2.261946710584651     0.3769911184307753 -0.0002225495388943365
     -2.261946710584651     0.5026548245743672 -0.0003697952356659202
     -2.261946710584651     0.6283185307179582 -0.0005540560758386057
     -2.261946710584651     0.7539822368615501 -0.0006579040875468792
     -2.261946710584651     0.8796459430051424 -0.0006808681879553264
     -2.261946710584651      1.005309649148734 -0.0005984672478039136
     -2.261946710584651      1.130973355292326 -0.0004199241109494849
     -2.261946710584651      1.256637061435917 -0.0002531047206108019
     -2.261946710584651      1.382300767579509 -0.0001345590823217195
     -2.261946710584651      1.507964473723101 -2.123918426652736e-05
     -2.261946710584651      1.633628179866692  4.486696206551739e-05
     -2.261946710584651      1.759291886010284  1.515382914209556e-05
     -2.261946710584651      1.884955592153876 -2.695189142983834e-05
     -2.261946710584651      2.010619298297467 -5.727559974966372e-06
     -2.261946710584651       2.13628300444106  2.247996535353053e-05
     -2.261946710584651      2.261946710584651   1.08799562027133e-06
     -2.261946710584651      2.387610416728243 -2.209195645060302e-05
     -2.261946710584651      2.513274122871834  3.466433845104584e-06
     -2.261946710584651      2.638937829015426  2.667272228164952e-05
     -2.261946710584651      2.764601535159018 -1.631654020216229e-05
     -2.261946710584651      2.890265241302609 -8.306049243068115e-05
     -2.261946710584651      3.015928947446201 -0.0001589788839475057
     -2.136283004441059     -3.141592653589793 -0.0002721722260565908
     -2.136283004441059     -3.015928947446201 -0.0005708607344057985
     -2.136283004441059      -2.89026524130261 -0.0007168664240282923
     -2.136283004441059     -2.764601535159018 -0.0005414401966612353
     -2.136283004441059     -2.638937829015426 -0.0002077475225687458
     -2.136283004441059     -2.513274122871834  0.0001049220167759287
     -2.136283004441059     -2.387610416728243  0.0004272860409349159
     -2.136283004441059     -2.261946710584651  0.0008014058016257387
     -2.136283004441059     -2.136283004441059   0.001092272972530528
     -2.136283004441059     -2.010619298297468   0.001133124057197037
     -2.136283004441059     -1.884955592153876  0.0009986137804233015
     -2.136283004441059     -1.759291886010284  0.0009724602579973001
     -2.136283004441059     -1.633628179866693   0.001133331756951812
     -2.136283004441059     -1.507964473723101   0.001111985557118237
     -2.136283004441059     -1.382300767579509  0.0006349099736041352
     -2.136283004441059     -1.256637061435917  0.0002518578889325162
     -2.136283004441059     -1.130973355292325  0.0006655457256333986
     -2.136283004441059     -1.005309649148733   0.001402766469485049
     -2.136283004441059     -0.879645943005142   0.001533966732996953
     -2.136283004441059    -0.7539822368615505   0.001256408391299109
     -2.136283004441059    -0.6283185307179586   0.001107514136524008
     -2.136283004441059    -0.5026548245743667  0.0007657240788392949
     -2.136283004441059    -0.3769911184307753  0.0001285527892967598
     -2.136283004441059    -0.2513274122871838 -0.0001163336100076612
     -2.136283004441059    -0.1256637061435919  0.0001252324218638779
     -2.136283004441059                      0  0.0002013282653351857
     -2.136283004441059     0.1256637061435919  7.490258818772763e-06
     -2.136283004441059     0.2513274122871834 -9.103085773137041e-05
     -2.136283004441059     0.3769911184307753 -0.0001141951669608637
     -2.136283004441059     0.5026548245743672 -0.0002304176430298799
     -2.136283004441059     0.6283185307179582  -0.000347027013074411
     -2.136283004441059     0.7539822368615501 -0.0003933233685210441
     -2.136283004441059     0.8796459430051424 -0.0004223939208618568
     -2.136283004441059      1.005309649148734 -0.0003925245561427235
     -2.136283004441059      1.130973355292326 -0.0002634663881379866
     -2.136283004441059      1.256637061435917 -0.0001348746638263862
     -2.136283004441059      1.382300767579509 -6.764897241588364e-05
     -2.136283004441059      1.507964473723101 -1.431184773727483e-05
     -2.136283004441059      1.633628179866692  2.397997978568326e-05
     -2.136283004441059      1.759291886010284  9.728247068286185e-06
     -2.136283004441059      1.884955592153876 -1.613090706164178e-05
     -2.136283004441059      2.010619298297467 -4.079198502120277e-06
     -2.136283004441059       2.13628300444106  1.416369500689415e-05
     -2.136283004441059      2.261946710584651  8.731095217925667e-07
     -2.136283004441059      2.387610416728243 -1.442180993203323e-05
     -2.136283004441059      2.513274122871834  2.809989031625774e-06
     -2.136283004441059      2.638937829015426  1.732894323205855e-05
     -2.136283004441059      2.764601535159018 -1.243887954471682e-05
     -2.136283004441059      2.890265241302609 -4.993099625522969e-05
     -2.136283004441059      3.015928947446201  -9.55670302789574e-05
     -2.010619298297468     -3.141592653589793  0.0003900394714835576
     -2.010619298297468     -3.015928947446201  0.0008133278872750856
     -2.010619298297468      -2.89026524130261   0.001105728652661239
     -2.010619298297468     -2.764601535159018   0.001018240811455577
     -2.010619298297468     -2.638937829015426  0.0007630663028464846
     -2.010619298297468     -2.513274122871834   0.000686586993494777
     -2.010619298297468     -2.387610416728243  0.0006643860113664358
     -2.010619298297468     -2.261946710584651  0.0002743346836480759
     -2.010619298297468     -2.136283004441059 -0.0003118483992118883
     -2.010619298297468     -2.010619298297468 -0.0003947296602178364
     -2.010619298297468     -1.884955592153876 -1.134919908152053e-06
     -2.010619298297468     -1.759291886010284  5.748199974034901e-05
     -2.010619298297468     -1.633628179866693 -0.0003657013988978761
     -2.010619298297468     -1.507964473723101  -0.000483645395888913
     -2.010619298297468     -1.382300767579509  1.051600826044602e-05
     -2.010619298297468     -1.256637061435917  0.0002540562704382521
     -2.010619298297468     -1.130973355292325  -0.000480059007332504
     -2.010619298297468     -1.005309649148733  -0.001457927991493407
     -2.010619298297468     -0.879645943005142  -0.001636438047736746
     -2.010619298297468    -0.7539822368615505  -0.001339071379234322
     -2.010619298297468    -0.6283185307179586  -0.001186353043370136
     -2.010619298297468    -0.5026548245743667 -0.0007872596361903637
     -2.010619298297468    -0.3769911184307753 -4.968785346032024e-05
     -2.010619298297468    -0.2513274122871838  0.0002021613106677439
     -2.010619298297468    -0.1256637061435919 -0.0001276435786689427
     -2.010619298297468                      0 -0.0002427889199609149
     -2.010619298297468     0.1256637061435919  2.336201915936341e-07
     -2.010619298297468     0.2513274122871834  0.0001524492869607235
     -2.010619298297468     0.3769911184307753  0.0001990473257690887
     -2.010619298297468     0.5026548245743672   0.000344792638587312
     -2.010619298297468     0.6283185307179582  0.0005134133083334856
     -2.010619298297468     0.7539822368615501  0.0006047312915543737
     -2.010619298297468     0.8796459430051424  0.0006391928740083428
     -2.010619298297468      1.005309649148734  0.0005751305449187922
     -2.010619298297468      1.130973355292326  0.0003985564367200399
     -2.010619298297468      1.256637061435917  0.0002275028468827297
     -2.010619298297468      1.382300767579509  0.0001175284770456354
     -2.010619298297468      1.507964473723101  2.064050520553705e-05
     -2.010619298297468      1.633628179866692  -3.83984226506716e-05
     -2.010619298297468      1.759291886010284 -1.364269218057718e-05
     -2.010619298297468      1.884955592153876  2.401248637943052e-05
     -2.010619298297468      2.010619298297467  5.243999477207481e-06
     -2.010619298297468       2.13628300444106 -2.031091917624686e-05
     -2.010619298297468      2.261946710584651 -8.962108241765573e-07
     -2.010619298297468      2.387610416728243  2.011555290444853e-05
     -2.010619298297468      2.513274122871834 -3.605468212308777e-06
     -2.010619298297468      2.638937829015426 -2.424460267951454e-05
     -2.010619298297468      2.764601535159018  1.619043797475753e-05
     -2.010619298297468      2.890265241302609  7.644404093532047e-05
     -2.010619298297468      3.015928947446201  0.0001511529112800798
     -1.884955592153876     -3.141592653589793  0.0001271799395686546
     -1.884955592153876     -3.015928947446201   0.000254909456817836
     -1.884955592153876      -2.89026524130261  0.0002795889378876428
     -1.884955592153876     -2.764601535159018  0.0001125446539026668
     -1.884955592153876     -2.638937829015426 -0.0002033469232094953
     -1.884955592153876     -2.513274122871834 -0.0005963901522579562
     -1.884955592153876     -2.387610416728243  -0.000979468713283023
     -1.884955592153876     -2.261946710584651  -0.001222750393614172
     -1.884955592153876     -2.136283004441059  -0.001296946952298138
     -1.884955592153876     -2.010619298297468   -0.00130861842882071
     -1.884955592153876     -1.884955592153876  -0.001303112111494729
     -1.884955592153876     -1.759291886010284  -0.001283275367802366
     -1.884955592153876     -1.633628179866693   -0.00132307376590974
     -1.884955592153876     -1.507964473723101  -0.001303993529501276
     -1.884955592153876     -1.382300767579509 -0.0009614946125398298
     -1.884955592153876     -1.256637061435917 -0.0005783569922275803
     -1.884955592153876     -1.130973355292325 -0.0007525630204257469
     -1.884955592153876     -1.005309649148733   -0.00123772708334369
     -1.884955592153876     -0.879645943005142   -0.00130140536198208
     -1.884955592153876    -0.7539822368615505  -0.001035649641802867
     -1.884955592153876    -0.6283185307179586 -0.0008803993097591654
     -1.884955592153876    -0.5026548245743667 -0.0006413024471453903
     -1.884955592153876    -0.3769911184307753 -0.0002023835811221152
     -1.884955592153876    -0.2513274122871838 -1.001505425671412e-05
     -1.884955592153876    -0.1256637061435919  -0.000145559029515144
     -1.884955592153876                      0 -0.0001830618740484534
     -1.884955592153876     0.1256637061435919 -5.423629324353666e-05
     -1.884955592153876     0.2513274122871834  3.755396484787638e-06
     -1.884955592153876     0.3769911184307753  1.872023819539099e-05
     -1.884955592153876     0.5026548245743672  0.0001013098369622526
     -1.884955592153876     0.6283185307179582  0.0001675072279336349
     -1.884955592153876     0.7539822368615501  0.0001627049709831212
     -1.884955592153876     0.8796459430051424  0.0001498844485403551
     -1.884955592153876      1.005309649148734  0.0001337597917173949
     -1.884955592153876      1.130973355292326  8.335369390517307e-05
     -1.884955592153876      1.256637061435917  3.400854819305566e-05
     -1.884955592153876      1.382300767579509  1.380716727249068e-05
     -1.884955592153876      1.507964473723101 -6.010330951885585e-07
     -1.884955592153876      1.633628179866692 -1.163250834744706e-05
     -1.884955592153876      1.759291886010284 -3.173191860467095e-06
     -1.884955592153876      1.884955592153876   7.09326026969869e-06
     -1.884955592153876      2.010619298297467  6.674065213184851e-07
     -1.884955592153876       2.13628300444106 -5.686373390747433e-06
     -1.884955592153876      2.261946710584651  7.459123182668164e-07
     -1.884955592153876      2.387610416728243  5.005712751831916e-06
     -1.884955592153876      2.513274122871834 -1.923289480955151e-06
     -1.884955592153876      2.638937829015426 -5.276329876787518e-06
     -1.884955592153876      2.764601535159018   3.44297101812521e-06
     -1.884955592153876      2.890265241302609  1.226492413385504e-05
     -1.884955592153876      3.015928947446201  3.680679772669071e-05
     -1.759291886010284     -3.141592653589793 -0.0003454741305224868
     -1.759291886010284     -3.015928947446201 -0.0007574246838771945
     -1.759291886010284      -2.89026524130261 -0.0009770721169854511
     -1.759291886010284     -2.764601535159018 -0.0007708620760552915
     -1.759291886010284     -2.638937829015426 -0.0003778346484795877
     -1.759291886010284     -2.513274122871834 -4.715903298378127e-05
     -1.759291886010284     -2.387610416728243  0.0003154754349711159
     -1.759291886010284     -2.261946710584651   0.000829616812815617
     -1.759291886010284     -2.136283004441059    0.00127192631859887
     -1.759291886010284     -2.010619298297468   0.001315270028518933
     -1.759291886010284     -1.884955592153876   0.001077002014237391
     -1.759291886010284     -1.759291886010284   0.001038960146011309
     -1.759291886010284     -1.633628179866693   0.001288807710076378
     -1.759291886010284     -1.507964473723101   0.001251985657041153
     -1.759291886010284     -1.382300767579509  0.0006021565265417999
     -1.759291886010284     -1.256637061435917  0.0001480236468227448
     -1.759291886010284     -1.130973355292325  0.0007932510256870354
     -1.759291886010284     -1.005309649148733   0.001843498156936262
     -1.759291886010284     -0.879645943005142   0.002061271794690538
     -1.759291886010284    -0.7539822368615505   0.001726756187435069
     -1.759291886010284    -0.6283185307179586   0.001544442340094233
     -1.759291886010284    -0.5026548245743667    0.00107729982269937
     -1.759291886010284    -0.3769911184307753  0.0002073939029016123
     -1.759291886010284    -0.2513274122871838 -0.0001276237642395959
     -1.759291886010284    -0.1256637061435919  0.0001951897214502191
     -1.759291886010284                      0  0.0002950135649345017
     -1.759291886010284     0.1256637061435919  3.525141594132211e-05
     -1.759291886010284     0.2513274122871834 -9.180745686671611e-05
     -1.759291886010284     0.3769911184307753 -0.0001228690938023164
     -1.759291886010284     0.5026548245743672  -0.000292067991604798
     -1.759291886010284     0.6283185307179582 -0.0004623785186011644
     -1.759291886010284     0.7539822368615501 -0.0005175170696340934
     -1.759291886010284     0.8796459430051424 -0.0005350699221531837
     -1.759291886010284      1.005309649148734 -0.0004911243170233618
     -1.759291886010284      1.130973355292326 -0.0003370300108117714
     -1.759291886010284      1.256637061435917 -0.0001773067853643857
     -1.759291886010284      1.382300767579509 -8.477641023168322e-05
     -1.759291886010284      1.507964473723101 -1.394116492393233e-05
     -1.759291886010284      1.633628179866692  3.201385788196732e-05
     -1.759291886010284      1.759291886010284  1.315067073290302e-05
     -1.759291886010284      1.884955592153876 -2.054468170015686e-05
     -1.759291886010284      2.010619298297467  -6.88539538978213e-06
     -1.759291886010284       2.13628300444106  1.873118011481586e-05
     -1.759291886010284      2.261946710584651  3.317193965973147e-06
     -1.759291886010284      2.387610416728243  -2.04196224770561e-05
     -1.759291886010284      2.513274122871834  1.447446397144939e-06
     -1.759291886010284      2.638937829015426  2.579090741453201e-05
     -1.759291886010284      2.764601535159018 -1.322327188352268e-05
     -1.759291886010284      2.890265241302609 -6.429306322732729e-05
     -1.759291886010284      3.015928947446201 -0.0001164492884428265
     -1.633628179866693     -3.141592653589793 -1.643478903956573e-05
     -1.633628179866693     -3.015928947446201 -7.939537257885756e-05
     -1.633628179866693      -2.89026524130261 -6.145294212580854e-06
     -1.633628179866693     -2.764601535159018  0.0002506727647110583
     -1.633628179866693     -2.638937829015426  0.0005638732197917301
     -1.633628179866693     -2.513274122871834  0.0009451390316713109
     -1.633628179866693     -2.387610416728243    0.00141955708203304
     -1.633628179866693     -2.261946710584651   0.001747934550158928
     -1.633628179866693     -2.136283004441059   0.001801616132898898
     -1.633628179866693     -2.010619298297468   0.001826860541716425
     -1.633628179866693     -1.884955592153876   0.001951387259248069
     -1.633628179866693     -1.759291886010284   0.002017306373237653
     -1.633628179866693     -1.633628179866693    0.00201053013722613
     -1.633628179866693     -1.507964473723101   0.001983275747554294
     -1.633628179866693     -1.382300767579509   0.001776321013096044
     -1.633628179866693     -1.256637061435917    0.00140951511135352
     -1.633628179866693     -1.130973355292325   0.001215322331129618
     -1.633628179866693     -1.005309649148733   0.001233307308182099
     -1.633628179866693     -0.879645943005142   0.001198831198879875
     -1.633628179866693    -0.7539822368615505   0.001100438745905557
     -1.633628179866693    -0.6283185307179586   0.000979997420759652
     -1.633628179866693    -0.5026548245743667  0.0006322886129005278
     -1.633628179866693    -0.3769911184307753   0.000142740336984874
     -1.633628179866693    -0.2513274122871838 -4.448333481306607e-05
     -1.633628179866693    -0.1256637061435919  7.565730702631233e-05
     -1.633628179866693                      0  0.0001040655661924181
     -1.633628179866693     0.1256637061435919 -6.517490437953687e-07
     -1.633628179866693     0.2513274122871834 -2.433048551287055e-05
     -1.633628179866693     0.3769911184307753 -2.196209054455822e-06
     -1.633628179866693     0.5026548245743672 -4.134866921093478e-05
     -1.633628179866693     0.6283185307179582 -7.740072130140004e-05
     -1.633628179866693     0.7539822368615501 -7.396406006830955e-05
     -1.633628179866693     0.8796459430051424 -8.379387271246041e-05
     -1.633628179866693      1.005309649148734 -8.953056736817709e-05
     -1.633628179866693      1.130973355292326 -5.253928180514508e-05
     -1.633628179866693      1.256637061435917 -1.583096343437039e-05
     -1.633628179866693      1.382300767579509 -1.161559435658028e-05
     -1.633628179866693      1.507964473723101 -7.489438306437694e-06
     -1.633628179866693      1.633628179866692  7.174614493320003e-06
     -1.633628179866693      1.759291886010284   6.53089516896315e-06
     -1.633628179866693      1.884955592153876 -6.178151327777464e-06
     -1.633628179866693      2.010619298297467 -4.709294277796788e-06
     -1.633628179866693       2.13628300444106  7.106828611139976e-06
     -1.633628179866693      2.261946710584651  3.351832223975068e-06
     -1.633628179866693      2.387610416728243 -9.335687054923977e-06
     -1.633628179866693      2.513274122871834 -5.853537646936809e-07
     -1.633628179866693      2.638937829015426   1.23688041844132e-05
     -1.633628179866693      2.764601535159018 -6.266925301601245e-06
     -1.633628179866693      2.890265241302609 -1.775796146669381e-05
     -1.633628179866693      3.015928947446201  5.683977922359326e-06
     -1.507964473723101     -3.141592653589793  0.0003351237907105738
     -1.507964473723101     -3.015928947446201  0.0007540679707260977
     -1.507964473723101      -2.89026524130261  0.0009736747568700352
     -1.507964473723101     -2.764601535159018  0.0007527918319259028
     -1.507964473723101     -2.638937829015426  0.0002137445579080322
     -1.507964473723101     -2.513274122871834 -0.0004686612169044718
     -1.507964473723101     -2.387610416728243  -0.001184831339424536
     -1.507964473723101     -2.261946710584651  -0.001728026024715999
     -1.507964473723101     -2.136283004441059  -0.001933336221881146
     -1.507964473723101     -2.010619298297468  -0.001859983026536617
     -1.507964473723101     -1.884955592153876  -0.001659449148367074
     -1.507964473723101     -1.759291886010284  -0.001524412831276014
     -1.507964473723101     -1.633628179866693  -0.001552678719918297
     -1.507964473723101     -1.507964473723101  -0.001267878644504414
     -1.507964473723101     -1.382300767579509 -0.0002101814305697369
     -1.507964473723101     -1.256637061435917  0.0005320332675462732
     -1.507964473723101     -1.130973355292325 -0.0005338887769979719
     -1.507964473723101     -1.005309649148733   -0.00237358640771311
     -1.507964473723101     -0.879645943005142   -0.00283005679909952
     -1.507964473723101    -0.7539822368615505  -0.002238354432678121
     -1.507964473723101    -0.6283185307179586   -0.00197275753945122
     -1.507964473723101    -0.5026548245743667  -0.001591709610187457
     -1.507964473723101    -0.3769911184307753 -0.0006522236776032191
     -1.507964473723101    -0.2513274122871838 -0.0001867600492432543
     -1.507964473723101    -0.1256637061435919 -0.0004669471243993987
     -1.507964473723101                      0 -0.0005327085355819785
     -1.507964473723101     0.1256637061435919 -0.0002406992581096044
     -1.507964473723101     0.2513274122871834 -0.0001303034358009507
     -1.507964473723101     0.3769911184307753 -7.262187782442118e-05
     -1.507964473723101     0.5026548245743672  0.0002043762588020191
     -1.507964473723101     0.6283185307179582  0.0004186555237675715
     -1.507964473723101     0.7539822368615501  0.0003747234760327713
     -1.507964473723101     0.8796459430051424  0.0002749959515863308
     -1.507964473723101      1.005309649148734  0.0002316220750106783
     -1.507964473723101      1.130973355292326  0.0001636994659738852
     -1.507964473723101      1.256637061435917  6.428691739745195e-05
     -1.507964473723101      1.382300767579509 -2.664811857135991e-06
     -1.507964473723101      1.507964473723101 -2.514743234797059e-05
     -1.507964473723101      1.633628179866692 -2.189895020584225e-05
     -1.507964473723101      1.759291886010284 -4.021388860060256e-06
     -1.507964473723101      1.884955592153876   1.00099779372564e-05
     -1.507964473723101      2.010619298297467  3.777664159786805e-06
     -1.507964473723101       2.13628300444106 -9.238921329338915e-06
     -1.507964473723101      2.261946710584651 -3.418580488517465e-06
     -1.507964473723101      2.387610416728243  1.109698746154655e-05
     -1.507964473723101      2.513274122871834  2.205213844496774e-06
     -1.507964473723101      2.638937829015426 -1.513054298974557e-05
     -1.507964473723101      2.764601535159018 -5.838125394997389e-06
     -1.507964473723101      2.890265241302609  1.226478929241291e-05
     -1.507964473723101      3.015928947446201  7.557574084432214e-05
     -1.382300767579509     -3.141592653589793 -0.0001546979268808172
     -1.382300767579509     -3.015928947446201 -0.0002062879362944112
     -1.382300767579509      -2.89026524130261 -0.0002328996241546311
     -1.382300767579509     -2.764601535159018 -0.0001963491826362695
     -1.382300767579509     -2.638937829015426 -0.0001050014014161584
     -1.382300767579509     -2.513274122871834  -8.83194079121513e-05
     -1.382300767579509     -2.387610416728243 -0.0001885530235618196
     -1.382300767579509     -2.261946710584651 -0.0002140268005448527
     -1.382300767579509     -2.136283004441059 -7.096196905422072e-05
     -1.382300767579509     -2.010619298297468  4.231413749836107e-05
     -1.382300767579509     -1.884955592153876  2.067185628420184e-05
     -1.382300767579509     -1.759291886010284  4.061405602006818e-05
     -1.382300767579509     -1.633628179866693   0.000219075387300773
     -1.382300767579509     -1.507964473723101  0.0004540513891274124
     -1.382300767579509     -1.382300767579509  0.0006085379182645662
     -1.382300767579509     -1.256637061435917   0.000594640513025363
     -1.382300767579509     -1.130973355292325  0.0003861474420054486
     -1.382300767579509     -1.005309649148733  9.881025073722587e-05
     -1.382300767579509     -0.879645943005142 -9.198709431526735e-05
     -1.382300767579509    -0.7539822368615505   -0.00015982453613429
     -1.382300767579509    -0.6283185307179586 -0.0002073499996157285
     -1.382300767579509    -0.5026548245743667  -0.000276789039101063
     -1.382300767579509    -0.3769911184307753 -0.0003103601953554233
     -1.382300767579509    -0.2513274122871838 -0.0002615162354249021
     -1.382300767579509    -0.1256637061435919 -0.0001681854586691981
     -1.382300767579509                      0 -0.0001171826565660356
     -1.382300767579509     0.1256637061435919 -0.0001519961424846827
     -1.382300767579509     0.2513274122871834 -0.0002194282511378271
     -1.382300767579509     0.3769911184307753 -0.0002285473260416252
     -1.382300767579509     0.5026548245743672 -0.0001735145898103968
     -1.382300767579509     0.6283185307179582 -0.0001551179714854072
     -1.382300767579509     0.7539822368615501 -0.0002436707038441156
     -1.382300767579509     0.8796459430051424 -0.0003534298127849491
     -1.382300767579509      1.005309649148734 -0.0003378024352404114
     -1.382300767579509      1.130973355292326 -0.0002113025769111166
     -1.382300767579509      1.256637061435917 -0.0001191385958152831
     -1.382300767579509      1.382300767579509 -8.685524088257789e-05
     -1.382300767579509      1.507964473723101 -3.464950650529371e-05
     -1.382300767579509      1.633628179866692    1.5726232650866e-05
     -1.382300767579509      1.759291886010284  5.824037341949101e-06
     -1.382300767579509      1.884955592153876  -1.34873417045133e-05
     -1.382300767579509      2.010619298297467   2.75376916998305e-06
     -1.382300767579509       2.13628300444106  8.966432314061435e-06
     -1.382300767579509      2.261946710584651 -7.158336802628072e-06
     -1.382300767579509      2.387610416728243 -4.050747589596224e-06
     -1.382300767579509      2.513274122871834  9.531358758387622e-06
     -1.382300767579509      2.638937829015426  5.307424922114307e-07
     -1.382300767579509      2.764601535159018 -2.049808184876054e-05
     -1.382300767579509      2.890265241302609 -4.600499107440442e-05
     -1.382300767579509      3.015928947446201  -9.35183818135348e-05
     -1.256637061435917     -3.141592653589793  -0.000553279014257539
     -1.256637061435917     -3.015928947446201  -0.001511577508423016
     -1.256637061435917      -2.89026524130261  -0.001345868311047375
     -1.256637061435917     -2.764601535159018  0.0004015390069287622
     -1.256637061435917     -2.638937829015426   0.002354055075915148
     -1.256637061435917     -2.513274122871834   0.004470890225949349
     -1.256637061435917     -2.387610416728243   0.007482362263202202
     -1.256637061435917     -2.261946710584651     0.0100227622458848
     -1.256637061435917     -2.136283004441059    0.01077925985579813
     -1.256637061435917     -2.010619298297468    0.01101886386647759
     -1.256637061435917     -1.884955592153876    0.01179521700250782
     -1.256637061435917     -1.759291886010284    0.01230921232894811
     -1.256637061435917     -1.633628179866693    0.01222504925850736
     -1.256637061435917     -1.507964473723101    0.01170121810504884
     -1.256637061435917     -1.382300767579509    0.01008931446376596
     -1.256637061435917     -1.256637061435917   0.007837689137086929
     -1.256637061435917     -1.130973355292325   0.006833152818222399
     -1.256637061435917     -1.005309649148733   0.007058204294424182
     -1.256637061435917     -0.879645943005142   0.006974557941783136
     -1.256637061435917    -0.7539822368615505   0.006675561747761775
     -1.256637061435917    -0.6283185307179586   0.006161050893385769
     -1.256637061435917    -0.5026548245743667   0.003774710264393306
     -1.256637061435917    -0.3769911184307753  0.0002901447932005703
     -1.256637061435917    -0.2513274122871838 -0.0009361278325284634
     -1.256637061435917    -0.1256637061435919  8.154320233580305e-05
     -1.256637061435917                      0  0.0003549191761479008
     -1.256637061435917     0.1256637061435919 -0.0004113388945526111
     -1.256637061435917     0.2513274122871834 -0.0005984932658825637
     -1.256637061435917     0.3769911184307753 -0.0004197113089197227
     -1.256637061435917     0.5026548245743672 -0.0006605194384233462
     -1.256637061435917     0.6283185307179582 -0.0009543095017167564
     -1.256637061435917     0.7539822368615501  -0.001159230962394182
     -1.256637061435917     0.8796459430051424  -0.001533279986532862
     -1.256637061435917      1.005309649148734  -0.001605816303198188
     -1.256637061435917      1.130973355292326  -0.001035127250395525
     -1.256637061435917      1.256637061435917 -0.0004568724817755205
     -1.256637061435917      1.382300767579509 -0.0002766432815732612
     -1.256637061435917      1.507964473723101 -0.0001373675978937921
     -1.256637061435917      1.633628179866692   6.94784952218662e-05
     -1.256637061435917      1.759291886010284  6.926870251701742e-05
     -1.256637061435917      1.884955592153876 -6.789560817158992e-05
     -1.256637061435917      2.010619298297467 -4.643360707712918e-05
     -1.256637061435917       2.13628300444106  7.598827586510508e-05
     -1.256637061435917      2.261946710584651   3.01796985181823e-05
     -1.256637061435917      2.387610416728243 -9.685443613276962e-05
     -1.256637061435917      2.513274122871834  2.755570788717995e-07
     -1.256637061435917      2.638937829015426  0.0001277128436866991
     -1.256637061435917      2.764601535159018  -8.88311739892996e-05
     -1.256637061435917      2.890265241302609 -0.0002725579554141326
     -1.256637061435917      3.015928947446201 -0.0001519909130427641
     -1.130973355292325     -3.141592653589793 -0.0001476643259641339
     -1.130973355292325     -3.015928947446201  -0.001496207882521274
     -1.130973355292325      -2.89026524130261  0.0002071232339128393
     -1.130973355292325     -2.764601535159018   0.005122802219676933
     -1.130973355292325     -2.638937829015426   0.008801245855167027
     -1.130973355292325     -2.513274122871834    0.01265792745856431
     -1.130973355292325     -2.387610416728243     0.0201164344617232
     -1.130973355292325     -2.261946710584651      0.026232696223495
     -1.130973355292325     -2.136283004441059    0.02685180074241299
     -1.130973355292325     -2.010619298297468    0.02770779628166318
     -1.130973355292325     -1.884955592153876    0.03215968147671108
     -1.130973355292325     -1.759291886010284    0.03465631483127642
     -1.130973355292325     -1.633628179866693    0.03280044308645604
     -1.130973355292325     -1.507964473723101    0.03094056352189347
     -1.130973355292325     -1.382300767579509    0.03018116045714712
     -1.130973355292325     -1.256637061435917    0.02620481639137243
     -1.130973355292325     -1.130973355292325    0.01747601529923224
     -1.130973355292325     -1.005309649148733   0.009228452587904579
     -1.130973355292325     -0.879645943005142   0.007180286074733782
     -1.130973355292325    -0.7539822368615505   0.009758711721379579
     -1.130973355292325    -0.6283185307179586   0.009909341866829648
     -1.130973355292325    -0.5026548245743667   0.004306074253153731
     -1.130973355292325    -0.3769911184307753  -0.002317456920502713
     -1.130973355292325    -0.2513274122871838  -0.004079957150931104
     -1.130973355292325    -0.1256637061435919  -0.002319222907410156
     -1.130973355292325                      0  -0.001868849903605837
     -1.130973355292325     0.1256637061435919  -0.002796598438304088
     -1.130973355292325     0.2513274122871834  -0.002586635173988421
     -1.130973355292325     0.3769911184307753  -0.001581920104944275
     -1.130973355292325     0.5026548245743672 -0.0009934026092050488
     -1.130973355292325     0.6283185307179582 -0.0008290653404834416
     -1.130973355292325     0.7539822368615501  -0.001712960651070057
     -1.130973355292325     0.8796459430051424  -0.003655453589013399
     -1.130973355292325      1.005309649148734  -0.004313607159647658
     -1.130973355292325      1.130973355292326  -0.002706447927111641
     -1.130973355292325      1.256637061435917  -0.001128309251850452
     -1.130973355292325      1.382300767579509 -0.0008575232282571381
     -1.130973355292325      1.507964473723101 -0.0006103278200467679
     -1.130973355292325      1.633628179866692  6.727243912507399e-05
     -1.130973355292325      1.759291886010284  0.0002173141707315017
     -1.130973355292325      1.884955592153876 -0.0001568707593044923
     -1.130973355292325      2.010619298297467 -0.0001545125871143111
     -1.130973355292325       2.13628300444106  0.0002042892322732356
     -1.130973355292325      2.261946710584651  0.0001050395210967866
     -1.130973355292325      2.387610416728243 -0.0002821063729505461
     -1.130973355292325      2.513274122871834 -1.723973510539577e-06
     -1.130973355292325      2.638937829015426  0.0003796880792623867
     -1.130973355292325      2.764601535159018 -0.0003354897801765448
     -1.130973355292325      2.890265241302609 -0.0008699025715003695
     -1.130973355292325      3.015928947446201 -4.198445530467394e-05
     -1.005309649148733     -3.141592653589793 -0.0009275679451794732
     -1.005309649148733     -3.015928947446201  -0.002884928667708349
     -1.005309649148733      -2.89026524130261   0.001644909904437094
     -1.005309649148733     -2.764601535159018     0.0121977888154884
     -1.005309649148733     -2.638937829015426    0.02103167651309462
     -1.005309649148733     -2.513274122871834    0.03227830144510992
     -1.005309649148733     -2.387610416728243    0.05031244436050884
     -1.005309649148733     -2.261946710584651    0.06105686797757853
     -1.005309649148733     -2.136283004441059    0.05821390388079165
     -1.005309649148733     -2.010619298297468    0.05993323946619147
     -1.005309649148733     -1.884955592153876    0.07229757798282589
     -1.005309649148733     -1.759291886010284    0.07726277818375826
     -1.005309649148733     -1.633628179866693    0.07010271700916537
     -1.005309649148733     -1.507964473723101    0.06507267086808687
     -1.005309649148733     -1.382300767579509    0.06392387425331439
     -1.005309649148733     -1.256637061435917     0.0539705553943285
     -1.005309649148733     -1.130973355292325    0.03275695288213078
     -1.005309649148733     -1.005309649148733    0.01367770100098033
     -1.005309649148733     -0.879645943005142   0.008317319924286257
     -1.005309649148733    -0.7539822368615505    0.01248898152782458
     -1.005309649148733    -0.6283185307179586    0.01286494624992741
     -1.005309649148733    -0.5026548245743667   0.003931837538965973
     -1.005309649148733    -0.3769911184307753  -0.006378544229538659
     -1.005309649148733    -0.2513274122871838    -0.0089764843249227
     -1.005309649148733    -0.1256637061435919   -0.00623500086891548
     -1.005309649148733                      0  -0.005544271022198101
     -1.005309649148733     0.1256637061435919  -0.006808201736155146
     -1.005309649148733     0.2513274122871834  -0.006181753388552387
     -1.005309649148733     0.3769911184307753  -0.004127775515179029
     -1.005309649148733     0.5026548245743672  -0.002205090943615835
     -1.005309649148733     0.6283185307179582 -0.0009727487257556914
     -1.005309649148733     0.7539822368615501  -0.002916631983951581
     -1.005309649148733     0.8796459430051424  -0.007850485970722227
     -1.005309649148733      1.005309649148734  -0.009563117923157548
     -1.005309649148733      1.130973355292326  -0.005700331209451186
     -1.005309649148733      1.256637061435917  -0.002066319587140866
     -1.005309649148733      1.382300767579509  -0.001734815318154708
     -1.005309649148733      1.507964473723101  -0.001423529369866678
     -1.005309649148733      1.633628179866692  3.412994845266335e-05
     -1.005309649148733      1.759291886010284  0.0003982417674872455
     -1.005309649148733      1.884955592153876 -0.0003034387941036849
     -1.005309649148733      2.010619298297467 -0.0002380337066941201
     -1.005309649148733       2.13628300444106  0.0003748658442934984
     -1.005309649148733      2.261946710584651  0.0001168340188812099
     -1.005309649148733      2.387610416728243 -0.0004762192091556089
     -1.005309649148733      2.513274122871834  9.080317221357076e-05
     -1.005309649148733      2.638937829015426  0.0006017894437372694
     -1.005309649148733      2.764601535159018 -0.0007983265586801898
     -1.005309649148733      2.890265241302609  -0.001737880540889405
     -1.005309649148733      3.015928947446201 -0.0004540436319372295
     -0.879645943005142     -3.141592653589793  -0.004269879730142235
     -0.879645943005142     -3.015928947446201  -0.008122654563584991
     -0.879645943005142      -2.89026524130261  -0.001037519096986067
     -0.879645943005142     -2.764601535159018    0.01652702196559771
     -0.879645943005142     -2.638937829015426    0.03553060195502359
     -0.879645943005142     -2.513274122871834    0.06299713079823113
     -0.879645943005142     -2.387610416728243    0.09922105932419638
     -0.879645943005142     -2.261946710584651     0.1151838174926212
     -0.879645943005142     -2.136283004441059     0.1049084541012021
     -0.879645943005142     -2.010619298297468     0.1066143776855874
     -0.879645943005142     -1.884955592153876     0.1286235618338204
     -0.879645943005142     -1.759291886010284      0.134407525520651
     -0.879645943005142     -1.633628179866693     0.1183983661418651
     -0.879645943005142     -1.507964473723101     0.1071601178367929
     -0.879645943005142     -1.382300767579509    0.09857550421363277
     -0.879645943005142     -1.256637061435917    0.07545882040662309
     -0.879645943005142     -1.130973355292325    0.04685625712021829
     -0.879645943005142     -1.005309649148733    0.02927985945739962
     -0.879645943005142     -0.879645943005142    0.02289149862588602
     -0.879645943005142    -0.7539822368615505    0.02225231607890679
     -0.879645943005142    -0.6283185307179586    0.02066634463487703
     -0.879645943005142    -0.5026548245743667   0.009575143961516815
     -0.879645943005142    -0.3769911184307753  -0.006222639872248505
     -0.879645943005142    -0.2513274122871838   -0.01168438595241249
     -0.879645943005142    -0.1256637061435919  -0.007500181031159206
     -0.879645943005142                      0  -0.006559366230002088
     -0.879645943005142     0.1256637061435919  -0.009316044989540341
     -0.879645943005142     0.2513274122871834  -0.008803170024189681
     -0.879645943005142     0.3769911184307753  -0.006311246119377082
     -0.879645943005142     0.5026548245743672  -0.004404961838861422
     -0.879645943005142     0.6283185307179582   -0.00260832749134085
     -0.879645943005142     0.7539822368615501  -0.004987010883667801
     -0.879645943005142     0.8796459430051424    -0.0125728277673793
     -0.879645943005142      1.005309649148734   -0.01532143755612795
     -0.879645943005142      1.130973355292326  -0.008738672910000203
     -0.879645943005142      1.256637061435917  -0.002531852845167799
     -0.879645943005142      1.382300767579509  -0.002146014003988992
     -0.879645943005142      1.507964473723101  -0.002037353526114883
     -0.879645943005142      1.633628179866692 -6.163141742385977e-06
     -0.879645943005142      1.759291886010284  0.0004870620065180014
     -0.879645943005142      1.884955592153876 -0.0004384177321116896
     -0.879645943005142      2.010619298297467  -0.000218685746039924
     -0.879645943005142       2.13628300444106  0.0004919987360611878
     -0.879645943005142      2.261946710584651  1.878669037855434e-05
     -0.879645943005142      2.387610416728243  -0.000547413933603408
     -0.879645943005142      2.513274122871834  0.0002662949867447647
     -0.879645943005142      2.638937829015426  0.0006191081811367617
     -0.879645943005142      2.764601535159018  -0.001228980969947076
     -0.879645943005142      2.890265241302609  -0.002303096507897413
     -0.879645943005142      3.015928947446201  -0.001564082324774785
    -0.7539822368615505     -3.141592653589793  -0.007088305527441617
    -0.7539822368615505     -3.015928947446201   -0.01270348639147721
    -0.7539822368615505      -2.89026524130261  -0.005411098673588883
    -0.7539822368615505     -2.764601535159018    0.01477850868672141
    -0.7539822368615505     -2.638937829015426    0.03995250866488902
    -0.7539822368615505     -2.513274122871834    0.07845878113961913
    -0.7539822368615505     -2.387610416728243     0.1257719858943208
    -0.7539822368615505     -2.261946710584651     0.1436179663918017
    -0.7539822368615505     -2.136283004441059     0.1276414884695072
    -0.7539822368615505     -2.010619298297468     0.1281724060121856
    -0.7539822368615505     -1.884955592153876     0.1541359471720109
    -0.7539822368615505     -1.759291886010284     0.1586245039779976
    -0.7539822368615505     -1.633628179866693     0.1364840400149558
    -0.7539822368615505     -1.507964473723101     0.1198146491002829
    -0.7539822368615505     -1.382300767579509     0.1026555963563148
    -0.7539822368615505     -1.256637061435917    0.07051215120700123
    -0.7539822368615505     -1.130973355292325     0.0455955515746707
    -0.7539822368615505     -1.005309649148733    0.04019525770111317
    -0.7539822368615505     -0.879645943005142    0.03640163491121662
    -0.7539822368615505    -0.7539822368615505    0.02965563499146195
    -0.7539822368615505    -0.6283185307179586    0.02623367105538548
    -0.7539822368615505    -0.5026548245743667    0.01621241317388785
    -0.7539822368615505    -0.3769911184307753  -0.002045982711839343
    -0.7539822368615505    -0.2513274122871838   -0.00996006221776195
    -0.7539822368615505    -0.1256637061435919  -0.005333641473191054
    -0.7539822368615505                      0   -0.00448557259184514
    -0.7539822368615505     0.1256637061435919  -0.008423620927952121
    -0.7539822368615505     0.2513274122871834  -0.008125154661230561
    -0.7539822368615505     0.3769911184307753  -0.006006632048353052
    -0.7539822368615505     0.5026548245743672  -0.005416057739450143
    -0.7539822368615505     0.6283185307179582  -0.003972099636737323
    -0.7539822368615505     0.7539822368615501  -0.005769020975584131
    -0.7539822368615505     0.8796459430051424   -0.01357589355882053
    -0.7539822368615505      1.005309649148734   -0.01666750897906112
    -0.7539822368615505      1.130973355292326  -0.009242443704870375
    -0.7539822368615505      1.256637061435917   -0.00204451373717613
    -0.7539822368615505      1.382300767579509  -0.001659846698128571
    -0.7539822368615505      1.507964473723101  -0.001954999627629767
    -0.7539822368615505      1.633628179866692 -7.632340810257827e-05
    -0.7539822368615505      1.759291886010284  0.0004215464754729659
    -0.7539822368615505      1.884955592153876  -0.000425371293786716
    -0.7539822368615505      2.010619298297467 -0.0001424284304455928
    -0.7539822368615505       2.13628300444106   0.000456461071666712
    -0.7539822368615505      2.261946710584651  -7.12771436593274e-05
    -0.7539822368615505      2.387610416728243 -0.0004614458375289775
    -0.7539822368615505      2.513274122871834  0.0003509251544907398
    -0.7539822368615505      2.638937829015426  0.0004672006078625758
    -0.7539822368615505      2.764601535159018  -0.001265902904589422
    -0.7539822368615505      2.890265241302609  -0.002115379578732725
    -0.7539822368615505      3.015928947446201  -0.002250659535955721
    -0.6283185307179586     -3.141592653589793  -0.006303661709723234
    -0.6283185307179586     -3.015928947446201   -0.01102841728944872
    -0.6283185307179586      -2.89026524130261  -0.005887137578769052
    -0.6283185307179586     -2.764601535159018   0.009569860298604125
    -0.6283185307179586     -2.638937829015426    0.03038982433489678
    -0.6283185307179586     -2.513274122871834    0.06238836146762111
    -0.6283185307179586     -2.387610416728243     0.1001159844989751
    -0.6283185307179586     -2.261946710584651     0.1137194849391455
    -0.6283185307179586     -2.136283004441059     0.1010292022423937
    -0.6283185307179586     -2.010619298297468     0.1011667841158389
    -0.6283185307179586     -1.884955592153876     0.1203897229604688
    -0.6283185307179586     -1.759291886010284     0.1229582363132325
    -0.6283185307179586     -1.633628179866693     0.1060355767386423
    -0.6283185307179586     -1.507964473723101    0.09315597190443076
    -0.6283185307179586     -1.382300767579509    0.07750676677343858
    -0.6283185307179586     -1.256637061435917    0.05074628396299438
    -0.6283185307179586     -1.130973355292325    0.03499948755335951
    -0.6283185307179586     -1.005309649148733    0.03672037086590062
    -0.6283185307179586     -0.879645943005142    0.03486087727569901
    -0.6283185307179586    -0.7539822368615505    0.02686275562203663
    -0.6283185307179586    -0.6283185307179586    0.02308471093527449
    -0.6283185307179586    -0.5026548245743667    0.01560453269040962
    -0.6283185307179586    -0.3769911184307753  0.0006480357674231949
    -0.6283185307179586    -0.2513274122871838  -0.006284804702046481
    -0.6283185307179586    -0.1256637061435919  -0.002428409379109517
    -0.6283185307179586                      0  -0.001708034331214963
    -0.6283185307179586     0.1256637061435919  -0.005310773325671307
    -0.6283185307179586     0.2513274122871834  -0.005474474886998227
    -0.6283185307179586     0.3769911184307753  -0.004226798912575648
    -0.6283185307179586     0.5026548245743672    -0.0044991298407852
    -0.6283185307179586     0.6283185307179582  -0.003809472433434844
    -0.6283185307179586     0.7539822368615501   -0.00484104881819601
    -0.6283185307179586     0.8796459430051424   -0.01024816333826822
    -0.6283185307179586      1.005309649148734   -0.01239568048970626
    -0.6283185307179586      1.130973355292326   -0.00679242637370103
    -0.6283185307179586      1.256637061435917  -0.001355046131017999
    -0.6283185307179586      1.382300767579509  -0.001050491560199863
    -0.6283185307179586      1.507964473723101  -0.001321720400218097
    -0.6283185307179586      1.633628179866692 -2.237881126995423e-05
    -0.6283185307179586      1.759291886010284  0.0002745633594954724
    -0.6283185307179586      1.884955592153876 -0.0003203126718219426
    -0.6283185307179586      2.010619298297467 -6.234619162195993e-05
    -0.6283185307179586       2.13628300444106  0.0003211646662614527
    -0.6283185307179586      2.261946710584651 -9.750579487797672e-05
    -0.6283185307179586      2.387610416728243 -0.0002943270285448757
    -0.6283185307179586      2.513274122871834  0.0002897572778415155
    -0.6283185307179586      2.638937829015426  0.0002657766170415809
    -0.6283185307179586      2.764601535159018 -0.0009029053018869488
    -0.6283185307179586      2.890265241302609  -0.001424155375678513
    -0.6283185307179586      3.015928947446201  -0.001957122232828893
    -0.5026548245743667     -3.141592653589793  -0.003820511507733274
    -0.5026548245743667     -3.015928947446201  -0.005191386329923431
    -0.5026548245743667      -2.89026524130261  -0.002196449219339172
    -0.5026548245743667     -2.764601535159018    0.00656362291813049
    -0.5026548245743667     -2.638937829015426    0.02036676202803072
    -0.5026548245743667     -2.513274122871834    0.03826473017075862
    -0.5026548245743667     -2.387610416728243    0.05495768143902418
    -0.5026548245743667     -2.261946710584651    0.06181462965807127
    -0.5026548245743667     -2.136283004441059    0.06067583129358868
    -0.5026548245743667     -2.010619298297468    0.06307547534815332
    -0.5026548245743667     -1.884955592153876    0.06931531528838338
    -0.5026548245743667     -1.759291886010284    0.07065950917027337
    -0.5026548245743667     -1.633628179866693    0.07027905061341334
    -0.5026548245743667     -1.507964473723101    0.07290932044092767
    -0.5026548245743667     -1.382300767579509    0.06829144028863299
    -0.5026548245743667     -1.256637061435917    0.05315744716745315
    -0.5026548245743667     -1.130973355292325    0.04237201980706028
    -0.5026548245743667     -1.005309649148733    0.04005295089253501
    -0.5026548245743667     -0.879645943005142    0.03500264004148575
    -0.5026548245743667    -0.7539822368615505    0.02680881534672399
    -0.5026548245743667    -0.6283185307179586    0.02099542549556659
    -0.5026548245743667    -0.5026548245743667    0.01225936187358157
    -0.5026548245743667    -0.3769911184307753  -1.31213268312814e-05
    -0.5026548245743667    -0.2513274122871838  -0.004433885315245418
    -0.5026548245743667    -0.1256637061435919 -0.0001965331496495077
    -0.5026548245743667                      0   0.001233745355719847
    -0.5026548245743667     0.1256637061435919  -0.002214002405750955
    -0.5026548245743667     0.2513274122871834  -0.004186542381790668
    -0.5026548245743667     0.3769911184307753  -0.004047617207486818
    -0.5026548245743667     0.5026548245743672  -0.004114975949358953
    -0.5026548245743667     0.6283185307179582  -0.004182793678986874
    -0.5026548245743667     0.7539822368615501  -0.005121436566544853
    -0.5026548245743667     0.8796459430051424  -0.007356930843883927
    -0.5026548245743667      1.005309649148734  -0.007387832004517694
    -0.5026548245743667      1.130973355292326  -0.004072173126269234
    -0.5026548245743667      1.256637061435917  -0.001562033787275668
    -0.5026548245743667      1.382300767579509  -0.001348295871501595
    -0.5026548245743667      1.507964473723101 -0.0007263894590728869
    -0.5026548245743667      1.633628179866692  0.0003793660333972202
    -0.5026548245743667      1.759291886010284  0.0001669775149934631
    -0.5026548245743667      1.884955592153876  -0.000355716115159621
    -0.5026548245743667      2.010619298297467  5.304819317250999e-05
    -0.5026548245743667       2.13628300444106  0.0002545710127997347
    -0.5026548245743667      2.261946710584651 -0.0001769722973305922
    -0.5026548245743667      2.387610416728243 -0.0001385709809236467
    -0.5026548245743667      2.513274122871834  0.0002592404193021989
    -0.5026548245743667      2.638937829015426  4.480182611717066e-05
    -0.5026548245743667      2.764601535159018 -0.0005315327116510012
    -0.5026548245743667      2.890265241302609 -0.0008788502814377597
    -0.5026548245743667      3.015928947446201   -0.00173250435672716
    -0.3769911184307753     -3.141592653589793  -0.002496721905201858
    -0.3769911184307753     -3.015928947446201  -0.001057462046833915
    -0.3769911184307753      -2.89026524130261   0.001209734346338919
    -0.3769911184307753     -2.764601535159018    0.00708576362708598
    -0.3769911184307753     -2.638937829015426    0.01915875261263636
    -0.3769911184307753     -2.513274122871834    0.02974865225715212
    -0.3769911184307753     -2.387610416728243    0.03242369457920705
    -0.3769911184307753     -2.261946710584651    0.03583044034822933
    -0.3769911184307753     -2.136283004441059    0.04578119897112672
    -0.3769911184307753     -2.010619298297468    0.05136089123783923
    -0.3769911184307753     -1.884955592153876    0.04760116939784929
    -0.3769911184307753     -1.759291886010284    0.04861494182850123
    -0.3769911184307753     -1.633628179866693    0.06421608724706053
    -0.3769911184307753     -1.507964473723101    0.08289949080280247
    -0.3769911184307753     -1.382300767579509    0.08770108464554734
    -0.3769911184307753     -1.256637061435917    0.07837746288417004
    -0.3769911184307753     -1.130973355292325    0.06722420919889698
    -0.3769911184307753     -1.005309649148733    0.05849001361253276
    -0.3769911184307753     -0.879645943005142    0.04816068790363034
    -0.3769911184307753    -0.7539822368615505    0.03746610110607107
    -0.3769911184307753    -0.6283185307179586    0.02766886839622947
    -0.3769911184307753    -0.5026548245743667    0.01381479612533572
    -0.3769911184307753    -0.3769911184307753 -0.0009421496194495535
    -0.3769911184307753    -0.2513274122871838  -0.004630972740031786
    -0.3769911184307753    -0.1256637061435919   0.001629250742531667
    -0.3769911184307753                      0   0.004292023071517779
    -0.3769911184307753     0.1256637061435919  -0.000275092293777674
    -0.3769911184307753     0.2513274122871834  -0.004643803623414887
    -0.3769911184307753     0.3769911184307753   -0.00538292793964896
    -0.3769911184307753     0.5026548245743672  -0.005152510850632504
    -0.3769911184307753     0.6283185307179582  -0.005938692798706032
    -0.3769911184307753     0.7539822368615501  -0.007193387474252706
    -0.3769911184307753     0.8796459430051424  -0.007287445516330981
    -0.3769911184307753      1.005309649148734   -0.00533817006403721
    -0.3769911184307753      1.130973355292326  -0.003003408818289467
    -0.3769911184307753      1.256637061435917  -0.002385459862199855
    -0.3769911184307753      1.382300767579509  -0.002189137057554095
    -0.3769911184307753      1.507964473723101 -0.0004625195144156711
    -0.3769911184307753      1.633628179866692  0.0009087682752640143
    -0.3769911184307753      1.759291886010284  0.0001473466009503988
    -0.3769911184307753      1.884955592153876 -0.0005288507795511554
    -0.3769911184307753      2.010619298297467  0.0001615007310041478
    -0.3769911184307753       2.13628300444106  0.0003011165626226901
    -0.3769911184307753      2.261946710584651 -0.0002976089153384388
    -0.3769911184307753      2.387610416728243  -7.06132527293511e-05
    -0.3769911184307753      2.513274122871834  0.0003131363159516459
    -0.3769911184307753      2.638937829015426 -0.0001043583088592171
    -0.3769911184307753      2.764601535159018 -0.0003861892562492468
    -0.3769911184307753      2.890265241302609 -0.0007413397325723753
    -0.3769911184307753      3.015928947446201  -0.002030594569054054
    -0.2513274122871838     -3.141592653589793  -0.001751829230341231
    -0.2513274122871838     -3.015928947446201 -0.0001017674107015584
    -0.2513274122871838      -2.89026524130261   0.001968770041007901
    -0.2513274122871838     -2.764601535159018   0.008110039432278124
    -0.2513274122871838     -2.638937829015426    0.02040335990854611
    -0.2513274122871838     -2.513274122871834    0.02895391118958683
    -0.2513274122871838     -2.387610416728243    0.02864920768774151
    -0.2513274122871838     -2.261946710584651    0.03351573173014932
    -0.2513274122871838     -2.136283004441059    0.04864630775941169
    -0.2513274122871838     -2.010619298297468    0.05528230408434007
    -0.2513274122871838     -1.884955592153876    0.04809370509127783
    -0.2513274122871838     -1.759291886010284    0.04956664550693807
    -0.2513274122871838     -1.633628179866693     0.0709878398817043
    -0.2513274122871838     -1.507964473723101    0.09450871926014705
    -0.2513274122871838     -1.382300767579509     0.1011660067436665
    -0.2513274122871838     -1.256637061435917     0.0928080212865518
    -0.2513274122871838     -1.130973355292325    0.08142958831117759
    -0.2513274122871838     -1.005309649148733    0.07089616974080111
    -0.2513274122871838     -0.879645943005142    0.05926359816995686
    -0.2513274122871838    -0.7539822368615505    0.04839762458756334
    -0.2513274122871838    -0.6283185307179586    0.03708527126593889
    -0.2513274122871838    -0.5026548245743667    0.01895517232595156
    -0.2513274122871838    -0.3769911184307753 -0.0001467978618315029
    -0.2513274122871838    -0.2513274122871838  -0.004846547825540575
    -0.2513274122871838    -0.1256637061435919   0.002873001449353828
    -0.2513274122871838                      0   0.006098053336729853
    -0.2513274122871838     0.1256637061435919  0.0005390330179074105
    -0.2513274122871838     0.2513274122871834  -0.004614405099146248
    -0.2513274122871838     0.3769911184307753  -0.005414420890681167
    -0.2513274122871838     0.5026548245743672  -0.005478900109592492
    -0.2513274122871838     0.6283185307179582  -0.006955122635808846
    -0.2513274122871838     0.7539822368615501  -0.008272175587333159
    -0.2513274122871838     0.8796459430051424  -0.007496526032274062
    -0.2513274122871838      1.005309649148734  -0.004911838230030067
    -0.2513274122871838      1.130973355292326  -0.002917175805254072
    -0.2513274122871838      1.256637061435917   -0.00281728809066642
    -0.2513274122871838      1.382300767579509  -0.002516474499532853
    -0.2513274122871838      1.507964473723101 -0.0003786572279008806
    -0.2513274122871838      1.633628179866692   0.001126995366158228
    -0.2513274122871838      1.759291886010284  0.0002025721971666715
    -0.2513274122871838      1.884955592153876 -0.0006142212778077957
    -0.2513274122871838      2.010619298297467  0.0001253340395075368
    -0.2513274122871838       2.13628300444106  0.0003719740167973999
    -0.2513274122871838      2.261946710584651 -0.0002630239438530639
    -0.2513274122871838      2.387610416728243  -0.000152194550708049
    -0.2513274122871838      2.513274122871834  0.0002791535045882558
    -0.2513274122871838      2.638937829015426  8.399551675981082e-06
    -0.2513274122871838      2.764601535159018 -0.0003381185284869814
    -0.2513274122871838      2.890265241302609  -0.000839006006468611
    -0.2513274122871838      3.015928947446201  -0.001867446889741797
    -0.1256637061435919     -3.141592653589793  1.530448927832723e-05
    -0.1256637061435919     -3.015928947446201  0.0001783403585941006
    -0.1256637061435919      -2.89026524130261   0.001819138943515119
    -0.1256637061435919     -2.764601535159018    0.00905251585643616
    -0.1256637061435919     -2.638937829015426    0.01958331415168024
    -0.1256637061435919     -2.513274122871834    0.02423719555093045
    -0.1256637061435919     -2.387610416728243    0.02410809904291472
    -0.1256637061435919     -2.261946710584651    0.03390615405357245
    -0.1256637061435919     -2.136283004441059     0.0527201048295492
    -0.1256637061435919     -2.010619298297468    0.05883244905516258
    -0.1256637061435919     -1.884955592153876    0.05063971459247901
    -0.1256637061435919     -1.759291886010284    0.05355572441922912
    -0.1256637061435919     -1.633628179866693    0.07565208996478057
    -0.1256637061435919     -1.507964473723101    0.09676513144348092
    -0.1256637061435919     -1.382300767579509      0.102022791066852
    -0.1256637061435919     -1.256637061435917    0.09542581378427985
    -0.1256637061435919     -1.130973355292325    0.08491755910284296
    -0.1256637061435919     -1.005309649148733    0.07356604284068279
    -0.1256637061435919     -0.879645943005142    0.06393396838330406
    -0.1256637061435919    -0.7539822368615505    0.05779399187896123
    -0.1256637061435919    -0.6283185307179586    0.04800890301582346
    -0.1256637061435919    -0.5026548245743667    0.02577671538902061
    -0.1256637061435919    -0.3769911184307753   0.001447222516035315
    -0.1256637061435919    -0.2513274122871838  -0.004925469322991885
    -0.1256637061435919    -0.1256637061435919   0.003581269758158305
    -0.1256637061435919                      0   0.006799457417800803
    -0.1256637061435919     0.1256637061435919  0.0007920930556385966
    -0.1256637061435919     0.2513274122871834  -0.003654607424857714
    -0.1256637061435919     0.3769911184307753  -0.003741840922101779
    -0.1256637061435919     0.5026548245743672  -0.004439415834488459
    -0.1256637061435919     0.6283185307179582  -0.006792106602614001
    -0.1256637061435919     0.7539822368615501  -0.007986495178622125
    -0.1256637061435919     0.8796459430051424  -0.006731308447477023
    -0.1256637061435919      1.005309649148734  -0.004366329996538605
    -0.1256637061435919      1.130973355292326   -0.00298658301124923
    -0.1256637061435919      1.256637061435917   -0.00299264799581492
    -0.1256637061435919      1.382300767579509  -0.002441265552789945
    -0.1256637061435919      1.507964473723101  -0.000330639431363451
    -0.1256637061435919      1.633628179866692   0.001114666874434425
    -0.1256637061435919      1.759291886010284   0.000339607251725487
    -0.1256637061435919      1.884955592153876  -0.000604257841920844
    -0.1256637061435919      2.010619298297467 -8.530919389348392e-05
    -0.1256637061435919       2.13628300444106  0.0004646146385728569
    -0.1256637061435919      2.261946710584651 -2.199111150318228e-05
    -0.1256637061435919      2.387610416728243 -0.0004049931910766356
    -0.1256637061435919      2.513274122871834  8.864213346739719e-05
    -0.1256637061435919      2.638937829015426  0.0004396551214987411
    -0.1256637061435919      2.764601535159018 -0.0002655198753572593
    -0.1256637061435919      2.890265241302609  -0.001110060602512526
    -0.1256637061435919      3.015928947446201 -0.0008012593806071992
                      0     -3.141592653589793    0.00314063143461572
                      0     -3.015928947446201    0.00117925862423935
                      0      -2.89026524130261   0.002516337168088397
                      0     -2.764601535159018    0.01204736255205328
                      0     -2.638937829015426    0.02057991798739018
                      0     -2.513274122871834    0.02011976183223966
                      0     -2.387610416728243    0.02134921514841781
                      0     -2.261946710584651    0.03955339847379587
                      0     -2.136283004441059    0.06425784825696865
                      0     -2.010619298297468    0.06956925036669347
                      0     -1.884955592153876    0.05995824077394316
                      0     -1.759291886010284    0.06527699792900825
                      0     -1.633628179866693    0.08866663370551812
                      0     -1.507964473723101     0.1062821031278375
                      0     -1.382300767579509     0.1090411408503366
                      0     -1.256637061435917     0.1043113190368201
                      0     -1.130973355292325    0.09459360234388021
                      0     -1.005309649148733      0.081917910501835
                      0     -0.879645943005142      0.075272393255293
                      0    -0.7539822368615505    0.07616710589161192
                      0    -0.6283185307179586    0.06828003704553491
                      0    -0.5026548245743667    0.03862487686361447
                      0    -0.3769911184307753   0.004851207203651967
                      0    -0.2513274122871838  -0.004673590559874522
                      0    -0.1256637061435919   0.005254558073851169
                      0                      0   0.008483825675704618
                      0     0.1256637061435919   0.001535187964156359
                      0     0.2513274122871834  -0.001844863993967871
                      0     0.3769911184307753 -0.0007733879996001798
                      0     0.5026548245743672  -0.002604952869641359
                      0     0.6283185307179582  -0.006429641477908488
                      0     0.7539822368615501  -0.007251943950744979
                      0     0.8796459430051424  -0.004989476896897082
                      0      1.005309649148734  -0.002938689710749919
                      0      1.130973355292326  -0.002708909841816522
                      0      1.256637061435917  -0.003064534564058692
                      0      1.382300767579509  -0.002209997556726902
                      0      1.507964473723101 -0.0002015010495878674
                      0      1.633628179866692     0.0011030772792984
                      0      1.759291886010284  0.0005556966609871926
                      0      1.884955592153876 -0.0005854238557826549
                      0      2.010619298297467 -0.0004222192983650941
                      0       2.13628300444106  0.0006097076674067332
                      0      2.261946710584651  0.0003657508186292897
                      0      2.387610416728243 -0.0008066976391153928
                      0      2.513274122871834 -0.0002212123602703027
                      0      2.638937829015426   0.001126315112420231
                      0      2.764601535159018 -0.0001264909887757362
                      0      2.890265241302609  -0.001471298077574966
                      0      3.015928947446201   0.001056624937823927
     0.1256637061435919     -3.141592653589793    0.00758631067071265
     0.1256637061435919     -3.015928947446201   0.002192976865202799
     0.1256637061435919      -2.89026524130261    0.00396336271979499
     0.1256637061435919     -2.764601535159018      0.017927478218746
     0.1256637061435919     -2.638937829015426    0.02514503581286789
     0.1256637061435919     -2.513274122871834    0.02314710441719445
     0.1256637061435919     -2.387610416728243    0.03465051957833167
     0.1256637061435919     -2.261946710584651    0.06548354731283797
     0.1256637061435919     -2.136283004441059    0.09105047775404129
     0.1256637061435919     -2.010619298297468    0.09303875283895542
     0.1256637061435919     -1.884955592153876    0.08667434155508978
     0.1256637061435919     -1.759291886010284    0.09491367479214345
     0.1256637061435919     -1.633628179866693      0.111183174147457
     0.1256637061435919     -1.507964473723101     0.1154436762059532
     0.1256637061435919     -1.382300767579509     0.1088987868213037
     0.1256637061435919     -1.256637061435917     0.1026119731208733
     0.1256637061435919     -1.130973355292325    0.09552427594616508
     0.1256637061435919     -1.005309649148733    0.08724268371245585
     0.1256637061435919     -0.879645943005142    0.08813307906847313
     0.1256637061435919    -0.7539822368615505    0.09845596892943051
     0.1256637061435919    -0.6283185307179586      0.094482402515878
     0.1256637061435919    -0.5026548245743667    0.05789495772578817
     0.1256637061435919    -0.3769911184307753    0.01280634620400536
     0.1256637061435919    -0.2513274122871838  -0.001857064186015825
     0.1256637061435919    -0.1256637061435919   0.008382512228125206
     0.1256637061435919                      0    0.01070365748786168
     0.1256637061435919     0.1256637061435919   0.003087844916409032
     0.1256637061435919     0.2513274122871834   0.002528215455674099
     0.1256637061435919     0.3769911184307753   0.005468144856950257
     0.1256637061435919     0.5026548245743672    0.00148367862567136
     0.1256637061435919     0.6283185307179582   -0.00406929453571648
     0.1256637061435919     0.7539822368615501  -0.003440679555080437
     0.1256637061435919     0.8796459430051424  0.0001250772487981451
     0.1256637061435919      1.005309649148734  0.0007994301498158336
     0.1256637061435919      1.130973355292326 -0.0009809661130326345
     0.1256637061435919      1.256637061435917  -0.001691903683290488
     0.1256637061435919      1.382300767579509 -0.0007709618407211817
     0.1256637061435919      1.507964473723101  0.0001526660235925815
     0.1256637061435919      1.633628179866692   0.000736659514018274
     0.1256637061435919      1.759291886010284  0.0007792305579857077
     0.1256637061435919      1.884955592153876  -0.000379907420902562
     0.1256637061435919      2.010619298297467 -0.0009010993824586548
     0.1256637061435919       2.13628300444106  0.0006949498968391954
     0.1256637061435919      2.261946710584651  0.0009470254610657757
     0.1256637061435919      2.387610416728243  -0.001293200134547237
     0.1256637061435919      2.513274122871834 -0.0006976808736977602
     0.1256637061435919      2.638937829015426   0.002021932603159924
     0.1256637061435919      2.764601535159018  0.0001522703603966691
     0.1256637061435919      2.890265241302609  -0.001558642289939485
     0.1256637061435919      3.015928947446201   0.004251825518774415
     0.2513274122871834     -3.141592653589793    0.01258645633339302
     0.2513274122871834     -3.015928947446201   0.003448814506126149
     0.2513274122871834      -2.89026524130261    0.00747727671422465
     0.2513274122871834     -2.764601535159018    0.02747306815425886
     0.2513274122871834     -2.638937829015426    0.03336204598903379
     0.2513274122871834     -2.513274122871834    0.03537287106146576
     0.2513274122871834     -2.387610416728243    0.06823120152768217
     0.2513274122871834     -2.261946710584651     0.1121173195607073
     0.2513274122871834     -2.136283004441059     0.1262619390913803
     0.2513274122871834     -2.010619298297468     0.1218370753535522
     0.2513274122871834     -1.884955592153876     0.1287618819697582
     0.2513274122871834     -1.759291886010284        0.1402564214697
     0.2513274122871834     -1.633628179866693     0.1339822789677184
     0.2513274122871834     -1.507964473723101     0.1109465238542529
     0.2513274122871834     -1.382300767579509    0.08963089545670438
     0.2513274122871834     -1.256637061435917    0.07835343593919845
     0.2513274122871834     -1.130973355292325    0.07131309434658177
     0.2513274122871834     -1.005309649148733    0.06872796844380145
     0.2513274122871834     -0.879645943005142    0.08082114193728739
     0.2513274122871834    -0.7539822368615505     0.1038218084854238
     0.2513274122871834    -0.6283185307179586     0.1078698802934583
     0.2513274122871834    -0.5026548245743667    0.07119719787422631
     0.2513274122871834    -0.3769911184307753    0.02115555340724364
     0.2513274122871834    -0.2513274122871838   0.002188450304729075
     0.2513274122871834    -0.1256637061435919   0.009335695697694485
     0.2513274122871834                      0   0.009146973321760156
     0.2513274122871834     0.1256637061435919   0.003058217304413026
     0.2513274122871834     0.2513274122871834   0.008015818340315521
     0.2513274122871834     0.3769911184307753    0.01369159716105025
     0.2513274122871834     0.5026548245743672   0.008011859558679486
     0.2513274122871834     0.6283185307179582   0.002172261266262523
     0.2513274122871834     0.7539822368615501   0.004941510909251539
     0.2513274122871834     0.8796459430051424   0.008185711322577198
     0.2513274122871834      1.005309649148734   0.005552240726072265
     0.2513274122871834      1.130973355292326   0.001753425775366419
     0.2513274122871834      1.256637061435917   0.001451753672478008
     0.2513274122871834      1.382300767579509      0.001937721842505
     0.2513274122871834      1.507964473723101  0.0003968428990045968
     0.2513274122871834      1.633628179866692 -0.0002591922697570644
     0.2513274122871834      1.759291886010284  0.0009388756887254171
     0.2513274122871834      1.884955592153876  8.998106406697985e-05
     0.2513274122871834      2.010619298297467  -0.001428835678116066
     0.2513274122871834       2.13628300444106  0.0006323254498924538
     0.2513274122871834      2.261946710584651   0.001608134027118372
     0.2513274122871834      2.387610416728243  -0.001717332895368213
     0.2513274122871834      2.513274122871834   -0.00122570348455566
     0.2513274122871834      2.638937829015426   0.002890802455468297
     0.2513274122871834      2.764601535159018  0.0003919415515442225
     0.2513274122871834      2.890265241302609  -0.001365434436990197
     0.2513274122871834      3.015928947446201   0.008317264478931555
     0.3769911184307753     -3.141592653589793    0.01582158398092734
     0.3769911184307753     -3.015928947446201   0.006184366890772696
     0.3769911184307753      -2.89026524130261     0.0145753669865142
     0.3769911184307753     -2.764601535159018    0.03982836504099356
     0.3769911184307753     -2.638937829015426     0.0455496113199782
     0.3769911184307753     -2.513274122871834    0.05473905222815029
     0.3769911184307753     -2.387610416728243     0.1073527584215036
     0.3769911184307753     -2.261946710584651     0.1566467607998042
     0.3769911184307753     -2.136283004441059       0.15362569323075
     0.3769911184307753     -2.010619298297468     0.1446504292879556
     0.3769911184307753     -1.884955592153876      0.169254086582194
     0.3769911184307753     -1.759291886010284     0.1837189866565611
     0.3769911184307753     -1.633628179866693     0.1531994029451801
     0.3769911184307753     -1.507964473723101     0.1073271420671015
     0.3769911184307753     -1.382300767579509    0.07896415682718853
     0.3769911184307753     -1.256637061435917    0.06277123403966897
     0.3769911184307753     -1.130973355292325    0.04489183124636038
     0.3769911184307753     -1.005309649148733    0.03516193620698254
     0.3769911184307753     -0.879645943005142    0.05185270931907014
     0.3769911184307753    -0.7539822368615505    0.08505282395535572
     0.3769911184307753    -0.6283185307179586     0.0966517390063294
     0.3769911184307753    -0.5026548245743667    0.06579317993655218
     0.3769911184307753    -0.3769911184307753    0.02099136089206922
     0.3769911184307753    -0.2513274122871838   0.002287063284591659
     0.3769911184307753    -0.1256637061435919   0.004748658495628747
     0.3769911184307753                      0   0.002081200399217866
     0.3769911184307753     0.1256637061435919 -0.0006898846775723196
     0.3769911184307753     0.2513274122871834   0.009251514155280112
     0.3769911184307753     0.3769911184307753    0.01733683367075927
     0.3769911184307753     0.5026548245743672    0.01285450473584769
     0.3769911184307753     0.6283185307179582   0.009301272668411246
     0.3769911184307753     0.7539822368615501    0.01294406841483638
     0.3769911184307753     0.8796459430051424    0.01315477341945246
     0.3769911184307753      1.005309649148734   0.007014859004579671
     0.3769911184307753      1.130973355292326   0.003087157876577562
     0.3769911184307753      1.256637061435917   0.004068924181808847
     0.3769911184307753      1.382300767579509   0.003737141068618501
     0.3769911184307753      1.507964473723101 -6.253539342057924e-06
     0.3769911184307753      1.633628179866692  -0.001274295560383555
     0.3769911184307753      1.759291886010284    0.00100118244187066
     0.3769911184307753      1.884955592153876  0.0004759119817440913
     0.3769911184307753      2.010619298297467  -0.001692290688596785
     0.3769911184307753       2.13628300444106  0.0005151156733189696
     0.3769911184307753      2.261946710584651   0.001922435340011808
     0.3769911184307753      2.387610416728243  -0.001862897426573319
     0.3769911184307753      2.513274122871834  -0.001427853411595748
     0.3769911184307753      2.638937829015426   0.003233819195211789
     0.3769911184307753      2.764601535159018  0.0002487681181242183
     0.3769911184307753      2.890265241302609  -0.001339166185200722
     0.3769911184307753      3.015928947446201    0.01073256471600054
     0.5026548245743672     -3.141592653589793    0.01542129401508967
     0.5026548245743672     -3.015928947446201   0.009279983080411244
     0.5026548245743672      -2.89026524130261    0.02116872825500504
     0.5026548245743672     -2.764601535159018    0.04714441114680874
     0.5026548245743672     -2.638937829015426    0.05418361822543628
     0.5026548245743672     -2.513274122871834    0.06865934449345772
     0.5026548245743672     -2.387610416728243     0.1249735207382497
     0.5026548245743672     -2.261946710584651     0.1682045430223386
     0.5026548245743672     -2.136283004441059     0.1551837439430199
     0.5026548245743672     -2.010619298297468      0.146856091627896
     0.5026548245743672     -1.884955592153876     0.1802047183130223
     0.5026548245743672     -1.759291886010284     0.1951862978425512
     0.5026548245743672     -1.633628179866693     0.1571356656589806
     0.5026548245743672     -1.507964473723101     0.1102692314950436
     0.5026548245743672     -1.382300767579509    0.08786712085715433
     0.5026548245743672     -1.256637061435917    0.07025187213269457
     0.5026548245743672     -1.130973355292325     0.0385424999040343
     0.5026548245743672     -1.005309649148733    0.01413456632398374
     0.5026548245743672     -0.879645943005142    0.02535616451026552
     0.5026548245743672    -0.7539822368615505    0.05851284281000674
     0.5026548245743672    -0.6283185307179586    0.07123571010958382
     0.5026548245743672    -0.5026548245743667    0.04720998690980149
     0.5026548245743672    -0.3769911184307753    0.01335215620036841
     0.5026548245743672    -0.2513274122871838   -0.00100934759008976
     0.5026548245743672    -0.1256637061435919  -0.001360141140102204
     0.5026548245743672                      0  -0.004668760070415387
     0.5026548245743672     0.1256637061435919  -0.004879236720721354
     0.5026548245743672     0.2513274122871834   0.005815672379454702
     0.5026548245743672     0.3769911184307753    0.01420068265818429
     0.5026548245743672     0.5026548245743672    0.01279703634642944
     0.5026548245743672     0.6283185307179582    0.01232807806473014
     0.5026548245743672     0.7539822368615501    0.01516310177866373
     0.5026548245743672     0.8796459430051424    0.01227289003323122
     0.5026548245743672      1.005309649148734   0.005093171469681187
     0.5026548245743672      1.130973355292326    0.00266713184635617
     0.5026548245743672      1.256637061435917   0.004513408758822904
     0.5026548245743672      1.382300767579509   0.003469806762811375
     0.5026548245743672      1.507964473723101 -0.0006623471248882359
     0.5026548245743672      1.633628179866692  -0.001559474857109628
     0.5026548245743672      1.759291886010284  0.0009080980285819479
     0.5026548245743672      1.884955592153876  0.0005102277788346244
     0.5026548245743672      2.010619298297467  -0.001497256042149702
     0.5026548245743672       2.13628300444106  0.0004148987942106285
     0.5026548245743672      2.261946710584651   0.001666320955354071
     0.5026548245743672      2.387610416728243  -0.001611300066324146
     0.5026548245743672      2.513274122871834  -0.001171698391888862
     0.5026548245743672      2.638937829015426   0.002788928339213277
     0.5026548245743672      2.764601535159018 -0.0001185837205186283
     0.5026548245743672      2.890265241302609  -0.001375778568246909
     0.5026548245743672      3.015928947446201   0.009953816586359568
     0.6283185307179582     -3.141592653589793    0.01258962869022422
     0.6283185307179582     -3.015928947446201    0.01091056239594157
     0.6283185307179582      -2.89026524130261    0.02271920742364822
     0.6283185307179582     -2.764601535159018    0.04386554209023139
     0.6283185307179582     -2.638937829015426    0.05138556197887745
     0.6283185307179582     -2.513274122871834    0.06590394417294837
     0.6283185307179582     -2.387610416728243     0.1103050513830412
     0.6283185307179582     -2.261946710584651     0.1408771808698742
     0.6283185307179582     -2.136283004441059     0.1282884282919788
     0.6283185307179582     -2.010619298297468     0.1232320163575216
     0.6283185307179582     -1.884955592153876     0.1519430742272031
     0.6283185307179582     -1.759291886010284     0.1641320098742908
     0.6283185307179582     -1.633628179866693     0.1350733404947274
     0.6283185307179582     -1.507964473723101     0.1031445588467439
     0.6283185307179582     -1.382300767579509    0.09122960067092988
     0.6283185307179582     -1.256637061435917    0.07633608223769175
     0.6283185307179582     -1.130973355292325    0.04203927740670315
     0.6283185307179582     -1.005309649148733    0.01234004605762549
     0.6283185307179582     -0.879645943005142    0.01591702257525147
     0.6283185307179582    -0.7539822368615505    0.04015139188433604
     0.6283185307179582    -0.6283185307179586    0.04856666612946506
     0.6283185307179582    -0.5026548245743667    0.03035582983938713
     0.6283185307179582    -0.3769911184307753   0.007088369005601628
     0.6283185307179582    -0.2513274122871838  -0.002390915388265634
     0.6283185307179582    -0.1256637061435919  -0.003234118258659458
     0.6283185307179582                      0  -0.005733548828626929
     0.6283185307179582     0.1256637061435919  -0.005250885215688294
     0.6283185307179582     0.2513274122871834   0.002691213370440454
     0.6283185307179582     0.3769911184307753   0.009230420172009927
     0.6283185307179582     0.5026548245743672   0.009796433057448236
     0.6283185307179582     0.6283185307179582    0.01086116555581283
     0.6283185307179582     0.7539822368615501    0.01274555096974633
     0.6283185307179582     0.8796459430051424   0.009605082911329612
     0.6283185307179582      1.005309649148734   0.004017412262374414
     0.6283185307179582      1.130973355292326   0.002566462203267279
     0.6283185307179582      1.256637061435917   0.003783537941642956
     0.6283185307179582      1.382300767579509   0.002421208080671059
     0.6283185307179582      1.507964473723101 -0.0007716806914764081
     0.6283185307179582      1.633628179866692  -0.001200168323542928
     0.6283185307179582      1.759291886010284   0.000659229128265971
     0.6283185307179582      1.884955592153876  0.0003569602522956699
     0.6283185307179582      2.010619298297467  -0.001032832911103968
     0.6283185307179582       2.13628300444106  0.0002907542585179858
     0.6283185307179582      2.261946710584651   0.001125283850598635
     0.6283185307179582      2.387610416728243  -0.001107473557509446
     0.6283185307179582      2.513274122871834 -0.0007567043372126109
     0.6283185307179582      2.638937829015426   0.001895433220816045
     0.6283185307179582      2.764601535159018 -0.0002484594704149506
     0.6283185307179582      2.890265241302609 -0.0009980156910245252
     0.6283185307179582      3.015928947446201   0.007448445510290263
     0.7539822368615501     -3.141592653589793    0.01103932014253582
     0.7539822368615501     -3.015928947446201    0.01416015672236078
     0.7539822368615501      -2.89026524130261    0.02535735227247053
     0.7539822368615501     -2.764601535159018    0.04077746757383862
     0.7539822368615501     -2.638937829015426    0.04733956633302886
     0.7539822368615501     -2.513274122871834    0.05856120709091613
     0.7539822368615501     -2.387610416728243    0.08732287861277756
     0.7539822368615501     -2.261946710584651     0.1057102194901428
     0.7539822368615501     -2.136283004441059    0.09730769239145176
     0.7539822368615501     -2.010619298297468    0.09570775913108473
     0.7539822368615501     -1.884955592153876     0.1163213593761441
     0.7539822368615501     -1.759291886010284     0.1257327917705636
     0.7539822368615501     -1.633628179866693     0.1097568238008244
     0.7539822368615501     -1.507964473723101    0.09550983406062329
     0.7539822368615501     -1.382300767579509    0.09516929005805855
     0.7539822368615501     -1.256637061435917    0.08519937124057049
     0.7539822368615501     -1.130973355292325    0.05057267430192806
     0.7539822368615501     -1.005309649148733    0.01625928398117982
     0.7539822368615501     -0.879645943005142    0.01249998976332716
     0.7539822368615501    -0.7539822368615505    0.02839491591869154
     0.7539822368615501    -0.6283185307179586    0.03196285533771264
     0.7539822368615501    -0.5026548245743667    0.01743191749771646
     0.7539822368615501    -0.3769911184307753   0.002652139696043702
     0.7539822368615501    -0.2513274122871838  -0.002520081262923309
     0.7539822368615501    -0.1256637061435919  -0.003390350352378771
     0.7539822368615501                      0  -0.004930924879772459
     0.7539822368615501     0.1256637061435919  -0.004142850365705002
     0.7539822368615501     0.2513274122871834  0.0007867201385838259
     0.7539822368615501     0.3769911184307753   0.005385876078240075
     0.7539822368615501     0.5026548245743672   0.007417728172843459
     0.7539822368615501     0.6283185307179582   0.009351690346591871
     0.7539822368615501     0.7539822368615501    0.01063409745813522
     0.7539822368615501     0.8796459430051424   0.008563025827463247
     0.7539822368615501      1.005309649148734   0.005055977785825083
     0.7539822368615501      1.130973355292326   0.003585979250554847
     0.7539822368615501      1.256637061435917   0.003236190806613479
     0.7539822368615501      1.382300767579509   0.001537964030107002
     0.7539822368615501      1.507964473723101 -0.0006115535586624432
     0.7539822368615501      1.633628179866692 -0.0007506084204980249
     0.7539822368615501      1.759291886010284    0.00041276150981295
     0.7539822368615501      1.884955592153876  0.0002147334821670142
     0.7539822368615501      2.010619298297467 -0.0006053092438317819
     0.7539822368615501       2.13628300444106  0.0001655970860605269
     0.7539822368615501      2.261946710584651  0.0006468407298551938
     0.7539822368615501      2.387610416728243 -0.0006346299023414484
     0.7539822368615501      2.513274122871834 -0.0004223461094383397
     0.7539822368615501      2.638937829015426   0.001074525471184991
     0.7539822368615501      2.764601535159018 -0.0002140301275083621
     0.7539822368615501      2.890265241302609 -0.0004475104830508097
     0.7539822368615501      3.015928947446201   0.005484392026030772
     0.8796459430051424     -3.141592653589793    0.01322545664059147
     0.8796459430051424     -3.015928947446201     0.0246268743975788
     0.8796459430051424      -2.89026524130261    0.03922272846512144
     0.8796459430051424     -2.764601535159018    0.05226340671192231
     0.8796459430051424     -2.638937829015426    0.05930670609125503
     0.8796459430051424     -2.513274122871834    0.06791803776852999
     0.8796459430051424     -2.387610416728243    0.08270706469873176
     0.8796459430051424     -2.261946710584651    0.09071048416109977
     0.8796459430051424     -2.136283004441059    0.08746722430844216
     0.8796459430051424     -2.010619298297468    0.09104570223906634
     0.8796459430051424     -1.884955592153876     0.1068616324750507
     0.8796459430051424     -1.759291886010284     0.1164359860748578
     0.8796459430051424     -1.633628179866693     0.1156938901475012
     0.8796459430051424     -1.507964473723101     0.1239066470687763
     0.8796459430051424     -1.382300767579509     0.1425858822611097
     0.8796459430051424     -1.256637061435917     0.1375155587377608
     0.8796459430051424     -1.130973355292325    0.08704468428000912
     0.8796459430051424     -1.005309649148733    0.02868381435968719
     0.8796459430051424     -0.879645943005142    0.01142207790327254
     0.8796459430051424    -0.7539822368615505    0.02253156629337704
     0.8796459430051424    -0.6283185307179586    0.02047625768465406
     0.8796459430051424    -0.5026548245743667   0.004265205561421959
     0.8796459430051424    -0.3769911184307753  -0.004594210784300261
     0.8796459430051424    -0.2513274122871838  -0.005145202329341674
     0.8796459430051424    -0.1256637061435919  -0.005865853990766803
     0.8796459430051424                      0  -0.006326654811772957
     0.8796459430051424     0.1256637061435919  -0.004865990553656923
     0.8796459430051424     0.2513274122871834    -0.0026579629256261
     0.8796459430051424     0.3769911184307753   0.001012509604689523
     0.8796459430051424     0.5026548245743672   0.006383163571374946
     0.8796459430051424     0.6283185307179582     0.0103649116401636
     0.8796459430051424     0.7539822368615501     0.0108098533911866
     0.8796459430051424     0.8796459430051424   0.009178117146060278
     0.8796459430051424      1.005309649148734   0.007490571293282022
     0.8796459430051424      1.130973355292326   0.005714792813331317
     0.8796459430051424      1.256637061435917   0.003087237077439747
     0.8796459430051424      1.382300767579509  0.0003813453432770538
     0.8796459430051424      1.507964473723101 -0.0007699707370819142
     0.8796459430051424      1.633628179866692 -0.0002915515805838139
     0.8796459430051424      1.759291886010284  0.0002687888802242108
     0.8796459430051424      1.884955592153876  2.453725458915324e-05
     0.8796459430051424      2.010619298297467 -0.0002419805771368831
     0.8796459430051424       2.13628300444106  0.0001070077996303206
     0.8796459430051424      2.261946710584651   0.000211249564653624
     0.8796459430051424      2.387610416728243 -0.0002551070062641055
     0.8796459430051424      2.513274122871834 -9.316255894148641e-05
     0.8796459430051424      2.638937829015426  0.0003738953451950436
     0.8796459430051424      2.764601535159018 -0.0003194659399376158
     0.8796459430051424      2.890265241302609 -7.662382762627616e-05
     0.8796459430051424      3.015928947446201   0.004621515216122485
      1.005309649148734     -3.141592653589793    0.01717157045297195
      1.005309649148734     -3.015928947446201    0.04000592718019394
      1.005309649148734      -2.89026524130261    0.06012014771106876
      1.005309649148734     -2.764601535159018     0.0721001119932636
      1.005309649148734     -2.638937829015426    0.08240606693351299
      1.005309649148734     -2.513274122871834    0.09005960486338584
      1.005309649148734     -2.387610416728243     0.0888766613145891
      1.005309649148734     -2.261946710584651    0.08593311398212825
      1.005309649148734     -2.136283004441059    0.09176635619453796
      1.005309649148734     -2.010619298297468     0.1027451069458039
      1.005309649148734     -1.884955592153876     0.1117000417372054
      1.005309649148734     -1.759291886010284     0.1221703102028742
      1.005309649148734     -1.633628179866693     0.1442656968707821
      1.005309649148734     -1.507964473723101      0.184677297172378
      1.005309649148734     -1.382300767579509     0.2282069903369352
      1.005309649148734     -1.256637061435917     0.2270447530731705
      1.005309649148734     -1.130973355292325     0.1534122994215539
      1.005309649148734     -1.005309649148733    0.06210959468885371
      1.005309649148734     -0.879645943005142    0.02590558642036299
      1.005309649148734    -0.7539822368615505    0.02952794553346495
      1.005309649148734    -0.6283185307179586    0.01802908698157731
      1.005309649148734    -0.5026548245743667  -0.005077702154792509
      1.005309649148734    -0.3769911184307753   -0.01164134277733756
      1.005309649148734    -0.2513274122871838  -0.008046217039562625
      1.005309649148734    -0.1256637061435919  -0.007324274694696616
      1.005309649148734                      0  -0.006024914686984255
      1.005309649148734     0.1256637061435919  -0.004813122872940332
      1.005309649148734     0.2513274122871834  -0.006655932172105324
      1.005309649148734     0.3769911184307753  -0.004082494377712019
      1.005309649148734     0.5026548245743672   0.005242282794410209
      1.005309649148734     0.6283185307179582    0.01141662211094158
      1.005309649148734     0.7539822368615501    0.01112396647690722
      1.005309649148734     0.8796459430051424    0.01090360049315527
      1.005309649148734      1.005309649148734    0.01190868662928798
      1.005309649148734      1.130973355292326     0.0092983177443313
      1.005309649148734      1.256637061435917   0.003145634328921709
      1.005309649148734      1.382300767579509  -0.001060074610664983
      1.005309649148734      1.507964473723101 -0.0008582994590023471
      1.005309649148734      1.633628179866692  0.0004323567255147011
      1.005309649148734      1.759291886010284  0.0001176043135663997
      1.005309649148734      1.884955592153876  -0.000268826811992187
      1.005309649148734      2.010619298297467   0.000201745297285496
      1.005309649148734       2.13628300444106  7.315261842827156e-05
      1.005309649148734      2.261946710584651 -0.0003263191555349918
      1.005309649148734      2.387610416728243   0.000184435667390117
      1.005309649148734      2.513274122871834  0.0003078344057552784
      1.005309649148734      2.638937829015426 -0.0004630683130752131
      1.005309649148734      2.764601535159018 -0.0004068929394049408
      1.005309649148734      2.890265241302609  0.0004732200324165431
      1.005309649148734      3.015928947446201   0.003963495621506198
      1.130973355292326     -3.141592653589793     0.0185810413454052
      1.130973355292326     -3.015928947446201    0.04859259400374497
      1.130973355292326      -2.89026524130261    0.07074329292526714
      1.130973355292326     -2.764601535159018    0.07990705381245158
      1.130973355292326     -2.638937829015426    0.09219582049400368
      1.130973355292326     -2.513274122871834    0.09915814580093933
      1.130973355292326     -2.387610416728243    0.08478821052652974
      1.130973355292326     -2.261946710584651    0.07245350548206335
      1.130973355292326     -2.136283004441059    0.08504601433343494
      1.130973355292326     -2.010619298297468     0.1005796130018142
      1.130973355292326     -1.884955592153876     0.1015868645336515
      1.130973355292326     -1.759291886010284     0.1108254012956693
      1.130973355292326     -1.633628179866693     0.1500457799494613
      1.130973355292326     -1.507964473723101     0.2131182879822761
      1.130973355292326     -1.382300767579509     0.2710430237767807
      1.130973355292326     -1.256637061435917     0.2724833037853647
      1.130973355292326     -1.130973355292325     0.1910451607504234
      1.130973355292326     -1.005309649148733    0.08726807977227018
      1.130973355292326     -0.879645943005142    0.04036470742743735
      1.130973355292326    -0.7539822368615505    0.03534901536069604
      1.130973355292326    -0.6283185307179586    0.01636988885986653
      1.130973355292326    -0.5026548245743667  -0.009516375952428064
      1.130973355292326    -0.3769911184307753   -0.01367319218458098
      1.130973355292326    -0.2513274122871838  -0.007586431256580928
      1.130973355292326    -0.1256637061435919  -0.005835239474798961
      1.130973355292326                      0  -0.003285890690736076
      1.130973355292326     0.1256637061435919  -0.002694352031395781
      1.130973355292326     0.2513274122871834  -0.007912763814436584
      1.130973355292326     0.3769911184307753  -0.006876165946452567
      1.130973355292326     0.5026548245743672   0.004045757973244899
      1.130973355292326     0.6283185307179582    0.01098641510729507
      1.130973355292326     0.7539822368615501    0.01066586457155439
      1.130973355292326     0.8796459430051424    0.01263389945487222
      1.130973355292326      1.005309649148734    0.01603039484672319
      1.130973355292326      1.130973355292326    0.01238389086191813
      1.130973355292326      1.256637061435917    0.00340251667000854
      1.130973355292326      1.382300767579509  -0.001710997693635831
      1.130973355292326      1.507964473723101 -0.0005535205585673139
      1.130973355292326      1.633628179866692  0.0009883611360742169
      1.130973355292326      1.759291886010284 -8.832354859456125e-05
      1.130973355292326      1.884955592153876 -0.0004365516074067273
      1.130973355292326      2.010619298297467  0.0005891886174464568
      1.130973355292326       2.13628300444106 -2.212684896266152e-05
      1.130973355292326      2.261946710584651 -0.0007591426473227144
      1.130973355292326      2.387610416728243    0.00060673159690499
      1.130973355292326      2.513274122871834  0.0005956170249007285
      1.130973355292326      2.638937829015426  -0.001208655438256093
      1.130973355292326      2.764601535159018 -0.0002942181295727435
      1.130973355292326      2.890265241302609   0.001225609777924576
      1.130973355292326      3.015928947446201   0.003109423344575704
      1.256637061435917     -3.141592653589793    0.01784013671082334
      1.256637061435917     -3.015928947446201    0.04640708673698329
      1.256637061435917      -2.89026524130261    0.06680564351283722
      1.256637061435917     -2.764601535159018    0.07282985348283325
      1.256637061435917     -2.638937829015426    0.08133584717621253
      1.256637061435917     -2.513274122871834    0.08756120987590488
      1.256637061435917     -2.387610416728243     0.0749118894872554
      1.256637061435917     -2.261946710584651    0.05972830998886335
      1.256637061435917     -2.136283004441059    0.06450175559628574
      1.256637061435917     -2.010619298297468    0.07664020535250413
      1.256637061435917     -1.884955592153876    0.08005597329795618
      1.256637061435917     -1.759291886010284    0.08728761561443987
      1.256637061435917     -1.633628179866693     0.1165071999748027
      1.256637061435917     -1.507964473723101     0.1685263701924157
      1.256637061435917     -1.382300767579509     0.2200929857582354
      1.256637061435917     -1.256637061435917     0.2227324655339004
      1.256637061435917     -1.130973355292325     0.1513621234935036
      1.256637061435917     -1.005309649148733     0.0605839589104859
      1.256637061435917     -0.879645943005142    0.02045258266904432
      1.256637061435917    -0.7539822368615505    0.01648850794315678
      1.256637061435917    -0.6283185307179586   0.001307245195091993
      1.256637061435917    -0.5026548245743667   -0.01528846484483837
      1.256637061435917    -0.3769911184307753   -0.01116665758811632
      1.256637061435917    -0.2513274122871838  -0.003782142269046494
      1.256637061435917    -0.1256637061435919  -0.005248017302044141
      1.256637061435917                      0  -0.004082350498656663
      1.256637061435917     0.1256637061435919  -0.001618110993366525
      1.256637061435917     0.2513274122871834  -0.005028831038727343
      1.256637061435917     0.3769911184307753  -0.004192812879115251
      1.256637061435917     0.5026548245743672   0.005865686818631409
      1.256637061435917     0.6283185307179582     0.0130018166481674
      1.256637061435917     0.7539822368615501      0.013635612428513
      1.256637061435917     0.8796459430051424    0.01583205740420339
      1.256637061435917      1.005309649148734    0.01833104848015263
      1.256637061435917      1.130973355292326    0.01383085031478246
      1.256637061435917      1.256637061435917   0.004850560142588283
      1.256637061435917      1.382300767579509 -0.0003369253694596029
      1.256637061435917      1.507964473723101  -0.000180624557596973
      1.256637061435917      1.633628179866692  0.0005193018305700926
      1.256637061435917      1.759291886010284 -0.0002521489552661318
      1.256637061435917      1.884955592153876 -0.0001527637830107608
      1.256637061435917      2.010619298297467  0.0006085408048269514
      1.256637061435917       2.13628300444106 -0.0002329380547614479
      1.256637061435917      2.261946710584651  -0.000714391407219379
      1.256637061435917      2.387610416728243  0.0007693584579096752
      1.256637061435917      2.513274122871834  0.0005131233571048497
      1.256637061435917      2.638937829015426   -0.00136145094693997
      1.256637061435917      2.764601535159018 -7.125942498158152e-05
      1.256637061435917      2.890265241302609   0.001841972488541698
      1.256637061435917      3.015928947446201   0.003468824135795859
      1.382300767579509     -3.141592653589793    0.02151252142986346
      1.382300767579509     -3.015928947446201    0.04794672391008277
      1.382300767579509      -2.89026524130261    0.06839975767982108
      1.382300767579509     -2.764601535159018    0.07313337913825704
      1.382300767579509     -2.638937829015426    0.07469629932383393
      1.382300767579509     -2.513274122871834    0.08124282960548096
      1.382300767579509     -2.387610416728243    0.08179422344689602
      1.382300767579509     -2.261946710584651    0.06863235226266473
      1.382300767579509     -2.136283004441059    0.05533586648594487
      1.382300767579509     -2.010619298297468    0.05920958776250664
      1.382300767579509     -1.884955592153876    0.07393367605660695
      1.382300767579509     -1.759291886010284    0.08057352215104628
      1.382300767579509     -1.633628179866693    0.08351338884183183
      1.382300767579509     -1.507964473723101     0.1062167448808071
      1.382300767579509     -1.382300767579509     0.1435423547676166
      1.382300767579509     -1.256637061435917      0.146372385473607
      1.382300767579509     -1.130973355292325    0.08568594141663469
      1.382300767579509     -1.005309649148733    0.01127200454838783
      1.382300767579509     -0.879645943005142   -0.01450573077164173
      1.382300767579509    -0.7539822368615505  -0.008857443641609562
      1.382300767579509    -0.6283185307179586   -0.01421866834234469
      1.382300767579509    -0.5026548245743667   -0.01763777091938778
      1.382300767579509    -0.3769911184307753  -0.002989233752836078
      1.382300767579509    -0.2513274122871838   0.004568622933738604
      1.382300767579509    -0.1256637061435919  -0.004026989059489577
      1.382300767579509                      0  -0.006484669600491101
      1.382300767579509     0.1256637061435919  0.0001452195983905841
      1.382300767579509     0.2513274122871834   0.002686438220374851
      1.382300767579509     0.3769911184307753   0.004932138231241084
      1.382300767579509     0.5026548245743672    0.01339135482527195
      1.382300767579509     0.6283185307179582    0.02115364600966597
      1.382300767579509     0.7539822368615501    0.02468229295255334
      1.382300767579509     0.8796459430051424    0.02746143885033183
      1.382300767579509      1.005309649148734     0.0268197940029155
      1.382300767579509      1.130973355292326    0.01913724191773964
      1.382300767579509      1.256637061435917   0.009462109463394331
      1.382300767579509      1.382300767579509    0.00347815589459399
      1.382300767579509      1.507964473723101  0.0005918118294282277
      1.382300767579509      1.633628179866692 -0.0007772628929676917
      1.382300767579509      1.759291886010284 -0.0004343428685663181
      1.382300767579509      1.884955592153876  0.0005774372541918979
      1.382300767579509      2.010619298297467  0.0003571204457997761
      1.382300767579509       2.13628300444106 -0.0006265723402017627
      1.382300767579509      2.261946710584651  -0.000282113321332782
      1.382300767579509      2.387610416728243  0.0008245343339602626
      1.382300767579509      2.513274122871834  8.189660108999726e-05
      1.382300767579509      2.638937829015426  -0.001167030338618051
      1.382300767579509      2.764601535159018  0.0004573275214514957
      1.382300767579509      2.890265241302609   0.003112539783747188
      1.382300767579509      3.015928947446201   0.006922733729464318
      1.507964473723101     -3.141592653589793    0.03128701490457358
      1.507964473723101     -3.015928947446201      0.062255601853858
      1.507964473723101      -2.89026524130261    0.08647081792049627
      1.507964473723101     -2.764601535159018    0.09086207099017748
      1.507964473723101     -2.638937829015426    0.08863233233788785
      1.507964473723101     -2.513274122871834    0.09736226454107644
      1.507964473723101     -2.387610416728243     0.1074815366403626
      1.507964473723101     -2.261946710584651    0.09551647508431833
      1.507964473723101     -2.136283004441059    0.07038662738548253
      1.507964473723101     -2.010619298297468    0.06797766671248266
      1.507964473723101     -1.884955592153876    0.08832322190473876
      1.507964473723101     -1.759291886010284    0.09479752530492487
      1.507964473723101     -1.633628179866693    0.08431383208206614
      1.507964473723101     -1.507964473723101    0.09271801786160583
      1.507964473723101     -1.382300767579509     0.1231883339425177
      1.507964473723101     -1.256637061435917     0.1250999832438587
      1.507964473723101     -1.130973355292325    0.06866662307211181
      1.507964473723101     -1.005309649148733    0.00297444518340379
      1.507964473723101     -0.879645943005142   -0.01424676648980683
      1.507964473723101    -0.7539822368615505  -0.003845165326934158
      1.507964473723101    -0.6283185307179586  -0.006261170341588731
      1.507964473723101    -0.5026548245743667  -0.005298427903537266
      1.507964473723101    -0.3769911184307753    0.01292335581394589
      1.507964473723101    -0.2513274122871838    0.01842083495850404
      1.507964473723101    -0.1256637061435919   0.003666951578724223
      1.507964473723101                      0  -0.001988379593398426
      1.507964473723101     0.1256637061435919   0.007359430158328877
      1.507964473723101     0.2513274122871834    0.01429228594111556
      1.507964473723101     0.3769911184307753    0.01751544690350185
      1.507964473723101     0.5026548245743672    0.02393321209979868
      1.507964473723101     0.6283185307179582    0.03174485971007552
      1.507964473723101     0.7539822368615501    0.04025855803853415
      1.507964473723101     0.8796459430051424    0.04830938106082785
      1.507964473723101      1.005309649148734    0.04622366348704857
      1.507964473723101      1.130973355292326    0.03158275644030271
      1.507964473723101      1.256637061435917    0.01676108402856736
      1.507964473723101      1.382300767579509    0.00851201861326565
      1.507964473723101      1.507964473723101   0.002341246677064638
      1.507964473723101      1.633628179866692  -0.001809711752795317
      1.507964473723101      1.759291886010284 -0.0007655798400729598
      1.507964473723101      1.884955592153876   0.001372240418146771
      1.507964473723101      2.010619298297467  0.0002173298943357778
      1.507964473723101       2.13628300444106  -0.001157524160762032
      1.507964473723101      2.261946710584651  9.321061807343336e-05
      1.507964473723101      2.387610416728243   0.001089132561087114
      1.507964473723101      2.513274122871834  -0.000413806134961486
      1.507964473723101      2.638937829015426  -0.001260568543982244
      1.507964473723101      2.764601535159018   0.001505738805947257
      1.507964473723101      2.890265241302609   0.005732288866155142
      1.507964473723101      3.015928947446201    0.01252251577046747
      1.633628179866692     -3.141592653589793    0.03865175216715004
      1.633628179866692     -3.015928947446201    0.07370408292918969
      1.633628179866692      -2.89026524130261    0.09966488906444045
      1.633628179866692     -2.764601535159018     0.1029252342995558
      1.633628179866692     -2.638937829015426     0.1003676676367393
      1.633628179866692     -2.513274122871834     0.1117649016571298
      1.633628179866692     -2.387610416728243     0.1252187230216529
      1.633628179866692     -2.261946710584651     0.1140714409077632
      1.633628179866692     -2.136283004441059    0.08671900608673441
      1.633628179866692     -2.010619298297468     0.0806300247280345
      1.633628179866692     -1.884955592153876    0.09760542919826143
      1.633628179866692     -1.759291886010284     0.1023795508203312
      1.633628179866692     -1.633628179866693    0.09175635936891684
      1.633628179866692     -1.507964473723101    0.09818527703357351
      1.633628179866692     -1.382300767579509     0.1227778404607613
      1.633628179866692     -1.256637061435917     0.1223738203590229
      1.633628179866692     -1.130973355292325    0.07614349994051461
      1.633628179866692     -1.005309649148733    0.02608864333569921
      1.633628179866692     -0.879645943005142      0.015069187461626
      1.633628179866692    -0.7539822368615505    0.02234436768067145
      1.633628179866692    -0.6283185307179586    0.01714526048497141
      1.633628179866692    -0.5026548245743667    0.01659362120970105
      1.633628179866692    -0.3769911184307753    0.03108885180123712
      1.633628179866692    -0.2513274122871838    0.03245210040537386
      1.633628179866692    -0.1256637061435919     0.0152612743709312
      1.633628179866692                      0   0.008048077080251098
      1.633628179866692     0.1256637061435919    0.01714392465066848
      1.633628179866692     0.2513274122871834    0.02532160757603948
      1.633628179866692     0.3769911184307753    0.02818476208871197
      1.633628179866692     0.5026548245743672    0.03124678098693688
      1.633628179866692     0.6283185307179582    0.03736878027255853
      1.633628179866692     0.7539822368615501    0.05056208397128382
      1.633628179866692     0.8796459430051424      0.065713894954636
      1.633628179866692      1.005309649148734    0.06417490148252061
      1.633628179866692      1.130973355292326    0.04295074241844318
      1.633628179866692      1.256637061435917    0.02256995801219303
      1.633628179866692      1.382300767579509    0.01254965373731422
      1.633628179866692      1.507964473723101   0.004327401326397336
      1.633628179866692      1.633628179866692  -0.002204891446262534
      1.633628179866692      1.759291886010284  -0.001101681602984899
      1.633628179866692      1.884955592153876   0.001903933232514802
      1.633628179866692      2.010619298297467  0.0002100229781794317
      1.633628179866692       2.13628300444106  -0.001578954445969253
      1.633628179866692      2.261946710584651  0.0002973924341162391
      1.633628179866692      2.387610416728243   0.001388565261827359
      1.633628179866692      2.513274122871834 -0.0007880667143036683
      1.633628179866692      2.638937829015426  -0.001491914345603711
      1.633628179866692      2.764601535159018   0.002607876446522486
      1.633628179866692      2.890265241302609    0.00828037189184211
      1.633628179866692      3.015928947446201    0.01668923648704656
      1.759291886010284     -3.141592653589793    0.04002788297234312
      1.759291886010284     -3.015928947446201    0.07212411878642506
      1.759291886010284      -2.89026524130261    0.09493637954942043
      1.759291886010284     -2.764601535159018     0.0961524563538437
      1.759291886010284     -2.638937829015426    0.09157445715375399
      1.759291886010284     -2.513274122871834     0.1021286640645794
      1.759291886010284     -2.387610416728243     0.1182415131538998
      1.759291886010284     -2.261946710584651     0.1109472887328785
      1.759291886010284     -2.136283004441059    0.08374498784954137
      1.759291886010284     -2.010619298297468     0.0734569838799501
      1.759291886010284     -1.884955592153876    0.08579434882355182
      1.759291886010284     -1.759291886010284    0.08818527578420152
      1.759291886010284     -1.633628179866693    0.07459730674967713
      1.759291886010284     -1.507964473723101    0.07195467565990632
      1.759291886010284     -1.382300767579509    0.08371737078169318
      1.759291886010284     -1.256637061435917    0.08210322335889991
      1.759291886010284     -1.130973355292325     0.0565953397653355
      1.759291886010284     -1.005309649148733    0.03360947441029626
      1.759291886010284     -0.879645943005142     0.0338119500136374
      1.759291886010284    -0.7539822368615505    0.03977179284276961
      1.759291886010284    -0.6283185307179586    0.03515206084380945
      1.759291886010284    -0.5026548245743667    0.03522217780143628
      1.759291886010284    -0.3769911184307753    0.04492969499408405
      1.759291886010284    -0.2513274122871838    0.04192610404270555
      1.759291886010284    -0.1256637061435919    0.02412126842272459
      1.759291886010284                      0    0.01596320569443668
      1.759291886010284     0.1256637061435919    0.02400529598452218
      1.759291886010284     0.2513274122871834    0.03324055828985082
      1.759291886010284     0.3769911184307753    0.03563660777820994
      1.759291886010284     0.5026548245743672    0.03448546322276849
      1.759291886010284     0.6283185307179582    0.03782486308572862
      1.759291886010284     0.7539822368615501    0.05378175022490843
      1.759291886010284     0.8796459430051424    0.07337985361478119
      1.759291886010284      1.005309649148734    0.07202145450953139
      1.759291886010284      1.130973355292326    0.04738942164590104
      1.759291886010284      1.256637061435917     0.0250321424952496
      1.759291886010284      1.382300767579509    0.01498455288302997
      1.759291886010284      1.507964473723101   0.005655376882638526
      1.759291886010284      1.633628179866692  -0.002450123420590655
      1.759291886010284      1.759291886010284  -0.001243420612743909
      1.759291886010284      1.884955592153876   0.002228711550739143
      1.759291886010284      2.010619298297467  7.588438124536689e-05
      1.759291886010284       2.13628300444106  -0.001769005426824773
      1.759291886010284      2.261946710584651  0.0005754247634456376
      1.759291886010284      2.387610416728243   0.001396369616543311
      1.759291886010284      2.513274122871834  -0.001136037940931291
      1.759291886010284      2.638937829015426  -0.001330852297609575
      1.759291886010284      2.764601535159018   0.003340175402392135
      1.759291886010284      2.890265241302609   0.009480852463647488
      1.759291886010284      3.015928947446201    0.01864708224009456
      1.884955592153876     -3.141592653589793    0.04346949044248949
      1.884955592153876     -3.015928947446201    0.07287576392836535
      1.884955592153876      -2.89026524130261    0.09299801328843235
      1.884955592153876     -2.764601535159018    0.09231663435729737
      1.884955592153876     -2.638937829015426    0.08268290278138365
      1.884955592153876     -2.513274122871834    0.08717475323396434
      1.884955592153876     -2.387610416728243     0.1034293493532378
      1.884955592153876     -2.261946710584651     0.1015526418054413
      1.884955592153876     -2.136283004441059    0.07653548205743235
      1.884955592153876     -2.010619298297468    0.06219569906095029
      1.884955592153876     -1.884955592153876    0.07014522477397041
      1.884955592153876     -1.759291886010284    0.07179777898019875
      1.884955592153876     -1.633628179866693    0.05570955111425765
      1.884955592153876     -1.507964473723101    0.04355886356787748
      1.884955592153876     -1.382300767579509    0.04570257557382721
      1.884955592153876     -1.256637061435917    0.04680710097049297
      1.884955592153876     -1.130973355292325    0.03797408441683344
      1.884955592153876     -1.005309649148733    0.03374300503435314
      1.884955592153876     -0.879645943005142     0.0444691966929064
      1.884955592153876    -0.7539822368615505    0.05471760943231561
      1.884955592153876    -0.6283185307179586    0.05279109934293751
      1.884955592153876    -0.5026548245743667    0.05187265585553711
      1.884955592153876    -0.3769911184307753    0.05652345019068992
      1.884955592153876    -0.2513274122871838    0.04983478941575987
      1.884955592153876    -0.1256637061435919    0.03114732607977817
      1.884955592153876                      0    0.02190728882185391
      1.884955592153876     0.1256637061435919    0.02961078206581825
      1.884955592153876     0.2513274122871834    0.04070960110071468
      1.884955592153876     0.3769911184307753    0.04337993573891527
      1.884955592153876     0.5026548245743672    0.03876860532416293
      1.884955592153876     0.6283185307179582    0.03957753401542985
      1.884955592153876     0.7539822368615501    0.05795809051405297
      1.884955592153876     0.8796459430051424    0.08157508611027467
      1.884955592153876      1.005309649148734    0.08005987372016002
      1.884955592153876      1.130973355292326     0.0517240160565496
      1.884955592153876      1.256637061435917    0.02727009092961541
      1.884955592153876      1.382300767579509    0.01722344926298424
      1.884955592153876      1.507964473723101   0.006808933016717113
      1.884955592153876      1.633628179866692  -0.002755676812575891
      1.884955592153876      1.759291886010284    -0.0012815375964236
      1.884955592153876      1.884955592153876   0.002563010176576323
      1.884955592153876      2.010619298297467 -0.0001933325402485592
      1.884955592153876       2.13628300444106  -0.001900335099797791
      1.884955592153876      2.261946710584651  0.0009991627790140558
      1.884955592153876      2.387610416728243   0.001246532659795175
      1.884955592153876      2.513274122871834  -0.001588049401659526
      1.884955592153876      2.638937829015426 -0.0009048058455619459
      1.884955592153876      2.764601535159018   0.004036681287365482
      1.884955592153876      2.890265241302609    0.01038430031608232
      1.884955592153876      3.015928947446201    0.02139916111725582
      2.010619298297467     -3.141592653589793    0.05059172731929974
      2.010619298297467     -3.015928947446201    0.08264041508875365
      2.010619298297467      -2.89026524130261     0.1033981268748739
      2.010619298297467     -2.764601535159018     0.1019467940213663
      2.010619298297467     -2.638937829015426    0.08967192237528525
      2.010619298297467     -2.513274122871834    0.08883993253698892
      2.010619298297467     -2.387610416728243     0.1011574920063631
      2.010619298297467     -2.261946710584651     0.1029739351759371
      2.010619298297467     -2.136283004441059    0.08496830455325113
      2.010619298297467     -2.010619298297468    0.06935423722836315
      2.010619298297467     -1.884955592153876    0.07009066071395935
      2.010619298297467     -1.759291886010284    0.07210918682875103
      2.010619298297467     -1.633628179866693    0.06372202443015272
      2.010619298297467     -1.507964473723101    0.05544376041338694
      2.010619298297467     -1.382300767579509    0.05736261211842718
      2.010619298297467     -1.256637061435917    0.06137348798931112
      2.010619298297467     -1.130973355292325    0.05844594944600421
      2.010619298297467     -1.005309649148733    0.05887771729912843
      2.010619298297467     -0.879645943005142    0.07259702035404465
      2.010619298297467    -0.7539822368615505    0.08460028724230904
      2.010619298297467    -0.6283185307179586    0.08063928668693013
      2.010619298297467    -0.5026548245743667    0.07237640163994141
      2.010619298297467    -0.3769911184307753    0.06865521603306933
      2.010619298297467    -0.2513274122871838     0.0582234089294383
      2.010619298297467    -0.1256637061435919    0.03961987572707427
      2.010619298297467                      0    0.02994181909190108
      2.010619298297467     0.1256637061435919    0.03664155437656088
      2.010619298297467     0.2513274122871834    0.04816896423016703
      2.010619298297467     0.3769911184307753    0.05097654095763383
      2.010619298297467     0.5026548245743672    0.04396523104967755
      2.010619298297467     0.6283185307179582    0.04268123077741907
      2.010619298297467     0.7539822368615501    0.06392983649218265
      2.010619298297467     0.8796459430051424    0.09330733503117417
      2.010619298297467      1.005309649148734    0.09277092394329649
      2.010619298297467      1.130973355292326    0.05929524141069731
      2.010619298297467      1.256637061435917    0.03039092770511992
      2.010619298297467      1.382300767579509    0.01942096758026266
      2.010619298297467      1.507964473723101    0.00818306637577792
      2.010619298297467      1.633628179866692  -0.002783733876681153
      2.010619298297467      1.759291886010284  -0.001363703865969075
      2.010619298297467      1.884955592153876   0.002826027628365855
      2.010619298297467      2.010619298297467  -0.000353459933936577
      2.010619298297467       2.13628300444106  -0.002051695825590241
      2.010619298297467      2.261946710584651   0.001304077160154772
      2.010619298297467      2.387610416728243   0.001218922664237431
      2.010619298297467      2.513274122871834  -0.001978091420625684
      2.010619298297467      2.638937829015426 -0.0007001126460533085
      2.010619298297467      2.764601535159018   0.004845924788057753
      2.010619298297467      2.890265241302609    0.01176415796878443
      2.010619298297467      3.015928947446201     0.0249519322154071
       2.13628300444106     -3.141592653589793    0.05217518841398952
       2.13628300444106     -3.015928947446201    0.08711857684634916
       2.13628300444106      -2.89026524130261     0.1084156068189325
       2.13628300444106     -2.764601535159018     0.1071635568978839
       2.13628300444106     -2.638937829015426    0.09918168443413247
       2.13628300444106     -2.513274122871834     0.1004557259611996
       2.13628300444106     -2.387610416728243     0.1080021681847712
       2.13628300444106     -2.261946710584651     0.1097060377713771
       2.13628300444106     -2.136283004441059     0.1008153792042204
       2.13628300444106     -2.010619298297468    0.08760098578706654
       2.13628300444106     -1.884955592153876    0.07966915276570583
       2.13628300444106     -1.759291886010284    0.08077042938201577
       2.13628300444106     -1.633628179866693    0.08705494917488409
       2.13628300444106     -1.507964473723101    0.09363453277211502
       2.13628300444106     -1.382300767579509    0.09867656833842262
       2.13628300444106     -1.256637061435917     0.1003948976718106
       2.13628300444106     -1.130973355292325     0.0991654541381503
       2.13628300444106     -1.005309649148733     0.1022616280584511
       2.13628300444106     -0.879645943005142     0.1122237661889396
       2.13628300444106    -0.7539822368615505     0.1161889003636426
       2.13628300444106    -0.6283185307179586     0.1048303150692066
       2.13628300444106    -0.5026548245743667    0.08805812510921032
       2.13628300444106    -0.3769911184307753     0.0752890244016884
       2.13628300444106    -0.2513274122871838    0.06184420116041908
       2.13628300444106    -0.1256637061435919    0.04618818131117397
       2.13628300444106                      0    0.03773494295581052
       2.13628300444106     0.1256637061435919    0.04158713422988894
       2.13628300444106     0.2513274122871834    0.05032986198646854
       2.13628300444106     0.3769911184307753    0.05202808471552844
       2.13628300444106     0.5026548245743672    0.04360133672344736
       2.13628300444106     0.6283185307179582    0.04070055080604486
       2.13628300444106     0.7539822368615501    0.06304835017714217
       2.13628300444106     0.8796459430051424    0.09629099736795975
       2.13628300444106      1.005309649148734    0.09789772058700492
       2.13628300444106      1.130973355292326    0.06255137291399311
       2.13628300444106      1.256637061435917    0.03101370855937164
       2.13628300444106      1.382300767579509    0.01958885405253703
       2.13628300444106      1.507964473723101    0.00892348243859401
       2.13628300444106      1.633628179866692  -0.002253371777311196
       2.13628300444106      1.759291886010284  -0.001452313128537513
       2.13628300444106      1.884955592153876   0.002708174985784523
       2.13628300444106      2.010619298297467  -0.000217749202287573
       2.13628300444106       2.13628300444106  -0.002062244193979786
       2.13628300444106      2.261946710584651   0.001179243003376023
       2.13628300444106      2.387610416728243   0.001349493718797249
       2.13628300444106      2.513274122871834  -0.001951010733114332
       2.13628300444106      2.638937829015426 -0.0009288438055104392
       2.13628300444106      2.764601535159018   0.005189457595411056
       2.13628300444106      2.890265241302609    0.01249472511158632
       2.13628300444106      3.015928947446201    0.02524813325226369
      2.261946710584651     -3.141592653589793    0.04634844418616346
      2.261946710584651     -3.015928947446201    0.08324448261354302
      2.261946710584651      -2.89026524130261     0.1043751740715543
      2.261946710584651     -2.764601535159018     0.1032465148369956
      2.261946710584651     -2.638937829015426     0.1034582440408485
      2.261946710584651     -2.513274122871834     0.1110520208605864
      2.261946710584651     -2.387610416728243     0.1114561916088056
      2.261946710584651     -2.261946710584651     0.1071086224580694
      2.261946710584651     -2.136283004441059     0.1061580271874358
      2.261946710584651     -2.010619298297468    0.09899081978075742
      2.261946710584651     -1.884955592153876    0.08448905238059133
      2.261946710584651     -1.759291886010284    0.08390043793953282
      2.261946710584651     -1.633628179866693     0.1066928436667537
      2.261946710584651     -1.507964473723101     0.1348524009551524
      2.261946710584651     -1.382300767579509     0.1484365911169179
      2.261946710584651     -1.256637061435917     0.1459766095209964
      2.261946710584651     -1.130973355292325     0.1390399680309584
      2.261946710584651     -1.005309649148733      0.136609704578831
      2.261946710584651     -0.879645943005142     0.1355991383921962
      2.261946710584651    -0.7539822368615505     0.1259431786225358
      2.261946710584651    -0.6283185307179586     0.1056547540990691
      2.261946710584651    -0.5026548245743667    0.08438227369121774
      2.261946710584651    -0.3769911184307753    0.06886553190774182
      2.261946710584651    -0.2513274122871838    0.05633279178623343
      2.261946710584651    -0.1256637061435919    0.04523444315204986
      2.261946710584651                      0    0.03941370688646134
      2.261946710584651     0.1256637061435919    0.04032192878278205
      2.261946710584651     0.2513274122871834    0.04392779505013667
      2.261946710584651     0.3769911184307753    0.04367619290351112
      2.261946710584651     0.5026548245743672    0.03649826651324606
      2.261946710584651     0.6283185307179582    0.03377974841666784
      2.261946710584651     0.7539822368615501    0.05398287127906138
      2.261946710584651     0.8796459430051424    0.08619820214377268
      2.261946710584651      1.005309649148734    0.09023261951057523
      2.261946710584651      1.130973355292326    0.05821269222267862
      2.261946710584651      1.256637061435917    0.02777351082172907
      2.261946710584651      1.382300767579509    0.01681745311267971
      2.261946710584651      1.507964473723101   0.008335517028211028
      2.261946710584651      1.633628179866692  -0.001310572585145265
      2.261946710584651      1.759291886010284  -0.001477394532358497
      2.261946710584651      1.884955592153876   0.002165996448765398
      2.261946710584651      2.010619298297467  0.0001994650469162307
      2.261946710584651       2.13628300444106  -0.001875599715922033
      2.261946710584651      2.261946710584651  0.0005958114804268812
      2.261946710584651      2.387610416728243   0.001584667732555228
      2.261946710584651      2.513274122871834  -0.001420325455211681
      2.261946710584651      2.638937829015426  -0.001542021985092869
      2.261946710584651      2.764601535159018   0.004718868056902553
      2.261946710584651      2.890265241302609    0.01185152421410568
      2.261946710584651      3.015928947446201    0.02126838837907349
      2.387610416728243     -3.141592653589793    0.03869606183346206
      2.387610416728243     -3.015928947446201     0.0773982134611232
      2.387610416728243      -2.89026524130261    0.09893387283203992
      2.387610416728243     -2.764601535159018    0.09808027144183862
      2.387610416728243     -2.638937829015426     0.1049571879845248
      2.387610416728243     -2.513274122871834     0.1167561302641081
      2.387610416728243     -2.387610416728243     0.1084303445499707
      2.387610416728243     -2.261946710584651    0.09574425923803226
      2.387610416728243     -2.136283004441059     0.1003990956093686
      2.387610416728243     -2.010619298297468     0.1005992392576443
      2.387610416728243     -1.884955592153876    0.08385350938319555
      2.387610416728243     -1.759291886010284    0.08288865172524271
      2.387610416728243     -1.633628179866693     0.1191559486158257
      2.387610416728243     -1.507964473723101     0.1682930696196845
      2.387610416728243     -1.382300767579509     0.1958632966446407
      2.387610416728243     -1.256637061435917     0.1919566996222234
      2.387610416728243     -1.130973355292325     0.1700394232597233
      2.387610416728243     -1.005309649148733      0.148535272640191
      2.387610416728243     -0.879645943005142     0.1326790842019082
      2.387610416728243    -0.7539822368615505      0.113307131566678
      2.387610416728243    -0.6283185307179586    0.08687871921083568
      2.387610416728243    -0.5026548245743667     0.0643730926038321
      2.387610416728243    -0.3769911184307753    0.05231229846135099
      2.387610416728243    -0.2513274122871838    0.04431049485753107
      2.387610416728243    -0.1256637061435919    0.03715358721760083
      2.387610416728243                      0    0.03409748318793203
      2.387610416728243     0.1256637061435919     0.0336368110049412
      2.387610416728243     0.2513274122871834     0.0324584629306097
      2.387610416728243     0.3769911184307753    0.03078850081229852
      2.387610416728243     0.5026548245743672    0.02744860893435542
      2.387610416728243     0.6283185307179582    0.02675112822481709
      2.387610416728243     0.7539822368615501    0.04277604482003493
      2.387610416728243     0.8796459430051424    0.07020729504793856
      2.387610416728243      1.005309649148734    0.07590422250985729
      2.387610416728243      1.130973355292326    0.04981709337641292
      2.387610416728243      1.256637061435917    0.02264368109449626
      2.387610416728243      1.382300767579509    0.01254325580162153
      2.387610416728243      1.507964473723101   0.006772390236827208
      2.387610416728243      1.633628179866692 -0.0003966775720849841
      2.387610416728243      1.759291886010284  -0.001387381532037611
      2.387610416728243      1.884955592153876   0.001479787034070114
      2.387610416728243      2.010619298297467  0.0006311634423592966
      2.387610416728243       2.13628300444106  -0.001571006299717708
      2.387610416728243      2.261946710584651 -8.166889519811199e-05
      2.387610416728243      2.387610416728243   0.001750766200023806
      2.387610416728243      2.513274122871834 -0.0007221918334329081
      2.387610416728243      2.638937829015426  -0.002130161709813292
      2.387610416728243      2.764601535159018   0.003738313034377352
      2.387610416728243      2.890265241302609    0.01022055699980068
      2.387610416728243      3.015928947446201    0.01592832306705771
      2.513274122871834     -3.141592653589793    0.02927684261200048
      2.513274122871834     -3.015928947446201    0.06318816197429901
      2.513274122871834      -2.89026524130261    0.08262148748898417
      2.513274122871834     -2.764601535159018    0.08372904533226133
      2.513274122871834     -2.638937829015426     0.0949054453501695
      2.513274122871834     -2.513274122871834     0.1099457040499445
      2.513274122871834     -2.387610416728243      0.102033307243276
      2.513274122871834     -2.261946710584651    0.08865753984181614
      2.513274122871834     -2.136283004441059    0.09462669175504768
      2.513274122871834     -2.010619298297468    0.09855272133321459
      2.513274122871834     -1.884955592153876    0.08486997854422827
      2.513274122871834     -1.759291886010284    0.08434619368017655
      2.513274122871834     -1.633628179866693     0.1209678801795271
      2.513274122871834     -1.507964473723101     0.1727286665700773
      2.513274122871834     -1.382300767579509     0.2023148953266437
      2.513274122871834     -1.256637061435917     0.1958290376097629
      2.513274122871834     -1.130973355292325     0.1672275034226032
      2.513274122871834     -1.005309649148733     0.1382543614947442
      2.513274122871834     -0.879645943005142     0.1168022405670201
      2.513274122871834    -0.7539822368615505    0.09499535479762058
      2.513274122871834    -0.6283185307179586    0.06883198562297604
      2.513274122871834    -0.5026548245743667    0.04750440453570012
      2.513274122871834    -0.3769911184307753    0.03688538890459997
      2.513274122871834    -0.2513274122871838    0.03148411147723258
      2.513274122871834    -0.1256637061435919    0.02772057669085402
      2.513274122871834                      0    0.02654427975924123
      2.513274122871834     0.1256637061435919    0.02510217612855287
      2.513274122871834     0.2513274122871834    0.02173782719289979
      2.513274122871834     0.3769911184307753    0.01980726527844857
      2.513274122871834     0.5026548245743672    0.01886676013218277
      2.513274122871834     0.6283185307179582    0.01933264189103219
      2.513274122871834     0.7539822368615501    0.03096531046547088
      2.513274122871834     0.8796459430051424    0.05173323412598294
      2.513274122871834      1.005309649148734    0.05725154848570045
      2.513274122871834      1.130973355292326    0.03818376226454164
      2.513274122871834      1.256637061435917    0.01684354778786165
      2.513274122871834      1.382300767579509   0.008572558493708554
      2.513274122871834      1.507964473723101   0.004923403167535641
      2.513274122871834      1.633628179866692  0.0001138030826705487
      2.513274122871834      1.759291886010284  -0.001110477267271512
      2.513274122871834      1.884955592153876  0.0009007992323234612
      2.513274122871834      2.010619298297467  0.0007358661897858584
      2.513274122871834       2.13628300444106  -0.001162049812855057
      2.513274122871834      2.261946710584651  -0.000398773685558351
      2.513274122871834      2.387610416728243   0.001542125986248334
      2.513274122871834      2.513274122871834 -0.0002606435911239004
      2.513274122871834      2.638937829015426  -0.002068777953069258
      2.513274122871834      2.764601535159018   0.002647591103216585
      2.513274122871834      2.890265241302609   0.007837049699736134
      2.513274122871834      3.015928947446201    0.01101737696295552
      2.638937829015426     -3.141592653589793    0.01905277707648104
      2.638937829015426     -3.015928947446201    0.04202303193858778
      2.638937829015426      -2.89026524130261    0.05644871837359217
      2.638937829015426     -2.764601535159018    0.06040966637767442
      2.638937829015426     -2.638937829015426    0.07393866921225888
      2.638937829015426     -2.513274122871834     0.0923028877609547
      2.638937829015426     -2.387610416728243    0.09407235723469713
      2.638937829015426     -2.261946710584651    0.08763836213353267
      2.638937829015426     -2.136283004441059    0.09110734378855044
      2.638937829015426     -2.010619298297468    0.09423852693503548
      2.638937829015426     -1.884955592153876    0.08640595401709067
      2.638937829015426     -1.759291886010284    0.08601180577360404
      2.638937829015426     -1.633628179866693     0.1112307387928764
      2.638937829015426     -1.507964473723101     0.1476448793097143
      2.638937829015426     -1.382300767579509     0.1645096927983414
      2.638937829015426     -1.256637061435917     0.1531956924314197
      2.638937829015426     -1.130973355292325     0.1320895668739637
      2.638937829015426     -1.005309649148733     0.1155528716956174
      2.638937829015426     -0.879645943005142      0.100019423882322
      2.638937829015426    -0.7539822368615505    0.08039299421210486
      2.638937829015426    -0.6283185307179586    0.05939196293816489
      2.638937829015426    -0.5026548245743667    0.04119419743044304
      2.638937829015426    -0.3769911184307753    0.02823517419804434
      2.638937829015426    -0.2513274122871838    0.02198316030967531
      2.638937829015426    -0.1256637061435919    0.02095410281783149
      2.638937829015426                      0    0.02057960261390165
      2.638937829015426     0.1256637061435919    0.01795377841652103
      2.638937829015426     0.2513274122871834    0.01482746093914429
      2.638937829015426     0.3769911184307753    0.01335110457860122
      2.638937829015426     0.5026548245743672    0.01198498536272513
      2.638937829015426     0.6283185307179582    0.01187863292835506
      2.638937829015426     0.7539822368615501    0.02014507572480507
      2.638937829015426     0.8796459430051424    0.03458449211798335
      2.638937829015426      1.005309649148734    0.03853892124903072
      2.638937829015426      1.130973355292326    0.02596928803839451
      2.638937829015426      1.256637061435917    0.01164446946798063
      2.638937829015426      1.382300767579509   0.005878883480910558
      2.638937829015426      1.507964473723101   0.003393199509163625
      2.638937829015426      1.633628179866692  0.0002051877248959972
      2.638937829015426      1.759291886010284 -0.0007522404355580343
      2.638937829015426      1.884955592153876  0.0005381144009181869
      2.638937829015426      2.010619298297467  0.0005420067216385287
      2.638937829015426       2.13628300444106 -0.0007541580597002455
      2.638937829015426      2.261946710584651  -0.000335124573731939
      2.638937829015426      2.387610416728243   0.001058079556829998
      2.638937829015426      2.513274122871834 -0.0001133610246187223
      2.638937829015426      2.638937829015426  -0.001459820824899351
      2.638937829015426      2.764601535159018   0.001763007371870358
      2.638937829015426      2.890265241302609   0.005391798951448022
      2.638937829015426      3.015928947446201   0.007245901485456329
      2.764601535159018     -3.141592653589793    0.01465859225174596
      2.764601535159018     -3.015928947446201    0.03252838032366034
      2.764601535159018      -2.89026524130261    0.04467303285213289
      2.764601535159018     -2.764601535159018    0.04952596640168237
      2.764601535159018     -2.638937829015426    0.06230812918586459
      2.764601535159018     -2.513274122871834    0.07999479898475409
      2.764601535159018     -2.387610416728243    0.08527216528258325
      2.764601535159018     -2.261946710584651    0.08164746352314046
      2.764601535159018     -2.136283004441059    0.08309900731102889
      2.764601535159018     -2.010619298297468    0.08565689824178473
      2.764601535159018     -1.884955592153876    0.08164627707587206
      2.764601535159018     -1.759291886010284    0.08177330439052129
      2.764601535159018     -1.633628179866693     0.1000061499121138
      2.764601535159018     -1.507964473723101      0.127632538096657
      2.764601535159018     -1.382300767579509     0.1398166279788517
      2.764601535159018     -1.256637061435917     0.1282574072132097
      2.764601535159018     -1.130973355292325     0.1090963731491765
      2.764601535159018     -1.005309649148733    0.09503162234410363
      2.764601535159018     -0.879645943005142    0.08225770185328843
      2.764601535159018    -0.7539822368615505    0.06625923248443845
      2.764601535159018    -0.6283185307179586    0.04932002724920497
      2.764601535159018    -0.5026548245743667    0.03396199009139614
      2.764601535159018    -0.3769911184307753    0.02217398972526211
      2.764601535159018    -0.2513274122871838    0.01659032857228115
      2.764601535159018    -0.1256637061435919     0.0161330401937409
      2.764601535159018                      0     0.0158993148411006
      2.764601535159018     0.1256637061435919    0.01352029178662644
      2.764601535159018     0.2513274122871834     0.0110842378695612
      2.764601535159018     0.3769911184307753    0.01011353593957832
      2.764601535159018     0.5026548245743672   0.009127366580692299
      2.764601535159018     0.6283185307179582   0.009194913398592049
      2.764601535159018     0.7539822368615501     0.0156089112481029
      2.764601535159018     0.8796459430051424    0.02642134987255764
      2.764601535159018      1.005309649148734    0.02929662444363062
      2.764601535159018      1.130973355292326    0.01990554012863703
      2.764601535159018      1.256637061435917   0.009096447938429581
      2.764601535159018      1.382300767579509   0.004531766904147342
      2.764601535159018      1.507964473723101   0.002527913820884041
      2.764601535159018      1.633628179866692  0.0001540641459236979
      2.764601535159018      1.759291886010284 -0.0005607184092773814
      2.764601535159018      1.884955592153876  0.0003930601851834033
      2.764601535159018      2.010619298297467  0.0004165478472460075
      2.764601535159018       2.13628300444106 -0.0005608558845860129
      2.764601535159018      2.261946710584651 -0.0002698050454515685
      2.764601535159018      2.387610416728243  0.0008003231996767222
      2.764601535159018      2.513274122871834 -6.259105641289142e-05
      2.764601535159018      2.638937829015426  -0.001117559683417356
      2.764601535159018      2.764601535159018   0.001294289334250169
      2.764601535159018      2.890265241302609   0.004106258625276181
      2.764601535159018      3.015928947446201    0.00560543227200148
      2.890265241302609     -3.141592653589793    0.01420071511788473
      2.890265241302609     -3.015928947446201    0.03291140051709177
      2.890265241302609      -2.89026524130261    0.04555110969661813
      2.890265241302609     -2.764601535159018    0.04974844163127252
      2.890265241302609     -2.638937829015426    0.06082772123692987
      2.890265241302609     -2.513274122871834    0.07585207535993693
      2.890265241302609     -2.387610416728243    0.07779619203802729
      2.890265241302609     -2.261946710584651    0.07156894623526892
      2.890265241302609     -2.136283004441059    0.07243741945001622
      2.890265241302609     -2.010619298297468    0.07609669423104322
      2.890265241302609     -1.884955592153876    0.07358654710113682
      2.890265241302609     -1.759291886010284    0.07443243786776126
      2.890265241302609     -1.633628179866693    0.09260470100675045
      2.890265241302609     -1.507964473723101     0.1219933629906231
      2.890265241302609     -1.382300767579509     0.1394292692963671
      2.890265241302609     -1.256637061435917     0.1308787401952437
      2.890265241302609     -1.130973355292325     0.1055722659439178
      2.890265241302609     -1.005309649148733    0.08155899243822928
      2.890265241302609     -0.879645943005142    0.06560030516310303
      2.890265241302609    -0.7539822368615505    0.05194254382212408
      2.890265241302609    -0.6283185307179586    0.03636988749474238
      2.890265241302609    -0.5026548245743667    0.02303713188128615
      2.890265241302609    -0.3769911184307753    0.01588285847384288
      2.890265241302609    -0.2513274122871838    0.01299937368466951
      2.890265241302609    -0.1256637061435919    0.01197074601834095
      2.890265241302609                      0    0.01182916212849801
      2.890265241302609     0.1256637061435919    0.01059599681097588
      2.890265241302609     0.2513274122871834   0.008224518657219257
      2.890265241302609     0.3769911184307753   0.007471192094411985
      2.890265241302609     0.5026548245743672   0.008253412944036467
      2.890265241302609     0.6283185307179582   0.009532728378413369
      2.890265241302609     0.7539822368615501    0.01480395856104099
      2.890265241302609     0.8796459430051424    0.02374344706677879
      2.890265241302609      1.005309649148734    0.02637621909759275
      2.890265241302609      1.130973355292326    0.01815793510158645
      2.890265241302609      1.256637061435917    0.00814058624076386
      2.890265241302609      1.382300767579509   0.003673028251833147
      2.890265241302609      1.507964473723101   0.002019947101627622
      2.890265241302609      1.633628179866692  0.0001603589909495104
      2.890265241302609      1.759291886010284 -0.0005181110634945054
      2.890265241302609      1.884955592153876  0.0003169914626629572
      2.890265241302609      2.010619298297467   0.000451906833656223
      2.890265241302609       2.13628300444106 -0.0005150872496943725
      2.890265241302609      2.261946710584651 -0.0003477804714755523
      2.890265241302609      2.387610416728243   0.000802188925612961
      2.890265241302609      2.513274122871834  4.139601340006789e-05
      2.890265241302609      2.638937829015426  -0.001165353764632666
      2.890265241302609      2.764601535159018   0.001037497446764554
      2.890265241302609      2.890265241302609   0.003647764553280168
      2.890265241302609      3.015928947446201   0.004918108545939249
      3.015928947446201     -3.141592653589793   0.008832152697752558
      3.015928947446201     -3.015928947446201    0.02192712952450067
      3.015928947446201      -2.89026524130261    0.03168589178036015
      3.015928947446201     -2.764601535159018    0.03676055564694313
      3.015928947446201     -2.638937829015426    0.04912319634193633
      3.015928947446201     -2.513274122871834    0.06667653966255188
      3.015928947446201     -2.387610416728243    0.07398418212885541
      3.015928947446201     -2.261946710584651    0.07065136999827329
      3.015928947446201     -2.136283004441059    0.06923581502313143
      3.015928947446201     -2.010619298297468    0.07194379446741624
      3.015928947446201     -1.884955592153876    0.07205388499502413
      3.015928947446201     -1.759291886010284    0.07226267170155481
      3.015928947446201     -1.633628179866693    0.08386563477229067
      3.015928947446201     -1.507964473723101      0.104529803311047
      3.015928947446201     -1.382300767579509     0.1138847724618416
      3.015928947446201     -1.256637061435917     0.1022726201364347
      3.015928947446201     -1.130973355292325    0.08364190053776345
      3.015928947446201     -1.005309649148733    0.07019498814819479
      3.015928947446201     -0.879645943005142    0.05848856678380345
      3.015928947446201    -0.7539822368615505    0.04465696476850406
      3.015928947446201    -0.6283185307179586    0.03147667944949949
      3.015928947446201    -0.5026548245743667    0.02090902036435505
      3.015928947446201    -0.3769911184307753    0.01321434059746556
      3.015928947446201    -0.2513274122871838   0.009665804579076101
      3.015928947446201    -0.1256637061435919   0.009685086694016135
      3.015928947446201                      0   0.009784722238232331
      3.015928947446201     0.1256637061435919   0.007937895364382443
      3.015928947446201     0.2513274122871834   0.005714655651674432
      3.015928947446201     0.3769911184307753   0.004960543490607788
      3.015928947446201     0.5026548245743672   0.005053062786977443
      3.015928947446201     0.6283185307179582   0.005854836789310611
      3.015928947446201     0.7539822368615501   0.009821901569096674
      3.015928947446201     0.8796459430051424    0.01609979731568219
      3.015928947446201      1.005309649148734    0.01799717634651491
      3.015928947446201      1.130973355292326    0.01269134813920523
      3.015928947446201      1.256637061435917   0.005952093297443614
      3.015928947446201      1.382300767579509    0.00267897922187444
      3.015928947446201      1.507964473723101   0.001434726953204772
      3.015928947446201      1.633628179866692  0.0001637221892659808
      3.015928947446201      1.759291886010284 -0.0003924770601520295
      3.015928947446201      1.884955592153876  0.0001842649076603381
      3.015928947446201      2.010619298297467    0.00038367989579935
      3.015928947446201       2.13628300444106 -0.0003622206448232741
      3.015928947446201      2.261946710584651 -0.0003303892216599418
      3.015928947446201      2.387610416728243  0.0006206127719601761
      3.015928947446201      2.513274122871834  0.0001081462757103644
      3.015928947446201      2.638937829015426 -0.0009375356480595942
      3.015928947446201      2.764601535159018  0.0006836292320392088
      3.015928947446201      2.890265241302609   0.002663154443234021
      3.015928947446201      3.015928947446201   0.003065370675321497
