#! FIELDS phi3 phi4 hhphi3phi4
#! SET min_phi3 -pi
#! SET max_phi3 pi
#! SET min_phi4 -pi
#! SET max_phi4 pi
     -3.141592653589793     -3.141592653589793   0.005442782328693588
     -3.141592653589793     -3.015928947446201    0.02117955271651624
     -3.141592653589793      -2.89026524130261    0.03900396130004091
     -3.141592653589793     -2.764601535159018    0.06108345484815289
     -3.141592653589793     -2.638937829015426    0.08254954295716492
     -3.141592653589793     -2.513274122871834    0.08923513206313824
     -3.141592653589793     -2.387610416728243    0.07665574967654692
     -3.141592653589793     -2.261946710584651     0.0566666486143454
     -3.141592653589793     -2.136283004441059    0.04286025100435241
     -3.141592653589793     -2.010619298297468    0.03863394530046018
     -3.141592653589793     -1.884955592153876    0.03817373580867488
     -3.141592653589793     -1.759291886010284    0.03681417687917349
     -3.141592653589793     -1.633628179866693     0.0402648093301842
     -3.141592653589793     -1.507964473723101    0.05481395136164111
     -3.141592653589793     -1.382300767579509    0.06981109840718444
     -3.141592653589793     -1.256637061435917    0.06714066353709303
     -3.141592653589793     -1.130973355292325    0.04635549859027731
     -3.141592653589793     -1.005309649148733     0.0229725146688883
     -3.141592653589793     -0.879645943005142   0.007485344342948633
     -3.141592653589793    -0.7539822368615505  0.0003773264937196575
     -3.141592653589793    -0.6283185307179586  -0.001345439896625586
     -3.141592653589793    -0.5026548245743667  -0.002669241696331659
     -3.141592653589793    -0.3769911184307753  -0.006931333972533192
     -3.141592653589793    -0.2513274122871838   -0.01074293021087541
     -3.141592653589793    -0.1256637061435919  -0.009452244901035342
     -3.141592653589793                      0  -0.004795567216394434
     -3.141592653589793     0.1256637061435919  -0.001818173274174857
     -3.141592653589793     0.2513274122871834  -0.002061041376041317
     -3.141592653589793     0.3769911184307753    -0.0027093032462588
     -3.141592653589793     0.5026548245743672  -0.001047626589083048
     -3.141592653589793     0.6283185307179582   0.001646986316239912
     -3.141592653589793     0.7539822368615501   0.003326171219051631
     -3.141592653589793     0.8796459430051424   0.006080050235207001
     -3.141592653589793      1.005309649148734    0.01089838278140644
     -3.141592653589793      1.130973355292326    0.01229483576128871
     -3.141592653589793      1.256637061435917   0.007233490643300148
     -3.141592653589793      1.382300767579509   0.001457396346932186
     -3.141592653589793      1.507964473723101 -0.0005518035930886451
     -3.141592653589793      1.633628179866692 -0.0009673285954592561
     -3.141592653589793      1.759291886010284 -0.0009810378342931957
     -3.141592653589793      1.884955592153876  0.0001334729153848593
     -3.141592653589793      2.010619298297467  0.0005003108650445632
     -3.141592653589793       2.13628300444106 -0.0004160624290439463
     -3.141592653589793      2.261946710584651 -0.0002105089024022068
     -3.141592653589793      2.387610416728243  0.0005205443202705143
     -3.141592653589793      2.513274122871834 -8.386846621718093e-05
     -3.141592653589793      2.638937829015426 -0.0007152834514897677
     -3.141592653589793      2.764601535159018  -0.001752339763831082
     -3.141592653589793      2.890265241302609  -0.004728348964989129
     -3.141592653589793      3.015928947446201  -0.004327143384086209
     -3.015928947446201     -3.141592653589793    0.01067334971200827
     -3.015928947446201     -3.015928947446201    0.03111551107782903
     -3.015928947446201      -2.89026524130261    0.05381171861641103
     -3.015928947446201     -2.764601535159018    0.08520583987412961
     -3.015928947446201     -2.638937829015426      0.116374661326667
     -3.015928947446201     -2.513274122871834     0.1239699361445773
     -3.015928947446201     -2.387610416728243     0.1054331536386121
     -3.015928947446201     -2.261946710584651    0.08035114618467636
     -3.015928947446201     -2.136283004441059    0.06328071457212511
     -3.015928947446201     -2.010619298297468    0.05829968196759244
     -3.015928947446201     -1.884955592153876    0.06225147312181246
     -3.015928947446201     -1.759291886010284     0.0654882391899818
     -3.015928947446201     -1.633628179866693    0.06862221217430353
     -3.015928947446201     -1.507964473723101      0.083781334297531
     -3.015928947446201     -1.382300767579509     0.1032048153487473
     -3.015928947446201     -1.256637061435917     0.1002452166220545
     -3.015928947446201     -1.130973355292325    0.07180028060351737
     -3.015928947446201     -1.005309649148733    0.04113905797234012
     -3.015928947446201     -0.879645943005142    0.02110767470407113
     -3.015928947446201    -0.7539822368615505   0.009104582445449056
     -3.015928947446201    -0.6283185307179586   0.003514866000092385
     -3.015928947446201    -0.5026548245743667  0.0004696248623166747
     -3.015928947446201    -0.3769911184307753  -0.005887082815097732
     -3.015928947446201    -0.2513274122871838   -0.01138427024797855
     -3.015928947446201    -0.1256637061435919  -0.009404158170244852
     -3.015928947446201                      0  -0.004222150787193004
     -3.015928947446201     0.1256637061435919  -0.002032868107791424
     -3.015928947446201     0.2513274122871834  -0.001693063678462675
     -3.015928947446201     0.3769911184307753 -0.0009114351733567824
     -3.015928947446201     0.5026548245743672  0.0005367610836593205
     -3.015928947446201     0.6283185307179582   0.002884851056358139
     -3.015928947446201     0.7539822368615501   0.006081184676897965
     -3.015928947446201     0.8796459430051424    0.01096968408312371
     -3.015928947446201      1.005309649148734     0.0170296827191217
     -3.015928947446201      1.130973355292326    0.01804371321913636
     -3.015928947446201      1.256637061435917    0.01093326363546652
     -3.015928947446201      1.382300767579509   0.003409465355722907
     -3.015928947446201      1.507964473723101  0.0009702629270534127
     -3.015928947446201      1.633628179866692 -0.0003078739051219873
     -3.015928947446201      1.759291886010284  -0.001462148181012522
     -3.015928947446201      1.884955592153876  5.626490652807628e-05
     -3.015928947446201      2.010619298297467  0.0009678662389113376
     -3.015928947446201       2.13628300444106 -0.0006635737386821436
     -3.015928947446201      2.261946710584651  -0.000491188373108472
     -3.015928947446201      2.387610416728243   0.000964220566193525
     -3.015928947446201      2.513274122871834 -9.650573268299797e-05
     -3.015928947446201      2.638937829015426  -0.001217851389515627
     -3.015928947446201      2.764601535159018  -0.001812994372623594
     -3.015928947446201      2.890265241302609  -0.004874933241903882
     -3.015928947446201      3.015928947446201  -0.003423474351060645
      -2.89026524130261     -3.141592653589793    0.02671404544773117
      -2.89026524130261     -3.015928947446201    0.05167466686511377
      -2.89026524130261      -2.89026524130261     0.0815111905700953
      -2.89026524130261     -2.764601535159018     0.1222326596673583
      -2.89026524130261     -2.638937829015426     0.1595632489368929
      -2.89026524130261     -2.513274122871834     0.1673161337974237
      -2.89026524130261     -2.387610416728243     0.1461512582205143
      -2.89026524130261     -2.261946710584651     0.1171097794250335
      -2.89026524130261     -2.136283004441059     0.0942184793888009
      -2.89026524130261     -2.010619298297468    0.08577857775269296
      -2.89026524130261     -1.884955592153876    0.09176818889592114
      -2.89026524130261     -1.759291886010284    0.09834005383320285
      -2.89026524130261     -1.633628179866693     0.1035190301764398
      -2.89026524130261     -1.507964473723101     0.1214118385744189
      -2.89026524130261     -1.382300767579509     0.1414809454327075
      -2.89026524130261     -1.256637061435917       0.13289652716211
      -2.89026524130261     -1.130973355292325    0.09670059390887169
      -2.89026524130261     -1.005309649148733    0.06123010339331944
      -2.89026524130261     -0.879645943005142    0.03725862966427808
      -2.89026524130261    -0.7539822368615505    0.02076624097169726
      -2.89026524130261    -0.6283185307179586    0.01262766815383103
      -2.89026524130261    -0.5026548245743667    0.00894368751082647
      -2.89026524130261    -0.3769911184307753   0.002720610542362153
      -2.89026524130261    -0.2513274122871838  -0.001460376057399609
      -2.89026524130261    -0.1256637061435919  0.0003530858299692881
      -2.89026524130261                      0   0.001476977505625786
      -2.89026524130261     0.1256637061435919  0.0007953356897167261
      -2.89026524130261     0.2513274122871834    0.00367570291336542
      -2.89026524130261     0.3769911184307753    0.00724369438334552
      -2.89026524130261     0.5026548245743672   0.007375519801511847
      -2.89026524130261     0.6283185307179582    0.00854661161597352
      -2.89026524130261     0.7539822368615501     0.0144768473194323
      -2.89026524130261     0.8796459430051424    0.02333933852405793
      -2.89026524130261      1.005309649148734    0.03088877278944313
      -2.89026524130261      1.130973355292326    0.03024900647917752
      -2.89026524130261      1.256637061435917    0.02031957422526515
      -2.89026524130261      1.382300767579509    0.01091666850173146
      -2.89026524130261      1.507964473723101   0.006592514241185956
      -2.89026524130261      1.633628179866692   0.001894317479296469
      -2.89026524130261      1.759291886010284  -0.001832536006088685
      -2.89026524130261      1.884955592153876 -2.224686753228165e-05
      -2.89026524130261      2.010619298297467    0.00139388235918972
      -2.89026524130261       2.13628300444106 -0.0009735323138470299
      -2.89026524130261      2.261946710584651 -0.0006473346660608331
      -2.89026524130261      2.387610416728243   0.001451254254909856
      -2.89026524130261      2.513274122871834    -0.0003793918808881
      -2.89026524130261      2.638937829015426  -0.001501502172382271
      -2.89026524130261      2.764601535159018   0.001149495203159265
      -2.89026524130261      2.890265241302609   0.002891053348157455
      -2.89026524130261      3.015928947446201   0.008687101174978314
     -2.764601535159018     -3.141592653589793    0.03306207078807841
     -2.764601535159018     -3.015928947446201    0.05637375293542627
     -2.764601535159018      -2.89026524130261    0.08465261116438243
     -2.764601535159018     -2.764601535159018     0.1253819234894054
     -2.764601535159018     -2.638937829015426     0.1637249481217821
     -2.764601535159018     -2.513274122871834      0.171728880217843
     -2.764601535159018     -2.387610416728243     0.1516942570896445
     -2.764601535159018     -2.261946710584651     0.1255442066593171
     -2.764601535159018     -2.136283004441059     0.1046057191059253
     -2.764601535159018     -2.010619298297468    0.09880282605284491
     -2.764601535159018     -1.884955592153876       0.11110281287916
     -2.764601535159018     -1.759291886010284     0.1205672624313848
     -2.764601535159018     -1.633628179866693      0.119115422724486
     -2.764601535159018     -1.507964473723101     0.1305177505913019
     -2.764601535159018     -1.382300767579509     0.1527368815350313
     -2.764601535159018     -1.256637061435917     0.1469071377103866
     -2.764601535159018     -1.130973355292325     0.1076885622286899
     -2.764601535159018     -1.005309649148733    0.06964829217017995
     -2.764601535159018     -0.879645943005142    0.04595115356959496
     -2.764601535159018    -0.7539822368615505    0.02759424717734874
     -2.764601535159018    -0.6283185307179586    0.01658256630661341
     -2.764601535159018    -0.5026548245743667     0.0135426292572355
     -2.764601535159018    -0.3769911184307753   0.009724571315676628
     -2.764601535159018    -0.2513274122871838   0.006351289663241536
     -2.764601535159018    -0.1256637061435919   0.006993232084509949
     -2.764601535159018                      0   0.005229964671470421
     -2.764601535159018     0.1256637061435919   0.002273211994528606
     -2.764601535159018     0.2513274122871834   0.006183740622038316
     -2.764601535159018     0.3769911184307753    0.01118099563409277
     -2.764601535159018     0.5026548245743672   0.009810959105182137
     -2.764601535159018     0.6283185307179582   0.009693799843778626
     -2.764601535159018     0.7539822368615501    0.01675924676579259
     -2.764601535159018     0.8796459430051424    0.02594169316946167
     -2.764601535159018      1.005309649148734    0.03228708492396148
     -2.764601535159018      1.130973355292326    0.03154667042457288
     -2.764601535159018      1.256637061435917    0.02219826934717395
     -2.764601535159018      1.382300767579509    0.01282166386566594
     -2.764601535159018      1.507964473723101   0.008716077110329217
     -2.764601535159018      1.633628179866692     0.0036752936309705
     -2.764601535159018      1.759291886010284  -0.001622541254752153
     -2.764601535159018      1.884955592153876 -0.0003844949475186353
     -2.764601535159018      2.010619298297467   0.001730189082312874
     -2.764601535159018       2.13628300444106 -0.0009111061706516436
     -2.764601535159018      2.261946710584651  -0.001034124721651752
     -2.764601535159018      2.387610416728243   0.001722444374439358
     -2.764601535159018      2.513274122871834 -0.0002135315240723936
     -2.764601535159018      2.638937829015426  -0.001768764805421709
     -2.764601535159018      2.764601535159018   0.003206877027105367
     -2.764601535159018      2.890265241302609   0.008677135072055728
     -2.764601535159018      3.015928947446201    0.01589099310820524
     -2.638937829015426     -3.141592653589793    0.02648844536374235
     -2.638937829015426     -3.015928947446201    0.04290930381901127
     -2.638937829015426      -2.89026524130261    0.06127809275256056
     -2.638937829015426     -2.764601535159018    0.09709939451060047
     -2.638937829015426     -2.638937829015426     0.1351429428246635
     -2.638937829015426     -2.513274122871834     0.1397718744540272
     -2.638937829015426     -2.387610416728243      0.118451525338892
     -2.638937829015426     -2.261946710584651      0.101060793726756
     -2.638937829015426     -2.136283004441059    0.09096320486457594
     -2.638937829015426     -2.010619298297468    0.09354723014109244
     -2.638937829015426     -1.884955592153876      0.118864682631265
     -2.638937829015426     -1.759291886010284     0.1365948313266208
     -2.638937829015426     -1.633628179866693     0.1224821332011976
     -2.638937829015426     -1.507964473723101     0.1155853395421804
     -2.638937829015426     -1.382300767579509     0.1381781848263118
     -2.638937829015426     -1.256637061435917     0.1432434298105258
     -2.638937829015426     -1.130973355292325     0.1094947377154931
     -2.638937829015426     -1.005309649148733     0.0765425522828445
     -2.638937829015426     -0.879645943005142    0.05909253544120484
     -2.638937829015426    -0.7539822368615505    0.03830740635788799
     -2.638937829015426    -0.6283185307179586    0.02012052775418497
     -2.638937829015426    -0.5026548245743667    0.01522076236665851
     -2.638937829015426    -0.3769911184307753      0.010723828422605
     -2.638937829015426    -0.2513274122871838   0.004238023434892052
     -2.638937829015426    -0.1256637061435919   0.004926522556967228
     -2.638937829015426                      0   0.004949737904314845
     -2.638937829015426     0.1256637061435919  0.0005395150022296518
     -2.638937829015426     0.2513274122871834   0.003713495360415352
     -2.638937829015426     0.3769911184307753    0.01034241318746881
     -2.638937829015426     0.5026548245743672   0.007713192802661798
     -2.638937829015426     0.6283185307179582   0.004708746077737295
     -2.638937829015426     0.7539822368615501    0.01130808922116939
     -2.638937829015426     0.8796459430051424     0.0192397347341279
     -2.638937829015426      1.005309649148734    0.02259822764904369
     -2.638937829015426      1.130973355292326    0.02188643100078538
     -2.638937829015426      1.256637061435917    0.01517409536505447
     -2.638937829015426      1.382300767579509   0.008069371749364732
     -2.638937829015426      1.507964473723101   0.007030324079166751
     -2.638937829015426      1.633628179866692   0.004664639375092511
     -2.638937829015426      1.759291886010284  -0.001250624959184827
     -2.638937829015426      1.884955592153876 -0.0009748654223159736
     -2.638937829015426      2.010619298297467   0.002144136127438862
     -2.638937829015426       2.13628300444106 -0.0005947714675695082
     -2.638937829015426      2.261946710584651  -0.001710318340027574
     -2.638937829015426      2.387610416728243   0.001861137498296263
     -2.638937829015426      2.513274122871834  0.0004771723622565287
     -2.638937829015426      2.638937829015426  -0.002259853906147575
     -2.638937829015426      2.764601535159018    0.00200424673795119
     -2.638937829015426      2.890265241302609   0.006860880997025531
     -2.638937829015426      3.015928947446201    0.01227802323223503
     -2.513274122871834     -3.141592653589793    0.04028307660773148
     -2.513274122871834     -3.015928947446201    0.05172028972538576
     -2.513274122871834      -2.89026524130261    0.06767142074874978
     -2.513274122871834     -2.764601535159018     0.1081315037629045
     -2.513274122871834     -2.638937829015426     0.1458494773911434
     -2.513274122871834     -2.513274122871834     0.1391336458303705
     -2.513274122871834     -2.387610416728243     0.1123792049308646
     -2.513274122871834     -2.261946710584651     0.1034340192738188
     -2.513274122871834     -2.136283004441059     0.1001251349690837
     -2.513274122871834     -2.010619298297468     0.1059577451975511
     -2.513274122871834     -1.884955592153876     0.1453372601819911
     -2.513274122871834     -1.759291886010284     0.1779213608582608
     -2.513274122871834     -1.633628179866693     0.1572005026752303
     -2.513274122871834     -1.507964473723101     0.1303040757496953
     -2.513274122871834     -1.382300767579509     0.1412384856265678
     -2.513274122871834     -1.256637061435917     0.1465044657956307
     -2.513274122871834     -1.130973355292325     0.1230260308631458
     -2.513274122871834     -1.005309649148733     0.1083791257306013
     -2.513274122871834     -0.879645943005142     0.1010709023706632
     -2.513274122871834    -0.7539822368615505    0.07209139168729878
     -2.513274122871834    -0.6283185307179586    0.04153965008077753
     -2.513274122871834    -0.5026548245743667     0.0307899485004918
     -2.513274122871834    -0.3769911184307753    0.02143212857928419
     -2.513274122871834    -0.2513274122871838    0.01178177489651651
     -2.513274122871834    -0.1256637061435919    0.01417196666698639
     -2.513274122871834                      0     0.0123279951224112
     -2.513274122871834     0.1256637061435919   0.002439278139735718
     -2.513274122871834     0.2513274122871834   0.009054736309374496
     -2.513274122871834     0.3769911184307753    0.02344175207297395
     -2.513274122871834     0.5026548245743672    0.01748314708599307
     -2.513274122871834     0.6283185307179582    0.00652525150612103
     -2.513274122871834     0.7539822368615501    0.01550289702302293
     -2.513274122871834     0.8796459430051424    0.03030582565460802
     -2.513274122871834      1.005309649148734    0.03297199995775156
     -2.513274122871834      1.130973355292326    0.02716896856741057
     -2.513274122871834      1.256637061435917    0.01889069323897688
     -2.513274122871834      1.382300767579509    0.01385203861005976
     -2.513274122871834      1.507964473723101    0.01404464962880472
     -2.513274122871834      1.633628179866692   0.008966352422896784
     -2.513274122871834      1.759291886010284   -0.00119317813146675
     -2.513274122871834      1.884955592153876  -0.001698388686634821
     -2.513274122871834      2.010619298297467   0.002849191842732435
     -2.513274122871834       2.13628300444106 -0.0004775681309354622
     -2.513274122871834      2.261946710584651  -0.002415166679261596
     -2.513274122871834      2.387610416728243   0.002243748122779986
     -2.513274122871834      2.513274122871834   0.000919969941263767
     -2.513274122871834      2.638937829015426  -0.002797303330168919
     -2.513274122871834      2.764601535159018    0.00370021128312737
     -2.513274122871834      2.890265241302609    0.01445214101679101
     -2.513274122871834      3.015928947446201    0.02546069438190662
     -2.387610416728243     -3.141592653589793    0.07359278863662613
     -2.387610416728243     -3.015928947446201    0.08407380879756211
     -2.387610416728243      -2.89026524130261     0.1071399826201654
     -2.387610416728243     -2.764601535159018     0.1604033774653155
     -2.387610416728243     -2.638937829015426     0.1976071747901056
     -2.387610416728243     -2.513274122871834      0.176612906629403
     -2.387610416728243     -2.387610416728243     0.1436575120642874
     -2.387610416728243     -2.261946710584651     0.1396077298164456
     -2.387610416728243     -2.136283004441059     0.1354761405654847
     -2.387610416728243     -2.010619298297468     0.1381200145554175
     -2.387610416728243     -1.884955592153876     0.1876345232943391
     -2.387610416728243     -1.759291886010284     0.2351150078514681
     -2.387610416728243     -1.633628179866693     0.2149756471533883
     -2.387610416728243     -1.507964473723101      0.174077467765447
     -2.387610416728243     -1.382300767579509     0.1666159427789918
     -2.387610416728243     -1.256637061435917     0.1607373473808562
     -2.387610416728243     -1.130973355292325     0.1463621504217403
     -2.387610416728243     -1.005309649148733     0.1544790061173941
     -2.387610416728243     -0.879645943005142     0.1566206657266623
     -2.387610416728243    -0.7539822368615505     0.1166726616522656
     -2.387610416728243    -0.6283185307179586    0.07349414607265452
     -2.387610416728243    -0.5026548245743667    0.05604642635929288
     -2.387610416728243    -0.3769911184307753    0.04108203758099921
     -2.387610416728243    -0.2513274122871838    0.03049328411757599
     -2.387610416728243    -0.1256637061435919    0.03487006673822511
     -2.387610416728243                      0      0.026426809386921
     -2.387610416728243     0.1256637061435919   0.008401226419220122
     -2.387610416728243     0.2513274122871834    0.02199630969054351
     -2.387610416728243     0.3769911184307753    0.04763463496411999
     -2.387610416728243     0.5026548245743672    0.03699980395580013
     -2.387610416728243     0.6283185307179582    0.01589589934980862
     -2.387610416728243     0.7539822368615501    0.02972244786126139
     -2.387610416728243     0.8796459430051424    0.05719735352323094
     -2.387610416728243      1.005309649148734    0.06164879919848758
     -2.387610416728243      1.130973355292326    0.04757361995227462
     -2.387610416728243      1.256637061435917    0.03405024862594654
     -2.387610416728243      1.382300767579509    0.02972499810356481
     -2.387610416728243      1.507964473723101    0.02838368886374613
     -2.387610416728243      1.633628179866692    0.01566918460030848
     -2.387610416728243      1.759291886010284  -0.001358888999528336
     -2.387610416728243      1.884955592153876  -0.002374963908828229
     -2.387610416728243      2.010619298297467   0.003626227597925222
     -2.387610416728243       2.13628300444106 -0.0005826329942607565
     -2.387610416728243      2.261946710584651  -0.002942371352330367
     -2.387610416728243      2.387610416728243   0.002782898644867635
     -2.387610416728243      2.513274122871834  0.0009304808883573368
     -2.387610416728243      2.638937829015426  -0.003175149492164346
     -2.387610416728243      2.764601535159018   0.008992526358871747
     -2.387610416728243      2.890265241302609    0.03218289577493573
     -2.387610416728243      3.015928947446201    0.05514331353443839
     -2.261946710584651     -3.141592653589793    0.08257560219293542
     -2.261946710584651     -3.015928947446201    0.09493573517703616
     -2.261946710584651      -2.89026524130261     0.1223626540875597
     -2.261946710584651     -2.764601535159018     0.1837252064102337
     -2.261946710584651     -2.638937829015426      0.225361093842506
     -2.261946710584651     -2.513274122871834     0.2001973587002558
     -2.261946710584651     -2.387610416728243     0.1616128086769076
     -2.261946710584651     -2.261946710584651     0.1561274314983469
     -2.261946710584651     -2.136283004441059     0.1510231592624931
     -2.261946710584651     -2.010619298297468     0.1535115803693511
     -2.261946710584651     -1.884955592153876     0.2084418434997071
     -2.261946710584651     -1.759291886010284     0.2618300884912729
     -2.261946710584651     -1.633628179866693     0.2403230102153997
     -2.261946710584651     -1.507964473723101     0.1944966244422928
     -2.261946710584651     -1.382300767579509     0.1841997473051231
     -2.261946710584651     -1.256637061435917     0.1765631877459218
     -2.261946710584651     -1.130973355292325     0.1626171167106889
     -2.261946710584651     -1.005309649148733     0.1748224132745508
     -2.261946710584651     -0.879645943005142     0.1781743454478116
     -2.261946710584651    -0.7539822368615505     0.1326953424072477
     -2.261946710584651    -0.6283185307179586    0.08360488644902188
     -2.261946710584651    -0.5026548245743667    0.06301624073792689
     -2.261946710584651    -0.3769911184307753    0.04445415724577677
     -2.261946710584651    -0.2513274122871838    0.03149947721191727
     -2.261946710584651    -0.1256637061435919    0.03709207748843694
     -2.261946710584651                      0    0.02887169687181105
     -2.261946710584651     0.1256637061435919   0.009101263271833211
     -2.261946710584651     0.2513274122871834    0.02450380716623651
     -2.261946710584651     0.3769911184307753     0.0538208308139581
     -2.261946710584651     0.5026548245743672    0.04202004194669515
     -2.261946710584651     0.6283185307179582    0.01762936628763656
     -2.261946710584651     0.7539822368615501    0.03300833278038787
     -2.261946710584651     0.8796459430051424    0.06490561355380048
     -2.261946710584651      1.005309649148734    0.07055901231174476
     -2.261946710584651      1.130973355292326    0.05414313349787334
     -2.261946710584651      1.256637061435917    0.03830493932979712
     -2.261946710584651      1.382300767579509    0.03345313551664423
     -2.261946710584651      1.507964473723101    0.03195565717067816
     -2.261946710584651      1.633628179866692    0.01753516647113243
     -2.261946710584651      1.759291886010284  -0.001555687808638471
     -2.261946710584651      1.884955592153876  -0.002670796182572875
     -2.261946710584651      2.010619298297467    0.00402916924081701
     -2.261946710584651       2.13628300444106 -0.0006131385704677811
     -2.261946710584651      2.261946710584651  -0.003277207710461358
     -2.261946710584651      2.387610416728243   0.003038534960566306
     -2.261946710584651      2.513274122871834   0.001098472908028806
     -2.261946710584651      2.638937829015426  -0.003538607752026424
     -2.261946710584651      2.764601535159018   0.009502907551179759
     -2.261946710584651      2.890265241302609     0.0351778237531226
     -2.261946710584651      3.015928947446201    0.06138264252278916
     -2.136283004441059     -3.141592653589793     0.0663201197405833
     -2.136283004441059     -3.015928947446201    0.08198220043231746
     -2.136283004441059      -2.89026524130261     0.1088920237094323
     -2.136283004441059     -2.764601535159018     0.1678237107766016
     -2.136283004441059     -2.638937829015426     0.2159263146332416
     -2.136283004441059     -2.513274122871834     0.2019184999342485
     -2.136283004441059     -2.387610416728243     0.1646368130012369
     -2.136283004441059     -2.261946710584651     0.1526029010820775
     -2.136283004441059     -2.136283004441059     0.1466764552677422
     -2.136283004441059     -2.010619298297468      0.154220344896938
     -2.136283004441059     -1.884955592153876     0.2088313589647319
     -2.136283004441059     -1.759291886010284     0.2529378611419053
     -2.136283004441059     -1.633628179866693     0.2227774941080648
     -2.136283004441059     -1.507964473723101     0.1824222010418059
     -2.136283004441059     -1.382300767579509     0.1912671272856279
     -2.136283004441059     -1.256637061435917     0.1947459706058262
     -2.136283004441059     -1.130973355292325     0.1674083015400303
     -2.136283004441059     -1.005309649148733      0.156450372761311
     -2.136283004441059     -0.879645943005142     0.1502611962893864
     -2.136283004441059    -0.7539822368615505     0.1083609362636495
     -2.136283004441059    -0.6283185307179586    0.06411170191321243
     -2.136283004441059    -0.5026548245743667    0.04828725863767401
     -2.136283004441059    -0.3769911184307753    0.03416157416757477
     -2.136283004441059    -0.2513274122871838    0.02037216188054202
     -2.136283004441059    -0.1256637061435919    0.02386886165914646
     -2.136283004441059                      0    0.02017501276585973
     -2.136283004441059     0.1256637061435919   0.005497635884850972
     -2.136283004441059     0.2513274122871834    0.01693617194528849
     -2.136283004441059     0.3769911184307753    0.03981061644528612
     -2.136283004441059     0.5026548245743672     0.0302012974057081
     -2.136283004441059     0.6283185307179582    0.01160868771581219
     -2.136283004441059     0.7539822368615501    0.02476026804104531
     -2.136283004441059     0.8796459430051424    0.04916620820772041
     -2.136283004441059      1.005309649148734    0.05392448345432965
     -2.136283004441059      1.130973355292326     0.0435833685891352
     -2.136283004441059      1.256637061435917     0.0306100583441594
     -2.136283004441059      1.382300767579509    0.02367915949609151
     -2.136283004441059      1.507964473723101    0.02326235640691452
     -2.136283004441059      1.633628179866692     0.0144319988447183
     -2.136283004441059      1.759291886010284  -0.001294079689004038
     -2.136283004441059      1.884955592153876  -0.002690080839823208
     -2.136283004441059      2.010619298297467   0.003912670991803163
     -2.136283004441059       2.13628300444106 -0.0003908139901238196
     -2.136283004441059      2.261946710584651  -0.003453540473051513
     -2.136283004441059      2.387610416728243   0.002926491525979705
     -2.136283004441059      2.513274122871834   0.001475290858593288
     -2.136283004441059      2.638937829015426  -0.003731827199558435
     -2.136283004441059      2.764601535159018   0.006910997897011412
     -2.136283004441059      2.890265241302609    0.02710173120930544
     -2.136283004441059      3.015928947446201    0.04658691354365562
     -2.010619298297468     -3.141592653589793    0.06392437293506724
     -2.010619298297468     -3.015928947446201    0.08039021554433405
     -2.010619298297468      -2.89026524130261     0.1074721641787939
     -2.010619298297468     -2.764601535159018     0.1544680045468803
     -2.010619298297468     -2.638937829015426     0.1966545992133379
     -2.010619298297468     -2.513274122871834     0.1988589605776774
     -2.010619298297468     -2.387610416728243     0.1776460949466661
     -2.010619298297468     -2.261946710584651     0.1625816171049634
     -2.010619298297468     -2.136283004441059     0.1516785741320432
     -2.010619298297468     -2.010619298297468       0.16131121754253
     -2.010619298297468     -1.884955592153876     0.2065451059624311
     -2.010619298297468     -1.759291886010284     0.2292203145787119
     -2.010619298297468     -1.633628179866693     0.1907786828916786
     -2.010619298297468     -1.507964473723101     0.1639448739532295
     -2.010619298297468     -1.382300767579509     0.1915898875083112
     -2.010619298297468     -1.256637061435917     0.2001570594534381
     -2.010619298297468     -1.130973355292325      0.155610187263001
     -2.010619298297468     -1.005309649148733     0.1174997208954413
     -2.010619298297468     -0.879645943005142     0.1004757369593893
     -2.010619298297468    -0.7539822368615505    0.06940690297262005
     -2.010619298297468    -0.6283185307179586    0.03950956163023524
     -2.010619298297468    -0.5026548245743667    0.03596745525433186
     -2.010619298297468    -0.3769911184307753    0.03730633612538848
     -2.010619298297468    -0.2513274122871838    0.03178584657468937
     -2.010619298297468    -0.1256637061435919    0.02880611918291739
     -2.010619298297468                      0    0.01944689744867722
     -2.010619298297468     0.1256637061435919   0.007858252397348241
     -2.010619298297468     0.2513274122871834    0.01741804725036246
     -2.010619298297468     0.3769911184307753    0.03205154342662537
     -2.010619298297468     0.5026548245743672    0.02319785337353333
     -2.010619298297468     0.6283185307179582    0.01244921534884887
     -2.010619298297468     0.7539822368615501     0.0240960521582398
     -2.010619298297468     0.8796459430051424    0.03892663560402496
     -2.010619298297468      1.005309649148734    0.04149989880265908
     -2.010619298297468      1.130973355292326    0.03829629739821943
     -2.010619298297468      1.256637061435917    0.02992259298884485
     -2.010619298297468      1.382300767579509     0.0206783082781823
     -2.010619298297468      1.507964473723101    0.01861926158876701
     -2.010619298297468      1.633628179866692    0.01294758411173901
     -2.010619298297468      1.759291886010284 -0.0002158716889003475
     -2.010619298297468      1.884955592153876   -0.00266239583308567
     -2.010619298297468      2.010619298297467   0.003299199832431113
     -2.010619298297468       2.13628300444106 -3.770675518851508e-05
     -2.010619298297468      2.261946710584651  -0.003224841645854644
     -2.010619298297468      2.387610416728243   0.002582977349701549
     -2.010619298297468      2.513274122871834   0.001362419557302188
     -2.010619298297468      2.638937829015426  -0.003124176333867112
     -2.010619298297468      2.764601535159018    0.01089160436595996
     -2.010619298297468      2.890265241302609    0.03504632785096564
     -2.010619298297468      3.015928947446201    0.05110508133943621
     -1.884955592153876     -3.141592653589793    0.07223962112688578
     -1.884955592153876     -3.015928947446201    0.08579763303305088
     -1.884955592153876      -2.89026524130261     0.1120938249500681
     -1.884955592153876     -2.764601535159018     0.1445780560941682
     -1.884955592153876     -2.638937829015426     0.1711495353370702
     -1.884955592153876     -2.513274122871834     0.1817830477071727
     -1.884955592153876     -2.387610416728243     0.1794506663839363
     -1.884955592153876     -2.261946710584651     0.1676019943760902
     -1.884955592153876     -2.136283004441059     0.1518787891204784
     -1.884955592153876     -2.010619298297468     0.1579946391443886
     -1.884955592153876     -1.884955592153876     0.1888772319365558
     -1.884955592153876     -1.759291886010284      0.193636906992105
     -1.884955592153876     -1.633628179866693     0.1572528555505766
     -1.884955592153876     -1.507964473723101     0.1438928016865694
     -1.884955592153876     -1.382300767579509     0.1735019908138796
     -1.884955592153876     -1.256637061435917     0.1763358859941661
     -1.884955592153876     -1.130973355292325     0.1270198463409806
     -1.884955592153876     -1.005309649148733    0.08132630264386108
     -1.884955592153876     -0.879645943005142    0.06142360100312914
     -1.884955592153876    -0.7539822368615505    0.04179828308507387
     -1.884955592153876    -0.6283185307179586    0.02642792551308954
     -1.884955592153876    -0.5026548245743667    0.03296305961609018
     -1.884955592153876    -0.3769911184307753    0.04799653707167185
     -1.884955592153876    -0.2513274122871838    0.05342944151701171
     -1.884955592153876    -0.1256637061435919    0.04513322353722466
     -1.884955592153876                      0    0.02546505918998986
     -1.884955592153876     0.1256637061435919    0.01350174031861081
     -1.884955592153876     0.2513274122871834    0.02395613396630066
     -1.884955592153876     0.3769911184307753    0.03396576634733414
     -1.884955592153876     0.5026548245743672    0.02463099481135505
     -1.884955592153876     0.6283185307179582    0.01850075438159732
     -1.884955592153876     0.7539822368615501    0.02974334617783842
     -1.884955592153876     0.8796459430051424    0.03951161080810559
     -1.884955592153876      1.005309649148734    0.04035563153166158
     -1.884955592153876      1.130973355292326    0.03995375212796613
     -1.884955592153876      1.256637061435917    0.03465707917638653
     -1.884955592153876      1.382300767579509    0.02519928792929011
     -1.884955592153876      1.507964473723101     0.0201980752531687
     -1.884955592153876      1.633628179866692    0.01316293625197427
     -1.884955592153876      1.759291886010284  0.0007574076327227137
     -1.884955592153876      1.884955592153876  -0.002381635318772538
     -1.884955592153876      2.010619298297467   0.002456665202960773
     -1.884955592153876       2.13628300444106  0.0001288223799861116
     -1.884955592153876      2.261946710584651  -0.002530565772816211
     -1.884955592153876      2.387610416728243    0.00212078644702808
     -1.884955592153876      2.513274122871834  0.0007295284431059692
     -1.884955592153876      2.638937829015426  -0.002005422252368497
     -1.884955592153876      2.764601535159018    0.01722965684120205
     -1.884955592153876      2.890265241302609    0.04936094297810063
     -1.884955592153876      3.015928947446201    0.06667821134438248
     -1.759291886010284     -3.141592653589793    0.06429734144877662
     -1.759291886010284     -3.015928947446201    0.07440568837462345
     -1.759291886010284      -2.89026524130261    0.09513240757640351
     -1.759291886010284     -2.764601535159018     0.1209888099570716
     -1.759291886010284     -2.638937829015426     0.1427146114679382
     -1.759291886010284     -2.513274122871834     0.1525655245710831
     -1.759291886010284     -2.387610416728243     0.1527721488229513
     -1.759291886010284     -2.261946710584651     0.1448672993545272
     -1.759291886010284     -2.136283004441059     0.1325770390807709
     -1.759291886010284     -2.010619298297468     0.1389290238469181
     -1.759291886010284     -1.884955592153876     0.1672872261315958
     -1.759291886010284     -1.759291886010284      0.171694064435976
     -1.759291886010284     -1.633628179866693     0.1377523477445485
     -1.759291886010284     -1.507964473723101     0.1239790521089205
     -1.759291886010284     -1.382300767579509     0.1502910282438445
     -1.759291886010284     -1.256637061435917     0.1539184764510586
     -1.759291886010284     -1.130973355292325     0.1104124003321453
     -1.759291886010284     -1.005309649148733    0.06984024569369822
     -1.759291886010284     -0.879645943005142    0.05301902809198433
     -1.759291886010284    -0.7539822368615505    0.03650029148597458
     -1.759291886010284    -0.6283185307179586    0.02318711892780396
     -1.759291886010284    -0.5026548245743667    0.02982549720004573
     -1.759291886010284    -0.3769911184307753    0.04489761097582845
     -1.759291886010284    -0.2513274122871838    0.05080958012158712
     -1.759291886010284    -0.1256637061435919     0.0427829786238846
     -1.759291886010284                      0    0.02386239074533334
     -1.759291886010284     0.1256637061435919    0.01250882166402862
     -1.759291886010284     0.2513274122871834     0.0218284462230671
     -1.759291886010284     0.3769911184307753    0.03056064284380116
     -1.759291886010284     0.5026548245743672     0.0218991665304953
     -1.759291886010284     0.6283185307179582    0.01652381731094039
     -1.759291886010284     0.7539822368615501     0.0265316148648829
     -1.759291886010284     0.8796459430051424    0.03433466363627233
     -1.759291886010284      1.005309649148734    0.03414683142554687
     -1.759291886010284      1.130973355292326    0.03404211213157141
     -1.759291886010284      1.256637061435917    0.03025653413270391
     -1.759291886010284      1.382300767579509    0.02237205133058269
     -1.759291886010284      1.507964473723101    0.01811626623845249
     -1.759291886010284      1.633628179866692    0.01197417912221735
     -1.759291886010284      1.759291886010284  0.0008094857703432605
     -1.759291886010284      1.884955592153876  -0.002160073583233888
     -1.759291886010284      2.010619298297467   0.002185780311797605
     -1.759291886010284       2.13628300444106  0.0001395245870522107
     -1.759291886010284      2.261946710584651  -0.002277604367956599
     -1.759291886010284      2.387610416728243   0.001905562084076411
     -1.759291886010284      2.513274122871834  0.0006410110879948263
     -1.759291886010284      2.638937829015426  -0.001749485810925083
     -1.759291886010284      2.764601535159018    0.01602604209472457
     -1.759291886010284      2.890265241302609    0.04543942799227674
     -1.759291886010284      3.015928947446201    0.06066526696298177
     -1.633628179866693     -3.141592653589793    0.05532981373697407
     -1.633628179866693     -3.015928947446201    0.06150957313594887
     -1.633628179866693      -2.89026524130261    0.07500486553368173
     -1.633628179866693     -2.764601535159018      0.100830670127778
     -1.633628179866693     -2.638937829015426     0.1273728473973971
     -1.633628179866693     -2.513274122871834     0.1338608148826369
     -1.633628179866693     -2.387610416728243     0.1282323263583171
     -1.633628179866693     -2.261946710584651     0.1251911109520361
     -1.633628179866693     -2.136283004441059     0.1221269554843885
     -1.633628179866693     -2.010619298297468     0.1362480991980218
     -1.633628179866693     -1.884955592153876      0.178134881208938
     -1.633628179866693     -1.759291886010284     0.1924187489008702
     -1.633628179866693     -1.633628179866693     0.1474708803961385
     -1.633628179866693     -1.507964473723101     0.1171678081177311
     -1.633628179866693     -1.382300767579509     0.1456127076203875
     -1.633628179866693     -1.256637061435917     0.1602069234478512
     -1.633628179866693     -1.130973355292325     0.1202845556858366
     -1.633628179866693     -1.005309649148733    0.08257749161339369
     -1.633628179866693     -0.879645943005142    0.06995012965852211
     -1.633628179866693    -0.7539822368615505    0.04897338464506974
     -1.633628179866693    -0.6283185307179586    0.02701370028266015
     -1.633628179866693    -0.5026548245743667    0.03016586838063218
     -1.633628179866693    -0.3769911184307753    0.04165327701028676
     -1.633628179866693    -0.2513274122871838    0.04226229022986078
     -1.633628179866693    -0.1256637061435919    0.03542205937936765
     -1.633628179866693                      0    0.02106342286482558
     -1.633628179866693     0.1256637061435919   0.009301236008895063
     -1.633628179866693     0.2513274122871834     0.0173667956172896
     -1.633628179866693     0.3769911184307753    0.02777633636640317
     -1.633628179866693     0.5026548245743672    0.01855987727826049
     -1.633628179866693     0.6283185307179582    0.01052029422708339
     -1.633628179866693     0.7539822368615501    0.02004953500817841
     -1.633628179866693     0.8796459430051424    0.02736802377302891
     -1.633628179866693      1.005309649148734    0.02530275489055942
     -1.633628179866693      1.130973355292326    0.02520917257628007
     -1.633628179866693      1.256637061435917    0.02290400088287602
     -1.633628179866693      1.382300767579509    0.01650131382476812
     -1.633628179866693      1.507964473723101     0.0154301326104203
     -1.633628179866693      1.633628179866692    0.01229282896018933
     -1.633628179866693      1.759291886010284  0.0008519405781995019
     -1.633628179866693      1.884955592153876  -0.002675366790486806
     -1.633628179866693      2.010619298297467   0.002710936987956328
     -1.633628179866693       2.13628300444106  0.0003510452668486654
     -1.633628179866693      2.261946710584651  -0.002989220512028317
     -1.633628179866693      2.387610416728243   0.002127330213462496
     -1.633628179866693      2.513274122871834   0.001363883432549606
     -1.633628179866693      2.638937829015426  -0.002441791115950482
     -1.633628179866693      2.764601535159018    0.01315900604618493
     -1.633628179866693      2.890265241302609    0.03934925732468928
     -1.633628179866693      3.015928947446201    0.05210301452271415
     -1.507964473723101     -3.141592653589793    0.06961084364364302
     -1.507964473723101     -3.015928947446201    0.07289782536234433
     -1.507964473723101      -2.89026524130261    0.08635103233354967
     -1.507964473723101     -2.764601535159018     0.1103314042095851
     -1.507964473723101     -2.638937829015426     0.1317558059607542
     -1.507964473723101     -2.513274122871834     0.1366518125571122
     -1.507964473723101     -2.387610416728243     0.1359510651492568
     -1.507964473723101     -2.261946710584651     0.1377439853962864
     -1.507964473723101     -2.136283004441059     0.1351483393225359
     -1.507964473723101     -2.010619298297468      0.149694599580082
     -1.507964473723101     -1.884955592153876     0.1942773980385961
     -1.507964473723101     -1.759291886010284     0.2088401762297265
     -1.507964473723101     -1.633628179866693     0.1596012418129862
     -1.507964473723101     -1.507964473723101     0.1242848445550492
     -1.507964473723101     -1.382300767579509     0.1493131800251603
     -1.507964473723101     -1.256637061435917      0.161703238398185
     -1.507964473723101     -1.130973355292325     0.1222145607091778
     -1.507964473723101     -1.005309649148733     0.0879988613701802
     -1.507964473723101     -0.879645943005142    0.07811348027887054
     -1.507964473723101    -0.7539822368615505     0.0566996361290584
     -1.507964473723101    -0.6283185307179586    0.03375852418960082
     -1.507964473723101    -0.5026548245743667    0.03849580664085808
     -1.507964473723101    -0.3769911184307753     0.0540052103170737
     -1.507964473723101    -0.2513274122871838    0.05786531946205503
     -1.507964473723101    -0.1256637061435919    0.04924187617428886
     -1.507964473723101                      0    0.02861866406762181
     -1.507964473723101     0.1256637061435919    0.01331741300666733
     -1.507964473723101     0.2513274122871834    0.02404218875022201
     -1.507964473723101     0.3769911184307753    0.03695642226217449
     -1.507964473723101     0.5026548245743672    0.02538413714633338
     -1.507964473723101     0.6283185307179582    0.01496826462429568
     -1.507964473723101     0.7539822368615501    0.02613853943231527
     -1.507964473723101     0.8796459430051424    0.03534702332682289
     -1.507964473723101      1.005309649148734    0.03229252139098302
     -1.507964473723101      1.130973355292326    0.03078340803764639
     -1.507964473723101      1.256637061435917    0.02865071698786114
     -1.507964473723101      1.382300767579509    0.02266222003375183
     -1.507964473723101      1.507964473723101    0.02069865334557398
     -1.507964473723101      1.633628179866692    0.01523437423866095
     -1.507964473723101      1.759291886010284    0.00131526865503089
     -1.507964473723101      1.884955592153876  -0.003043565215936502
     -1.507964473723101      2.010619298297467   0.002847819683052403
     -1.507964473723101       2.13628300444106  0.0004795864146969578
     -1.507964473723101      2.261946710584651  -0.003186698740580617
     -1.507964473723101      2.387610416728243    0.00224465969224164
     -1.507964473723101      2.513274122871834   0.001355984371973978
     -1.507964473723101      2.638937829015426  -0.002355959167196961
     -1.507964473723101      2.764601535159018    0.01755692527515283
     -1.507964473723101      2.890265241302609    0.05170715071609933
     -1.507964473723101      3.015928947446201      0.068721527870874
     -1.382300767579509     -3.141592653589793    0.09072264143962215
     -1.382300767579509     -3.015928947446201     0.1001444600705362
     -1.382300767579509      -2.89026524130261      0.126751879943986
     -1.382300767579509     -2.764601535159018     0.1524016493697955
     -1.382300767579509     -2.638937829015426     0.1627967105151203
     -1.382300767579509     -2.513274122871834     0.1680828567988671
     -1.382300767579509     -2.387610416728243     0.1760434264686303
     -1.382300767579509     -2.261946710584651      0.171377746234406
     -1.382300767579509     -2.136283004441059     0.1521238396234142
     -1.382300767579509     -2.010619298297468     0.1489185710373774
     -1.382300767579509     -1.884955592153876     0.1675325123633786
     -1.382300767579509     -1.759291886010284     0.1694767487767329
     -1.382300767579509     -1.633628179866693     0.1477721620340109
     -1.382300767579509     -1.507964473723101     0.1418695981727488
     -1.382300767579509     -1.382300767579509     0.1527366570426346
     -1.382300767579509     -1.256637061435917     0.1388367456328281
     -1.382300767579509     -1.130973355292325     0.1003094672203055
     -1.382300767579509     -1.005309649148733    0.07303594908677605
     -1.382300767579509     -0.879645943005142      0.059978848458674
     -1.382300767579509    -0.7539822368615505    0.04506928187230777
     -1.382300767579509    -0.6283185307179586    0.03584828664642255
     -1.382300767579509    -0.5026548245743667    0.04376265645152781
     -1.382300767579509    -0.3769911184307753    0.06212449538197487
     -1.382300767579509    -0.2513274122871838    0.07549560998066412
     -1.382300767579509    -0.1256637061435919    0.06648889491332817
     -1.382300767579509                      0    0.03656874469127959
     -1.382300767579509     0.1256637061435919    0.02005835818002116
     -1.382300767579509     0.2513274122871834    0.03448746906697926
     -1.382300767579509     0.3769911184307753    0.04713319657443918
     -1.382300767579509     0.5026548245743672    0.03613095276412766
     -1.382300767579509     0.6283185307179582    0.02824669236559705
     -1.382300767579509     0.7539822368615501    0.04109502116968891
     -1.382300767579509     0.8796459430051424    0.05478807464357797
     -1.382300767579509      1.005309649148734    0.05595332131918066
     -1.382300767579509      1.130973355292326    0.05135524577329718
     -1.382300767579509      1.256637061435917    0.04482554271398716
     -1.382300767579509      1.382300767579509    0.03725786391376867
     -1.382300767579509      1.507964473723101    0.02903356629599071
     -1.382300767579509      1.633628179866692    0.01540574331981884
     -1.382300767579509      1.759291886010284  0.0008850708000605025
     -1.382300767579509      1.884955592153876  -0.001908475045366642
     -1.382300767579509      2.010619298297467   0.001897284940593117
     -1.382300767579509       2.13628300444106 -0.0001293428402174683
     -1.382300767579509      2.261946710584651  -0.001667479616438315
     -1.382300767579509      2.387610416728243   0.001884667077328038
     -1.382300767579509      2.513274122871834 -0.0002568187843960791
     -1.382300767579509      2.638937829015426 -0.0009811862307381675
     -1.382300767579509      2.764601535159018    0.02295139589024196
     -1.382300767579509      2.890265241302609    0.06340877594849562
     -1.382300767579509      3.015928947446201    0.08737371904908481
     -1.256637061435917     -3.141592653589793    0.09366710640725845
     -1.256637061435917     -3.015928947446201     0.1160475321100523
     -1.256637061435917      -2.89026524130261     0.1594188631557083
     -1.256637061435917     -2.764601535159018      0.195528541095159
     -1.256637061435917     -2.638937829015426     0.2071326652296411
     -1.256637061435917     -2.513274122871834      0.213811717834759
     -1.256637061435917     -2.387610416728243     0.2186222234160605
     -1.256637061435917     -2.261946710584651     0.1974319768217035
     -1.256637061435917     -2.136283004441059     0.1592669623222086
     -1.256637061435917     -2.010619298297468     0.1373116114707867
     -1.256637061435917     -1.884955592153876     0.1284422278045494
     -1.256637061435917     -1.759291886010284     0.1202403635028007
     -1.256637061435917     -1.633628179866693     0.1324085878039047
     -1.256637061435917     -1.507964473723101     0.1625147069764708
     -1.256637061435917     -1.382300767579509      0.164577636821748
     -1.256637061435917     -1.256637061435917     0.1269900261598685
     -1.256637061435917     -1.130973355292325    0.08727584552397592
     -1.256637061435917     -1.005309649148733    0.06146808310820906
     -1.256637061435917     -0.879645943005142    0.04021285340323161
     -1.256637061435917    -0.7539822368615505    0.02913184494105056
     -1.256637061435917    -0.6283185307179586    0.03203032911580247
     -1.256637061435917    -0.5026548245743667    0.03887113874570226
     -1.256637061435917    -0.3769911184307753    0.05144875415035986
     -1.256637061435917    -0.2513274122871838    0.06755054929828555
     -1.256637061435917    -0.1256637061435919    0.06174628462180275
     -1.256637061435917                      0    0.03315257120365953
     -1.256637061435917     0.1256637061435919    0.02050159511800153
     -1.256637061435917     0.2513274122871834    0.03522069909166073
     -1.256637061435917     0.3769911184307753    0.04536085440504494
     -1.256637061435917     0.5026548245743672    0.03826581778219661
     -1.256637061435917     0.6283185307179582    0.03529004646024017
     -1.256637061435917     0.7539822368615501    0.04807750380061507
     -1.256637061435917     0.8796459430051424    0.06562639423084482
     -1.256637061435917      1.005309649148734    0.07356895682866997
     -1.256637061435917      1.130973355292326    0.06711574522518726
     -1.256637061435917      1.256637061435917    0.05437013984282107
     -1.256637061435917      1.382300767579509    0.04383904671310338
     -1.256637061435917      1.507964473723101    0.03058703513428537
     -1.256637061435917      1.633628179866692    0.01169965775421928
     -1.256637061435917      1.759291886010284 -0.0004653140617180099
     -1.256637061435917      1.884955592153876  -0.000325050629093218
     -1.256637061435917      2.010619298297467  0.0009737288608496334
     -1.256637061435917       2.13628300444106 -0.0009899683080309908
     -1.256637061435917      2.261946710584651 -2.383061829837677e-05
     -1.256637061435917      2.387610416728243   0.001507373121943731
     -1.256637061435917      2.513274122871834  -0.001769878588645879
     -1.256637061435917      2.638937829015426  8.252379788671691e-06
     -1.256637061435917      2.764601535159018    0.02135125995377207
     -1.256637061435917      2.890265241302609    0.05627592019310104
     -1.256637061435917      3.015928947446201    0.08195363044575016
     -1.130973355292325     -3.141592653589793    0.07700271477266385
     -1.130973355292325     -3.015928947446201     0.1029225027056366
     -1.130973355292325      -2.89026524130261     0.1473303911269553
     -1.130973355292325     -2.764601535159018     0.1871396728763976
     -1.130973355292325     -2.638937829015426      0.205418517041449
     -1.130973355292325     -2.513274122871834     0.2128351996858125
     -1.130973355292325     -2.387610416728243      0.210232195684217
     -1.130973355292325     -2.261946710584651     0.1829196556217127
     -1.130973355292325     -2.136283004441059      0.144812465155026
     -1.130973355292325     -2.010619298297468     0.1237433357133392
     -1.130973355292325     -1.884955592153876     0.1137273319267347
     -1.130973355292325     -1.759291886010284      0.105616041663553
     -1.130973355292325     -1.633628179866693      0.120134217642334
     -1.130973355292325     -1.507964473723101     0.1533909213715069
     -1.130973355292325     -1.382300767579509     0.1596475119080115
     -1.130973355292325     -1.256637061435917     0.1260759722650888
     -1.130973355292325     -1.130973355292325    0.08679341405895388
     -1.130973355292325     -1.005309649148733      0.058155954843626
     -1.130973355292325     -0.879645943005142    0.03450315521682422
     -1.130973355292325    -0.7539822368615505    0.02270226794067941
     -1.130973355292325    -0.6283185307179586    0.02502898392001359
     -1.130973355292325    -0.5026548245743667     0.0293157386560266
     -1.130973355292325    -0.3769911184307753    0.03608311764158136
     -1.130973355292325    -0.2513274122871838    0.04690510183248239
     -1.130973355292325    -0.1256637061435919    0.04346006665593917
     -1.130973355292325                      0    0.02354154524846143
     -1.130973355292325     0.1256637061435919    0.01538804817025895
     -1.130973355292325     0.2513274122871834    0.02708649113934845
     -1.130973355292325     0.3769911184307753    0.03492527557637646
     -1.130973355292325     0.5026548245743672     0.0304013331477755
     -1.130973355292325     0.6283185307179582    0.02921503017229625
     -1.130973355292325     0.7539822368615501    0.03998520676272444
     -1.130973355292325     0.8796459430051424    0.05599601377551033
     -1.130973355292325      1.005309649148734    0.06530576760160697
     -1.130973355292325      1.130973355292326    0.06029792984494159
     -1.130973355292325      1.256637061435917    0.04713688211494187
     -1.130973355292325      1.382300767579509    0.03604657392536267
     -1.130973355292325      1.507964473723101     0.0242306630657686
     -1.130973355292325      1.633628179866692   0.008542450021680671
     -1.130973355292325      1.759291886010284 -0.0009034083729718126
     -1.130973355292325      1.884955592153876 -7.557970855693067e-05
     -1.130973355292325      2.010619298297467   0.000877741495319337
     -1.130973355292325       2.13628300444106  -0.001003771859029083
     -1.130973355292325      2.261946710584651  4.500308390258567e-05
     -1.130973355292325      2.387610416728243   0.001330159729994233
     -1.130973355292325      2.513274122871834  -0.001533403288678613
     -1.130973355292325      2.638937829015426 -0.0001925903578541633
     -1.130973355292325      2.764601535159018    0.01577498850889476
     -1.130973355292325      2.890265241302609     0.0416574642404481
     -1.130973355292325      3.015928947446201    0.06263009939365724
     -1.005309649148733     -3.141592653589793    0.05024111385976053
     -1.005309649148733     -3.015928947446201    0.06677498915014268
     -1.005309649148733      -2.89026524130261    0.09557784359734395
     -1.005309649148733     -2.764601535159018      0.122240852746094
     -1.005309649148733     -2.638937829015426     0.1365633657537717
     -1.005309649148733     -2.513274122871834     0.1428902335513867
     -1.005309649148733     -2.387610416728243     0.1406794701495751
     -1.005309649148733     -2.261946710584651     0.1228785295155066
     -1.005309649148733     -2.136283004441059     0.1000129391679716
     -1.005309649148733     -2.010619298297468    0.09101922234534118
     -1.005309649148733     -1.884955592153876    0.09070637571240678
     -1.005309649148733     -1.759291886010284    0.08510727328197919
     -1.005309649148733     -1.633628179866693    0.08472396828035288
     -1.005309649148733     -1.507964473723101     0.1001306834263193
     -1.005309649148733     -1.382300767579509     0.1103264701665893
     -1.005309649148733     -1.256637061435917    0.09475726776749094
     -1.005309649148733     -1.130973355292325    0.06547543538558029
     -1.005309649148733     -1.005309649148733    0.04139314585416538
     -1.005309649148733     -0.879645943005142    0.02508075118427825
     -1.005309649148733    -0.7539822368615505    0.01586384085312603
     -1.005309649148733    -0.6283185307179586    0.01485721731398459
     -1.005309649148733    -0.5026548245743667    0.01855109492069821
     -1.005309649148733    -0.3769911184307753    0.02447370618992407
     -1.005309649148733    -0.2513274122871838     0.0301731237115257
     -1.005309649148733    -0.1256637061435919    0.02689974807800545
     -1.005309649148733                      0    0.01471807125976284
     -1.005309649148733     0.1256637061435919   0.009660992937649934
     -1.005309649148733     0.2513274122871834    0.01708674438712739
     -1.005309649148733     0.3769911184307753    0.02223244346533124
     -1.005309649148733     0.5026548245743672    0.01860519565074293
     -1.005309649148733     0.6283185307179582    0.01720476757282318
     -1.005309649148733     0.7539822368615501    0.02420910456544088
     -1.005309649148733     0.8796459430051424    0.03371433231775224
     -1.005309649148733      1.005309649148734    0.03895989355470492
     -1.005309649148733      1.130973355292326    0.03689745022701479
     -1.005309649148733      1.256637061435917    0.02927153245545944
     -1.005309649148733      1.382300767579509    0.02154774572466571
     -1.005309649148733      1.507964473723101    0.01474543179056871
     -1.005309649148733      1.633628179866692   0.006306579646025506
     -1.005309649148733      1.759291886010284 -0.0002155243283736557
     -1.005309649148733      1.884955592153876  -0.000516790364959258
     -1.005309649148733      2.010619298297467  0.0008102477810086048
     -1.005309649148733       2.13628300444106 -0.0003674638433609353
     -1.005309649148733      2.261946710584651 -0.0004517804645314432
     -1.005309649148733      2.387610416728243  0.0009353775556914785
     -1.005309649148733      2.513274122871834   -0.00051306799996774
     -1.005309649148733      2.638937829015426 -0.0004357162201523437
     -1.005309649148733      2.764601535159018    0.01051817143268334
     -1.005309649148733      2.890265241302609    0.02893620248368291
     -1.005309649148733      3.015928947446201    0.04221022671830497
     -0.879645943005142     -3.141592653589793    0.02693519258430146
     -0.879645943005142     -3.015928947446201    0.03551550715424086
     -0.879645943005142      -2.89026524130261    0.05119950654545959
     -0.879645943005142     -2.764601535159018    0.06425155093300683
     -0.879645943005142     -2.638937829015426    0.07085601198359323
     -0.879645943005142     -2.513274122871834    0.07552172477879687
     -0.879645943005142     -2.387610416728243    0.07593314904070203
     -0.879645943005142     -2.261946710584651    0.06631543750766712
     -0.879645943005142     -2.136283004441059    0.05415929016817782
     -0.879645943005142     -2.010619298297468    0.05072712158036384
     -0.879645943005142     -1.884955592153876    0.05074584398556348
     -0.879645943005142     -1.759291886010284    0.04506402210332572
     -0.879645943005142     -1.633628179866693    0.04159212205387561
     -0.879645943005142     -1.507964473723101    0.04931305708167621
     -0.879645943005142     -1.382300767579509    0.05706921967129043
     -0.879645943005142     -1.256637061435917    0.05045016868938816
     -0.879645943005142     -1.130973355292325    0.03353827937697086
     -0.879645943005142     -1.005309649148733     0.0183970061628057
     -0.879645943005142     -0.879645943005142   0.009183446423154317
     -0.879645943005142    -0.7539822368615505   0.005078400883053578
     -0.879645943005142    -0.6283185307179586   0.005369679316850469
     -0.879645943005142    -0.5026548245743667   0.008676511110161515
     -0.879645943005142    -0.3769911184307753    0.01349847788154588
     -0.879645943005142    -0.2513274122871838    0.01688916007573758
     -0.879645943005142    -0.1256637061435919    0.01432171630776094
     -0.879645943005142                      0   0.007613341249259076
     -0.879645943005142     0.1256637061435919   0.005396062905362737
     -0.879645943005142     0.2513274122871834   0.009265629846365992
     -0.879645943005142     0.3769911184307753    0.01139915963215085
     -0.879645943005142     0.5026548245743672   0.009313019725434891
     -0.879645943005142     0.6283185307179582    0.00882902840876304
     -0.879645943005142     0.7539822368615501    0.01231226945760063
     -0.879645943005142     0.8796459430051424    0.01651579426496409
     -0.879645943005142      1.005309649148734    0.01900785030286736
     -0.879645943005142      1.130973355292326    0.01868008169980355
     -0.879645943005142      1.256637061435917    0.01522972861129649
     -0.879645943005142      1.382300767579509     0.0108753605748634
     -0.879645943005142      1.507964473723101   0.007296725236000578
     -0.879645943005142      1.633628179866692   0.003489422122687704
     -0.879645943005142      1.759291886010284  0.0001494668889592694
     -0.879645943005142      1.884955592153876 -0.0004152928805929121
     -0.879645943005142      2.010619298297467  0.0003843529263741888
     -0.879645943005142       2.13628300444106 -3.677926886446305e-05
     -0.879645943005142      2.261946710584651 -0.0003244890710935364
     -0.879645943005142      2.387610416728243  0.0004154815399549082
     -0.879645943005142      2.513274122871834 -0.0001299332039047421
     -0.879645943005142      2.638937829015426 -0.0001971017931692071
     -0.879645943005142      2.764601535159018   0.006083539438750628
     -0.879645943005142      2.890265241302609    0.01703491696588402
     -0.879645943005142      3.015928947446201     0.0239870394278378
    -0.7539822368615505     -3.141592653589793    0.01746852347399523
    -0.7539822368615505     -3.015928947446201    0.02491374123647905
    -0.7539822368615505      -2.89026524130261    0.03728385575373376
    -0.7539822368615505     -2.764601535159018     0.0486618513051645
    -0.7539822368615505     -2.638937829015426    0.05586017144760729
    -0.7539822368615505     -2.513274122871834    0.05956664013464749
    -0.7539822368615505     -2.387610416728243    0.05783744674833634
    -0.7539822368615505     -2.261946710584651    0.04906283810542807
    -0.7539822368615505     -2.136283004441059    0.03989858914436364
    -0.7539822368615505     -2.010619298297468    0.03784343426713594
    -0.7539822368615505     -1.884955592153876    0.03857307698300351
    -0.7539822368615505     -1.759291886010284    0.03476053406450533
    -0.7539822368615505     -1.633628179866693    0.03174987874919962
    -0.7539822368615505     -1.507964473723101    0.03753889672169262
    -0.7539822368615505     -1.382300767579509    0.04488462026420045
    -0.7539822368615505     -1.256637061435917    0.04117549554200835
    -0.7539822368615505     -1.130973355292325    0.02781687508430743
    -0.7539822368615505     -1.005309649148733    0.01512167070648767
    -0.7539822368615505     -0.879645943005142   0.007419322531075056
    -0.7539822368615505    -0.7539822368615505   0.003614630616068115
    -0.7539822368615505    -0.6283185307179586   0.003104157303926545
    -0.7539822368615505    -0.5026548245743667   0.004956408094205448
    -0.7539822368615505    -0.3769911184307753   0.007315010980865857
    -0.7539822368615505    -0.2513274122871838   0.008528400662694781
    -0.7539822368615505    -0.1256637061435919   0.007062837132092728
    -0.7539822368615505                      0    0.00385667184112382
    -0.7539822368615505     0.1256637061435919   0.003007667844945984
    -0.7539822368615505     0.2513274122871834    0.00538004019617065
    -0.7539822368615505     0.3769911184307753   0.006718492611894365
    -0.7539822368615505     0.5026548245743672   0.005561631764032481
    -0.7539822368615505     0.6283185307179582   0.005387744616345995
    -0.7539822368615505     0.7539822368615501   0.007735730820792031
    -0.7539822368615505     0.8796459430051424    0.01076054707245645
    -0.7539822368615505      1.005309649148734    0.01294082274486778
    -0.7539822368615505      1.130973355292326    0.01299154490046996
    -0.7539822368615505      1.256637061435917    0.01021061588998509
    -0.7539822368615505      1.382300767579509   0.006672520969213133
    -0.7539822368615505      1.507964473723101   0.004318399278669983
    -0.7539822368615505      1.633628179866692   0.002144760828435963
    -0.7539822368615505      1.759291886010284  2.070772789993018e-05
    -0.7539822368615505      1.884955592153876 -0.0003136397634032867
    -0.7539822368615505      2.010619298297467  0.0003292398885290784
    -0.7539822368615505       2.13628300444106 -2.289015701708446e-05
    -0.7539822368615505      2.261946710584651 -0.0002962783453481438
    -0.7539822368615505      2.387610416728243   0.000316858490401446
    -0.7539822368615505      2.513274122871834 -6.440077737392017e-06
    -0.7539822368615505      2.638937829015426 -0.0002546778436462391
    -0.7539822368615505      2.764601535159018   0.003485837724016961
    -0.7539822368615505      2.890265241302609    0.01009568538461169
    -0.7539822368615505      3.015928947446201    0.01449756284533083
    -0.6283185307179586     -3.141592653589793    0.01419952357561667
    -0.6283185307179586     -3.015928947446201    0.02040426149109913
    -0.6283185307179586      -2.89026524130261    0.03010561412252727
    -0.6283185307179586     -2.764601535159018    0.04277613065775501
    -0.6283185307179586     -2.638937829015426    0.05356405217138125
    -0.6283185307179586     -2.513274122871834    0.05583824439815774
    -0.6283185307179586     -2.387610416728243    0.05059185831191056
    -0.6283185307179586     -2.261946710584651    0.04343565025138097
    -0.6283185307179586     -2.136283004441059    0.03822720015164933
    -0.6283185307179586     -2.010619298297468    0.03994163017222179
    -0.6283185307179586     -1.884955592153876    0.04791404084614226
    -0.6283185307179586     -1.759291886010284    0.04929060488990977
    -0.6283185307179586     -1.633628179866693    0.04053910915339211
    -0.6283185307179586     -1.507964473723101    0.03830417582667159
    -0.6283185307179586     -1.382300767579509    0.04746631386528866
    -0.6283185307179586     -1.256637061435917    0.04910851936865943
    -0.6283185307179586     -1.130973355292325    0.03626609007863154
    -0.6283185307179586     -1.005309649148733    0.02377788032101847
    -0.6283185307179586     -0.879645943005142    0.01743883188454503
    -0.6283185307179586    -0.7539822368615505    0.01079735747937576
    -0.6283185307179586    -0.6283185307179586   0.005576764424774113
    -0.6283185307179586    -0.5026548245743667   0.005620204472877692
    -0.6283185307179586    -0.3769911184307753   0.006118015699923583
    -0.6283185307179586    -0.2513274122871838   0.004575684020155189
    -0.6283185307179586    -0.1256637061435919   0.003692211732168722
    -0.6283185307179586                      0   0.002675801695956955
    -0.6283185307179586     0.1256637061435919   0.001512948659009278
    -0.6283185307179586     0.2513274122871834   0.003410796765458717
    -0.6283185307179586     0.3769911184307753   0.005773925869825425
    -0.6283185307179586     0.5026548245743672   0.004263725224430346
    -0.6283185307179586     0.6283185307179582   0.002713266495818931
    -0.6283185307179586     0.7539822368615501   0.005057974204923169
    -0.6283185307179586     0.8796459430051424   0.008150432272431186
    -0.6283185307179586      1.005309649148734   0.009584893669179357
    -0.6283185307179586      1.130973355292326   0.009617989244067083
    -0.6283185307179586      1.256637061435917   0.007286986729778503
    -0.6283185307179586      1.382300767579509   0.004182535034822018
    -0.6283185307179586      1.507964473723101   0.003289914074282485
    -0.6283185307179586      1.633628179866692   0.002462043383621279
    -0.6283185307179586      1.759291886010284  3.239638696912914e-06
    -0.6283185307179586      1.884955592153876 -0.0005953280695244233
    -0.6283185307179586      2.010619298297467  0.0006495224344477425
    -0.6283185307179586       2.13628300444106  6.202388351039036e-05
    -0.6283185307179586      2.261946710584651 -0.0006935920512284314
    -0.6283185307179586      2.387610416728243  0.0004815622016764651
    -0.6283185307179586      2.513274122871834  0.0003572098925314417
    -0.6283185307179586      2.638937829015426 -0.0006588019897768739
    -0.6283185307179586      2.764601535159018   0.002200882075467111
    -0.6283185307179586      2.890265241302609     0.0074896672208026
    -0.6283185307179586      3.015928947446201    0.01093426315519866
    -0.5026548245743667     -3.141592653589793   0.007415767480980731
    -0.5026548245743667     -3.015928947446201     0.0121133712085301
    -0.5026548245743667      -2.89026524130261    0.01853479156934826
    -0.5026548245743667     -2.764601535159018    0.02942986649998827
    -0.5026548245743667     -2.638937829015426     0.0395503822513484
    -0.5026548245743667     -2.513274122871834    0.03976473358516974
    -0.5026548245743667     -2.387610416728243    0.03290623581395983
    -0.5026548245743667     -2.261946710584651    0.02749500880943647
    -0.5026548245743667     -2.136283004441059    0.02488118669865761
    -0.5026548245743667     -2.010619298297468    0.02657576556504636
    -0.5026548245743667     -1.884955592153876    0.03426843573120305
    -0.5026548245743667     -1.759291886010284    0.03837480481375467
    -0.5026548245743667     -1.633628179866693    0.03245900751895144
    -0.5026548245743667     -1.507964473723101    0.02889496606676479
    -0.5026548245743667     -1.382300767579509    0.03484306378561629
    -0.5026548245743667     -1.256637061435917    0.03701295372555409
    -0.5026548245743667     -1.130973355292325    0.02914257115954774
    -0.5026548245743667     -1.005309649148733    0.02183194356721747
    -0.5026548245743667     -0.879645943005142    0.01793779494882738
    -0.5026548245743667    -0.7539822368615505    0.01160018329045281
    -0.5026548245743667    -0.6283185307179586   0.005699242036510332
    -0.5026548245743667    -0.5026548245743667   0.003959485693678018
    -0.5026548245743667    -0.3769911184307753   0.001855169378036714
    -0.5026548245743667    -0.2513274122871838  -0.001097910272991674
    -0.5026548245743667    -0.1256637061435919 -0.0007204035837048862
    -0.5026548245743667                      0  0.0005218751345755911
    -0.5026548245743667     0.1256637061435919 -0.0001093199471406702
    -0.5026548245743667     0.2513274122871834  0.0008800499807373506
    -0.5026548245743667     0.3769911184307753   0.003120466869414425
    -0.5026548245743667     0.5026548245743672   0.002292330786952664
    -0.5026548245743667     0.6283185307179582  0.0006216495881310434
    -0.5026548245743667     0.7539822368615501   0.002207703403821985
    -0.5026548245743667     0.8796459430051424   0.004998484904804911
    -0.5026548245743667      1.005309649148734   0.006243639658807164
    -0.5026548245743667      1.130973355292326   0.005860794224858457
    -0.5026548245743667      1.256637061435917   0.003806419705906413
    -0.5026548245743667      1.382300767579509   0.001775338495985009
    -0.5026548245743667      1.507964473723101    0.00171929708320001
    -0.5026548245743667      1.633628179866692   0.001475405660193543
    -0.5026548245743667      1.759291886010284 -0.0001950712938869641
    -0.5026548245743667      1.884955592153876  -0.000420364356957227
    -0.5026548245743667      2.010619298297467  0.0005765605432758488
    -0.5026548245743667       2.13628300444106 -5.045468470985572e-06
    -0.5026548245743667      2.261946710584651 -0.0005693943524268082
    -0.5026548245743667      2.387610416728243  0.0004067162271540533
    -0.5026548245743667      2.513274122871834  0.0003331761239783712
    -0.5026548245743667      2.638937829015426 -0.0006370778010671495
    -0.5026548245743667      2.764601535159018  0.0002251974245371224
    -0.5026548245743667      2.890265241302609   0.002016812832472686
    -0.5026548245743667      3.015928947446201    0.00388016212706705
    -0.3769911184307753     -3.141592653589793   0.003511900381772686
    -0.3769911184307753     -3.015928947446201   0.009848637994548456
    -0.3769911184307753      -2.89026524130261    0.01744098390485212
    -0.3769911184307753     -2.764601535159018    0.02732215791440686
    -0.3769911184307753     -2.638937829015426    0.03497256514551135
    -0.3769911184307753     -2.513274122871834    0.03500407885325637
    -0.3769911184307753     -2.387610416728243    0.02872100912684376
    -0.3769911184307753     -2.261946710584651    0.02110698775812023
    -0.3769911184307753     -2.136283004441059    0.01503772288819488
    -0.3769911184307753     -2.010619298297468    0.01093066022809787
    -0.3769911184307753     -1.884955592153876   0.008851540331008854
    -0.3769911184307753     -1.759291886010284    0.01043096273768544
    -0.3769911184307753     -1.633628179866693     0.0169307972008964
    -0.3769911184307753     -1.507964473723101    0.02400422329039034
    -0.3769911184307753     -1.382300767579509    0.02483849052178278
    -0.3769911184307753     -1.256637061435917    0.02003133114162955
    -0.3769911184307753     -1.130973355292325    0.01545396591313467
    -0.3769911184307753     -1.005309649148733    0.01197957175918187
    -0.3769911184307753     -0.879645943005142   0.007583252315971118
    -0.3769911184307753    -0.7539822368615505   0.004238200029630797
    -0.3769911184307753    -0.6283185307179586   0.003150698674053088
    -0.3769911184307753    -0.5026548245743667  0.0009807665997694311
    -0.3769911184307753    -0.3769911184307753  -0.002927588302899591
    -0.3769911184307753    -0.2513274122871838  -0.004603401746723527
    -0.3769911184307753    -0.1256637061435919  -0.003010062703703878
    -0.3769911184307753                      0  -0.001174568802640466
    -0.3769911184307753     0.1256637061435919 -0.0005403812105058557
    -0.3769911184307753     0.2513274122871834 -0.0001319101496429546
    -0.3769911184307753     0.3769911184307753  0.0006682767402348981
    -0.3769911184307753     0.5026548245743672    0.00142004587916929
    -0.3769911184307753     0.6283185307179582   0.001715357077645167
    -0.3769911184307753     0.7539822368615501   0.002630234720151744
    -0.3769911184307753     0.8796459430051424   0.005433610565816035
    -0.3769911184307753      1.005309649148734   0.008022575764679844
    -0.3769911184307753      1.130973355292326   0.007133316646129061
    -0.3769911184307753      1.256637061435917   0.004104018859002319
    -0.3769911184307753      1.382300767579509   0.002246308835149615
    -0.3769911184307753      1.507964473723101   0.001112775119916816
    -0.3769911184307753      1.633628179866692 -0.0003664591980884559
    -0.3769911184307753      1.759291886010284 -0.0006310501022706277
    -0.3769911184307753      1.884955592153876  0.0002312274732051988
    -0.3769911184307753      2.010619298297467   0.000150421933509613
    -0.3769911184307753       2.13628300444106 -0.0003082939636120491
    -0.3769911184307753      2.261946710584651  0.0001017834149037842
    -0.3769911184307753      2.387610416728243  0.0001982212609767727
    -0.3769911184307753      2.513274122871834 -0.0002299433650130273
    -0.3769911184307753      2.638937829015426 -0.0001900926874564996
    -0.3769911184307753      2.764601535159018 -0.0009668371079327628
    -0.3769911184307753      2.890265241302609  -0.002674367725953759
    -0.3769911184307753      3.015928947446201  -0.001579746867614075
    -0.2513274122871838     -3.141592653589793   0.005110722332568013
    -0.2513274122871838     -3.015928947446201    0.01211781609781117
    -0.2513274122871838      -2.89026524130261    0.02077097913138357
    -0.2513274122871838     -2.764601535159018    0.02893628790431302
    -0.2513274122871838     -2.638937829015426    0.03411799404863065
    -0.2513274122871838     -2.513274122871834    0.03585197483016312
    -0.2513274122871838     -2.387610416728243    0.03264389128947099
    -0.2513274122871838     -2.261946710584651    0.02421304830756745
    -0.2513274122871838     -2.136283004441059    0.01551144129537728
    -0.2513274122871838     -2.010619298297468   0.008676250313634067
    -0.2513274122871838     -1.884955592153876   0.001301629400166467
    -0.2513274122871838     -1.759291886010284 -0.0007688176195201121
    -0.2513274122871838     -1.633628179866693    0.01007474731651174
    -0.2513274122871838     -1.507964473723101    0.02330747199356124
    -0.2513274122871838     -1.382300767579509     0.0234613432642852
    -0.2513274122871838     -1.256637061435917    0.01509654697039724
    -0.2513274122871838     -1.130973355292325    0.00944237272755406
    -0.2513274122871838     -1.005309649148733   0.004664055650342661
    -0.2513274122871838     -0.879645943005142  -0.001131615078353309
    -0.2513274122871838    -0.7539822368615505  -0.002035652858391456
    -0.2513274122871838    -0.6283185307179586  0.0006874841305617747
    -0.2513274122871838    -0.5026548245743667  0.0001280144123427525
    -0.2513274122871838    -0.3769911184307753  -0.001913708078028272
    -0.2513274122871838    -0.2513274122871838  -0.001199064557422676
    -0.2513274122871838    -0.1256637061435919  -0.000187563425451441
    -0.2513274122871838                      0 -0.0002620173120604066
    -0.2513274122871838     0.1256637061435919   0.000504920670766589
    -0.2513274122871838     0.2513274122871834   0.001066970195720471
    -0.2513274122871838     0.3769911184307753   0.000778787589182945
    -0.2513274122871838     0.5026548245743672   0.001861340251445098
    -0.2513274122871838     0.6283185307179582   0.003593748330286074
    -0.2513274122871838     0.7539822368615501    0.00449477844233238
    -0.2513274122871838     0.8796459430051424   0.006710060438185813
    -0.2513274122871838      1.005309649148734   0.009587315488247847
    -0.2513274122871838      1.130973355292326   0.008981604600360339
    -0.2513274122871838      1.256637061435917    0.00590168802223982
    -0.2513274122871838      1.382300767579509   0.003780812850116837
    -0.2513274122871838      1.507964473723101   0.001612794165552173
    -0.2513274122871838      1.633628179866692 -0.0007465443649865795
    -0.2513274122871838      1.759291886010284 -0.0006472845237733455
    -0.2513274122871838      1.884955592153876  0.0004788901811348434
    -0.2513274122871838      2.010619298297467 -7.845736628812335e-05
    -0.2513274122871838       2.13628300444106 -0.0004108539252949343
    -0.2513274122871838      2.261946710584651  0.0004100923694133966
    -0.2513274122871838      2.387610416728243  0.0001113619852621545
    -0.2513274122871838      2.513274122871834 -0.0005421032798484878
    -0.2513274122871838      2.638937829015426  0.0001003035083199555
    -0.2513274122871838      2.764601535159018 -2.737184441874694e-06
    -0.2513274122871838      2.890265241302609  -0.001084432787339033
    -0.2513274122871838      3.015928947446201  0.0002980659735568759
    -0.1256637061435919     -3.141592653589793   0.003411979540191327
    -0.1256637061435919     -3.015928947446201   0.007260659229176053
    -0.1256637061435919      -2.89026524130261    0.01206455404336687
    -0.1256637061435919     -2.764601535159018    0.01558834434662098
    -0.1256637061435919     -2.638937829015426    0.01767551787720978
    -0.1256637061435919     -2.513274122871834    0.01970516967733417
    -0.1256637061435919     -2.387610416728243    0.01940301565900453
    -0.1256637061435919     -2.261946710584651     0.0147356786657924
    -0.1256637061435919     -2.136283004441059   0.009400926574515432
    -0.1256637061435919     -2.010619298297468   0.005424744526451505
    -0.1256637061435919     -1.884955592153876  0.0003556987803468078
    -0.1256637061435919     -1.759291886010284  -0.002293497421681266
    -0.1256637061435919     -1.633628179866693   0.003625105437706416
    -0.1256637061435919     -1.507964473723101    0.01220480714323953
    -0.1256637061435919     -1.382300767579509    0.01313893135137642
    -0.1256637061435919     -1.256637061435917   0.008307161066056246
    -0.1256637061435919     -1.130973355292325   0.004059974195837207
    -0.1256637061435919     -1.005309649148733 -0.0001769272715141205
    -0.1256637061435919     -0.879645943005142  -0.004060273458117778
    -0.1256637061435919    -0.7539822368615505  -0.003685315839010249
    -0.1256637061435919    -0.6283185307179586 -0.0009796260631004608
    -0.1256637061435919    -0.5026548245743667 -0.0003538356272169808
    -0.1256637061435919    -0.3769911184307753 -0.0002161975553102702
    -0.1256637061435919    -0.2513274122871838   0.001083677097085864
    -0.1256637061435919    -0.1256637061435919   0.001139571682156831
    -0.1256637061435919                      0  0.0002621869926162238
    -0.1256637061435919     0.1256637061435919  0.0006933491582541385
    -0.1256637061435919     0.2513274122871834   0.001014212435021183
    -0.1256637061435919     0.3769911184307753  0.0003611323092472629
    -0.1256637061435919     0.5026548245743672  0.0009460600286116958
    -0.1256637061435919     0.6283185307179582   0.002439912850310715
    -0.1256637061435919     0.7539822368615501    0.00293089630622495
    -0.1256637061435919     0.8796459430051424   0.003599308331005618
    -0.1256637061435919      1.005309649148734   0.005034926331506028
    -0.1256637061435919      1.130973355292326    0.00508041575635284
    -0.1256637061435919      1.256637061435917   0.003652093299710567
    -0.1256637061435919      1.382300767579509   0.002349254588167129
    -0.1256637061435919      1.507964473723101   0.000906836320105111
    -0.1256637061435919      1.633628179866692 -0.0004271093442501757
    -0.1256637061435919      1.759291886010284 -0.0002890849143717402
    -0.1256637061435919      1.884955592153876  0.0002855719264810292
    -0.1256637061435919      2.010619298297467 -9.472786368253553e-05
    -0.1256637061435919       2.13628300444106 -0.0002218674826401606
    -0.1256637061435919      2.261946710584651  0.0002687210133509576
    -0.1256637061435919      2.387610416728243  4.430371405451373e-05
    -0.1256637061435919      2.513274122871834 -0.0003498180228173021
    -0.1256637061435919      2.638937829015426  0.0001234509052845385
    -0.1256637061435919      2.764601535159018  0.0005141934961145154
    -0.1256637061435919      2.890265241302609  0.0004931525065738022
    -0.1256637061435919      3.015928947446201   0.001242910508693446
                      0     -3.141592653589793 -0.0003124935477674005
                      0     -3.015928947446201  0.0007257102814981346
                      0      -2.89026524130261   0.001769137407771192
                      0     -2.764601535159018   0.002400540314246336
                      0     -2.638937829015426   0.002904248283473111
                      0     -2.513274122871834   0.003570628033500233
                      0     -2.387610416728243   0.003450356158161035
                      0     -2.261946710584651   0.002087476755906157
                      0     -2.136283004441059  0.0007316125340549002
                      0     -2.010619298297468 -0.0004002307434952179
                      0     -1.884955592153876  -0.002216228607662732
                      0     -1.759291886010284  -0.003136578221568083
                      0     -1.633628179866693  -0.001101674878875831
                      0     -1.507964473723101   0.001649595365033116
                      0     -1.382300767579509   0.001946204654517936
                      0     -1.256637061435917  0.0007498533418835095
                      0     -1.130973355292325 -0.0001480128320697598
                      0     -1.005309649148733  -0.001286106268840038
                      0     -0.879645943005142  -0.002371832249594028
                      0    -0.7539822368615505  -0.001990270828466965
                      0    -0.6283185307179586 -0.0009659742227348949
                      0    -0.5026548245743667 -0.0008145508773116338
                      0    -0.3769911184307753 -0.0009334345580105587
                      0    -0.2513274122871838 -0.0006812976029954987
                      0    -0.1256637061435919 -0.0005773020791137744
                      0                      0 -0.0004511182789205028
                      0     0.1256637061435919 -7.228209707532061e-05
                      0     0.2513274122871834 -0.0002022276408259211
                      0     0.3769911184307753 -0.0006384986730476131
                      0     0.5026548245743672 -0.0002975771372330162
                      0     0.6283185307179582  0.0003290965426940899
                      0     0.7539822368615501   0.000288797434606839
                      0     0.8796459430051424  0.0002196789471270196
                      0      1.005309649148734  0.0006147873240791465
                      0      1.130973355292326  0.0007495093825813834
                      0      1.256637061435917  0.0004455071267840819
                      0      1.382300767579509  0.0001425191979423936
                      0      1.507964473723101  -0.000180828900384489
                      0      1.633628179866692  -0.000362670179404277
                      0      1.759291886010284 -9.667165504316647e-05
                      0      1.884955592153876  0.0001144745497273245
                      0      2.010619298297467 -5.651934419245421e-05
                      0       2.13628300444106 -6.547380933824234e-05
                      0      2.261946710584651  0.0001049038069334124
                      0      2.387610416728243 -1.202987478101335e-05
                      0      2.513274122871834 -0.0001035616252333305
                      0      2.638937829015426  5.155839470129421e-05
                      0      2.764601535159018 -0.0001534416407510368
                      0      2.890265241302609 -0.0007366101581945204
                      0      3.015928947446201 -0.0008929368833717425
     0.1256637061435919     -3.141592653589793  0.0006543878899881226
     0.1256637061435919     -3.015928947446201    0.00129893789329556
     0.1256637061435919      -2.89026524130261   0.002008447072456811
     0.1256637061435919     -2.764601535159018   0.002873039859913177
     0.1256637061435919     -2.638937829015426   0.003731272843189733
     0.1256637061435919     -2.513274122871834   0.004099672314901107
     0.1256637061435919     -2.387610416728243   0.003768877793185506
     0.1256637061435919     -2.261946710584651   0.003024791918504969
     0.1256637061435919     -2.136283004441059   0.002343983742287279
     0.1256637061435919     -2.010619298297468   0.002009095299303081
     0.1256637061435919     -1.884955592153876   0.001910763016030849
     0.1256637061435919     -1.759291886010284   0.001908019144363892
     0.1256637061435919     -1.633628179866693    0.00224899681821997
     0.1256637061435919     -1.507964473723101   0.003036996488744303
     0.1256637061435919     -1.382300767579509   0.003615132188837389
     0.1256637061435919     -1.256637061435917   0.003281054354092738
     0.1256637061435919     -1.130973355292325   0.002207764675484819
     0.1256637061435919     -1.005309649148733   0.001078772926979247
     0.1256637061435919     -0.879645943005142  0.0003428714745203738
     0.1256637061435919    -0.7539822368615505  8.506374237721346e-05
     0.1256637061435919    -0.6283185307179586  0.0001071313139545654
     0.1256637061435919    -0.5026548245743667  0.0001305550530547867
     0.1256637061435919    -0.3769911184307753  0.0001274951274779557
     0.1256637061435919    -0.2513274122871838  0.0001787123039410019
     0.1256637061435919    -0.1256637061435919  0.0001752594734313034
     0.1256637061435919                      0  7.971305172303983e-05
     0.1256637061435919     0.1256637061435919  6.236706113642068e-05
     0.1256637061435919     0.2513274122871834  0.0001173450823213356
     0.1256637061435919     0.3769911184307753  0.0001104141645534349
     0.1256637061435919     0.5026548245743672  0.0001393089486980644
     0.1256637061435919     0.6283185307179582  0.0002934180163602278
     0.1256637061435919     0.7539822368615501   0.000440204939513211
     0.1256637061435919     0.8796459430051424  0.0005675738788565413
     0.1256637061435919      1.005309649148734  0.0007426953676537488
     0.1256637061435919      1.130973355292326  0.0007783590505858314
     0.1256637061435919      1.256637061435917   0.000558490135127096
     0.1256637061435919      1.382300767579509  0.0003095244162908097
     0.1256637061435919      1.507964473723101  0.0001546581058521646
     0.1256637061435919      1.633628179866692  1.093230252356687e-05
     0.1256637061435919      1.759291886010284 -5.016676704113955e-05
     0.1256637061435919      1.884955592153876  1.572951511179221e-05
     0.1256637061435919      2.010619298297467  2.518541287669766e-05
     0.1256637061435919       2.13628300444106 -3.395473617274665e-05
     0.1256637061435919      2.261946710584651 -1.614101861885819e-07
     0.1256637061435919      2.387610416728243  3.664259555863655e-05
     0.1256637061435919      2.513274122871834 -2.932770245645235e-05
     0.1256637061435919      2.638937829015426 -2.525741767362423e-05
     0.1256637061435919      2.764601535159018  7.744662155736557e-05
     0.1256637061435919      2.890265241302609  0.0001105813303986993
     0.1256637061435919      3.015928947446201  0.0002186128169702456
     0.2513274122871834     -3.141592653589793   0.001685621269115483
     0.2513274122871834     -3.015928947446201   0.002183851461255487
     0.2513274122871834      -2.89026524130261   0.002892267649639673
     0.2513274122871834     -2.764601535159018   0.003242818896999775
     0.2513274122871834     -2.638937829015426   0.003546080727157965
     0.2513274122871834     -2.513274122871834   0.004337108133167065
     0.2513274122871834     -2.387610416728243   0.004910443443518956
     0.2513274122871834     -2.261946710584651   0.004407580498811278
     0.2513274122871834     -2.136283004441059   0.003505692961576279
     0.2513274122871834     -2.010619298297468   0.003093487580705771
     0.2513274122871834     -1.884955592153876    0.00271790498592197
     0.2513274122871834     -1.759291886010284   0.002099582671671081
     0.2513274122871834     -1.633628179866693   0.002197741702601451
     0.2513274122871834     -1.507964473723101   0.003305295646948614
     0.2513274122871834     -1.382300767579509    0.00412319624927245
     0.2513274122871834     -1.256637061435917     0.0035802274948708
     0.2513274122871834     -1.130973355292325    0.00195662277269391
     0.2513274122871834     -1.005309649148733  0.0002173308208839023
     0.2513274122871834     -0.879645943005142 -0.0007188243827882144
     0.2513274122871834    -0.7539822368615505 -0.0006247429070991574
     0.2513274122871834    -0.6283185307179586 -0.0001269435811741142
     0.2513274122871834    -0.5026548245743667  0.0003974379038850012
     0.2513274122871834    -0.3769911184307753   0.001180472475303325
     0.2513274122871834    -0.2513274122871838   0.001817667426539146
     0.2513274122871834    -0.1256637061435919   0.001493693034256477
     0.2513274122871834                      0  0.0006760933470451276
     0.2513274122871834     0.1256637061435919   0.000460539515521678
     0.2513274122871834     0.2513274122871834  0.0006592354003692878
     0.2513274122871834     0.3769911184307753  0.0005624262276528932
     0.2513274122871834     0.5026548245743672  0.0004611000071969302
     0.2513274122871834     0.6283185307179582  0.0007432813362648814
     0.2513274122871834     0.7539822368615501   0.000984965239581307
     0.2513274122871834     0.8796459430051424  0.0009589080899128104
     0.2513274122871834      1.005309649148734   0.001009829165470156
     0.2513274122871834      1.130973355292326   0.001145402925147191
     0.2513274122871834      1.256637061435917   0.001053954885954341
     0.2513274122871834      1.382300767579509  0.0007612478783014683
     0.2513274122871834      1.507964473723101  0.0004468408480563844
     0.2513274122871834      1.633628179866692  0.0001598220798466302
     0.2513274122871834      1.759291886010284  2.105157852828615e-07
     0.2513274122871834      1.884955592153876  7.328519344724393e-06
     0.2513274122871834      2.010619298297467  1.267369282149227e-05
     0.2513274122871834       2.13628300444106 -2.868108093376518e-05
     0.2513274122871834      2.261946710584651  7.665735658570745e-06
     0.2513274122871834      2.387610416728243  3.965694303618408e-05
     0.2513274122871834      2.513274122871834 -5.510869901190293e-05
     0.2513274122871834      2.638937829015426  6.598094200822151e-06
     0.2513274122871834      2.764601535159018  0.0005444979643504924
     0.2513274122871834      2.890265241302609   0.001245279574632096
     0.2513274122871834      3.015928947446201   0.001566186993078042
     0.3769911184307753     -3.141592653589793  1.592439662843334e-05
     0.3769911184307753     -3.015928947446201 -1.582566491214733e-05
     0.3769911184307753      -2.89026524130261 -7.440805397508746e-05
     0.3769911184307753     -2.764601535159018  -0.000806235699379497
     0.3769911184307753     -2.638937829015426  -0.001451129002751338
     0.3769911184307753     -2.513274122871834 -0.0008924202382397718
     0.3769911184307753     -2.387610416728243  1.393578936268315e-06
     0.3769911184307753     -2.261946710584651   3.86965783167085e-06
     0.3769911184307753     -2.136283004441059 -0.0003388627497538709
     0.3769911184307753     -2.010619298297468 -0.0006548293981983962
     0.3769911184307753     -1.884955592153876  -0.001625103673036043
     0.3769911184307753     -1.759291886010284  -0.002571047774227374
     0.3769911184307753     -1.633628179866693  -0.002108481118902094
     0.3769911184307753     -1.507964473723101  -0.001031874762099688
     0.3769911184307753     -1.382300767579509 -0.0008364442029874726
     0.3769911184307753     -1.256637061435917  -0.001195131554574638
     0.3769911184307753     -1.130973355292325  -0.001547765346847346
     0.3769911184307753     -1.005309649148733  -0.002151674772507068
     0.3769911184307753     -0.879645943005142  -0.002466751270134692
     0.3769911184307753    -0.7539822368615505    -0.0018027256739501
     0.3769911184307753    -0.6283185307179586 -0.0009155661810553807
     0.3769911184307753    -0.5026548245743667 -0.0004118917052708653
     0.3769911184307753    -0.3769911184307753  0.0002208258159137061
     0.3769911184307753    -0.2513274122871838  0.0007764625907513905
     0.3769911184307753    -0.1256637061435919   0.000548847648422287
     0.3769911184307753                      0  0.0001271273244453432
     0.3769911184307753     0.1256637061435919  0.0001937933109452595
     0.3769911184307753     0.2513274122871834  0.0001559119229548607
     0.3769911184307753     0.3769911184307753 -0.0001952468868213214
     0.3769911184307753     0.5026548245743672 -0.0001312129469595365
     0.3769911184307753     0.6283185307179582   0.000248048006581173
     0.3769911184307753     0.7539822368615501  0.0001905786398436658
     0.3769911184307753     0.8796459430051424  -0.000154660741613046
     0.3769911184307753      1.005309649148734 -0.0002113914637110471
     0.3769911184307753      1.130973355292326 -1.615451791813101e-05
     0.3769911184307753      1.256637061435917  0.0001317140421845073
     0.3769911184307753      1.382300767579509  0.0001014523414789862
     0.3769911184307753      1.507964473723101 -5.715560091869976e-05
     0.3769911184307753      1.633628179866692 -9.970926192778418e-05
     0.3769911184307753      1.759291886010284  2.463948437897462e-05
     0.3769911184307753      1.884955592153876  3.959691211492691e-05
     0.3769911184307753      2.010619298297467 -5.081918728733054e-05
     0.3769911184307753       2.13628300444106 -6.828240320715913e-06
     0.3769911184307753      2.261946710584651  5.349371770586237e-05
     0.3769911184307753      2.387610416728243 -2.317397175147146e-05
     0.3769911184307753      2.513274122871834 -4.951303860074462e-05
     0.3769911184307753      2.638937829015426  6.054137253848739e-05
     0.3769911184307753      2.764601535159018  0.0002162784622449305
     0.3769911184307753      2.890265241302609  0.0003556896442452741
     0.3769911184307753      3.015928947446201  0.0002795098920099567
     0.5026548245743672     -3.141592653589793   0.001310646646114125
     0.5026548245743672     -3.015928947446201   0.001852989716758411
     0.5026548245743672      -2.89026524130261   0.001911752576551257
     0.5026548245743672     -2.764601535159018    0.00244785261221294
     0.5026548245743672     -2.638937829015426   0.004790426257674155
     0.5026548245743672     -2.513274122871834   0.007157313870640651
     0.5026548245743672     -2.387610416728243    0.00767814134247848
     0.5026548245743672     -2.261946710584651   0.007105836939499897
     0.5026548245743672     -2.136283004441059   0.006913598165286484
     0.5026548245743672     -2.010619298297468    0.00829202119760771
     0.5026548245743672     -1.884955592153876    0.01069397390640955
     0.5026548245743672     -1.759291886010284     0.0104514952939833
     0.5026548245743672     -1.633628179866693   0.006846159534713131
     0.5026548245743672     -1.507964473723101   0.006045085035462798
     0.5026548245743672     -1.382300767579509    0.01057109716704065
     0.5026548245743672     -1.256637061435917    0.01288045408099287
     0.5026548245743672     -1.130973355292325   0.008089978100630816
     0.5026548245743672     -1.005309649148733   0.001943209049206261
     0.5026548245743672     -0.879645943005142  -0.000357416945825357
     0.5026548245743672    -0.7539822368615505 -0.0008221290460546408
     0.5026548245743672    -0.6283185307179586  -0.001138655599296499
     0.5026548245743672    -0.5026548245743667  1.578545731906297e-06
     0.5026548245743672    -0.3769911184307753    0.00189730937559789
     0.5026548245743672    -0.2513274122871838   0.002376311578071855
     0.5026548245743672    -0.1256637061435919   0.001483798064343325
     0.5026548245743672                      0   0.000581563368571652
     0.5026548245743672     0.1256637061435919  0.0002724859031619513
     0.5026548245743672     0.2513274122871834  0.0002149637935567793
     0.5026548245743672     0.3769911184307753 -0.0001856697933867309
     0.5026548245743672     0.5026548245743672 -0.0004846386291748844
     0.5026548245743672     0.6283185307179582  9.514875816639173e-05
     0.5026548245743672     0.7539822368615501  0.0004617824229175174
     0.5026548245743672     0.8796459430051424 -0.0004236688594518999
     0.5026548245743672      1.005309649148734 -0.0008964207213100006
     0.5026548245743672      1.130973355292326  3.704045742160982e-05
     0.5026548245743672      1.256637061435917  0.0004765161240973644
     0.5026548245743672      1.382300767579509 -0.0001323750803279794
     0.5026548245743672      1.507964473723101 -0.0001193431063374113
     0.5026548245743672      1.633628179866692  0.0003304471252204558
     0.5026548245743672      1.759291886010284  6.827123523197893e-05
     0.5026548245743672      1.884955592153876 -0.0001299536998739889
     0.5026548245743672      2.010619298297467  0.0001543404506778494
     0.5026548245743672       2.13628300444106  9.422084740468215e-06
     0.5026548245743672      2.261946710584651 -0.0001827224750513838
     0.5026548245743672      2.387610416728243  0.0001503111007365093
     0.5026548245743672      2.513274122871834  7.246201329718245e-05
     0.5026548245743672      2.638937829015426 -0.0001650869857796584
     0.5026548245743672      2.764601535159018  0.0007055660282074205
     0.5026548245743672      2.890265241302609   0.001635305573538186
     0.5026548245743672      3.015928947446201   0.001399886832776353
     0.6283185307179582     -3.141592653589793   0.003685903335998907
     0.6283185307179582     -3.015928947446201   0.007617646142413941
     0.6283185307179582      -2.89026524130261   0.009486812359851941
     0.6283185307179582     -2.764601535159018    0.01462139066601858
     0.6283185307179582     -2.638937829015426    0.02601272435633246
     0.6283185307179582     -2.513274122871834    0.03399511062993263
     0.6283185307179582     -2.387610416728243    0.03289469038658572
     0.6283185307179582     -2.261946710584651    0.02849479976754321
     0.6283185307179582     -2.136283004441059    0.02629918377077164
     0.6283185307179582     -2.010619298297468    0.02952131726841721
     0.6283185307179582     -1.884955592153876    0.03723656208727974
     0.6283185307179582     -1.759291886010284    0.03812518933271879
     0.6283185307179582     -1.633628179866693    0.02894521770313212
     0.6283185307179582     -1.507964473723101    0.02858274516943018
     0.6283185307179582     -1.382300767579509    0.04420183821882208
     0.6283185307179582     -1.256637061435917    0.05075037021206712
     0.6283185307179582     -1.130973355292325    0.03315276983826407
     0.6283185307179582     -1.005309649148733     0.0111121677419423
     0.6283185307179582     -0.879645943005142   0.001775854702685205
     0.6283185307179582    -0.7539822368615505  -0.001075801689717989
     0.6283185307179582    -0.6283185307179586  -0.002812274417978881
     0.6283185307179582    -0.5026548245743667 -0.0001532597366923362
     0.6283185307179582    -0.3769911184307753   0.004317767389589725
     0.6283185307179582    -0.2513274122871838    0.00501993754951161
     0.6283185307179582    -0.1256637061435919   0.002858017107434252
     0.6283185307179582                      0  0.0009760946255724648
     0.6283185307179582     0.1256637061435919  0.0002146301919302752
     0.6283185307179582     0.2513274122871834 -0.0001743937399665734
     0.6283185307179582     0.3769911184307753  -0.001397525198687561
     0.6283185307179582     0.5026548245743672  -0.001922224247987632
     0.6283185307179582     0.6283185307179582   0.000361181917035356
     0.6283185307179582     0.7539822368615501   0.001817837461881341
     0.6283185307179582     0.8796459430051424 -0.0004553317289637312
     0.6283185307179582      1.005309649148734  -0.001247077204725573
     0.6283185307179582      1.130973355292326   0.001651757030788212
     0.6283185307179582      1.256637061435917   0.002158296615910857
     0.6283185307179582      1.382300767579509 -0.0003928558943718792
     0.6283185307179582      1.507964473723101 -0.0005228270205718771
     0.6283185307179582      1.633628179866692  0.0006717340370351052
     0.6283185307179582      1.759291886010284 -9.882850407710006e-05
     0.6283185307179582      1.884955592153876 -0.0002954139377607587
     0.6283185307179582      2.010619298297467  0.0005975956178459635
     0.6283185307179582       2.13628300444106 -0.0001358487233078265
     0.6283185307179582      2.261946710584651 -0.0005651681581859849
     0.6283185307179582      2.387610416728243  0.0006134877592146161
     0.6283185307179582      2.513274122871834  0.0001352418445890377
     0.6283185307179582      2.638937829015426 -0.0006672547805787665
     0.6283185307179582      2.764601535159018   0.001496107197547311
     0.6283185307179582      2.890265241302609   0.002849810804464969
     0.6283185307179582      3.015928947446201   0.001811250800217523
     0.7539822368615501     -3.141592653589793    0.00185725478005124
     0.7539822368615501     -3.015928947446201    0.01137615120778435
     0.7539822368615501      -2.89026524130261    0.01643378187655991
     0.7539822368615501     -2.764601535159018    0.02893814606685768
     0.7539822368615501     -2.638937829015426    0.05232258582249812
     0.7539822368615501     -2.513274122871834    0.06552555115586689
     0.7539822368615501     -2.387610416728243    0.05941073649510564
     0.7539822368615501     -2.261946710584651    0.04826558549386788
     0.7539822368615501     -2.136283004441059    0.04258740824349336
     0.7539822368615501     -2.010619298297468    0.04564959758537938
     0.7539822368615501     -1.884955592153876    0.05645448111325301
     0.7539822368615501     -1.759291886010284    0.05967005797995174
     0.7539822368615501     -1.633628179866693    0.05004864398117532
     0.7539822368615501     -1.507964473723101    0.05394061785270736
     0.7539822368615501     -1.382300767579509    0.07994437254725043
     0.7539822368615501     -1.256637061435917    0.08906620423074471
     0.7539822368615501     -1.130973355292325    0.05909807155396057
     0.7539822368615501     -1.005309649148733    0.02151103752488726
     0.7539822368615501     -0.879645943005142   0.003989735309488372
     0.7539822368615501    -0.7539822368615505  -0.001833146642572185
     0.7539822368615501    -0.6283185307179586  -0.004903447983353601
     0.7539822368615501    -0.5026548245743667  -0.002361628198896337
     0.7539822368615501    -0.3769911184307753   0.001645357824167625
     0.7539822368615501    -0.2513274122871838   0.001113877641162192
     0.7539822368615501    -0.1256637061435919 -0.0009303168420809662
     0.7539822368615501                      0   -0.00126346438398516
     0.7539822368615501     0.1256637061435919  -0.001344383779492185
     0.7539822368615501     0.2513274122871834  -0.002792958066744149
     0.7539822368615501     0.3769911184307753  -0.005232330248293841
     0.7539822368615501     0.5026548245743672  -0.004918719281064469
     0.7539822368615501     0.6283185307179582 -0.0002256864742735992
     0.7539822368615501     0.7539822368615501   0.001998087681294901
     0.7539822368615501     0.8796459430051424  -0.001228186066009357
     0.7539822368615501      1.005309649148734  -0.001272259127468646
     0.7539822368615501      1.130973355292326    0.00337599829926867
     0.7539822368615501      1.256637061435917   0.002950838236678388
     0.7539822368615501      1.382300767579509  -0.001824552487891518
     0.7539822368615501      1.507964473723101  -0.002122009509292976
     0.7539822368615501      1.633628179866692 -0.0001675699349790818
     0.7539822368615501      1.759291886010284 -0.0006703638479383324
     0.7539822368615501      1.884955592153876  -0.000190138903007706
     0.7539822368615501      2.010619298297467  0.0009987448336434639
     0.7539822368615501       2.13628300444106 -0.0004624209048413741
     0.7539822368615501      2.261946710584651 -0.0007675104961982595
     0.7539822368615501      2.387610416728243   0.001077227119489385
     0.7539822368615501      2.513274122871834  5.524940798881574e-05
     0.7539822368615501      2.638937829015426  -0.001195383800388805
     0.7539822368615501      2.764601535159018  0.0003849586359688797
     0.7539822368615501      2.890265241302609  -0.001406269805626139
     0.7539822368615501      3.015928947446201  -0.004307584276775396
     0.8796459430051424     -3.141592653589793 -0.0004524564348386412
     0.8796459430051424     -3.015928947446201    0.01255583058982989
     0.8796459430051424      -2.89026524130261    0.01983726931555458
     0.8796459430051424     -2.764601535159018    0.03872120163527341
     0.8796459430051424     -2.638937829015426    0.07066545599202742
     0.8796459430051424     -2.513274122871834     0.0850330158626065
     0.8796459430051424     -2.387610416728243    0.07311512255581858
     0.8796459430051424     -2.261946710584651    0.05767839407739291
     0.8796459430051424     -2.136283004441059    0.05085646193882502
     0.8796459430051424     -2.010619298297468    0.05450558408155552
     0.8796459430051424     -1.884955592153876    0.06909157538100642
     0.8796459430051424     -1.759291886010284     0.0759858091513454
     0.8796459430051424     -1.633628179866693    0.06555282561207945
     0.8796459430051424     -1.507964473723101    0.06943123860464118
     0.8796459430051424     -1.382300767579509     0.1004169016857119
     0.8796459430051424     -1.256637061435917     0.1118208955275541
     0.8796459430051424     -1.130973355292325    0.07653499047493056
     0.8796459430051424     -1.005309649148733     0.0324906994723329
     0.8796459430051424     -0.879645943005142    0.01133051788017135
     0.8796459430051424    -0.7539822368615505   0.002091049121336373
     0.8796459430051424    -0.6283185307179586  -0.004034955269686533
     0.8796459430051424    -0.5026548245743667  -0.003217188172286162
     0.8796459430051424    -0.3769911184307753  -0.001842141547448297
     0.8796459430051424    -0.2513274122871838  -0.005001517751281829
     0.8796459430051424    -0.1256637061435919  -0.006086167838243816
     0.8796459430051424                      0  -0.003654275146574443
     0.8796459430051424     0.1256637061435919  -0.003117168563151371
     0.8796459430051424     0.2513274122871834  -0.005245708267941449
     0.8796459430051424     0.3769911184307753  -0.007541200906269653
     0.8796459430051424     0.5026548245743672   -0.00669947024635366
     0.8796459430051424     0.6283185307179582  -0.001628330408383612
     0.8796459430051424     0.7539822368615501  0.0009781907379091178
     0.8796459430051424     0.8796459430051424  -0.001806376171724485
     0.8796459430051424      1.005309649148734  -0.001065248585875748
     0.8796459430051424      1.130973355292326   0.004014367402319178
     0.8796459430051424      1.256637061435917   0.002543614431575036
     0.8796459430051424      1.382300767579509   -0.00339154771316025
     0.8796459430051424      1.507964473723101  -0.003289028911427756
     0.8796459430051424      1.633628179866692 -0.0006378685471487839
     0.8796459430051424      1.759291886010284  -0.001089533818846027
     0.8796459430051424      1.884955592153876 -0.0002041276563015769
     0.8796459430051424      2.010619298297467    0.00132449335808653
     0.8796459430051424       2.13628300444106 -0.0006227234262560146
     0.8796459430051424      2.261946710584651 -0.0009914824848997123
     0.8796459430051424      2.387610416728243    0.00135719431342428
     0.8796459430051424      2.513274122871834  0.0001531193309329112
     0.8796459430051424      2.638937829015426  -0.001638218248980102
     0.8796459430051424      2.764601535159018   -0.00129639637940603
     0.8796459430051424      2.890265241302609   -0.00593106118227579
     0.8796459430051424      3.015928947446201  -0.009924871639235607
      1.005309649148734     -3.141592653589793 -0.0007930769239695781
      1.005309649148734     -3.015928947446201     0.0120106372327066
      1.005309649148734      -2.89026524130261    0.01947317503103739
      1.005309649148734     -2.764601535159018    0.03965346211936675
      1.005309649148734     -2.638937829015426    0.07255832966897811
      1.005309649148734     -2.513274122871834    0.08567300898927595
      1.005309649148734     -2.387610416728243    0.07196770558338068
      1.005309649148734     -2.261946710584651    0.05664244304977011
      1.005309649148734     -2.136283004441059    0.05100403491627468
      1.005309649148734     -2.010619298297468    0.05622612610767044
      1.005309649148734     -1.884955592153876    0.07350973019579637
      1.005309649148734     -1.759291886010284    0.08177315757522691
      1.005309649148734     -1.633628179866693    0.06858362704560057
      1.005309649148734     -1.507964473723101     0.0690018083767588
      1.005309649148734     -1.382300767579509     0.1000900769292644
      1.005309649148734     -1.256637061435917     0.1132866830790058
      1.005309649148734     -1.130973355292325    0.07904725262669418
      1.005309649148734     -1.005309649148733    0.03638030422316663
      1.005309649148734     -0.879645943005142    0.01623508936495081
      1.005309649148734    -0.7539822368615505   0.005586967063943619
      1.005309649148734    -0.6283185307179586  -0.002661017973090578
      1.005309649148734    -0.5026548245743667   -0.00273923978439396
      1.005309649148734    -0.3769911184307753  -0.002550236086848563
      1.005309649148734    -0.2513274122871838  -0.007227269555030084
      1.005309649148734    -0.1256637061435919  -0.007978548138577967
      1.005309649148734                      0  -0.004275093512161517
      1.005309649148734     0.1256637061435919  -0.003622676370926251
      1.005309649148734     0.2513274122871834  -0.005712856259759251
      1.005309649148734     0.3769911184307753  -0.007280513632782925
      1.005309649148734     0.5026548245743672  -0.006666103904523359
      1.005309649148734     0.6283185307179582  -0.002637520741071732
      1.005309649148734     0.7539822368615501 -7.445953639854692e-05
      1.005309649148734     0.8796459430051424  -0.002259829396333434
      1.005309649148734      1.005309649148734  -0.001498417544395237
      1.005309649148734      1.130973355292326   0.003327393829121934
      1.005309649148734      1.256637061435917   0.001752150386990928
      1.005309649148734      1.382300767579509  -0.004107536838764428
      1.005309649148734      1.507964473723101  -0.003477901459932555
      1.005309649148734      1.633628179866692 -0.0003356192159134532
      1.005309649148734      1.759291886010284  -0.001021739776542149
      1.005309649148734      1.884955592153876 -0.0003811523702341695
      1.005309649148734      2.010619298297467    0.00142630619603839
      1.005309649148734       2.13628300444106 -0.0005137455345119379
      1.005309649148734      2.261946710584651  -0.001172210632873575
      1.005309649148734      2.387610416728243   0.001357695679944684
      1.005309649148734      2.513274122871834  0.0003723319153245244
      1.005309649148734      2.638937829015426  -0.001775427168887789
      1.005309649148734      2.764601535159018    -0.0017948456857654
      1.005309649148734      2.890265241302609  -0.006397027356830496
      1.005309649148734      3.015928947446201    -0.0102649944702341
      1.130973355292326     -3.141592653589793  -0.001812483849712158
      1.130973355292326     -3.015928947446201    0.01061097337659741
      1.130973355292326      -2.89026524130261    0.01930382352459516
      1.130973355292326     -2.764601535159018     0.0372942752614584
      1.130973355292326     -2.638937829015426    0.06426897062429454
      1.130973355292326     -2.513274122871834    0.07505897543022447
      1.130973355292326     -2.387610416728243    0.06298731139868992
      1.130973355292326     -2.261946710584651    0.04767215289734605
      1.130973355292326     -2.136283004441059    0.04051925882456979
      1.130973355292326     -2.010619298297468    0.04246857385989944
      1.130973355292326     -1.884955592153876    0.05244017097443837
      1.130973355292326     -1.759291886010284    0.05714509571784022
      1.130973355292326     -1.633628179866693    0.05085556346506102
      1.130973355292326     -1.507964473723101    0.05627623849661739
      1.130973355292326     -1.382300767579509     0.0806106233573077
      1.130973355292326     -1.256637061435917    0.08856605061090508
      1.130973355292326     -1.130973355292325    0.06105935165505512
      1.130973355292326     -1.005309649148733    0.02677367186936671
      1.130973355292326     -0.879645943005142   0.009314722102490191
      1.130973355292326    -0.7539822368615505   0.001280858320010339
      1.130973355292326    -0.6283185307179586  -0.003683281340475338
      1.130973355292326    -0.5026548245743667  -0.004021759784583517
      1.130973355292326    -0.3769911184307753  -0.005156598916770529
      1.130973355292326    -0.2513274122871838   -0.00915630217743761
      1.130973355292326    -0.1256637061435919  -0.009159159728806932
      1.130973355292326                      0  -0.005003544983533848
      1.130973355292326     0.1256637061435919  -0.003342995567840226
      1.130973355292326     0.2513274122871834  -0.005266563110409324
      1.130973355292326     0.3769911184307753  -0.007123826522010715
      1.130973355292326     0.5026548245743672  -0.005863971306620396
      1.130973355292326     0.6283185307179582  -0.001857874994785385
      1.130973355292326     0.7539822368615501 -8.072339451701584e-05
      1.130973355292326     0.8796459430051424  -0.001464996708375051
      1.130973355292326      1.005309649148734  0.0002422050231264319
      1.130973355292326      1.130973355292326    0.00406359946823351
      1.130973355292326      1.256637061435917    0.00193703962430648
      1.130973355292326      1.382300767579509  -0.003271624411379625
      1.130973355292326      1.507964473723101  -0.003297098505911058
      1.130973355292326      1.633628179866692   -0.00105626558473373
      1.130973355292326      1.759291886010284  -0.000993459683734627
      1.130973355292326      1.884955592153876  -9.85092593396326e-05
      1.130973355292326      2.010619298297467  0.0009933532802115326
      1.130973355292326       2.13628300444106  -0.000489016494559775
      1.130973355292326      2.261946710584651 -0.0007254032880548563
      1.130973355292326      2.387610416728243  0.0009892253143550236
      1.130973355292326      2.513274122871834  0.0001568920248599903
      1.130973355292326      2.638937829015426  -0.001298569209571991
      1.130973355292326      2.764601535159018  -0.002192320926357332
      1.130973355292326      2.890265241302609  -0.007322175089005466
      1.130973355292326      3.015928947446201   -0.01059990535765069
      1.256637061435917     -3.141592653589793  -0.001438940979882217
      1.256637061435917     -3.015928947446201   0.009852860805233267
      1.256637061435917      -2.89026524130261    0.02000360024718055
      1.256637061435917     -2.764601535159018    0.03403967652619604
      1.256637061435917     -2.638937829015426    0.05061589931573037
      1.256637061435917     -2.513274122871834    0.05704589485540297
      1.256637061435917     -2.387610416728243    0.04825117597157004
      1.256637061435917     -2.261946710584651    0.03402877785198247
      1.256637061435917     -2.136283004441059    0.02440831936741233
      1.256637061435917     -2.010619298297468    0.02015059397889113
      1.256637061435917     -1.884955592153876    0.01795736673352249
      1.256637061435917     -1.759291886010284    0.01793919186173817
      1.256637061435917     -1.633628179866693    0.02437151021453252
      1.256637061435917     -1.507964473723101    0.03802712413162428
      1.256637061435917     -1.382300767579509     0.0496167846250508
      1.256637061435917     -1.256637061435917    0.04758114982681612
      1.256637061435917     -1.130973355292325    0.03164370841739327
      1.256637061435917     -1.005309649148733    0.01245691083877294
      1.256637061435917     -0.879645943005142 -5.291241196466855e-05
      1.256637061435917    -0.7539822368615505  -0.003837505936763698
      1.256637061435917    -0.6283185307179586  -0.003463007575133093
      1.256637061435917    -0.5026548245743667  -0.004366076880364916
      1.256637061435917    -0.3769911184307753   -0.00744630019980952
      1.256637061435917    -0.2513274122871838  -0.009575141911311336
      1.256637061435917    -0.1256637061435919  -0.008352822423749481
      1.256637061435917                      0   -0.00470785176094096
      1.256637061435917     0.1256637061435919  -0.002257745568125526
      1.256637061435917     0.2513274122871834  -0.003489281947028571
      1.256637061435917     0.3769911184307753  -0.005339830671967147
      1.256637061435917     0.5026548245743672  -0.003279999442161678
      1.256637061435917     0.6283185307179582  0.0004554056901892329
      1.256637061435917     0.7539822368615501    0.00131424695620693
      1.256637061435917     0.8796459430051424    0.00169800832072568
      1.256637061435917      1.005309649148734   0.004838735154355356
      1.256637061435917      1.130973355292326   0.006514340696453275
      1.256637061435917      1.256637061435917   0.003345819357780155
      1.256637061435917      1.382300767579509 -0.0005652663324646192
      1.256637061435917      1.507964473723101  -0.001905409771890733
      1.256637061435917      1.633628179866692  -0.001911721756407086
      1.256637061435917      1.759291886010284  -0.001009739415142293
      1.256637061435917      1.884955592153876  0.0004150379562931162
      1.256637061435917      2.010619298297467  0.0003048095976204145
      1.256637061435917       2.13628300444106  -0.000529936784831225
      1.256637061435917      2.261946710584651  5.642473753346067e-05
      1.256637061435917      2.387610416728243   0.000445819056795181
      1.256637061435917      2.513274122871834 -0.0003177950854062769
      1.256637061435917      2.638937829015426 -0.0004877436278355024
      1.256637061435917      2.764601535159018   -0.00225283907665243
      1.256637061435917      2.890265241302609  -0.007573229386958929
      1.256637061435917      3.015928947446201   -0.00926303222471209
      1.382300767579509     -3.141592653589793   0.001065298820076331
      1.382300767579509     -3.015928947446201   0.006746172230318805
      1.382300767579509      -2.89026524130261      0.013044943751782
      1.382300767579509     -2.764601535159018    0.01970776229787406
      1.382300767579509     -2.638937829015426    0.02518322268461386
      1.382300767579509     -2.513274122871834    0.02697245582060064
      1.382300767579509     -2.387610416728243    0.02338598164654187
      1.382300767579509     -2.261946710584651    0.01626316684294192
      1.382300767579509     -2.136283004441059    0.01015492473411076
      1.382300767579509     -2.010619298297468   0.005854188263946541
      1.382300767579509     -1.884955592153876   0.001201812656240161
      1.382300767579509     -1.759291886010284 -9.451757078503069e-05
      1.382300767579509     -1.633628179866693   0.007054283584327262
      1.382300767579509     -1.507964473723101    0.01654076301300365
      1.382300767579509     -1.382300767579509     0.0183697133200305
      1.382300767579509     -1.256637061435917    0.01374821712394414
      1.382300767579509     -1.130973355292325   0.008784719348008879
      1.382300767579509     -1.005309649148733   0.003620214715018224
      1.382300767579509     -0.879645943005142  -0.001354170169483042
      1.382300767579509    -0.7539822368615505  -0.002355485852798154
      1.382300767579509    -0.6283185307179586 -0.0007803436466100914
      1.382300767579509    -0.5026548245743667  -0.001449578425363285
      1.382300767579509    -0.3769911184307753  -0.003568625568236992
      1.382300767579509    -0.2513274122871838  -0.003958578379781508
      1.382300767579509    -0.1256637061435919  -0.003002134200270358
      1.382300767579509                      0  -0.001707673272485544
      1.382300767579509     0.1256637061435919 -0.0004904747055060834
      1.382300767579509     0.2513274122871834 -0.0006150508666921421
      1.382300767579509     0.3769911184307753  -0.001233742351511707
      1.382300767579509     0.5026548245743672  -0.000112394406983051
      1.382300767579509     0.6283185307179582   0.001478430218775095
      1.382300767579509     0.7539822368615501    0.00186960660522146
      1.382300767579509     0.8796459430051424   0.003033731882913458
      1.382300767579509      1.005309649148734   0.005198063637035379
      1.382300767579509      1.130973355292326   0.005192958672479044
      1.382300767579509      1.256637061435917   0.003019869560921221
      1.382300767579509      1.382300767579509   0.001293726198988649
      1.382300767579509      1.507964473723101  4.174322121722749e-05
      1.382300767579509      1.633628179866692 -0.0009701448589111742
      1.382300767579509      1.759291886010284 -0.0005226220206436288
      1.382300767579509      1.884955592153876  0.0003439023002428581
      1.382300767579509      2.010619298297467 -2.537933299668002e-05
      1.382300767579509       2.13628300444106 -0.0002904183837725589
      1.382300767579509      2.261946710584651    0.00024891876829817
      1.382300767579509      2.387610416728243   8.89874801983416e-05
      1.382300767579509      2.513274122871834 -0.0003173651258751437
      1.382300767579509      2.638937829015426 -1.403053654545078e-05
      1.382300767579509      2.764601535159018 -0.0008319710156537798
      1.382300767579509      2.890265241302609  -0.002956577038890932
      1.382300767579509      3.015928947446201  -0.002824548080376749
      1.507964473723101     -3.141592653589793  0.0008035435778158037
      1.507964473723101     -3.015928947446201  0.0006930379794182517
      1.507964473723101      -2.89026524130261  0.0008006149553174433
      1.507964473723101     -2.764601535159018  0.0006422486138210979
      1.507964473723101     -2.638937829015426  0.0002957654906504555
      1.507964473723101     -2.513274122871834  0.0003650522886362783
      1.507964473723101     -2.387610416728243  0.0007738156045379436
      1.507964473723101     -2.261946710584651  0.0009368541722896241
      1.507964473723101     -2.136283004441059  0.0008717312854641043
      1.507964473723101     -2.010619298297468   0.000944714978850122
      1.507964473723101     -1.884955592153876  0.0009927560415246709
      1.507964473723101     -1.759291886010284  0.0006981871251603599
      1.507964473723101     -1.633628179866693  0.0002911832289227193
      1.507964473723101     -1.507964473723101  0.0001468159500349088
      1.507964473723101     -1.382300767579509  0.0001849569680062307
      1.507964473723101     -1.256637061435917   0.000132692921911426
      1.507964473723101     -1.130973355292325 -2.002175800769779e-05
      1.507964473723101     -1.005309649148733  -0.000105493249739491
      1.507964473723101     -0.879645943005142 -7.034571872570089e-05
      1.507964473723101    -0.7539822368615505  3.978754589123033e-07
      1.507964473723101    -0.6283185307179586  8.592224816553898e-05
      1.507964473723101    -0.5026548245743667  0.0003053688823126547
      1.507964473723101    -0.3769911184307753  0.0006716108668427643
      1.507964473723101    -0.2513274122871838  0.0008997236975247379
      1.507964473723101    -0.1256637061435919  0.0007323307317535609
      1.507964473723101                      0  0.0003721801448890973
      1.507964473723101     0.1256637061435919   0.000243642721987125
      1.507964473723101     0.2513274122871834  0.0003778822777602771
      1.507964473723101     0.3769911184307753  0.0004364152914461655
      1.507964473723101     0.5026548245743672  0.0003122838547086518
      1.507964473723101     0.6283185307179582  0.0002413300739639624
      1.507964473723101     0.7539822368615501  0.0003083086336175691
      1.507964473723101     0.8796459430051424  0.0003355434365993129
      1.507964473723101      1.005309649148734  0.0002811477852383367
      1.507964473723101      1.130973355292326  0.0002794251472988977
      1.507964473723101      1.256637061435917  0.0003222698758374192
      1.507964473723101      1.382300767579509   0.000302231438239246
      1.507964473723101      1.507964473723101  0.0002343519029425981
      1.507964473723101      1.633628179866692  0.0001540590400693512
      1.507964473723101      1.759291886010284  4.398513847140483e-05
      1.507964473723101      1.884955592153876 -2.626616392963895e-05
      1.507964473723101      2.010619298297467  -3.81276406274095e-07
      1.507964473723101       2.13628300444106  1.775878716444165e-05
      1.507964473723101      2.261946710584651 -1.200985537122415e-05
      1.507964473723101      2.387610416728243 -2.025806493894773e-06
      1.507964473723101      2.513274122871834  6.240599948711178e-06
      1.507964473723101      2.638937829015426  1.139310129932863e-05
      1.507964473723101      2.764601535159018  0.0002803151894546695
      1.507964473723101      2.890265241302609  0.0007954600858346276
      1.507964473723101      3.015928947446201   0.001016660609007407
      1.633628179866692     -3.141592653589793 -0.0008511020405057022
      1.633628179866692     -3.015928947446201  -0.001136455130912955
      1.633628179866692      -2.89026524130261  -0.001770807186692568
      1.633628179866692     -2.764601535159018  -0.002276056254946126
      1.633628179866692     -2.638937829015426  -0.002109411281684699
      1.633628179866692     -2.513274122871834  -0.001726967676848893
      1.633628179866692     -2.387610416728243  -0.001547877440441442
      1.633628179866692     -2.261946710584651  -0.001253890874271458
      1.633628179866692     -2.136283004441059 -0.0007238735839151873
      1.633628179866692     -2.010619298297468 -0.0001008170898450866
      1.633628179866692     -1.884955592153876  0.0005425991254601245
      1.633628179866692     -1.759291886010284  0.0005566621966659223
      1.633628179866692     -1.633628179866693 -0.0004669574422158376
      1.633628179866692     -1.507964473723101  -0.001149702892257951
      1.633628179866692     -1.382300767579509 -0.0002951859471904674
      1.633628179866692     -1.256637061435917  0.0007009874624303804
      1.633628179866692     -1.130973355292325  0.0003051099164890329
      1.633628179866692     -1.005309649148733 -0.0005339226039818478
      1.633628179866692     -0.879645943005142  -0.000644900250147383
      1.633628179866692    -0.7539822368615505 -0.0005505962096908656
      1.633628179866692    -0.6283185307179586 -0.0006385224968651654
      1.633628179866692    -0.5026548245743667 -0.0004455629855918835
      1.633628179866692    -0.3769911184307753 -0.0001292412214046572
      1.633628179866692    -0.2513274122871838 -0.0001869258911850101
      1.633628179866692    -0.1256637061435919 -0.0003337277450543686
      1.633628179866692                      0 -0.0002282432438211485
      1.633628179866692     0.1256637061435919 -0.0001629666703088148
      1.633628179866692     0.2513274122871834 -0.0003446329399575811
      1.633628179866692     0.3769911184307753  -0.000547011526640129
      1.633628179866692     0.5026548245743672  -0.000547745101248711
      1.633628179866692     0.6283185307179582 -0.0004172306825988397
      1.633628179866692     0.7539822368615501 -0.0005068969782660627
      1.633628179866692     0.8796459430051424 -0.0009332512623609103
      1.633628179866692      1.005309649148734  -0.001172736201459973
      1.633628179866692      1.130973355292326 -0.0008990120346997852
      1.633628179866692      1.256637061435917 -0.0006036388549105705
      1.633628179866692      1.382300767579509 -0.0005654732511607769
      1.633628179866692      1.507964473723101 -0.0003867737446640818
      1.633628179866692      1.633628179866692 -5.162959813625191e-05
      1.633628179866692      1.759291886010284  3.407534534300819e-05
      1.633628179866692      1.884955592153876 -2.924457321223863e-05
      1.633628179866692      2.010619298297467  1.716119638999375e-05
      1.633628179866692       2.13628300444106  2.107124721990016e-05
      1.633628179866692      2.261946710584651 -3.990609257885903e-05
      1.633628179866692      2.387610416728243  8.398473011382243e-06
      1.633628179866692      2.513274122871834  4.125650284196343e-05
      1.633628179866692      2.638937829015426 -2.948857228291865e-05
      1.633628179866692      2.764601535159018 -7.680585411405033e-05
      1.633628179866692      2.890265241302609 -0.0002349635080950856
      1.633628179866692      3.015928947446201 -0.0005865612063220684
      1.759291886010284     -3.141592653589793  0.0002751804732686051
      1.759291886010284     -3.015928947446201   0.001207280590010642
      1.759291886010284      -2.89026524130261   0.002302051658299509
      1.759291886010284     -2.764601535159018   0.003484650036794159
      1.759291886010284     -2.638937829015426   0.004331199164849675
      1.759291886010284     -2.513274122871834   0.004456065676952482
      1.759291886010284     -2.387610416728243   0.003774083842880945
      1.759291886010284     -2.261946710584651   0.002617640196063488
      1.759291886010284     -2.136283004441059   0.001604562446900702
      1.759291886010284     -2.010619298297468  0.0008249206264358833
      1.759291886010284     -1.884955592153876  2.461710857018756e-05
      1.759291886010284     -1.759291886010284 -9.067785533904444e-05
      1.759291886010284     -1.633628179866693    0.00123684239462495
      1.759291886010284     -1.507964473723101   0.002765055135524087
      1.759291886010284     -1.382300767579509   0.002807045698488587
      1.759291886010284     -1.256637061435917     0.0019024474238329
      1.759291886010284     -1.130973355292325   0.001310029394262227
      1.759291886010284     -1.005309649148733   0.000806202665933955
      1.759291886010284     -0.879645943005142  0.0001132744524591629
      1.759291886010284    -0.7539822368615505 -0.0001078900194132086
      1.759291886010284    -0.6283185307179586  8.375441206262701e-05
      1.759291886010284    -0.5026548245743667 -0.0001199995864008738
      1.759291886010284    -0.3769911184307753 -0.0005978577336092254
      1.759291886010284    -0.2513274122871838 -0.0007068216909012213
      1.759291886010284    -0.1256637061435919 -0.0004944394764655501
      1.759291886010284                      0 -0.0002539928538072816
      1.759291886010284     0.1256637061435919 -7.356363338733148e-05
      1.759291886010284     0.2513274122871834 -5.988822380977175e-05
      1.759291886010284     0.3769911184307753 -8.645511723124238e-05
      1.759291886010284     0.5026548245743672  9.103963173769379e-05
      1.759291886010284     0.6283185307179582   0.000277090200605405
      1.759291886010284     0.7539822368615501  0.0003511947361217473
      1.759291886010284     0.8796459430051424   0.000650331196247318
      1.759291886010284      1.005309649148734     0.0010436795004412
      1.759291886010284      1.130973355292326  0.0009629948873491306
      1.759291886010284      1.256637061435917  0.0005516216313394662
      1.759291886010284      1.382300767579509  0.0002888862432527949
      1.759291886010284      1.507964473723101  7.640541547784168e-05
      1.759291886010284      1.633628179866692 -0.0001429679341435811
      1.759291886010284      1.759291886010284 -9.175089453483793e-05
      1.759291886010284      1.884955592153876  5.835323954366294e-05
      1.759291886010284      2.010619298297467 -5.340645291126505e-06
      1.759291886010284       2.13628300444106 -4.908545049994476e-05
      1.759291886010284      2.261946710584651  4.480604873091422e-05
      1.759291886010284      2.387610416728243   1.19104881516527e-05
      1.759291886010284      2.513274122871834 -5.413976607764953e-05
      1.759291886010284      2.638937829015426  5.182929090479372e-07
      1.759291886010284      2.764601535159018 -0.0001518810781499662
      1.759291886010284      2.890265241302609 -0.0004940352837540289
      1.759291886010284      3.015928947446201 -0.0004063075658964222
      1.884955592153876     -3.141592653589793  0.0006402261174177964
      1.884955592153876     -3.015928947446201  0.0002083039566615071
      1.884955592153876      -2.89026524130261 -6.389485142488334e-05
      1.884955592153876     -2.764601535159018  -0.000429962497774442
      1.884955592153876     -2.638937829015426  -0.001001979481832589
      1.884955592153876     -2.513274122871834  -0.001302712831958335
      1.884955592153876     -2.387610416728243 -0.0009688171705567139
      1.884955592153876     -2.261946710584651 -0.0003752669753853509
      1.884955592153876     -2.136283004441059 -3.007208290135662e-05
      1.884955592153876     -2.010619298297468  0.0001901906892491874
      1.884955592153876     -1.884955592153876  0.0005420547281400223
      1.884955592153876     -1.759291886010284  0.0006645898272787015
      1.884955592153876     -1.633628179866693  0.0001534508157803002
      1.884955592153876     -1.507964473723101 -0.0006274310066591687
      1.884955592153876     -1.382300767579509  -0.001057813456786328
      1.884955592153876     -1.256637061435917 -0.0009901343984658158
      1.884955592153876     -1.130973355292325 -0.0005210067469028269
      1.884955592153876     -1.005309649148733  0.0001815858287269267
      1.884955592153876     -0.879645943005142  0.0006737803765050927
      1.884955592153876    -0.7539822368615505   0.000663060492922496
      1.884955592153876    -0.6283185307179586  0.0004777272832074412
      1.884955592153876    -0.5026548245743667  0.0005155772575991564
      1.884955592153876    -0.3769911184307753  0.0007049326536196606
      1.884955592153876    -0.2513274122871838  0.0008174726122614086
      1.884955592153876    -0.1256637061435919  0.0007272125699573896
      1.884955592153876                      0  0.0004246477255124006
      1.884955592153876     0.1256637061435919  0.0002037571983457306
      1.884955592153876     0.2513274122871834   0.000352748997672842
      1.884955592153876     0.3769911184307753  0.0005533144235510091
      1.884955592153876     0.5026548245743672  0.0003829404775690617
      1.884955592153876     0.6283185307179582  0.0001259053722762911
      1.884955592153876     0.7539822368615501  0.0001776899805318466
      1.884955592153876     0.8796459430051424   0.000281534348093021
      1.884955592153876      1.005309649148734   0.000153354063191266
      1.884955592153876      1.130973355292326  3.459068455147153e-05
      1.884955592153876      1.256637061435917  0.0001195237928455341
      1.884955592153876      1.382300767579509  0.0002435513552921454
      1.884955592153876      1.507964473723101  0.0002711078363268737
      1.884955592153876      1.633628179866692  0.0001960877146371034
      1.884955592153876      1.759291886010284  4.818149339758066e-05
      1.884955592153876      1.884955592153876 -3.649774662093726e-05
      1.884955592153876      2.010619298297467  5.748342044725112e-06
      1.884955592153876       2.13628300444106  2.390434805289187e-05
      1.884955592153876      2.261946710584651 -2.111682288816528e-05
      1.884955592153876      2.387610416728243 -4.130542866409141e-06
      1.884955592153876      2.513274122871834  1.947548197097435e-05
      1.884955592153876      2.638937829015426   6.74847337965752e-06
      1.884955592153876      2.764601535159018  0.0002224590062562794
      1.884955592153876      2.890265241302609  0.0007029867379182405
      1.884955592153876      3.015928947446201  0.0009355194328241713
      2.010619298297467     -3.141592653589793 -0.0008511179027505705
      2.010619298297467     -3.015928947446201  -0.001371992213043387
      2.010619298297467      -2.89026524130261  -0.002183886390314741
      2.010619298297467     -2.764601535159018  -0.002998147294281704
      2.010619298297467     -2.638937829015426  -0.003353741360512712
      2.010619298297467     -2.513274122871834  -0.003272627137281928
      2.010619298297467     -2.387610416728243   -0.00293411091215679
      2.010619298297467     -2.261946710584651  -0.002335446610095673
      2.010619298297467     -2.136283004441059  -0.001672223152616653
      2.010619298297467     -2.010619298297468  -0.001174481399125535
      2.010619298297467     -1.884955592153876 -0.0007883139059804611
      2.010619298297467     -1.759291886010284 -0.0007577894373862402
      2.010619298297467     -1.633628179866693  -0.001447287308066541
      2.010619298297467     -1.507964473723101  -0.002183194813566999
      2.010619298297467     -1.382300767579509  -0.001976775395532857
      2.010619298297467     -1.256637061435917  -0.001252577691336413
      2.010619298297467     -1.130973355292325 -0.0009780054559145939
      2.010619298297467     -1.005309649148733 -0.0009513922851835147
      2.010619298297467     -0.879645943005142 -0.0006665343942753027
      2.010619298297467    -0.7539822368615505 -0.0004375493899016507
      2.010619298297467    -0.6283185307179586  -0.000450068934330385
      2.010619298297467    -0.5026548245743667 -0.0003249566740007525
      2.010619298297467    -0.3769911184307753 -9.018089469449756e-05
      2.010619298297467    -0.2513274122871838 -9.213733501916877e-05
      2.010619298297467    -0.1256637061435919 -0.0001882380457427641
      2.010619298297467                      0 -0.0001363975036196461
      2.010619298297467     0.1256637061435919 -0.0001141382444831927
      2.010619298297467     0.2513274122871834 -0.0002550881402628615
      2.010619298297467     0.3769911184307753 -0.0003925190746991251
      2.010619298297467     0.5026548245743672 -0.0004035458722072688
      2.010619298297467     0.6283185307179582 -0.0003679072707938227
      2.010619298297467     0.7539822368615501 -0.0004893436485214134
      2.010619298297467     0.8796459430051424 -0.0008384754580296062
      2.010619298297467      1.005309649148734  -0.001087664046759775
      2.010619298297467      1.130973355292326  -0.000935532634152842
      2.010619298297467      1.256637061435917 -0.0006335300909025177
      2.010619298297467      1.382300767579509 -0.0004751030520089839
      2.010619298297467      1.507964473723101 -0.0002998298411246877
      2.010619298297467      1.633628179866692 -4.513605380240558e-05
      2.010619298297467      1.759291886010284  4.077193902294846e-05
      2.010619298297467      1.884955592153876 -1.850373462818556e-05
      2.010619298297467      2.010619298297467 -3.452204603437112e-06
      2.010619298297467       2.13628300444106  2.354503962963453e-05
      2.010619298297467      2.261946710584651 -1.836510749696759e-05
      2.010619298297467      2.387610416728243 -1.034113388763708e-05
      2.010619298297467      2.513274122871834  3.042550050447343e-05
      2.010619298297467      2.638937829015426 -2.310769031839979e-06
      2.010619298297467      2.764601535159018 -6.821341929896891e-05
      2.010619298297467      2.890265241302609 -0.0001947149059644063
      2.010619298297467      3.015928947446201 -0.0004750957326958079
       2.13628300444106     -3.141592653589793  6.251039641858169e-05
       2.13628300444106     -3.015928947446201  0.0008920665620501281
       2.13628300444106      -2.89026524130261   0.001813229042669171
       2.13628300444106     -2.764601535159018   0.002781742177462828
       2.13628300444106     -2.638937829015426   0.003556067001486472
       2.13628300444106     -2.513274122871834   0.003780936139914382
       2.13628300444106     -2.387610416728243   0.003226835778219161
       2.13628300444106     -2.261946710584651   0.002175670108422305
       2.13628300444106     -2.136283004441059   0.001291006840183165
       2.13628300444106     -2.010619298297468  0.0006494842778681652
       2.13628300444106     -1.884955592153876  -7.68808268995721e-05
       2.13628300444106     -1.759291886010284 -0.0002739903444577882
       2.13628300444106     -1.633628179866693  0.0008280147869461252
       2.13628300444106     -1.507964473723101   0.002233995904543767
       2.13628300444106     -1.382300767579509   0.002442879544991775
       2.13628300444106     -1.256637061435917   0.001751424829385212
       2.13628300444106     -1.130973355292325   0.001115530873581703
       2.13628300444106     -1.005309649148733  0.0004577763875065491
       2.13628300444106     -0.879645943005142 -0.0002346884377589195
       2.13628300444106    -0.7539822368615505  -0.000370413351831571
       2.13628300444106    -0.6283185307179586 -0.0001333788296748143
       2.13628300444106    -0.5026548245743667 -0.0002561800373513142
       2.13628300444106    -0.3769911184307753 -0.0006159765820932907
       2.13628300444106    -0.2513274122871838 -0.0007016518260726037
       2.13628300444106    -0.1256637061435919 -0.0005399816353833209
       2.13628300444106                      0 -0.0003000494603394558
       2.13628300444106     0.1256637061435919 -9.626424892247111e-05
       2.13628300444106     0.2513274122871834 -0.0001261311080224562
       2.13628300444106     0.3769911184307753  -0.000221037509868616
       2.13628300444106     0.5026548245743672 -4.242182739406971e-05
       2.13628300444106     0.6283185307179582  0.0001866984771258201
       2.13628300444106     0.7539822368615501  0.0002271243498820482
       2.13628300444106     0.8796459430051424  0.0004026741591267878
       2.13628300444106      1.005309649148734  0.0007306278826580103
       2.13628300444106      1.130973355292326  0.0007219379090272804
       2.13628300444106      1.256637061435917  0.0003987966915386597
       2.13628300444106      1.382300767579509  0.0001557527066498591
       2.13628300444106      1.507964473723101 -2.053480186715984e-05
       2.13628300444106      1.633628179866692 -0.0001597471252273926
       2.13628300444106      1.759291886010284 -7.781431452716359e-05
       2.13628300444106      1.884955592153876  5.283534124685034e-05
       2.13628300444106      2.010619298297467 -7.258443948300878e-06
       2.13628300444106       2.13628300444106  -4.16993276639075e-05
       2.13628300444106      2.261946710584651  3.955758784636467e-05
       2.13628300444106      2.387610416728243   8.95045943685322e-06
       2.13628300444106      2.513274122871834 -4.587204291787106e-05
       2.13628300444106      2.638937829015426  4.509024498404736e-07
       2.13628300444106      2.764601535159018 -0.0001549233358952934
       2.13628300444106      2.890265241302609 -0.0005131330072247699
       2.13628300444106      3.015928947446201 -0.0005093754719273863
      2.261946710584651     -3.141592653589793  0.0008670128735586246
      2.261946710584651     -3.015928947446201    0.00073163190135862
      2.261946710584651      -2.89026524130261  0.0008158207280961245
      2.261946710584651     -2.764601535159018  0.0008845960046711391
      2.261946710584651     -2.638937829015426   0.000685772982470477
      2.261946710584651     -2.513274122871834  0.0004719939758215294
      2.261946710584651     -2.387610416728243  0.0005795461922402386
      2.261946710584651     -2.261946710584651  0.0008147461176100872
      2.261946710584651     -2.136283004441059  0.0008690249785985886
      2.261946710584651     -2.010619298297468  0.0009481457589217031
      2.261946710584651     -1.884955592153876   0.001252163199493175
      2.261946710584651     -1.759291886010284   0.001383496901046596
      2.261946710584651     -1.633628179866693   0.001035863962036502
      2.261946710584651     -1.507964473723101  0.0005662413001233798
      2.261946710584651     -1.382300767579509   0.000317594856838428
      2.261946710584651     -1.256637061435917  0.0002332126854715921
      2.261946710584651     -1.130973355292325  0.0003467719268589834
      2.261946710584651     -1.005309649148733  0.0006977458067017016
      2.261946710584651     -0.879645943005142  0.0009213908186029899
      2.261946710584651    -0.7539822368615505  0.0007687231256337764
      2.261946710584651    -0.6283185307179586  0.0005531592466123935
      2.261946710584651    -0.5026548245743667  0.0005519088329400992
      2.261946710584651    -0.3769911184307753  0.0006528184119948476
      2.261946710584651    -0.2513274122871838  0.0007226028037475699
      2.261946710584651    -0.1256637061435919  0.0006636147975248428
      2.261946710584651                      0  0.0003992573446386646
      2.261946710584651     0.1256637061435919  0.0002012397873741622
      2.261946710584651     0.2513274122871834  0.0003710996039679795
      2.261946710584651     0.3769911184307753  0.0005879081864877554
      2.261946710584651     0.5026548245743672  0.0004390983522808685
      2.261946710584651     0.6283185307179582   0.000216597569423149
      2.261946710584651     0.7539822368615501  0.0003182733643388095
      2.261946710584651     0.8796459430051424  0.0005141515941465803
      2.261946710584651      1.005309649148734  0.0004864023535759601
      2.261946710584651      1.130973355292326   0.000361985160478105
      2.261946710584651      1.256637061435917   0.000330039489374331
      2.261946710584651      1.382300767579509  0.0003498038297467353
      2.261946710584651      1.507964473723101  0.0003209585670311164
      2.261946710584651      1.633628179866692  0.0001932519277630765
      2.261946710584651      1.759291886010284  2.603953289929529e-05
      2.261946710584651      1.884955592153876  -3.10564039826708e-05
      2.261946710584651      2.010619298297467  1.508515429208559e-05
      2.261946710584651       2.13628300444106  1.236558000030191e-05
      2.261946710584651      2.261946710584651 -2.150687296414598e-05
      2.261946710584651      2.387610416728243  7.298543681276361e-06
      2.261946710584651      2.513274122871834  1.175999834305228e-05
      2.261946710584651      2.638937829015426 -4.222931764519471e-06
      2.261946710584651      2.764601535159018  0.0002155629957731706
      2.261946710584651      2.890265241302609  0.0006760092399809944
      2.261946710584651      3.015928947446201  0.0009587721582209646
      2.387610416728243     -3.141592653589793 -0.0008457165892987244
      2.387610416728243     -3.015928947446201  -0.001624674664167061
      2.387610416728243      -2.89026524130261  -0.002699049235210513
      2.387610416728243     -2.764601535159018  -0.003774383366939116
      2.387610416728243     -2.638937829015426  -0.004426135852793096
      2.387610416728243     -2.513274122871834  -0.004539297965647512
      2.387610416728243     -2.387610416728243  -0.004088514188700889
      2.387610416728243     -2.261946710584651  -0.003151048151266247
      2.387610416728243     -2.136283004441059  -0.002231152586561411
      2.387610416728243     -2.010619298297468   -0.00163229565045063
      2.387610416728243     -1.884955592153876  -0.001113409522667098
      2.387610416728243     -1.759291886010284 -0.0009461739854796103
      2.387610416728243     -1.633628179866693  -0.001760321004032706
      2.387610416728243     -1.507964473723101  -0.002882318629126327
      2.387610416728243     -1.382300767579509  -0.002974071406114181
      2.387610416728243     -1.256637061435917  -0.002190060569255218
      2.387610416728243     -1.130973355292325  -0.001526291562338692
      2.387610416728243     -1.005309649148733  -0.001012411857161661
      2.387610416728243     -0.879645943005142  -0.000421363105690082
      2.387610416728243    -0.7539822368615505 -0.0001664057901008015
      2.387610416728243    -0.6283185307179586 -0.0002671733699810318
      2.387610416728243    -0.5026548245743667 -0.0001785628100332467
      2.387610416728243    -0.3769911184307753  6.066956563885269e-05
      2.387610416728243    -0.2513274122871838  6.663875425354167e-05
      2.387610416728243    -0.1256637061435919 -2.888554902092015e-05
      2.387610416728243                      0 -3.224519470287192e-05
      2.387610416728243     0.1256637061435919 -8.462761233013735e-05
      2.387610416728243     0.2513274122871834 -0.0001987847121723297
      2.387610416728243     0.3769911184307753 -0.0002640032501094889
      2.387610416728243     0.5026548245743672  -0.000322838486864943
      2.387610416728243     0.6283185307179582 -0.0003949856099715373
      2.387610416728243     0.7539822368615501 -0.0005262831111351817
      2.387610416728243     0.8796459430051424 -0.0008572163153866908
      2.387610416728243      1.005309649148734   -0.00117674575612144
      2.387610416728243      1.130973355292326  -0.001084079719767471
      2.387610416728243      1.256637061435917 -0.0007241752982975922
      2.387610416728243      1.382300767579509  -0.000468350627202307
      2.387610416728243      1.507964473723101 -0.0002487881718343524
      2.387610416728243      1.633628179866692  3.935574226072666e-07
      2.387610416728243      1.759291886010284  5.588378244822169e-05
      2.387610416728243      1.884955592153876 -2.752814921139449e-05
      2.387610416728243      2.010619298297467 -4.784386488733534e-06
      2.387610416728243       2.13628300444106  3.189232705529204e-05
      2.387610416728243      2.261946710584651 -2.229734571812024e-05
      2.387610416728243      2.387610416728243 -1.564563575106781e-05
      2.387610416728243      2.513274122871834  3.774184263572224e-05
      2.387610416728243      2.638937829015426  2.617868072072038e-06
      2.387610416728243      2.764601535159018 -4.210476334675975e-05
      2.387610416728243      2.890265241302609 -8.982156699084874e-05
      2.387610416728243      3.015928947446201 -0.0003363540738576316
      2.513274122871834     -3.141592653589793 -0.0002000524423259556
      2.513274122871834     -3.015928947446201  0.0006342952177613077
      2.513274122871834      -2.89026524130261   0.001503988329674927
      2.513274122871834     -2.764601535159018   0.002341826892218624
      2.513274122871834     -2.638937829015426   0.003056036337525448
      2.513274122871834     -2.513274122871834   0.003373364446801904
      2.513274122871834     -2.387610416728243   0.002895205660654033
      2.513274122871834     -2.261946710584651   0.001810369586875039
      2.513274122871834     -2.136283004441059  0.0009057294505324418
      2.513274122871834     -2.010619298297468  0.0002292872381434349
      2.513274122871834     -1.884955592153876 -0.0006777744658804732
      2.513274122871834     -1.759291886010284  -0.001018984090129189
      2.513274122871834     -1.633628179866693  0.0002007246297310719
      2.513274122871834     -1.507964473723101   0.001804412251384373
      2.513274122871834     -1.382300767579509    0.00206977035504842
      2.513274122871834     -1.256637061435917    0.00138058126211916
      2.513274122871834     -1.130973355292325  0.0007384587927745335
      2.513274122871834     -1.005309649148733 -1.100091298003388e-05
      2.513274122871834     -0.879645943005142 -0.0007565001754708912
      2.513274122871834    -0.7539822368615505 -0.0007707593642833298
      2.513274122871834    -0.6283185307179586 -0.0003856642585866177
      2.513274122871834    -0.5026548245743667 -0.0004579845492127753
      2.513274122871834    -0.3769911184307753 -0.0007837230717392037
      2.513274122871834    -0.2513274122871838 -0.0008387101579615428
      2.513274122871834    -0.1256637061435919 -0.0006836552749064017
      2.513274122871834                      0 -0.0004042950484729964
      2.513274122871834     0.1256637061435919 -0.0001344256920648143
      2.513274122871834     0.2513274122871834 -0.0002159643002400271
      2.513274122871834     0.3769911184307753  -0.000404201468579619
      2.513274122871834     0.5026548245743672 -0.0001801430090043628
      2.513274122871834     0.6283185307179582  0.0001370223452448464
      2.513274122871834     0.7539822368615501  0.0001350528500176515
      2.513274122871834     0.8796459430051424   0.000219317548190984
      2.513274122871834      1.005309649148734  0.0005433874393900484
      2.513274122871834      1.130973355292326  0.0005858839916017638
      2.513274122871834      1.256637061435917   0.000295599545310407
      2.513274122871834      1.382300767579509  5.516010339908576e-05
      2.513274122871834      1.507964473723101 -0.0001220101018265126
      2.513274122871834      1.633628179866692 -0.0002223075583288904
      2.513274122871834      1.759291886010284 -7.888169774690047e-05
      2.513274122871834      1.884955592153876  6.386917143906028e-05
      2.513274122871834      2.010619298297467  -1.82641576369826e-05
      2.513274122871834       2.13628300444106 -4.311969404141131e-05
      2.513274122871834      2.261946710584651  5.067751778467275e-05
      2.513274122871834      2.387610416728243  1.894276161776712e-06
      2.513274122871834      2.513274122871834 -5.174685047750416e-05
      2.513274122871834      2.638937829015426  9.388051883975266e-06
      2.513274122871834      2.764601535159018 -0.0001960623187730517
      2.513274122871834      2.890265241302609 -0.0006625976435880021
      2.513274122871834      3.015928947446201 -0.0007456197101282354
      2.638937829015426     -3.141592653589793   0.001177994081119034
      2.638937829015426     -3.015928947446201   0.001348053625680478
      2.638937829015426      -2.89026524130261    0.00182407058548277
      2.638937829015426     -2.764601535159018   0.002306203836675774
      2.638937829015426     -2.638937829015426   0.002471190200162641
      2.638937829015426     -2.513274122871834   0.002426406514345149
      2.638937829015426     -2.387610416728243   0.002383591058861267
      2.638937829015426     -2.261946710584651   0.002240604541659023
      2.638937829015426     -2.136283004441059   0.001978334762445738
      2.638937829015426     -2.010619298297468   0.001964954056860875
      2.638937829015426     -1.884955592153876   0.002244859627021147
      2.638937829015426     -1.759291886010284   0.002276164855880225
      2.638937829015426     -1.633628179866693   0.001943749701186732
      2.638937829015426     -1.507964473723101   0.001782566559486294
      2.638937829015426     -1.382300767579509   0.001852315886864816
      2.638937829015426     -1.256637061435917   0.001676057209918793
      2.638937829015426     -1.130973355292325   0.001304083274235295
      2.638937829015426     -1.005309649148733   0.001129698244362866
      2.638937829015426     -0.879645943005142   0.001025183535122915
      2.638937829015426    -0.7539822368615505   0.000752498158780621
      2.638937829015426    -0.6283185307179586  0.0005408005505491025
      2.638937829015426    -0.5026548245743667  0.0005703973894812583
      2.638937829015426    -0.3769911184307753  0.0006797059511996144
      2.638937829015426    -0.2513274122871838  0.0007416844221927316
      2.638937829015426    -0.1256637061435919  0.0006679123924743141
      2.638937829015426                      0  0.0003984234462435714
      2.638937829015426     0.1256637061435919  0.0002267778583509967
      2.638937829015426     0.2513274122871834  0.0004234643774749826
      2.638937829015426     0.3769911184307753   0.000634600601833932
      2.638937829015426     0.5026548245743672  0.0004934062430715582
      2.638937829015426     0.6283185307179582   0.000322152785762477
      2.638937829015426     0.7539822368615501  0.0004775060068739131
      2.638937829015426     0.8796459430051424   0.000732484930379178
      2.638937829015426      1.005309649148734  0.0007919811032183866
      2.638937829015426      1.130973355292326  0.0006973070858206801
      2.638937829015426      1.256637061435917  0.0005694921522598755
      2.638937829015426      1.382300767579509  0.0004634017609468642
      2.638937829015426      1.507964473723101  0.0003703245691500193
      2.638937829015426      1.633628179866692  0.0002065283462535723
      2.638937829015426      1.759291886010284  1.408363860745286e-05
      2.638937829015426      1.884955592153876 -3.205598805147826e-05
      2.638937829015426      2.010619298297467  2.486949020688653e-05
      2.638937829015426       2.13628300444106  5.836607310919386e-06
      2.638937829015426      2.261946710584651 -2.665889114543919e-05
      2.638937829015426      2.387610416728243   1.84755548656923e-05
      2.638937829015426      2.513274122871834  8.354615171064721e-06
      2.638937829015426      2.638937829015426 -1.539479925376001e-05
      2.638937829015426      2.764601535159018  0.0002509983352242792
      2.638937829015426      2.890265241302609  0.0007682039445333238
      2.638937829015426      3.015928947446201   0.001110578674477341
      2.764601535159018     -3.141592653589793   -0.00103775096170457
      2.764601535159018     -3.015928947446201  -0.002356728591322469
      2.764601535159018      -2.89026524130261   -0.00407557718440785
      2.764601535159018     -2.764601535159018  -0.005568661215907993
      2.764601535159018     -2.638937829015426  -0.006513921260708115
      2.764601535159018     -2.513274122871834  -0.006993573924682472
      2.764601535159018     -2.387610416728243  -0.006512732206281441
      2.764601535159018     -2.261946710584651  -0.004873249066103787
      2.764601535159018     -2.136283004441059  -0.003245937099044525
      2.764601535159018     -2.010619298297468  -0.002186518599466942
      2.764601535159018     -1.884955592153876 -0.0009470800631557359
      2.764601535159018     -1.759291886010284 -0.0002689219651219573
      2.764601535159018     -1.633628179866693  -0.001771122489169078
      2.764601535159018     -1.507964473723101  -0.004094669228310171
      2.764601535159018     -1.382300767579509  -0.004488135143894505
      2.764601535159018     -1.256637061435917  -0.003193895902055083
      2.764601535159018     -1.130973355292325  -0.001903795071061667
      2.764601535159018     -1.005309649148733 -0.0006547217974209058
      2.764601535159018     -0.879645943005142   0.000519863251183108
      2.764601535159018    -0.7539822368615505  0.0006629483350576429
      2.764601535159018    -0.6283185307179586  0.0001323024521658283
      2.764601535159018    -0.5026548245743667  9.047716300162201e-05
      2.764601535159018    -0.3769911184307753  0.0002892149246283345
      2.764601535159018    -0.2513274122871838  0.0001581109953636306
      2.764601535159018    -0.1256637061435919  6.895252656918675e-05
      2.764601535159018                      0  8.245665598995448e-05
      2.764601535159018     0.1256637061435919 -0.0001180132589245218
      2.764601535159018     0.2513274122871834 -0.0002206444355536673
      2.764601535159018     0.3769911184307753 -0.0001179011019375549
      2.764601535159018     0.5026548245743672 -0.0002890965928357601
      2.764601535159018     0.6283185307179582   -0.00061769982073395
      2.764601535159018     0.7539822368615501 -0.0007679704620538917
      2.764601535159018     0.8796459430051424  -0.001101965175803076
      2.764601535159018      1.005309649148734  -0.001610486547342839
      2.764601535159018      1.130973355292326  -0.001591961668473041
      2.764601535159018      1.256637061435917  -0.001077135042151716
      2.764601535159018      1.382300767579509 -0.0006319806901529386
      2.764601535159018      1.507964473723101 -0.0002405413325266405
      2.764601535159018      1.633628179866692  0.0001047348163269787
      2.764601535159018      1.759291886010284  8.741482094469229e-05
      2.764601535159018      1.884955592153876 -6.476501776604999e-05
      2.764601535159018      2.010619298297467  1.378025550117476e-05
      2.764601535159018       2.13628300444106  5.464273643779085e-05
      2.764601535159018      2.261946710584651 -5.763625250133302e-05
      2.764601535159018      2.387610416728243 -1.406543970335055e-05
      2.764601535159018      2.513274122871834   7.63567031385654e-05
      2.764601535159018      2.638937829015426 -1.516127221696638e-05
      2.764601535159018      2.764601535159018 -5.701144771255967e-05
      2.764601535159018      2.890265241302609 -1.932316178775725e-05
      2.764601535159018      3.015928947446201 -0.0002792656474297458
      2.890265241302609     -3.141592653589793 -0.0003095083715309829
      2.890265241302609     -3.015928947446201   0.002746896875398772
      2.890265241302609      -2.89026524130261   0.006104038018254643
      2.890265241302609     -2.764601535159018   0.009688736880047993
      2.890265241302609     -2.638937829015426     0.0126657239295786
      2.890265241302609     -2.513274122871834    0.01350602584275007
      2.890265241302609     -2.387610416728243    0.01128730626043163
      2.890265241302609     -2.261946710584651   0.007330601547906164
      2.890265241302609     -2.136283004441059   0.004231646386915824
      2.890265241302609     -2.010619298297468   0.002128937070560998
      2.890265241302609     -1.884955592153876  -0.000347835907171306
      2.890265241302609     -1.759291886010284  -0.001133526051824375
      2.890265241302609     -1.633628179866693   0.002542141861677159
      2.890265241302609     -1.507964473723101   0.007458533360929725
      2.890265241302609     -1.382300767579509   0.008485936419224313
      2.890265241302609     -1.256637061435917   0.006335157382736059
      2.890265241302609     -1.130973355292325   0.004045284142528856
      2.890265241302609     -1.005309649148733   0.001531513515270834
      2.890265241302609     -0.879645943005142  -0.001001945205642745
      2.890265241302609    -0.7539822368615505  -0.001539223209956207
      2.890265241302609    -0.6283185307179586  -0.000774612381138573
      2.890265241302609    -0.5026548245743667  -0.001262907596189999
      2.890265241302609    -0.3769911184307753  -0.002697079967065859
      2.890265241302609    -0.2513274122871838  -0.003229631685724112
      2.890265241302609    -0.1256637061435919  -0.002608097815573279
      2.890265241302609                      0  -0.001422301309846128
      2.890265241302609     0.1256637061435919 -0.0005180310645799179
      2.890265241302609     0.2513274122871834 -0.0007234896832702993
      2.890265241302609     0.3769911184307753  -0.001133012143540527
      2.890265241302609     0.5026548245743672 -0.0004341700126392898
      2.890265241302609     0.6283185307179582  0.0004030020512103308
      2.890265241302609     0.7539822368615501  0.0004678450453760291
      2.890265241302609     0.8796459430051424   0.001027689886202964
      2.890265241302609      1.005309649148734   0.002226862781395284
      2.890265241302609      1.130973355292326   0.002274179751235166
      2.890265241302609      1.256637061435917   0.001135666753289903
      2.890265241302609      1.382300767579509  0.0002376719544310347
      2.890265241302609      1.507964473723101 -0.0003169640070942927
      2.890265241302609      1.633628179866692  -0.000647257507645578
      2.890265241302609      1.759291886010284 -0.0002732722618461949
      2.890265241302609      1.884955592153876  0.0001792219171153889
      2.890265241302609      2.010619298297467  -2.60592046152155e-05
      2.890265241302609       2.13628300444106 -0.0001346550530024596
      2.890265241302609      2.261946710584651  0.0001289559914189844
      2.890265241302609      2.387610416728243  2.193551550973732e-05
      2.890265241302609      2.513274122871834 -0.0001366129349737023
      2.890265241302609      2.638937829015426 -1.028329343903721e-05
      2.890265241302609      2.764601535159018  -0.000728046097310099
      2.890265241302609      2.890265241302609  -0.002226436203383006
      2.890265241302609      3.015928947446201  -0.002362504514322927
      3.015928947446201     -3.141592653589793   0.004446813205794393
      3.015928947446201     -3.015928947446201    0.01512451230303045
      3.015928947446201      -2.89026524130261    0.02794430254455122
      3.015928947446201     -2.764601535159018    0.04169952427193838
      3.015928947446201     -2.638937829015426    0.05326261648968788
      3.015928947446201     -2.513274122871834    0.05719576285934612
      3.015928947446201     -2.387610416728243    0.05018405416971134
      3.015928947446201     -2.261946710584651    0.03659622919021711
      3.015928947446201     -2.136283004441059    0.02581917169862262
      3.015928947446201     -2.010619298297468    0.02060256727861278
      3.015928947446201     -1.884955592153876    0.01595012276065158
      3.015928947446201     -1.759291886010284    0.01306678301419313
      3.015928947446201     -1.633628179866693    0.01982310710963262
      3.015928947446201     -1.507964473723101    0.03344062378877098
      3.015928947446201     -1.382300767579509    0.04032365888273314
      3.015928947446201     -1.256637061435917    0.03499340323596126
      3.015928947446201     -1.130973355292325    0.02325813823881811
      3.015928947446201     -1.005309649148733    0.01061532804339895
      3.015928947446201     -0.879645943005142  0.0008421655336130224
      3.015928947446201    -0.7539822368615505  -0.002393888771701321
      3.015928947446201    -0.6283185307179586  -0.001305319666189141
      3.015928947446201    -0.5026548245743667  -0.001956152320520186
      3.015928947446201    -0.3769911184307753  -0.004858375167100091
      3.015928947446201    -0.2513274122871838  -0.006327061929165503
      3.015928947446201    -0.1256637061435919  -0.005289015651830042
      3.015928947446201                      0   -0.00283579605831146
      3.015928947446201     0.1256637061435919  -0.000656221019630913
      3.015928947446201     0.2513274122871834 -0.0005757162787899671
      3.015928947446201     0.3769911184307753  -0.001253774500670542
      3.015928947446201     0.5026548245743672   0.000145339831103681
      3.015928947446201     0.6283185307179582   0.002289017578435584
      3.015928947446201     0.7539822368615501   0.003259385726170887
      3.015928947446201     0.8796459430051424    0.00547469337366028
      3.015928947446201      1.005309649148734    0.00919867407876614
      3.015928947446201      1.130973355292326   0.009661102342637713
      3.015928947446201      1.256637061435917    0.00589745153679197
      3.015928947446201      1.382300767579509   0.002193962865610475
      3.015928947446201      1.507964473723101  0.0001999785063878301
      3.015928947446201      1.633628179866692 -0.0009415494663123146
      3.015928947446201      1.759291886010284 -0.0006928167533919412
      3.015928947446201      1.884955592153876  0.0002875305988046632
      3.015928947446201      2.010619298297467  0.0001212137260629135
      3.015928947446201       2.13628300444106 -0.0003334903038055263
      3.015928947446201      2.261946710584651  0.0001303310794875431
      3.015928947446201      2.387610416728243  0.0002120022099047673
      3.015928947446201      2.513274122871834 -0.0002682079505793357
      3.015928947446201      2.638937829015426 -0.0002183446046671206
      3.015928947446201      2.764601535159018 -0.0009134588789111084
      3.015928947446201      2.890265241302609   -0.00279245753047149
      3.015928947446201      3.015928947446201   -0.00200005342733766
