#! FIELDS psi2 phi4 hhpsi2phi4
#! SET min_psi2 -pi
#! SET max_psi2 pi
#! SET min_phi4 -pi
#! SET max_phi4 pi
     -3.141592653589793     -3.141592653589793    0.01049600359601458
     -3.141592653589793     -3.015928947446201    0.01516067126343792
     -3.141592653589793      -2.89026524130261    0.02600315349315931
     -3.141592653589793     -2.764601535159018    0.04202014129369953
     -3.141592653589793     -2.638937829015426    0.05532562096804882
     -3.141592653589793     -2.513274122871834    0.06179053114142064
     -3.141592653589793     -2.387610416728243    0.06326474510792522
     -3.141592653589793     -2.261946710584651    0.06073251190003245
     -3.141592653589793     -2.136283004441059    0.05535344075079256
     -3.141592653589793     -2.010619298297468    0.05121042433628977
     -3.141592653589793     -1.884955592153876    0.05003183570690693
     -3.141592653589793     -1.759291886010284    0.05053554105001869
     -3.141592653589793     -1.633628179866693    0.05396856998994475
     -3.141592653589793     -1.507964473723101    0.06010625664823542
     -3.141592653589793     -1.382300767579509      0.061263964873086
     -3.141592653589793     -1.256637061435917    0.05097054353259554
     -3.141592653589793     -1.130973355292325     0.0335510686671339
     -3.141592653589793     -1.005309649148733    0.01820061233290633
     -3.141592653589793     -0.879645943005142   0.009124817647276764
     -3.141592653589793    -0.7539822368615505   0.004992778941364747
     -3.141592653589793    -0.6283185307179586   0.003632934965943359
     -3.141592653589793    -0.5026548245743667   0.004112388673111892
     -3.141592653589793    -0.3769911184307753   0.005442963752754775
     -3.141592653589793    -0.2513274122871838   0.006009932489527733
     -3.141592653589793    -0.1256637061435919   0.005413345179519215
     -3.141592653589793                      0   0.005528523360814082
     -3.141592653589793     0.1256637061435919    0.00787914971783042
     -3.141592653589793     0.2513274122871834    0.01047813001315043
     -3.141592653589793     0.3769911184307753    0.01074922671573539
     -3.141592653589793     0.5026548245743672    0.01129502813017717
     -3.141592653589793     0.6283185307179582    0.01677766133157037
     -3.141592653589793     0.7539822368615501    0.02606424305750354
     -3.141592653589793     0.8796459430051424    0.03436020191230995
     -3.141592653589793      1.005309649148734    0.03924657284470415
     -3.141592653589793      1.130973355292326    0.03868961150493498
     -3.141592653589793      1.256637061435917    0.03071286885945573
     -3.141592653589793      1.382300767579509    0.01928283738938308
     -3.141592653589793      1.507964473723101    0.01151312542036174
     -3.141592653589793      1.633628179866692   0.008172366594742336
     -3.141592653589793      1.759291886010284   0.005233524939536448
     -3.141592653589793      1.884955592153876   0.001944302475855945
     -3.141592653589793      2.010619298297467  0.0003704232989247346
     -3.141592653589793       2.13628300444106  0.0004019492271371303
     -3.141592653589793      2.261946710584651  0.0001483541369474737
     -3.141592653589793      2.387610416728243 -0.0004134450468655806
     -3.141592653589793      2.513274122871834  0.0004283151359513699
     -3.141592653589793      2.638937829015426   0.002513627314217726
     -3.141592653589793      2.764601535159018   0.004002167547929447
     -3.141592653589793      2.890265241302609   0.005230083368228019
     -3.141592653589793      3.015928947446201    0.00759646104396281
     -3.015928947446201     -3.141592653589793    0.00875392774051831
     -3.015928947446201     -3.015928947446201    0.01273764772165485
     -3.015928947446201      -2.89026524130261    0.02177802992952374
     -3.015928947446201     -2.764601535159018    0.03394836920541143
     -3.015928947446201     -2.638937829015426    0.04187925728964949
     -3.015928947446201     -2.513274122871834     0.0451535057305291
     -3.015928947446201     -2.387610416728243    0.04778054553601034
     -3.015928947446201     -2.261946710584651    0.04741732884911289
     -3.015928947446201     -2.136283004441059    0.04238575670991709
     -3.015928947446201     -2.010619298297468    0.03844366247755771
     -3.015928947446201     -1.884955592153876    0.03759137385159913
     -3.015928947446201     -1.759291886010284    0.03653844155601088
     -3.015928947446201     -1.633628179866693    0.03817731147088004
     -3.015928947446201     -1.507964473723101    0.04434576691260667
     -3.015928947446201     -1.382300767579509    0.04490221188309829
     -3.015928947446201     -1.256637061435917     0.0335888263558218
     -3.015928947446201     -1.130973355292325    0.01992328311533442
     -3.015928947446201     -1.005309649148733    0.01232480506898562
     -3.015928947446201     -0.879645943005142   0.007924955691302804
     -3.015928947446201    -0.7539822368615505   0.004064130670223212
     -3.015928947446201    -0.6283185307179586   0.002812150182570578
     -3.015928947446201    -0.5026548245743667    0.00409858680557115
     -3.015928947446201    -0.3769911184307753    0.00533598952307837
     -3.015928947446201    -0.2513274122871838   0.005462004254738004
     -3.015928947446201    -0.1256637061435919    0.00490736498215227
     -3.015928947446201                      0   0.004898903265145302
     -3.015928947446201     0.1256637061435919   0.006802943565564604
     -3.015928947446201     0.2513274122871834   0.009278476939276237
     -3.015928947446201     0.3769911184307753   0.009648236736446325
     -3.015928947446201     0.5026548245743672   0.009595451407901204
     -3.015928947446201     0.6283185307179582    0.01264412457411562
     -3.015928947446201     0.7539822368615501      0.016779479029722
     -3.015928947446201     0.8796459430051424    0.01816601380290447
     -3.015928947446201      1.005309649148734    0.01810872090790036
     -3.015928947446201      1.130973355292326    0.01839890690373023
     -3.015928947446201      1.256637061435917    0.01681125677721097
     -3.015928947446201      1.382300767579509     0.0126523118475553
     -3.015928947446201      1.507964473723101   0.008908308048829113
     -3.015928947446201      1.633628179866692   0.006747416782746258
     -3.015928947446201      1.759291886010284   0.004526840248032861
     -3.015928947446201      1.884955592153876    0.00195120726393934
     -3.015928947446201      2.010619298297467  0.0004984123459601242
     -3.015928947446201       2.13628300444106  0.0003709975145938653
     -3.015928947446201      2.261946710584651  0.0001297527761571138
     -3.015928947446201      2.387610416728243 -0.0003862865492434268
     -3.015928947446201      2.513274122871834  0.0003722729833400868
     -3.015928947446201      2.638937829015426    0.00214103014241936
     -3.015928947446201      2.764601535159018   0.002993070933711183
     -3.015928947446201      2.890265241302609    0.00365175227130653
     -3.015928947446201      3.015928947446201   0.005916802216590166
      -2.89026524130261     -3.141592653589793   0.005662018495401857
      -2.89026524130261     -3.015928947446201   0.007905039489743401
      -2.89026524130261      -2.89026524130261    0.01374332293031603
      -2.89026524130261     -2.764601535159018    0.02178485934120324
      -2.89026524130261     -2.638937829015426    0.02633683152130778
      -2.89026524130261     -2.513274122871834    0.02817705922876576
      -2.89026524130261     -2.387610416728243    0.03121800941617579
      -2.89026524130261     -2.261946710584651    0.03237791345910303
      -2.89026524130261     -2.136283004441059    0.02915659426908752
      -2.89026524130261     -2.010619298297468     0.0267509464236844
      -2.89026524130261     -1.884955592153876    0.02717105953598613
      -2.89026524130261     -1.759291886010284    0.02702577472333753
      -2.89026524130261     -1.633628179866693    0.02840765410702619
      -2.89026524130261     -1.507964473723101    0.03314843292295588
      -2.89026524130261     -1.382300767579509    0.03298124730191234
      -2.89026524130261     -1.256637061435917    0.02323769905941926
      -2.89026524130261     -1.130973355292325    0.01270219460131283
      -2.89026524130261     -1.005309649148733   0.008047358917471346
      -2.89026524130261     -0.879645943005142   0.005590476703784718
      -2.89026524130261    -0.7539822368615505    0.00277967176168908
      -2.89026524130261    -0.6283185307179586   0.001888646208569101
      -2.89026524130261    -0.5026548245743667   0.002933684521983458
      -2.89026524130261    -0.3769911184307753   0.003606898627276972
      -2.89026524130261    -0.2513274122871838   0.003452278189147283
      -2.89026524130261    -0.1256637061435919   0.003265780178603379
      -2.89026524130261                      0   0.003623792926445814
      -2.89026524130261     0.1256637061435919   0.004905334716057519
      -2.89026524130261     0.2513274122871834   0.006256270798935253
      -2.89026524130261     0.3769911184307753   0.006317555891238062
      -2.89026524130261     0.5026548245743672   0.006171148680347164
      -2.89026524130261     0.6283185307179582   0.007613506872367492
      -2.89026524130261     0.7539822368615501   0.009042773982189379
      -2.89026524130261     0.8796459430051424   0.008310844587552435
      -2.89026524130261      1.005309649148734   0.007106873696585473
      -2.89026524130261      1.130973355292326   0.007446004195241812
      -2.89026524130261      1.256637061435917   0.007912030641091652
      -2.89026524130261      1.382300767579509   0.006923419479884347
      -2.89026524130261      1.507964473723101   0.005350116294672969
      -2.89026524130261      1.633628179866692   0.004156117097241795
      -2.89026524130261      1.759291886010284   0.002898436969126856
      -2.89026524130261      1.884955592153876    0.00133288812266904
      -2.89026524130261      2.010619298297467  0.0003174523561275405
      -2.89026524130261       2.13628300444106  0.0002474292216136376
      -2.89026524130261      2.261946710584651   0.000138337056058412
      -2.89026524130261      2.387610416728243 -0.0003023861089546515
      -2.89026524130261      2.513274122871834  0.0001691763523113119
      -2.89026524130261      2.638937829015426   0.001389162622365565
      -2.89026524130261      2.764601535159018   0.001733572973568446
      -2.89026524130261      2.890265241302609   0.001962020997448879
      -2.89026524130261      3.015928947446201   0.003691920098836669
     -2.764601535159018     -3.141592653589793   0.003000368520456731
     -2.764601535159018     -3.015928947446201   0.004335760485521981
     -2.764601535159018      -2.89026524130261   0.008455738647081275
     -2.764601535159018     -2.764601535159018    0.01465397236304985
     -2.764601535159018     -2.638937829015426    0.01874782686081301
     -2.764601535159018     -2.513274122871834    0.02095530502297767
     -2.764601535159018     -2.387610416728243    0.02381948291298793
     -2.764601535159018     -2.261946710584651    0.02510204261139656
     -2.764601535159018     -2.136283004441059    0.02321817071398735
     -2.764601535159018     -2.010619298297468    0.02215672419257169
     -2.764601535159018     -1.884955592153876     0.0233820887301475
     -2.764601535159018     -1.759291886010284     0.0241969161433335
     -2.764601535159018     -1.633628179866693    0.02584760464583936
     -2.764601535159018     -1.507964473723101    0.02960810793975929
     -2.764601535159018     -1.382300767579509    0.02943655270684828
     -2.764601535159018     -1.256637061435917    0.02151423720848227
     -2.764601535159018     -1.130973355292325    0.01197674601773784
     -2.764601535159018     -1.005309649148733   0.006573567156453099
     -2.764601535159018     -0.879645943005142   0.003829079164171294
     -2.764601535159018    -0.7539822368615505   0.001743314596111209
     -2.764601535159018    -0.6283185307179586  0.0009903884661550404
     -2.764601535159018    -0.5026548245743667   0.001296869998152877
     -2.764601535159018    -0.3769911184307753   0.001335319239270082
     -2.764601535159018    -0.2513274122871838   0.001072529686721415
     -2.764601535159018    -0.1256637061435919   0.001203586927331989
     -2.764601535159018                      0   0.001760281743934145
     -2.764601535159018     0.1256637061435919   0.002295733469404662
     -2.764601535159018     0.2513274122871834   0.002434691377479277
     -2.764601535159018     0.3769911184307753    0.00221862822432803
     -2.764601535159018     0.5026548245743672   0.002274512032594734
     -2.764601535159018     0.6283185307179582   0.003036892119390169
     -2.764601535159018     0.7539822368615501   0.003917329568777815
     -2.764601535159018     0.8796459430051424   0.004192118997788527
     -2.764601535159018      1.005309649148734   0.004098439056419741
     -2.764601535159018      1.130973355292326   0.004038401251039125
     -2.764601535159018      1.256637061435917    0.00369780511835754
     -2.764601535159018      1.382300767579509   0.002815950048667319
     -2.764601535159018      1.507964473723101   0.001863234036012975
     -2.764601535159018      1.633628179866692   0.001334332599685956
     -2.764601535159018      1.759291886010284   0.001006194370846046
     -2.764601535159018      1.884955592153876   0.000484886004300123
     -2.764601535159018      2.010619298297467  6.959027713501156e-05
     -2.764601535159018       2.13628300444106  0.0001159728512167901
     -2.764601535159018      2.261946710584651   0.000115589435490998
     -2.764601535159018      2.387610416728243 -0.0001796846510923945
     -2.764601535159018      2.513274122871834 -1.742926657816069e-05
     -2.764601535159018      2.638937829015426  0.0005113747055583416
     -2.764601535159018      2.764601535159018  0.0004468379209220141
     -2.764601535159018      2.890265241302609  0.0004940594215740373
     -2.764601535159018      3.015928947446201   0.001725180335867942
     -2.638937829015426     -3.141592653589793   0.001264127165105126
     -2.638937829015426     -3.015928947446201   0.002050585391145617
     -2.638937829015426      -2.89026524130261   0.004803514361886968
     -2.638937829015426     -2.764601535159018   0.009399557635840711
     -2.638937829015426     -2.638937829015426    0.01322668902054326
     -2.638937829015426     -2.513274122871834    0.01568349369368878
     -2.638937829015426     -2.387610416728243    0.01777481562988927
     -2.638937829015426     -2.261946710584651    0.01858174299999424
     -2.638937829015426     -2.136283004441059    0.01772229047053757
     -2.638937829015426     -2.010619298297468    0.01755678989131918
     -2.638937829015426     -1.884955592153876    0.01891654342452168
     -2.638937829015426     -1.759291886010284    0.02025894038199917
     -2.638937829015426     -1.633628179866693    0.02194421024288819
     -2.638937829015426     -1.507964473723101    0.02441441676133639
     -2.638937829015426     -1.382300767579509    0.02425838721251755
     -2.638937829015426     -1.256637061435917    0.01884798721487838
     -2.638937829015426     -1.130973355292325    0.01112134119527151
     -2.638937829015426     -1.005309649148733   0.005322710514640922
     -2.638937829015426     -0.879645943005142   0.002304127881261562
     -2.638937829015426    -0.7539822368615505  0.0009347882048326176
     -2.638937829015426    -0.6283185307179586  0.0003813021307933399
     -2.638937829015426    -0.5026548245743667  0.0001100115927687133
     -2.638937829015426    -0.3769911184307753 -0.0002343560940033247
     -2.638937829015426    -0.2513274122871838 -0.0004599899714130389
     -2.638937829015426    -0.1256637061435919  -0.000156980796847656
     -2.638937829015426                      0  0.0004236495119965862
     -2.638937829015426     0.1256637061435919  0.0004787420703430895
     -2.638937829015426     0.2513274122871834 -7.149410914362368e-05
     -2.638937829015426     0.3769911184307753 -0.0004078719033610101
     -2.638937829015426     0.5026548245743672 -0.0001792237647343041
     -2.638937829015426     0.6283185307179582  0.0003838908768085271
     -2.638937829015426     0.7539822368615501   0.001526904643160092
     -2.638937829015426     0.8796459430051424   0.003318394030791085
     -2.638937829015426      1.005309649148734   0.004579550026046209
     -2.638937829015426      1.130973355292326   0.004167490254854457
     -2.638937829015426      1.256637061435917   0.002491916917552543
     -2.638937829015426      1.382300767579509  0.0007897538786061628
     -2.638937829015426      1.507964473723101 -0.0001743404059230983
     -2.638937829015426      1.633628179866692 -0.0003599233651149592
     -2.638937829015426      1.759291886010284 -0.0001937175635193989
     -2.638937829015426      1.884955592153876 -0.0001175314342143443
     -2.638937829015426      2.010619298297467   -0.00010772704234642
     -2.638937829015426       2.13628300444106  2.791456851633234e-05
     -2.638937829015426      2.261946710584651     8.120514424034e-05
     -2.638937829015426      2.387610416728243 -7.961855895375536e-05
     -2.638937829015426      2.513274122871834    -0.0001094102237635
     -2.638937829015426      2.638937829015426 -4.079094816868497e-05
     -2.638937829015426      2.764601535159018 -0.0002426339296840411
     -2.638937829015426      2.890265241302609 -0.0002134043015081572
     -2.638937829015426      3.015928947446201  0.0005473326716678611
     -2.513274122871834     -3.141592653589793   3.12323722707398e-06
     -2.513274122871834     -3.015928947446201  0.0001087946392638178
     -2.513274122871834      -2.89026524130261    0.00146070390060995
     -2.513274122871834     -2.764601535159018   0.004390084032881816
     -2.513274122871834     -2.638937829015426   0.007392859177204405
     -2.513274122871834     -2.513274122871834   0.009632797002333552
     -2.513274122871834     -2.387610416728243    0.01134157374892693
     -2.513274122871834     -2.261946710584651     0.0122005660566989
     -2.513274122871834     -2.136283004441059    0.01223879467028138
     -2.513274122871834     -2.010619298297468    0.01278828281552987
     -2.513274122871834     -1.884955592153876     0.0144459276517521
     -2.513274122871834     -1.759291886010284    0.01633855414511245
     -2.513274122871834     -1.633628179866693    0.01804333044135354
     -2.513274122871834     -1.507964473723101    0.01943809058813145
     -2.513274122871834     -1.382300767579509    0.01905504127223871
     -2.513274122871834     -1.256637061435917    0.01536522046359244
     -2.513274122871834     -1.130973355292325   0.009328122341095639
     -2.513274122871834     -1.005309649148733   0.003912633506909078
     -2.513274122871834     -0.879645943005142   0.001114522121884604
     -2.513274122871834    -0.7539822368615505  0.0003532208355757256
     -2.513274122871834    -0.6283185307179586  1.702095055563325e-05
     -2.513274122871834    -0.5026548245743667  -0.000550870837657504
     -2.513274122871834    -0.3769911184307753  -0.001140172662916077
     -2.513274122871834    -0.2513274122871838  -0.001372545470294761
     -2.513274122871834    -0.1256637061435919 -0.0009225947541033412
     -2.513274122871834                      0 -0.0002290593197116743
     -2.513274122871834     0.1256637061435919 -0.0004258645168707758
     -2.513274122871834     0.2513274122871834  -0.001442557503648764
     -2.513274122871834     0.3769911184307753  -0.001897671867978934
     -2.513274122871834     0.5026548245743672  -0.001603506990414239
     -2.513274122871834     0.6283185307179582  -0.001327961198613892
     -2.513274122871834     0.7539822368615501 -0.0003829954377517974
     -2.513274122871834     0.8796459430051424   0.001899193165548768
     -2.513274122871834      1.005309649148734   0.003699361326649047
     -2.513274122871834      1.130973355292326   0.003130740395080781
     -2.513274122871834      1.256637061435917   0.001039755594549898
     -2.513274122871834      1.382300767579509 -0.0007044565854610668
     -2.513274122871834      1.507964473723101  -0.001434894768970268
     -2.513274122871834      1.633628179866692  -0.001364082883863604
     -2.513274122871834      1.759291886010284 -0.0008896415406267393
     -2.513274122871834      1.884955592153876   -0.00046010825324601
     -2.513274122871834      2.010619298297467 -0.0002228910580549205
     -2.513274122871834       2.13628300444106 -2.976737576209929e-05
     -2.513274122871834      2.261946710584651  7.315420207574595e-05
     -2.513274122871834      2.387610416728243  -2.74342405065582e-05
     -2.513274122871834      2.513274122871834 -0.0001806863446798657
     -2.513274122871834      2.638937829015426 -0.0003541762888882062
     -2.513274122871834      2.764601535159018 -0.0006401145024316027
     -2.513274122871834      2.890265241302609  -0.000674871266761377
     -2.513274122871834      3.015928947446201 -0.0002489731213505587
     -2.387610416728243     -3.141592653589793 -0.0004303717218272036
     -2.387610416728243     -3.015928947446201 -0.0005145451703632942
     -2.387610416728243      -2.89026524130261   0.001104919251011256
     -2.387610416728243     -2.764601535159018   0.004889068532482841
     -2.387610416728243     -2.638937829015426   0.008680310137209653
     -2.387610416728243     -2.513274122871834    0.01162540206520656
     -2.387610416728243     -2.387610416728243    0.01429263068616168
     -2.387610416728243     -2.261946710584651    0.01584177612026304
     -2.387610416728243     -2.136283004441059    0.01599876584794706
     -2.387610416728243     -2.010619298297468    0.01691551327029111
     -2.387610416728243     -1.884955592153876    0.01949751096030218
     -2.387610416728243     -1.759291886010284     0.0222074895048774
     -2.387610416728243     -1.633628179866693    0.02458832609775482
     -2.387610416728243     -1.507964473723101    0.02673641850083419
     -2.387610416728243     -1.382300767579509    0.02625915608371159
     -2.387610416728243     -1.256637061435917    0.02082827796512028
     -2.387610416728243     -1.130973355292325    0.01230354700336891
     -2.387610416728243     -1.005309649148733   0.005064428052185536
     -2.387610416728243     -0.879645943005142    0.00144798731222358
     -2.387610416728243    -0.7539822368615505   0.000410491484227478
     -2.387610416728243    -0.6283185307179586 -8.199218048774175e-05
     -2.387610416728243    -0.5026548245743667 -0.0008616646475389348
     -2.387610416728243    -0.3769911184307753   -0.00173254404843402
     -2.387610416728243    -0.2513274122871838  -0.002124995433707266
     -2.387610416728243    -0.1256637061435919   -0.00147590109805358
     -2.387610416728243                      0 -0.0004655389299193754
     -2.387610416728243     0.1256637061435919 -0.0008274557320727229
     -2.387610416728243     0.2513274122871834  -0.002405153597142575
     -2.387610416728243     0.3769911184307753  -0.003086755552367824
     -2.387610416728243     0.5026548245743672  -0.002699496395449406
     -2.387610416728243     0.6283185307179582   -0.00262037088745219
     -2.387610416728243     0.7539822368615501  -0.001944364025346356
     -2.387610416728243     0.8796459430051424  0.0005160345674545602
     -2.387610416728243      1.005309649148734   0.002543007156550506
     -2.387610416728243      1.130973355292326   0.001821326412165358
     -2.387610416728243      1.256637061435917 -0.0003927265822589159
     -2.387610416728243      1.382300767579509  -0.001968067428918495
     -2.387610416728243      1.507964473723101  -0.002523086256134346
     -2.387610416728243      1.633628179866692  -0.002278222360204398
     -2.387610416728243      1.759291886010284  -0.001444790196776406
     -2.387610416728243      1.884955592153876 -0.0006743853530909351
     -2.387610416728243      2.010619298297467 -0.0003124711388203324
     -2.387610416728243       2.13628300444106 -5.804205373018587e-05
     -2.387610416728243      2.261946710584651  0.0001072265506587743
     -2.387610416728243      2.387610416728243 -3.261233900941938e-05
     -2.387610416728243      2.513274122871834 -0.0002854860179635915
     -2.387610416728243      2.638937829015426 -0.0005999746959226395
     -2.387610416728243      2.764601535159018  -0.001124160715443346
     -2.387610416728243      2.890265241302609   -0.00127633904892377
     -2.387610416728243      3.015928947446201 -0.0007031633342128875
     -2.261946710584651     -3.141592653589793  7.252689045450598e-06
     -2.261946710584651     -3.015928947446201 -1.649280178759281e-05
     -2.261946710584651      -2.89026524130261   0.002902336416579995
     -2.261946710584651     -2.764601535159018   0.009377857524904602
     -2.261946710584651     -2.638937829015426    0.01549520591784856
     -2.261946710584651     -2.513274122871834    0.02008398149207573
     -2.261946710584651     -2.387610416728243    0.02451821576471148
     -2.261946710584651     -2.261946710584651    0.02713544170113165
     -2.261946710584651     -2.136283004441059     0.0271162112482919
     -2.261946710584651     -2.010619298297468    0.02829359281412976
     -2.261946710584651     -1.884955592153876    0.03237276966615645
     -2.261946710584651     -1.759291886010284    0.03664998918879684
     -2.261946710584651     -1.633628179866693    0.04049326582160046
     -2.261946710584651     -1.507964473723101    0.04417065055783762
     -2.261946710584651     -1.382300767579509    0.04330579233358235
     -2.261946710584651     -1.256637061435917    0.03399906221055032
     -2.261946710584651     -1.130973355292325    0.01997185082727188
     -2.261946710584651     -1.005309649148733   0.008513056051420885
     -2.261946710584651     -0.879645943005142   0.002787454557702592
     -2.261946710584651    -0.7539822368615505  0.0009529517386466591
     -2.261946710584651    -0.6283185307179586  0.0001477593607519949
     -2.261946710584651    -0.5026548245743667 -0.0008971356793386332
     -2.261946710584651    -0.3769911184307753  -0.002135069578145203
     -2.261946710584651    -0.2513274122871838  -0.002750583350821615
     -2.261946710584651    -0.1256637061435919  -0.001767122570592644
     -2.261946710584651                      0 -0.0001287426787725879
     -2.261946710584651     0.1256637061435919 -0.0004747547786316283
     -2.261946710584651     0.2513274122871834  -0.002716504179266054
     -2.261946710584651     0.3769911184307753  -0.003771457481657678
     -2.261946710584651     0.5026548245743672  -0.003205667028677054
     -2.261946710584651     0.6283185307179582  -0.002914305847999966
     -2.261946710584651     0.7539822368615501  -0.001735527910107779
     -2.261946710584651     0.8796459430051424   0.001891953821707535
     -2.261946710584651      1.005309649148734   0.004819168776748008
     -2.261946710584651      1.130973355292326    0.00377242290539422
     -2.261946710584651      1.256637061435917    0.00048193861411981
     -2.261946710584651      1.382300767579509  -0.002021125203633295
     -2.261946710584651      1.507964473723101  -0.003063143236265334
     -2.261946710584651      1.633628179866692  -0.002857343206827379
     -2.261946710584651      1.759291886010284  -0.001775908205111588
     -2.261946710584651      1.884955592153876 -0.0008391782658216508
     -2.261946710584651      2.010619298297467 -0.0004421374966203893
     -2.261946710584651       2.13628300444106   -5.7856147469895e-05
     -2.261946710584651      2.261946710584651  0.0001881732705315994
     -2.261946710584651      2.387610416728243 -9.378642681400005e-05
     -2.261946710584651      2.513274122871834 -0.0004179580223835345
     -2.261946710584651      2.638937829015426 -0.0007060414783818891
     -2.261946710584651      2.764601535159018  -0.001433531270895584
     -2.261946710584651      2.890265241302609   -0.00164574811750117
     -2.261946710584651      3.015928947446201 -0.0005838681152000786
     -2.136283004441059     -3.141592653589793  0.0005451120791019454
     -2.136283004441059     -3.015928947446201  0.0002473436718456951
     -2.136283004441059      -2.89026524130261   0.003919654880831768
     -2.136283004441059     -2.764601535159018    0.01261789335408355
     -2.136283004441059     -2.638937829015426    0.02091306067192648
     -2.136283004441059     -2.513274122871834    0.02710926988923187
     -2.136283004441059     -2.387610416728243    0.03322128479387276
     -2.136283004441059     -2.261946710584651     0.0370612365054723
     -2.136283004441059     -2.136283004441059    0.03727331243769848
     -2.136283004441059     -2.010619298297468    0.03894044286525927
     -2.136283004441059     -1.884955592153876    0.04475545673448979
     -2.136283004441059     -1.759291886010284    0.05121992783697858
     -2.136283004441059     -1.633628179866693    0.05678528941346411
     -2.136283004441059     -1.507964473723101    0.06133642245379016
     -2.136283004441059     -1.382300767579509    0.05961098408807358
     -2.136283004441059     -1.256637061435917    0.04689876321816049
     -2.136283004441059     -1.130973355292325    0.02780075516056489
     -2.136283004441059     -1.005309649148733     0.0118888842143392
     -2.136283004441059     -0.879645943005142   0.003873301083873731
     -2.136283004441059    -0.7539822368615505   0.001464249817604264
     -2.136283004441059    -0.6283185307179586  0.0005090741284676315
     -2.136283004441059    -0.5026548245743667 -0.0008535671841822649
     -2.136283004441059    -0.3769911184307753   -0.00250394020167556
     -2.136283004441059    -0.2513274122871838  -0.003317788339948828
     -2.136283004441059    -0.1256637061435919  -0.001897204337238806
     -2.136283004441059                      0  0.0005690434590804525
     -2.136283004441059     0.1256637061435919  0.0003763284576200308
     -2.136283004441059     0.2513274122871834  -0.002576210557513153
     -2.136283004441059     0.3769911184307753  -0.004090385158611098
     -2.136283004441059     0.5026548245743672  -0.003318464570036924
     -2.136283004441059     0.6283185307179582  -0.002631691520753217
     -2.136283004441059     0.7539822368615501 -0.0004991267329352476
     -2.136283004441059     0.8796459430051424    0.00500597648336942
     -2.136283004441059      1.005309649148734   0.009380146234239333
     -2.136283004441059      1.130973355292326   0.007908709569898802
     -2.136283004441059      1.256637061435917   0.002849575577663749
     -2.136283004441059      1.382300767579509  -0.001316146846211913
     -2.136283004441059      1.507964473723101  -0.003211502204897784
     -2.136283004441059      1.633628179866692  -0.003153101069436745
     -2.136283004441059      1.759291886010284  -0.001954727008661502
     -2.136283004441059      1.884955592153876  -0.001010621678779489
     -2.136283004441059      2.010619298297467 -0.0006222145222511287
     -2.136283004441059       2.13628300444106 -5.370616271397125e-05
     -2.136283004441059      2.261946710584651  0.0002918449285103496
     -2.136283004441059      2.387610416728243 -0.0001740509973454631
     -2.136283004441059      2.513274122871834 -0.0005615694435442361
     -2.136283004441059      2.638937829015426 -0.0007092865392628968
     -2.136283004441059      2.764601535159018  -0.001510619273269363
     -2.136283004441059      2.890265241302609   -0.00173787521337336
     -2.136283004441059      3.015928947446201 -0.0002290196914262333
     -2.010619298297468     -3.141592653589793  0.0008250340328983244
     -2.010619298297468     -3.015928947446201  0.0004378948003753141
     -2.010619298297468      -2.89026524130261   0.004918070414670676
     -2.010619298297468     -2.764601535159018    0.01552978416636998
     -2.010619298297468     -2.638937829015426    0.02555332138711484
     -2.010619298297468     -2.513274122871834    0.03298828418984437
     -2.010619298297468     -2.387610416728243     0.0404247748002174
     -2.010619298297468     -2.261946710584651    0.04511871223108861
     -2.010619298297468     -2.136283004441059    0.04530099779204285
     -2.010619298297468     -2.010619298297468     0.0472390183987251
     -2.010619298297468     -1.884955592153876    0.05427534616339871
     -2.010619298297468     -1.759291886010284    0.06209848246260431
     -2.010619298297468     -1.633628179866693    0.06885914208060044
     -2.010619298297468     -1.507964473723101    0.07446915086377522
     -2.010619298297468     -1.382300767579509    0.07241340718100253
     -2.010619298297468     -1.256637061435917    0.05691107790867089
     -2.010619298297468     -1.130973355292325    0.03370872576629626
     -2.010619298297468     -1.005309649148733    0.01448945784081834
     -2.010619298297468     -0.879645943005142   0.004824068052993569
     -2.010619298297468    -0.7539822368615505   0.001877434553510538
     -2.010619298297468    -0.6283185307179586  0.0007164987077179622
     -2.010619298297468    -0.5026548245743667 -0.0008670837107928216
     -2.010619298297468    -0.3769911184307753  -0.002795083782690804
     -2.010619298297468    -0.2513274122871838  -0.003770348832567838
     -2.010619298297468    -0.1256637061435919  -0.002085363241994757
     -2.010619298297468                      0  0.0008996689145196156
     -2.010619298297468     0.1256637061435919  0.0007486849295036818
     -2.010619298297468     0.2513274122871834  -0.002732439093241558
     -2.010619298297468     0.3769911184307753  -0.004555087452378975
     -2.010619298297468     0.5026548245743672  -0.003633728061832935
     -2.010619298297468     0.6283185307179582  -0.002757054234745221
     -2.010619298297468     0.7539822368615501 -0.0001876382092472701
     -2.010619298297468     0.8796459430051424   0.006307277053678719
     -2.010619298297468      1.005309649148734    0.01145227548233359
     -2.010619298297468      1.130973355292326   0.009724287139589177
     -2.010619298297468      1.256637061435917   0.003756991390259883
     -2.010619298297468      1.382300767579509  -0.001212559496046879
     -2.010619298297468      1.507964473723101  -0.003542269977220356
     -2.010619298297468      1.633628179866692  -0.003543231062479729
     -2.010619298297468      1.759291886010284  -0.002174148689661684
     -2.010619298297468      1.884955592153876  -0.001126892884817821
     -2.010619298297468      2.010619298297467  -0.000728572453450523
     -2.010619298297468       2.13628300444106 -5.593028780621163e-05
     -2.010619298297468      2.261946710584651  0.0003590634488155005
     -2.010619298297468      2.387610416728243 -0.0002238096752115878
     -2.010619298297468      2.513274122871834 -0.0006678507440446637
     -2.010619298297468      2.638937829015426 -0.0007726099112161112
     -2.010619298297468      2.764601535159018   -0.00170697848946423
     -2.010619298297468      2.890265241302609  -0.001982699725655715
     -2.010619298297468      3.015928947446201 -0.0001269929546871592
     -1.884955592153876     -3.141592653589793   0.001221973151141239
     -1.884955592153876     -3.015928947446201   0.001181069119342621
     -1.884955592153876      -2.89026524130261   0.006515978572338281
     -1.884955592153876     -2.764601535159018    0.01820820121793347
     -1.884955592153876     -2.638937829015426    0.02878440152684143
     -1.884955592153876     -2.513274122871834    0.03642545792034628
     -1.884955592153876     -2.387610416728243    0.04422466700277761
     -1.884955592153876     -2.261946710584651    0.04894222358260508
     -1.884955592153876     -2.136283004441059    0.04855071467991138
     -1.884955592153876     -2.010619298297468    0.05012632271200303
     -1.884955592153876     -1.884955592153876    0.05709412237618167
     -1.884955592153876     -1.759291886010284    0.06454603552139164
     -1.884955592153876     -1.633628179866693    0.07132128979613719
     -1.884955592153876     -1.507964473723101    0.07790830875615117
     -1.884955592153876     -1.382300767579509    0.07626095945597454
     -1.884955592153876     -1.256637061435917    0.05955554064106114
     -1.884955592153876     -1.130973355292325    0.03497675381364317
     -1.884955592153876     -1.005309649148733    0.01535432540827109
     -1.884955592153876     -0.879645943005142   0.005543625259300566
     -1.884955592153876    -0.7539822368615505   0.002197753705899072
     -1.884955592153876    -0.6283185307179586  0.0008338966680588506
     -1.884955592153876    -0.5026548245743667 -0.0006201740489805061
     -1.884955592153876    -0.3769911184307753  -0.002427284789062435
     -1.884955592153876    -0.2513274122871838   -0.00342796479604648
     -1.884955592153876    -0.1256637061435919  -0.001851945467428683
     -1.884955592153876                      0   0.001032852856912317
     -1.884955592153876     0.1256637061435919  0.0009255536293677324
     -1.884955592153876     0.2513274122871834  -0.002403758257646755
     -1.884955592153876     0.3769911184307753  -0.004172123937186868
     -1.884955592153876     0.5026548245743672  -0.003270879957603665
     -1.884955592153876     0.6283185307179582  -0.002379936193091563
     -1.884955592153876     0.7539822368615501 -2.363516516468308e-05
     -1.884955592153876     0.8796459430051424   0.005849334635223686
     -1.884955592153876      1.005309649148734    0.01046129687151559
     -1.884955592153876      1.130973355292326   0.008854589695580792
     -1.884955592153876      1.256637061435917   0.003484891811998967
     -1.884955592153876      1.382300767579509   -0.00101168482757426
     -1.884955592153876      1.507964473723101  -0.003243784081338915
     -1.884955592153876      1.633628179866692  -0.003310227598357339
     -1.884955592153876      1.759291886010284  -0.001970835931775231
     -1.884955592153876      1.884955592153876 -0.0009655418731939103
     -1.884955592153876      2.010619298297467 -0.0006568123134625885
     -1.884955592153876       2.13628300444106 -3.823256753876797e-05
     -1.884955592153876      2.261946710584651  0.0003594119092206388
     -1.884955592153876      2.387610416728243 -0.0002409218973491642
     -1.884955592153876      2.513274122871834 -0.0006474824754844331
     -1.884955592153876      2.638937829015426 -0.0007027557826611315
     -1.884955592153876      2.764601535159018  -0.001694781082506395
     -1.884955592153876      2.890265241302609  -0.001996116092959462
     -1.884955592153876      3.015928947446201  3.743666843140903e-05
     -1.759291886010284     -3.141592653589793   0.001747805617108225
     -1.759291886010284     -3.015928947446201   0.001771572938295492
     -1.759291886010284      -2.89026524130261   0.006731537696170298
     -1.759291886010284     -2.764601535159018    0.01735600774391385
     -1.759291886010284     -2.638937829015426    0.02657955944954815
     -1.759291886010284     -2.513274122871834    0.03307810779283152
     -1.759291886010284     -2.387610416728243    0.04012008699624962
     -1.759291886010284     -2.261946710584651     0.0444525651667671
     -1.759291886010284     -2.136283004441059    0.04382275523853838
     -1.759291886010284     -2.010619298297468    0.04490166285832108
     -1.759291886010284     -1.884955592153876    0.05097980040988725
     -1.759291886010284     -1.759291886010284    0.05743725934249423
     -1.759291886010284     -1.633628179866693    0.06340080908474921
     -1.759291886010284     -1.507964473723101    0.06948462544208478
     -1.759291886010284     -1.382300767579509    0.06798400873490258
     -1.759291886010284     -1.256637061435917    0.05268206265144945
     -1.759291886010284     -1.130973355292325    0.03076087920699669
     -1.759291886010284     -1.005309649148733    0.01380269772839331
     -1.759291886010284     -0.879645943005142   0.005353379714453547
     -1.759291886010284    -0.7539822368615505   0.002246871958564569
     -1.759291886010284    -0.6283185307179586    0.00102939266726866
     -1.759291886010284    -0.5026548245743667 -1.068412552663657e-05
     -1.759291886010284    -0.3769911184307753  -0.001411540625249874
     -1.759291886010284    -0.2513274122871838  -0.002280175174629502
     -1.759291886010284    -0.1256637061435919 -0.0009721968558046099
     -1.759291886010284                      0    0.00157319778201429
     -1.759291886010284     0.1256637061435919   0.001729327518325524
     -1.759291886010284     0.2513274122871834 -0.0008863948930649631
     -1.759291886010284     0.3769911184307753  -0.002398652959013035
     -1.759291886010284     0.5026548245743672  -0.001673103687627539
     -1.759291886010284     0.6283185307179582 -0.0007644302641734145
     -1.759291886010284     0.7539822368615501   0.001272021739362406
     -1.759291886010284     0.8796459430051424   0.005894145946072659
     -1.759291886010284      1.005309649148734   0.009458436360147378
     -1.759291886010284      1.130973355292326   0.008198435881421676
     -1.759291886010284      1.256637061435917   0.003951878695626832
     -1.759291886010284      1.382300767579509  0.0002254361092998275
     -1.759291886010284      1.507964473723101  -0.001811838815712842
     -1.759291886010284      1.633628179866692  -0.002060691695418273
     -1.759291886010284      1.759291886010284  -0.001144294142673116
     -1.759291886010284      1.884955592153876 -0.0005687728898003679
     -1.759291886010284      2.010619298297467 -0.0005052095865394257
     -1.759291886010284       2.13628300444106  2.062963978489692e-06
     -1.759291886010284      2.261946710584651  0.0003335037570532731
     -1.759291886010284      2.387610416728243 -0.0002559937527940455
     -1.759291886010284      2.513274122871834 -0.0005277086970558161
     -1.759291886010284      2.638937829015426 -0.0003449095605919649
     -1.759291886010284      2.764601535159018  -0.001109000154600894
     -1.759291886010284      2.890265241302609  -0.001360202877969109
     -1.759291886010284      3.015928947446201  0.0005679066189212378
     -1.633628179866693     -3.141592653589793   0.001743301241041003
     -1.633628179866693     -3.015928947446201   0.001544612879165812
     -1.633628179866693      -2.89026524130261   0.006145177110364504
     -1.633628179866693     -2.764601535159018    0.01625048458365478
     -1.633628179866693     -2.638937829015426     0.0247935347815213
     -1.633628179866693     -2.513274122871834    0.03082407818375751
     -1.633628179866693     -2.387610416728243    0.03792909584916722
     -1.633628179866693     -2.261946710584651    0.04252737369568478
     -1.633628179866693     -2.136283004441059    0.04195925605097046
     -1.633628179866693     -2.010619298297468    0.04302035833445311
     -1.633628179866693     -1.884955592153876    0.04914357441611514
     -1.633628179866693     -1.759291886010284    0.05555797242838198
     -1.633628179866693     -1.633628179866693    0.06139769248563302
     -1.633628179866693     -1.507964473723101    0.06740309196519023
     -1.633628179866693     -1.382300767579509    0.06582168119217691
     -1.633628179866693     -1.256637061435917     0.0505917854009113
     -1.633628179866693     -1.130973355292325    0.02925807703740972
     -1.633628179866693     -1.005309649148733    0.01318904609758805
     -1.633628179866693     -0.879645943005142   0.005276135423515893
     -1.633628179866693    -0.7539822368615505   0.002259361543738226
     -1.633628179866693    -0.6283185307179586   0.001098339041113331
     -1.633628179866693    -0.5026548245743667  0.0002100056599019552
     -1.633628179866693    -0.3769911184307753  -0.001104176984619073
     -1.633628179866693    -0.2513274122871838  -0.001986387065433855
     -1.633628179866693    -0.1256637061435919 -0.0007118710802751123
     -1.633628179866693                      0   0.001844124533702144
     -1.633628179866693     0.1256637061435919   0.002091195163450612
     -1.633628179866693     0.2513274122871834 -0.0004154502732613271
     -1.633628179866693     0.3769911184307753  -0.001915340345188154
     -1.633628179866693     0.5026548245743672  -0.001259581612628762
     -1.633628179866693     0.6283185307179582 -0.0005009383655513806
     -1.633628179866693     0.7539822368615501   0.001088097348248457
     -1.633628179866693     0.8796459430051424   0.004933382109040586
     -1.633628179866693      1.005309649148734   0.007916174130860099
     -1.633628179866693      1.130973355292326   0.006798938203728405
     -1.633628179866693      1.256637061435917   0.003269936467402782
     -1.633628179866693      1.382300767579509  0.0002277500648200893
     -1.633628179866693      1.507964473723101  -0.001525180407244586
     -1.633628179866693      1.633628179866692  -0.001776432292534683
     -1.633628179866693      1.759291886010284 -0.0009268003714110913
     -1.633628179866693      1.884955592153876 -0.0004389152787865257
     -1.633628179866693      2.010619298297467 -0.0004681496231869777
     -1.633628179866693       2.13628300444106  9.215790704048297e-06
     -1.633628179866693      2.261946710584651  0.0003415757141155997
     -1.633628179866693      2.387610416728243 -0.0002711213606046913
     -1.633628179866693      2.513274122871834 -0.0005177833018701867
     -1.633628179866693      2.638937829015426 -0.0002488196931559642
     -1.633628179866693      2.764601535159018 -0.0009941217074641118
     -1.633628179866693      2.890265241302609  -0.001295011795082881
     -1.633628179866693      3.015928947446201  0.0006190281697315918
     -1.507964473723101     -3.141592653589793   0.001366211878106673
     -1.507964473723101     -3.015928947446201   0.001450697354875265
     -1.507964473723101      -2.89026524130261   0.007943087854573296
     -1.507964473723101     -2.764601535159018    0.02130379191711046
     -1.507964473723101     -2.638937829015426    0.03220382450350935
     -1.507964473723101     -2.513274122871834    0.03991574343438166
     -1.507964473723101     -2.387610416728243    0.04928960277135354
     -1.507964473723101     -2.261946710584651    0.05507758199765928
     -1.507964473723101     -2.136283004441059    0.05381411017221203
     -1.507964473723101     -2.010619298297468    0.05500840904313901
     -1.507964473723101     -1.884955592153876     0.0626470714620615
     -1.507964473723101     -1.759291886010284    0.06983083194512066
     -1.507964473723101     -1.633628179866693    0.07684409177917646
     -1.507964473723101     -1.507964473723101    0.08579484837274873
     -1.507964473723101     -1.382300767579509     0.0847865818348542
     -1.507964473723101     -1.256637061435917    0.06457737921870456
     -1.507964473723101     -1.130973355292325      0.036578720326644
     -1.507964473723101     -1.005309649148733    0.01655315762241992
     -1.507964473723101     -0.879645943005142   0.006919235821508783
     -1.507964473723101    -0.7539822368615505   0.002768013037625886
     -1.507964473723101    -0.6283185307179586  0.0009737909900576107
     -1.507964473723101    -0.5026548245743667  -0.000156588213782503
     -1.507964473723101    -0.3769911184307753  -0.001846147295901033
     -1.507964473723101    -0.2513274122871838  -0.003069298972584473
     -1.507964473723101    -0.1256637061435919  -0.001599236847563478
     -1.507964473723101                      0   0.001324259797418726
     -1.507964473723101     0.1256637061435919   0.001226565428435739
     -1.507964473723101     0.2513274122871834  -0.002143665306505636
     -1.507964473723101     0.3769911184307753  -0.003960045855803139
     -1.507964473723101     0.5026548245743672  -0.003155239690052295
     -1.507964473723101     0.6283185307179582  -0.002811345540704054
     -1.507964473723101     0.7539822368615501  -0.002125974095465829
     -1.507964473723101     0.8796459430051424   0.001089606851856209
     -1.507964473723101      1.005309649148734   0.003686227046896589
     -1.507964473723101      1.130973355292326   0.002451703725463845
     -1.507964473723101      1.256637061435917 -0.0003721373687972868
     -1.507964473723101      1.382300767579509  -0.002284818064332195
     -1.507964473723101      1.507964473723101  -0.003459200510699771
     -1.507964473723101      1.633628179866692  -0.003407225466034825
     -1.507964473723101      1.759291886010284   -0.00184124301817772
     -1.507964473723101      1.884955592153876 -0.0006674554659734646
     -1.507964473723101      2.010619298297467 -0.0005305599766081645
     -1.507964473723101       2.13628300444106 -2.554603951175115e-05
     -1.507964473723101      2.261946710584651  0.0003925361478939503
     -1.507964473723101      2.387610416728243 -0.0002888517408838131
     -1.507964473723101      2.513274122871834 -0.0006854727685286207
     -1.507964473723101      2.638937829015426 -0.0006959917283318622
     -1.507964473723101      2.764601535159018  -0.002027328407216125
     -1.507964473723101      2.890265241302609  -0.002591878097795057
     -1.507964473723101      3.015928947446201 -0.0001611889915515198
     -1.382300767579509     -3.141592653589793   0.002214965241933818
     -1.382300767579509     -3.015928947446201   0.003162733489723764
     -1.382300767579509      -2.89026524130261    0.01273881364374244
     -1.382300767579509     -2.764601535159018    0.03062878157876879
     -1.382300767579509     -2.638937829015426    0.04417109715000014
     -1.382300767579509     -2.513274122871834    0.05335981867549838
     -1.382300767579509     -2.387610416728243    0.06526437964261375
     -1.382300767579509     -2.261946710584651    0.07219172172013616
     -1.382300767579509     -2.136283004441059    0.06925684319046936
     -1.382300767579509     -2.010619298297468    0.06975152025098212
     -1.382300767579509     -1.884955592153876    0.07843592834614511
     -1.382300767579509     -1.759291886010284      0.085535446672573
     -1.382300767579509     -1.633628179866693    0.09346808908088733
     -1.382300767579509     -1.507964473723101     0.1064832135386399
     -1.382300767579509     -1.382300767579509     0.1064680944243636
     -1.382300767579509     -1.256637061435917    0.07988376557524114
     -1.382300767579509     -1.130973355292325    0.04422756088295306
     -1.382300767579509     -1.005309649148733    0.02075230175448852
     -1.382300767579509     -0.879645943005142   0.009702345716708329
     -1.382300767579509    -0.7539822368615505    0.00388346331336138
     -1.382300767579509    -0.6283185307179586   0.001255090593547736
     -1.382300767579509    -0.5026548245743667  0.0003212421172093397
     -1.382300767579509    -0.3769911184307753   -0.00135685591006728
     -1.382300767579509    -0.2513274122871838  -0.002892886943636379
     -1.382300767579509    -0.1256637061435919  -0.001480922709683352
     -1.382300767579509                      0   0.001586009339875466
     -1.382300767579509     0.1256637061435919   0.001453747960377141
     -1.382300767579509     0.2513274122871834  -0.002136505009595206
     -1.382300767579509     0.3769911184307753  -0.004083844523995442
     -1.382300767579509     0.5026548245743672  -0.003253455807249898
     -1.382300767579509     0.6283185307179582   -0.00314945601773014
     -1.382300767579509     0.7539822368615501  -0.003570141434797466
     -1.382300767579509     0.8796459430051424  -0.002257324898106488
     -1.382300767579509      1.005309649148734  -0.001186695760741388
     -1.382300767579509      1.130973355292326  -0.002217007153248426
     -1.382300767579509      1.256637061435917  -0.003178104738638072
     -1.382300767579509      1.382300767579509  -0.003249859716732997
     -1.382300767579509      1.507964473723101  -0.003825858698543219
     -1.382300767579509      1.633628179866692  -0.003749187742048433
     -1.382300767579509      1.759291886010284  -0.001843318547821658
     -1.382300767579509      1.884955592153876 -0.0004074026002324946
     -1.382300767579509      2.010619298297467 -0.0004177704429325086
     -1.382300767579509       2.13628300444106  2.433685241168375e-06
     -1.382300767579509      2.261946710584651   0.000445381681211644
     -1.382300767579509      2.387610416728243 -0.0003618241417208347
     -1.382300767579509      2.513274122871834  -0.000755868656600741
     -1.382300767579509      2.638937829015426 -0.0007499910534877095
     -1.382300767579509      2.764601535159018  -0.002565753553656284
     -1.382300767579509      2.890265241302609  -0.003367030222554553
     -1.382300767579509      3.015928947446201  -0.000130456833610572
     -1.256637061435917     -3.141592653589793    0.00513814443409498
     -1.256637061435917     -3.015928947446201   0.007070817438733805
     -1.256637061435917      -2.89026524130261    0.01883520369000159
     -1.256637061435917     -2.764601535159018    0.03889828001390578
     -1.256637061435917     -2.638937829015426    0.05211736748830044
     -1.256637061435917     -2.513274122871834    0.06016725563567769
     -1.256637061435917     -2.387610416728243    0.07280674771706495
     -1.256637061435917     -2.261946710584651    0.08007627068970938
     -1.256637061435917     -2.136283004441059    0.07503963540822625
     -1.256637061435917     -2.010619298297468    0.07361493313866815
     -1.256637061435917     -1.884955592153876    0.08134969526360815
     -1.256637061435917     -1.759291886010284    0.08655737118285872
     -1.256637061435917     -1.633628179866693    0.09379193580505557
     -1.256637061435917     -1.507964473723101     0.1091647419196981
     -1.256637061435917     -1.382300767579509     0.1098448392141287
     -1.256637061435917     -1.256637061435917    0.08007938451116252
     -1.256637061435917     -1.130973355292325    0.04294798297656198
     -1.256637061435917     -1.005309649148733    0.02185248887351216
     -1.256637061435917     -0.879645943005142    0.01222516809734014
     -1.256637061435917    -0.7539822368615505   0.005314354639178208
     -1.256637061435917    -0.6283185307179586   0.002332467896418044
     -1.256637061435917    -0.5026548245743667   0.002632005182236217
     -1.256637061435917    -0.3769911184307753   0.001954326833138347
     -1.256637061435917    -0.2513274122871838  0.0004597364425451356
     -1.256637061435917    -0.1256637061435919   0.001272398865599746
     -1.256637061435917                      0   0.003897244755381689
     -1.256637061435917     0.1256637061435919    0.00465164521748278
     -1.256637061435917     0.2513274122871834    0.00269963285547974
     -1.256637061435917     0.3769911184307753   0.001176649227374271
     -1.256637061435917     0.5026548245743672   0.001620893562623947
     -1.256637061435917     0.6283185307179582    0.00195683200849322
     -1.256637061435917     0.7539822368615501   0.000531058056299499
     -1.256637061435917     0.8796459430051424  -0.002062924367341727
     -1.256637061435917      1.005309649148734   -0.00435090209313406
     -1.256637061435917      1.130973355292326  -0.004458640546411752
     -1.256637061435917      1.256637061435917  -0.001869921891587417
     -1.256637061435917      1.382300767579509  0.0005174798764001763
     -1.256637061435917      1.507964473723101  0.0003144573877114547
     -1.256637061435917      1.633628179866692 -0.0002785902121276943
     -1.256637061435917      1.759291886010284   0.000625123217695066
     -1.256637061435917      1.884955592153876   0.000908933620571701
     -1.256637061435917      2.010619298297467  2.811126031888569e-05
     -1.256637061435917       2.13628300444106  0.0001618926118725009
     -1.256637061435917      2.261946710584651  0.0004685723917837115
     -1.256637061435917      2.387610416728243 -0.0005192686054088466
     -1.256637061435917      2.513274122871834 -0.0005191416386443434
     -1.256637061435917      2.638937829015426  0.0003294734072280426
     -1.256637061435917      2.764601535159018  -0.001196170408205735
     -1.256637061435917      2.890265241302609  -0.001993473114739722
     -1.256637061435917      3.015928947446201   0.001909224135192848
     -1.130973355292325     -3.141592653589793   0.008465473433708813
     -1.130973355292325     -3.015928947446201    0.01143745823048408
     -1.130973355292325      -2.89026524130261    0.02477787471111361
     -1.130973355292325     -2.764601535159018    0.04562125114312595
     -1.130973355292325     -2.638937829015426    0.05719540745196341
     -1.130973355292325     -2.513274122871834    0.06308319986151371
     -1.130973355292325     -2.387610416728243    0.07546339666026444
     -1.130973355292325     -2.261946710584651    0.08253997788060879
     -1.130973355292325     -2.136283004441059    0.07544809554859902
     -1.130973355292325     -2.010619298297468    0.07179779786282961
     -1.130973355292325     -1.884955592153876    0.07767616108141728
     -1.130973355292325     -1.759291886010284    0.08020287476952097
     -1.130973355292325     -1.633628179866693     0.0859517378181056
     -1.130973355292325     -1.507964473723101     0.1025962063026288
     -1.130973355292325     -1.382300767579509     0.1038228355120739
     -1.130973355292325     -1.256637061435917    0.07285992893975064
     -1.130973355292325     -1.130973355292325    0.03742650770122309
     -1.130973355292325     -1.005309649148733     0.0212207656722278
     -1.130973355292325     -0.879645943005142    0.01419825270406078
     -1.130973355292325    -0.7539822368615505   0.006594811294919673
     -1.130973355292325    -0.6283185307179586   0.003501263170549002
     -1.130973355292325    -0.5026548245743667   0.005308319026817741
     -1.130973355292325    -0.3769911184307753   0.005908191760785816
     -1.130973355292325    -0.2513274122871838   0.004604418354211312
     -1.130973355292325    -0.1256637061435919   0.004647928387586997
     -1.130973355292325                      0   0.006551646557226559
     -1.130973355292325     0.1256637061435919   0.008389099542192155
     -1.130973355292325     0.2513274122871834    0.00866399837894144
     -1.130973355292325     0.3769911184307753   0.007789848089556212
     -1.130973355292325     0.5026548245743672   0.007708576578527292
     -1.130973355292325     0.6283185307179582   0.008378751764590542
     -1.130973355292325     0.7539822368615501   0.006038452914055106
     -1.130973355292325     0.8796459430051424 -0.0008882242170569071
     -1.130973355292325      1.005309649148734  -0.006934615582101761
     -1.130973355292325      1.130973355292326  -0.005932099715640578
     -1.130973355292325      1.256637061435917  0.0005364167481508413
     -1.130973355292325      1.382300767579509   0.005446788912052422
     -1.130973355292325      1.507964473723101   0.005587045867436125
     -1.130973355292325      1.633628179866692   0.004186983736595764
     -1.130973355292325      1.759291886010284   0.003699304658727474
     -1.130973355292325      1.884955592153876   0.002450785811336478
     -1.130973355292325      2.010619298297467  0.0005606248025136734
     -1.130973355292325       2.13628300444106  0.0003524168244476369
     -1.130973355292325      2.261946710584651  0.0004612922941208606
     -1.130973355292325      2.387610416728243 -0.0006762333487664722
     -1.130973355292325      2.513274122871834  -0.000175484309782041
     -1.130973355292325      2.638937829015426   0.001687793350935707
     -1.130973355292325      2.764601535159018  0.0007148065159690853
     -1.130973355292325      2.890265241302609   2.84817456816177e-05
     -1.130973355292325      3.015928947446201   0.004418348890567565
     -1.005309649148733     -3.141592653589793   0.009688701777275361
     -1.005309649148733     -3.015928947446201    0.01387468044827125
     -1.005309649148733      -2.89026524130261    0.02891157829452184
     -1.005309649148733     -2.764601535159018    0.05103090196093229
     -1.005309649148733     -2.638937829015426    0.06278623210595166
     -1.005309649148733     -2.513274122871834    0.06833429810405411
     -1.005309649148733     -2.387610416728243    0.08045891028885528
     -1.005309649148733     -2.261946710584651    0.08681159732537713
     -1.005309649148733     -2.136283004441059    0.07837704271758245
     -1.005309649148733     -2.010619298297468    0.07357383880794402
     -1.005309649148733     -1.884955592153876    0.07818652928952713
     -1.005309649148733     -1.759291886010284    0.07877289087702324
     -1.005309649148733     -1.633628179866693    0.08358340701440478
     -1.005309649148733     -1.507964473723101     0.1013280468818352
     -1.005309649148733     -1.382300767579509     0.1033082930768402
     -1.005309649148733     -1.256637061435917    0.07153077949108681
     -1.005309649148733     -1.130973355292325    0.03610510475180552
     -1.005309649148733     -1.005309649148733    0.02146225944811881
     -1.005309649148733     -0.879645943005142      0.015202547485316
     -1.005309649148733    -0.7539822368615505   0.007000846363158233
     -1.005309649148733    -0.6283185307179586   0.003639520644637372
     -1.005309649148733    -0.5026548245743667   0.005920473113800453
     -1.005309649148733    -0.3769911184307753   0.006943681147409054
     -1.005309649148733    -0.2513274122871838   0.005711970818294857
     -1.005309649148733    -0.1256637061435919    0.00538531759576304
     -1.005309649148733                      0   0.006703979805234264
     -1.005309649148733     0.1256637061435919   0.008649627601202236
     -1.005309649148733     0.2513274122871834   0.009761057725297803
     -1.005309649148733     0.3769911184307753   0.009268968691481938
     -1.005309649148733     0.5026548245743672   0.009009291930150249
     -1.005309649148733     0.6283185307179582   0.009760166107628844
     -1.005309649148733     0.7539822368615501   0.007129143948483683
     -1.005309649148733     0.8796459430051424  -0.001294438175437944
     -1.005309649148733      1.005309649148734  -0.008684950324793085
     -1.005309649148733      1.130973355292326  -0.007327251593324955
     -1.005309649148733      1.256637061435917  0.0004917500178699651
     -1.005309649148733      1.382300767579509   0.006339031249574448
     -1.005309649148733      1.507964473723101   0.006726645304774344
     -1.005309649148733      1.633628179866692   0.005193026694379657
     -1.005309649148733      1.759291886010284   0.004392928156778093
     -1.005309649148733      1.884955592153876   0.002848648368281206
     -1.005309649148733      2.010619298297467  0.0007763996654340777
     -1.005309649148733       2.13628300444106  0.0004157372960904991
     -1.005309649148733      2.261946710584651  0.0004098079491009755
     -1.005309649148733      2.387610416728243 -0.0006862858084649106
     -1.005309649148733      2.513274122871834 -2.711716675838841e-05
     -1.005309649148733      2.638937829015426   0.001957698363791222
     -1.005309649148733      2.764601535159018   0.001039721433720642
     -1.005309649148733      2.890265241302609  0.0004367644966530905
     -1.005309649148733      3.015928947446201   0.005057235239630967
     -0.879645943005142     -3.141592653589793   0.008261470951234334
     -0.879645943005142     -3.015928947446201     0.0139789779803123
     -0.879645943005142      -2.89026524130261    0.03057491291188174
     -0.879645943005142     -2.764601535159018    0.05401926635595114
     -0.879645943005142     -2.638937829015426    0.06813570104278352
     -0.879645943005142     -2.513274122871834    0.07554331759475863
     -0.879645943005142     -2.387610416728243    0.08661388983869846
     -0.879645943005142     -2.261946710584651    0.09091123375595497
     -0.879645943005142     -2.136283004441059    0.08218511658741308
     -0.879645943005142     -2.010619298297468    0.07756705381889342
     -0.879645943005142     -1.884955592153876    0.08112103444083844
     -0.879645943005142     -1.759291886010284    0.08044541446120643
     -0.879645943005142     -1.633628179866693    0.08472871176437966
     -0.879645943005142     -1.507964473723101     0.1025614702438935
     -0.879645943005142     -1.382300767579509     0.1055659930819511
     -0.879645943005142     -1.256637061435917     0.0750520385398101
     -0.879645943005142     -1.130973355292325    0.03909468924829415
     -0.879645943005142     -1.005309649148733     0.0222561505089871
     -0.879645943005142     -0.879645943005142    0.01450635027364182
     -0.879645943005142    -0.7539822368615505   0.006114566533439512
     -0.879645943005142    -0.6283185307179586   0.002421341448392527
     -0.879645943005142    -0.5026548245743667   0.003794203754035901
     -0.879645943005142    -0.3769911184307753   0.004208536662088608
     -0.879645943005142    -0.2513274122871838    0.00302199993800364
     -0.879645943005142    -0.1256637061435919   0.002777137665077524
     -0.879645943005142                      0   0.003524320376000509
     -0.879645943005142     0.1256637061435919   0.004342275654554703
     -0.879645943005142     0.2513274122871834   0.004690858193440579
     -0.879645943005142     0.3769911184307753   0.004339306425831803
     -0.879645943005142     0.5026548245743672   0.004362866873562098
     -0.879645943005142     0.6283185307179582   0.005108256954250587
     -0.879645943005142     0.7539822368615501   0.003592381156063283
     -0.879645943005142     0.8796459430051424  -0.001921505483392802
     -0.879645943005142      1.005309649148734  -0.007008124173878135
     -0.879645943005142      1.130973355292326  -0.006328963095163065
     -0.879645943005142      1.256637061435917  -0.001139235976621874
     -0.879645943005142      1.382300767579509   0.002769710516031777
     -0.879645943005142      1.507964473723101   0.002895073691219873
     -0.879645943005142      1.633628179866692   0.002001645242095715
     -0.879645943005142      1.759291886010284   0.002121165007761135
     -0.879645943005142      1.884955592153876    0.00174859901612285
     -0.879645943005142      2.010619298297467  0.0005828925007310614
     -0.879645943005142       2.13628300444106  0.0003175820336668346
     -0.879645943005142      2.261946710584651  0.0002749357718151927
     -0.879645943005142      2.387610416728243 -0.0004849327254889966
     -0.879645943005142      2.513274122871834 -8.353714748317217e-05
     -0.879645943005142      2.638937829015426  0.0008758816975327753
     -0.879645943005142      2.764601535159018 -0.0004697673042562043
     -0.879645943005142      2.890265241302609 -0.0009092922780654102
     -0.879645943005142      3.015928947446201   0.003443874338005617
    -0.7539822368615505     -3.141592653589793     0.0058496046928131
    -0.7539822368615505     -3.015928947446201    0.01331803206454124
    -0.7539822368615505      -2.89026524130261    0.03095189338876801
    -0.7539822368615505     -2.764601535159018    0.05472089873542999
    -0.7539822368615505     -2.638937829015426    0.07140270882147345
    -0.7539822368615505     -2.513274122871834    0.08101206834435362
    -0.7539822368615505     -2.387610416728243     0.0896353554299324
    -0.7539822368615505     -2.261946710584651    0.09054770132691153
    -0.7539822368615505     -2.136283004441059    0.08202003613983934
    -0.7539822368615505     -2.010619298297468    0.07794714044891907
    -0.7539822368615505     -1.884955592153876    0.07967128507413287
    -0.7539822368615505     -1.759291886010284    0.07735125103726796
    -0.7539822368615505     -1.633628179866693    0.08067401668449541
    -0.7539822368615505     -1.507964473723101    0.09726188974096521
    -0.7539822368615505     -1.382300767579509     0.1015362101821181
    -0.7539822368615505     -1.256637061435917    0.07525919762225862
    -0.7539822368615505     -1.130973355292325    0.04114308207857526
    -0.7539822368615505     -1.005309649148733    0.02206964567748342
    -0.7539822368615505     -0.879645943005142    0.01254568389765893
    -0.7539822368615505    -0.7539822368615505   0.004515389835703781
    -0.7539822368615505    -0.6283185307179586  0.0006397579825324091
    -0.7539822368615505    -0.5026548245743667  0.0006164147505570202
    -0.7539822368615505    -0.3769911184307753  0.0001997770346003668
    -0.7539822368615505    -0.2513274122871838 -0.0007866204991405874
    -0.7539822368615505    -0.1256637061435919 -0.0009278216550459265
    -0.7539822368615505                      0  -0.001046610895265604
    -0.7539822368615505     0.1256637061435919  -0.001792334417850009
    -0.7539822368615505     0.2513274122871834  -0.002458638183986032
    -0.7539822368615505     0.3769911184307753  -0.002577058556336818
    -0.7539822368615505     0.5026548245743672  -0.002125147895439312
    -0.7539822368615505     0.6283185307179582  -0.001235266539824534
    -0.7539822368615505     0.7539822368615501 -0.0006862781617610644
    -0.7539822368615505     0.8796459430051424  -0.001279644127197645
    -0.7539822368615505      1.005309649148734  -0.002465025598835775
    -0.7539822368615505      1.130973355292326  -0.002818258128090962
    -0.7539822368615505      1.256637061435917  -0.002101203869673175
    -0.7539822368615505      1.382300767579509  -0.001716769762417607
    -0.7539822368615505      1.507964473723101  -0.002289250228526299
    -0.7539822368615505      1.633628179866692  -0.002345835701702697
    -0.7539822368615505      1.759291886010284  -0.001055847487015294
    -0.7539822368615505      1.884955592153876  0.0001280270889503601
    -0.7539822368615505      2.010619298297467  0.0002735662708720685
    -0.7539822368615505       2.13628300444106  0.0001634215870424996
    -0.7539822368615505      2.261946710584651  6.705412560098888e-05
    -0.7539822368615505      2.387610416728243  -0.000173191016891888
    -0.7539822368615505      2.513274122871834 -0.0001411531869018403
    -0.7539822368615505      2.638937829015426 -0.0006276522491626484
    -0.7539822368615505      2.764601535159018  -0.002393362455135991
    -0.7539822368615505      2.890265241302609  -0.002522745796628261
    -0.7539822368615505      3.015928947446201   0.001133164223467579
    -0.6283185307179586     -3.141592653589793   0.004045405009412797
    -0.6283185307179586     -3.015928947446201    0.01214486274212536
    -0.6283185307179586      -2.89026524130261    0.02882938211341484
    -0.6283185307179586     -2.764601535159018    0.05035310758379846
    -0.6283185307179586     -2.638937829015426    0.06694565090955014
    -0.6283185307179586     -2.513274122871834    0.07679213529306492
    -0.6283185307179586     -2.387610416728243    0.08236315404102967
    -0.6283185307179586     -2.261946710584651    0.08039585562439873
    -0.6283185307179586     -2.136283004441059    0.07258372933412104
    -0.6283185307179586     -2.010619298297468    0.06893665444675852
    -0.6283185307179586     -1.884955592153876    0.06864984863341703
    -0.6283185307179586     -1.759291886010284    0.06488190232264375
    -0.6283185307179586     -1.633628179866693     0.0668802507778984
    -0.6283185307179586     -1.507964473723101    0.08085409596572982
    -0.6283185307179586     -1.382300767579509    0.08585009076947346
    -0.6283185307179586     -1.256637061435917      0.065872737668808
    -0.6283185307179586     -1.130973355292325    0.03741699522501858
    -0.6283185307179586     -1.005309649148733    0.01948038517103296
    -0.6283185307179586     -0.879645943005142    0.01003027853410673
    -0.6283185307179586    -0.7539822368615505   0.003101928585175984
    -0.6283185307179586    -0.6283185307179586 -0.0004834211108187651
    -0.6283185307179586    -0.5026548245743667  -0.001296715617989503
    -0.6283185307179586    -0.3769911184307753  -0.001988766482394339
    -0.6283185307179586    -0.2513274122871838  -0.002627096762834983
    -0.6283185307179586    -0.1256637061435919  -0.002867056808002533
    -0.6283185307179586                      0  -0.003796460060020494
    -0.6283185307179586     0.1256637061435919  -0.005380159926134519
    -0.6283185307179586     0.2513274122871834  -0.006252166645213787
    -0.6283185307179586     0.3769911184307753   -0.00604460164420441
    -0.6283185307179586     0.5026548245743672  -0.005388465222405938
    -0.6283185307179586     0.6283185307179582  -0.004282770074693069
    -0.6283185307179586     0.7539822368615501  -0.002161645711830218
    -0.6283185307179586     0.8796459430051424  0.0004705978748807092
    -0.6283185307179586      1.005309649148734   0.001834796523032379
    -0.6283185307179586      1.130973355292326  0.0009479968635917081
    -0.6283185307179586      1.256637061435917   -0.00128860363406204
    -0.6283185307179586      1.382300767579509  -0.003451926902377652
    -0.6283185307179586      1.507964473723101  -0.004643458033487923
    -0.6283185307179586      1.633628179866692   -0.00431659331126703
    -0.6283185307179586      1.759291886010284  -0.002628278622301401
    -0.6283185307179586      1.884955592153876 -0.0007674598648425091
    -0.6283185307179586      2.010619298297467  0.0001205374513143038
    -0.6283185307179586       2.13628300444106  6.569306081279653e-05
    -0.6283185307179586      2.261946710584651 -0.0001002192021346717
    -0.6283185307179586      2.387610416728243  5.126385422272767e-05
    -0.6283185307179586      2.513274122871834 -9.140959484065859e-05
    -0.6283185307179586      2.638937829015426  -0.001382823299281941
    -0.6283185307179586      2.764601535159018  -0.003102514585830506
    -0.6283185307179586      2.890265241302609  -0.002935573336150426
    -0.6283185307179586      3.015928947446201 -0.0001627489206104699
    -0.5026548245743667     -3.141592653589793   0.003003610424364654
    -0.5026548245743667     -3.015928947446201   0.009441391802750942
    -0.5026548245743667      -2.89026524130261    0.02203684350021491
    -0.5026548245743667     -2.764601535159018    0.03805221182949683
    -0.5026548245743667     -2.638937829015426    0.05098760231150443
    -0.5026548245743667     -2.513274122871834    0.05859087299507992
    -0.5026548245743667     -2.387610416728243    0.06154349069088928
    -0.5026548245743667     -2.261946710584651    0.05876480880237834
    -0.5026548245743667     -2.136283004441059    0.05280472672829542
    -0.5026548245743667     -2.010619298297468    0.04989241273305499
    -0.5026548245743667     -1.884955592153876    0.04872731621387753
    -0.5026548245743667     -1.759291886010284    0.04526740738805143
    -0.5026548245743667     -1.633628179866693    0.04639344685075403
    -0.5026548245743667     -1.507964473723101    0.05628574709373488
    -0.5026548245743667     -1.382300767579509    0.06059891782928167
    -0.5026548245743667     -1.256637061435917    0.04778867636918214
    -0.5026548245743667     -1.130973355292325    0.02801455805730517
    -0.5026548245743667     -1.005309649148733     0.0144732822104026
    -0.5026548245743667     -0.879645943005142   0.007120597741297202
    -0.5026548245743667    -0.7539822368615505   0.002181572072099994
    -0.5026548245743667    -0.6283185307179586 -0.0004578699784496078
    -0.5026548245743667    -0.5026548245743667  -0.001243602995012777
    -0.5026548245743667    -0.3769911184307753  -0.001634021348989395
    -0.5026548245743667    -0.2513274122871838  -0.001901378373567135
    -0.5026548245743667    -0.1256637061435919  -0.002261230563958149
    -0.5026548245743667                      0  -0.003335666030273285
    -0.5026548245743667     0.1256637061435919  -0.004596547937015895
    -0.5026548245743667     0.2513274122871834  -0.005004242085055535
    -0.5026548245743667     0.3769911184307753  -0.004664579565379082
    -0.5026548245743667     0.5026548245743672  -0.004081413792433817
    -0.5026548245743667     0.6283185307179582  -0.002818750216229203
    -0.5026548245743667     0.7539822368615501 -0.0002086997697083059
    -0.5026548245743667     0.8796459430051424   0.003067390960204372
    -0.5026548245743667      1.005309649148734   0.005015254098384481
    -0.5026548245743667      1.130973355292326   0.004239243626002604
    -0.5026548245743667      1.256637061435917    0.00137576142056156
    -0.5026548245743667      1.382300767579509  -0.001612521195182784
    -0.5026548245743667      1.507964473723101  -0.003184163351526486
    -0.5026548245743667      1.633628179866692  -0.003097755729792571
    -0.5026548245743667      1.759291886010284  -0.001970672073016552
    -0.5026548245743667      1.884955592153876 -0.0006367452713297292
    -0.5026548245743667      2.010619298297467  0.0001065823118722151
    -0.5026548245743667       2.13628300444106  4.173166195112979e-05
    -0.5026548245743667      2.261946710584651  -0.000130188091337143
    -0.5026548245743667      2.387610416728243  9.076949874150869e-05
    -0.5026548245743667      2.513274122871834  5.084615834221218e-07
    -0.5026548245743667      2.638937829015426  -0.001059916650847793
    -0.5026548245743667      2.764601535159018  -0.002185119656502986
    -0.5026548245743667      2.890265241302609  -0.001889754861152082
    -0.5026548245743667      3.015928947446201 -5.074956577974152e-05
    -0.3769911184307753     -3.141592653589793   0.002495005168502828
    -0.3769911184307753     -3.015928947446201   0.007173137809250004
    -0.3769911184307753      -2.89026524130261    0.01630559518050123
    -0.3769911184307753     -2.764601535159018    0.02810931766845651
    -0.3769911184307753     -2.638937829015426    0.03808178202685769
    -0.3769911184307753     -2.513274122871834    0.04377408797896119
    -0.3769911184307753     -2.387610416728243    0.04505849285318837
    -0.3769911184307753     -2.261946710584651    0.04215169413584752
    -0.3769911184307753     -2.136283004441059    0.03766768191570142
    -0.3769911184307753     -2.010619298297468    0.03532290378451937
    -0.3769911184307753     -1.884955592153876    0.03390617426777343
    -0.3769911184307753     -1.759291886010284    0.03123889848446966
    -0.3769911184307753     -1.633628179866693    0.03208103720773822
    -0.3769911184307753     -1.507964473723101    0.03906987197225159
    -0.3769911184307753     -1.382300767579509    0.04280512666894512
    -0.3769911184307753     -1.256637061435917    0.03505449613630252
    -0.3769911184307753     -1.130973355292325    0.02141478788621112
    -0.3769911184307753     -1.005309649148733    0.01098095957524005
    -0.3769911184307753     -0.879645943005142   0.005210477674253331
    -0.3769911184307753    -0.7539822368615505   0.001810075730066709
    -0.3769911184307753    -0.6283185307179586  -6.70593174661648e-05
    -0.3769911184307753    -0.5026548245743667 -0.0006793799709759257
    -0.3769911184307753    -0.3769911184307753 -0.0006734803299587811
    -0.3769911184307753    -0.2513274122871838 -0.0006548816279293904
    -0.3769911184307753    -0.1256637061435919  -0.001143363002433499
    -0.3769911184307753                      0  -0.002150996097761407
    -0.3769911184307753     0.1256637061435919  -0.002862715427152462
    -0.3769911184307753     0.2513274122871834   -0.00279285766007392
    -0.3769911184307753     0.3769911184307753  -0.002428966312049871
    -0.3769911184307753     0.5026548245743672  -0.001911417060739934
    -0.3769911184307753     0.6283185307179582 -0.0004232898490899704
    -0.3769911184307753     0.7539822368615501   0.002447977960336428
    -0.3769911184307753     0.8796459430051424   0.005750486638146689
    -0.3769911184307753      1.005309649148734   0.007769312601629332
    -0.3769911184307753      1.130973355292326   0.007220006733172713
    -0.3769911184307753      1.256637061435917   0.004326994301633009
    -0.3769911184307753      1.382300767579509  0.0009498594559037178
    -0.3769911184307753      1.507964473723101  -0.001031649268844956
    -0.3769911184307753      1.633628179866692  -0.001366021409451053
    -0.3769911184307753      1.759291886010284 -0.0008876278746619828
    -0.3769911184307753      1.884955592153876 -0.0002423035135967524
    -0.3769911184307753      2.010619298297467  0.0001403539032869038
    -0.3769911184307753       2.13628300444106  4.148844712939448e-05
    -0.3769911184307753      2.261946710584651 -0.0001117738450271582
    -0.3769911184307753      2.387610416728243  6.766022145194931e-05
    -0.3769911184307753      2.513274122871834  7.158762922235223e-05
    -0.3769911184307753      2.638937829015426 -0.0005449046473471157
    -0.3769911184307753      2.764601535159018  -0.001111636874009331
    -0.3769911184307753      2.890265241302609 -0.0007683036123901728
    -0.3769911184307753      3.015928947446201  0.0004258447098110011
    -0.2513274122871838     -3.141592653589793   0.002545854900484193
    -0.2513274122871838     -3.015928947446201   0.008513963490840307
    -0.2513274122871838      -2.89026524130261     0.0197214302729677
    -0.2513274122871838     -2.764601535159018    0.03397921422244321
    -0.2513274122871838     -2.638937829015426    0.04645434488349966
    -0.2513274122871838     -2.513274122871834    0.05350907384831775
    -0.2513274122871838     -2.387610416728243     0.0540307520094177
    -0.2513274122871838     -2.261946710584651    0.04929538992654117
    -0.2513274122871838     -2.136283004441059    0.04359705733003699
    -0.2513274122871838     -2.010619298297468    0.04056573009444298
    -0.2513274122871838     -1.884955592153876    0.03796175536237378
    -0.2513274122871838     -1.759291886010284    0.03383885948984398
    -0.2513274122871838     -1.633628179866693    0.03440593851987221
    -0.2513274122871838     -1.507964473723101    0.04288760382094296
    -0.2513274122871838     -1.382300767579509    0.04846973906163256
    -0.2513274122871838     -1.256637061435917    0.04096035304424619
    -0.2513274122871838     -1.130973355292325    0.02562792082528503
    -0.2513274122871838     -1.005309649148733      0.013037675013479
    -0.2513274122871838     -0.879645943005142   0.005994003643650095
    -0.2513274122871838    -0.7539822368615505   0.002054448342166138
    -0.2513274122871838    -0.6283185307179586 -0.0002908325927722938
    -0.2513274122871838    -0.5026548245743667  -0.001191210517075998
    -0.2513274122871838    -0.3769911184307753  -0.001020161958805389
    -0.2513274122871838    -0.2513274122871838 -0.0008254343699092908
    -0.2513274122871838    -0.1256637061435919  -0.001681562962085651
    -0.2513274122871838                      0  -0.003385932498793201
    -0.2513274122871838     0.1256637061435919  -0.004443687214951122
    -0.2513274122871838     0.2513274122871834   -0.00419214675556968
    -0.2513274122871838     0.3769911184307753  -0.003552587638179977
    -0.2513274122871838     0.5026548245743672  -0.002841032056879181
    -0.2513274122871838     0.6283185307179582 -0.0008814674531583953
    -0.2513274122871838     0.7539822368615501   0.002940514843895665
    -0.2513274122871838     0.8796459430051424    0.00734993250717236
    -0.2513274122871838      1.005309649148734    0.01008464793711225
    -0.2513274122871838      1.130973355292326   0.009432993610260201
    -0.2513274122871838      1.256637061435917   0.005638300075433844
    -0.2513274122871838      1.382300767579509   0.001173446264227998
    -0.2513274122871838      1.507964473723101  -0.001434979032956743
    -0.2513274122871838      1.633628179866692  -0.001884507608752242
    -0.2513274122871838      1.759291886010284  -0.001259415296448011
    -0.2513274122871838      1.884955592153876 -0.0003367233062525957
    -0.2513274122871838      2.010619298297467  0.0002246755452566629
    -0.2513274122871838       2.13628300444106  2.461647100718303e-05
    -0.2513274122871838      2.261946710584651 -0.0001996710192987033
    -0.2513274122871838      2.387610416728243  0.0001503844597714416
    -0.2513274122871838      2.513274122871834  0.0001390691675059056
    -0.2513274122871838      2.638937829015426 -0.0008054948666181652
    -0.2513274122871838      2.764601535159018  -0.001480574459099654
    -0.2513274122871838      2.890265241302609  -0.001001751405805459
    -0.2513274122871838      3.015928947446201   0.000182332054727894
    -0.1256637061435919     -3.141592653589793   0.002715039926956384
    -0.1256637061435919     -3.015928947446201    0.01162109902253516
    -0.1256637061435919      -2.89026524130261    0.02786094729528134
    -0.1256637061435919     -2.764601535159018    0.04811846455400499
    -0.1256637061435919     -2.638937829015426    0.06607415737033136
    -0.1256637061435919     -2.513274122871834    0.07630780403582725
    -0.1256637061435919     -2.387610416728243    0.07650295913139535
    -0.1256637061435919     -2.261946710584651    0.06894983339231352
    -0.1256637061435919     -2.136283004441059    0.06061561895994071
    -0.1256637061435919     -2.010619298297468    0.05627248312322999
    -0.1256637061435919     -1.884955592153876    0.05195940456168963
    -0.1256637061435919     -1.759291886010284    0.04513028792397696
    -0.1256637061435919     -1.633628179866693    0.04540206176814188
    -0.1256637061435919     -1.507964473723101    0.05774480569796385
    -0.1256637061435919     -1.382300767579509    0.06656608415898924
    -0.1256637061435919     -1.256637061435917     0.0568448558194749
    -0.1256637061435919     -1.130973355292325    0.03565389104801756
    -0.1256637061435919     -1.005309649148733    0.01801644379897217
    -0.1256637061435919     -0.879645943005142   0.008135541136910372
    -0.1256637061435919    -0.7539822368615505   0.002563247486562354
    -0.1256637061435919    -0.6283185307179586 -0.0009246537437548252
    -0.1256637061435919    -0.5026548245743667  -0.002414367735928619
    -0.1256637061435919    -0.3769911184307753  -0.002234595922835189
    -0.1256637061435919    -0.2513274122871838  -0.001923698864020098
    -0.1256637061435919    -0.1256637061435919  -0.003275395015203806
    -0.1256637061435919                      0  -0.006115717684045988
    -0.1256637061435919     0.1256637061435919  -0.008071907982436028
    -0.1256637061435919     0.2513274122871834  -0.007862900908109195
    -0.1256637061435919     0.3769911184307753  -0.006812242216852553
    -0.1256637061435919     0.5026548245743672  -0.005751122032567212
    -0.1256637061435919     0.6283185307179582  -0.003230581897753527
    -0.1256637061435919     0.7539822368615501   0.001878922553186046
    -0.1256637061435919     0.8796459430051424   0.008031282626156861
    -0.1256637061435919      1.005309649148734    0.01188848607224132
    -0.1256637061435919      1.130973355292326    0.01093524244334329
    -0.1256637061435919      1.256637061435917   0.005732429144907041
    -0.1256637061435919      1.382300767579509 -0.0001765262180205592
    -0.1256637061435919      1.507964473723101  -0.003481396187636171
    -0.1256637061435919      1.633628179866692  -0.003832675451040678
    -0.1256637061435919      1.759291886010284  -0.002560595563434344
    -0.1256637061435919      1.884955592153876 -0.0007538038649820794
    -0.1256637061435919      2.010619298297467  0.0003263053289176976
    -0.1256637061435919       2.13628300444106 -1.062599078799474e-05
    -0.1256637061435919      2.261946710584651 -0.0003515659424206052
    -0.1256637061435919      2.387610416728243  0.0003028766289108014
    -0.1256637061435919      2.513274122871834  0.0001965873134005731
    -0.1256637061435919      2.638937829015426  -0.001556359478421605
    -0.1256637061435919      2.764601535159018  -0.002735016917306493
    -0.1256637061435919      2.890265241302609  -0.002082273702909133
    -0.1256637061435919      3.015928947446201 -0.0006021094711672216
                      0     -3.141592653589793   0.002574142070357676
                      0     -3.015928947446201    0.01276762563006433
                      0      -2.89026524130261    0.03155221847025374
                      0     -2.764601535159018    0.05516427717859718
                      0     -2.638937829015426    0.07626304595273305
                      0     -2.513274122871834    0.08833215454380111
                      0     -2.387610416728243    0.08848663850147334
                      0     -2.261946710584651    0.07953147754783262
                      0     -2.136283004441059    0.06981635034281412
                      0     -2.010619298297468    0.06486803638576798
                      0     -1.884955592153876    0.05989412369477387
                      0     -1.759291886010284    0.05190852161748351
                      0     -1.633628179866693    0.05229245997441559
                      0     -1.507964473723101    0.06702941625284575
                      0     -1.382300767579509    0.07788322918353376
                      0     -1.256637061435917    0.06690934217496046
                      0     -1.130973355292325    0.04201382534284512
                      0     -1.005309649148733    0.02103378076581983
                      0     -0.879645943005142   0.009388074474244914
                      0    -0.7539822368615505   0.002959864610974223
                      0    -0.6283185307179586  -0.001181865103255069
                      0    -0.5026548245743667  -0.003032956600655314
                      0    -0.3769911184307753   -0.00279989398095582
                      0    -0.2513274122871838  -0.002421528735786464
                      0    -0.1256637061435919  -0.004080875396382131
                      0                      0  -0.007488786007825839
                      0     0.1256637061435919  -0.009891600924924811
                      0     0.2513274122871834  -0.009786215274833643
                      0     0.3769911184307753  -0.008569809205922875
                      0     0.5026548245743672   -0.00726834045682008
                      0     0.6283185307179582  -0.004434137573373518
                      0     0.7539822368615501   0.001270548201481197
                      0     0.8796459430051424   0.008245787623399082
                      0      1.005309649148734    0.01264227735087762
                      0      1.130973355292326    0.01156513682488006
                      0      1.256637061435917   0.005769150207696767
                      0      1.382300767579509 -0.0007785751563620909
                      0      1.507964473723101  -0.004490108364145859
                      0      1.633628179866692  -0.004860598567115684
                      0      1.759291886010284  -0.003211584031161452
                      0      1.884955592153876 -0.0009091349756499287
                      0      2.010619298297467  0.0003918156559976644
                      0       2.13628300444106 -4.090717531844803e-05
                      0      2.261946710584651 -0.0004210044909159216
                      0      2.387610416728243  0.0003791491524614588
                      0      2.513274122871834  0.0002074306481450157
                      0      2.638937829015426  -0.001955436357629996
                      0      2.764601535159018   -0.00342869629494472
                      0      2.890265241302609  -0.002737929296681719
                      0      3.015928947446201  -0.001122966138682804
     0.1256637061435919     -3.141592653589793   0.002784711435686744
     0.1256637061435919     -3.015928947446201    0.01317628834651976
     0.1256637061435919      -2.89026524130261    0.03313166985418643
     0.1256637061435919     -2.764601535159018      0.058696333011571
     0.1256637061435919     -2.638937829015426    0.08113519218744886
     0.1256637061435919     -2.513274122871834    0.09388631211424249
     0.1256637061435919     -2.387610416728243    0.09478399481870421
     0.1256637061435919     -2.261946710584651    0.08596111762504877
     0.1256637061435919     -2.136283004441059    0.07546153504300214
     0.1256637061435919     -2.010619298297468    0.07016476318350544
     0.1256637061435919     -1.884955592153876    0.06547432925743718
     0.1256637061435919     -1.759291886010284    0.05740115882116226
     0.1256637061435919     -1.633628179866693    0.05823538006434316
     0.1256637061435919     -1.507964473723101    0.07486177855967717
     0.1256637061435919     -1.382300767579509    0.08669460234046696
     0.1256637061435919     -1.256637061435917    0.07375842209973237
     0.1256637061435919     -1.130973355292325    0.04579204927041199
     0.1256637061435919     -1.005309649148733    0.02298912888849885
     0.1256637061435919     -0.879645943005142    0.01058326698976936
     0.1256637061435919    -0.7539822368615505   0.003557912801314193
     0.1256637061435919    -0.6283185307179586 -0.0009594557705278925
     0.1256637061435919    -0.5026548245743667  -0.002759581643410226
     0.1256637061435919    -0.3769911184307753  -0.002354675261663971
     0.1256637061435919    -0.2513274122871838  -0.002017178213597898
     0.1256637061435919    -0.1256637061435919  -0.003853935813222068
     0.1256637061435919                      0  -0.007333355962021143
     0.1256637061435919     0.1256637061435919  -0.009688915830758985
     0.1256637061435919     0.2513274122871834  -0.009565417439019976
     0.1256637061435919     0.3769911184307753  -0.008363516835361746
     0.1256637061435919     0.5026548245743672  -0.006991924398088865
     0.1256637061435919     0.6283185307179582  -0.004099893865968138
     0.1256637061435919     0.7539822368615501   0.001295883168961309
     0.1256637061435919     0.8796459430051424      0.007522330607594
     0.1256637061435919      1.005309649148734    0.01129983155732649
     0.1256637061435919      1.130973355292326    0.01037780708896764
     0.1256637061435919      1.256637061435917     0.0053846947306373
     0.1256637061435919      1.382300767579509  -0.000521585243912735
     0.1256637061435919      1.507964473723101  -0.004200217361783667
     0.1256637061435919      1.633628179866692  -0.004725826321662531
     0.1256637061435919      1.759291886010284  -0.003013663085873458
     0.1256637061435919      1.884955592153876 -0.0006681257521702818
     0.1256637061435919      2.010619298297467  0.0004856633893811274
     0.1256637061435919       2.13628300444106 -3.625991020621145e-05
     0.1256637061435919      2.261946710584651 -0.0004064992981547949
     0.1256637061435919      2.387610416728243  0.0003547646748436876
     0.1256637061435919      2.513274122871834  0.0001975359238243961
     0.1256637061435919      2.638937829015426  -0.001919040096894677
     0.1256637061435919      2.764601535159018  -0.003540123836263519
     0.1256637061435919      2.890265241302609  -0.002950198393316519
     0.1256637061435919      3.015928947446201  -0.001098548426210987
     0.2513274122871834     -3.141592653589793   0.004077124253219733
     0.2513274122871834     -3.015928947446201    0.01509969872667414
     0.2513274122871834      -2.89026524130261    0.03737511013335984
     0.2513274122871834     -2.764601535159018    0.06636815810243854
     0.2513274122871834     -2.638937829015426    0.09070792301318376
     0.2513274122871834     -2.513274122871834     0.1042864741387881
     0.2513274122871834     -2.387610416728243     0.1067271107887546
     0.2513274122871834     -2.261946710584651    0.09849652438145938
     0.2513274122871834     -2.136283004441059    0.08652186295583159
     0.2513274122871834     -2.010619298297468    0.08036550740822677
     0.2513274122871834     -1.884955592153876     0.0760995891945442
     0.2513274122871834     -1.759291886010284    0.06777779120932931
     0.2513274122871834     -1.633628179866693    0.06922496272110568
     0.2513274122871834     -1.507964473723101    0.08883620811883718
     0.2513274122871834     -1.382300767579509     0.1015791320040652
     0.2513274122871834     -1.256637061435917    0.08438541722517776
     0.2513274122871834     -1.130973355292325     0.0512681632220507
     0.2513274122871834     -1.005309649148733    0.02624465507048502
     0.2513274122871834     -0.879645943005142    0.01292748406009372
     0.2513274122871834    -0.7539822368615505   0.004695759704001735
     0.2513274122871834    -0.6283185307179586 -0.0003938492476187945
     0.2513274122871834    -0.5026548245743667  -0.001844674762480363
     0.2513274122871834    -0.3769911184307753  -0.001129530277952011
     0.2513274122871834    -0.2513274122871838 -0.0009094679545258895
     0.2513274122871834    -0.1256637061435919  -0.002961689868134195
     0.2513274122871834                      0  -0.006442380618497971
     0.2513274122871834     0.1256637061435919  -0.008511969831394357
     0.2513274122871834     0.2513274122871834  -0.008094074044558261
     0.2513274122871834     0.3769911184307753  -0.006888143880066647
     0.2513274122871834     0.5026548245743672  -0.005528763104034612
     0.2513274122871834     0.6283185307179582  -0.002482002051402519
     0.2513274122871834     0.7539822368615501   0.002447509135158168
     0.2513274122871834     0.8796459430051424   0.007135356433314513
     0.2513274122871834      1.005309649148734   0.009579527422423855
     0.2513274122871834      1.130973355292326   0.008963333461906971
     0.2513274122871834      1.256637061435917   0.005460441813196874
     0.2513274122871834      1.382300767579509  0.0006442915192710111
     0.2513274122871834      1.507964473723101  -0.002983321575373664
     0.2513274122871834      1.633628179866692  -0.003820716257316707
     0.2513274122871834      1.759291886010284  -0.002249300223040238
     0.2513274122871834      1.884955592153876 -0.0001330006153215409
     0.2513274122871834      2.010619298297467  0.0006611203025363904
     0.2513274122871834       2.13628300444106  1.943146706486455e-05
     0.2513274122871834      2.261946710584651  -0.000362587187310794
     0.2513274122871834      2.387610416728243  0.0002660628749125209
     0.2513274122871834      2.513274122871834  0.0002178372669208804
     0.2513274122871834      2.638937829015426  -0.001615201610792152
     0.2513274122871834      2.764601535159018   -0.00337273003843329
     0.2513274122871834      2.890265241302609  -0.002888420035734907
     0.2513274122871834      3.015928947446201 -0.0004228152172403223
     0.3769911184307753     -3.141592653589793   0.005823420023085512
     0.3769911184307753     -3.015928947446201    0.01681183850992278
     0.3769911184307753      -2.89026524130261    0.04035034685020568
     0.3769911184307753     -2.764601535159018    0.07171898782881511
     0.3769911184307753     -2.638937829015426    0.09717218736562888
     0.3769911184307753     -2.513274122871834     0.1110417172573066
     0.3769911184307753     -2.387610416728243     0.1148472354105205
     0.3769911184307753     -2.261946710584651     0.1075847777636275
     0.3769911184307753     -2.136283004441059    0.09468722716282708
     0.3769911184307753     -2.010619298297468    0.08785257621608281
     0.3769911184307753     -1.884955592153876    0.08427795698922225
     0.3769911184307753     -1.759291886010284    0.07653038744458548
     0.3769911184307753     -1.633628179866693    0.07885662150557253
     0.3769911184307753     -1.507964473723101     0.1004142375661907
     0.3769911184307753     -1.382300767579509     0.1133296079012699
     0.3769911184307753     -1.256637061435917    0.09272935867938986
     0.3769911184307753     -1.130973355292325    0.05572523754896411
     0.3769911184307753     -1.005309649148733    0.02898488533912715
     0.3769911184307753     -0.879645943005142    0.01497365372563275
     0.3769911184307753    -0.7539822368615505    0.00593152765228675
     0.3769911184307753    -0.6283185307179586  0.0005741655207114854
     0.3769911184307753    -0.5026548245743667 -0.0003923413909580713
     0.3769911184307753    -0.3769911184307753  0.0007514607815958521
     0.3769911184307753    -0.2513274122871838  0.0009197514388447087
     0.3769911184307753    -0.1256637061435919  -0.001282829121510262
     0.3769911184307753                      0   -0.00448970916367326
     0.3769911184307753     0.1256637061435919  -0.005863811425808432
     0.3769911184307753     0.2513274122871834  -0.004947586280483441
     0.3769911184307753     0.3769911184307753  -0.003817910741022557
     0.3769911184307753     0.5026548245743672  -0.002503094453129274
     0.3769911184307753     0.6283185307179582  0.0009829255181088509
     0.3769911184307753     0.7539822368615501   0.005896741909484752
     0.3769911184307753     0.8796459430051424   0.009415823741127196
     0.3769911184307753      1.005309649148734    0.01078023130511899
     0.3769911184307753      1.130973355292326    0.01049749712339585
     0.3769911184307753      1.256637061435917   0.008080925580846214
     0.3769911184307753      1.382300767579509   0.003705836628683523
     0.3769911184307753      1.507964473723101 -0.0003412973072284605
     0.3769911184307753      1.633628179866692  -0.001784991174660242
     0.3769911184307753      1.759291886010284 -0.0007655941107876547
     0.3769911184307753      1.884955592153876  0.0006363306907522599
     0.3769911184307753      2.010619298297467  0.0008274302031334107
     0.3769911184307753       2.13628300444106  0.0001027776800312567
     0.3769911184307753      2.261946710584651 -0.0002747755788688323
     0.3769911184307753      2.387610416728243   0.000120286627020533
     0.3769911184307753      2.513274122871834  0.0002584022946449124
     0.3769911184307753      2.638937829015426 -0.0009358481691162286
     0.3769911184307753      2.764601535159018  -0.002532455493789917
     0.3769911184307753      2.890265241302609  -0.002097782251514278
     0.3769911184307753      3.015928947446201  0.0009305888959282036
     0.5026548245743672     -3.141592653589793   0.007043595750065927
     0.5026548245743672     -3.015928947446201    0.01757409339862309
     0.5026548245743672      -2.89026524130261    0.04119449265269881
     0.5026548245743672     -2.764601535159018    0.07337600168686842
     0.5026548245743672     -2.638937829015426     0.0991770434305506
     0.5026548245743672     -2.513274122871834     0.1129701709500021
     0.5026548245743672     -2.387610416728243     0.1172880889239785
     0.5026548245743672     -2.261946710584651     0.1106074279836043
     0.5026548245743672     -2.136283004441059    0.09746295148244841
     0.5026548245743672     -2.010619298297468    0.09031855105726826
     0.5026548245743672     -1.884955592153876    0.08721073711750363
     0.5026548245743672     -1.759291886010284    0.08025508699675224
     0.5026548245743672     -1.633628179866693    0.08327973893404481
     0.5026548245743672     -1.507964473723101     0.1054132633000185
     0.5026548245743672     -1.382300767579509     0.1182467724336648
     0.5026548245743672     -1.256637061435917    0.09653289784597748
     0.5026548245743672     -1.130973355292325    0.05807837954880989
     0.5026548245743672     -1.005309649148733    0.03039952431278478
     0.5026548245743672     -0.879645943005142    0.01598856463393929
     0.5026548245743672    -0.7539822368615505   0.006755820823080411
     0.5026548245743672    -0.6283185307179586   0.001410785918269234
     0.5026548245743672    -0.5026548245743667  0.0007732762682244793
     0.5026548245743672    -0.3769911184307753   0.002301784409485484
     0.5026548245743672    -0.2513274122871838   0.002524212802552593
     0.5026548245743672    -0.1256637061435919  0.0002075109062945181
     0.5026548245743672                      0  -0.002742155778191745
     0.5026548245743672     0.1256637061435919  -0.003452759310117097
     0.5026548245743672     0.2513274122871834  -0.002083681453245823
     0.5026548245743672     0.3769911184307753   -0.00102582242101853
     0.5026548245743672     0.5026548245743672   0.000277923675679889
     0.5026548245743672     0.6283185307179582   0.004280594408714465
     0.5026548245743672     0.7539822368615501   0.009588335239463827
     0.5026548245743672     0.8796459430051424    0.01277921926012321
     0.5026548245743672      1.005309649148734    0.01375755073084464
     0.5026548245743672      1.130973355292326    0.01369749343411663
     0.5026548245743672      1.256637061435917    0.01157957057694883
     0.5026548245743672      1.382300767579509   0.006917113165772206
     0.5026548245743672      1.507964473723101   0.002209267533970139
     0.5026548245743672      1.633628179866692  0.0001644744108296316
     0.5026548245743672      1.759291886010284  0.0005874287411582718
     0.5026548245743672      1.884955592153876   0.001263912762113383
     0.5026548245743672      2.010619298297467  0.0009347876604963192
     0.5026548245743672       2.13628300444106  0.0001636896808869038
     0.5026548245743672      2.261946710584651 -0.0002030164838340318
     0.5026548245743672      2.387610416728243  7.097984920057665e-06
     0.5026548245743672      2.513274122871834  0.0003030564625625825
     0.5026548245743672      2.638937829015426 -0.0003024913872947669
     0.5026548245743672      2.764601535159018  -0.001602189656498808
     0.5026548245743672      2.890265241302609  -0.001154528971609666
     0.5026548245743672      3.015928947446201   0.002121310557407768
     0.6283185307179582     -3.141592653589793   0.008184909251321391
     0.6283185307179582     -3.015928947446201    0.02025016707847209
     0.6283185307179582      -2.89026524130261     0.0466233713456724
     0.6283185307179582     -2.764601535159018    0.08205596968806429
     0.6283185307179582     -2.638937829015426     0.1103434116987171
     0.6283185307179582     -2.513274122871834     0.1252915911772394
     0.6283185307179582     -2.387610416728243     0.1294854062311007
     0.6283185307179582     -2.261946710584651     0.1215255119289955
     0.6283185307179582     -2.136283004441059     0.1067094028085757
     0.6283185307179582     -2.010619298297468    0.09844569499414856
     0.6283185307179582     -1.884955592153876    0.09426863641500979
     0.6283185307179582     -1.759291886010284    0.08578267075432934
     0.6283185307179582     -1.633628179866693     0.0885906531800274
     0.6283185307179582     -1.507964473723101     0.1127961555496196
     0.6283185307179582     -1.382300767579509     0.1271193030596277
     0.6283185307179582     -1.256637061435917     0.1038876309134344
     0.6283185307179582     -1.130973355292325     0.0626243094180565
     0.6283185307179582     -1.005309649148733    0.03310651235372136
     0.6283185307179582     -0.879645943005142    0.01762493865960651
     0.6283185307179582    -0.7539822368615505    0.00743972272617734
     0.6283185307179582    -0.6283185307179586   0.001557240870863049
     0.6283185307179582    -0.5026548245743667  0.0009861329476046365
     0.6283185307179582    -0.3769911184307753   0.002832298082825989
     0.6283185307179582    -0.2513274122871838   0.003168650511148331
     0.6283185307179582    -0.1256637061435919   0.000472260017632523
     0.6283185307179582                      0  -0.003061415646269128
     0.6283185307179582     0.1256637061435919  -0.003810169591613971
     0.6283185307179582     0.2513274122871834   -0.00192053757688228
     0.6283185307179582     0.3769911184307753 -0.0005675685332151388
     0.6283185307179582     0.5026548245743672  0.0008079768140981081
     0.6283185307179582     0.6283185307179582   0.005355421444255441
     0.6283185307179582     0.7539822368615501    0.01142661518975014
     0.6283185307179582     0.8796459430051424    0.01486765114010521
     0.6283185307179582      1.005309649148734    0.01580511586650458
     0.6283185307179582      1.130973355292326    0.01581578454734562
     0.6283185307179582      1.256637061435917    0.01351761562888439
     0.6283185307179582      1.382300767579509    0.00823763610797862
     0.6283185307179582      1.507964473723101   0.002948909299498131
     0.6283185307179582      1.633628179866692  0.0006239002442996727
     0.6283185307179582      1.759291886010284  0.0009043455176060251
     0.6283185307179582      1.884955592153876    0.00148984327702045
     0.6283185307179582      2.010619298297467   0.001095241830883944
     0.6283185307179582       2.13628300444106  0.0002024900165370047
     0.6283185307179582      2.261946710584651 -0.0002572863299351154
     0.6283185307179582      2.387610416728243  1.914299794822955e-05
     0.6283185307179582      2.513274122871834  0.0004095932952124246
     0.6283185307179582      2.638937829015426 -0.0002257604640228427
     0.6283185307179582      2.764601535159018  -0.001550567897951413
     0.6283185307179582      2.890265241302609 -0.0009613674880621582
     0.6283185307179582      3.015928947446201   0.002621221374269707
     0.7539822368615501     -3.141592653589793    0.01044845918856334
     0.7539822368615501     -3.015928947446201    0.02528389208364963
     0.7539822368615501      -2.89026524130261    0.05618087624068646
     0.7539822368615501     -2.764601535159018    0.09655438386391979
     0.7539822368615501     -2.638937829015426     0.1284551778400271
     0.7539822368615501     -2.513274122871834     0.1449546646916787
     0.7539822368615501     -2.387610416728243     0.1486616584449213
     0.7539822368615501     -2.261946710584651     0.1384558793992849
     0.7539822368615501     -2.136283004441059     0.1208869778397929
     0.7539822368615501     -2.010619298297468     0.1106274874503127
     0.7539822368615501     -1.884955592153876     0.1043181759061721
     0.7539822368615501     -1.759291886010284    0.09296214801732805
     0.7539822368615501     -1.633628179866693     0.0950470538423801
     0.7539822368615501     -1.507964473723101     0.1221112713220664
     0.7539822368615501     -1.382300767579509      0.138500097039662
     0.7539822368615501     -1.256637061435917     0.1131553233326993
     0.7539822368615501     -1.130973355292325     0.0683921620516042
     0.7539822368615501     -1.005309649148733    0.03693191141275402
     0.7539822368615501     -0.879645943005142    0.02014461400658691
     0.7539822368615501    -0.7539822368615505    0.00845234437052768
     0.7539822368615501    -0.6283185307179586   0.001787227658380654
     0.7539822368615501    -0.5026548245743667   0.001443322633636764
     0.7539822368615501    -0.3769911184307753   0.003830431402890507
     0.7539822368615501    -0.2513274122871838   0.004377665397625853
     0.7539822368615501    -0.1256637061435919   0.001072221824992952
     0.7539822368615501                      0  -0.003481763412730429
     0.7539822368615501     0.1256637061435919  -0.004243976145468085
     0.7539822368615501     0.2513274122871834  -0.001285895088394087
     0.7539822368615501     0.3769911184307753    0.00063777505693905
     0.7539822368615501     0.5026548245743672   0.002049074440648238
     0.7539822368615501     0.6283185307179582   0.007528575549527171
     0.7539822368615501     0.7539822368615501    0.01499760736690442
     0.7539822368615501     0.8796459430051424    0.01888167906133007
     0.7539822368615501      1.005309649148734    0.01973336299521109
     0.7539822368615501      1.130973355292326    0.01986595247575422
     0.7539822368615501      1.256637061435917    0.01716651593344366
     0.7539822368615501      1.382300767579509    0.01071153302236107
     0.7539822368615501      1.507964473723101   0.004451792794499932
     0.7539822368615501      1.633628179866692   0.001677102668924738
     0.7539822368615501      1.759291886010284   0.001578749005410616
     0.7539822368615501      1.884955592153876   0.001869861644250006
     0.7539822368615501      2.010619298297467   0.001366438010839525
     0.7539822368615501       2.13628300444106  0.0002876527751262142
     0.7539822368615501      2.261946710584651  -0.000358018788337214
     0.7539822368615501      2.387610416728243  3.607471802320278e-05
     0.7539822368615501      2.513274122871834  0.0006260376282395592
     0.7539822368615501      2.638937829015426 -7.207409447668872e-06
     0.7539822368615501      2.764601535159018  -0.001275654675734845
     0.7539822368615501      2.890265241302609 -0.0003766360020099458
     0.7539822368615501      3.015928947446201   0.003715106220651514
     0.8796459430051424     -3.141592653589793    0.01350079280891807
     0.8796459430051424     -3.015928947446201    0.02885842633878085
     0.8796459430051424      -2.89026524130261    0.06062692124146682
     0.8796459430051424     -2.764601535159018     0.1020087842019727
     0.8796459430051424     -2.638937829015426     0.1342396474873832
     0.8796459430051424     -2.513274122871834     0.1502476475534171
     0.8796459430051424     -2.387610416728243      0.153320307811791
     0.8796459430051424     -2.261946710584651     0.1425834376304796
     0.8796459430051424     -2.136283004441059     0.1241852704275991
     0.8796459430051424     -2.010619298297468     0.1127269689389674
     0.8796459430051424     -1.884955592153876      0.105424991756382
     0.8796459430051424     -1.759291886010284    0.09370541854417172
     0.8796459430051424     -1.633628179866693     0.0957091183675409
     0.8796459430051424     -1.507964473723101     0.1224419441879782
     0.8796459430051424     -1.382300767579509     0.1384056045004387
     0.8796459430051424     -1.256637061435917      0.113140715105367
     0.8796459430051424     -1.130973355292325    0.06904729461021894
     0.8796459430051424     -1.005309649148733    0.03819181998250634
     0.8796459430051424     -0.879645943005142    0.02142133756407291
     0.8796459430051424    -0.7539822368615505   0.009489812980827246
     0.8796459430051424    -0.6283185307179586   0.002987614327256949
     0.8796459430051424    -0.5026548245743667   0.003318470010394708
     0.8796459430051424    -0.3769911184307753   0.006451519175500312
     0.8796459430051424    -0.2513274122871838   0.007281688434261401
     0.8796459430051424    -0.1256637061435919   0.003668780631303213
     0.8796459430051424                      0 -0.0009834777563926334
     0.8796459430051424     0.1256637061435919 -0.0006914138242004424
     0.8796459430051424     0.2513274122871834   0.003703913691007483
     0.8796459430051424     0.3769911184307753   0.005894968777504974
     0.8796459430051424     0.5026548245743672   0.007165996535611767
     0.8796459430051424     0.6283185307179582    0.01390868903498948
     0.8796459430051424     0.7539822368615501    0.02315921155525155
     0.8796459430051424     0.8796459430051424    0.02757596788227637
     0.8796459430051424      1.005309649148734    0.02843043977789501
     0.8796459430051424      1.130973355292326    0.02883389061981535
     0.8796459430051424      1.256637061435917    0.02546666709474073
     0.8796459430051424      1.382300767579509    0.01713595179798074
     0.8796459430051424      1.507964473723101   0.009273806456782423
     0.8796459430051424      1.633628179866692    0.00547199382519055
     0.8796459430051424      1.759291886010284   0.004021850998298177
     0.8796459430051424      1.884955592153876   0.002824018004020237
     0.8796459430051424      2.010619298297467   0.001582410427196685
     0.8796459430051424       2.13628300444106  0.0004359859759696352
     0.8796459430051424      2.261946710584651 -0.0003221934331991954
     0.8796459430051424      2.387610416728243 -0.0001074474511219982
     0.8796459430051424      2.513274122871834  0.0008552252728081194
     0.8796459430051424      2.638937829015426   0.001161016557245973
     0.8796459430051424      2.764601535159018   0.000662907594928789
     0.8796459430051424      2.890265241302609   0.001909980074415885
     0.8796459430051424      3.015928947446201   0.006331044483425661
      1.005309649148734     -3.141592653589793    0.01614454106236669
      1.005309649148734     -3.015928947446201    0.02933859612045275
      1.005309649148734      -2.89026524130261    0.05751540931595721
      1.005309649148734     -2.764601535159018     0.0950426244399625
      1.005309649148734     -2.638937829015426     0.1238451326676417
      1.005309649148734     -2.513274122871834     0.1374091411579937
      1.005309649148734     -2.387610416728243      0.140050235426381
      1.005309649148734     -2.261946710584651     0.1310393311054943
      1.005309649148734     -2.136283004441059     0.1144771755805143
      1.005309649148734     -2.010619298297468      0.103351130110243
      1.005309649148734     -1.884955592153876    0.09688705782738424
      1.005309649148734     -1.759291886010284    0.08796914030386008
      1.005309649148734     -1.633628179866693    0.09071419968639717
      1.005309649148734     -1.507964473723101     0.1134263303299672
      1.005309649148734     -1.382300767579509     0.1259979188651239
      1.005309649148734     -1.256637061435917     0.1030485042899223
      1.005309649148734     -1.130973355292325    0.06390205806276394
      1.005309649148734     -1.005309649148733    0.03607269650163555
      1.005309649148734     -0.879645943005142    0.02065083182085343
      1.005309649148734    -0.7539822368615505   0.009999140798509372
      1.005309649148734    -0.6283185307179586   0.004686388357929783
      1.005309649148734    -0.5026548245743667   0.005833881621858128
      1.005309649148734    -0.3769911184307753   0.009482300399476234
      1.005309649148734    -0.2513274122871838    0.01051901571847872
      1.005309649148734    -0.1256637061435919   0.007187118169370059
      1.005309649148734                      0   0.003620842393802356
      1.005309649148734     0.1256637061435919   0.005658166576854596
      1.005309649148734     0.2513274122871834     0.0111527496242834
      1.005309649148734     0.3769911184307753    0.01310707391727223
      1.005309649148734     0.5026548245743672    0.01410701621556025
      1.005309649148734     0.6283185307179582    0.02193810852886851
      1.005309649148734     0.7539822368615501    0.03280391825204267
      1.005309649148734     0.8796459430051424    0.03806419831631182
      1.005309649148734      1.005309649148734    0.03936947190283419
      1.005309649148734      1.130973355292326    0.03997657901615669
      1.005309649148734      1.256637061435917    0.03548575152398556
      1.005309649148734      1.382300767579509    0.02495824672275388
      1.005309649148734      1.507964473723101    0.01541704043077355
      1.005309649148734      1.633628179866692    0.01045938894808139
      1.005309649148734      1.759291886010284   0.007205036622418537
      1.005309649148734      1.884955592153876   0.003875124779322183
      1.005309649148734      2.010619298297467    0.00158953370652248
      1.005309649148734       2.13628300444106   0.000589559040874964
      1.005309649148734      2.261946710584651 -0.0001438283987848891
      1.005309649148734      2.387610416728243  -0.000367264633549505
      1.005309649148734      2.513274122871834  0.0009801167362919246
      1.005309649148734      2.638937829015426    0.00282769763738229
      1.005309649148734      2.764601535159018   0.003555059547932067
      1.005309649148734      2.890265241302609   0.005068022322642843
      1.005309649148734      3.015928947446201    0.00950314031507901
      1.130973355292326     -3.141592653589793    0.01910076437237599
      1.130973355292326     -3.015928947446201    0.03014839493217764
      1.130973355292326      -2.89026524130261    0.05445087854912962
      1.130973355292326     -2.764601535159018    0.08754917895888246
      1.130973355292326     -2.638937829015426     0.1123926274876427
      1.130973355292326     -2.513274122871834     0.1232503351073234
      1.130973355292326     -2.387610416728243     0.1254741965778111
      1.130973355292326     -2.261946710584651     0.1184515067071558
      1.130973355292326     -2.136283004441059     0.1040397589266444
      1.130973355292326     -2.010619298297468    0.09335553418396954
      1.130973355292326     -1.884955592153876    0.08779229695580962
      1.130973355292326     -1.759291886010284    0.08189949823882335
      1.130973355292326     -1.633628179866693    0.08530049670255724
      1.130973355292326     -1.507964473723101     0.1031845749710695
      1.130973355292326     -1.382300767579509     0.1115115718915405
      1.130973355292326     -1.256637061435917    0.09090727472234711
      1.130973355292326     -1.130973355292325    0.05749181628835416
      1.130973355292326     -1.005309649148733    0.03340065397803323
      1.130973355292326     -0.879645943005142    0.01959348706711071
      1.130973355292326    -0.7539822368615505    0.01032938400089344
      1.130973355292326    -0.6283185307179586   0.006375193742454119
      1.130973355292326    -0.5026548245743667   0.008387274133200097
      1.130973355292326    -0.3769911184307753    0.01241738097962907
      1.130973355292326    -0.2513274122871838    0.01362444372832495
      1.130973355292326    -0.1256637061435919    0.01074640852124424
      1.130973355292326                      0   0.008442272626875805
      1.130973355292326     0.1256637061435919    0.01228155235477114
      1.130973355292326     0.2513274122871834    0.01887117419765437
      1.130973355292326     0.3769911184307753    0.02055260809071718
      1.130973355292326     0.5026548245743672    0.02121467273150198
      1.130973355292326     0.6283185307179582    0.03013437346108012
      1.130973355292326     0.7539822368615501    0.04281445756331097
      1.130973355292326     0.8796459430051424    0.04928816869686224
      1.130973355292326      1.005309649148734    0.05132410297032768
      1.130973355292326      1.130973355292326    0.05203491543785949
      1.130973355292326      1.256637061435917    0.04597602057143315
      1.130973355292326      1.382300767579509    0.03286870922495574
      1.130973355292326      1.507964473723101    0.02159874434461411
      1.130973355292326      1.633628179866692    0.01554928798355323
      1.130973355292326      1.759291886010284    0.01040431965651928
      1.130973355292326      1.884955592153876   0.004831991892477374
      1.130973355292326      2.010619298297467   0.001538210020286459
      1.130973355292326       2.13628300444106  0.0007594945413183743
      1.130973355292326      2.261946710584651  4.689734956323828e-05
      1.130973355292326      2.387610416728243 -0.0006425949174502432
      1.130973355292326      2.513274122871834   0.001104389574010237
      1.130973355292326      2.638937829015426   0.004553381657838211
      1.130973355292326      2.764601535159018     0.0065893075225517
      1.130973355292326      2.890265241302609   0.008429675607099566
      1.130973355292326      3.015928947446201    0.01291590967750005
      1.256637061435917     -3.141592653589793    0.02248898563370964
      1.256637061435917     -3.015928947446201    0.03242851752781738
      1.256637061435917      -2.89026524130261    0.05403325133842132
      1.256637061435917     -2.764601535159018    0.08332034663052253
      1.256637061435917     -2.638937829015426     0.1042458396322539
      1.256637061435917     -2.513274122871834     0.1122209243015496
      1.256637061435917     -2.387610416728243     0.1136559393887538
      1.256637061435917     -2.261946710584651     0.1078908496222196
      1.256637061435917     -2.136283004441059    0.09479227537501249
      1.256637061435917     -2.010619298297468    0.08386416727525928
      1.256637061435917     -1.884955592153876    0.07814600455557591
      1.256637061435917     -1.759291886010284    0.07365250755573495
      1.256637061435917     -1.633628179866693     0.0768084735779218
      1.256637061435917     -1.507964473723101    0.09038540845539761
      1.256637061435917     -1.382300767579509    0.09498401904299103
      1.256637061435917     -1.256637061435917    0.07655632367406602
      1.256637061435917     -1.130973355292325    0.04938913835396638
      1.256637061435917     -1.005309649148733    0.03041691237667951
      1.256637061435917     -0.879645943005142    0.01886161043486832
      1.256637061435917    -0.7539822368615505    0.01063342546745778
      1.256637061435917    -0.6283185307179586   0.007850280694230508
      1.256637061435917    -0.5026548245743667    0.01092595602303519
      1.256637061435917    -0.3769911184307753    0.01547802243606787
      1.256637061435917    -0.2513274122871838     0.0168858816601601
      1.256637061435917    -0.1256637061435919    0.01425745360803242
      1.256637061435917                      0    0.01272211027327039
      1.256637061435917     0.1256637061435919    0.01819283796186448
      1.256637061435917     0.2513274122871834    0.02628721237559185
      1.256637061435917     0.3769911184307753      0.027985626812339
      1.256637061435917     0.5026548245743672    0.02819264833270152
      1.256637061435917     0.6283185307179582    0.03808675968798046
      1.256637061435917     0.7539822368615501    0.05229489688489693
      1.256637061435917     0.8796459430051424    0.05915841521975525
      1.256637061435917      1.005309649148734    0.06120309295062897
      1.256637061435917      1.130973355292326    0.06216460358784359
      1.256637061435917      1.256637061435917    0.05527164148508683
      1.256637061435917      1.382300767579509    0.04024809626902977
      1.256637061435917      1.507964473723101    0.02762775880887527
      1.256637061435917      1.633628179866692    0.02061417983633882
      1.256637061435917      1.759291886010284    0.01357759228577311
      1.256637061435917      1.884955592153876   0.005821024611271109
      1.256637061435917      2.010619298297467   0.001591670517306354
      1.256637061435917       2.13628300444106  0.0009518458725295642
      1.256637061435917      2.261946710584651  0.0001754937258174015
      1.256637061435917      2.387610416728243 -0.0008832737244311618
      1.256637061435917      2.513274122871834   0.001315244907964027
      1.256637061435917      2.638937829015426   0.006232134801585012
      1.256637061435917      2.764601535159018   0.009510862121805469
      1.256637061435917      2.890265241302609    0.01174115485090465
      1.256637061435917      3.015928947446201    0.01635333523590479
      1.382300767579509     -3.141592653589793    0.02218579954590309
      1.382300767579509     -3.015928947446201    0.03033954249419489
      1.382300767579509      -2.89026524130261    0.04757879971968268
      1.382300767579509     -2.764601535159018    0.07033858609256838
      1.382300767579509     -2.638937829015426    0.08509379927536855
      1.382300767579509     -2.513274122871834    0.08945532412293238
      1.382300767579509     -2.387610416728243    0.09039466439679447
      1.382300767579509     -2.261946710584651    0.08649735634963054
      1.382300767579509     -2.136283004441059    0.07564214882728858
      1.382300767579509     -2.010619298297468    0.06562644957333078
      1.382300767579509     -1.884955592153876    0.06029915744853274
      1.382300767579509     -1.759291886010284    0.05663161454363885
      1.382300767579509     -1.633628179866693    0.05871715756255907
      1.382300767579509     -1.507964473723101    0.06791755012306848
      1.382300767579509     -1.382300767579509    0.06933137576149148
      1.382300767579509     -1.256637061435917    0.05408147777317127
      1.382300767579509     -1.130973355292325    0.03509845892928476
      1.382300767579509     -1.005309649148733     0.0237248701699582
      1.382300767579509     -0.879645943005142    0.01613861078262865
      1.382300767579509    -0.7539822368615505   0.009500441085283737
      1.382300767579509    -0.6283185307179586   0.007826858287390825
      1.382300767579509    -0.5026548245743667    0.01154034910935483
      1.382300767579509    -0.3769911184307753    0.01596977723064178
      1.382300767579509    -0.2513274122871838    0.01727101799121653
      1.382300767579509    -0.1256637061435919    0.01507948731872445
      1.382300767579509                      0    0.01413986177808611
      1.382300767579509     0.1256637061435919    0.02004282914136313
      1.382300767579509     0.2513274122871834    0.02837476044382187
      1.382300767579509     0.3769911184307753      0.029976198315473
      1.382300767579509     0.5026548245743672    0.02968390000134889
      1.382300767579509     0.6283185307179582     0.0386426630014831
      1.382300767579509     0.7539822368615501    0.05121370142058994
      1.382300767579509     0.8796459430051424    0.05593993176061184
      1.382300767579509      1.005309649148734    0.05654662015058826
      1.382300767579509      1.130973355292326    0.05779189096703763
      1.382300767579509      1.256637061435917    0.05259105909752023
      1.382300767579509      1.382300767579509    0.03955461992700627
      1.382300767579509      1.507964473723101    0.02829897057483192
      1.382300767579509      1.633628179866692    0.02164734704566906
      1.382300767579509      1.759291886010284    0.01419246878705491
      1.382300767579509      1.884955592153876   0.005897122730794825
      1.382300767579509      2.010619298297467    0.00150455318550643
      1.382300767579509       2.13628300444106  0.0009836840582876541
      1.382300767579509      2.261946710584651  0.0002324679180589713
      1.382300767579509      2.387610416728243 -0.0009468796144610215
      1.382300767579509      2.513274122871834    0.00132570080656296
      1.382300767579509      2.638937829015426   0.006655636157678085
      1.382300767579509      2.764601535159018    0.01030304765338184
      1.382300767579509      2.890265241302609    0.01245585191225983
      1.382300767579509      3.015928947446201    0.01666536140568243
      1.507964473723101     -3.141592653589793    0.01684069929930464
      1.507964473723101     -3.015928947446201    0.02211497189199738
      1.507964473723101      -2.89026524130261     0.0333718167129632
      1.507964473723101     -2.764601535159018    0.04794072255046558
      1.507964473723101     -2.638937829015426    0.05603452457041058
      1.507964473723101     -2.513274122871834    0.05756283046208126
      1.507964473723101     -2.387610416728243    0.05898218878655231
      1.507964473723101     -2.261946710584651    0.05779712898857334
      1.507964473723101     -2.136283004441059     0.0505415565009114
      1.507964473723101     -2.010619298297468    0.04339936572940853
      1.507964473723101     -1.884955592153876    0.04014587411977256
      1.507964473723101     -1.759291886010284    0.03804415700617876
      1.507964473723101     -1.633628179866693    0.03933430358974609
      1.507964473723101     -1.507964473723101    0.04484215049028893
      1.507964473723101     -1.382300767579509    0.04403424698400352
      1.507964473723101     -1.256637061435917     0.0320939829764629
      1.507964473723101     -1.130973355292325    0.02014685507998524
      1.507964473723101     -1.005309649148733    0.01512445590076619
      1.507964473723101     -0.879645943005142    0.01139598570197256
      1.507964473723101    -0.7539822368615505   0.006808209041762744
      1.507964473723101    -0.6283185307179586   0.005977394156910949
      1.507964473723101    -0.5026548245743667    0.00924015235069996
      1.507964473723101    -0.3769911184307753    0.01244481949576613
      1.507964473723101    -0.2513274122871838     0.0132188013041168
      1.507964473723101    -0.1256637061435919    0.01188587752936466
      1.507964473723101                      0    0.01169032904233096
      1.507964473723101     0.1256637061435919    0.01640116259652955
      1.507964473723101     0.2513274122871834    0.02268497251088341
      1.507964473723101     0.3769911184307753    0.02374530703594212
      1.507964473723101     0.5026548245743672    0.02321256506007872
      1.507964473723101     0.6283185307179582    0.02925794372503975
      1.507964473723101     0.7539822368615501    0.03729558807260881
      1.507964473723101     0.8796459430051424    0.03890228019782718
      1.507964473723101      1.005309649148734    0.03797555640239551
      1.507964473723101      1.130973355292326    0.03913159751168213
      1.507964473723101      1.256637061435917      0.036859667960379
      1.507964473723101      1.382300767579509    0.02890844373094579
      1.507964473723101      1.507964473723101    0.02152071755358973
      1.507964473723101      1.633628179866692    0.01677778013848864
      1.507964473723101      1.759291886010284    0.01103511567435692
      1.507964473723101      1.884955592153876   0.004545643861149145
      1.507964473723101      2.010619298297467   0.001095803248755748
      1.507964473723101       2.13628300444106  0.0007717436710692658
      1.507964473723101      2.261946710584651  0.0002382244455241604
      1.507964473723101      2.387610416728243 -0.0007852235081334596
      1.507964473723101      2.513274122871834  0.0009673687891658324
      1.507964473723101      2.638937829015426   0.005254912826351568
      1.507964473723101      2.764601535159018   0.008057238848372963
      1.507964473723101      2.890265241302609   0.009542504199912981
      1.507964473723101      3.015928947446201    0.01277018990726467
      1.633628179866692     -3.141592653589793    0.01364220040976356
      1.633628179866692     -3.015928947446201    0.01732999487431377
      1.633628179866692      -2.89026524130261    0.02616725150913349
      1.633628179866692     -2.764601535159018    0.03840419549372655
      1.633628179866692     -2.638937829015426    0.04550251548000113
      1.633628179866692     -2.513274122871834    0.04727116554619815
      1.633628179866692     -2.387610416728243    0.04936490721264136
      1.633628179866692     -2.261946710584651     0.0493822856217711
      1.633628179866692     -2.136283004441059    0.04397347699786112
      1.633628179866692     -2.010619298297468    0.03868037112768687
      1.633628179866692     -1.884955592153876    0.03723741254000994
      1.633628179866692     -1.759291886010284    0.03704837666512843
      1.633628179866692     -1.633628179866693    0.03908242983345599
      1.633628179866692     -1.507964473723101    0.04366787603348023
      1.633628179866692     -1.382300767579509    0.04234621531012243
      1.633628179866692     -1.256637061435917    0.03121107761353869
      1.633628179866692     -1.130973355292325     0.0194322973988418
      1.633628179866692     -1.005309649148733    0.01343694001183535
      1.633628179866692     -0.879645943005142   0.009493362337421915
      1.633628179866692    -0.7539822368615505   0.005693950105382898
      1.633628179866692    -0.6283185307179586   0.005051072068586008
      1.633628179866692    -0.5026548245743667   0.007542861510688147
      1.633628179866692    -0.3769911184307753   0.009904208660979725
      1.633628179866692    -0.2513274122871838    0.01040678241975926
      1.633628179866692    -0.1256637061435919   0.009604503909951313
      1.633628179866692                      0    0.01000421162802596
      1.633628179866692     0.1256637061435919    0.01394727821941727
      1.633628179866692     0.2513274122871834    0.01857790348633216
      1.633628179866692     0.3769911184307753    0.01912873922740539
      1.633628179866692     0.5026548245743672    0.01878895348746049
      1.633628179866692     0.6283185307179582    0.02376109527377524
      1.633628179866692     0.7539822368615501    0.03049238373415051
      1.633628179866692     0.8796459430051424     0.0325015043844253
      1.633628179866692      1.005309649148734    0.03235073973112305
      1.633628179866692      1.130973355292326    0.03310119809563664
      1.633628179866692      1.256637061435917     0.0305967669728859
      1.633628179866692      1.382300767579509    0.02360784549611934
      1.633628179866692      1.507964473723101    0.01734125000242912
      1.633628179866692      1.633628179866692    0.01344737169609758
      1.633628179866692      1.759291886010284   0.008867923699804277
      1.633628179866692      1.884955592153876   0.003608154377735013
      1.633628179866692      2.010619298297467  0.0007766728022888057
      1.633628179866692       2.13628300444106  0.0006187865983732913
      1.633628179866692      2.261946710584651  0.0002632351961339777
      1.633628179866692      2.387610416728243 -0.0006862745489113611
      1.633628179866692      2.513274122871834  0.0006860383102588348
      1.633628179866692      2.638937829015426   0.004272226056751282
      1.633628179866692      2.764601535159018   0.006511423536548421
      1.633628179866692      2.890265241302609   0.007652254062566971
      1.633628179866692      3.015928947446201    0.01042866111313971
      1.759291886010284     -3.141592653589793    0.01689502504317233
      1.759291886010284     -3.015928947446201    0.02087668849030074
      1.759291886010284      -2.89026524130261    0.03183231996532484
      1.759291886010284     -2.764601535159018    0.04860917472538494
      1.759291886010284     -2.638937829015426    0.06022920215613758
      1.759291886010284     -2.513274122871834    0.06428682021798977
      1.759291886010284     -2.387610416728243     0.0667059664591103
      1.759291886010284     -2.261946710584651    0.06618961885131296
      1.759291886010284     -2.136283004441059    0.05986710148391549
      1.759291886010284     -2.010619298297468    0.05380606163730888
      1.759291886010284     -1.884955592153876      0.052784117342382
      1.759291886010284     -1.759291886010284    0.05449946687862301
      1.759291886010284     -1.633628179866693    0.05867122290423126
      1.759291886010284     -1.507964473723101    0.06449966330589593
      1.759291886010284     -1.382300767579509    0.06333059320418835
      1.759291886010284     -1.256637061435917     0.0500889572307716
      1.759291886010284     -1.130973355292325    0.03268623537209551
      1.759291886010284     -1.005309649148733    0.01994172500447341
      1.759291886010284     -0.879645943005142     0.0121529354253556
      1.759291886010284    -0.7539822368615505   0.007547411697037236
      1.759291886010284    -0.6283185307179586   0.006723040475525222
      1.759291886010284    -0.5026548245743667   0.009178983976910374
      1.759291886010284    -0.3769911184307753    0.01205759335826787
      1.759291886010284    -0.2513274122871838     0.0128597919602189
      1.759291886010284    -0.1256637061435919    0.01192513493366997
      1.759291886010284                      0    0.01277608004363941
      1.759291886010284     0.1256637061435919    0.01788177444653835
      1.759291886010284     0.2513274122871834    0.02321678985294215
      1.759291886010284     0.3769911184307753    0.02361469155284396
      1.759291886010284     0.5026548245743672     0.0236275506312005
      1.759291886010284     0.6283185307179582     0.0309117389516698
      1.759291886010284     0.7539822368615501    0.04160806404976047
      1.759291886010284     0.8796459430051424    0.04770958705869711
      1.759291886010284      1.005309649148734    0.05023821145677033
      1.759291886010284      1.130973355292326    0.05069444145345715
      1.759291886010284      1.256637061435917    0.04435811394947908
      1.759291886010284      1.382300767579509    0.03217365919754137
      1.759291886010284      1.507964473723101    0.02238666183766855
      1.759291886010284      1.633628179866692    0.01695050127850678
      1.759291886010284      1.759291886010284    0.01111749472285011
      1.759291886010284      1.884955592153876   0.004422483523645675
      1.759291886010284      2.010619298297467  0.0008370054889268932
      1.759291886010284       2.13628300444106   0.000739105687670578
      1.759291886010284      2.261946710584651  0.0003749399166458131
      1.759291886010284      2.387610416728243 -0.0008691522390973017
      1.759291886010284      2.513274122871834  0.0007851615653442759
      1.759291886010284      2.638937829015426   0.005365607958710642
      1.759291886010284      2.764601535159018   0.008367478951794642
      1.759291886010284      2.890265241302609   0.009923722376670748
      1.759291886010284      3.015928947446201    0.01330074317187373
      1.884955592153876     -3.141592653589793    0.02091834324050646
      1.884955592153876     -3.015928947446201    0.02426221115293137
      1.884955592153876      -2.89026524130261     0.0356753641062971
      1.884955592153876     -2.764601535159018    0.05487345900400052
      1.884955592153876     -2.638937829015426    0.06873944675139385
      1.884955592153876     -2.513274122871834    0.07362125262490705
      1.884955592153876     -2.387610416728243    0.07658869707134548
      1.884955592153876     -2.261946710584651    0.07677460741105344
      1.884955592153876     -2.136283004441059    0.07036694952819743
      1.884955592153876     -2.010619298297468    0.06375686910079656
      1.884955592153876     -1.884955592153876     0.0636827594020994
      1.884955592153876     -1.759291886010284    0.06824672085272275
      1.884955592153876     -1.633628179866693    0.07458728233265334
      1.884955592153876     -1.507964473723101    0.08006798999499243
      1.884955592153876     -1.382300767579509    0.07739224622561226
      1.884955592153876     -1.256637061435917     0.0623798834984251
      1.884955592153876     -1.130973355292325    0.04167311581515171
      1.884955592153876     -1.005309649148733    0.02465268360768959
      1.884955592153876     -0.879645943005142    0.01432474969516995
      1.884955592153876    -0.7539822368615505    0.00940533470036916
      1.884955592153876    -0.6283185307179586   0.008885212611244659
      1.884955592153876    -0.5026548245743667    0.01175707331266313
      1.884955592153876    -0.3769911184307753     0.0152562657846577
      1.884955592153876    -0.2513274122871838    0.01631914960523664
      1.884955592153876    -0.1256637061435919    0.01544393455414864
      1.884955592153876                      0     0.0172327094744892
      1.884955592153876     0.1256637061435919    0.02408193525654114
      1.884955592153876     0.2513274122871834    0.03044659721939062
      1.884955592153876     0.3769911184307753    0.03057906809789657
      1.884955592153876     0.5026548245743672    0.03072353334656203
      1.884955592153876     0.6283185307179582    0.04026881964608526
      1.884955592153876     0.7539822368615501    0.05462749680615379
      1.884955592153876     0.8796459430051424    0.06399611949374509
      1.884955592153876      1.005309649148734    0.06856713404132074
      1.884955592153876      1.130973355292326    0.06891317621011608
      1.884955592153876      1.256637061435917    0.05935121632936347
      1.884955592153876      1.382300767579509    0.04238062220683447
      1.884955592153876      1.507964473723101    0.02917615291434285
      1.884955592153876      1.633628179866692    0.02201205861745305
      1.884955592153876      1.759291886010284    0.01439060416345104
      1.884955592153876      1.884955592153876   0.005588339223787942
      1.884955592153876      2.010619298297467  0.0008967268437558301
      1.884955592153876       2.13628300444106  0.0009152011087655569
      1.884955592153876      2.261946710584651   0.000560183455791332
      1.884955592153876      2.387610416728243  -0.001153337195656598
      1.884955592153876      2.513274122871834  0.0009079281421024064
      1.884955592153876      2.638937829015426   0.007014776409333174
      1.884955592153876      2.764601535159018    0.01111775437940747
      1.884955592153876      2.890265241302609    0.01308948231629647
      1.884955592153876      3.015928947446201     0.0171053546365173
      2.010619298297467     -3.141592653589793    0.02268415315413154
      2.010619298297467     -3.015928947446201    0.02377862604517433
      2.010619298297467      -2.89026524130261    0.03197792769465264
      2.010619298297467     -2.764601535159018    0.04856020004510157
      2.010619298297467     -2.638937829015426    0.06085806041516138
      2.010619298297467     -2.513274122871834    0.06479855320408542
      2.010619298297467     -2.387610416728243    0.06783484046394975
      2.010619298297467     -2.261946710584651    0.06975535406147783
      2.010619298297467     -2.136283004441059    0.06545453154329989
      2.010619298297467     -2.010619298297468    0.05977588161349009
      2.010619298297467     -1.884955592153876    0.06136337127327394
      2.010619298297467     -1.759291886010284    0.06977252896031223
      2.010619298297467     -1.633628179866693    0.07778025813488942
      2.010619298297467     -1.507964473723101    0.07980424033869365
      2.010619298297467     -1.382300767579509    0.07397784233654864
      2.010619298297467     -1.256637061435917    0.06044053437078539
      2.010619298297467     -1.130973355292325    0.04187080211395509
      2.010619298297467     -1.005309649148733    0.02440785120969397
      2.010619298297467     -0.879645943005142    0.01362711686059699
      2.010619298297467    -0.7539822368615505   0.009819840921079185
      2.010619298297467    -0.6283185307179586    0.01030285459886787
      2.010619298297467    -0.5026548245743667     0.0133915495963728
      2.010619298297467    -0.3769911184307753    0.01697852913708302
      2.010619298297467    -0.2513274122871838    0.01816633238943558
      2.010619298297467    -0.1256637061435919    0.01780060907747575
      2.010619298297467                      0    0.02093807458901567
      2.010619298297467     0.1256637061435919     0.0291631919878002
      2.010619298297467     0.2513274122871834    0.03579282103382428
      2.010619298297467     0.3769911184307753    0.03542760375577259
      2.010619298297467     0.5026548245743672    0.03557240148566608
      2.010619298297467     0.6283185307179582    0.04629792288167141
      2.010619298297467     0.7539822368615501    0.06289538933970716
      2.010619298297467     0.8796459430051424    0.07495749730989673
      2.010619298297467      1.005309649148734    0.08150120483132409
      2.010619298297467      1.130973355292326    0.08161659135319642
      2.010619298297467      1.256637061435917    0.06930524225206128
      2.010619298297467      1.382300767579509    0.04889332183411448
      2.010619298297467      1.507964473723101    0.03358830590602223
      2.010619298297467      1.633628179866692    0.02543170659770917
      2.010619298297467      1.759291886010284    0.01652344838304492
      2.010619298297467      1.884955592153876   0.006147720669691766
      2.010619298297467      2.010619298297467  0.0007325251343381469
      2.010619298297467       2.13628300444106   0.001006583298105452
      2.010619298297467      2.261946710584651  0.0007505810145439152
      2.010619298297467      2.387610416728243  -0.001370799454830863
      2.010619298297467      2.513274122871834  0.0009010565201312995
      2.010619298297467      2.638937829015426   0.008202715415077709
      2.010619298297467      2.764601535159018    0.01327855434654645
      2.010619298297467      2.890265241302609    0.01547924730042772
      2.010619298297467      3.015928947446201    0.01951307585380897
       2.13628300444106     -3.141592653589793    0.02569336293441641
       2.13628300444106     -3.015928947446201    0.02555995460818081
       2.13628300444106      -2.89026524130261    0.03171783337864354
       2.13628300444106     -2.764601535159018    0.04697514049048287
       2.13628300444106     -2.638937829015426    0.05955358360515966
       2.13628300444106     -2.513274122871834    0.06334597364992046
       2.13628300444106     -2.387610416728243    0.06475061976468335
       2.13628300444106     -2.261946710584651    0.06626645142347942
       2.13628300444106     -2.136283004441059    0.06337107459384508
       2.13628300444106     -2.010619298297468    0.05786818426313666
       2.13628300444106     -1.884955592153876     0.0595205099932672
       2.13628300444106     -1.759291886010284    0.07083818256918384
       2.13628300444106     -1.633628179866693    0.08023114286530213
       2.13628300444106     -1.507964473723101    0.07839893703432853
       2.13628300444106     -1.382300767579509    0.07022068334254734
       2.13628300444106     -1.256637061435917    0.06036624467624847
       2.13628300444106     -1.130973355292325    0.04481617507782629
       2.13628300444106     -1.005309649148733    0.02562595265664599
       2.13628300444106     -0.879645943005142    0.01327126987525432
       2.13628300444106    -0.7539822368615505    0.01055470767003446
       2.13628300444106    -0.6283185307179586    0.01201988368864211
       2.13628300444106    -0.5026548245743667    0.01519945455819615
       2.13628300444106    -0.3769911184307753    0.01924466860631164
       2.13628300444106    -0.2513274122871838    0.02093621296608805
       2.13628300444106    -0.1256637061435919    0.02074830058335908
       2.13628300444106                      0    0.02469477997994455
       2.13628300444106     0.1256637061435919    0.03450752944486017
       2.13628300444106     0.2513274122871834    0.04214723804521552
       2.13628300444106     0.3769911184307753    0.04160596669503782
       2.13628300444106     0.5026548245743672     0.0419031898732979
       2.13628300444106     0.6283185307179582    0.05503656429605766
       2.13628300444106     0.7539822368615501    0.07633815643663418
       2.13628300444106     0.8796459430051424     0.0937421187180871
       2.13628300444106      1.005309649148734     0.1040087210999349
       2.13628300444106      1.130973355292326     0.1037102102098197
       2.13628300444106      1.256637061435917     0.0861695822940807
       2.13628300444106      1.382300767579509    0.05915389268879322
       2.13628300444106      1.507964473723101    0.03994021087612729
       2.13628300444106      1.633628179866692    0.03017495383566918
       2.13628300444106      1.759291886010284    0.01937295578243249
       2.13628300444106      1.884955592153876   0.006882134553343893
       2.13628300444106      2.010619298297467  0.0006445730126083501
       2.13628300444106       2.13628300444106   0.001140446028690992
       2.13628300444106      2.261946710584651  0.0008781117557961181
       2.13628300444106      2.387610416728243  -0.001565110539314445
       2.13628300444106      2.513274122871834   0.001057543169365504
       2.13628300444106      2.638937829015426   0.009705253490102539
       2.13628300444106      2.764601535159018    0.01620627774599363
       2.13628300444106      2.890265241302609    0.01903149784090197
       2.13628300444106      3.015928947446201    0.02298780627904419
      2.261946710584651     -3.141592653589793    0.02832950101337912
      2.261946710584651     -3.015928947446201    0.02850729262067675
      2.261946710584651      -2.89026524130261    0.03487067184990125
      2.261946710584651     -2.764601535159018    0.05077041219760192
      2.261946710584651     -2.638937829015426    0.06484190701205744
      2.261946710584651     -2.513274122871834    0.06909010871089495
      2.261946710584651     -2.387610416728243    0.06872215076323675
      2.261946710584651     -2.261946710584651    0.06865193480337783
      2.261946710584651     -2.136283004441059     0.0657044088803742
      2.261946710584651     -2.010619298297468    0.05957032937772926
      2.261946710584651     -1.884955592153876    0.06009864667248407
      2.261946710584651     -1.759291886010284    0.07197839107624897
      2.261946710584651     -1.633628179866693      0.081788888645902
      2.261946710584651     -1.507964473723101    0.07813211272607561
      2.261946710584651     -1.382300767579509    0.06936683635674909
      2.261946710584651     -1.256637061435917     0.0621846451610413
      2.261946710584651     -1.130973355292325    0.04826070355651049
      2.261946710584651     -1.005309649148733    0.02746821212579331
      2.261946710584651     -0.879645943005142    0.01365220806739309
      2.261946710584651    -0.7539822368615505    0.01126100428870142
      2.261946710584651    -0.6283185307179586    0.01312393006938625
      2.261946710584651    -0.5026548245743667    0.01636927401201771
      2.261946710584651    -0.3769911184307753    0.02093914726969448
      2.261946710584651    -0.2513274122871838    0.02311342256195563
      2.261946710584651    -0.1256637061435919    0.02275804274687245
      2.261946710584651                      0    0.02670113591035097
      2.261946710584651     0.1256637061435919    0.03747615373208175
      2.261946710584651     0.2513274122871834    0.04623109313186605
      2.261946710584651     0.3769911184307753    0.04585809030903912
      2.261946710584651     0.5026548245743672    0.04629330703723638
      2.261946710584651     0.6283185307179582    0.06143155012552196
      2.261946710584651     0.7539822368615501    0.08659672633573534
      2.261946710584651     0.8796459430051424     0.1080647543016881
      2.261946710584651      1.005309649148734     0.1210392879076428
      2.261946710584651      1.130973355292326     0.1204749023496077
      2.261946710584651      1.256637061435917    0.09899802458773482
      2.261946710584651      1.382300767579509    0.06684792439514338
      2.261946710584651      1.507964473723101    0.04457174819304028
      2.261946710584651      1.633628179866692    0.03358391690261558
      2.261946710584651      1.759291886010284    0.02139437412397029
      2.261946710584651      1.884955592153876    0.00744000570023697
      2.261946710584651      2.010619298297467  0.0006862447856077935
      2.261946710584651       2.13628300444106    0.00125052532816945
      2.261946710584651      2.261946710584651  0.0008989575802803794
      2.261946710584651      2.387610416728243  -0.001657658628740393
      2.261946710584651      2.513274122871834   0.001261691352175397
      2.261946710584651      2.638937829015426    0.01071703217946986
      2.261946710584651      2.764601535159018    0.01821429929179652
      2.261946710584651      2.890265241302609    0.02161508461336079
      2.261946710584651      3.015928947446201    0.02557529242588544
      2.387610416728243     -3.141592653589793    0.02701213320981627
      2.387610416728243     -3.015928947446201    0.02747317679533462
      2.387610416728243      -2.89026524130261    0.03364408087287117
      2.387610416728243     -2.764601535159018    0.04858105522987204
      2.387610416728243     -2.638937829015426    0.06181694291629766
      2.387610416728243     -2.513274122871834    0.06579209850270477
      2.387610416728243     -2.387610416728243    0.06522532807786766
      2.387610416728243     -2.261946710584651    0.06494998893218386
      2.387610416728243     -2.136283004441059    0.06215146291650765
      2.387610416728243     -2.010619298297468    0.05627035319410648
      2.387610416728243     -1.884955592153876    0.05648706705683235
      2.387610416728243     -1.759291886010284    0.06746775702441495
      2.387610416728243     -1.633628179866693    0.07651182171577123
      2.387610416728243     -1.507964473723101    0.07267340010144853
      2.387610416728243     -1.382300767579509    0.06411915682831995
      2.387610416728243     -1.256637061435917    0.05755611757174887
      2.387610416728243     -1.130973355292325    0.04495942943549229
      2.387610416728243     -1.005309649148733    0.02572954254329188
      2.387610416728243     -0.879645943005142    0.01277889815060649
      2.387610416728243    -0.7539822368615505    0.01052161590992211
      2.387610416728243    -0.6283185307179586    0.01233005203330163
      2.387610416728243    -0.5026548245743667    0.01540352147301478
      2.387610416728243    -0.3769911184307753    0.01967225069217761
      2.387610416728243    -0.2513274122871838    0.02174119902681585
      2.387610416728243    -0.1256637061435919    0.02144581533892143
      2.387610416728243                      0    0.02512769400716384
      2.387610416728243     0.1256637061435919    0.03527897306746979
      2.387610416728243     0.2513274122871834    0.04362913434257864
      2.387610416728243     0.3769911184307753    0.04332958406124313
      2.387610416728243     0.5026548245743672    0.04371053632239703
      2.387610416728243     0.6283185307179582    0.05807959424666581
      2.387610416728243     0.7539822368615501    0.08213366538985449
      2.387610416728243     0.8796459430051424     0.1027939786399131
      2.387610416728243      1.005309649148734     0.1153106508099584
      2.387610416728243      1.130973355292326     0.1147059463222786
      2.387610416728243      1.256637061435917    0.09400844291471411
      2.387610416728243      1.382300767579509    0.06323130530007839
      2.387610416728243      1.507964473723101    0.04208030986422298
      2.387610416728243      1.633628179866692    0.03173659016317466
      2.387610416728243      1.759291886010284    0.02017098373514706
      2.387610416728243      1.884955592153876   0.006949758423264487
      2.387610416728243      2.010619298297467  0.0006302565808385023
      2.387610416728243       2.13628300444106   0.001191949327815991
      2.387610416728243      2.261946710584651  0.0008362982410808088
      2.387610416728243      2.387610416728243  -0.001558662036636389
      2.387610416728243      2.513274122871834   0.001213672920649371
      2.387610416728243      2.638937829015426    0.01012514765865211
      2.387610416728243      2.764601535159018    0.01725666399791425
      2.387610416728243      2.890265241302609    0.02054557179180529
      2.387610416728243      3.015928947446201    0.02429604362699584
      2.513274122871834     -3.141592653589793    0.02623405483774251
      2.513274122871834     -3.015928947446201    0.02725126569238891
      2.513274122871834      -2.89026524130261    0.03405796470959115
      2.513274122871834     -2.764601535159018    0.04974572365184846
      2.513274122871834     -2.638937829015426    0.06440061073226627
      2.513274122871834     -2.513274122871834    0.06942192917228918
      2.513274122871834     -2.387610416728243    0.06823442178493225
      2.513274122871834     -2.261946710584651    0.06683642909058568
      2.513274122871834     -2.136283004441059    0.06391565704675774
      2.513274122871834     -2.010619298297468    0.05816106340600685
      2.513274122871834     -1.884955592153876    0.05791741635820467
      2.513274122871834     -1.759291886010284    0.06848090888440567
      2.513274122871834     -1.633628179866693    0.07746372400738008
      2.513274122871834     -1.507964473723101    0.07377743671842699
      2.513274122871834     -1.382300767579509    0.06599777270224058
      2.513274122871834     -1.256637061435917    0.06037012957959982
      2.513274122871834     -1.130973355292325    0.04732503738522185
      2.513274122871834     -1.005309649148733     0.0264455307990946
      2.513274122871834     -0.879645943005142    0.01248804846823787
      2.513274122871834    -0.7539822368615505    0.01020313825425919
      2.513274122871834    -0.6283185307179586    0.01184212769396389
      2.513274122871834    -0.5026548245743667    0.01442090332163827
      2.513274122871834    -0.3769911184307753    0.01847095567632663
      2.513274122871834    -0.2513274122871838    0.02061099843033022
      2.513274122871834    -0.1256637061435919    0.02029377928003789
      2.513274122871834                      0    0.02368980911460244
      2.513274122871834     0.1256637061435919    0.03335570583202285
      2.513274122871834     0.2513274122871834    0.04134503933219261
      2.513274122871834     0.3769911184307753    0.04109686071955228
      2.513274122871834     0.5026548245743672    0.04167427402572518
      2.513274122871834     0.6283185307179582    0.05618416502455559
      2.513274122871834     0.7539822368615501    0.08097924813150501
      2.513274122871834     0.8796459430051424     0.1032789208946208
      2.513274122871834      1.005309649148734     0.1170817696563266
      2.513274122871834      1.130973355292326     0.1161552978482528
      2.513274122871834      1.256637061435917    0.09401389202258854
      2.513274122871834      1.382300767579509    0.06203588466499577
      2.513274122871834      1.507964473723101    0.04052497802099607
      2.513274122871834      1.633628179866692    0.03036350764305935
      2.513274122871834      1.759291886010284    0.01919332184869253
      2.513274122871834      1.884955592153876   0.006488526490096973
      2.513274122871834      2.010619298297467  0.0005487622817255878
      2.513274122871834       2.13628300444106   0.001138704023345314
      2.513274122871834      2.261946710584651  0.0007753217110272844
      2.513274122871834      2.387610416728243   -0.00146336228769207
      2.513274122871834      2.513274122871834   0.001186456416642874
      2.513274122871834      2.638937829015426   0.009643863439863256
      2.513274122871834      2.764601535159018    0.01660974297825144
      2.513274122871834      2.890265241302609    0.01997637254737064
      2.513274122871834      3.015928947446201    0.02354796180528706
      2.638937829015426     -3.141592653589793    0.02855421482799114
      2.638937829015426     -3.015928947446201    0.03069277558001395
      2.638937829015426      -2.89026524130261    0.03981784075604242
      2.638937829015426     -2.764601535159018     0.0601136288540293
      2.638937829015426     -2.638937829015426    0.08154843611886167
      2.638937829015426     -2.513274122871834     0.0903397347982345
      2.638937829015426     -2.387610416728243    0.08649989810279103
      2.638937829015426     -2.261946710584651    0.08115775272765927
      2.638937829015426     -2.136283004441059    0.07742831896248588
      2.638937829015426     -2.010619298297468    0.07098240173002149
      2.638937829015426     -1.884955592153876    0.06922341221239524
      2.638937829015426     -1.759291886010284    0.08074109077772031
      2.638937829015426     -1.633628179866693    0.09141314808744153
      2.638937829015426     -1.507964473723101    0.08750325746581672
      2.638937829015426     -1.382300767579509    0.08140095776807751
      2.638937829015426     -1.256637061435917    0.07916601948690399
      2.638937829015426     -1.130973355292325    0.06325355348047679
      2.638937829015426     -1.005309649148733    0.03338531740413021
      2.638937829015426     -0.879645943005142    0.01383552698952003
      2.638937829015426    -0.7539822368615505    0.01143103018636559
      2.638937829015426    -0.6283185307179586    0.01294638651018941
      2.638937829015426    -0.5026548245743667    0.01457289523562523
      2.638937829015426    -0.3769911184307753    0.01911306387742238
      2.638937829015426    -0.2513274122871838    0.02204102009795288
      2.638937829015426    -0.1256637061435919    0.02131933850801547
      2.638937829015426                      0    0.02436156290735897
      2.638937829015426     0.1256637061435919    0.03466404864259917
      2.638937829015426     0.2513274122871834    0.04334583933315629
      2.638937829015426     0.3769911184307753    0.04324114127235068
      2.638937829015426     0.5026548245743672    0.04458769627461468
      2.638937829015426     0.6283185307179582    0.06250064676637464
      2.638937829015426     0.7539822368615501    0.09426041599852832
      2.638937829015426     0.8796459430051424     0.1253679567424403
      2.638937829015426      1.005309649148734      0.145379271094757
      2.638937829015426      1.130973355292326     0.1435364777929402
      2.638937829015426      1.256637061435917     0.1133011573654909
      2.638937829015426      1.382300767579509    0.07176348974428111
      2.638937829015426      1.507964473723101    0.04479441532645471
      2.638937829015426      1.633628179866692    0.03288668503060712
      2.638937829015426      1.759291886010284    0.02053138214101539
      2.638937829015426      1.884955592153876   0.006705291112554777
      2.638937829015426      2.010619298297467  0.0005075921209732181
      2.638937829015426       2.13628300444106   0.001185941362251044
      2.638937829015426      2.261946710584651   0.000744436966691543
      2.638937829015426      2.387610416728243  -0.001465089472852892
      2.638937829015426      2.513274122871834   0.001365166201597565
      2.638937829015426      2.638937829015426    0.01026536180273275
      2.638937829015426      2.764601535159018    0.01822555133488005
      2.638937829015426      2.890265241302609    0.02242069219558847
      2.638937829015426      3.015928947446201     0.0258953888354672
      2.764601535159018     -3.141592653589793    0.02700322050934209
      2.764601535159018     -3.015928947446201    0.02934686145454364
      2.764601535159018      -2.89026524130261    0.03906450415253993
      2.764601535159018     -2.764601535159018    0.06152967037581219
      2.764601535159018     -2.638937829015426    0.08780832798798113
      2.764601535159018     -2.513274122871834    0.09992263038367692
      2.764601535159018     -2.387610416728243    0.09413191904578962
      2.764601535159018     -2.261946710584651    0.08581109029868944
      2.764601535159018     -2.136283004441059     0.0823369142550999
      2.764601535159018     -2.010619298297468    0.07656366037931632
      2.764601535159018     -1.884955592153876    0.07432684957881559
      2.764601535159018     -1.759291886010284    0.08676790205099587
      2.764601535159018     -1.633628179866693    0.09870614755566529
      2.764601535159018     -1.507964473723101    0.09476299162790851
      2.764601535159018     -1.382300767579509    0.09082218286422065
      2.764601535159018     -1.256637061435917    0.09235138884698887
      2.764601535159018     -1.130973355292325    0.07445652191608781
      2.764601535159018     -1.005309649148733    0.03715845597544448
      2.764601535159018     -0.879645943005142    0.01332175922400828
      2.764601535159018    -0.7539822368615505    0.01129241974510851
      2.764601535159018    -0.6283185307179586    0.01258598434718921
      2.764601535159018    -0.5026548245743667    0.01274295775163979
      2.764601535159018    -0.3769911184307753    0.01703520014140007
      2.764601535159018    -0.2513274122871838    0.02038824994248837
      2.764601535159018    -0.1256637061435919    0.01953289903577567
      2.764601535159018                      0    0.02223080285517989
      2.764601535159018     0.1256637061435919    0.03196360422987916
      2.764601535159018     0.2513274122871834     0.0398357917534021
      2.764601535159018     0.3769911184307753    0.03963865212490537
      2.764601535159018     0.5026548245743672    0.04176325329352781
      2.764601535159018     0.6283185307179582    0.06114077542672416
      2.764601535159018     0.7539822368615501    0.09665431454141796
      2.764601535159018     0.8796459430051424     0.1341893433658209
      2.764601535159018      1.005309649148734     0.1591137693155527
      2.764601535159018      1.130973355292326     0.1563286745982756
      2.764601535159018      1.256637061435917     0.1204145569479856
      2.764601535159018      1.382300767579509    0.07319188696241911
      2.764601535159018      1.507964473723101    0.04345901168925476
      2.764601535159018      1.633628179866692     0.0311427163889779
      2.764601535159018      1.759291886010284    0.01917977939817462
      2.764601535159018      1.884955592153876   0.005962941792432164
      2.764601535159018      2.010619298297467  0.0002876117199353118
      2.764601535159018       2.13628300444106   0.001061207942350639
      2.764601535159018      2.261946710584651  0.0006652031056886608
      2.764601535159018      2.387610416728243  -0.001300565196671728
      2.764601535159018      2.513274122871834   0.001296399144611003
      2.764601535159018      2.638937829015426    0.00957698771712618
      2.764601535159018      2.764601535159018    0.01759213433701589
      2.764601535159018      2.890265241302609    0.02209534712799949
      2.764601535159018      3.015928947446201    0.02499318693640036
      2.890265241302609     -3.141592653589793    0.01923313562872642
      2.890265241302609     -3.015928947446201    0.02129078182547394
      2.890265241302609      -2.89026524130261    0.02987219540970855
      2.890265241302609     -2.764601535159018    0.04970817460693302
      2.890265241302609     -2.638937829015426    0.07376763315902859
      2.890265241302609     -2.513274122871834    0.08592913248282354
      2.890265241302609     -2.387610416728243    0.08153470312332238
      2.890265241302609     -2.261946710584651      0.074091512826923
      2.890265241302609     -2.136283004441059    0.07147353934997853
      2.890265241302609     -2.010619298297468    0.06774490942278276
      2.890265241302609     -1.884955592153876    0.06664551223666228
      2.890265241302609     -1.759291886010284    0.07723295225763181
      2.890265241302609     -1.633628179866693    0.08769623928456295
      2.890265241302609     -1.507964473723101    0.08584433681279666
      2.890265241302609     -1.382300767579509    0.08412716306073259
      2.890265241302609     -1.256637061435917    0.08506315313686226
      2.890265241302609     -1.130973355292325    0.06698923524409034
      2.890265241302609     -1.005309649148733      0.032070669973754
      2.890265241302609     -0.879645943005142    0.01040750371268035
      2.890265241302609    -0.7539822368615505   0.008572096069119468
      2.890265241302609    -0.6283185307179586   0.009147681355732185
      2.890265241302609    -0.5026548245743667   0.008154458641714863
      2.890265241302609    -0.3769911184307753    0.01091528604837822
      2.890265241302609    -0.2513274122871838    0.01351191109972193
      2.890265241302609    -0.1256637061435919    0.01300051836442493
      2.890265241302609                      0     0.0151213065299558
      2.890265241302609     0.1256637061435919    0.02189791438019489
      2.890265241302609     0.2513274122871834    0.02677179831817158
      2.890265241302609     0.3769911184307753    0.02635491280216862
      2.890265241302609     0.5026548245743672    0.02852694290580184
      2.890265241302609     0.6283185307179582    0.04386970045048611
      2.890265241302609     0.7539822368615501    0.07276512894468168
      2.890265241302609     0.8796459430051424     0.1052762281789075
      2.890265241302609      1.005309649148734     0.1273470860209431
      2.890265241302609      1.130973355292326     0.1244774871704203
      2.890265241302609      1.256637061435917    0.09369274024325162
      2.890265241302609      1.382300767579509    0.05467685261356939
      2.890265241302609      1.507964473723101     0.0307154802615279
      2.890265241302609      1.633628179866692    0.02138233894951969
      2.890265241302609      1.759291886010284    0.01300017293599637
      2.890265241302609      1.884955592153876   0.003789565394186245
      2.890265241302609      2.010619298297467   -7.6492069465031e-06
      2.890265241302609       2.13628300444106  0.0007036246480899748
      2.890265241302609      2.261946710584651   0.000483779340354642
      2.890265241302609      2.387610416728243 -0.0008863813619940861
      2.890265241302609      2.513274122871834  0.0008321009268181144
      2.890265241302609      2.638937829015426    0.00652040277750222
      2.890265241302609      2.764601535159018    0.01231058231746799
      2.890265241302609      2.890265241302609    0.01579773088652688
      2.890265241302609      3.015928947446201    0.01789724202175945
      3.015928947446201     -3.141592653589793    0.01264021184392073
      3.015928947446201     -3.015928947446201    0.01587375807344286
      3.015928947446201      -2.89026524130261    0.02530686233132716
      3.015928947446201     -2.764601535159018    0.04282094816657929
      3.015928947446201     -2.638937829015426      0.061502924684649
      3.015928947446201     -2.513274122871834    0.07129041912218026
      3.015928947446201     -2.387610416728243    0.07021096781623294
      3.015928947446201     -2.261946710584651    0.06536853760714786
      3.015928947446201     -2.136283004441059    0.06174873767624718
      3.015928947446201     -2.010619298297468     0.0585477917968403
      3.015928947446201     -1.884955592153876    0.05790993018802639
      3.015928947446201     -1.759291886010284    0.06336569243520437
      3.015928947446201     -1.633628179866693     0.0702308558701491
      3.015928947446201     -1.507964473723101    0.07287548946524738
      3.015928947446201     -1.382300767579509    0.07317105873992684
      3.015928947446201     -1.256637061435917      0.068372251112055
      3.015928947446201     -1.130973355292325     0.0499743833830469
      3.015928947446201     -1.005309649148733    0.02436297010057074
      3.015928947446201     -0.879645943005142    0.00895043025064109
      3.015928947446201    -0.7539822368615505   0.006033818560380312
      3.015928947446201    -0.6283185307179586   0.005442341299079227
      3.015928947446201    -0.5026548245743667   0.004684779897415834
      3.015928947446201    -0.3769911184307753   0.006207872983298554
      3.015928947446201    -0.2513274122871838   0.007594392503383219
      3.015928947446201    -0.1256637061435919   0.007206545791065369
      3.015928947446201                      0    0.00826610292795741
      3.015928947446201     0.1256637061435919    0.01198335694485466
      3.015928947446201     0.2513274122871834    0.01471376587758205
      3.015928947446201     0.3769911184307753    0.01450481220135458
      3.015928947446201     0.5026548245743672    0.01596973595889515
      3.015928947446201     0.6283185307179582    0.02545428488242089
      3.015928947446201     0.7539822368615501    0.04323022280177365
      3.015928947446201     0.8796459430051424    0.06317970615413132
      3.015928947446201      1.005309649148734    0.07659010036323248
      3.015928947446201      1.130973355292326    0.07469065226813201
      3.015928947446201      1.256637061435917    0.05587064050609405
      3.015928947446201      1.382300767579509    0.03208793536496099
      3.015928947446201      1.507964473723101    0.01743514266284152
      3.015928947446201      1.633628179866692    0.01187701007664572
      3.015928947446201      1.759291886010284   0.007248148186936082
      3.015928947446201      1.884955592153876   0.002152110844725496
      3.015928947446201      2.010619298297467   4.38428190358978e-05
      3.015928947446201       2.13628300444106   0.000443164653719248
      3.015928947446201      2.261946710584651  0.0002730484391503961
      3.015928947446201      2.387610416728243 -0.0005305776791018536
      3.015928947446201      2.513274122871834  0.0004757436368855809
      3.015928947446201      2.638937829015426   0.003609927788474982
      3.015928947446201      2.764601535159018   0.006646380658741399
      3.015928947446201      2.890265241302609   0.008759386833269598
      3.015928947446201      3.015928947446201    0.01076122244880879
