#! FIELDS phi3 phi4 hhphi3phi4
#! SET min_phi3 -pi
#! SET max_phi3 pi
#! SET min_phi4 -pi
#! SET max_phi4 pi
     -3.141592653589793     -3.141592653589793    0.01673932307206804
     -3.141592653589793     -3.015928947446201    0.02987708422384666
     -3.141592653589793      -2.89026524130261    0.04896105138721721
     -3.141592653589793     -2.764601535159018    0.06678250358650191
     -3.141592653589793     -2.638937829015426    0.07121662165685973
     -3.141592653589793     -2.513274122871834    0.06520045273352296
     -3.141592653589793     -2.387610416728243     0.0590948631726933
     -3.141592653589793     -2.261946710584651    0.05145604982207076
     -3.141592653589793     -2.136283004441059    0.04157289396775773
     -3.141592653589793     -2.010619298297468    0.03942730576153884
     -3.141592653589793     -1.884955592153876    0.04429887362039807
     -3.141592653589793     -1.759291886010284    0.04536236976818588
     -3.141592653589793     -1.633628179866693    0.04808403055698275
     -3.141592653589793     -1.507964473723101    0.06153146444390976
     -3.141592653589793     -1.382300767579509    0.07059186821578663
     -3.141592653589793     -1.256637061435917    0.05791348061044034
     -3.141592653589793     -1.130973355292325    0.03365442008091161
     -3.141592653589793     -1.005309649148733    0.01785160021673011
     -3.141592653589793     -0.879645943005142    0.01355066946658578
     -3.141592653589793    -0.7539822368615505    0.01147513681346529
     -3.141592653589793    -0.6283185307179586    0.00757342577006106
     -3.141592653589793    -0.5026548245743667   0.005426910438140402
     -3.141592653589793    -0.3769911184307753   0.005983489635101209
     -3.141592653589793    -0.2513274122871838     0.0057830892822037
     -3.141592653589793    -0.1256637061435919   0.004844480189311143
     -3.141592653589793                      0   0.005601846674501807
     -3.141592653589793     0.1256637061435919   0.006467221731986365
     -3.141592653589793     0.2513274122871834   0.005603115425239705
     -3.141592653589793     0.3769911184307753   0.004679792306443827
     -3.141592653589793     0.5026548245743672   0.004106597345002173
     -3.141592653589793     0.6283185307179582   0.005211851085711507
     -3.141592653589793     0.7539822368615501    0.01462776046805453
     -3.141592653589793     0.8796459430051424    0.03129611170520733
     -3.141592653589793      1.005309649148734    0.03923552268519123
     -3.141592653589793      1.130973355292326    0.02958950458561916
     -3.141592653589793      1.256637061435917    0.01410778459803329
     -3.141592653589793      1.382300767579509   0.005757443650919403
     -3.141592653589793      1.507964473723101   0.004223446933515521
     -3.141592653589793      1.633628179866692   0.004498262042496126
     -3.141592653589793      1.759291886010284   0.004206119405158683
     -3.141592653589793      1.884955592153876   0.002410546443489453
     -3.141592653589793      2.010619298297467  9.090662610654958e-05
     -3.141592653589793       2.13628300444106 -0.0004263580794849792
     -3.141592653589793      2.261946710584651  0.0006510635311624411
     -3.141592653589793      2.387610416728243   0.001093566406744926
     -3.141592653589793      2.513274122871834   0.000270006352022752
     -3.141592653589793      2.638937829015426  -0.001261099912231275
     -3.141592653589793      2.764601535159018  -0.002442830837644557
     -3.141592653589793      2.890265241302609  -0.000327962314195957
     -3.141592653589793      3.015928947446201   0.006786116469605264
     -3.015928947446201     -3.141592653589793    0.02078658717907894
     -3.015928947446201     -3.015928947446201     0.0390838837617364
     -3.015928947446201      -2.89026524130261    0.06587010318752663
     -3.015928947446201     -2.764601535159018    0.08985983180340112
     -3.015928947446201     -2.638937829015426    0.09488577845980226
     -3.015928947446201     -2.513274122871834    0.08611306065017776
     -3.015928947446201     -2.387610416728243    0.07770406398346626
     -3.015928947446201     -2.261946710584651    0.06715359330050803
     -3.015928947446201     -2.136283004441059    0.05353489328802942
     -3.015928947446201     -2.010619298297468     0.0508128145363303
     -3.015928947446201     -1.884955592153876    0.05789219394596986
     -3.015928947446201     -1.759291886010284    0.05987528772693931
     -3.015928947446201     -1.633628179866693    0.06467953644298347
     -3.015928947446201     -1.507964473723101    0.08458848884493056
     -3.015928947446201     -1.382300767579509    0.09766915094515105
     -3.015928947446201     -1.256637061435917     0.0796633991337275
     -3.015928947446201     -1.130973355292325    0.04560659650520876
     -3.015928947446201     -1.005309649148733    0.02374472319458622
     -3.015928947446201     -0.879645943005142    0.01774927041806997
     -3.015928947446201    -0.7539822368615505    0.01443713924872403
     -3.015928947446201    -0.6283185307179586   0.008482241074221509
     -3.015928947446201    -0.5026548245743667   0.005136801662912557
     -3.015928947446201    -0.3769911184307753   0.005844581626951654
     -3.015928947446201    -0.2513274122871838   0.005653201216530048
     -3.015928947446201    -0.1256637061435919   0.004027260161349848
     -3.015928947446201                      0   0.004274220112567953
     -3.015928947446201     0.1256637061435919    0.00498926720171252
     -3.015928947446201     0.2513274122871834   0.003764459368346771
     -3.015928947446201     0.3769911184307753   0.002215401200163708
     -3.015928947446201     0.5026548245743672   0.001424683833737399
     -3.015928947446201     0.6283185307179582   0.004408130309702558
     -3.015928947446201     0.7539822368615501    0.01952895864232949
     -3.015928947446201     0.8796459430051424    0.04354943662089132
     -3.015928947446201      1.005309649148734    0.05434902390673751
     -3.015928947446201      1.130973355292326    0.04051904041781527
     -3.015928947446201      1.256637061435917    0.01823730681456393
     -3.015928947446201      1.382300767579509   0.005169422978490892
     -3.015928947446201      1.507964473723101   0.001036360097293387
     -3.015928947446201      1.633628179866692 -0.0005689130803643531
     -3.015928947446201      1.759291886010284  -0.001283775305811148
     -3.015928947446201      1.884955592153876    -0.0010371075438188
     -3.015928947446201      2.010619298297467 -0.0006787123395065244
     -3.015928947446201       2.13628300444106 -0.0003552665211891381
     -3.015928947446201      2.261946710584651  0.0005280046110896887
     -3.015928947446201      2.387610416728243     0.0012062891412355
     -3.015928947446201      2.513274122871834   -0.00049212888925212
     -3.015928947446201      2.638937829015426  -0.004671400829696847
     -3.015928947446201      2.764601535159018  -0.007117437390284002
     -3.015928947446201      2.890265241302609  -0.002950943632754006
     -3.015928947446201      3.015928947446201   0.007512466132707203
      -2.89026524130261     -3.141592653589793    0.02204690542239241
      -2.89026524130261     -3.015928947446201    0.04107077933320694
      -2.89026524130261      -2.89026524130261    0.06817759310845863
      -2.89026524130261     -2.764601535159018    0.09120011584138257
      -2.89026524130261     -2.638937829015426    0.09570957117056975
      -2.89026524130261     -2.513274122871834    0.08774283227738815
      -2.89026524130261     -2.387610416728243     0.0797622283143217
      -2.89026524130261     -2.261946710584651    0.06822951287086648
      -2.89026524130261     -2.136283004441059    0.05368385474739132
      -2.89026524130261     -2.010619298297468    0.05126729934991778
      -2.89026524130261     -1.884955592153876    0.05842432552811473
      -2.89026524130261     -1.759291886010284    0.05947394695896974
      -2.89026524130261     -1.633628179866693    0.06528629179539301
      -2.89026524130261     -1.507964473723101    0.08948688980935036
      -2.89026524130261     -1.382300767579509     0.1056682469449376
      -2.89026524130261     -1.256637061435917    0.08634565122200941
      -2.89026524130261     -1.130973355292325    0.04957089209607952
      -2.89026524130261     -1.005309649148733    0.02644156399887995
      -2.89026524130261     -0.879645943005142    0.01940121304281841
      -2.89026524130261    -0.7539822368615505     0.0143327474810199
      -2.89026524130261    -0.6283185307179586    0.00706094669531984
      -2.89026524130261    -0.5026548245743667   0.003423136211694616
      -2.89026524130261    -0.3769911184307753   0.004302787127623457
      -2.89026524130261    -0.2513274122871838   0.004105742077573644
      -2.89026524130261    -0.1256637061435919   0.001872766361144581
      -2.89026524130261                      0   0.001427151540621356
      -2.89026524130261     0.1256637061435919   0.002663032996885186
      -2.89026524130261     0.2513274122871834   0.003027682564257736
      -2.89026524130261     0.3769911184307753    0.00328407003636989
      -2.89026524130261     0.5026548245743672   0.006872964471558659
      -2.89026524130261     0.6283185307179582    0.02030371581241941
      -2.89026524130261     0.7539822368615501    0.04955011313424822
      -2.89026524130261     0.8796459430051424    0.08363706458641555
      -2.89026524130261      1.005309649148734    0.09562206700506738
      -2.89026524130261      1.130973355292326    0.07615518250537842
      -2.89026524130261      1.256637061435917    0.04544630309795786
      -2.89026524130261      1.382300767579509    0.02194706951427515
      -2.89026524130261      1.507964473723101   0.006153988127383964
      -2.89026524130261      1.633628179866692  -0.003414121800754468
      -2.89026524130261      1.759291886010284  -0.005017656498216099
      -2.89026524130261      1.884955592153876  -0.002234380628651332
      -2.89026524130261      2.010619298297467 -0.0007334283454293936
      -2.89026524130261       2.13628300444106 -0.0006495900196527341
      -2.89026524130261      2.261946710584651  0.0003375108871699424
      -2.89026524130261      2.387610416728243   0.001087252102638572
      -2.89026524130261      2.513274122871834  -0.001385266732519806
      -2.89026524130261      2.638937829015426  -0.006073810959312596
      -2.89026524130261      2.764601535159018  -0.007419060476704866
      -2.89026524130261      2.890265241302609  -0.001714940160637968
      -2.89026524130261      3.015928947446201   0.008955731976425591
     -2.764601535159018     -3.141592653589793    0.02064186768374807
     -2.764601535159018     -3.015928947446201    0.03492473035393917
     -2.764601535159018      -2.89026524130261    0.05341637570288015
     -2.764601535159018     -2.764601535159018    0.06760159561239022
     -2.764601535159018     -2.638937829015426    0.07087874805204109
     -2.764601535159018     -2.513274122871834    0.06787575685023162
     -2.764601535159018     -2.387610416728243     0.0634085819920726
     -2.764601535159018     -2.261946710584651    0.05342623828458632
     -2.764601535159018     -2.136283004441059    0.04149165305912212
     -2.764601535159018     -2.010619298297468    0.04023640216741513
     -2.764601535159018     -1.884955592153876    0.04480384917789669
     -2.764601535159018     -1.759291886010284    0.04278489328093751
     -2.764601535159018     -1.633628179866693     0.0476448285024787
     -2.764601535159018     -1.507964473723101    0.07188446115667894
     -2.764601535159018     -1.382300767579509     0.0890179594015677
     -2.764601535159018     -1.256637061435917    0.07364866093274025
     -2.764601535159018     -1.130973355292325    0.04343422776396393
     -2.764601535159018     -1.005309649148733    0.02502516526137024
     -2.764601535159018     -0.879645943005142    0.01800790460816554
     -2.764601535159018    -0.7539822368615505    0.01122787967677356
     -2.764601535159018    -0.6283185307179586   0.004090458707935544
     -2.764601535159018    -0.5026548245743667   0.001459629464717473
     -2.764601535159018    -0.3769911184307753    0.00251386099509729
     -2.764601535159018    -0.2513274122871838   0.002260645282280588
     -2.764601535159018    -0.1256637061435919 -0.0001869142352958078
     -2.764601535159018                      0  -0.001026813171564438
     -2.764601535159018     0.1256637061435919    0.00157357171802115
     -2.764601535159018     0.2513274122871834   0.005403143645575812
     -2.764601535159018     0.3769911184307753   0.009946157974530927
     -2.764601535159018     0.5026548245743672    0.02213442323265497
     -2.764601535159018     0.6283185307179582    0.05266909425955191
     -2.764601535159018     0.7539822368615501     0.1012618237232635
     -2.764601535159018     0.8796459430051424     0.1454807665386398
     -2.764601535159018      1.005309649148734     0.1564306027664573
     -2.764601535159018      1.130973355292326     0.1313476979911988
     -2.764601535159018      1.256637061435917    0.09294062547903247
     -2.764601535159018      1.382300767579509    0.05573632862080732
     -2.764601535159018      1.507964473723101    0.02160300600571302
     -2.764601535159018      1.633628179866692 -0.0001183551540913192
     -2.764601535159018      1.759291886010284  -0.002791438957323195
     -2.764601535159018      1.884955592153876   0.001314286019168352
     -2.764601535159018      2.010619298297467  0.0003942844973068541
     -2.764601535159018       2.13628300444106  -0.001389014125830345
     -2.764601535159018      2.261946710584651  0.0002703617909223372
     -2.764601535159018      2.387610416728243  0.0008518246668951415
     -2.764601535159018      2.513274122871834  -0.001838976576792476
     -2.764601535159018      2.638937829015426  -0.003544976746937505
     -2.764601535159018      2.764601535159018 -0.0009757614826517523
     -2.764601535159018      2.890265241302609   0.004739634470958628
     -2.764601535159018      3.015928947446201    0.01160939830694572
     -2.638937829015426     -3.141592653589793    0.02245197249409487
     -2.638937829015426     -3.015928947446201    0.03343551277428439
     -2.638937829015426      -2.89026524130261    0.04591104758070937
     -2.638937829015426     -2.764601535159018     0.0554700275991849
     -2.638937829015426     -2.638937829015426    0.05942702694817706
     -2.638937829015426     -2.513274122871834    0.05999308350583711
     -2.638937829015426     -2.387610416728243    0.05763759186587489
     -2.638937829015426     -2.261946710584651    0.04879807723766723
     -2.638937829015426     -2.136283004441059    0.03862595164586673
     -2.638937829015426     -2.010619298297468    0.03774998178919141
     -2.638937829015426     -1.884955592153876    0.04023520129334543
     -2.638937829015426     -1.759291886010284    0.03579949337565114
     -2.638937829015426     -1.633628179866693    0.03858617712747902
     -2.638937829015426     -1.507964473723101    0.06046021350748784
     -2.638937829015426     -1.382300767579509    0.07696332428100031
     -2.638937829015426     -1.256637061435917    0.06492420564630851
     -2.638937829015426     -1.130973355292325    0.03998941487002047
     -2.638937829015426     -1.005309649148733    0.02481300374678841
     -2.638937829015426     -0.879645943005142    0.01805558144768445
     -2.638937829015426    -0.7539822368615505    0.01104915011285564
     -2.638937829015426    -0.6283185307179586    0.00492440328633272
     -2.638937829015426    -0.5026548245743667   0.003452060461381436
     -2.638937829015426    -0.3769911184307753   0.004663227307522133
     -2.638937829015426    -0.2513274122871838   0.004269117475109569
     -2.638937829015426    -0.1256637061435919   0.002199717978879715
     -2.638937829015426                      0   0.002224466576951911
     -2.638937829015426     0.1256637061435919    0.00619515903466555
     -2.638937829015426     0.2513274122871834    0.01197845256692876
     -2.638937829015426     0.3769911184307753    0.01925867357458896
     -2.638937829015426     0.5026548245743672    0.03612415759795648
     -2.638937829015426     0.6283185307179582    0.07385466201940538
     -2.638937829015426     0.7539822368615501     0.1296132549963525
     -2.638937829015426     0.8796459430051424     0.1772705728797001
     -2.638937829015426      1.005309649148734     0.1875748717737505
     -2.638937829015426      1.130973355292326     0.1605380195645809
     -2.638937829015426      1.256637061435917     0.1198246969393385
     -2.638937829015426      1.382300767579509    0.07766039357859435
     -2.638937829015426      1.507964473723101    0.03645200371664306
     -2.638937829015426      1.633628179866692    0.01089247804588728
     -2.638937829015426      1.759291886010284   0.008083745773301034
     -2.638937829015426      1.884955592153876   0.009195375568732202
     -2.638937829015426      2.010619298297467   0.002116614396006121
     -2.638937829015426       2.13628300444106  -0.002096379410698423
     -2.638937829015426      2.261946710584651  0.0007229668613345332
     -2.638937829015426      2.387610416728243   0.001102667764338382
     -2.638937829015426      2.513274122871834 -0.0008956625717489094
     -2.638937829015426      2.638937829015426   0.001937133753212809
     -2.638937829015426      2.764601535159018   0.007801320840044939
     -2.638937829015426      2.890265241302609    0.01171149927559025
     -2.638937829015426      3.015928947446201    0.01535645515052507
     -2.513274122871834     -3.141592653589793    0.02880569836225606
     -2.513274122871834     -3.015928947446201    0.03978854973924519
     -2.513274122871834      -2.89026524130261       0.05177381024841
     -2.513274122871834     -2.764601535159018    0.06351591216257627
     -2.513274122871834     -2.638937829015426    0.07040587966285254
     -2.513274122871834     -2.513274122871834    0.07191275365653706
     -2.513274122871834     -2.387610416728243    0.06928429536899036
     -2.513274122871834     -2.261946710584651    0.06024833515916295
     -2.513274122871834     -2.136283004441059    0.04972660119883589
     -2.513274122871834     -2.010619298297468    0.04816026696939534
     -2.513274122871834     -1.884955592153876     0.0499112926469437
     -2.513274122871834     -1.759291886010284     0.0442557837883451
     -2.513274122871834     -1.633628179866693    0.04444717833858357
     -2.513274122871834     -1.507964473723101    0.06318140454932794
     -2.513274122871834     -1.382300767579509    0.07839963057519431
     -2.513274122871834     -1.256637061435917    0.06726744721749156
     -2.513274122871834     -1.130973355292325    0.04307945119054922
     -2.513274122871834     -1.005309649148733    0.02755108226131856
     -2.513274122871834     -0.879645943005142    0.02084473779106641
     -2.513274122871834    -0.7539822368615505    0.01497656733140363
     -2.513274122871834    -0.6283185307179586    0.01021590115329134
     -2.513274122871834    -0.5026548245743667   0.009648998203137346
     -2.513274122871834    -0.3769911184307753     0.0110235174033981
     -2.513274122871834    -0.2513274122871838    0.01040801383054354
     -2.513274122871834    -0.1256637061435919   0.009167723824917935
     -2.513274122871834                      0    0.01126287701656385
     -2.513274122871834     0.1256637061435919     0.0164475435740843
     -2.513274122871834     0.2513274122871834    0.02220933405877236
     -2.513274122871834     0.3769911184307753    0.03006750307696758
     -2.513274122871834     0.5026548245743672    0.04671084526082231
     -2.513274122871834     0.6283185307179582    0.08032245981992782
     -2.513274122871834     0.7539822368615501     0.1303944140388445
     -2.513274122871834     0.8796459430051424      0.175597855840872
     -2.513274122871834      1.005309649148734     0.1865174052340787
     -2.513274122871834      1.130973355292326     0.1607136222848671
     -2.513274122871834      1.256637061435917     0.1221646316880668
     -2.513274122871834      1.382300767579509    0.08408534147842346
     -2.513274122871834      1.507964473723101    0.04844347602217306
     -2.513274122871834      1.633628179866692    0.02826309846843997
     -2.513274122871834      1.759291886010284    0.02627100363623489
     -2.513274122871834      1.884955592153876    0.02033496643678136
     -2.513274122871834      2.010619298297467    0.00414963579323966
     -2.513274122871834       2.13628300444106  -0.002685256368246678
     -2.513274122871834      2.261946710584651   0.001688212551305478
     -2.513274122871834      2.387610416728243   0.001909422138358511
     -2.513274122871834      2.513274122871834    0.00133485505902679
     -2.513274122871834      2.638937829015426   0.009347573774879662
     -2.513274122871834      2.764601535159018    0.01717553852897553
     -2.513274122871834      2.890265241302609    0.01794182032757051
     -2.513274122871834      3.015928947446201    0.02019463942515986
     -2.387610416728243     -3.141592653589793     0.0354705045304395
     -2.387610416728243     -3.015928947446201    0.04566799937586419
     -2.387610416728243      -2.89026524130261    0.05577576365820956
     -2.387610416728243     -2.764601535159018    0.06865995151093307
     -2.387610416728243     -2.638937829015426    0.07863387032237003
     -2.387610416728243     -2.513274122871834    0.08185989896502001
     -2.387610416728243     -2.387610416728243     0.0794279874085828
     -2.387610416728243     -2.261946710584651    0.07049771274331815
     -2.387610416728243     -2.136283004441059     0.0600696574759098
     -2.387610416728243     -2.010619298297468    0.05789380965901277
     -2.387610416728243     -1.884955592153876     0.0584366475108291
     -2.387610416728243     -1.759291886010284    0.05105448378511482
     -2.387610416728243     -1.633628179866693    0.04815807994540536
     -2.387610416728243     -1.507964473723101    0.06306886010242463
     -2.387610416728243     -1.382300767579509    0.07674710290128217
     -2.387610416728243     -1.256637061435917    0.06732899297738799
     -2.387610416728243     -1.130973355292325    0.04519805214249516
     -2.387610416728243     -1.005309649148733    0.03011134252898719
     -2.387610416728243     -0.879645943005142    0.02355617289393202
     -2.387610416728243    -0.7539822368615505    0.01883351991182148
     -2.387610416728243    -0.6283185307179586    0.01570901152624896
     -2.387610416728243    -0.5026548245743667    0.01631678543245917
     -2.387610416728243    -0.3769911184307753    0.01788248708653366
     -2.387610416728243    -0.2513274122871838      0.017015414021401
     -2.387610416728243    -0.1256637061435919    0.01670762035463443
     -2.387610416728243                      0    0.02108080055811607
     -2.387610416728243     0.1256637061435919     0.0277626924693628
     -2.387610416728243     0.2513274122871834    0.03388860151727698
     -2.387610416728243     0.3769911184307753    0.04287630946739513
     -2.387610416728243     0.5026548245743672    0.06019961984159613
     -2.387610416728243     0.6283185307179582    0.09096705671672135
     -2.387610416728243     0.7539822368615501     0.1364893637968223
     -2.387610416728243     0.8796459430051424      0.179653157382635
     -2.387610416728243      1.005309649148734     0.1909882503408397
     -2.387610416728243      1.130973355292326     0.1661802411360866
     -2.387610416728243      1.256637061435917     0.1295790101925985
     -2.387610416728243      1.382300767579509    0.09482211772163417
     -2.387610416728243      1.507964473723101    0.06353492276890417
     -2.387610416728243      1.633628179866692    0.04812030880946785
     -2.387610416728243      1.759291886010284    0.04694163026717626
     -2.387610416728243      1.884955592153876    0.03323250479316891
     -2.387610416728243      2.010619298297467   0.006562156005123235
     -2.387610416728243       2.13628300444106  -0.003419674744042026
     -2.387610416728243      2.261946710584651   0.002756405906115543
     -2.387610416728243      2.387610416728243   0.002771435232462754
     -2.387610416728243      2.513274122871834   0.003797521309482757
     -2.387610416728243      2.638937829015426    0.01800608056203289
     -2.387610416728243      2.764601535159018     0.0284930313228125
     -2.387610416728243      2.890265241302609    0.02566826296560391
     -2.387610416728243      3.015928947446201    0.02579362600984546
     -2.261946710584651     -3.141592653589793    0.04019191741899858
     -2.261946710584651     -3.015928947446201    0.04912709670633578
     -2.261946710584651      -2.89026524130261    0.05676365908928256
     -2.261946710584651     -2.764601535159018    0.06967303506839358
     -2.261946710584651     -2.638937829015426    0.08194859559219546
     -2.261946710584651     -2.513274122871834    0.08692021219521581
     -2.261946710584651     -2.387610416728243    0.08496803763751522
     -2.261946710584651     -2.261946710584651    0.07645926892198267
     -2.261946710584651     -2.136283004441059    0.06655539251675088
     -2.261946710584651     -2.010619298297468     0.0639954698105174
     -2.261946710584651     -1.884955592153876    0.06330672560164817
     -2.261946710584651     -1.759291886010284    0.05441081602630758
     -2.261946710584651     -1.633628179866693    0.04887848972760391
     -2.261946710584651     -1.507964473723101    0.06015688339536071
     -2.261946710584651     -1.382300767579509    0.07225015202990452
     -2.261946710584651     -1.256637061435917    0.06481243256113882
     -2.261946710584651     -1.130973355292325    0.04545514174357774
     -2.261946710584651     -1.005309649148733    0.03145599281504858
     -2.261946710584651     -0.879645943005142    0.02519321108570751
     -2.261946710584651    -0.7539822368615505    0.02144328521664504
     -2.261946710584651    -0.6283185307179586    0.01980376583149206
     -2.261946710584651    -0.5026548245743667    0.02147269357896537
     -2.261946710584651    -0.3769911184307753    0.02317572397574544
     -2.261946710584651    -0.2513274122871838    0.02211098349309626
     -2.261946710584651    -0.1256637061435919    0.02259236445371576
     -2.261946710584651                      0    0.02877646891682108
     -2.261946710584651     0.1256637061435919     0.0366711356092162
     -2.261946710584651     0.2513274122871834    0.04320564484361132
     -2.261946710584651     0.3769911184307753    0.05324450766127935
     -2.261946710584651     0.5026548245743672     0.0713384610028051
     -2.261946710584651     0.6283185307179582     0.1001428728580222
     -2.261946710584651     0.7539822368615501      0.142041697885846
     -2.261946710584651     0.8796459430051424     0.1831248814262913
     -2.261946710584651      1.005309649148734     0.1944616136981943
     -2.261946710584651      1.130973355292326     0.1707134270664764
     -2.261946710584651      1.256637061435917     0.1361270066579868
     -2.261946710584651      1.382300767579509     0.1040837802302419
     -2.261946710584651      1.507964473723101    0.07597476620883267
     -2.261946710584651      1.633628179866692    0.06414201593566927
     -2.261946710584651      1.759291886010284    0.06361091777429503
     -2.261946710584651      1.884955592153876    0.04369101822604267
     -2.261946710584651      2.010619298297467    0.00854317820637269
     -2.261946710584651       2.13628300444106  -0.004016088692826028
     -2.261946710584651      2.261946710584651   0.003596616927643127
     -2.261946710584651      2.387610416728243   0.003422999565075174
     -2.261946710584651      2.513274122871834   0.005776175694668607
     -2.261946710584651      2.638937829015426    0.02514375204291518
     -2.261946710584651      2.764601535159018    0.03792540165223984
     -2.261946710584651      2.890265241302609    0.03210190806817009
     -2.261946710584651      3.015928947446201    0.03013348751389046
     -2.136283004441059     -3.141592653589793    0.04126336865721899
     -2.136283004441059     -3.015928947446201    0.05026743285699212
     -2.136283004441059      -2.89026524130261    0.05835513717689467
     -2.136283004441059     -2.764601535159018     0.0729407272107066
     -2.136283004441059     -2.638937829015426    0.08624505291587969
     -2.136283004441059     -2.513274122871834    0.09067509384357968
     -2.136283004441059     -2.387610416728243     0.0881788222099682
     -2.136283004441059     -2.261946710584651    0.07993024559761282
     -2.136283004441059     -2.136283004441059    0.07013821574306474
     -2.136283004441059     -2.010619298297468         0.067182944944
     -2.136283004441059     -1.884955592153876    0.06649830712429057
     -2.136283004441059     -1.759291886010284    0.05797779867836009
     -2.136283004441059     -1.633628179866693    0.05145956998640502
     -2.136283004441059     -1.507964473723101    0.06008742866169942
     -2.136283004441059     -1.382300767579509    0.07042387348229891
     -2.136283004441059     -1.256637061435917    0.06345928260163571
     -2.136283004441059     -1.130973355292325    0.04494228421370895
     -2.136283004441059     -1.005309649148733    0.03103134032210716
     -2.136283004441059     -0.879645943005142    0.02524127594316429
     -2.136283004441059    -0.7539822368615505    0.02268082762372975
     -2.136283004441059    -0.6283185307179586    0.02193800280508346
     -2.136283004441059    -0.5026548245743667    0.02386904125378603
     -2.136283004441059    -0.3769911184307753    0.02552053191154924
     -2.136283004441059    -0.2513274122871838    0.02441018963697906
     -2.136283004441059    -0.1256637061435919    0.02537541000376984
     -2.136283004441059                      0    0.03239169940946795
     -2.136283004441059     0.1256637061435919    0.04023260418343752
     -2.136283004441059     0.2513274122871834    0.04577304644264454
     -2.136283004441059     0.3769911184307753    0.05479733994400784
     -2.136283004441059     0.5026548245743672    0.07019152723311542
     -2.136283004441059     0.6283185307179582    0.09198180021462944
     -2.136283004441059     0.7539822368615501     0.1246803543413391
     -2.136283004441059     0.8796459430051424     0.1598889881275175
     -2.136283004441059      1.005309649148734     0.1709329212013707
     -2.136283004441059      1.130973355292326     0.1504359580475313
     -2.136283004441059      1.256637061435917     0.1207290561760013
     -2.136283004441059      1.382300767579509    0.09540480084807287
     -2.136283004441059      1.507964473723101    0.07529334508641222
     -2.136283004441059      1.633628179866692    0.06926745898509122
     -2.136283004441059      1.759291886010284    0.06941231893905829
     -2.136283004441059      1.884955592153876    0.04658202301598021
     -2.136283004441059      2.010619298297467   0.008958754119741525
     -2.136283004441059       2.13628300444106  -0.003965177006832986
     -2.136283004441059      2.261946710584651   0.003916383724357175
     -2.136283004441059      2.387610416728243   0.003687252395033338
     -2.136283004441059      2.513274122871834   0.006740161906156881
     -2.136283004441059      2.638937829015426    0.02732127414597393
     -2.136283004441059      2.764601535159018    0.03976099640913964
     -2.136283004441059      2.890265241302609    0.03250716008158074
     -2.136283004441059      3.015928947446201     0.0304285590576373
     -2.010619298297468     -3.141592653589793    0.03713108072530279
     -2.010619298297468     -3.015928947446201    0.04490346102392886
     -2.010619298297468      -2.89026524130261    0.05190047035498725
     -2.010619298297468     -2.764601535159018    0.06539575459156498
     -2.010619298297468     -2.638937829015426    0.07774881094057519
     -2.010619298297468     -2.513274122871834    0.08159380036864411
     -2.010619298297468     -2.387610416728243    0.07922859975889264
     -2.010619298297468     -2.261946710584651    0.07216385275697522
     -2.010619298297468     -2.136283004441059    0.06369538881851451
     -2.010619298297468     -2.010619298297468    0.06089428337961383
     -2.010619298297468     -1.884955592153876    0.06015716471833805
     -2.010619298297468     -1.759291886010284    0.05268479057087405
     -2.010619298297468     -1.633628179866693    0.04625545521415535
     -2.010619298297468     -1.507964473723101    0.05226446079810895
     -2.010619298297468     -1.382300767579509    0.06038451632114054
     -2.010619298297468     -1.256637061435917    0.05471185262504046
     -2.010619298297468     -1.130973355292325    0.03916890577572205
     -2.010619298297468     -1.005309649148733    0.02714674554806397
     -2.010619298297468     -0.879645943005142    0.02231163291301392
     -2.010619298297468    -0.7539822368615505    0.02068919300811049
     -2.010619298297468    -0.6283185307179586    0.02059101044497657
     -2.010619298297468    -0.5026548245743667    0.02251456302040487
     -2.010619298297468    -0.3769911184307753    0.02395434608229167
     -2.010619298297468    -0.2513274122871838    0.02294002163494993
     -2.010619298297468    -0.1256637061435919    0.02408202627244638
     -2.010619298297468                      0    0.03078835122271947
     -2.010619298297468     0.1256637061435919    0.03776939365050021
     -2.010619298297468     0.2513274122871834    0.04224165814867975
     -2.010619298297468     0.3769911184307753    0.04982890080858284
     -2.010619298297468     0.5026548245743672    0.06224059474500103
     -2.010619298297468     0.6283185307179582    0.07809507070404094
     -2.010619298297468     0.7539822368615501     0.1023778188808192
     -2.010619298297468     0.8796459430051424     0.1304591327108101
     -2.010619298297468      1.005309649148734     0.1400058822287677
     -2.010619298297468      1.130973355292326      0.123568696232127
     -2.010619298297468      1.256637061435917    0.09987167978826587
     -2.010619298297468      1.382300767579509    0.08088055119547836
     -2.010619298297468      1.507964473723101    0.06705539002360621
     -2.010619298297468      1.633628179866692    0.06467260360645123
     -2.010619298297468      1.759291886010284    0.06516250120257437
     -2.010619298297468      1.884955592153876    0.04321797382486699
     -2.010619298297468      2.010619298297467   0.008248133168460309
     -2.010619298297468       2.13628300444106  -0.003518259991299756
     -2.010619298297468      2.261946710584651   0.003662015497111798
     -2.010619298297468      2.387610416728243   0.003416211537721558
     -2.010619298297468      2.513274122871834   0.006539971727908852
     -2.010619298297468      2.638937829015426    0.02566828274001285
     -2.010619298297468      2.764601535159018    0.03667571078663238
     -2.010619298297468      2.890265241302609     0.0293705729725255
     -2.010619298297468      3.015928947446201    0.02726613805422634
     -1.884955592153876     -3.141592653589793    0.03409192136613932
     -1.884955592153876     -3.015928947446201    0.03925844000563283
     -1.884955592153876      -2.89026524130261     0.0424857858096245
     -1.884955592153876     -2.764601535159018    0.05265147128101002
     -1.884955592153876     -2.638937829015426    0.06430290710791695
     -1.884955592153876     -2.513274122871834    0.06932555832036211
     -1.884955592153876     -2.387610416728243    0.06811829388107568
     -1.884955592153876     -2.261946710584651    0.06258886403042974
     -1.884955592153876     -2.136283004441059    0.05608424831553203
     -1.884955592153876     -2.010619298297468    0.05365397597973698
     -1.884955592153876     -1.884955592153876    0.05192617149223313
     -1.884955592153876     -1.759291886010284    0.04423767533749691
     -1.884955592153876     -1.633628179866693    0.03710146918387169
     -1.884955592153876     -1.507964473723101    0.04010921024377866
     -1.884955592153876     -1.382300767579509    0.04623516622454141
     -1.884955592153876     -1.256637061435917    0.04315219478580288
     -1.884955592153876     -1.130973355292325     0.0325283735145943
     -1.884955592153876     -1.005309649148733    0.02364478497132602
     -1.884955592153876     -0.879645943005142    0.01970755857184436
     -1.884955592153876    -0.7539822368615505    0.01863655453198109
     -1.884955592153876    -0.6283185307179586    0.01943423662801928
     -1.884955592153876    -0.5026548245743667     0.0218352224561555
     -1.884955592153876    -0.3769911184307753     0.0231648726348773
     -1.884955592153876    -0.2513274122871838    0.02217960721999944
     -1.884955592153876    -0.1256637061435919    0.02357592040195064
     -1.884955592153876                      0    0.03026792504476627
     -1.884955592153876     0.1256637061435919    0.03710952142932782
     -1.884955592153876     0.2513274122871834    0.04166612804382406
     -1.884955592153876     0.3769911184307753    0.04936610831266097
     -1.884955592153876     0.5026548245743672    0.06164923224445958
     -1.884955592153876     0.6283185307179582    0.07654509826269618
     -1.884955592153876     0.7539822368615501    0.09797802185517226
     -1.884955592153876     0.8796459430051424     0.1221573356355024
     -1.884955592153876      1.005309649148734     0.1301190249864589
     -1.884955592153876      1.130973355292326     0.1159212373836472
     -1.884955592153876      1.256637061435917    0.09579454857139606
     -1.884955592153876      1.382300767579509    0.07917558055918827
     -1.884955592153876      1.507964473723101    0.06652458797645873
     -1.884955592153876      1.633628179866692    0.06475935690882852
     -1.884955592153876      1.759291886010284    0.06539143186201508
     -1.884955592153876      1.884955592153876    0.04333330679012327
     -1.884955592153876      2.010619298297467   0.008328788543264496
     -1.884955592153876       2.13628300444106  -0.003447141042451002
     -1.884955592153876      2.261946710584651   0.003590146314193919
     -1.884955592153876      2.387610416728243   0.003246655667330077
     -1.884955592153876      2.513274122871834   0.006638965972013807
     -1.884955592153876      2.638937829015426    0.02633672273776568
     -1.884955592153876      2.764601535159018    0.03760955296988883
     -1.884955592153876      2.890265241302609    0.02966252518947551
     -1.884955592153876      3.015928947446201     0.0260913945605381
     -1.759291886010284     -3.141592653589793    0.03967031365331594
     -1.759291886010284     -3.015928947446201    0.04537193663142644
     -1.759291886010284      -2.89026524130261    0.04898295789309905
     -1.759291886010284     -2.764601535159018    0.06150903515480773
     -1.759291886010284     -2.638937829015426    0.07557982263669043
     -1.759291886010284     -2.513274122871834    0.08110765257803251
     -1.759291886010284     -2.387610416728243    0.07945939910224777
     -1.759291886010284     -2.261946710584651    0.07345429047148319
     -1.759291886010284     -2.136283004441059    0.06626886215452565
     -1.759291886010284     -2.010619298297468    0.06322993142311374
     -1.759291886010284     -1.884955592153876    0.06113141839924868
     -1.759291886010284     -1.759291886010284    0.05252461959453517
     -1.759291886010284     -1.633628179866693    0.04352283710454634
     -1.759291886010284     -1.507964473723101    0.04474638759550584
     -1.759291886010284     -1.382300767579509     0.0503141250201173
     -1.759291886010284     -1.256637061435917    0.04739755894895534
     -1.759291886010284     -1.130973355292325    0.03632697881055585
     -1.759291886010284     -1.005309649148733    0.02651911488832484
     -1.759291886010284     -0.879645943005142    0.02242693307587713
     -1.759291886010284    -0.7539822368615505    0.02210855963334916
     -1.759291886010284    -0.6283185307179586    0.02377080280137997
     -1.759291886010284    -0.5026548245743667    0.02677678540579987
     -1.759291886010284    -0.3769911184307753    0.02825810290502607
     -1.759291886010284    -0.2513274122871838    0.02709447001713737
     -1.759291886010284    -0.1256637061435919    0.02907737082307451
     -1.759291886010284                      0    0.03737586967915801
     -1.759291886010284     0.1256637061435919    0.04519776579202632
     -1.759291886010284     0.2513274122871834    0.04974094087499178
     -1.759291886010284     0.3769911184307753    0.05789138324530033
     -1.759291886010284     0.5026548245743672    0.07008354343648245
     -1.759291886010284     0.6283185307179582    0.08209892913498024
     -1.759291886010284     0.7539822368615501    0.09985946816443593
     -1.759291886010284     0.8796459430051424     0.1230446817398825
     -1.759291886010284      1.005309649148734     0.1318208714320581
     -1.759291886010284      1.130973355292326     0.1180589284908665
     -1.759291886010284      1.256637061435917    0.09878881916764741
     -1.759291886010284      1.382300767579509    0.08473863974008519
     -1.759291886010284      1.507964473723101    0.07603650565192697
     -1.759291886010284      1.633628179866692    0.07823396486903407
     -1.759291886010284      1.759291886010284    0.07946195647154489
     -1.759291886010284      1.884955592153876    0.05197040106255892
     -1.759291886010284      2.010619298297467   0.009895151625540399
     -1.759291886010284       2.13628300444106  -0.003923902513605778
     -1.759291886010284      2.261946710584651   0.004353974748990845
     -1.759291886010284      2.387610416728243   0.003907694035394552
     -1.759291886010284      2.513274122871834    0.00834470367747488
     -1.759291886010284      2.638937829015426    0.03195514109731758
     -1.759291886010284      2.764601535159018    0.04471788533010599
     -1.759291886010284      2.890265241302609    0.03447167062093806
     -1.759291886010284      3.015928947446201    0.03011521847531534
     -1.633628179866693     -3.141592653589793    0.04741747801221338
     -1.633628179866693     -3.015928947446201    0.05634940077469941
     -1.633628179866693      -2.89026524130261    0.06464130020610571
     -1.633628179866693     -2.764601535159018    0.08357927280859311
     -1.633628179866693     -2.638937829015426     0.1007629089791681
     -1.633628179866693     -2.513274122871834     0.1049370793482122
     -1.633628179866693     -2.387610416728243     0.1013363079231804
     -1.633628179866693     -2.261946710584651    0.09354824226674165
     -1.633628179866693     -2.136283004441059    0.08386953669521316
     -1.633628179866693     -2.010619298297468    0.07973433628810371
     -1.633628179866693     -1.884955592153876    0.07847213742434843
     -1.633628179866693     -1.759291886010284    0.06978074508550881
     -1.633628179866693     -1.633628179866693    0.05958923257014982
     -1.633628179866693     -1.507964473723101    0.06092130738991579
     -1.633628179866693     -1.382300767579509    0.06697426701758823
     -1.633628179866693     -1.256637061435917    0.06170908444380357
     -1.633628179866693     -1.130973355292325     0.0456350109047987
     -1.633628179866693     -1.005309649148733    0.03188173396315892
     -1.633628179866693     -0.879645943005142    0.02706728262852375
     -1.633628179866693    -0.7539822368615505    0.02753235392826443
     -1.633628179866693    -0.6283185307179586     0.0294581523371639
     -1.633628179866693    -0.5026548245743667    0.03253738748695937
     -1.633628179866693    -0.3769911184307753    0.03419882191959516
     -1.633628179866693    -0.2513274122871838    0.03285293751081814
     -1.633628179866693    -0.1256637061435919    0.03530523372731945
     -1.633628179866693                      0    0.04529204339469142
     -1.633628179866693     0.1256637061435919    0.05386578549285151
     -1.633628179866693     0.2513274122871834    0.05756465555731623
     -1.633628179866693     0.3769911184307753    0.06512780836984028
     -1.633628179866693     0.5026548245743672    0.07537958744172035
     -1.633628179866693     0.6283185307179582    0.08130368602507788
     -1.633628179866693     0.7539822368615501    0.09287243963276427
     -1.633628179866693     0.8796459430051424     0.1152475685887968
     -1.633628179866693      1.005309649148734     0.1260577582925672
     -1.633628179866693      1.130973355292326     0.1125827196399999
     -1.633628179866693      1.256637061435917    0.09364820794006394
     -1.633628179866693      1.382300767579509    0.08373009722447167
     -1.633628179866693      1.507964473723101    0.08231948412624181
     -1.633628179866693      1.633628179866692    0.09078226416832236
     -1.633628179866693      1.759291886010284    0.09275126407553815
     -1.633628179866693      1.884955592153876    0.05965376477040925
     -1.633628179866693      2.010619298297467    0.01114233387089243
     -1.633628179866693       2.13628300444106  -0.004274606089325807
     -1.633628179866693      2.261946710584651   0.005170527475138827
     -1.633628179866693      2.387610416728243   0.004721571795538098
     -1.633628179866693      2.513274122871834    0.01007349891257044
     -1.633628179866693      2.638937829015426    0.03653114588819647
     -1.633628179866693      2.764601535159018    0.04972362277187884
     -1.633628179866693      2.890265241302609    0.03760111786471859
     -1.633628179866693      3.015928947446201    0.03424124273532561
     -1.507964473723101     -3.141592653589793    0.04674632531608405
     -1.507964473723101     -3.015928947446201    0.05630705291881646
     -1.507964473723101      -2.89026524130261    0.06593828711963236
     -1.507964473723101     -2.764601535159018    0.08613470585765434
     -1.507964473723101     -2.638937829015426     0.1032548043456372
     -1.507964473723101     -2.513274122871834     0.1064429926483502
     -1.507964473723101     -2.387610416728243     0.1022692837211207
     -1.507964473723101     -2.261946710584651    0.09440340444316919
     -1.507964473723101     -2.136283004441059    0.08449233761514392
     -1.507964473723101     -2.010619298297468    0.08021141607564519
     -1.507964473723101     -1.884955592153876    0.07941993506010082
     -1.507964473723101     -1.759291886010284    0.07147115720682268
     -1.507964473723101     -1.633628179866693    0.06157293967764387
     -1.507964473723101     -1.507964473723101    0.06263914022295869
     -1.507964473723101     -1.382300767579509    0.06824760176889413
     -1.507964473723101     -1.256637061435917     0.0624580485289217
     -1.507964473723101     -1.130973355292325     0.0456741410989657
     -1.507964473723101     -1.005309649148733    0.03141150825966604
     -1.507964473723101     -0.879645943005142     0.0267363518566951
     -1.507964473723101    -0.7539822368615505    0.02758840220887617
     -1.507964473723101    -0.6283185307179586     0.0295284877878579
     -1.507964473723101    -0.5026548245743667    0.03239278604621479
     -1.507964473723101    -0.3769911184307753    0.03398460288338088
     -1.507964473723101    -0.2513274122871838     0.0326728985384059
     -1.507964473723101    -0.1256637061435919    0.03515212598225179
     -1.507964473723101                      0    0.04506727902563469
     -1.507964473723101     0.1256637061435919    0.05322083913141747
     -1.507964473723101     0.2513274122871834    0.05616112941560918
     -1.507964473723101     0.3769911184307753    0.06274123696285704
     -1.507964473723101     0.5026548245743672    0.07106735243541749
     -1.507964473723101     0.6283185307179582    0.07332475022271509
     -1.507964473723101     0.7539822368615501    0.08053252624545301
     -1.507964473723101     0.8796459430051424     0.1001858189287315
     -1.507964473723101      1.005309649148734     0.1109186590946522
     -1.507964473723101      1.130973355292326    0.09897460669485643
     -1.507964473723101      1.256637061435917    0.08218537685122475
     -1.507964473723101      1.382300767579509    0.07541068230429353
     -1.507964473723101      1.507964473723101    0.07786856295142845
     -1.507964473723101      1.633628179866692    0.08873979965524005
     -1.507964473723101      1.759291886010284    0.09090917418187897
     -1.507964473723101      1.884955592153876    0.05803317461359789
     -1.507964473723101      2.010619298297467    0.01074915829274161
     -1.507964473723101       2.13628300444106  -0.004052887423495397
     -1.507964473723101      2.261946710584651   0.005100283023651734
     -1.507964473723101      2.387610416728243   0.004684834209426414
     -1.507964473723101      2.513274122871834    0.01002166861627019
     -1.507964473723101      2.638937829015426    0.03551326250456094
     -1.507964473723101      2.764601535159018    0.04772572040180996
     -1.507964473723101      2.890265241302609    0.03573363777566823
     -1.507964473723101      3.015928947446201    0.03308649515919784
     -1.382300767579509     -3.141592653589793    0.04115553585584799
     -1.382300767579509     -3.015928947446201    0.04844063858615844
     -1.382300767579509      -2.89026524130261    0.05518889582433457
     -1.382300767579509     -2.764601535159018    0.07200152144431526
     -1.382300767579509     -2.638937829015426    0.08738957829921529
     -1.382300767579509     -2.513274122871834    0.09089067057498731
     -1.382300767579509     -2.387610416728243    0.08765320419642457
     -1.382300767579509     -2.261946710584651    0.08136072206242072
     -1.382300767579509     -2.136283004441059    0.07341977078127175
     -1.382300767579509     -2.010619298297468    0.06966303497265523
     -1.382300767579509     -1.884955592153876     0.0683850929664209
     -1.382300767579509     -1.759291886010284     0.0610506032515008
     -1.382300767579509     -1.633628179866693    0.05147807140253403
     -1.382300767579509     -1.507964473723101    0.05041658467427048
     -1.382300767579509     -1.382300767579509    0.05418946016609689
     -1.382300767579509     -1.256637061435917    0.05041364241990733
     -1.382300767579509     -1.130973355292325    0.03794594992042662
     -1.382300767579509     -1.005309649148733    0.02668385962751763
     -1.382300767579509     -0.879645943005142    0.02297809693896924
     -1.382300767579509    -0.7539822368615505    0.02422445241752441
     -1.382300767579509    -0.6283185307179586    0.02661901210627384
     -1.382300767579509    -0.5026548245743667    0.02953891382481612
     -1.382300767579509    -0.3769911184307753    0.03092488411480709
     -1.382300767579509    -0.2513274122871838    0.02973647508167403
     -1.382300767579509    -0.1256637061435919    0.03220903546928045
     -1.382300767579509                      0    0.04137232759212644
     -1.382300767579509     0.1256637061435919    0.04873757288792655
     -1.382300767579509     0.2513274122871834    0.05133899521640193
     -1.382300767579509     0.3769911184307753    0.05727959509279255
     -1.382300767579509     0.5026548245743672    0.06445557414587709
     -1.382300767579509     0.6283185307179582    0.06504521843958518
     -1.382300767579509     0.7539822368615501    0.06880677768088722
     -1.382300767579509     0.8796459430051424    0.08379483988163766
     -1.382300767579509      1.005309649148734    0.09267486828310972
     -1.382300767579509      1.130973355292326    0.08344951703009622
     -1.382300767579509      1.256637061435917    0.07075992985940316
     -1.382300767579509      1.382300767579509    0.06679533209714286
     -1.382300767579509      1.507964473723101    0.07076644828303344
     -1.382300767579509      1.633628179866692    0.08182127954674988
     -1.382300767579509      1.759291886010284    0.08397348912975922
     -1.382300767579509      1.884955592153876    0.05348001972688476
     -1.382300767579509      2.010619298297467   0.009923036232200097
     -1.382300767579509       2.13628300444106   -0.00365680135673415
     -1.382300767579509      2.261946710584651   0.004662929080958798
     -1.382300767579509      2.387610416728243   0.004221142296376312
     -1.382300767579509      2.513274122871834   0.009341718857727898
     -1.382300767579509      2.638937829015426    0.03311654116086871
     -1.382300767579509      2.764601535159018    0.04437918971321581
     -1.382300767579509      2.890265241302609    0.03287044320638406
     -1.382300767579509      3.015928947446201    0.02961479412535232
     -1.256637061435917     -3.141592653589793    0.03863955425519806
     -1.256637061435917     -3.015928947446201    0.04549570398897167
     -1.256637061435917      -2.89026524130261    0.05196755321903096
     -1.256637061435917     -2.764601535159018     0.0680902269790534
     -1.256637061435917     -2.638937829015426    0.08267645771608691
     -1.256637061435917     -2.513274122871834    0.08578288229220528
     -1.256637061435917     -2.387610416728243    0.08261477658599524
     -1.256637061435917     -2.261946710584651    0.07678384741331921
     -1.256637061435917     -2.136283004441059    0.06937366080596322
     -1.256637061435917     -2.010619298297468    0.06577428851799695
     -1.256637061435917     -1.884955592153876    0.06460687607557086
     -1.256637061435917     -1.759291886010284     0.0578709852020502
     -1.256637061435917     -1.633628179866693    0.04874039691821053
     -1.256637061435917     -1.507964473723101    0.04719128914722053
     -1.256637061435917     -1.382300767579509    0.05033269824353106
     -1.256637061435917     -1.256637061435917    0.04687244632853243
     -1.256637061435917     -1.130973355292325    0.03535516536866244
     -1.256637061435917     -1.005309649148733    0.02482151194315479
     -1.256637061435917     -0.879645943005142    0.02146315392187704
     -1.256637061435917    -0.7539822368615505    0.02289258078404288
     -1.256637061435917    -0.6283185307179586    0.02531448743862201
     -1.256637061435917    -0.5026548245743667     0.0280847741389296
     -1.256637061435917    -0.3769911184307753     0.0293654912209851
     -1.256637061435917    -0.2513274122871838    0.02824754654379516
     -1.256637061435917    -0.1256637061435919    0.03065852014058728
     -1.256637061435917                      0    0.03938742836653427
     -1.256637061435917     0.1256637061435919    0.04623564173868099
     -1.256637061435917     0.2513274122871834    0.04842126676849282
     -1.256637061435917     0.3769911184307753    0.05371058643454051
     -1.256637061435917     0.5026548245743672    0.05975744662051145
     -1.256637061435917     0.6283185307179582    0.05867082172283264
     -1.256637061435917     0.7539822368615501    0.06006242103060312
     -1.256637061435917     0.8796459430051424    0.07271544526608716
     -1.256637061435917      1.005309649148734    0.08094905418658747
     -1.256637061435917      1.130973355292326    0.07307836273845236
     -1.256637061435917      1.256637061435917    0.06233769718579819
     -1.256637061435917      1.382300767579509    0.06018143386315348
     -1.256637061435917      1.507964473723101    0.06574220816872611
     -1.256637061435917      1.633628179866692    0.07739345951328615
     -1.256637061435917      1.759291886010284    0.07955395800786205
     -1.256637061435917      1.884955592153876    0.05047621489707042
     -1.256637061435917      2.010619298297467   0.009335864851173461
     -1.256637061435917       2.13628300444106  -0.003394419293394559
     -1.256637061435917      2.261946710584651   0.004418795351166957
     -1.256637061435917      2.387610416728243   0.003996453994443648
     -1.256637061435917      2.513274122871834   0.008923708126494918
     -1.256637061435917      2.638937829015426    0.03133498664194112
     -1.256637061435917      2.764601535159018     0.0417352739840782
     -1.256637061435917      2.890265241302609    0.03069547755459885
     -1.256637061435917      3.015928947446201    0.02766994824103421
     -1.130973355292325     -3.141592653589793     0.0364547108928511
     -1.130973355292325     -3.015928947446201    0.04592796171820106
     -1.130973355292325      -2.89026524130261    0.05679213709678175
     -1.130973355292325     -2.764601535159018    0.07505127932630282
     -1.130973355292325     -2.638937829015426    0.08818727912828989
     -1.130973355292325     -2.513274122871834    0.08902376900415851
     -1.130973355292325     -2.387610416728243    0.08469433896725696
     -1.130973355292325     -2.261946710584651    0.07764112571364634
     -1.130973355292325     -2.136283004441059    0.06865088256623084
     -1.130973355292325     -2.010619298297468    0.06511617286384307
     -1.130973355292325     -1.884955592153876    0.06559246743357459
     -1.130973355292325     -1.759291886010284    0.06034479715437981
     -1.130973355292325     -1.633628179866693    0.05377803412216987
     -1.130973355292325     -1.507964473723101    0.05676626528027716
     -1.130973355292325     -1.382300767579509    0.06220467056546404
     -1.130973355292325     -1.256637061435917    0.05558673885245989
     -1.130973355292325     -1.130973355292325    0.03892030094049746
     -1.130973355292325     -1.005309649148733    0.02563270990313463
     -1.130973355292325     -0.879645943005142    0.02156269087714683
     -1.130973355292325    -0.7539822368615505     0.0219878240301213
     -1.130973355292325    -0.6283185307179586     0.0227220497744831
     -1.130973355292325    -0.5026548245743667    0.02433013922027966
     -1.130973355292325    -0.3769911184307753    0.02554885246393754
     -1.130973355292325    -0.2513274122871838      0.024579300010213
     -1.130973355292325    -0.1256637061435919    0.02622316951791879
     -1.130973355292325                      0    0.03350179298836843
     -1.130973355292325     0.1256637061435919    0.03937231870736026
     -1.130973355292325     0.2513274122871834    0.04102155145136749
     -1.130973355292325     0.3769911184307753    0.04519814653801188
     -1.130973355292325     0.5026548245743672    0.05028990799375879
     -1.130973355292325     0.6283185307179582    0.05052245365590577
     -1.130973355292325     0.7539822368615501    0.05547840497241953
     -1.130973355292325     0.8796459430051424    0.07141466900633536
     -1.130973355292325      1.005309649148734    0.08052821785508149
     -1.130973355292325      1.130973355292326    0.07087353934591173
     -1.130973355292325      1.256637061435917    0.05696603206831818
     -1.130973355292325      1.382300767579509     0.0519792861612353
     -1.130973355292325      1.507964473723101    0.05517388265507277
     -1.130973355292325      1.633628179866692    0.06413880141194335
     -1.130973355292325      1.759291886010284    0.06574581570519344
     -1.130973355292325      1.884955592153876    0.04172894785329852
     -1.130973355292325      2.010619298297467   0.007627141564979607
     -1.130973355292325       2.13628300444106  -0.002911814341610774
     -1.130973355292325      2.261946710584651   0.003774905257868708
     -1.130973355292325      2.387610416728243   0.003565419586446787
     -1.130973355292325      2.513274122871834   0.007279844284587987
     -1.130973355292325      2.638937829015426    0.02505008175135735
     -1.130973355292325      2.764601535159018    0.03326092534690545
     -1.130973355292325      2.890265241302609    0.02500223280078025
     -1.130973355292325      3.015928947446201    0.02462909004828478
     -1.005309649148733     -3.141592653589793    0.02935522436308874
     -1.005309649148733     -3.015928947446201    0.04019717616009742
     -1.005309649148733      -2.89026524130261    0.05390284756458526
     -1.005309649148733     -2.764601535159018    0.07148199198342522
     -1.005309649148733     -2.638937829015426    0.08122071171932284
     -1.005309649148733     -2.513274122871834    0.07985673866411015
     -1.005309649148733     -2.387610416728243    0.07508177353912308
     -1.005309649148733     -2.261946710584651    0.06764028007221584
     -1.005309649148733     -2.136283004441059    0.05819566603616308
     -1.005309649148733     -2.010619298297468    0.05528634899792086
     -1.005309649148733     -1.884955592153876     0.0573287892340747
     -1.005309649148733     -1.759291886010284    0.05411504282033865
     -1.005309649148733     -1.633628179866693    0.05120161901311653
     -1.005309649148733     -1.507964473723101    0.05905646542769136
     -1.005309649148733     -1.382300767579509    0.06657768601837497
     -1.005309649148733     -1.256637061435917    0.05753900405642351
     -1.005309649148733     -1.130973355292325    0.03765193749715734
     -1.005309649148733     -1.005309649148733    0.02330011686065347
     -1.005309649148733     -0.879645943005142    0.01890814258572243
     -1.005309649148733    -0.7539822368615505    0.01794685655731073
     -1.005309649148733    -0.6283185307179586    0.01666176233248283
     -1.005309649148733    -0.5026548245743667    0.01684014133889711
     -1.005309649148733    -0.3769911184307753    0.01785725374707987
     -1.005309649148733    -0.2513274122871838    0.01717078936520376
     -1.005309649148733    -0.1256637061435919     0.0177087058253213
     -1.005309649148733                      0    0.02238998723372533
     -1.005309649148733     0.1256637061435919    0.02656170950518207
     -1.005309649148733     0.2513274122871834    0.02775252387643144
     -1.005309649148733     0.3769911184307753    0.03058466673977156
     -1.005309649148733     0.5026548245743672    0.03485041489478184
     -1.005309649148733     0.6283185307179582     0.0383518941428462
     -1.005309649148733     0.7539822368615501    0.04882104470668951
     -1.005309649148733     0.8796459430051424    0.06765257431887502
     -1.005309649148733      1.005309649148734    0.07656286872304077
     -1.005309649148733      1.130973355292326    0.06544467330216791
     -1.005309649148733      1.256637061435917    0.04878202093632369
     -1.005309649148733      1.382300767579509    0.03971746906254715
     -1.005309649148733      1.507964473723101    0.03789153776653048
     -1.005309649148733      1.633628179866692    0.04140793552245527
     -1.005309649148733      1.759291886010284    0.04207067197301751
     -1.005309649148733      1.884955592153876    0.02694361250864068
     -1.005309649148733      2.010619298297467   0.004847899448314701
     -1.005309649148733       2.13628300444106  -0.002078395127113843
     -1.005309649148733      2.261946710584651   0.002566831653301791
     -1.005309649148733      2.387610416728243   0.002610525591710283
     -1.005309649148733      2.513274122871834   0.004453206321442602
     -1.005309649148733      2.638937829015426    0.01502494547064303
     -1.005309649148733      2.764601535159018    0.02012144938182833
     -1.005309649148733      2.890265241302609    0.01607245301234666
     -1.005309649148733      3.015928947446201    0.01840476493763773
     -0.879645943005142     -3.141592653589793    0.02077300385263942
     -0.879645943005142     -3.015928947446201     0.0293204249071055
     -0.879645943005142      -2.89026524130261    0.04040465469676587
     -0.879645943005142     -2.764601535159018    0.05373100292414316
     -0.879645943005142     -2.638937829015426    0.06043981707934454
     -0.879645943005142     -2.513274122871834    0.05886525575577008
     -0.879645943005142     -2.387610416728243    0.05509631378299061
     -0.879645943005142     -2.261946710584651    0.04937802813388468
     -0.879645943005142     -2.136283004441059    0.04211214248860246
     -0.879645943005142     -2.010619298297468    0.04001321181808551
     -0.879645943005142     -1.884955592153876    0.04191797159751155
     -0.879645943005142     -1.759291886010284    0.03996577522112603
     -0.879645943005142     -1.633628179866693    0.03850108267275085
     -0.879645943005142     -1.507964473723101    0.04535776308807469
     -0.879645943005142     -1.382300767579509    0.05140244952963713
     -0.879645943005142     -1.256637061435917    0.04402918331450567
     -0.879645943005142     -1.130973355292325    0.02826594688727898
     -0.879645943005142     -1.005309649148733    0.01713414971002588
     -0.879645943005142     -0.879645943005142     0.0137631302028537
     -0.879645943005142    -0.7539822368615505    0.01281290378537977
     -0.879645943005142    -0.6283185307179586     0.0114511453098427
     -0.879645943005142    -0.5026548245743667    0.01128435781989528
     -0.879645943005142    -0.3769911184307753    0.01200722092732847
     -0.879645943005142    -0.2513274122871838    0.01154626952687302
     -0.879645943005142    -0.1256637061435919    0.01174284381597345
     -0.879645943005142                      0    0.01477635961708234
     -0.879645943005142     0.1256637061435919    0.01755670629631846
     -0.879645943005142     0.2513274122871834    0.01828010515040668
     -0.879645943005142     0.3769911184307753    0.02004833761625734
     -0.879645943005142     0.5026548245743672    0.02289096853339127
     -0.879645943005142     0.6283185307179582    0.02574134990627473
     -0.879645943005142     0.7539822368615501    0.03421906208779237
     -0.879645943005142     0.8796459430051424    0.04871521086454579
     -0.879645943005142      1.005309649148734    0.05541283650090498
     -0.879645943005142      1.130973355292326    0.04689283773784225
     -0.879645943005142      1.256637061435917    0.03399781390485975
     -0.879645943005142      1.382300767579509    0.02671740697487118
     -0.879645943005142      1.507964473723101    0.02482069611344673
     -0.879645943005142      1.633628179866692    0.02671362677709781
     -0.879645943005142      1.759291886010284    0.02705643773268437
     -0.879645943005142      1.884955592153876    0.01734883483393636
     -0.879645943005142      2.010619298297467   0.003086542080535688
     -0.879645943005142       2.13628300444106  -0.001386239076537547
     -0.879645943005142      2.261946710584651   0.001701466514652095
     -0.879645943005142      2.387610416728243   0.001787461107865367
     -0.879645943005142      2.513274122871834   0.002818837742820714
     -0.879645943005142      2.638937829015426   0.009316754671677745
     -0.879645943005142      2.764601535159018    0.01245745660731322
     -0.879645943005142      2.890265241302609    0.01022137617809323
     -0.879645943005142      3.015928947446201    0.01259447898989377
    -0.7539822368615505     -3.141592653589793    0.01683997856125362
    -0.7539822368615505     -3.015928947446201    0.02284269445813623
    -0.7539822368615505      -2.89026524130261    0.03052106597284231
    -0.7539822368615505     -2.764601535159018    0.04085043844155746
    -0.7539822368615505     -2.638937829015426    0.04668830309637803
    -0.7539822368615505     -2.513274122871834    0.04581213347906325
    -0.7539822368615505     -2.387610416728243    0.04299420709954252
    -0.7539822368615505     -2.261946710584651     0.0389608641073744
    -0.7539822368615505     -2.136283004441059    0.03376852697271021
    -0.7539822368615505     -2.010619298297468      0.032006041323317
    -0.7539822368615505     -1.884955592153876    0.03309825485440628
    -0.7539822368615505     -1.759291886010284    0.03138337907903527
    -0.7539822368615505     -1.633628179866693    0.02934072401019441
    -0.7539822368615505     -1.507964473723101    0.03269068695806533
    -0.7539822368615505     -1.382300767579509    0.03622700735958966
    -0.7539822368615505     -1.256637061435917    0.03143307194271298
    -0.7539822368615505     -1.130973355292325    0.02076158868457945
    -0.7539822368615505     -1.005309649148733    0.01285457578691916
    -0.7539822368615505     -0.879645943005142    0.01058219779636579
    -0.7539822368615505    -0.7539822368615505     0.0104799546481059
    -0.7539822368615505    -0.6283185307179586    0.01011839956737625
    -0.7539822368615505    -0.5026548245743667    0.01034307604121058
    -0.7539822368615505    -0.3769911184307753     0.0108960152853548
    -0.7539822368615505    -0.2513274122871838    0.01049222901394142
    -0.7539822368615505    -0.1256637061435919    0.01098096924409744
    -0.7539822368615505                      0    0.01392514387784146
    -0.7539822368615505     0.1256637061435919    0.01626895451141211
    -0.7539822368615505     0.2513274122871834    0.01661351331744668
    -0.7539822368615505     0.3769911184307753    0.01788637225280212
    -0.7539822368615505     0.5026548245743672     0.0193832870834478
    -0.7539822368615505     0.6283185307179582    0.01891723484716287
    -0.7539822368615505     0.7539822368615501    0.02153387096482673
    -0.7539822368615505     0.8796459430051424    0.02996308976734298
    -0.7539822368615505      1.005309649148734    0.03481694904564524
    -0.7539822368615505      1.130973355292326    0.02976178390430531
    -0.7539822368615505      1.256637061435917    0.02220331052244029
    -0.7539822368615505      1.382300767579509    0.01950628896323046
    -0.7539822368615505      1.507964473723101    0.02127532055199254
    -0.7539822368615505      1.633628179866692    0.02529631468537742
    -0.7539822368615505      1.759291886010284    0.02591347468115036
    -0.7539822368615505      1.884955592153876    0.01631294979677188
    -0.7539822368615505      2.010619298297467    0.00290379242840354
    -0.7539822368615505       2.13628300444106  -0.001159376775768482
    -0.7539822368615505      2.261946710584651   0.001563288605456571
    -0.7539822368615505      2.387610416728243   0.001562273467975608
    -0.7539822368615505      2.513274122871834   0.002867443553307421
    -0.7539822368615505      2.638937829015426   0.009332366979148507
    -0.7539822368615505      2.764601535159018    0.01213268861308318
    -0.7539822368615505      2.890265241302609   0.009297610857948769
    -0.7539822368615505      3.015928947446201    0.01048184055812486
    -0.6283185307179586     -3.141592653589793    0.01672759100947413
    -0.6283185307179586     -3.015928947446201    0.02240278401350517
    -0.6283185307179586      -2.89026524130261    0.02951758816244148
    -0.6283185307179586     -2.764601535159018    0.03931987970465155
    -0.6283185307179586     -2.638937829015426    0.04510483564681503
    -0.6283185307179586     -2.513274122871834    0.04452259081702867
    -0.6283185307179586     -2.387610416728243    0.04191456630508351
    -0.6283185307179586     -2.261946710584651    0.03801236801714991
    -0.6283185307179586     -2.136283004441059    0.03301678016641862
    -0.6283185307179586     -2.010619298297468    0.03131643243275808
    -0.6283185307179586     -1.884955592153876    0.03223808826751198
    -0.6283185307179586     -1.759291886010284    0.03035397447171632
    -0.6283185307179586     -1.633628179866693    0.02820913845341237
    -0.6283185307179586     -1.507964473723101    0.03141010004702868
    -0.6283185307179586     -1.382300767579509    0.03490089085438376
    -0.6283185307179586     -1.256637061435917    0.03040632941088312
    -0.6283185307179586     -1.130973355292325    0.02024697179110112
    -0.6283185307179586     -1.005309649148733     0.0126829802000194
    -0.6283185307179586     -0.879645943005142    0.01044680513774521
    -0.6283185307179586    -0.7539822368615505    0.01029655764971987
    -0.6283185307179586    -0.6283185307179586   0.009991306406215756
    -0.6283185307179586    -0.5026548245743667    0.01029285800221348
    -0.6283185307179586    -0.3769911184307753    0.01085178111680001
    -0.6283185307179586    -0.2513274122871838    0.01044391592391715
    -0.6283185307179586    -0.1256637061435919    0.01094151559226921
    -0.6283185307179586                      0    0.01388963733730064
    -0.6283185307179586     0.1256637061435919    0.01630723893611398
    -0.6283185307179586     0.2513274122871834    0.01682094296266653
    -0.6283185307179586     0.3769911184307753    0.01831021635717121
    -0.6283185307179586     0.5026548245743672    0.02021202416470755
    -0.6283185307179586     0.6283185307179582    0.02048270597291857
    -0.6283185307179586     0.7539822368615501    0.02385317390746576
    -0.6283185307179586     0.8796459430051424    0.03259048275724173
    -0.6283185307179586      1.005309649148734    0.03734072371209042
    -0.6283185307179586      1.130973355292326    0.03211629591733657
    -0.6283185307179586      1.256637061435917    0.02435041126491107
    -0.6283185307179586      1.382300767579509    0.02113359319582666
    -0.6283185307179586      1.507964473723101    0.02213125913877095
    -0.6283185307179586      1.633628179866692    0.02565404227567119
    -0.6283185307179586      1.759291886010284    0.02623461367221259
    -0.6283185307179586      1.884955592153876    0.01661346721158557
    -0.6283185307179586      2.010619298297467   0.002983949196045193
    -0.6283185307179586       2.13628300444106  -0.001198755339122698
    -0.6283185307179586      2.261946710584651    0.00156821696429397
    -0.6283185307179586      2.387610416728243   0.001553585687745869
    -0.6283185307179586      2.513274122871834    0.00287470733827628
    -0.6283185307179586      2.638937829015426    0.00956309187300765
    -0.6283185307179586      2.764601535159018     0.0125835169697997
    -0.6283185307179586      2.890265241302609   0.009688764412770154
    -0.6283185307179586      3.015928947446201    0.01061861507592297
    -0.5026548245743667     -3.141592653589793    0.01576732293596302
    -0.5026548245743667     -3.015928947446201    0.02102014758339386
    -0.5026548245743667      -2.89026524130261    0.02725247854349731
    -0.5026548245743667     -2.764601535159018    0.03545769068708146
    -0.5026548245743667     -2.638937829015426    0.04051578316870405
    -0.5026548245743667     -2.513274122871834    0.04052750956935577
    -0.5026548245743667     -2.387610416728243    0.03846570928063223
    -0.5026548245743667     -2.261946710584651    0.03458860069744146
    -0.5026548245743667     -2.136283004441059    0.02978013853505374
    -0.5026548245743667     -2.010619298297468    0.02839041713297284
    -0.5026548245743667     -1.884955592153876    0.02913910969399042
    -0.5026548245743667     -1.759291886010284    0.02690729008409643
    -0.5026548245743667     -1.633628179866693    0.02526999400416363
    -0.5026548245743667     -1.507964473723101    0.02982569744742674
    -0.5026548245743667     -1.382300767579509    0.03424440812029493
    -0.5026548245743667     -1.256637061435917    0.02981523027080484
    -0.5026548245743667     -1.130973355292325    0.01978447658241329
    -0.5026548245743667     -1.005309649148733    0.01259258490048278
    -0.5026548245743667     -0.879645943005142    0.01014708027566655
    -0.5026548245743667    -0.7539822368615505   0.009264633422898585
    -0.5026548245743667    -0.6283185307179586   0.008495591632685248
    -0.5026548245743667    -0.5026548245743667   0.008711926421806871
    -0.5026548245743667    -0.3769911184307753   0.009298425930732237
    -0.5026548245743667    -0.2513274122871838    0.00891896933446552
    -0.5026548245743667    -0.1256637061435919   0.009137124501614061
    -0.5026548245743667                      0    0.01156479450373697
    -0.5026548245743667     0.1256637061435919    0.01404783012021926
    -0.5026548245743667     0.2513274122871834    0.01528724860890612
    -0.5026548245743667     0.3769911184307753    0.01754411696015696
    -0.5026548245743667     0.5026548245743672    0.02135940477175614
    -0.5026548245743667     0.6283185307179582    0.02637567463095333
    -0.5026548245743667     0.7539822368615501    0.03573203970826466
    -0.5026548245743667     0.8796459430051424    0.04803885740596918
    -0.5026548245743667      1.005309649148734    0.05279645389548633
    -0.5026548245743667      1.130973355292326    0.04560312284081836
    -0.5026548245743667      1.256637061435917    0.03492429492813365
    -0.5026548245743667      1.382300767579509    0.02737497573250011
    -0.5026548245743667      1.507964473723101    0.02300681355501655
    -0.5026548245743667      1.633628179866692    0.02265145513497694
    -0.5026548245743667      1.759291886010284    0.02279797539688172
    -0.5026548245743667      1.884955592153876    0.01498102115466709
    -0.5026548245743667      2.010619298297467   0.002775079964319256
    -0.5026548245743667       2.13628300444106  -0.001247847127938582
    -0.5026548245743667      2.261946710584651   0.001365272280891038
    -0.5026548245743667      2.387610416728243   0.001370461904381401
    -0.5026548245743667      2.513274122871834   0.002281902381744913
    -0.5026548245743667      2.638937829015426   0.008378997646743628
    -0.5026548245743667      2.764601535159018    0.01175876732677829
    -0.5026548245743667      2.890265241302609   0.009679164405095423
    -0.5026548245743667      3.015928947446201    0.01042475532602354
    -0.3769911184307753     -3.141592653589793    0.01455843699546584
    -0.3769911184307753     -3.015928947446201    0.01904554757694947
    -0.3769911184307753      -2.89026524130261    0.02404821108696211
    -0.3769911184307753     -2.764601535159018    0.03073985649172952
    -0.3769911184307753     -2.638937829015426    0.03525697005125223
    -0.3769911184307753     -2.513274122871834    0.03579271906973749
    -0.3769911184307753     -2.387610416728243    0.03424577652880136
    -0.3769911184307753     -2.261946710584651    0.03071623702979125
    -0.3769911184307753     -2.136283004441059    0.02642756433275544
    -0.3769911184307753     -2.010619298297468    0.02527614765942386
    -0.3769911184307753     -1.884955592153876    0.02573861953221874
    -0.3769911184307753     -1.759291886010284     0.0233124396417727
    -0.3769911184307753     -1.633628179866693    0.02180154999047824
    -0.3769911184307753     -1.507964473723101    0.02639749386214751
    -0.3769911184307753     -1.382300767579509    0.03084440041337832
    -0.3769911184307753     -1.256637061435917    0.02699426940114686
    -0.3769911184307753     -1.130973355292325    0.01807984794335627
    -0.3769911184307753     -1.005309649148733    0.01175038561665605
    -0.3769911184307753     -0.879645943005142   0.009399129618102511
    -0.3769911184307753    -0.7539822368615505   0.008271098015258467
    -0.3769911184307753    -0.6283185307179586   0.007455509818356082
    -0.3769911184307753    -0.5026548245743667     0.0077214728146552
    -0.3769911184307753    -0.3769911184307753   0.008294824870991481
    -0.3769911184307753    -0.2513274122871838   0.007938434706056216
    -0.3769911184307753    -0.1256637061435919   0.008066569103273212
    -0.3769911184307753                      0    0.01021309653871824
    -0.3769911184307753     0.1256637061435919    0.01267921269915266
    -0.3769911184307753     0.2513274122871834    0.01428251835873443
    -0.3769911184307753     0.3769911184307753    0.01692054981406126
    -0.3769911184307753     0.5026548245743672    0.02162166187445512
    -0.3769911184307753     0.6283185307179582    0.02874860426040277
    -0.3769911184307753     0.7539822368615501    0.04041892402767651
    -0.3769911184307753     0.8796459430051424    0.05361446989807667
    -0.3769911184307753      1.005309649148734    0.05802300251249324
    -0.3769911184307753      1.130973355292326     0.0503601040177418
    -0.3769911184307753      1.256637061435917    0.03903730936084752
    -0.3769911184307753      1.382300767579509    0.02988071623443546
    -0.3769911184307753      1.507964473723101    0.02313222851158146
    -0.3769911184307753      1.633628179866692    0.02098649841570089
    -0.3769911184307753      1.759291886010284    0.02094531791826035
    -0.3769911184307753      1.884955592153876    0.01406568744257596
    -0.3769911184307753      2.010619298297467    0.00266332007910801
    -0.3769911184307753       2.13628300444106  -0.001247141919365788
    -0.3769911184307753      2.261946710584651   0.001238958426335249
    -0.3769911184307753      2.387610416728243   0.001234735241080111
    -0.3769911184307753      2.513274122871834   0.001988541133707413
    -0.3769911184307753      2.638937829015426   0.007851635443374241
    -0.3769911184307753      2.764601535159018     0.0114310559471498
    -0.3769911184307753      2.890265241302609   0.009646360024267287
    -0.3769911184307753      3.015928947446201     0.0100068546685968
    -0.2513274122871838     -3.141592653589793    0.01553456852510725
    -0.2513274122871838     -3.015928947446201    0.02135525473622683
    -0.2513274122871838      -2.89026524130261    0.02863100494467812
    -0.2513274122871838     -2.764601535159018    0.03770044119390461
    -0.2513274122871838     -2.638937829015426    0.04269601208455298
    -0.2513274122871838     -2.513274122871834    0.04208357084337677
    -0.2513274122871838     -2.387610416728243    0.03963949352774559
    -0.2513274122871838     -2.261946710584651    0.03557411403390768
    -0.2513274122871838     -2.136283004441059    0.03046512468724508
    -0.2513274122871838     -2.010619298297468    0.02899245295216105
    -0.2513274122871838     -1.884955592153876    0.03009345604503097
    -0.2513274122871838     -1.759291886010284    0.02828082802999815
    -0.2513274122871838     -1.633628179866693    0.02694852636071373
    -0.2513274122871838     -1.507964473723101    0.03179901537615119
    -0.2513274122871838     -1.382300767579509    0.03625754236604718
    -0.2513274122871838     -1.256637061435917    0.03127955039367008
    -0.2513274122871838     -1.130973355292325    0.02037733650097295
    -0.2513274122871838     -1.005309649148733    0.01263209977994696
    -0.2513274122871838     -0.879645943005142    0.01015851960893026
    -0.2513274122871838    -0.7539822368615505   0.009362807163456131
    -0.2513274122871838    -0.6283185307179586    0.00845958025447327
    -0.2513274122871838    -0.5026548245743667   0.008492125514422778
    -0.2513274122871838    -0.3769911184307753   0.009051019370133362
    -0.2513274122871838    -0.2513274122871838   0.008692729769594426
    -0.2513274122871838    -0.1256637061435919   0.008867921200797678
    -0.2513274122871838                      0    0.01118912777620922
    -0.2513274122871838     0.1256637061435919    0.01344327507141598
    -0.2513274122871838     0.2513274122871834    0.01431375568830911
    -0.2513274122871838     0.3769911184307753    0.01607055681641024
    -0.2513274122871838     0.5026548245743672     0.0189905864852442
    -0.2513274122871838     0.6283185307179582    0.02250755405483913
    -0.2513274122871838     0.7539822368615501    0.03028504588918271
    -0.2513274122871838     0.8796459430051424    0.04178622149114121
    -0.2513274122871838      1.005309649148734    0.04664843702199187
    -0.2513274122871838      1.130973355292326    0.03990891936658345
    -0.2513274122871838      1.256637061435917    0.02980586021737171
    -0.2513274122871838      1.382300767579509    0.02336232339687807
    -0.2513274122871838      1.507964473723101    0.02051565250272442
    -0.2513274122871838      1.633628179866692    0.02105099953758934
    -0.2513274122871838      1.759291886010284    0.02124910071778903
    -0.2513274122871838      1.884955592153876    0.01380061160748143
    -0.2513274122871838      2.010619298297467   0.002507148265840683
    -0.2513274122871838       2.13628300444106  -0.001128659051602508
    -0.2513274122871838      2.261946710584651   0.001304826212404065
    -0.2513274122871838      2.387610416728243   0.001341682805467182
    -0.2513274122871838      2.513274122871834   0.002167484899320643
    -0.2513274122871838      2.638937829015426    0.00756140460836381
    -0.2513274122871838      2.764601535159018    0.01037738874354295
    -0.2513274122871838      2.890265241302609    0.00853813601048089
    -0.2513274122871838      3.015928947446201   0.009823740137088562
    -0.1256637061435919     -3.141592653589793    0.01425210871753975
    -0.1256637061435919     -3.015928947446201    0.02115339963804524
    -0.1256637061435919      -2.89026524130261    0.03067123495276275
    -0.1256637061435919     -2.764601535159018     0.0416562554956053
    -0.1256637061435919     -2.638937829015426    0.04639324872082749
    -0.1256637061435919     -2.513274122871834    0.04417405585225003
    -0.1256637061435919     -2.387610416728243    0.04082743757436005
    -0.1256637061435919     -2.261946710584651     0.0365784759161667
    -0.1256637061435919     -2.136283004441059    0.03104180478443526
    -0.1256637061435919     -2.010619298297468    0.02937788056615733
    -0.1256637061435919     -1.884955592153876    0.03128771238517093
    -0.1256637061435919     -1.759291886010284    0.03068507294605821
    -0.1256637061435919     -1.633628179866693    0.03000697326054631
    -0.1256637061435919     -1.507964473723101    0.03482831131497875
    -0.1256637061435919     -1.382300767579509     0.0388105144282587
    -0.1256637061435919     -1.256637061435917    0.03284795047663289
    -0.1256637061435919     -1.130973355292325    0.02057197639411358
    -0.1256637061435919     -1.005309649148733    0.01192182339390134
    -0.1256637061435919     -0.879645943005142   0.009607216271262854
    -0.1256637061435919    -0.7539822368615505   0.009286622065321297
    -0.1256637061435919    -0.6283185307179586   0.008265266226461879
    -0.1256637061435919    -0.5026548245743667   0.007888356023064071
    -0.1256637061435919    -0.3769911184307753   0.008337280163838954
    -0.1256637061435919    -0.2513274122871838   0.008043900336286007
    -0.1256637061435919    -0.1256637061435919   0.008189837222889906
    -0.1256637061435919                      0    0.01026316325608999
    -0.1256637061435919     0.1256637061435919    0.01181066368188768
    -0.1256637061435919     0.2513274122871834    0.01153856233668098
    -0.1256637061435919     0.3769911184307753    0.01177325961183666
    -0.1256637061435919     0.5026548245743672    0.01182210846244789
    -0.1256637061435919     0.6283185307179582    0.01016086801987814
    -0.1256637061435919     0.7539822368615501    0.01192246985546632
    -0.1256637061435919     0.8796459430051424    0.01970505427097734
    -0.1256637061435919      1.005309649148734    0.02449182062876623
    -0.1256637061435919      1.130973355292326    0.01985164420300678
    -0.1256637061435919      1.256637061435917    0.01263800213102738
    -0.1256637061435919      1.382300767579509    0.01051512002536302
    -0.1256637061435919      1.507964473723101     0.0130400101910706
    -0.1256637061435919      1.633628179866692    0.01679522104640253
    -0.1256637061435919      1.759291886010284    0.01723133546697009
    -0.1256637061435919      1.884955592153876    0.01060141572997145
    -0.1256637061435919      2.010619298297467   0.001773828591107652
    -0.1256637061435919       2.13628300444106 -0.0007591727564708283
    -0.1256637061435919      2.261946710584651   0.001137318489324679
    -0.1256637061435919      2.387610416728243     0.0012403992810316
    -0.1256637061435919      2.513274122871834   0.001932579697870156
    -0.1256637061435919      2.638937829015426   0.005492760329627866
    -0.1256637061435919      2.764601535159018   0.006688865372589075
    -0.1256637061435919      2.890265241302609   0.005293090214094626
    -0.1256637061435919      3.015928947446201    0.00782073234241663
                      0     -3.141592653589793   0.007885825931756621
                      0     -3.015928947446201     0.0126578690919366
                      0      -2.89026524130261    0.01961949970678738
                      0     -2.764601535159018     0.0272055195693543
                      0     -2.638937829015426    0.02986760745592926
                      0     -2.513274122871834     0.0276903514961376
                      0     -2.387610416728243    0.02520921203133622
                      0     -2.261946710584651    0.02250938962398758
                      0     -2.136283004441059    0.01890617904212476
                      0     -2.010619298297468    0.01782103526092314
                      0     -1.884955592153876     0.0194184463088599
                      0     -1.759291886010284    0.01967904864419598
                      0     -1.633628179866693    0.01969363753275764
                      0     -1.507964473723101    0.02280247138904645
                      0     -1.382300767579509    0.02509373332355249
                      0     -1.256637061435917    0.02090394210562502
                      0     -1.130973355292325    0.01264103824928254
                      0     -1.005309649148733   0.006889953463648175
                      0     -0.879645943005142   0.005534884948423715
                      0    -0.7539822368615505   0.005509333196508624
                      0    -0.6283185307179586   0.004758798694114085
                      0    -0.5026548245743667   0.004289030814983746
                      0    -0.3769911184307753    0.00450608810935638
                      0    -0.2513274122871838   0.004366323263472804
                      0    -0.1256637061435919    0.00440346839214258
                      0                      0    0.00546760604872558
                      0     0.1256637061435919    0.00602952892019805
                      0     0.2513274122871834    0.00531959714754475
                      0     0.3769911184307753      0.004713807979828
                      0     0.5026548245743672   0.003389790933489584
                      0     0.6283185307179582  9.738964281777625e-05
                      0     0.7539822368615501  -0.001407341570130421
                      0     0.8796459430051424    0.00174294655132794
                      0      1.005309649148734   0.004631807753096705
                      0      1.130973355292326   0.002708366619580661
                      0      1.256637061435917  -0.000471325207409598
                      0      1.382300767579509  8.011075849958214e-05
                      0      1.507964473723101   0.003929225392398804
                      0      1.633628179866692   0.007523666281020983
                      0      1.759291886010284   0.007867477813856279
                      0      1.884955592153876   0.004497069185331834
                      0      2.010619298297467  0.0006503735889849592
                      0       2.13628300444106 -0.0002651364936716477
                      0      2.261946710584651  0.0005767620949193798
                      0      2.387610416728243  0.0006792980517607791
                      0      2.513274122871834  0.0009759257740857182
                      0      2.638937829015426   0.002057529942472686
                      0      2.764601535159018    0.00193331591204263
                      0      2.890265241302609   0.001430718572146012
                      0      3.015928947446201   0.003646191827884145
     0.1256637061435919     -3.141592653589793   0.004005613659022801
     0.1256637061435919     -3.015928947446201   0.007222642428888364
     0.1256637061435919      -2.89026524130261    0.01202150405358858
     0.1256637061435919     -2.764601535159018    0.01669922630750375
     0.1256637061435919     -2.638937829015426    0.01789516890641792
     0.1256637061435919     -2.513274122871834    0.01622599695480082
     0.1256637061435919     -2.387610416728243    0.01460439691274452
     0.1256637061435919     -2.261946710584651    0.01282868132493783
     0.1256637061435919     -2.136283004441059    0.01047428781075553
     0.1256637061435919     -2.010619298297468   0.009882007047624356
     0.1256637061435919     -1.884955592153876    0.01111129552673228
     0.1256637061435919     -1.759291886010284    0.01154486383295786
     0.1256637061435919     -1.633628179866693    0.01208312693699098
     0.1256637061435919     -1.507964473723101    0.01480098115562643
     0.1256637061435919     -1.382300767579509    0.01659230893148438
     0.1256637061435919     -1.256637061435917    0.01358542063551595
     0.1256637061435919     -1.130973355292325   0.007870964347897878
     0.1256637061435919     -1.005309649148733     0.0040692383526068
     0.1256637061435919     -0.879645943005142   0.003150767743269716
     0.1256637061435919    -0.7539822368615505   0.002910422593738029
     0.1256637061435919    -0.6283185307179586   0.002131179088675107
     0.1256637061435919    -0.5026548245743667   0.001629288907588816
     0.1256637061435919    -0.3769911184307753   0.001741017224418478
     0.1256637061435919    -0.2513274122871838   0.001692340911934832
     0.1256637061435919    -0.1256637061435919   0.001550485349585758
     0.1256637061435919                      0   0.001846619490032835
     0.1256637061435919     0.1256637061435919   0.001972270460321504
     0.1256637061435919     0.2513274122871834   0.001486943594170959
     0.1256637061435919     0.3769911184307753  0.0009469157280823572
     0.1256637061435919     0.5026548245743672  6.998798803947476e-05
     0.1256637061435919     0.6283185307179582  -0.001372439116557258
     0.1256637061435919     0.7539822368615501  -0.001309010211629146
     0.1256637061435919     0.8796459430051424   0.001257357452366652
     0.1256637061435919      1.005309649148734   0.003073014044456923
     0.1256637061435919      1.130973355292326   0.001557404083298313
     0.1256637061435919      1.256637061435917 -0.0009799241618172541
     0.1256637061435919      1.382300767579509  -0.001381083173490881
     0.1256637061435919      1.507964473723101  0.0001467297611697583
     0.1256637061435919      1.633628179866692   0.001516873945266042
     0.1256637061435919      1.759291886010284   0.001586480642632131
     0.1256637061435919      1.884955592153876  0.0007473339278476448
     0.1256637061435919      2.010619298297467  2.029953218662259e-05
     0.1256637061435919       2.13628300444106 -5.565205394146797e-05
     0.1256637061435919      2.261946710584651  0.0001916360193158864
     0.1256637061435919      2.387610416728243  0.0002930639494399872
     0.1256637061435919      2.513274122871834  0.0002048930969786627
     0.1256637061435919      2.638937829015426 -0.0001294622679936457
     0.1256637061435919      2.764601535159018 -0.0006254373868238076
     0.1256637061435919      2.890265241302609 -0.0003267202841694254
     0.1256637061435919      3.015928947446201   0.001454621431149707
     0.2513274122871834     -3.141592653589793   0.005885556173456776
     0.2513274122871834     -3.015928947446201   0.009958333286593063
     0.2513274122871834      -2.89026524130261    0.01577867277371027
     0.2513274122871834     -2.764601535159018    0.02141971083869996
     0.2513274122871834     -2.638937829015426     0.0230612001551207
     0.2513274122871834     -2.513274122871834     0.0213640032904969
     0.2513274122871834     -2.387610416728243    0.01948772324178489
     0.2513274122871834     -2.261946710584651    0.01706539548196827
     0.2513274122871834     -2.136283004441059    0.01394166778650286
     0.2513274122871834     -2.010619298297468    0.01322826605417713
     0.2513274122871834     -1.884955592153876     0.0146489506287577
     0.2513274122871834     -1.759291886010284    0.01478978021855883
     0.2513274122871834     -1.633628179866693    0.01540830567863157
     0.2513274122871834     -1.507964473723101     0.0194540345252359
     0.2513274122871834     -1.382300767579509    0.02228075321850628
     0.2513274122871834     -1.256637061435917    0.01841021894071938
     0.2513274122871834     -1.130973355292325    0.01088725157781495
     0.2513274122871834     -1.005309649148733   0.005927332781372722
     0.2513274122871834     -0.879645943005142   0.004551421820371722
     0.2513274122871834    -0.7539822368615505   0.003931480269217317
     0.2513274122871834    -0.6283185307179586   0.002801589946475676
     0.2513274122871834    -0.5026548245743667   0.002222188681654984
     0.2513274122871834    -0.3769911184307753   0.002420514884663106
     0.2513274122871834    -0.2513274122871838   0.002335146187338497
     0.2513274122871834    -0.1256637061435919   0.002099390729309378
     0.2513274122871834                      0   0.002510858565301648
     0.2513274122871834     0.1256637061435919   0.002936485407844314
     0.2513274122871834     0.2513274122871834   0.002763716234422615
     0.2513274122871834     0.3769911184307753   0.002649437905870165
     0.2513274122871834     0.5026548245743672   0.002710531800946658
     0.2513274122871834     0.6283185307179582   0.003232653778987623
     0.2513274122871834     0.7539822368615501   0.006355783910866443
     0.2513274122871834     0.8796459430051424    0.01180599723508306
     0.2513274122871834      1.005309649148734    0.01437718824658916
     0.2513274122871834      1.130973355292326    0.01121445191569973
     0.2513274122871834      1.256637061435917   0.006194910470145925
     0.2513274122871834      1.382300767579509   0.003447912554205265
     0.2513274122871834      1.507964473723101   0.002876223658422453
     0.2513274122871834      1.633628179866692   0.003059341502592962
     0.2513274122871834      1.759291886010284   0.003003788269257534
     0.2513274122871834      1.884955592153876   0.001853814498433067
     0.2513274122871834      2.010619298297467  0.0002410187914225438
     0.2513274122871834       2.13628300444106 -0.0002109615761993719
     0.2513274122871834      2.261946710584651  0.0002911009625060746
     0.2513274122871834      2.387610416728243  0.0004142073629956439
     0.2513274122871834      2.513274122871834  0.0002670946762620084
     0.2513274122871834      2.638937829015426  0.0003185163152160767
     0.2513274122871834      2.764601535159018   0.000230562912933828
     0.2513274122871834      2.890265241302609   0.000636082279524739
     0.2513274122871834      3.015928947446201   0.002682272529564997
     0.3769911184307753     -3.141592653589793   0.005637810345195212
     0.3769911184307753     -3.015928947446201   0.008380899580027934
     0.3769911184307753      -2.89026524130261    0.01205984943405631
     0.3769911184307753     -2.764601535159018    0.01610703053276419
     0.3769911184307753     -2.638937829015426    0.01784012809394261
     0.3769911184307753     -2.513274122871834    0.01711723140666243
     0.3769911184307753     -2.387610416728243     0.0159051228528172
     0.3769911184307753     -2.261946710584651    0.01413479248783497
     0.3769911184307753     -2.136283004441059    0.01188137003181489
     0.3769911184307753     -2.010619298297468    0.01129193710307206
     0.3769911184307753     -1.884955592153876    0.01203122866119374
     0.3769911184307753     -1.759291886010284    0.01165784413598367
     0.3769911184307753     -1.633628179866693    0.01154831057740976
     0.3769911184307753     -1.507964473723101    0.01403433491503037
     0.3769911184307753     -1.382300767579509    0.01602222561162077
     0.3769911184307753     -1.256637061435917    0.01354901291637681
     0.3769911184307753     -1.130973355292325   0.008454372082086782
     0.3769911184307753     -1.005309649148733   0.004961486838552732
     0.3769911184307753     -0.879645943005142   0.003919962825231088
     0.3769911184307753    -0.7539822368615505   0.003532780694095607
     0.3769911184307753    -0.6283185307179586   0.002945288051220418
     0.3769911184307753    -0.5026548245743667   0.002758464780784412
     0.3769911184307753    -0.3769911184307753   0.002956054530325295
     0.3769911184307753    -0.2513274122871838   0.002842943814684848
     0.3769911184307753    -0.1256637061435919   0.002807714829545834
     0.3769911184307753                      0   0.003496632250756943
     0.3769911184307753     0.1256637061435919   0.004167842416774302
     0.3769911184307753     0.2513274122871834   0.004305239162006713
     0.3769911184307753     0.3769911184307753   0.004669645761794586
     0.3769911184307753     0.5026548245743672   0.005352652545766428
     0.3769911184307753     0.6283185307179582   0.006298401569304002
     0.3769911184307753     0.7539822368615501    0.00910588704986012
     0.3769911184307753     0.8796459430051424    0.01359908484981234
     0.3769911184307753      1.005309649148734    0.01560604101391404
     0.3769911184307753      1.130973355292326    0.01298213568426039
     0.3769911184307753      1.256637061435917   0.008954361796760846
     0.3769911184307753      1.382300767579509   0.006567355617073127
     0.3769911184307753      1.507964473723101   0.005769173071808683
     0.3769911184307753      1.633628179866692   0.006001202457889319
     0.3769911184307753      1.759291886010284   0.006033912081245286
     0.3769911184307753      1.884955592153876   0.003879176043674205
     0.3769911184307753      2.010619298297467  0.0006714136742368942
     0.3769911184307753       2.13628300444106 -0.0003351630432650347
     0.3769911184307753      2.261946710584651   0.000406399879560504
     0.3769911184307753      2.387610416728243  0.0004563353163327801
     0.3769911184307753      2.513274122871834  0.0006050204611310703
     0.3769911184307753      2.638937829015426   0.001893589771216534
     0.3769911184307753      2.764601535159018   0.002519873937162868
     0.3769911184307753      2.890265241302609   0.002216105480926384
     0.3769911184307753      3.015928947446201   0.003209787483566083
     0.5026548245743672     -3.141592653589793   0.002916802615030014
     0.5026548245743672     -3.015928947446201   0.003185235241406619
     0.5026548245743672      -2.89026524130261   0.003158420821381232
     0.5026548245743672     -2.764601535159018   0.003770322465190173
     0.5026548245743672     -2.638937829015426   0.004767104559974832
     0.5026548245743672     -2.513274122871834   0.005360879548492071
     0.5026548245743672     -2.387610416728243   0.005365885486446383
     0.5026548245743672     -2.261946710584651   0.004960750490711112
     0.5026548245743672     -2.136283004441059   0.004505421865084682
     0.5026548245743672     -2.010619298297468   0.004323722876235983
     0.5026548245743672     -1.884955592153876   0.004078693211807708
     0.5026548245743672     -1.759291886010284   0.003320225251870212
     0.5026548245743672     -1.633628179866693   0.002630678619022571
     0.5026548245743672     -1.507964473723101   0.002777715310449786
     0.5026548245743672     -1.382300767579509   0.003264300762734315
     0.5026548245743672     -1.256637061435917   0.003168044134938005
     0.5026548245743672     -1.130973355292325   0.002538257950436736
     0.5026548245743672     -1.005309649148733   0.001956902793151759
     0.5026548245743672     -0.879645943005142   0.001640124036962877
     0.5026548245743672    -0.7539822368615505   0.001534585102777145
     0.5026548245743672    -0.6283185307179586   0.001646058977469725
     0.5026548245743672    -0.5026548245743667   0.001900826405023767
     0.5026548245743672    -0.3769911184307753   0.002019222971312878
     0.5026548245743672    -0.2513274122871838    0.00193068043282075
     0.5026548245743672    -0.1256637061435919   0.002062917806578185
     0.5026548245743672                      0   0.002657396771519172
     0.5026548245743672     0.1256637061435919   0.003293027078188806
     0.5026548245743672     0.2513274122871834   0.003771492341180524
     0.5026548245743672     0.3769911184307753   0.004549473314392866
     0.5026548245743672     0.5026548245743672   0.005810650437435016
     0.5026548245743672     0.6283185307179582   0.007431574016765708
     0.5026548245743672     0.7539822368615501   0.009604475185754141
     0.5026548245743672     0.8796459430051424    0.01180875936932586
     0.5026548245743672      1.005309649148734     0.0124404234290171
     0.5026548245743672      1.130973355292326    0.01115017794088986
     0.5026548245743672      1.256637061435917   0.009342463660012719
     0.5026548245743672      1.382300767579509   0.007688567008885819
     0.5026548245743672      1.507964473723101   0.006255567546506342
     0.5026548245743672      1.633628179866692   0.005895108112628731
     0.5026548245743672      1.759291886010284   0.005937915349456548
     0.5026548245743672      1.884955592153876   0.003972157195170112
     0.5026548245743672      2.010619298297467  0.0007742153525832341
     0.5026548245743672       2.13628300444106 -0.0003211973651304238
     0.5026548245743672      2.261946710584651  0.0003189645613213881
     0.5026548245743672      2.387610416728243  0.0002808457410324054
     0.5026548245743672      2.513274122871834  0.0005932926296845037
     0.5026548245743672      2.638937829015426   0.002445928975823848
     0.5026548245743672      2.764601535159018   0.003544927846334517
     0.5026548245743672      2.890265241302609   0.002803094599762719
     0.5026548245743672      3.015928947446201   0.002349739944813271
     0.6283185307179582     -3.141592653589793   0.006062825583430518
     0.6283185307179582     -3.015928947446201   0.008068796455435935
     0.6283185307179582      -2.89026524130261    0.01008224085606729
     0.6283185307179582     -2.764601535159018    0.01217025263168002
     0.6283185307179582     -2.638937829015426    0.01365152400044146
     0.6283185307179582     -2.513274122871834    0.01422033377292235
     0.6283185307179582     -2.387610416728243    0.01383114171355136
     0.6283185307179582     -2.261946710584651    0.01206768190493681
     0.6283185307179582     -2.136283004441059    0.01004363004497102
     0.6283185307179582     -2.010619298297468   0.009744419800521304
     0.6283185307179582     -1.884955592153876   0.009947059496660901
     0.6283185307179582     -1.759291886010284   0.008611173260964127
     0.6283185307179582     -1.633628179866693   0.008478463774334711
     0.6283185307179582     -1.507964473723101     0.0121006414106978
     0.6283185307179582     -1.382300767579509    0.01514658566864739
     0.6283185307179582     -1.256637061435917    0.01312110452612601
     0.6283185307179582     -1.130973355292325   0.008569939405827478
     0.6283185307179582     -1.005309649148733   0.005629027848845882
     0.6283185307179582     -0.879645943005142   0.004280498550107096
     0.6283185307179582    -0.7539822368615505   0.003078976870777376
     0.6283185307179582    -0.6283185307179586   0.002193105864583482
     0.6283185307179582    -0.5026548245743667   0.002168214483321349
     0.6283185307179582    -0.3769911184307753     0.0024611545563251
     0.6283185307179582    -0.2513274122871838   0.002323549520939167
     0.6283185307179582    -0.1256637061435919   0.002105419029074549
     0.6283185307179582                      0   0.002613781583397813
     0.6283185307179582     0.1256637061435919   0.003779582997112472
     0.6283185307179582     0.2513274122871834   0.005092392884534554
     0.6283185307179582     0.3769911184307753   0.006893862906963081
     0.6283185307179582     0.5026548245743672    0.01061610981665208
     0.6283185307179582     0.6283185307179582    0.01793865658489479
     0.6283185307179582     0.7539822368615501    0.02860015150643808
     0.6283185307179582     0.8796459430051424    0.03803652142436065
     0.6283185307179582      1.005309649148734    0.04022326379904402
     0.6283185307179582      1.130973355292326    0.03483564031461035
     0.6283185307179582      1.256637061435917    0.02683338208963418
     0.6283185307179582      1.382300767579509    0.01875772405431323
     0.6283185307179582      1.507964473723101    0.01104374371047238
     0.6283185307179582      1.633628179866692   0.006709482027853402
     0.6283185307179582      1.759291886010284   0.006301593611533959
     0.6283185307179582      1.884955592153876   0.004811364490531006
     0.6283185307179582      2.010619298297467  0.0009875764859367826
     0.6283185307179582       2.13628300444106 -0.0006032437219836422
     0.6283185307179582      2.261946710584651  0.0003855638837137541
     0.6283185307179582      2.387610416728243  0.0004148640924884203
     0.6283185307179582      2.513274122871834  0.0003604517237016893
     0.6283185307179582      2.638937829015426   0.002365337510981554
     0.6283185307179582      2.764601535159018   0.004213493596786301
     0.6283185307179582      2.890265241302609   0.004211662467818355
     0.6283185307179582      3.015928947446201   0.004429434152370838
     0.7539822368615501     -3.141592653589793    0.01233481150237484
     0.7539822368615501     -3.015928947446201    0.01624160980337044
     0.7539822368615501      -2.89026524130261    0.01958159643321135
     0.7539822368615501     -2.764601535159018    0.02225222517526862
     0.7539822368615501     -2.638937829015426     0.0246816352384208
     0.7539822368615501     -2.513274122871834    0.02669812467539879
     0.7539822368615501     -2.387610416728243    0.02651270664459392
     0.7539822368615501     -2.261946710584651    0.02264286638539833
     0.7539822368615501     -2.136283004441059    0.01839577606995584
     0.7539822368615501     -2.010619298297468    0.01810702211136088
     0.7539822368615501     -1.884955592153876    0.01832402915518611
     0.7539822368615501     -1.759291886010284    0.01491331474769613
     0.7539822368615501     -1.633628179866693    0.01519791036124445
     0.7539822368615501     -1.507964473723101    0.02482407905253578
     0.7539822368615501     -1.382300767579509    0.03268404246574871
     0.7539822368615501     -1.256637061435917    0.02830844910824925
     0.7539822368615501     -1.130973355292325    0.01842686816187423
     0.7539822368615501     -1.005309649148733    0.01238400144067016
     0.7539822368615501     -0.879645943005142   0.009144293376001575
     0.7539822368615501    -0.7539822368615505   0.005600937529193938
     0.7539822368615501    -0.6283185307179586   0.003094163427572611
     0.7539822368615501    -0.5026548245743667   0.002951960424716477
     0.7539822368615501    -0.3769911184307753   0.003637079488743851
     0.7539822368615501    -0.2513274122871838   0.003363745084051628
     0.7539822368615501    -0.1256637061435919   0.002550995517014624
     0.7539822368615501                      0   0.003069471881286456
     0.7539822368615501     0.1256637061435919   0.005752619125389471
     0.7539822368615501     0.2513274122871834   0.009557194302895275
     0.7539822368615501     0.3769911184307753    0.01450634153568878
     0.7539822368615501     0.5026548245743672    0.02511063181930504
     0.7539822368615501     0.6283185307179582    0.04711703880170409
     0.7539822368615501     0.7539822368615501     0.0780140813173934
     0.7539822368615501     0.8796459430051424     0.1032616921540334
     0.7539822368615501      1.005309649148734      0.108116098078503
     0.7539822368615501      1.130973355292326    0.09378369625400737
     0.7539822368615501      1.256637061435917    0.07251698263190812
     0.7539822368615501      1.382300767579509    0.04936012454149183
     0.7539822368615501      1.507964473723101    0.02574645831232548
     0.7539822368615501      1.633628179866692    0.01145052727758162
     0.7539822368615501      1.759291886010284    0.01002561016237695
     0.7539822368615501      1.884955592153876   0.008832177134235408
     0.7539822368615501      2.010619298297467   0.001964776105940054
     0.7539822368615501       2.13628300444106   -0.00140654528874136
     0.7539822368615501      2.261946710584651  0.0006194567485078037
     0.7539822368615501      2.387610416728243  0.0007055775156403752
     0.7539822368615501      2.513274122871834  0.0001048463473809608
     0.7539822368615501      2.638937829015426    0.00390724373073821
     0.7539822368615501      2.764601535159018   0.008480060523174977
     0.7539822368615501      2.890265241302609   0.009425541846761764
     0.7539822368615501      3.015928947446201   0.009648151558831442
     0.8796459430051424     -3.141592653589793    0.01397465685948503
     0.8796459430051424     -3.015928947446201     0.0150212520096822
     0.8796459430051424      -2.89026524130261    0.01227750204553299
     0.8796459430051424     -2.764601535159018   0.008445538878182335
     0.8796459430051424     -2.638937829015426    0.01038204357090242
     0.8796459430051424     -2.513274122871834    0.01682847715437236
     0.8796459430051424     -2.387610416728243     0.0194203989296675
     0.8796459430051424     -2.261946710584651    0.01587049144395271
     0.8796459430051424     -2.136283004441059    0.01270693918013486
     0.8796459430051424     -2.010619298297468    0.01329974810985505
     0.8796459430051424     -1.884955592153876    0.01151714799122765
     0.8796459430051424     -1.759291886010284   0.004868380059243796
     0.8796459430051424     -1.633628179866693   0.004536681996670167
     0.8796459430051424     -1.507964473723101    0.01659590180989156
     0.8796459430051424     -1.382300767579509    0.02714092733833922
     0.8796459430051424     -1.256637061435917    0.02485507272086977
     0.8796459430051424     -1.130973355292325    0.01783608922412937
     0.8796459430051424     -1.005309649148733    0.01413546270331398
     0.8796459430051424     -0.879645943005142    0.01013621237532523
     0.8796459430051424    -0.7539822368615505   0.004338674514100958
     0.8796459430051424    -0.6283185307179586    0.00129759360286087
     0.8796459430051424    -0.5026548245743667   0.001900421905438106
     0.8796459430051424    -0.3769911184307753   0.002884633746698667
     0.8796459430051424    -0.2513274122871838   0.002507474586895517
     0.8796459430051424    -0.1256637061435919   0.001303108513605466
     0.8796459430051424                      0   0.001567737931844766
     0.8796459430051424     0.1256637061435919   0.005950106631969834
     0.8796459430051424     0.2513274122871834    0.01344192466990607
     0.8796459430051424     0.3769911184307753    0.02299260904673412
     0.8796459430051424     0.5026548245743672     0.0430316158942082
     0.8796459430051424     0.6283185307179582    0.08413344589099286
     0.8796459430051424     0.7539822368615501     0.1380997774224259
     0.8796459430051424     0.8796459430051424     0.1775863771279718
     0.8796459430051424      1.005309649148734     0.1827567916069796
     0.8796459430051424      1.130973355292326     0.1604547334728042
     0.8796459430051424      1.256637061435917      0.127860884476378
     0.8796459430051424      1.382300767579509    0.08805569106531329
     0.8796459430051424      1.507964473723101    0.04392771487403747
     0.8796459430051424      1.633628179866692    0.01631094419654553
     0.8796459430051424      1.759291886010284    0.01366340472285213
     0.8796459430051424      1.884955592153876    0.01345526383527283
     0.8796459430051424      2.010619298297467   0.003277521618652541
     0.8796459430051424       2.13628300444106  -0.002318057732347525
     0.8796459430051424      2.261946710584651  0.0006850765607140064
     0.8796459430051424      2.387610416728243  0.0006618559811105761
     0.8796459430051424      2.513274122871834 -0.0003005512727026032
     0.8796459430051424      2.638937829015426   0.006645581332185993
     0.8796459430051424      2.764601535159018    0.01538995940554219
     0.8796459430051424      2.890265241302609    0.01666579565065033
     0.8796459430051424      3.015928947446201    0.01393992846593465
      1.005309649148734     -3.141592653589793    0.01539501886529403
      1.005309649148734     -3.015928947446201    0.01630181276570547
      1.005309649148734      -2.89026524130261    0.01241141160915733
      1.005309649148734     -2.764601535159018   0.006546469999425243
      1.005309649148734     -2.638937829015426   0.008113522787777563
      1.005309649148734     -2.513274122871834    0.01612089545438985
      1.005309649148734     -2.387610416728243    0.01961212973383755
      1.005309649148734     -2.261946710584651    0.01545823579319906
      1.005309649148734     -2.136283004441059    0.01189296131585057
      1.005309649148734     -2.010619298297468    0.01286781866393771
      1.005309649148734     -1.884955592153876    0.01067156305232609
      1.005309649148734     -1.759291886010284   0.002630745833529291
      1.005309649148734     -1.633628179866693    0.00276771703948675
      1.005309649148734     -1.507964473723101    0.01819090747502407
      1.005309649148734     -1.382300767579509    0.03140279328145733
      1.005309649148734     -1.256637061435917    0.02871219250265426
      1.005309649148734     -1.130973355292325    0.02050087457725271
      1.005309649148734     -1.005309649148733    0.01644583787974178
      1.005309649148734     -0.879645943005142    0.01156819337318889
      1.005309649148734    -0.7539822368615505   0.004110203373278156
      1.005309649148734    -0.6283185307179586  9.648235237797939e-05
      1.005309649148734    -0.5026548245743667    0.00069378385072651
      1.005309649148734    -0.3769911184307753   0.001866478321446556
      1.005309649148734    -0.2513274122871838   0.001455515934576986
      1.005309649148734    -0.1256637061435919 -0.0002231787573247091
      1.005309649148734                      0 -0.0004218000121853915
      1.005309649148734     0.1256637061435919   0.004730083073310427
      1.005309649148734     0.2513274122871834    0.01412151129621841
      1.005309649148734     0.3769911184307753    0.02594042495368216
      1.005309649148734     0.5026548245743672    0.05104768367585942
      1.005309649148734     0.6283185307179582     0.1033708534105064
      1.005309649148734     0.7539822368615501     0.1718957424736047
      1.005309649148734     0.8796459430051424     0.2213189878797738
      1.005309649148734      1.005309649148734     0.2273858882708471
      1.005309649148734      1.130973355292326     0.1995160500046928
      1.005309649148734      1.256637061435917      0.158738737793402
      1.005309649148734      1.382300767579509     0.1082648825771742
      1.005309649148734      1.507964473723101    0.05182024087513822
      1.005309649148734      1.633628179866692    0.01599425675502528
      1.005309649148734      1.759291886010284     0.0124958735198843
      1.005309649148734      1.884955592153876    0.01401346558403442
      1.005309649148734      2.010619298297467   0.003594971785658212
      1.005309649148734       2.13628300444106  -0.002739069342961622
      1.005309649148734      2.261946710584651  0.0006000639449171726
      1.005309649148734      2.387610416728243  0.0005962937342725916
      1.005309649148734      2.513274122871834 -0.0009289897687365868
      1.005309649148734      2.638937829015426   0.006529536056116419
      1.005309649148734      2.764601535159018     0.0170102151638809
      1.005309649148734      2.890265241302609     0.0193081647309658
      1.005309649148734      3.015928947446201    0.01602585378753999
      1.130973355292326     -3.141592653589793    0.02102016082442343
      1.130973355292326     -3.015928947446201     0.0295954960210219
      1.130973355292326      -2.89026524130261    0.03758378006687355
      1.130973355292326     -2.764601535159018    0.04192161397756493
      1.130973355292326     -2.638937829015426    0.04470612687386018
      1.130973355292326     -2.513274122871834    0.04794292508836809
      1.130973355292326     -2.387610416728243    0.04758617620058709
      1.130973355292326     -2.261946710584651    0.03942744675263046
      1.130973355292326     -2.136283004441059    0.03053622312531221
      1.130973355292326     -2.010619298297468    0.03043627820498557
      1.130973355292326     -1.884955592153876    0.03165311003225724
      1.130973355292326     -1.759291886010284    0.02557869294504459
      1.130973355292326     -1.633628179866693    0.02840825603137724
      1.130973355292326     -1.507964473723101    0.05152852372278464
      1.130973355292326     -1.382300767579509    0.06928654671464754
      1.130973355292326     -1.256637061435917    0.05899736987135042
      1.130973355292326     -1.130973355292325    0.03697835906791941
      1.130973355292326     -1.005309649148733    0.02415147341508787
      1.130973355292326     -0.879645943005142    0.01720995616230782
      1.130973355292326    -0.7539822368615505   0.008806102408908899
      1.130973355292326    -0.6283185307179586   0.002320146008948063
      1.130973355292326    -0.5026548245743667   0.001205037373453408
      1.130973355292326    -0.3769911184307753    0.00251752030748611
      1.130973355292326    -0.2513274122871838   0.002123907177472373
      1.130973355292326    -0.1256637061435919 -0.0002887404549634914
      1.130973355292326                      0 -0.0008962456014485528
      1.130973355292326     0.1256637061435919    0.00372637994044398
      1.130973355292326     0.2513274122871834    0.01165672488691802
      1.130973355292326     0.3769911184307753    0.02147770377724187
      1.130973355292326     0.5026548245743672    0.04377464287696552
      1.130973355292326     0.6283185307179582    0.09314758913473613
      1.130973355292326     0.7539822368615501      0.162639713935506
      1.130973355292326     0.8796459430051424     0.2178977841912719
      1.130973355292326      1.005309649148734     0.2277742821241542
      1.130973355292326      1.130973355292326     0.1965322311417594
      1.130973355292326      1.256637061435917     0.1498601193480582
      1.130973355292326      1.382300767579509    0.09788192863045383
      1.130973355292326      1.507964473723101    0.04394250958089399
      1.130973355292326      1.633628179866692   0.009662540683646201
      1.130973355292326      1.759291886010284   0.006003332458301862
      1.130973355292326      1.884955592153876   0.009289026728260947
      1.130973355292326      2.010619298297467   0.002420539597303634
      1.130973355292326       2.13628300444106  -0.002461698748344108
      1.130973355292326      2.261946710584651  0.0005146743033859426
      1.130973355292326      2.387610416728243  0.0008397939236233559
      1.130973355292326      2.513274122871834   -0.00161892554074828
      1.130973355292326      2.638937829015426    0.00197980717744459
      1.130973355292326      2.764601535159018   0.009859915640591426
      1.130973355292326      2.890265241302609    0.01450344285225694
      1.130973355292326      3.015928947446201    0.01634849705138623
      1.256637061435917     -3.141592653589793    0.02274512355074074
      1.256637061435917     -3.015928947446201    0.03717984249569515
      1.256637061435917      -2.89026524130261    0.05522218113480735
      1.256637061435917     -2.764601535159018    0.06874504455294959
      1.256637061435917     -2.638937829015426    0.07227943640303022
      1.256637061435917     -2.513274122871834    0.07029268935996334
      1.256637061435917     -2.387610416728243    0.06624828779164431
      1.256637061435917     -2.261946710584651    0.05571336412509462
      1.256637061435917     -2.136283004441059    0.04329243241940472
      1.256637061435917     -2.010619298297468    0.04214445541957297
      1.256637061435917     -1.884955592153876    0.04643472367748387
      1.256637061435917     -1.759291886010284    0.04337715502305765
      1.256637061435917     -1.633628179866693    0.04822171845224237
      1.256637061435917     -1.507964473723101    0.07441138949922893
      1.256637061435917     -1.382300767579509     0.0932303454905181
      1.256637061435917     -1.256637061435917    0.07749770469056561
      1.256637061435917     -1.130973355292325    0.04618312165990855
      1.256637061435917     -1.005309649148733    0.02720892372663032
      1.256637061435917     -0.879645943005142    0.01956017349234755
      1.256637061435917    -0.7539822368615505    0.01184359851091566
      1.256637061435917    -0.6283185307179586   0.004206088769847182
      1.256637061435917    -0.5026548245743667   0.001659332654735978
      1.256637061435917    -0.3769911184307753   0.002866791676869025
      1.256637061435917    -0.2513274122871838    0.00255731077107583
      1.256637061435917    -0.1256637061435919 -9.345533437567222e-05
      1.256637061435917                      0 -0.0009243085374620978
      1.256637061435917     0.1256637061435919   0.002352560195668097
      1.256637061435917     0.2513274122871834   0.007373760348161134
      1.256637061435917     0.3769911184307753    0.01342627924338363
      1.256637061435917     0.5026548245743672    0.02880254138620223
      1.256637061435917     0.6283185307179582    0.06593049237675791
      1.256637061435917     0.7539822368615501      0.123175710628761
      1.256637061435917     0.8796459430051424     0.1736883170628744
      1.256637061435917      1.005309649148734     0.1854413715654898
      1.256637061435917      1.130973355292326     0.1568064313837988
      1.256637061435917      1.256637061435917     0.1132040500630898
      1.256637061435917      1.382300767579509    0.06962098206170259
      1.256637061435917      1.507964473723101    0.02839154729141123
      1.256637061435917      1.633628179866692   0.002198394105001228
      1.256637061435917      1.759291886010284 -0.0009077131168902988
      1.256637061435917      1.884955592153876   0.003276413577979689
      1.256637061435917      2.010619298297467  0.0008833497946545122
      1.256637061435917       2.13628300444106  -0.001747702769023204
      1.256637061435917      2.261946710584651  0.0003634981622941286
      1.256637061435917      2.387610416728243    0.00094324757996321
      1.256637061435917      2.513274122871834  -0.001921681922350014
      1.256637061435917      2.638937829015426  -0.002602835882042207
      1.256637061435917      2.764601535159018   0.001326525967848818
      1.256637061435917      2.890265241302609   0.007291155360174373
      1.256637061435917      3.015928947446201    0.01374162554926753
      1.382300767579509     -3.141592653589793     0.0152524525967408
      1.382300767579509     -3.015928947446201    0.02581794041288578
      1.382300767579509      -2.89026524130261    0.03956719875717745
      1.382300767579509     -2.764601535159018    0.05025610101133378
      1.382300767579509     -2.638937829015426    0.05276173936267108
      1.382300767579509     -2.513274122871834    0.05043168699844574
      1.382300767579509     -2.387610416728243    0.04705186039451439
      1.382300767579509     -2.261946710584651     0.0397216646861016
      1.382300767579509     -2.136283004441059     0.0309294759632996
      1.382300767579509     -2.010619298297468      0.029957899169408
      1.382300767579509     -1.884955592153876    0.03335346877966972
      1.382300767579509     -1.759291886010284    0.03195367515495016
      1.382300767579509     -1.633628179866693    0.03545878923583883
      1.382300767579509     -1.507964473723101    0.05303619920259392
      1.382300767579509     -1.382300767579509    0.06545393450876941
      1.382300767579509     -1.256637061435917    0.05414699172059326
      1.382300767579509     -1.130973355292325    0.03193235283625449
      1.382300767579509     -1.005309649148733    0.01835205848510079
      1.382300767579509     -0.879645943005142     0.0132399294658853
      1.382300767579509    -0.7539822368615505   0.008387275423046547
      1.382300767579509    -0.6283185307179586   0.003218139702100199
      1.382300767579509    -0.5026548245743667   0.001291176115585327
      1.382300767579509    -0.3769911184307753    0.00205767829459796
      1.382300767579509    -0.2513274122871838   0.001869294890960981
      1.382300767579509    -0.1256637061435919  0.0001148841860063989
      1.382300767579509                      0 -0.0004297660101365945
      1.382300767579509     0.1256637061435919    0.00145071649464999
      1.382300767579509     0.2513274122871834   0.004123987905839859
      1.382300767579509     0.3769911184307753   0.007305122661420999
      1.382300767579509     0.5026548245743672    0.01589079020705863
      1.382300767579509     0.6283185307179582    0.03745612249958082
      1.382300767579509     0.7539822368615501    0.07206210384983525
      1.382300767579509     0.8796459430051424     0.1038751928010136
      1.382300767579509      1.005309649148734     0.1119039251620878
      1.382300767579509      1.130973355292326    0.09384960356200812
      1.382300767579509      1.256637061435917    0.06618168893746743
      1.382300767579509      1.382300767579509    0.03964194101332644
      1.382300767579509      1.507964473723101    0.01553398203172083
      1.382300767579509      1.633628179866692  0.0002565830593633366
      1.382300767579509      1.759291886010284   -0.00163375944773215
      1.382300767579509      1.884955592153876   0.001129227217581423
      1.382300767579509      2.010619298297467  0.0003024788290915121
      1.382300767579509       2.13628300444106  -0.001002563090107264
      1.382300767579509      2.261946710584651  0.0002244357460354039
      1.382300767579509      2.387610416728243   0.000649595058639283
      1.382300767579509      2.513274122871834  -0.001266390172471223
      1.382300767579509      2.638937829015426  -0.002474279972365376
      1.382300767579509      2.764601535159018 -0.0006825550968802256
      1.382300767579509      2.890265241302609   0.003399156282925785
      1.382300767579509      3.015928947446201   0.008495662259877017
      1.507964473723101     -3.141592653589793   0.005909060406274699
      1.507964473723101     -3.015928947446201   0.008822670020623508
      1.507964473723101      -2.89026524130261    0.01236368165491111
      1.507964473723101     -2.764601535159018     0.0155482594410047
      1.507964473723101     -2.638937829015426    0.01687094388673805
      1.507964473723101     -2.513274122871834    0.01666392832480774
      1.507964473723101     -2.387610416728243    0.01579012935694875
      1.507964473723101     -2.261946710584651    0.01362339305503901
      1.507964473723101     -2.136283004441059    0.01104399528245999
      1.507964473723101     -2.010619298297468    0.01066861525142299
      1.507964473723101     -1.884955592153876    0.01138251723465763
      1.507964473723101     -1.759291886010284    0.01051327503617899
      1.507964473723101     -1.633628179866693    0.01095190027705221
      1.507964473723101     -1.507964473723101    0.01558349217908783
      1.507964473723101     -1.382300767579509    0.01911303450431388
      1.507964473723101     -1.256637061435917    0.01612606350188967
      1.507964473723101     -1.130973355292325   0.009961314751465595
      1.507964473723101     -1.005309649148733   0.006058618650381488
      1.507964473723101     -0.879645943005142   0.004526079235490662
      1.507964473723101    -0.7539822368615505   0.003206241499974573
      1.507964473723101    -0.6283185307179586   0.001948662913637491
      1.507964473723101    -0.5026548245743667   0.001622599031886366
      1.507964473723101    -0.3769911184307753   0.001900078857180922
      1.507964473723101    -0.2513274122871838   0.001791672452207863
      1.507964473723101    -0.1256637061435919   0.001429165484715333
      1.507964473723101                      0   0.001691720069053893
      1.507964473723101     0.1256637061435919   0.002604548203819149
      1.507964473723101     0.2513274122871834   0.003611989917673206
      1.507964473723101     0.3769911184307753   0.004951749105795739
      1.507964473723101     0.5026548245743672   0.008004993352822152
      1.507964473723101     0.6283185307179582    0.01463449275402836
      1.507964473723101     0.7539822368615501    0.02499629679573503
      1.507964473723101     0.8796459430051424    0.03467426752117294
      1.507964473723101      1.005309649148734    0.03717358738349308
      1.507964473723101      1.130973355292326    0.03165441109668559
      1.507964473723101      1.256637061435917    0.02330965269547619
      1.507964473723101      1.382300767579509    0.01536969001537447
      1.507964473723101      1.507964473723101   0.008213807667938453
      1.507964473723101      1.633628179866692   0.004050581355211331
      1.507964473723101      1.759291886010284   0.003593895423118978
      1.507964473723101      1.884955592153876   0.002973718372240228
      1.507964473723101      2.010619298297467  0.0006001381285516072
      1.507964473723101       2.13628300444106 -0.0004746788056487329
      1.507964473723101      2.261946710584651  0.0002738528902459749
      1.507964473723101      2.387610416728243  0.0003579514688877986
      1.507964473723101      2.513274122871834  7.575599794905214e-05
      1.507964473723101      2.638937829015426   0.001013308604801792
      1.507964473723101      2.764601535159018   0.002212696042678096
      1.507964473723101      2.890265241302609    0.00276302969888729
      1.507964473723101      3.015928947446201   0.003776482760548091
      1.633628179866692     -3.141592653589793   0.002073117181182468
      1.633628179866692     -3.015928947446201   0.001988704823194632
      1.633628179866692      -2.89026524130261   0.001712416169361569
      1.633628179866692     -2.764601535159018   0.002388897148755175
      1.633628179866692     -2.638937829015426   0.003385361279375663
      1.633628179866692     -2.513274122871834   0.003724904138011641
      1.633628179866692     -2.387610416728243   0.003654689018714391
      1.633628179866692     -2.261946710584651   0.003647245277261613
      1.633628179866692     -2.136283004441059   0.003597859080544515
      1.633628179866692     -2.010619298297468   0.003365455867795205
      1.633628179866692     -1.884955592153876    0.00308536723990419
      1.633628179866692     -1.759291886010284   0.002678586671538329
      1.633628179866692     -1.633628179866693   0.001750586859664163
      1.633628179866692     -1.507964473723101  0.0005124388234946139
      1.633628179866692     -1.382300767579509 -4.006624466975815e-05
      1.633628179866692     -1.256637061435917  0.0003657069790445273
      1.633628179866692     -1.130973355292325  0.0008058204412232827
      1.633628179866692     -1.005309649148733  0.0007938166735911736
      1.633628179866692     -0.879645943005142  0.0008551513346018128
      1.633628179866692    -0.7539822368615505   0.001293205594581518
      1.633628179866692    -0.6283185307179586   0.001809846591290373
      1.633628179866692    -0.5026548245743667   0.002138755543161741
      1.633628179866692    -0.3769911184307753   0.002188587227626184
      1.633628179866692    -0.2513274122871838   0.002113554232965018
      1.633628179866692    -0.1256637061435919   0.002416104970818894
      1.633628179866692                      0   0.003138667492598541
      1.633628179866692     0.1256637061435919   0.003541505681509822
      1.633628179866692     0.2513274122871834   0.003506783212771905
      1.633628179866692     0.3769911184307753   0.003674383155489803
      1.633628179866692     0.5026548245743672   0.003513061417188402
      1.633628179866692     0.6283185307179582   0.001879738689729397
      1.633628179866692     0.7539822368615501 -0.0004110760806582511
      1.633628179866692     0.8796459430051424  -0.001546065837104228
      1.633628179866692      1.005309649148734  -0.001400130561450998
      1.633628179866692      1.130973355292326  -0.000811461396653443
      1.633628179866692      1.256637061435917  0.0001846766315024735
      1.633628179866692      1.382300767579509   0.001844397082763114
      1.633628179866692      1.507964473723101   0.004002633694721328
      1.633628179866692      1.633628179866692   0.006012592878198049
      1.633628179866692      1.759291886010284   0.006313078047527187
      1.633628179866692      1.884955592153876   0.003845732816730061
      1.633628179866692      2.010619298297467  0.0007004239786720454
      1.633628179866692       2.13628300444106 -0.0001945383099992542
      1.633628179866692      2.261946710584651   0.000332631356247115
      1.633628179866692      2.387610416728243  0.0002742973355814074
      1.633628179866692      2.513274122871834  0.0007842833660391138
      1.633628179866692      2.638937829015426   0.002585649368555661
      1.633628179866692      2.764601535159018   0.003245790472024567
      1.633628179866692      2.890265241302609   0.002121536214450066
      1.633628179866692      3.015928947446201   0.001600489877797885
      1.759291886010284     -3.141592653589793   0.002105734594638778
      1.759291886010284     -3.015928947446201    0.00326391691797544
      1.759291886010284      -2.89026524130261   0.004972096625690215
      1.759291886010284     -2.764601535159018   0.006976426203846358
      1.759291886010284     -2.638937829015426   0.007754157103669492
      1.759291886010284     -2.513274122871834   0.007202895888153895
      1.759291886010284     -2.387610416728243   0.006555761296406987
      1.759291886010284     -2.261946710584651   0.005920409701961073
      1.759291886010284     -2.136283004441059   0.005052359132370492
      1.759291886010284     -2.010619298297468   0.004746487724045961
      1.759291886010284     -1.884955592153876   0.005119228351553168
      1.759291886010284     -1.759291886010284   0.005189307029126167
      1.759291886010284     -1.633628179866693   0.005067743374142829
      1.759291886010284     -1.507964473723101   0.005552848911260571
      1.759291886010284     -1.382300767579509     0.0059447151101056
      1.759291886010284     -1.256637061435917   0.004986406895747309
      1.759291886010284     -1.130973355292325   0.003070074192047241
      1.759291886010284     -1.005309649148733   0.001681261068278989
      1.759291886010284     -0.879645943005142   0.001392003740150994
      1.759291886010284    -0.7539822368615505   0.001500189083875885
      1.759291886010284    -0.6283185307179586   0.001414374160035801
      1.759291886010284    -0.5026548245743667   0.001338100607971053
      1.759291886010284    -0.3769911184307753    0.00138948135796952
      1.759291886010284    -0.2513274122871838   0.001348073359076227
      1.759291886010284    -0.1256637061435919   0.001410279380701103
      1.759291886010284                      0   0.001770721944238561
      1.759291886010284     0.1256637061435919   0.001924510202679405
      1.759291886010284     0.2513274122871834   0.001674497188608575
      1.759291886010284     0.3769911184307753   0.001459027245291249
      1.759291886010284     0.5026548245743672  0.0009229438560208224
      1.759291886010284     0.6283185307179582 -0.0004991777217676929
      1.759291886010284     0.7539822368615501  -0.001690012590747366
      1.759291886010284     0.8796459430051424  -0.001435674687383986
      1.759291886010284      1.005309649148734 -0.0007495367859267701
      1.759291886010284      1.130973355292326 -0.0009360591240869061
      1.759291886010284      1.256637061435917  -0.001281007841179702
      1.759291886010284      1.382300767579509 -0.0005448384329489681
      1.759291886010284      1.507964473723101   0.001115607990935623
      1.759291886010284      1.633628179866692   0.002538936130772575
      1.759291886010284      1.759291886010284   0.002690092684181672
      1.759291886010284      1.884955592153876   0.001517899924091254
      1.759291886010284      2.010619298297467  0.0002270639446767209
      1.759291886010284       2.13628300444106 -7.085058588824835e-05
      1.759291886010284      2.261946710584651  0.0001821645927996217
      1.759291886010284      2.387610416728243  0.0001996640930647239
      1.759291886010284      2.513274122871834   0.000352428246417309
      1.759291886010284      2.638937829015426  0.0008041015776043608
      1.759291886010284      2.764601535159018   0.000783248603111982
      1.759291886010284      2.890265241302609  0.0004917573801532782
      1.759291886010284      3.015928947446201  0.0009927521684824929
      1.884955592153876     -3.141592653589793   0.001469000199985887
      1.884955592153876     -3.015928947446201   0.002927499285562226
      1.884955592153876      -2.89026524130261   0.005067095221053664
      1.884955592153876     -2.764601535159018   0.006885494068471366
      1.884955592153876     -2.638937829015426   0.007186410669966135
      1.884955592153876     -2.513274122871834   0.006474727169905917
      1.884955592153876     -2.387610416728243   0.005823562352495398
      1.884955592153876     -2.261946710584651   0.004980618141916179
      1.884955592153876     -2.136283004441059    0.00390028775737541
      1.884955592153876     -2.010619298297468   0.003710244165893852
      1.884955592153876     -1.884955592153876    0.00429408740233171
      1.884955592153876     -1.759291886010284   0.004475099927309037
      1.884955592153876     -1.633628179866693   0.004948867249479613
      1.884955592153876     -1.507964473723101   0.006681212228421203
      1.884955592153876     -1.382300767579509   0.007799615731805518
      1.884955592153876     -1.256637061435917   0.006328167309205655
      1.884955592153876     -1.130973355292325   0.003571380012067616
      1.884955592153876     -1.005309649148733   0.001833871643795629
      1.884955592153876     -0.879645943005142   0.001343004642347074
      1.884955592153876    -0.7539822368615505   0.001021254383967203
      1.884955592153876    -0.6283185307179586  0.0004896503715907855
      1.884955592153876    -0.5026548245743667  0.0001930764063493062
      1.884955592153876    -0.3769911184307753  0.0002465376198080816
      1.884955592153876    -0.2513274122871838  0.0002380716297729312
      1.884955592153876    -0.1256637061435919  7.547489626954753e-05
      1.884955592153876                      0  2.199543971870743e-05
      1.884955592153876     0.1256637061435919  4.887951649793041e-05
      1.884955592153876     0.2513274122871834   -2.4928828777177e-05
      1.884955592153876     0.3769911184307753 -0.0001396546274047609
      1.884955592153876     0.5026548245743672 -0.0001335218938536115
      1.884955592153876     0.6283185307179582  0.0003761444492311236
      1.884955592153876     0.7539822368615501   0.001946361481726884
      1.884955592153876     0.8796459430051424   0.004064840642237981
      1.884955592153876      1.005309649148734   0.004917584383668093
      1.884955592153876      1.130973355292326   0.003705591055839466
      1.884955592153876      1.256637061435917   0.001756755701888806
      1.884955592153876      1.382300767579509  0.0004501815812168819
      1.884955592153876      1.507964473723101 -0.0002118364354363857
      1.884955592153876      1.633628179866692 -0.0006157789464579093
      1.884955592153876      1.759291886010284 -0.0007098669134614552
      1.884955592153876      1.884955592153876  -0.000439230416448258
      1.884955592153876      2.010619298297467 -0.0001165832998174308
      1.884955592153876       2.13628300444106 -1.429597015154173e-05
      1.884955592153876      2.261946710584651  9.617420575695018e-06
      1.884955592153876      2.387610416728243  6.915357599449843e-05
      1.884955592153876      2.513274122871834 -0.0001197034127474074
      1.884955592153876      2.638937829015426 -0.0006158881335100393
      1.884955592153876      2.764601535159018 -0.0008538976636988175
      1.884955592153876      2.890265241302609 -0.0004063645426147088
      1.884955592153876      3.015928947446201  0.0004672467355306634
      2.010619298297467     -3.141592653589793 -0.0001895030423743748
      2.010619298297467     -3.015928947446201 -0.0003649303752824309
      2.010619298297467      -2.89026524130261 -0.0006229884316672018
      2.010619298297467     -2.764601535159018 -0.0008510518822863388
      2.010619298297467     -2.638937829015426 -0.0008953505146026221
      2.010619298297467     -2.513274122871834 -0.0008090418400137776
      2.010619298297467     -2.387610416728243 -0.0007283031448414013
      2.010619298297467     -2.261946710584651 -0.0006278310808115473
      2.010619298297467     -2.136283004441059 -0.0004980490574474497
      2.010619298297467     -2.010619298297468 -0.0004726974378076196
      2.010619298297467     -1.884955592153876 -0.0005418080311886908
      2.010619298297467     -1.759291886010284 -0.0005633397010735043
      2.010619298297467     -1.633628179866693 -0.0006127145288527102
      2.010619298297467     -1.507964473723101 -0.0008058725746454395
      2.010619298297467     -1.382300767579509 -0.0009314265555667709
      2.010619298297467     -1.256637061435917  -0.000757855078997599
      2.010619298297467     -1.130973355292325 -0.0004311581735177969
      2.010619298297467     -1.005309649148733  -0.000222356857918708
      2.010619298297467     -0.879645943005142 -0.0001653541858302811
      2.010619298297467    -0.7539822368615505 -0.0001330171799151234
      2.010619298297467    -0.6283185307179586 -7.463051561481358e-05
      2.010619298297467    -0.5026548245743667 -4.131334595257827e-05
      2.010619298297467    -0.3769911184307753 -4.775628087657355e-05
      2.010619298297467    -0.2513274122871838 -4.625075990013353e-05
      2.010619298297467    -0.1256637061435919  -2.97969651421432e-05
      2.010619298297467                      0 -2.955573922715643e-05
      2.010619298297467     0.1256637061435919 -3.425911025485225e-05
      2.010619298297467     0.2513274122871834 -2.142080445874742e-05
      2.010619298297467     0.3769911184307753  -4.42084313545682e-06
      2.010619298297467     0.5026548245743672  5.864537627132778e-06
      2.010619298297467     0.6283185307179582 -2.178210048997867e-05
      2.010619298297467     0.7539822368615501 -0.0001659381374063168
      2.010619298297467     0.8796459430051424 -0.0003936286378138408
      2.010619298297467      1.005309649148734 -0.0004957305452933607
      2.010619298297467      1.130973355292326 -0.0003647950091263075
      2.010619298297467      1.256637061435917 -0.0001531264467900181
      2.010619298297467      1.382300767579509 -2.855871468858542e-05
      2.010619298297467      1.507964473723101  1.146886623752498e-05
      2.010619298297467      1.633628179866692  2.945696704094573e-05
      2.010619298297467      1.759291886010284  3.693836088866461e-05
      2.010619298297467      1.884955592153876   2.57860260072335e-05
      2.010619298297467      2.010619298297467  9.524665634206988e-06
      2.010619298297467       2.13628300444106  2.333696315708457e-06
      2.010619298297467      2.261946710584651 -3.766100517801301e-06
      2.010619298297467      2.387610416728243 -1.047527213777693e-05
      2.010619298297467      2.513274122871834  7.448581315365674e-06
      2.010619298297467      2.638937829015426  5.501816394291438e-05
      2.010619298297467      2.764601535159018  8.222736709828143e-05
      2.010619298297467      2.890265241302609  3.852954274555378e-05
      2.010619298297467      3.015928947446201 -6.401162440560985e-05
       2.13628300444106     -3.141592653589793 -0.0005525416332099935
       2.13628300444106     -3.015928947446201  -0.001245159359298799
       2.13628300444106      -2.89026524130261  -0.002280798382327704
       2.13628300444106     -2.764601535159018  -0.003118994904232497
       2.13628300444106     -2.638937829015426  -0.003205802501859669
       2.13628300444106     -2.513274122871834  -0.002833447044034697
       2.13628300444106     -2.387610416728243  -0.002521201188079325
       2.13628300444106     -2.261946710584651  -0.002131910751338884
       2.13628300444106     -2.136283004441059  -0.001631164873788548
       2.13628300444106     -2.010619298297468  -0.001551216090718085
       2.13628300444106     -1.884955592153876  -0.001847044465874883
       2.13628300444106     -1.759291886010284  -0.001971856449095007
       2.13628300444106     -1.633628179866693  -0.002244290810651014
       2.13628300444106     -1.507964473723101  -0.003094571235012325
       2.13628300444106     -1.382300767579509  -0.003623367888714426
       2.13628300444106     -1.256637061435917  -0.002911780698309884
       2.13628300444106     -1.130973355292325  -0.001602397889631294
       2.13628300444106     -1.005309649148733  -0.000789783356324247
       2.13628300444106     -0.879645943005142 -0.0005651215642931771
       2.13628300444106    -0.7539822368615505 -0.0004065266763447824
       2.13628300444106    -0.6283185307179586 -0.0001368538184660932
       2.13628300444106    -0.5026548245743667  2.202611816635555e-05
       2.13628300444106    -0.3769911184307753  1.939340826338922e-06
       2.13628300444106    -0.2513274122871838  1.108009651676339e-06
       2.13628300444106    -0.1256637061435919   9.01464064811034e-05
       2.13628300444106                      0  0.0001528028318215285
       2.13628300444106     0.1256637061435919  0.0001726014436724264
       2.13628300444106     0.2513274122871834   0.000226592509579413
       2.13628300444106     0.3769911184307753  0.0003159251339417362
       2.13628300444106     0.5026548245743672  0.0003604016708472002
       2.13628300444106     0.6283185307179582  0.0001501054814545831
       2.13628300444106     0.7539822368615501 -0.0005604531938618155
       2.13628300444106     0.8796459430051424   -0.00151248706240952
       2.13628300444106      1.005309649148734  -0.001894919240226492
       2.13628300444106      1.130973355292326  -0.001352526857302518
       2.13628300444106      1.256637061435917 -0.0004688161973565726
       2.13628300444106      1.382300767579509  0.0001240997564711712
       2.13628300444106      1.507964473723101  0.0004247848604895425
       2.13628300444106      1.633628179866692  0.0006414209368128653
       2.13628300444106      1.759291886010284  0.0006938849360889621
       2.13628300444106      1.884955592153876  0.0004401428352996361
       2.13628300444106      2.010619298297467  9.979532067731111e-05
       2.13628300444106       2.13628300444106 -9.497981091786399e-06
       2.13628300444106      2.261946710584651  1.417899441652202e-05
       2.13628300444106      2.387610416728243 -1.705504839492991e-05
       2.13628300444106      2.513274122871834  9.560046672317009e-05
       2.13628300444106      2.638937829015426  0.0004412054254478366
       2.13628300444106      2.764601535159018  0.0006116652055522989
       2.13628300444106      2.890265241302609  0.0003461860119023376
       2.13628300444106      3.015928947446201 -0.0001017882404011316
      2.261946710584651     -3.141592653589793  0.0003287768693632221
      2.261946710584651     -3.015928947446201  0.0006757855089514175
      2.261946710584651      -2.89026524130261     0.0011695633513698
      2.261946710584651     -2.764601535159018   0.001545865319477687
      2.261946710584651     -2.638937829015426   0.001586088578089333
      2.261946710584651     -2.513274122871834   0.001439616011507937
      2.261946710584651     -2.387610416728243   0.001304154455988738
      2.261946710584651     -2.261946710584651   0.001091166685127938
      2.261946710584651     -2.136283004441059  0.0008266612647570319
      2.261946710584651     -2.010619298297468  0.0007946581644482055
      2.261946710584651     -1.884955592153876  0.0009323171798987171
      2.261946710584651     -1.759291886010284  0.0009572767370412912
      2.261946710584651     -1.633628179866693   0.001102122496348964
      2.261946710584651     -1.507964473723101   0.001612892972622494
      2.261946710584651     -1.382300767579509   0.001946650740625013
      2.261946710584651     -1.256637061435917   0.001577817372439533
      2.261946710584651     -1.130973355292325  0.0008857977188010122
      2.261946710584651     -1.005309649148733  0.0004646353234302499
      2.261946710584651     -0.879645943005142  0.0003284118090882345
      2.261946710584651    -0.7539822368615505  0.0002076557158780981
      2.261946710584651    -0.6283185307179586  4.881283762172334e-05
      2.261946710584651    -0.5026548245743667 -2.996901860851714e-05
      2.261946710584651    -0.3769911184307753 -1.462945952084551e-05
      2.261946710584651    -0.2513274122871838 -1.551507837246458e-05
      2.261946710584651    -0.1256637061435919 -7.115466227063712e-05
      2.261946710584651                      0 -0.0001107057674986871
      2.261946710584651     0.1256637061435919 -9.853503333836231e-05
      2.261946710584651     0.2513274122871834 -7.703495253034024e-05
      2.261946710584651     0.3769911184307753 -6.275857570131794e-05
      2.261946710584651     0.5026548245743672  4.468464028758152e-05
      2.261946710584651     0.6283185307179582  0.0004317141543232399
      2.261946710584651     0.7539822368615501   0.001154746188079881
      2.261946710584651     0.8796459430051424   0.001887479408272847
      2.261946710584651      1.005309649148734   0.002105347101279936
      2.261946710584651      1.130973355292326   0.001689970175146518
      2.261946710584651      1.256637061435917   0.001036357112704611
      2.261946710584651      1.382300767579509   0.000469795864697123
      2.261946710584651      1.507964473723101  1.168634470051786e-05
      2.261946710584651      1.633628179866692 -0.0002985704522545258
      2.261946710584651      1.759291886010284 -0.0003454074458723862
      2.261946710584651      1.884955592153876 -0.0001864655924103451
      2.261946710584651      2.010619298297467 -3.833893187154689e-05
      2.261946710584651       2.13628300444106 -7.185544776954458e-06
      2.261946710584651      2.261946710584651 -7.460489740640352e-06
      2.261946710584651      2.387610416728243  8.538103329362765e-06
      2.261946710584651      2.513274122871834 -6.016163474235633e-05
      2.261946710584651      2.638937829015426 -0.0002117071720196281
      2.261946710584651      2.764601535159018  -0.000249449314264426
      2.261946710584651      2.890265241302609 -9.496758760905324e-05
      2.261946710584651      3.015928947446201   0.000114736875831485
      2.387610416728243     -3.141592653589793   0.000328384546938708
      2.387610416728243     -3.015928947446201  0.0007594907873856018
      2.387610416728243      -2.89026524130261    0.00142879851193212
      2.387610416728243     -2.764601535159018   0.002013704750099167
      2.387610416728243     -2.638937829015426   0.002090926945249376
      2.387610416728243     -2.513274122871834   0.001820767228510967
      2.387610416728243     -2.387610416728243     0.0016012201777064
      2.387610416728243     -2.261946710584651   0.001377602884311506
      2.387610416728243     -2.136283004441059    0.00107877404731407
      2.387610416728243     -2.010619298297468   0.001015437337929062
      2.387610416728243     -1.884955592153876   0.001206438786327067
      2.387610416728243     -1.759291886010284   0.001317863315559334
      2.387610416728243     -1.633628179866693   0.001460830911504445
      2.387610416728243     -1.507964473723101   0.001874689964079007
      2.387610416728243     -1.382300767579509    0.00211857724718716
      2.387610416728243     -1.256637061435917   0.001695432858948607
      2.387610416728243     -1.130973355292325  0.0009255226051105384
      2.387610416728243     -1.005309649148733  0.0004330136856192444
      2.387610416728243     -0.879645943005142  0.0003198868237432348
      2.387610416728243    -0.7539822368615505    0.00027477660440067
      2.387610416728243    -0.6283185307179586  0.0001424604900602069
      2.387610416728243    -0.5026548245743667  4.869028708323264e-05
      2.387610416728243    -0.3769911184307753  5.640289589130989e-05
      2.387610416728243    -0.2513274122871838  5.689571426958519e-05
      2.387610416728243    -0.1256637061435919   1.92920711919786e-05
      2.387610416728243                      0  3.183778927842392e-06
      2.387610416728243     0.1256637061435919 -2.566332535827411e-05
      2.387610416728243     0.2513274122871834 -0.0001135118730932587
      2.387610416728243     0.3769911184307753 -0.0002310438963225306
      2.387610416728243     0.5026548245743672 -0.0004047617920119197
      2.387610416728243     0.6283185307179582 -0.0006151802467683181
      2.387610416728243     0.7539822368615501 -0.0006197885976454529
      2.387610416728243     0.8796459430051424 -0.0003285484397275475
      2.387610416728243      1.005309649148734 -0.0001156751111142757
      2.387610416728243      1.130973355292326 -0.0002850125474154305
      2.387610416728243      1.256637061435917 -0.0005856757899066813
      2.387610416728243      1.382300767579509  -0.000627194871933066
      2.387610416728243      1.507964473723101 -0.0004346469939273278
      2.387610416728243      1.633628179866692 -0.0003088619673427385
      2.387610416728243      1.759291886010284 -0.0003131736548452911
      2.387610416728243      1.884955592153876  -0.000237658385726488
      2.387610416728243      2.010619298297467 -6.155843999567384e-05
      2.387610416728243       2.13628300444106  1.529632950630257e-05
      2.387610416728243      2.261946710584651 -1.994760475577796e-06
      2.387610416728243      2.387610416728243  1.600010030881602e-05
      2.387610416728243      2.513274122871834 -3.097229977107549e-05
      2.387610416728243      2.638937829015426 -0.0002356411239647801
      2.387610416728243      2.764601535159018 -0.0003817603165684219
      2.387610416728243      2.890265241302609 -0.0002613985211545616
      2.387610416728243      3.015928947446201  2.457806344331444e-05
      2.513274122871834     -3.141592653589793   -0.00038719263652464
      2.513274122871834     -3.015928947446201 -0.0007818173940604826
      2.513274122871834      -2.89026524130261  -0.001355122353508898
      2.513274122871834     -2.764601535159018  -0.001824946207614645
      2.513274122871834     -2.638937829015426   -0.00189336093412181
      2.513274122871834     -2.513274122871834  -0.001709103313827483
      2.513274122871834     -2.387610416728243  -0.001540398256293649
      2.513274122871834     -2.261946710584651  -0.001307687099358314
      2.513274122871834     -2.136283004441059  -0.001012685101722957
      2.513274122871834     -2.010619298297468 -0.0009665346515087174
      2.513274122871834     -1.884955592153876  -0.001124310157200838
      2.513274122871834     -1.759291886010284  -0.001166889011630516
      2.513274122871834     -1.633628179866693  -0.001308237232501379
      2.513274122871834     -1.507964473723101  -0.001815517448621754
      2.513274122871834     -1.382300767579509  -0.002144252871622184
      2.513274122871834     -1.256637061435917    -0.0017386767603592
      2.513274122871834     -1.130973355292325 -0.0009788042429912192
      2.513274122871834     -1.005309649148733 -0.0005058775136441336
      2.513274122871834     -0.879645943005142 -0.0003656797412073438
      2.513274122871834    -0.7539822368615505 -0.0002614399286582825
      2.513274122871834    -0.6283185307179586 -0.0001048217394381535
      2.513274122871834    -0.5026548245743667 -2.111844107187176e-05
      2.513274122871834    -0.3769911184307753 -3.651405117148616e-05
      2.513274122871834    -0.2513274122871838 -3.473534142696674e-05
      2.513274122871834    -0.1256637061435919  1.599846897832131e-05
      2.513274122871834                      0   4.14221130547905e-05
      2.513274122871834     0.1256637061435919  3.242184367197432e-05
      2.513274122871834     0.2513274122871834  3.758210134695323e-05
      2.513274122871834     0.3769911184307753  5.308973915343102e-05
      2.513274122871834     0.5026548245743672  1.118387751221515e-05
      2.513274122871834     0.6283185307179582 -0.0002289946167910956
      2.513274122871834     0.7539822368615501 -0.0007884295731422914
      2.513274122871834     0.8796459430051424  -0.001449222633273816
      2.513274122871834      1.005309649148734  -0.001685391586526071
      2.513274122871834      1.130973355292326  -0.001308862275755159
      2.513274122871834      1.256637061435917 -0.0007087669031692835
      2.513274122871834      1.382300767579509  -0.000256798781351136
      2.513274122871834      1.507964473723101  3.835160815320734e-05
      2.513274122871834      1.633628179866692   0.000230843451629326
      2.513274122871834      1.759291886010284  0.0002658771668958622
      2.513274122871834      1.884955592153876  0.0001541400425902069
      2.513274122871834      2.010619298297467  3.633463589671717e-05
      2.513274122871834       2.13628300444106  5.077988676808366e-06
      2.513274122871834      2.261946710584651  1.459296789790321e-06
      2.513274122871834      2.387610416728243 -1.540448942184493e-05
      2.513274122871834      2.513274122871834  4.524225751640237e-05
      2.513274122871834      2.638937829015426  0.0001941570743864233
      2.513274122871834      2.764601535159018  0.0002521457142629067
      2.513274122871834      2.890265241302609  0.0001116701736334492
      2.513274122871834      3.015928947446201 -0.0001259338835824052
      2.638937829015426     -3.141592653589793   0.001108012165214568
      2.638937829015426     -3.015928947446201   0.001999489833893482
      2.638937829015426      -2.89026524130261   0.003284866364069486
      2.638937829015426     -2.764601535159018   0.004450374476505608
      2.638937829015426     -2.638937829015426   0.004723241314816476
      2.638937829015426     -2.513274122871834   0.004328906444132374
      2.638937829015426     -2.387610416728243   0.003928715802663849
      2.638937829015426     -2.261946710584651   0.003402147645644263
      2.638937829015426     -2.136283004441059   0.002727060946605245
      2.638937829015426     -2.010619298297468   0.002592116110180641
      2.638937829015426     -1.884955592153876   0.002923365165491452
      2.638937829015426     -1.759291886010284    0.00298552055560201
      2.638937829015426     -1.633628179866693   0.003198027008906391
      2.638937829015426     -1.507964473723101   0.004185715534157138
      2.638937829015426     -1.382300767579509   0.004850281079751086
      2.638937829015426     -1.256637061435917   0.003975026056879393
      2.638937829015426     -1.130973355292325   0.002302210366136582
      2.638937829015426     -1.005309649148733   0.001225235174551208
      2.638937829015426     -0.879645943005142  0.0009197703137601436
      2.638937829015426    -0.7539822368615505  0.0007457916318205441
      2.638937829015426    -0.6283185307179586  0.0004556513669867546
      2.638937829015426    -0.5026548245743667  0.0003023669150429868
      2.638937829015426    -0.3769911184307753  0.0003416102188594754
      2.638937829015426    -0.2513274122871838  0.0003292648070527018
      2.638937829015426    -0.1256637061435919  0.0002520332412526227
      2.638937829015426                      0  0.0002803941323221644
      2.638937829015426     0.1256637061435919  0.0003405620771870877
      2.638937829015426     0.2513274122871834  0.0003091300566788625
      2.638937829015426     0.3769911184307753  0.0002741580212002712
      2.638937829015426     0.5026548245743672  0.0003094195979873833
      2.638937829015426     0.6283185307179582  0.0005779079098048167
      2.638937829015426     0.7539822368615501   0.001471815674044821
      2.638937829015426     0.8796459430051424   0.002767060420275511
      2.638937829015426      1.005309649148734   0.003314911917575736
      2.638937829015426      1.130973355292326   0.002569453396543986
      2.638937829015426      1.256637061435917   0.001382288155432351
      2.638937829015426      1.382300767579509  0.0006292499272814894
      2.638937829015426      1.507964473723101  0.0003043894769571857
      2.638937829015426      1.633628179866692   0.000162769964519258
      2.638937829015426      1.759291886010284  0.0001242189668187589
      2.638937829015426      1.884955592153876   8.30229831448514e-05
      2.638937829015426      2.010619298297467 -5.502109330900645e-06
      2.638937829015426       2.13628300444106 -3.031643986970584e-05
      2.638937829015426      2.261946710584651  3.535911551928875e-05
      2.638937829015426      2.387610416728243  6.699568785498741e-05
      2.638937829015426      2.513274122871834  -8.42316068453062e-06
      2.638937829015426      2.638937829015426 -0.0001465599630999536
      2.638937829015426      2.764601535159018 -0.0002177708083628433
      2.638937829015426      2.890265241302609 -3.423940964153967e-05
      2.638937829015426      3.015928947446201  0.0004527267594655574
      2.764601535159018     -3.141592653589793   0.005881243483434799
      2.764601535159018     -3.015928947446201    0.01080755190213556
      2.764601535159018      -2.89026524130261    0.01818143466570291
      2.764601535159018     -2.764601535159018    0.02527469280352518
      2.764601535159018     -2.638937829015426    0.02699697728931174
      2.764601535159018     -2.513274122871834    0.02439459589637046
      2.764601535159018     -2.387610416728243    0.02191585619949613
      2.764601535159018     -2.261946710584651    0.01920900327316016
      2.764601535159018     -2.136283004441059    0.01562056151416588
      2.764601535159018     -2.010619298297468    0.01473725640498612
      2.764601535159018     -1.884955592153876    0.01665013113280027
      2.764601535159018     -1.759291886010284    0.01737018316162516
      2.764601535159018     -1.633628179866693    0.01828944530285364
      2.764601535159018     -1.507964473723101    0.02254565080102913
      2.764601535159018     -1.382300767579509    0.02531790155785262
      2.764601535159018     -1.256637061435917    0.02068280548964035
      2.764601535159018     -1.130973355292325     0.0119141207622707
      2.764601535159018     -1.005309649148733   0.006109558597673575
      2.764601535159018     -0.879645943005142   0.004707714938315178
      2.764601535159018    -0.7539822368615505   0.004308398621340744
      2.764601535159018    -0.6283185307179586   0.003070538323540506
      2.764601535159018    -0.5026548245743667   0.002267807562994758
      2.764601535159018    -0.3769911184307753   0.002431315468517499
      2.764601535159018    -0.2513274122871838   0.002365438510098233
      2.764601535159018    -0.1256637061435919   0.002120170240211563
      2.764601535159018                      0   0.002498261640977813
      2.764601535159018     0.1256637061435919   0.002639046592671799
      2.764601535159018     0.2513274122871834   0.001883250112525892
      2.764601535159018     0.3769911184307753   0.001018314046989168
      2.764601535159018     0.5026548245743672 -0.0003520524183279641
      2.764601535159018     0.6283185307179582  -0.002484235827579104
      2.764601535159018     0.7539822368615501  -0.002275278769264668
      2.764601535159018     0.8796459430051424   0.001675987514367441
      2.764601535159018      1.005309649148734   0.004426000235482942
      2.764601535159018      1.130973355292326   0.002098573068504601
      2.764601535159018      1.256637061435917  -0.001809770506847426
      2.764601535159018      1.382300767579509  -0.002502787996568348
      2.764601535159018      1.507964473723101 -0.0002870094150169695
      2.764601535159018      1.633628179866692   0.001665137430089916
      2.764601535159018      1.759291886010284   0.001746782937617314
      2.764601535159018      1.884955592153876  0.0007172737791763487
      2.764601535159018      2.010619298297467 -4.837247362868456e-05
      2.764601535159018       2.13628300444106 -5.983837246873421e-05
      2.764601535159018      2.261946710584651  0.0002573580194224584
      2.764601535159018      2.387610416728243  0.0004185225913900838
      2.764601535159018      2.513274122871834   0.000233502936059031
      2.764601535159018      2.638937829015426 -0.0004787109500544731
      2.764601535159018      2.764601535159018  -0.001325012884176525
      2.764601535159018      2.890265241302609 -0.0007556242011402172
      2.764601535159018      3.015928947446201   0.002028444970915263
      2.890265241302609     -3.141592653589793    0.01083713181006426
      2.890265241302609     -3.015928947446201    0.01918725532279898
      2.890265241302609      -2.89026524130261    0.03163794243577538
      2.890265241302609     -2.764601535159018    0.04401426217144937
      2.890265241302609     -2.638937829015426    0.04735863442523842
      2.890265241302609     -2.513274122871834    0.04304727180254448
      2.890265241302609     -2.387610416728243      0.038787785728171
      2.890265241302609     -2.261946710584651    0.03418729800179057
      2.890265241302609     -2.136283004441059    0.02806660203861153
      2.890265241302609     -2.010619298297468    0.02646284553092046
      2.890265241302609     -1.884955592153876    0.02960893777957346
      2.890265241302609     -1.759291886010284    0.03068731527765479
      2.890265241302609     -1.633628179866693    0.03186451129280185
      2.890265241302609     -1.507964473723101     0.0385515321042661
      2.890265241302609     -1.382300767579509    0.04300438366027454
      2.890265241302609     -1.256637061435917    0.03528927501615745
      2.890265241302609     -1.130973355292325    0.02056565352620644
      2.890265241302609     -1.005309649148733     0.0106885995888699
      2.890265241302609     -0.879645943005142    0.00834085069911634
      2.890265241302609    -0.7539822368615505   0.007864584205686516
      2.890265241302609    -0.6283185307179586   0.005983834528314606
      2.890265241302609    -0.5026548245743667   0.004752777350437498
      2.890265241302609    -0.3769911184307753   0.005048743787043764
      2.890265241302609    -0.2513274122871838   0.004906373940846733
      2.890265241302609    -0.1256637061435919   0.004619789193740794
      2.890265241302609                      0   0.005565921875165374
      2.890265241302609     0.1256637061435919   0.005959625832418325
      2.890265241302609     0.2513274122871834   0.004632228391995931
      2.890265241302609     0.3769911184307753   0.003196787055610798
      2.890265241302609     0.5026548245743672  0.0007265557663277853
      2.890265241302609     0.6283185307179582  -0.003731061688253668
      2.890265241302609     0.7539822368615501  -0.004522004377113691
      2.890265241302609     0.8796459430051424   0.001594696276893251
      2.890265241302609      1.005309649148734   0.006321219289248045
      2.890265241302609      1.130973355292326   0.002681473018755508
      2.890265241302609      1.256637061435917   -0.00344409668417902
      2.890265241302609      1.382300767579509  -0.003790971238848913
      2.890265241302609      1.507964473723101   0.001039657948747092
      2.890265241302609      1.633628179866692    0.00530234818037169
      2.890265241302609      1.759291886010284   0.005576569558696134
      2.890265241302609      1.884955592153876   0.002788830765623391
      2.890265241302609      2.010619298297467  0.0002002463871115208
      2.890265241302609       2.13628300444106 -0.0001755557169256429
      2.890265241302609      2.261946710584651  0.0005754751545073327
      2.890265241302609      2.387610416728243  0.0008255299879951257
      2.890265241302609      2.513274122871834   0.000727750175045366
      2.890265241302609      2.638937829015426  0.0002468535414396496
      2.890265241302609      2.764601535159018  -0.000947416679227377
      2.890265241302609      2.890265241302609 -0.0004539039448140389
      2.890265241302609      3.015928947446201    0.00407790833936255
      3.015928947446201     -3.141592653589793    0.01369774146915088
      3.015928947446201     -3.015928947446201    0.02357604689829047
      3.015928947446201      -2.89026524130261    0.03797154104038981
      3.015928947446201     -2.764601535159018      0.052137864573595
      3.015928947446201     -2.638937829015426    0.05615518913214448
      3.015928947446201     -2.513274122871834    0.05159366182260669
      3.015928947446201     -2.387610416728243    0.04680999485134336
      3.015928947446201     -2.261946710584651    0.04113405329232123
      3.015928947446201     -2.136283004441059    0.03370893037505996
      3.015928947446201     -2.010619298297468    0.03188929262981086
      3.015928947446201     -1.884955592153876    0.03545233122317255
      3.015928947446201     -1.759291886010284    0.03621114885179964
      3.015928947446201     -1.633628179866693    0.03761888282331516
      3.015928947446201     -1.507964473723101    0.04649081039815493
      3.015928947446201     -1.382300767579509    0.05258292808520923
      3.015928947446201     -1.256637061435917    0.04333183945234733
      3.015928947446201     -1.130973355292325    0.02548492093132778
      3.015928947446201     -1.005309649148733    0.01361073843967497
      3.015928947446201     -0.879645943005142    0.01053626115434153
      3.015928947446201    -0.7539822368615505   0.009490987754380948
      3.015928947446201    -0.6283185307179586      0.007013843366197
      3.015928947446201    -0.5026548245743667   0.005599354304117053
      3.015928947446201    -0.3769911184307753   0.006021796247188368
      3.015928947446201    -0.2513274122871838   0.005829217628701817
      3.015928947446201    -0.1256637061435919   0.005379775137313616
      3.015928947446201                      0   0.006468138933453538
      3.015928947446201     0.1256637061435919   0.007255112991148431
      3.015928947446201     0.2513274122871834   0.006297086559511334
      3.015928947446201     0.3769911184307753   0.005364488473223865
      3.015928947446201     0.5026548245743672   0.004072516160552831
      3.015928947446201     0.6283185307179582     0.0022123362133071
      3.015928947446201     0.7539822368615501   0.005713225864334946
      3.015928947446201     0.8796459430051424    0.01609339196447534
      3.015928947446201      1.005309649148734    0.02203802910589895
      3.015928947446201      1.130973355292326     0.0159614099589165
      3.015928947446201      1.256637061435917   0.006127498601386706
      3.015928947446201      1.382300767579509   0.002456314902116358
      3.015928947446201      1.507964473723101   0.004482481046871166
      3.015928947446201      1.633628179866692   0.007165487011493452
      3.015928947446201      1.759291886010284   0.007258821662486325
      3.015928947446201      1.884955592153876   0.004117158807821655
      3.015928947446201      2.010619298297467  0.0004549276366938313
      3.015928947446201       2.13628300444106 -0.0003790157637161486
      3.015928947446201      2.261946710584651  0.0007099095936270721
      3.015928947446201      2.387610416728243   0.001004628332212649
      3.015928947446201      2.513274122871834  0.0007837524543111255
      3.015928947446201      2.638937829015426  0.0006680731811025693
      3.015928947446201      2.764601535159018 -7.456010349109394e-05
      3.015928947446201      2.890265241302609  0.0006709358133231882
      3.015928947446201      3.015928947446201   0.005797591720542026
