#! FIELDS phi2 phi3 hhphi2phi3 dhhphi2phi3_phi2 dhhphi2phi3_phi3
#! SET min_phi2 -pi
#! SET max_phi2 pi
#! SET nbins_phi2  50
#! SET periodic_phi2 true
#! SET min_phi3 -pi
#! SET max_phi3 pi
#! SET nbins_phi3  50
#! SET periodic_phi3 true
 -3.141593 -3.141593 0.002232 0.021296 0.012846
 -3.015929 -3.141593 0.005946 0.038361 0.016817
 -2.890265 -3.141593 0.013039 0.080746 0.032331
 -2.764602 -3.141593 0.025753 0.110787 0.060102
 -2.638938 -3.141593 0.038157 0.079759 0.053490
 -2.513274 -3.141593 0.045400 0.036536 0.027466
 -2.387610 -3.141593 0.046797 -0.012288 -0.008977
 -2.261947 -3.141593 0.045891 0.011469 -0.019799
 -2.136283 -3.141593 0.050147 0.060785 0.025280
 -2.010619 -3.141593 0.063702 0.159027 0.077313
 -1.884956 -3.141593 0.090309 0.269905 0.075846
 -1.759292 -3.141593 0.129551 0.323296 0.086138
 -1.633628 -3.141593 0.161364 0.156085 0.107513
 -1.507964 -3.141593 0.168629 -0.028705 0.064162
 -1.382301 -3.141593 0.154239 -0.205921 0.023902
 -1.256637 -3.141593 0.117378 -0.362333 0.006943
 -1.130973 -3.141593 0.070785 -0.343573 0.025857
 -1.005310 -3.141593 0.035389 -0.218413 0.018326
 -0.879646 -3.141593 0.014798 -0.112878 0.005264
 -0.753982 -3.141593 0.005196 -0.047198 0.009694
 -0.628319 -3.141593 0.001412 -0.016781 0.006597
 -0.502655 -3.141593 0.000227 -0.003883 0.001354
 -0.376991 -3.141593 0.000029 -0.000351 0.000499
 -0.251327 -3.141593 0.000008 -0.000064 0.000210
 -0.125664 -3.141593 0.000006 0.000012 0.000184
 0.000000 -3.141593 0.000006 -0.000020 0.000180
 0.125664 -3.141593 0.000002 -0.000027 0.000076
 0.251327 -3.141593 0.000000 -0.000007 0.000016
 0.376991 -3.141593 0.000000 0.000003 0.000008
 0.502655 -3.141593 0.000002 0.000023 0.000055
 0.628319 -3.141593 0.000004 0.000001 0.000126
 0.753982 -3.141593 0.000002 -0.000023 0.000061
 0.879646 -3.141593 0.000000 -0.000005 0.000010
 1.005310 -3.141593 0.000000 -0.000001 0.000002
 1.130973 -3.141593 0.000000 -0.000000 0.000000
 1.256637 -3.141593 0.000000 -0.000000 0.000000
 1.382301 -3.141593 0.000000 0.000000 0.000000
 1.507964 -3.141593 0.000000 0.000000 0.000000
 1.633628 -3.141593 0.000000 0.000000 0.000000
 1.759292 -3.141593 0.000000 0.000000 0.000000
 1.884956 -3.141593 0.000000 0.000000 0.000000
 2.010619 -3.141593 0.000000 0.000000 0.000000
 2.136283 -3.141593 0.000000 0.000000 0.000000
 2.261947 -3.141593 0.000000 0.000000 0.000000
 2.387610 -3.141593 0.000000 0.000000 0.000000
 2.513274 -3.141593 0.000001 0.000020 0.000011
 2.638938 -3.141593 0.000015 0.000288 0.000262
 2.764602 -3.141593 0.000087 0.000822 0.001567
 2.890265 -3.141593 0.000209 0.001251 0.003743
 3.015929 -3.141593 0.000584 0.006210 0.007294

 -3.141593 -3.015929 0.004187 0.024647 0.021007
 -3.015929 -3.015929 0.009048 0.058868 0.045990
 -2.890265 -3.015929 0.020059 0.115132 0.095298
 -2.764602 -3.015929 0.035282 0.109483 0.104371
 -2.638938 -3.015929 0.044728 0.040931 0.063896
 -2.513274 -3.015929 0.046707 -0.007609 0.011441
 -2.387610 -3.015929 0.042840 -0.044701 -0.025145
 -2.261947 -3.015929 0.040471 0.023421 -0.031884
 -2.136283 -3.015929 0.049479 0.118033 -0.015287
 -2.010619 -3.015929 0.068188 0.167261 0.004827
 -1.884956 -3.015929 0.091553 0.219291 -0.023004
 -1.759292 -3.015929 0.124315 0.282981 -0.107475
 -1.633628 -3.015929 0.152398 0.123552 -0.177402
 -1.507964 -3.015929 0.153479 -0.087376 -0.221943
 -1.382301 -3.015929 0.133534 -0.225539 -0.253913
 -1.256637 -3.015929 0.099156 -0.301316 -0.210838
 -1.130973 -3.015929 0.062100 -0.276313 -0.120222
 -1.005310 -3.015929 0.031744 -0.197835 -0.055419
 -0.879646 -3.015929 0.013302 -0.096560 -0.021567
 -0.753982 -3.015929 0.005557 -0.036859 -0.003449
 -0.628319 -3.015929 0.002105 -0.020057 0.004958
 -0.502655 -3.015929 0.000522 -0.005468 0.004315
 -0.376991 -3.015929 0.000231 -0.001104 0.003220
 -0.251327 -3.015929 0.000106 -0.000498 0.001649
 -0.125664 -3.015929 0.000116 0.000318 0.002009
 0.000000 -3.015929 0.000120 -0.000309 0.002155
 0.125664 -3.015929 0.000060 -0.000471 0.001234
 0.251327 -3.015929 0.000021 -0.000182 0.000544
 0.376991 -3.015929 0.000009 0.000028 0.000244
 0.502655 -3.015929 0.000044 0.000534 0.000883
 0.628319 -3.015929 0.000098 0.000040 0.001954
 0.753982 -3.015929 0.000050 -0.000530 0.001012
 0.879646 -3.015929 0.000012 -0.000109 0.000286
 1.005310 -3.015929 0.000004 -0.000043 0.000101
 1.130973 -3.015929 0.000001 -0.000007 0.000019
 1.256637 -3.015929 0.000000 -0.000001 0.000012
 1.382301 -3.015929 0.000000 -0.000002 0.000005
 1.507964 -3.015929 0.000000 -0.000000 0.000001
 1.633628 -3.015929 0.000000 -0.000000 0.000000
 1.759292 -3.015929 0.000000 0.000000 0.000000
 1.884956 -3.015929 0.000000 0.000000 0.000000
 2.010619 -3.015929 0.000000 0.000000 0.000000
 2.136283 -3.015929 0.000000 0.000000 0.000000
 2.261947 -3.015929 0.000000 0.000000 0.000000
 2.387610 -3.015929 0.000000 0.000001 0.000000
 2.513274 -3.015929 0.000003 0.000084 0.000016
 2.638938 -3.015929 0.000066 0.001290 0.000420
 2.764602 -3.015929 0.000412 0.004199 0.002943
 2.890265 -3.015929 0.001032 0.005477 0.007946
 3.015929 -3.015929 0.001981 0.011328 0.013395

 -3.141593 -2.890265 0.008700 0.060729 0.056630
 -3.015929 -2.890265 0.020477 0.129453 0.138801
 -2.890265 -2.890265 0.039262 0.150672 0.210723
 -2.764602 -2.890265 0.053478 0.065564 0.191708
 -2.638938 -2.890265 0.056207 -0.014611 0.130419
 -2.513274 -2.890265 0.051516 -0.053909 0.073669
 -2.387610 -2.890265 0.044505 -0.046187 0.054190
 -2.261947 -2.890265 0.042531 0.020546 0.062101
 -2.136283 -2.890265 0.050413 0.108233 0.034377
 -2.010619 -2.890265 0.068070 0.156788 0.004585
 -1.884956 -2.890265 0.087779 0.162888 -0.036334
 -1.759292 -2.890265 0.110715 0.196882 -0.104078
 -1.633628 -2.890265 0.130230 0.079582 -0.155309
 -1.507964 -2.890265 0.127818 -0.107723 -0.165688
 -1.382301 -2.890265 0.106852 -0.210559 -0.154758
 -1.256637 -2.890265 0.077869 -0.236477 -0.114291
 -1.130973 -2.890265 0.050139 -0.201399 -0.048771
 -1.005310 -2.890265 0.027149 -0.158421 -0.001604
 -0.879646 -2.890265 0.011786 -0.083678 0.007298
 -0.753982 -2.890265 0.005318 -0.025902 0.007312
 -0.628319 -2.890265 0.003118 -0.014360 0.014846
 -0.502655 -2.890265 0.001639 -0.007602 0.015445
 -0.376991 -2.890265 0.000969 -0.004684 0.009605
 -0.251327 -2.890265 0.000517 -0.001389 0.005782
 -0.125664 -2.890265 0.000584 0.001388 0.005764
 0.000000 -2.890265 0.000660 -0.000470 0.006933
 0.125664 -2.890265 0.000501 -0.001576 0.006977
 0.251327 -2.890265 0.000312 -0.001538 0.005371
 0.376991 -2.890265 0.000160 -0.000404 0.003075
 0.502655 -2.890265 0.000321 0.003034 0.003937
 0.628319 -2.890265 0.000644 0.000289 0.006765
 0.753982 -2.890265 0.000363 -0.003038 0.004304
 0.879646 -2.890265 0.000145 -0.000760 0.002247
 1.005310 -2.890265 0.000059 -0.000599 0.000996
 1.130973 -2.890265 0.000020 -0.000053 0.000496
 1.256637 -2.890265 0.000018 -0.000051 0.000482
 1.382301 -2.890265 0.000007 -0.000090 0.000189
 1.507964 -2.890265 0.000001 -0.000018 0.000020
 1.633628 -2.890265 0.000000 -0.000001 0.000001
 1.759292 -2.890265 0.000000 -0.000000 0.000000
 1.884956 -2.890265 0.000000 0.000000 0.000000
 2.010619 -2.890265 0.000000 0.000000 0.000000
 2.136283 -2.890265 0.000000 0.000000 0.000000
 2.261947 -2.890265 0.000000 0.000000 0.000000
 2.387610 -2.890265 0.000000 0.000001 -0.000000
 2.513274 -2.890265 0.000003 0.000105 -0.000006
 2.638938 -2.890265 0.000089 0.001844 -0.000042
 2.764602 -2.890265 0.000626 0.006821 0.000363
 2.890265 -2.890265 0.001708 0.010532 0.002900
 3.015929 -2.890265 0.003701 0.024088 0.016716

 -3.141593 -2.764602 0.019087 0.130291 0.105310
 -3.015929 -2.764602 0.042089 0.231537 0.194198
 -2.890265 -2.764602 0.071371 0.197360 0.291057
 -2.764602 -2.764602 0.085654 0.031325 0.319967
 -2.638938 -2.764602 0.081932 -0.083442 0.285388
 -2.513274 -2.764602 0.067247 -0.128276 0.178641
 -2.387610 -2.764602 0.055551 -0.047460 0.114503
 -2.261947 -2.764602 0.053207 0.001177 0.098222
 -2.136283 -2.764602 0.057363 0.076856 0.076083
 -2.010619 -2.764602 0.070737 0.115156 0.043172
 -1.884956 -2.764602 0.083893 0.103032 -0.010266
 -1.759292 -2.764602 0.099513 0.145037 -0.058942
 -1.633628 -2.764602 0.114264 0.058302 -0.094812
 -1.507964 -2.764602 0.111217 -0.097395 -0.103268
 -1.382301 -2.764602 0.093645 -0.167849 -0.056918
 -1.256637 -2.764602 0.071317 -0.176786 0.017651
 -1.130973 -2.764602 0.050994 -0.148642 0.060420
 -1.005310 -2.764602 0.032231 -0.146121 0.080036
 -0.879646 -2.764602 0.016925 -0.089535 0.079331
 -0.753982 -2.764602 0.009686 -0.030408 0.068479
 -0.628319 -2.764602 0.007144 -0.016899 0.052496
 -0.502655 -2.764602 0.005092 -0.014667 0.041461
 -0.376991 -2.764602 0.003301 -0.013422 0.031004
 -0.251327 -2.764602 0.002179 -0.003608 0.024349
 -0.125664 -2.764602 0.002131 0.001705 0.023371
 0.000000 -2.764602 0.002391 0.001173 0.024562
 0.125664 -2.764602 0.002218 -0.003323 0.021954
 0.251327 -2.764602 0.001732 -0.004327 0.018495
 0.376991 -2.764602 0.001214 -0.003098 0.016043
 0.502655 -2.764602 0.001183 0.003364 0.010916
 0.628319 -2.764602 0.001694 0.001256 0.010468
 0.753982 -2.764602 0.001240 -0.006004 0.011040
 0.879646 -2.764602 0.000665 -0.003296 0.006615
 1.005310 -2.764602 0.000322 -0.001795 0.003745
 1.130973 -2.764602 0.000256 0.000282 0.004074
 1.256637 -2.764602 0.000240 -0.000829 0.003546
 1.382301 -2.764602 0.000091 -0.001113 0.001313
 1.507964 -2.764602 0.000011 -0.000229 0.000201
 1.633628 -2.764602 0.000001 -0.000018 0.000020
 1.759292 -2.764602 0.000000 -0.000001 0.000001
 1.884956 -2.764602 0.000000 0.000000 0.000000
 2.010619 -2.764602 0.000000 0.000000 0.000000
 2.136283 -2.764602 0.000000 0.000000 0.000000
 2.261947 -2.764602 0.000000 0.000000 0.000000
 2.387610 -2.764602 0.000000 0.000001 -0.000000
 2.513274 -2.764602 0.000002 0.000079 -0.000002
 2.638938 -2.764602 0.000078 0.001739 0.000029
 2.764602 -2.764602 0.000682 0.008777 0.001887
 2.890265 -2.764602 0.002568 0.023833 0.015405
 3.015929 -2.764602 0.007648 0.060611 0.050574

 -3.141593 -2.638938 0.033512 0.190072 0.120836
 -3.015929 -2.638938 0.067523 0.346229 0.206489
 -2.890265 -2.638938 0.110121 0.270875 0.314753
 -2.764602 -2.638938 0.128555 0.032441 0.333981
 -2.638938 -2.638938 0.119855 -0.172809 0.265176
 -2.513274 -2.638938 0.090656 -0.241070 0.153470
 -2.387610 -2.638938 0.069515 -0.086180 0.087009
 -2.261947 -2.638938 0.064979 -0.000618 0.078280
 -2.136283 -2.638938 0.068922 0.067256 0.097714
 -2.010619 -2.638938 0.079514 0.082543 0.091350
 -1.884956 -2.638938 0.087746 0.061289 0.072034
 -1.759292 -2.638938 0.098646 0.109761 0.049540
 -1.633628 -2.638938 0.108943 0.028037 0.028372
 -1.507964 -2.638938 0.104780 -0.075630 0.034290
 -1.382301 -2.638938 0.095281 -0.067993 0.107709
 -1.256637 -2.638938 0.084166 -0.123187 0.189588
 -1.130973 -2.638938 0.065658 -0.154875 0.177018
 -1.005310 -2.638938 0.046748 -0.142475 0.149864
 -0.879646 -2.638938 0.031482 -0.096574 0.144423
 -0.753982 -2.638938 0.021824 -0.059599 0.114839
 -0.628319 -2.638938 0.015702 -0.040133 0.078422
 -0.502655 -2.638938 0.011779 -0.022502 0.061218
 -0.376991 -2.638938 0.009098 -0.021447 0.059112
 -0.251327 -2.638938 0.007147 -0.006850 0.053726
 -0.125664 -2.638938 0.007091 0.003544 0.053336
 0.000000 -2.638938 0.007376 -0.002187 0.053182
 0.125664 -2.638938 0.006320 -0.011433 0.044451
 0.251327 -2.638938 0.005358 -0.003573 0.041015
 0.376991 -2.638938 0.004720 -0.008961 0.040702
 0.502655 -2.638938 0.003577 -0.004029 0.029862
 0.628319 -2.638938 0.004023 0.006288 0.030223
 0.753982 -2.638938 0.003862 -0.009687 0.033335
 0.879646 -2.638938 0.002302 -0.011628 0.022656
 1.005310 -2.638938 0.001373 -0.003143 0.015222
 1.130973 -2.638938 0.001221 -0.000889 0.011878
 1.256637 -2.638938 0.000885 -0.004426 0.006487
 1.382301 -2.638938 0.000328 -0.003402 0.002473
 1.507964 -2.638938 0.000081 -0.000950 0.001121
 1.633628 -2.638938 0.000012 -0.000239 0.000217
 1.759292 -2.638938 0.000001 -0.000016 0.000010
 1.884956 -2.638938 0.000000 0.000000 0.000000
 2.010619 -2.638938 0.000000 0.000000 0.000000
 2.136283 -2.638938 0.000000 0.000000 0.000000
 2.261947 -2.638938 0.000000 0.000000 0.000000
 2.387610 -2.638938 0.000000 0.000002 0.000001
 2.513274 -2.638938 0.000005 0.000175 0.000064
 2.638938 -2.638938 0.000166 0.003701 0.001632
 2.764602 -2.638938 0.001560 0.021677 0.013158
 2.890265 -2.638938 0.006374 0.057433 0.044910
 3.015929 -2.638938 0.016258 0.100640 0.083162

 -3.141593 -2.513274 0.049258 0.233182 0.122549
 -3.015929 -2.513274 0.091744 0.438405 0.164097
 -2.890265 -2.513274 0.145176 0.328638 0.212672
 -2.764602 -2.513274 0.163770 -0.027743 0.200299
 -2.638938 -2.513274 0.141686 -0.301312 0.082003
 -2.513274 -2.513274 0.099668 -0.308856 -0.009024
 -2.387610 -2.513274 0.073094 -0.105700 -0.035866
 -2.261947 -2.513274 0.069964 0.038407 -0.005334
 -2.136283 -2.513274 0.078874 0.094657 0.056550
 -2.010619 -2.513274 0.091639 0.097344 0.103500
 -1.884956 -2.513274 0.101331 0.066343 0.150548
 -1.759292 -2.513274 0.112792 0.117947 0.186315
 -1.633628 -2.513274 0.124736 0.048953 0.228155
 -1.507964 -2.513274 0.125771 -0.014195 0.291752
 -1.382301 -2.513274 0.123797 -0.019401 0.327794
 -1.256637 -2.513274 0.116062 -0.123942 0.294504
 -1.130973 -2.513274 0.093381 -0.211381 0.240215
 -1.005310 -2.513274 0.068545 -0.171602 0.181036
 -0.879646 -2.513274 0.050205 -0.125738 0.136889
 -0.753982 -2.513274 0.036144 -0.095530 0.105148
 -0.628319 -2.513274 0.026000 -0.067785 0.083369
 -0.502655 -2.513274 0.019548 -0.031436 0.059945
 -0.376991 -2.513274 0.017042 -0.016425 0.061088
 -0.251327 -2.513274 0.014787 -0.014840 0.061551
 -0.125664 -2.513274 0.014295 0.006039 0.056225
 0.000000 -2.513274 0.014818 -0.003970 0.060105
 0.125664 -2.513274 0.013176 -0.017034 0.058674
 0.251327 -2.513274 0.011758 -0.004153 0.054691
 0.376991 -2.513274 0.011025 -0.013084 0.055267
 0.502655 -2.513274 0.008913 -0.012141 0.052280
 0.628319 -2.513274 0.008997 0.009278 0.042482
 0.753982 -2.513274 0.009316 -0.009142 0.048464
 0.879646 -2.513274 0.006961 -0.023175 0.051884
 1.005310 -2.513274 0.004658 -0.011512 0.038856
 1.130973 -2.513274 0.003659 -0.007671 0.029847
 1.256637 -2.513274 0.002299 -0.012957 0.019705
 1.382301 -2.513274 0.000940 -0.007337 0.009132
 1.507964 -2.513274 0.000331 -0.003276 0.002772
 1.633628 -2.513274 0.000055 -0.001064 0.000363
 1.759292 -2.513274 0.000002 -0.000071 0.000013
 1.884956 -2.513274 0.000000 -0.000000 0.000000
 2.010619 -2.513274 0.000000 0.000000 0.000000
 2.136283 -2.513274 0.000000 0.000000 0.000000
 2.261947 -2.513274 0.000000 0.000000 0.000000
 2.387610 -2.513274 0.000000 0.000010 0.000003
 2.513274 -2.513274 0.000020 0.000592 0.000157
 2.638938 -2.513274 0.000465 0.009512 0.002646
 2.764602 -2.513274 0.003603 0.045352 0.015925
 2.890265 -2.513274 0.012619 0.098582 0.047164
 3.015929 -2.513274 0.027577 0.136281 0.089452

 -3.141593 -2.387610 0.060893 0.253461 0.054465
 -3.015929 -2.387610 0.106172 0.457299 0.062616
 -2.890265 -2.387610 0.159855 0.314337 0.028768
 -2.764602 -2.387610 0.174324 -0.087846 -0.024024
 -2.638938 -2.387610 0.141700 -0.390540 -0.071219
 -2.513274 -2.387610 0.091328 -0.350246 -0.107616
 -2.387610 -2.387610 0.063000 -0.088680 -0.101824
 -2.261947 -2.387610 0.065807 0.112387 -0.033873
 -2.136283 -2.387610 0.086300 0.196877 0.094373
 -2.010619 -2.387610 0.111169 0.186780 0.248370
 -1.884956 -2.387610 0.131365 0.138375 0.364544
 -1.759292 -2.387610 0.148869 0.146018 0.401303
 -1.633628 -2.387610 0.164359 0.078422 0.388051
 -1.507964 -2.387610 0.167737 -0.007359 0.331988
 -1.382301 -2.387610 0.164303 -0.057786 0.261104
 -1.256637 -2.387610 0.149081 -0.190576 0.190694
 -1.130973 -2.387610 0.118489 -0.272650 0.135605
 -1.005310 -2.387610 0.086057 -0.230898 0.081639
 -0.879646 -2.387610 0.061325 -0.157606 0.033231
 -0.753982 -2.387610 0.046352 -0.089653 0.050274
 -0.628319 -2.387610 0.035492 -0.086909 0.058599
 -0.502655 -2.387610 0.026177 -0.051265 0.042196
 -0.376991 -2.387610 0.022553 -0.015891 0.022448
 -0.251327 -2.387610 0.020398 -0.015353 0.020924
 -0.125664 -2.387610 0.020038 0.009310 0.031446
 0.000000 -2.387610 0.020888 -0.003650 0.032507
 0.125664 -2.387610 0.019024 -0.019946 0.032083
 0.251327 -2.387610 0.017300 -0.003615 0.031276
 0.376991 -2.387610 0.017474 -0.001763 0.044623
 0.502655 -2.387610 0.015741 -0.022364 0.054847
 0.628319 -2.387610 0.013722 -0.002685 0.036581
 0.753982 -2.387610 0.014987 0.014172 0.042349
 0.879646 -2.387610 0.014819 -0.019585 0.070236
 1.005310 -2.387610 0.011668 -0.022035 0.075698
 1.130973 -2.387610 0.009510 -0.017028 0.067497
 1.256637 -2.387610 0.006636 -0.027831 0.051548
 1.382301 -2.387610 0.003137 -0.025048 0.027373
 1.507964 -2.387610 0.000813 -0.011238 0.005756
 1.633628 -2.387610 0.000089 -0.001901 0.000341
 1.759292 -2.387610 0.000003 -0.000086 0.000010
 1.884956 -2.387610 0.000000 -0.000001 0.000000
 2.010619 -2.387610 0.000000 0.000000 0.000000
 2.136283 -2.387610 0.000000 0.000000 0.000000
 2.261947 -2.387610 0.000000 0.000000 0.000000
 2.387610 -2.387610 0.000001 0.000023 0.000002
 2.513274 -2.387610 0.000037 0.001031 0.000078
 2.638938 -2.387610 0.000699 0.013441 0.000905
 2.764602 -2.387610 0.004976 0.061391 0.006510
 2.890265 -2.387610 0.017094 0.130710 0.024097
 3.015929 -2.387610 0.036243 0.166615 0.042962

 -3.141593 -2.261947 0.062704 0.244930 -0.027921
 -3.015929 -2.261947 0.105265 0.417448 -0.089664
 -2.890265 -2.261947 0.151733 0.250599 -0.172365
 -2.764602 -2.261947 0.160468 -0.112065 -0.197443
 -2.638938 -2.261947 0.126213 -0.398410 -0.173374
 -2.513274 -2.261947 0.075670 -0.337433 -0.136986
 -2.387610 -2.261947 0.052201 -0.021566 -0.062242
 -2.261947 -2.261947 0.068206 0.258238 0.085000
 -2.136283 -2.261947 0.111379 0.404344 0.324182
 -2.010619 -2.261947 0.162390 0.375571 0.574418
 -1.884956 -2.261947 0.198921 0.196676 0.702405
 -1.759292 -2.261947 0.215243 0.082541 0.644421
 -1.633628 -2.261947 0.218789 -0.041953 0.463899
 -1.507964 -2.261947 0.205483 -0.143484 0.280197
 -1.382301 -2.261947 0.185943 -0.174226 0.109190
 -1.256637 -2.261947 0.159151 -0.249461 -0.015756
 -1.130973 -2.261947 0.124809 -0.287075 -0.029086
 -1.005310 -2.261947 0.089068 -0.271333 -0.028213
 -0.879646 -2.261947 0.060345 -0.166309 -0.040446
 -0.753982 -2.261947 0.046982 -0.068887 -0.042950
 -0.628319 -2.261947 0.037821 -0.078493 -0.027946
 -0.502655 -2.261947 0.029144 -0.054090 -0.000523
 -0.376991 -2.261947 0.023591 -0.037715 -0.001018
 -0.251327 -2.261947 0.020495 -0.004083 -0.011393
 -0.125664 -2.261947 0.021949 0.017192 0.000470
 0.000000 -2.261947 0.023148 -0.000153 0.004188
 0.125664 -2.261947 0.021924 -0.016428 0.012712
 0.251327 -2.261947 0.020423 0.000162 0.021883
 0.376991 -2.261947 0.022134 0.018164 0.031985
 0.502655 -2.261947 0.022518 -0.015412 0.051305
 0.628319 -2.261947 0.019931 -0.011469 0.065119
 0.753982 -2.261947 0.021573 0.032489 0.071140
 0.879646 -2.261947 0.024926 0.011676 0.097366
 1.005310 -2.261947 0.024646 -0.011051 0.133199
 1.130973 -2.261947 0.022122 -0.032969 0.136910
 1.256637 -2.261947 0.016062 -0.060391 0.102823
 1.382301 -2.261947 0.007997 -0.062259 0.050404
 1.507964 -2.261947 0.002028 -0.028804 0.013792
 1.633628 -2.261947 0.000233 -0.004579 0.002215
 1.759292 -2.261947 0.000012 -0.000311 0.000172
 1.884956 -2.261947 0.000000 -0.000009 0.000004
 2.010619 -2.261947 0.000000 0.000000 0.000000
 2.136283 -2.261947 0.000000 0.000000 0.000000
 2.261947 -2.261947 0.000000 0.000000 -0.000000
 2.387610 -2.261947 0.000001 0.000022 -0.000001
 2.513274 -2.261947 0.000039 0.001123 0.000010
 2.638938 -2.261947 0.000805 0.015847 0.001314
 2.764602 -2.261947 0.005853 0.071276 0.007866
 2.890265 -2.261947 0.019025 0.134369 0.005084
 3.015929 -2.261947 0.038290 0.167731 -0.010655

 -3.141593 -2.136283 0.053989 0.189997 -0.097117
 -3.015929 -2.136283 0.085046 0.296582 -0.203850
 -2.890265 -2.136283 0.119038 0.196041 -0.310700
 -2.764602 -2.136283 0.126873 -0.081881 -0.310554
 -2.638938 -2.136283 0.098933 -0.335634 -0.244918
 -2.513274 -2.136283 0.057690 -0.247524 -0.137450
 -2.387610 -2.136283 0.047861 0.109205 -0.002237
 -2.261947 -2.136283 0.086598 0.500304 0.199372
 -2.136283 -2.136283 0.165951 0.710947 0.514853
 -2.010619 -2.136283 0.248918 0.550153 0.749644
 -1.884956 -2.136283 0.295934 0.189784 0.769356
 -1.759292 -2.136283 0.299015 -0.116519 0.614733
 -1.633628 -2.136283 0.272572 -0.275293 0.341327
 -1.507964 -2.136283 0.236180 -0.297325 0.162648
 -1.382301 -2.136283 0.194911 -0.355672 0.009734
 -1.256637 -2.136283 0.151759 -0.310172 -0.086175
 -1.130973 -2.136283 0.116175 -0.270496 -0.082089
 -1.005310 -2.136283 0.081650 -0.268070 -0.065609
 -0.879646 -2.136283 0.053288 -0.168593 -0.053491
 -0.753982 -2.136283 0.038606 -0.077571 -0.066077
 -0.628319 -2.136283 0.030752 -0.052464 -0.063241
 -0.502655 -2.136283 0.025544 -0.028464 -0.048034
 -0.376991 -2.136283 0.022171 -0.031035 -0.020906
 -0.251327 -2.136283 0.019240 -0.003974 -0.005320
 -0.125664 -2.136283 0.020915 0.019191 -0.014554
 0.000000 -2.136283 0.021932 -0.003315 -0.020735
 0.125664 -2.136283 0.021412 0.001299 -0.017170
 0.251327 -2.136283 0.022849 0.022292 0.014681
 0.376991 -2.136283 0.026635 0.031972 0.041879
 0.502655 -2.136283 0.029192 0.007857 0.063360
 0.628319 -2.136283 0.030334 0.019934 0.107455
 0.753982 -2.136283 0.035101 0.053882 0.157106
 0.879646 -2.136283 0.042239 0.050402 0.196126
 1.005310 -2.136283 0.045932 0.007606 0.218618
 1.130973 -2.136283 0.044156 -0.042014 0.220922
 1.256637 -2.136283 0.033452 -0.126281 0.176886
 1.382301 -2.136283 0.015911 -0.132160 0.075941
 1.507964 -2.136283 0.004004 -0.053892 0.016340
 1.633628 -2.136283 0.000574 -0.009913 0.002528
 1.759292 -2.136283 0.000041 -0.000997 0.000212
 1.884956 -2.136283 0.000001 -0.000032 0.000005
 2.010619 -2.136283 0.000000 0.000000 0.000000
 2.136283 -2.136283 0.000000 0.000000 0.000000
 2.261947 -2.136283 0.000000 0.000000 -0.000000
 2.387610 -2.136283 0.000001 0.000024 0.000001
 2.513274 -2.136283 0.000047 0.001375 0.000086
 2.638938 -2.136283 0.000969 0.018503 0.000706
 2.764602 -2.136283 0.006200 0.067810 -0.004081
 2.890265 -2.136283 0.017663 0.112110 -0.024580
 3.015929 -2.136283 0.033905 0.143140 -0.051322

 -3.141593 -2.010619 0.042527 0.122399 -0.077276
 -3.015929 -2.010619 0.060460 0.166379 -0.173329
 -2.890265 -2.010619 0.080855 0.131273 -0.277796
 -2.764602 -2.010619 0.087532 -0.042300 -0.297405
 -2.638938 -2.010619 0.068959 -0.227950 -0.215949
 -2.513274 -2.010619 0.044320 -0.103652 -0.068066
 -2.387610 -2.010619 0.052315 0.257048 0.069580
 -2.261947 -2.010619 0.114743 0.742148 0.227540
 -2.136283 -2.010619 0.228634 0.980003 0.422021
 -2.010619 -2.010619 0.333035 0.597134 0.507448
 -1.884956 -2.010619 0.373298 0.057911 0.389521
 -1.759292 -2.010619 0.351518 -0.374762 0.161497
 -1.633628 -2.010619 0.291828 -0.508423 -0.070688
 -1.507964 -2.010619 0.233431 -0.425004 -0.220619
 -1.382301 -2.010619 0.180544 -0.404026 -0.235633
 -1.256637 -2.010619 0.137778 -0.267035 -0.129668
 -1.130973 -2.010619 0.108359 -0.226845 -0.036004
 -1.005310 -2.010619 0.078023 -0.243394 0.011612
 -0.879646 -2.010619 0.051365 -0.169781 0.027159
 -0.753982 -2.010619 0.035223 -0.091342 0.020531
 -0.628319 -2.010619 0.026436 -0.056019 0.002837
 -0.502655 -2.010619 0.020951 -0.025496 -0.014561
 -0.376991 -2.010619 0.019539 -0.005982 -0.019292
 -0.251327 -2.010619 0.018229 -0.012140 -0.019814
 -0.125664 -2.010619 0.017577 0.003570 -0.042769
 0.000000 -2.010619 0.018231 0.003341 -0.040459
 0.125664 -2.010619 0.019147 0.018174 -0.017769
 0.251327 -2.010619 0.023719 0.054308 0.000584
 0.376991 -2.010619 0.031877 0.069825 0.038821
 0.502655 -2.010619 0.040164 0.062940 0.111151
 0.628319 -2.010619 0.049646 0.097416 0.201356
 0.753982 -2.010619 0.064540 0.129010 0.312297
 0.879646 -2.010619 0.078611 0.083649 0.383845
 1.005310 -2.010619 0.083998 0.003384 0.381661
 1.130973 -2.010619 0.079580 -0.083322 0.326689
 1.256637 -2.010619 0.059543 -0.234779 0.220896
 1.382301 -2.010619 0.027161 -0.238269 0.101371
 1.507964 -2.010619 0.006452 -0.089564 0.026118
 1.633628 -2.010619 0.000876 -0.015367 0.003464
 1.759292 -2.010619 0.000067 -0.001531 0.000359
 1.884956 -2.010619 0.000002 -0.000062 0.000021
 2.010619 -2.010619 0.000000 0.000000 0.000000
 2.136283 -2.010619 0.000000 0.000000 0.000000
 2.261947 -2.010619 0.000000 0.000000 0.000000
 2.387610 -2.010619 0.000001 0.000036 0.000006
 2.513274 -2.010619 0.000058 0.001589 0.000111
 2.638938 -2.010619 0.000979 0.017323 -0.000239
 2.764602 -2.010619 0.005421 0.054844 -0.005633
 2.890265 -2.010619 0.014650 0.091436 -0.017489
 3.015929 -2.010619 0.027852 0.113934 -0.038787

 -3.141593 -1.884956 0.034857 0.069049 -0.041458
 -3.015929 -1.884956 0.043472 0.078438 -0.088014
 -2.890265 -1.884956 0.053899 0.073066 -0.133059
 -2.764602 -1.884956 0.058142 -0.018250 -0.144146
 -2.638938 -1.884956 0.048873 -0.107565 -0.083763
 -2.513274 -1.884956 0.040707 0.018348 0.012438
 -2.387610 -1.884956 0.062598 0.364460 0.084516
 -2.261947 -1.884956 0.137509 0.823755 0.117599
 -2.136283 -1.884956 0.258190 0.999935 0.026124
 -2.010619 -1.884956 0.357941 0.496076 -0.139537
 -1.884956 -1.884956 0.377832 -0.154020 -0.337501
 -1.759292 -1.884956 0.328908 -0.567753 -0.512047
 -1.633628 -1.884956 0.251808 -0.593165 -0.532729
 -1.507964 -1.884956 0.187993 -0.420616 -0.447448
 -1.382301 -1.884956 0.144719 -0.257302 -0.290322
 -1.256637 -1.884956 0.122528 -0.121911 -0.105264
 -1.130973 -1.884956 0.105582 -0.165243 -0.023673
 -1.005310 -1.884956 0.081187 -0.205551 0.023514
 -0.879646 -1.884956 0.058200 -0.150302 0.073225
 -0.753982 -1.884956 0.042650 -0.105169 0.082743
 -0.628319 -1.884956 0.030301 -0.090326 0.043712
 -0.502655 -1.884956 0.020914 -0.054435 0.003094
 -0.376991 -1.884956 0.016438 -0.022875 -0.031186
 -0.251327 -1.884956 0.013480 -0.025284 -0.048252
 -0.125664 -1.884956 0.011127 -0.006450 -0.048966
 0.000000 -1.884956 0.012341 0.024056 -0.044171
 0.125664 -1.884956 0.016420 0.040487 -0.025344
 0.251327 -1.884956 0.023630 0.080444 -0.001539
 0.376991 -1.884956 0.037020 0.129782 0.044299
 0.502655 -1.884956 0.054902 0.149335 0.105818
 0.628319 -1.884956 0.075661 0.198407 0.177465
 0.753982 -1.884956 0.106178 0.259763 0.298310
 0.879646 -1.884956 0.129292 0.081348 0.353520
 1.005310 -1.884956 0.129240 -0.060155 0.269219
 1.130973 -1.884956 0.114614 -0.182288 0.182197
 1.256637 -1.884956 0.082242 -0.325388 0.116078
 1.382301 -1.884956 0.039307 -0.314575 0.078522
 1.507964 -1.884956 0.010721 -0.135151 0.037553
 1.633628 -1.884956 0.001706 -0.027536 0.009391
 1.759292 -1.884956 0.000180 -0.003534 0.001421
 1.884956 -1.884956 0.000009 -0.000245 0.000088
 2.010619 -1.884956 0.000000 -0.000000 0.000000
 2.136283 -1.884956 0.000000 0.000000 0.000000
 2.261947 -1.884956 0.000000 0.000001 0.000000
 2.387610 -1.884956 0.000002 0.000070 0.000009
 2.513274 -1.884956 0.000078 0.001865 0.000167
 2.638938 -1.884956 0.000950 0.015387 0.000096
 2.764602 -1.884956 0.004929 0.050773 -0.000552
 2.890265 -1.884956 0.013573 0.082886 0.002294
 3.015929 -1.884956 0.024654 0.089657 -0.009418

 -3.141593 -1.759292 0.033749 0.041884 0.035256
 -3.015929 -1.759292 0.040189 0.067160 0.046416
 -2.890265 -1.759292 0.049217 0.064278 0.064925
 -2.764602 -1.759292 0.053644 0.000103 0.072613
 -2.638938 -1.759292 0.049992 -0.044720 0.098340
 -2.513274 -1.759292 0.048307 0.054597 0.110835
 -2.387610 -1.759292 0.074026 0.385096 0.108008
 -2.261947 -1.759292 0.144918 0.714413 0.016618
 -2.136283 -1.759292 0.241499 0.746000 -0.244162
 -2.010619 -1.759292 0.308422 0.253407 -0.565900
 -1.884956 -1.759292 0.303575 -0.299068 -0.731537
 -1.759292 -1.759292 0.245604 -0.557535 -0.688587
 -1.633628 -1.759292 0.178817 -0.458048 -0.535140
 -1.507964 -1.759292 0.134229 -0.255220 -0.368161
 -1.382301 -1.759292 0.113405 -0.076452 -0.200814
 -1.256637 -1.759292 0.109358 -0.027798 -0.110584
 -1.130973 -1.759292 0.099487 -0.124603 -0.065618
 -1.005310 -1.759292 0.082835 -0.125811 0.012147
 -0.879646 -1.759292 0.067629 -0.121674 0.067963
 -0.753982 -1.759292 0.051137 -0.140798 0.039113
 -0.628319 -1.759292 0.033623 -0.127006 0.004697
 -0.502655 -1.759292 0.020612 -0.079877 -0.003703
 -0.376991 -1.759292 0.012888 -0.045849 -0.017918
 -0.251327 -1.759292 0.008517 -0.023456 -0.024126
 -0.125664 -1.759292 0.007032 0.000243 -0.015615
 0.000000 -1.759292 0.008756 0.027148 -0.013065
 0.125664 -1.759292 0.013414 0.047843 -0.020818
 0.251327 -1.759292 0.022722 0.109568 -0.015980
 0.376991 -1.759292 0.040632 0.163956 -0.001485
 0.502655 -1.759292 0.061349 0.166804 -0.017807
 0.628319 -1.759292 0.087053 0.266843 -0.011821
 0.753982 -1.759292 0.127612 0.329031 0.009707
 0.879646 -1.759292 0.151974 0.021835 -0.026252
 1.005310 -1.759292 0.140568 -0.149544 -0.101741
 1.130973 -1.759292 0.118420 -0.212267 -0.129329
 1.256637 -1.759292 0.085713 -0.305560 -0.061285
 1.382301 -1.759292 0.045127 -0.309351 0.015940
 1.507964 -1.759292 0.014705 -0.162421 0.023598
 1.633628 -1.759292 0.002811 -0.042184 0.006340
 1.759292 -1.759292 0.000327 -0.006314 0.000440
 1.884956 -1.759292 0.000017 -0.000463 0.000002
 2.010619 -1.759292 0.000000 -0.000000 0.000000
 2.136283 -1.759292 0.000000 0.000000 0.000000
 2.261947 -1.759292 0.000000 0.000003 0.000003
 2.387610 -1.759292 0.000003 0.000095 0.000029
 2.513274 -1.759292 0.000097 0.002287 0.000279
 2.638938 -1.759292 0.001178 0.019284 0.004510
 2.764602 -1.759292 0.006288 0.065750 0.025908
 2.890265 -1.759292 0.016933 0.093439 0.059684
 3.015929 -1.759292 0.027265 0.066410 0.062485

 -3.141593 -1.633628 0.046929 0.045470 0.188052
 -3.015929 -1.633628 0.058410 0.128055 0.256336
 -2.890265 -1.633628 0.073184 0.085712 0.331053
 -2.764602 -1.633628 0.077611 -0.011152 0.320883
 -2.638938 -1.633628 0.072495 -0.062677 0.259840
 -2.513274 -1.633628 0.067351 0.027729 0.181500
 -2.387610 -1.633628 0.088958 0.321441 0.108941
 -2.261947 -1.633628 0.142818 0.502057 -0.058774
 -2.136283 -1.633628 0.203216 0.398558 -0.352908
 -2.010619 -1.633628 0.230885 0.030001 -0.628548
 -1.884956 -1.633628 0.213951 -0.275680 -0.658390
 -1.759292 -1.633628 0.170093 -0.381449 -0.516095
 -1.633628 -1.633628 0.125688 -0.300930 -0.323994
 -1.507964 -1.633628 0.098423 -0.123190 -0.205443
 -1.382301 -1.633628 0.093085 0.016593 -0.130649
 -1.256637 -1.633628 0.095253 -0.000936 -0.111304
 -1.130973 -1.633628 0.091941 -0.043184 -0.057599
 -1.005310 -1.633628 0.085609 -0.061651 0.021028
 -0.879646 -1.633628 0.073721 -0.134706 0.025028
 -0.753982 -1.633628 0.052898 -0.178431 0.000177
 -0.628319 -1.633628 0.033361 -0.123587 0.001673
 -0.502655 -1.633628 0.021027 -0.078636 0.010393
 -0.376991 -1.633628 0.012858 -0.050822 0.016219
 -0.251327 -1.633628 0.008223 -0.023574 0.019487
 -0.125664 -1.633628 0.006719 -0.000091 0.009038
 0.000000 -1.633628 0.007873 0.016041 -0.005527
 0.125664 -1.633628 0.010732 0.034063 -0.023831
 0.251327 -1.633628 0.018645 0.099264 -0.050407
 0.376991 -1.633628 0.034345 0.134572 -0.097059
 0.502655 -1.633628 0.050264 0.128475 -0.147489
 0.628319 -1.633628 0.072066 0.233831 -0.211010
 0.753982 -1.633628 0.105696 0.256607 -0.334207
 0.879646 -1.633628 0.122749 -0.014475 -0.401770
 1.005310 -1.633628 0.107932 -0.170434 -0.372428
 1.130973 -1.633628 0.087269 -0.151208 -0.319069
 1.256637 -1.633628 0.068440 -0.164922 -0.199312
 1.382301 -1.633628 0.042675 -0.234613 -0.062193
 1.507964 -1.633628 0.015990 -0.164385 -0.006627
 1.633628 -1.633628 0.003114 -0.049036 -0.001055
 1.759292 -1.633628 0.000292 -0.006317 -0.000493
 1.884956 -1.633628 0.000011 -0.000317 -0.000044
 2.010619 -1.633628 0.000000 -0.000001 0.000001
 2.136283 -1.633628 0.000000 0.000003 0.000002
 2.261947 -1.633628 0.000003 0.000075 0.000073
 2.387610 -1.633628 0.000033 0.000493 0.000648
 2.513274 -1.633628 0.000256 0.004730 0.003015
 2.638938 -1.633628 0.002388 0.037480 0.016274
 2.764602 -1.633628 0.011840 0.116627 0.064031
 2.890265 -1.633628 0.029633 0.145710 0.145041
 3.015929 -1.633628 0.042725 0.052904 0.192360

 -3.141593 -1.507964 0.084917 0.080463 0.427027
 -3.015929 -1.507964 0.106271 0.236661 0.502709
 -2.890265 -1.507964 0.132313 0.131172 0.587643
 -2.764602 -1.507964 0.133832 -0.098016 0.547924
 -2.638938 -1.507964 0.113055 -0.207413 0.364417
 -2.513274 -1.507964 0.091342 -0.083898 0.197475
 -2.387610 -1.507964 0.098620 0.184458 0.057853
 -2.261947 -1.507964 0.129532 0.275631 -0.137803
 -2.136283 -1.507964 0.157401 0.124716 -0.351292
 -2.010619 -1.507964 0.158700 -0.076365 -0.490362
 -1.884956 -1.507964 0.141712 -0.195804 -0.478802
 -1.759292 -1.507964 0.114086 -0.207617 -0.366616
 -1.633628 -1.507964 0.092947 -0.135187 -0.204905
 -1.507964 -1.507964 0.079835 -0.060555 -0.107989
 -1.382301 -1.507964 0.078353 0.021365 -0.110707
 -1.256637 -1.507964 0.080247 0.004364 -0.128200
 -1.130973 -1.507964 0.081508 0.022663 -0.113161
 -1.005310 -1.507964 0.082794 -0.026505 -0.076004
 -0.879646 -1.507964 0.071858 -0.139510 -0.058415
 -0.753982 -1.507964 0.051711 -0.162538 -0.025072
 -0.628319 -1.507964 0.034056 -0.114392 0.001429
 -0.502655 -1.507964 0.022414 -0.072726 0.008812
 -0.376991 -1.507964 0.015509 -0.038390 0.018826
 -0.251327 -1.507964 0.011670 -0.027403 0.023954
 -0.125664 -1.507964 0.008351 -0.022016 0.010766
 0.000000 -1.507964 0.006781 -0.002655 -0.012206
 0.125664 -1.507964 0.007425 0.013155 -0.027648
 0.251327 -1.507964 0.011233 0.053230 -0.058802
 0.376991 -1.507964 0.020022 0.076333 -0.108376
 0.502655 -1.507964 0.029532 0.081610 -0.157107
 0.628319 -1.507964 0.041957 0.115911 -0.235356
 0.753982 -1.507964 0.057521 0.119381 -0.373286
 0.879646 -1.507964 0.066172 -0.000145 -0.435824
 1.005310 -1.507964 0.059006 -0.090337 -0.367981
 1.130973 -1.507964 0.048012 -0.074299 -0.284856
 1.256637 -1.507964 0.040818 -0.051251 -0.217804
 1.382301 -1.507964 0.030306 -0.124254 -0.120755
 1.507964 -1.507964 0.013085 -0.123718 -0.035800
 1.633628 -1.507964 0.002781 -0.041810 -0.003656
 1.759292 -1.507964 0.000301 -0.006050 0.000555
 1.884956 -1.507964 0.000014 -0.000383 0.000079
 2.010619 -1.507964 0.000000 -0.000008 0.000002
 2.136283 -1.507964 0.000001 0.000024 0.000007
 2.261947 -1.507964 0.000024 0.000530 0.000225
 2.387610 -1.507964 0.000211 0.002840 0.001973
 2.513274 -1.507964 0.001014 0.013138 0.008587
 2.638938 -1.507964 0.005621 0.074678 0.035094
 2.764602 -1.507964 0.023352 0.212285 0.122773
 2.890265 -1.507964 0.055434 0.263720 0.275527
 3.015929 -1.507964 0.078714 0.083965 0.387374

 -3.141593 -1.382301 0.149291 0.153901 0.545083
 -3.015929 -1.382301 0.179042 0.293689 0.610898
 -2.890265 -1.382301 0.210027 0.137211 0.597507
 -2.764602 -1.382301 0.202886 -0.249997 0.492368
 -2.638938 -1.382301 0.157264 -0.409383 0.308926
 -2.513274 -1.382301 0.115883 -0.207145 0.175168
 -2.387610 -1.382301 0.105056 0.007009 0.027849
 -2.261947 -1.382301 0.111063 0.074282 -0.155504
 -2.136283 -1.382301 0.117278 -0.006701 -0.287671
 -2.010619 -1.382301 0.108354 -0.109388 -0.324970
 -1.884956 -1.382301 0.093148 -0.133551 -0.304376
 -1.759292 -1.382301 0.077690 -0.090195 -0.221920
 -1.633628 -1.382301 0.070727 -0.038587 -0.158459
 -1.507964 -1.382301 0.065277 -0.038949 -0.130117
 -1.382301 -1.382301 0.063369 0.006079 -0.124322
 -1.256637 -1.382301 0.064140 0.003088 -0.121353
 -1.130973 -1.382301 0.065922 0.031318 -0.118869
 -1.005310 -1.382301 0.068839 -0.009164 -0.127601
 -0.879646 -1.382301 0.061148 -0.102205 -0.099855
 -0.753982 -1.382301 0.046577 -0.118758 -0.049939
 -0.628319 -1.382301 0.033048 -0.092358 -0.012254
 -0.502655 -1.382301 0.023435 -0.062049 0.010738
 -0.376991 -1.382301 0.017046 -0.039951 0.009365
 -0.251327 -1.382301 0.012774 -0.032194 -0.003428
 -0.125664 -1.382301 0.008338 -0.036004 -0.010044
 0.000000 -1.382301 0.004942 -0.014851 -0.015345
 0.125664 -1.382301 0.004102 -0.001433 -0.023448
 0.251327 -1.382301 0.005201 0.024165 -0.036597
 0.376991 -1.382301 0.009646 0.037948 -0.061094
 0.502655 -1.382301 0.013728 0.029763 -0.095707
 0.628319 -1.382301 0.017431 0.026978 -0.145939
 0.753982 -1.382301 0.020573 0.025774 -0.201087
 0.879646 -1.382301 0.023237 0.009026 -0.231479
 1.005310 -1.382301 0.022142 -0.021900 -0.203603
 1.130973 -1.382301 0.019103 -0.021740 -0.165220
 1.256637 -1.382301 0.017536 -0.005040 -0.144145
 1.382301 -1.382301 0.015211 -0.042076 -0.110464
 1.507964 -1.382301 0.007759 -0.062426 -0.046204
 1.633628 -1.382301 0.002079 -0.026324 -0.008300
 1.759292 -1.382301 0.000311 -0.005558 -0.000815
 1.884956 -1.382301 0.000018 -0.000485 -0.000049
 2.010619 -1.382301 0.000000 -0.000010 -0.000001
 2.136283 -1.382301 0.000001 0.000036 -0.000003
 2.261947 -1.382301 0.000036 0.000797 -0.000106
 2.387610 -1.382301 0.000335 0.004807 -0.000611
 2.513274 -1.382301 0.001857 0.025482 0.002434
 2.638938 -1.382301 0.010203 0.130883 0.030940
 2.764602 -1.382301 0.041039 0.369394 0.139472
 2.890265 -1.382301 0.095816 0.436156 0.325250
 3.015929 -1.382301 0.134306 0.159455 0.445574

 -3.141593 -1.256637 0.205150 0.263721 0.278277
 -3.015929 -1.256637 0.243226 0.303437 0.336117
 -2.890265 -1.256637 0.268845 0.047855 0.286046
 -2.764602 -1.256637 0.245404 -0.406582 0.156794
 -2.638938 -1.256637 0.182226 -0.519397 0.063946
 -2.513274 -1.256637 0.128494 -0.312535 0.008733
 -2.387610 -1.256637 0.101672 -0.133799 -0.079070
 -2.261947 -1.256637 0.090697 -0.049046 -0.161988
 -2.136283 -1.256637 0.084682 -0.068452 -0.229849
 -2.010619 -1.256637 0.072935 -0.101361 -0.244465
 -1.884956 -1.256637 0.061321 -0.080483 -0.209867
 -1.759292 -1.256637 0.054503 -0.024633 -0.155827
 -1.633628 -1.256637 0.052261 -0.021184 -0.133267
 -1.507964 -1.256637 0.050139 -0.004623 -0.100101
 -1.382301 -1.256637 0.050086 -0.002577 -0.081363
 -1.256637 -1.256637 0.050030 0.008221 -0.105091
 -1.130973 -1.256637 0.052313 0.022339 -0.106487
 -1.005310 -1.256637 0.052957 -0.020524 -0.125305
 -0.879646 -1.256637 0.047647 -0.055615 -0.115325
 -0.753982 -1.256637 0.039635 -0.070123 -0.063231
 -0.628319 -1.256637 0.031308 -0.058248 -0.019748
 -0.502655 -1.256637 0.024584 -0.051366 0.000916
 -0.376991 -1.256637 0.018133 -0.050902 0.004247
 -0.251327 -1.256637 0.011985 -0.045373 -0.006720
 -0.125664 -1.256637 0.006854 -0.035577 -0.010580
 0.000000 -1.256637 0.003384 -0.018526 -0.009228
 0.125664 -1.256637 0.001853 -0.007381 -0.012041
 0.251327 -1.256637 0.001758 0.008036 -0.018284
 0.376991 -1.256637 0.003521 0.015265 -0.034818
 0.502655 -1.256637 0.004862 0.006868 -0.045225
 0.628319 -1.256637 0.005517 0.002928 -0.051141
 0.753982 -1.256637 0.005594 0.000872 -0.054977
 0.879646 -1.256637 0.006207 0.007024 -0.059586
 1.005310 -1.256637 0.006532 -0.003088 -0.061602
 1.130973 -1.256637 0.005656 -0.008504 -0.059753
 1.256637 -1.256637 0.005085 -0.000022 -0.057034
 1.382301 -1.256637 0.004701 -0.010364 -0.052195
 1.507964 -1.256637 0.002648 -0.018113 -0.029985
 1.633628 -1.256637 0.000854 -0.009703 -0.009117
 1.759292 -1.256637 0.000134 -0.002475 -0.001472
 1.884956 -1.256637 0.000007 -0.000194 -0.000087
 2.010619 -1.256637 0.000000 -0.000003 -0.000001
 2.136283 -1.256637 0.000000 0.000011 -0.000005
 2.261947 -1.256637 0.000012 0.000276 -0.000169
 2.387610 -1.256637 0.000158 0.003039 -0.001362
 2.513274 -1.256637 0.001669 0.029572 -0.003447
 2.638938 -1.256637 0.012273 0.170424 0.001080
 2.764602 -1.256637 0.052724 0.484779 0.028202
 2.890265 -1.256637 0.123977 0.562858 0.078965
 3.015929 -1.256637 0.176129 0.261927 0.168072

 -3.141593 -1.130973 0.209124 0.339814 -0.212903
 -3.015929 -1.130973 0.253777 0.322489 -0.157082
 -2.890265 -1.130973 0.276649 -0.007754 -0.142010
 -2.764602 -1.130973 0.244355 -0.477743 -0.130511
 -2.638938 -1.130973 0.175917 -0.533009 -0.115675
 -2.513274 -1.130973 0.119838 -0.347737 -0.117137
 -2.387610 -1.130973 0.087122 -0.185335 -0.142473
 -2.261947 -1.130973 0.069665 -0.101978 -0.174922
 -2.136283 -1.130973 0.058056 -0.093901 -0.193593
 -2.010619 -1.130973 0.046556 -0.075945 -0.169304
 -1.884956 -1.130973 0.040020 -0.030811 -0.125712
 -1.759292 -1.130973 0.038266 -0.000905 -0.098010
 -1.633628 -1.130973 0.037733 -0.007083 -0.093800
 -1.507964 -1.130973 0.038791 0.024115 -0.086249
 -1.382301 -1.130973 0.039959 -0.015488 -0.090647
 -1.256637 -1.130973 0.037225 -0.011079 -0.094683
 -1.130973 -1.130973 0.038136 0.014449 -0.109303
 -1.005310 -1.130973 0.037505 -0.027162 -0.112309
 -0.879646 -1.130973 0.033435 -0.027302 -0.097948
 -0.753982 -1.130973 0.030748 -0.021194 -0.071521
 -0.628319 -1.130973 0.027397 -0.031092 -0.041444
 -0.502655 -1.130973 0.022879 -0.040556 -0.026664
 -0.376991 -1.130973 0.017410 -0.046771 -0.016117
 -0.251327 -1.130973 0.011143 -0.049572 -0.009149
 -0.125664 -1.130973 0.005713 -0.035625 -0.008764
 0.000000 -1.130973 0.002320 -0.017867 -0.008076
 0.125664 -1.130973 0.000891 -0.006681 -0.004122
 0.251327 -1.130973 0.000472 0.000466 -0.003728
 0.376991 -1.130973 0.000965 0.006007 -0.009066
 0.502655 -1.130973 0.001541 0.002463 -0.013212
 0.628319 -1.130973 0.001747 0.001558 -0.016261
 0.753982 -1.130973 0.002014 0.003409 -0.013551
 0.879646 -1.130973 0.002608 0.003887 -0.013566
 1.005310 -1.130973 0.002374 -0.007478 -0.016018
 1.130973 -1.130973 0.001361 -0.006016 -0.015732
 1.256637 -1.130973 0.001100 0.000859 -0.014613
 1.382301 -1.130973 0.001020 -0.003481 -0.013631
 1.507964 -1.130973 0.000453 -0.003939 -0.007509
 1.633628 -1.130973 0.000130 -0.001517 -0.002524
 1.759292 -1.130973 0.000019 -0.000368 -0.000384
 1.884956 -1.130973 0.000001 -0.000024 -0.000017
 2.010619 -1.130973 0.000000 -0.000000 -0.000000
 2.136283 -1.130973 0.000000 0.000001 -0.000001
 2.261947 -1.130973 0.000001 0.000044 -0.000023
 2.387610 -1.130973 0.000060 0.001655 -0.000390
 2.513274 -1.130973 0.001197 0.024142 -0.004521
 2.638938 -1.130973 0.010378 0.150095 -0.030733
 2.764602 -1.130973 0.046307 0.433013 -0.122555
 2.890265 -1.130973 0.111640 0.542797 -0.256701
 3.015929 -1.130973 0.168779 0.351789 -0.278471

 -3.141593 -1.005310 0.161362 0.376250 -0.491540
 -3.015929 -1.005310 0.211244 0.368403 -0.483775
 -2.890265 -1.005310 0.239575 0.047810 -0.426312
 -2.764602 -1.005310 0.220250 -0.344982 -0.256698
 -2.638938 -1.005310 0.163089 -0.498011 -0.095169
 -2.513274 -1.005310 0.107432 -0.368594 -0.066638
 -2.387610 -1.005310 0.070183 -0.225555 -0.108124
 -2.261947 -1.005310 0.049426 -0.113963 -0.127767
 -2.136283 -1.005310 0.038353 -0.070932 -0.111332
 -2.010619 -1.005310 0.030840 -0.043654 -0.086320
 -1.884956 -1.005310 0.028409 0.003281 -0.068261
 -1.759292 -1.005310 0.029553 0.005906 -0.044922
 -1.633628 -1.005310 0.029214 -0.005661 -0.042285
 -1.507964 -1.005310 0.029298 0.004747 -0.059081
 -1.382301 -1.005310 0.029065 -0.008978 -0.068244
 -1.256637 -1.005310 0.028034 -0.004693 -0.048406
 -1.130973 -1.005310 0.027406 -0.007803 -0.059761
 -1.005310 -1.005310 0.026077 -0.011793 -0.070948
 -0.879646 -1.005310 0.024496 -0.012862 -0.050090
 -0.753982 -1.005310 0.023016 -0.010739 -0.050050
 -0.628319 -1.005310 0.021307 -0.018569 -0.051771
 -0.502655 -1.005310 0.018178 -0.029958 -0.046451
 -0.376991 -1.005310 0.013896 -0.038405 -0.039186
 -0.251327 -1.005310 0.008821 -0.039365 -0.027142
 -0.125664 -1.005310 0.004397 -0.030418 -0.011625
 0.000000 -1.005310 0.001512 -0.014079 -0.004206
 0.125664 -1.005310 0.000601 -0.002977 -0.001378
 0.251327 -1.005310 0.000308 -0.001715 -0.000524
 0.376991 -1.005310 0.000312 0.001650 -0.003086
 0.502655 -1.005310 0.000462 0.000073 -0.005389
 0.628319 -1.005310 0.000508 0.001724 -0.004945
 0.753982 -1.005310 0.000847 0.002683 -0.005831
 0.879646 -1.005310 0.001069 0.000736 -0.010100
 1.005310 -1.005310 0.000902 -0.003718 -0.008650
 1.130973 -1.005310 0.000351 -0.003571 -0.003510
 1.256637 -1.005310 0.000149 -0.000160 -0.002739
 1.382301 -1.005310 0.000123 -0.000598 -0.002568
 1.507964 -1.005310 0.000037 -0.000498 -0.000859
 1.633628 -1.005310 0.000006 -0.000090 -0.000175
 1.759292 -1.005310 0.000001 -0.000015 -0.000022
 1.884956 -1.005310 0.000000 -0.000001 -0.000001
 2.010619 -1.005310 0.000000 0.000000 0.000000
 2.136283 -1.005310 0.000000 0.000000 -0.000000
 2.261947 -1.005310 0.000000 0.000010 -0.000003
 2.387610 -1.005310 0.000022 0.000656 -0.000232
 2.513274 -1.005310 0.000560 0.012215 -0.004687
 2.638938 -1.005310 0.005668 0.086562 -0.037212
 2.764602 -1.005310 0.027161 0.266456 -0.156867
 2.890265 -1.005310 0.070106 0.388608 -0.355165
 3.015929 -1.005310 0.117516 0.350502 -0.475059

 -3.141593 -0.879646 0.097809 0.331016 -0.478175
 -3.015929 -0.879646 0.143257 0.356357 -0.548239
 -2.890265 -0.879646 0.176133 0.141634 -0.548513
 -2.764602 -0.879646 0.176387 -0.145095 -0.430130
 -2.638938 -0.879646 0.142407 -0.352589 -0.246565
 -2.513274 -0.879646 0.097938 -0.336087 -0.104875
 -2.387610 -0.879646 0.060644 -0.238160 -0.050654
 -2.261947 -0.879646 0.039618 -0.110162 -0.031847
 -2.136283 -0.879646 0.028822 -0.066847 -0.047509
 -2.010619 -0.879646 0.022420 -0.033106 -0.051972
 -1.884956 -0.879646 0.021574 0.020638 -0.041195
 -1.759292 -0.879646 0.025071 0.020224 -0.033890
 -1.633628 -0.879646 0.025214 -0.012786 -0.029080
 -1.507964 -0.879646 0.023389 -0.011770 -0.038275
 -1.382301 -0.879646 0.022834 0.002632 -0.039383
 -1.256637 -0.879646 0.023316 0.000209 -0.034986
 -1.130973 -0.879646 0.021727 -0.024769 -0.033993
 -1.005310 -0.879646 0.018985 -0.010264 -0.040444
 -0.879646 -0.879646 0.018999 0.001562 -0.038816
 -0.753982 -0.879646 0.017859 -0.017351 -0.033716
 -0.628319 -0.879646 0.015296 -0.023907 -0.041722
 -0.502655 -0.879646 0.012005 -0.026094 -0.046580
 -0.376991 -0.879646 0.008732 -0.026925 -0.035767
 -0.251327 -0.879646 0.005550 -0.021646 -0.020024
 -0.125664 -0.879646 0.003145 -0.017959 -0.007654
 0.000000 -0.879646 0.001213 -0.011018 -0.001483
 0.125664 -0.879646 0.000410 -0.002968 -0.001653
 0.251327 -0.879646 0.000160 -0.001453 -0.001506
 0.376991 -0.879646 0.000059 -0.000130 -0.000999
 0.502655 -0.879646 0.000068 0.000160 -0.001268
 0.628319 -0.879646 0.000167 0.001682 -0.001460
 0.753982 -0.879646 0.000369 0.000555 -0.002747
 0.879646 -0.879646 0.000276 -0.001198 -0.003186
 1.005310 -0.879646 0.000182 -0.000595 -0.002931
 1.130973 -0.879646 0.000075 -0.000879 -0.001183
 1.256637 -0.879646 0.000012 -0.000164 -0.000246
 1.382301 -0.879646 0.000004 -0.000029 -0.000139
 1.507964 -0.879646 0.000001 -0.000018 -0.000033
 1.633628 -0.879646 0.000000 -0.000002 -0.000002
 1.759292 -0.879646 0.000000 0.000000 0.000000
 1.884956 -0.879646 0.000000 0.000000 0.000000
 2.010619 -0.879646 0.000000 0.000000 0.000000
 2.136283 -0.879646 0.000000 0.000000 0.000000
 2.261947 -0.879646 0.000000 0.000001 -0.000001
 2.387610 -0.879646 0.000004 0.000148 -0.000053
 2.513274 -0.879646 0.000166 0.004023 -0.001612
 2.638938 -0.879646 0.002088 0.034050 -0.018783
 2.764602 -0.879646 0.010890 0.112944 -0.095292
 2.890265 -0.879646 0.031086 0.206250 -0.244613
 3.015929 -0.879646 0.061127 0.264147 -0.388911

 -3.141593 -0.753982 0.047732 0.239165 -0.305837
 -3.015929 -0.753982 0.081463 0.267924 -0.417117
 -2.890265 -0.753982 0.109330 0.168576 -0.481351
 -2.764602 -0.753982 0.121133 0.002029 -0.401492
 -2.638938 -0.753982 0.109600 -0.165179 -0.226312
 -2.513274 -0.753982 0.084352 -0.225458 -0.079222
 -2.387610 -0.753982 0.056487 -0.193586 -0.010211
 -2.261947 -0.753982 0.038294 -0.109811 -0.000504
 -2.136283 -0.753982 0.025158 -0.094072 -0.015978
 -2.010619 -0.753982 0.017255 -0.029388 -0.032025
 -1.884956 -0.753982 0.016745 0.018063 -0.039716
 -1.759292 -0.753982 0.020260 0.027331 -0.040197
 -1.633628 -0.753982 0.021657 -0.005874 -0.026343
 -1.507964 -0.753982 0.019494 -0.022080 -0.026086
 -1.382301 -0.753982 0.017890 -0.001301 -0.039252
 -1.256637 -0.753982 0.018241 0.003210 -0.045227
 -1.130973 -0.753982 0.018011 -0.010986 -0.030725
 -1.005310 -0.753982 0.015415 -0.021647 -0.023286
 -0.879646 -0.753982 0.014275 -0.000316 -0.038406
 -0.753982 -0.753982 0.013535 -0.013331 -0.038197
 -0.628319 -0.753982 0.011002 -0.026121 -0.026368
 -0.502655 -0.753982 0.007799 -0.020966 -0.018219
 -0.376991 -0.753982 0.005753 -0.013986 -0.013655
 -0.251327 -0.753982 0.003967 -0.013940 -0.007831
 -0.125664 -0.753982 0.002281 -0.013019 -0.007078
 0.000000 -0.753982 0.000861 -0.008442 -0.004325
 0.125664 -0.753982 0.000198 -0.002658 -0.001650
 0.251327 -0.753982 0.000031 -0.000480 -0.000492
 0.376991 -0.753982 0.000004 -0.000055 -0.000104
 0.502655 -0.753982 0.000005 0.000070 -0.000106
 0.628319 -0.753982 0.000036 0.000463 -0.000607
 0.753982 -0.753982 0.000086 0.000073 -0.001438
 0.879646 -0.753982 0.000047 -0.000453 -0.000831
 1.005310 -0.753982 0.000014 -0.000098 -0.000338
 1.130973 -0.753982 0.000005 -0.000061 -0.000140
 1.256637 -0.753982 0.000001 -0.000014 -0.000015
 1.382301 -0.753982 0.000000 -0.000000 -0.000000
 1.507964 -0.753982 0.000000 0.000000 0.000000
 1.633628 -0.753982 0.000000 0.000000 0.000000
 1.759292 -0.753982 0.000000 0.000000 0.000000
 1.884956 -0.753982 0.000000 0.000000 0.000000
 2.010619 -0.753982 0.000000 0.000000 0.000000
 2.136283 -0.753982 0.000000 0.000000 0.000000
 2.261947 -0.753982 0.000000 0.000001 0.000000
 2.387610 -0.753982 0.000002 0.000081 0.000002
 2.513274 -0.753982 0.000077 0.001698 -0.000181
 2.638938 -0.753982 0.000721 0.010168 -0.004974
 2.764602 -0.753982 0.003166 0.031967 -0.032792
 2.890265 -0.753982 0.009936 0.080561 -0.099957
 3.015929 -0.753982 0.024008 0.144847 -0.200661

 -3.141593 -0.628319 0.020575 0.139790 -0.136864
 -3.015929 -0.628319 0.040825 0.168014 -0.225770
 -2.890265 -0.628319 0.062220 0.179337 -0.254582
 -2.764602 -0.628319 0.083704 0.135659 -0.184346
 -2.638938 -0.628319 0.091517 -0.011060 -0.060033
 -2.513274 -0.628319 0.082259 -0.134302 0.046428
 -2.387610 -0.628319 0.060076 -0.192586 0.070079
 -2.261947 -0.628319 0.039181 -0.138575 0.020219
 -2.136283 -0.628319 0.023702 -0.104658 -0.006398
 -2.010619 -0.628319 0.014451 -0.040704 -0.009735
 -1.884956 -0.628319 0.012661 0.009225 -0.018195
 -1.759292 -0.628319 0.015459 0.026635 -0.035103
 -1.633628 -0.628319 0.017254 -0.002153 -0.047244
 -1.507964 -0.628319 0.015197 -0.023874 -0.043869
 -1.382301 -0.628319 0.013070 -0.007710 -0.036851
 -1.256637 -0.628319 0.012750 0.002657 -0.037688
 -1.130973 -0.628319 0.013659 0.005014 -0.031165
 -1.005310 -0.628319 0.012414 -0.021113 -0.017708
 -0.879646 -0.628319 0.010044 -0.014761 -0.021831
 -0.753982 -0.628319 0.008777 -0.004364 -0.031468
 -0.628319 -0.628319 0.008305 -0.007731 -0.018593
 -0.502655 -0.628319 0.006453 -0.019393 -0.009286
 -0.376991 -0.628319 0.004310 -0.012699 -0.011709
 -0.251327 -0.628319 0.002904 -0.011848 -0.009853
 -0.125664 -0.628319 0.001356 -0.011156 -0.006701
 0.000000 -0.628319 0.000348 -0.004697 -0.002822
 0.125664 -0.628319 0.000046 -0.000841 -0.000641
 0.251327 -0.628319 0.000003 -0.000071 -0.000065
 0.376991 -0.628319 0.000000 -0.000003 -0.000004
 0.502655 -0.628319 0.000000 0.000004 -0.000005
 0.628319 -0.628319 0.000002 0.000027 -0.000059
 0.753982 -0.628319 0.000005 0.000004 -0.000142
 0.879646 -0.628319 0.000002 -0.000029 -0.000071
 1.005310 -0.628319 0.000000 -0.000006 -0.000007
 1.130973 -0.628319 0.000000 -0.000000 -0.000000
 1.256637 -0.628319 0.000000 0.000000 0.000000
 1.382301 -0.628319 0.000000 0.000000 0.000000
 1.507964 -0.628319 0.000000 0.000000 0.000000
 1.633628 -0.628319 0.000000 0.000000 0.000000
 1.759292 -0.628319 0.000000 0.000000 0.000000
 1.884956 -0.628319 0.000000 0.000000 0.000000
 2.010619 -0.628319 0.000000 0.000000 0.000000
 2.136283 -0.628319 0.000000 0.000000 0.000000
 2.261947 -0.628319 0.000000 0.000001 -0.000000
 2.387610 -0.628319 0.000002 0.000056 -0.000014
 2.513274 -0.628319 0.000045 0.000900 -0.000372
 2.638938 -0.628319 0.000290 0.002983 -0.002791
 2.764602 -0.628319 0.000799 0.006052 -0.009816
 2.890265 -0.628319 0.002485 0.024503 -0.029623
 3.015929 -0.628319 0.007862 0.065639 -0.070847

 -3.141593 -0.502655 0.009060 0.076969 -0.058976
 -3.015929 -0.502655 0.021638 0.123468 -0.098248
 -2.890265 -0.502655 0.041438 0.197931 -0.106564
 -2.764602 -0.502655 0.069461 0.221045 -0.078205
 -2.638938 -0.502655 0.090140 0.097567 0.009025
 -2.513274 -0.502655 0.092300 -0.077228 0.086277
 -2.387610 -0.502655 0.071165 -0.229352 0.084394
 -2.261947 -0.502655 0.042909 -0.198253 0.027989
 -2.136283 -0.502655 0.023787 -0.106105 0.004363
 -2.010619 -0.502655 0.014632 -0.043441 0.006991
 -1.884956 -0.502655 0.012005 -0.004225 0.000619
 -1.759292 -0.502655 0.011882 -0.000341 -0.020847
 -1.633628 -0.502655 0.011632 -0.005309 -0.031710
 -1.507964 -0.502655 0.010386 -0.012754 -0.023845
 -1.382301 -0.502655 0.008987 -0.007014 -0.024777
 -1.256637 -0.502655 0.009255 0.013518 -0.017644
 -1.130973 -0.502655 0.011972 0.021993 0.003100
 -1.005310 -0.502655 0.012716 -0.012126 0.019600
 -0.879646 -0.502655 0.009726 -0.030205 0.013902
 -0.753982 -0.502655 0.006747 -0.012070 -0.000236
 -0.628319 -0.502655 0.006251 -0.002984 -0.012678
 -0.502655 -0.502655 0.004778 -0.018884 -0.016153
 -0.376991 -0.502655 0.002671 -0.011879 -0.013431
 -0.251327 -0.502655 0.001550 -0.007583 -0.010844
 -0.125664 -0.502655 0.000700 -0.005645 -0.004245
 0.000000 -0.502655 0.000168 -0.002591 -0.000707
 0.125664 -0.502655 0.000013 -0.000322 -0.000066
 0.251327 -0.502655 0.000000 -0.000003 -0.000004
 0.376991 -0.502655 0.000000 -0.000000 -0.000000
 0.502655 -0.502655 0.000000 0.000000 0.000000
 0.628319 -0.502655 0.000000 0.000000 0.000000
 0.753982 -0.502655 0.000000 0.000000 0.000000
 0.879646 -0.502655 0.000000 0.000000 0.000000
 1.005310 -0.502655 0.000000 0.000000 0.000000
 1.130973 -0.502655 0.000000 0.000000 0.000000
 1.256637 -0.502655 0.000000 0.000000 0.000000
 1.382301 -0.502655 0.000000 0.000000 0.000000
 1.507964 -0.502655 0.000000 0.000000 0.000000
 1.633628 -0.502655 0.000000 0.000000 0.000000
 1.759292 -0.502655 0.000000 0.000000 0.000000
 1.884956 -0.502655 0.000000 0.000000 0.000000
 2.010619 -0.502655 0.000000 0.000000 0.000000
 2.136283 -0.502655 0.000000 0.000000 0.000000
 2.261947 -0.502655 0.000000 0.000000 -0.000000
 2.387610 -0.502655 0.000000 0.000010 -0.000006
 2.513274 -0.502655 0.000008 0.000150 -0.000154
 2.638938 -0.502655 0.000045 0.000418 -0.000923
 2.764602 -0.502655 0.000109 0.000831 -0.002155
 2.890265 -0.502655 0.000476 0.006698 -0.006853
 3.015929 -0.502655 0.002494 0.029665 -0.023616

 -3.141593 -0.376991 0.004002 0.042524 -0.024488
 -3.015929 -0.376991 0.012147 0.091951 -0.058970
 -2.890265 -0.376991 0.028777 0.178682 -0.103091
 -2.764602 -0.376991 0.056758 0.251973 -0.132797
 -2.638938 -0.376991 0.085399 0.175786 -0.109537
 -2.513274 -0.376991 0.094717 -0.047511 -0.081452
 -2.387610 -0.376991 0.074126 -0.249834 -0.062655
 -2.261947 -0.376991 0.042017 -0.224209 -0.054743
 -2.136283 -0.376991 0.021917 -0.101098 -0.045397
 -2.010619 -0.376991 0.013363 -0.041451 -0.036369
 -1.884956 -0.376991 0.010470 -0.011045 -0.029904
 -1.759292 -0.376991 0.009125 -0.009265 -0.028012
 -1.633628 -0.376991 0.008727 0.001532 -0.025050
 -1.507964 -0.376991 0.008590 -0.006741 -0.015278
 -1.382301 -0.376991 0.007171 -0.009261 -0.007471
 -1.256637 -0.376991 0.008079 0.025133 -0.002606
 -1.130973 -0.376991 0.012095 0.030498 -0.007019
 -1.005310 -0.376991 0.013979 -0.004519 -0.008657
 -0.879646 -0.376991 0.011211 -0.033249 0.001693
 -0.753982 -0.376991 0.007416 -0.023247 0.004362
 -0.628319 -0.376991 0.005088 -0.017121 -0.006503
 -0.502655 -0.376991 0.002834 -0.016712 -0.012968
 -0.376991 -0.376991 0.001270 -0.008536 -0.007808
 -0.251327 -0.376991 0.000502 -0.003775 -0.004957
 -0.125664 -0.376991 0.000226 -0.001376 -0.002852
 0.000000 -0.376991 0.000066 -0.000961 -0.000795
 0.125664 -0.376991 0.000005 -0.000134 -0.000059
 0.251327 -0.376991 0.000000 -0.000000 -0.000000
 0.376991 -0.376991 0.000000 0.000000 0.000000
 0.502655 -0.376991 0.000000 0.000000 0.000000
 0.628319 -0.376991 0.000000 0.000000 0.000000
 0.753982 -0.376991 0.000000 0.000000 0.000000
 0.879646 -0.376991 0.000000 0.000000 0.000000
 1.005310 -0.376991 0.000000 -0.000000 0.000000
 1.130973 -0.376991 0.000000 -0.000000 0.000000
 1.256637 -0.376991 0.000000 -0.000000 0.000000
 1.382301 -0.376991 0.000000 0.000000 0.000000
 1.507964 -0.376991 0.000000 0.000000 0.000000
 1.633628 -0.376991 0.000000 0.000000 0.000000
 1.759292 -0.376991 0.000000 0.000000 0.000000
 1.884956 -0.376991 0.000000 0.000000 0.000000
 2.010619 -0.376991 0.000000 0.000000 0.000000
 2.136283 -0.376991 0.000000 0.000000 0.000000
 2.261947 -0.376991 0.000000 0.000000 -0.000000
 2.387610 -0.376991 0.000000 0.000000 -0.000000
 2.513274 -0.376991 0.000000 0.000005 -0.000009
 2.638938 -0.376991 0.000002 0.000015 -0.000053
 2.764602 -0.376991 0.000005 0.000076 -0.000143
 2.890265 -0.376991 0.000065 0.001399 -0.001017
 3.015929 -0.376991 0.000738 0.012212 -0.006574

 -3.141593 -0.251327 0.001885 0.021597 -0.012699
 -3.015929 -0.251327 0.006101 0.049657 -0.039188
 -2.890265 -0.251327 0.016316 0.121715 -0.088802
 -2.764602 -0.251327 0.037326 0.202988 -0.162108
 -2.638938 -0.251327 0.061610 0.154477 -0.244981
 -2.513274 -0.251327 0.069988 -0.033392 -0.280704
 -2.387610 -0.251327 0.054914 -0.185284 -0.214704
 -2.261947 -0.251327 0.030278 -0.177909 -0.113124
 -2.136283 -0.251327 0.013940 -0.083865 -0.061896
 -2.010619 -0.251327 0.007236 -0.027809 -0.043666
 -1.884956 -0.251327 0.005711 -0.003009 -0.036616
 -1.759292 -0.251327 0.005044 -0.007800 -0.032214
 -1.633628 -0.251327 0.004603 0.003118 -0.033459
 -1.507964 -0.251327 0.005480 0.007374 -0.027227
 -1.382301 -0.251327 0.006195 0.007702 -0.005868
 -1.256637 -0.251327 0.008393 0.026689 0.008380
 -1.130973 -0.251327 0.011526 0.017123 0.005759
 -1.005310 -0.251327 0.012234 -0.004534 -0.006825
 -0.879646 -0.251327 0.010556 -0.021149 -0.004832
 -0.753982 -0.251327 0.007723 -0.021284 0.005225
 -0.628319 -0.251327 0.004875 -0.025503 0.004704
 -0.502655 -0.251327 0.001978 -0.016468 0.000064
 -0.376991 -0.251327 0.000755 -0.005617 -0.000631
 -0.251327 -0.251327 0.000218 -0.002691 -0.000304
 -0.125664 -0.251327 0.000058 -0.000411 0.000095
 0.000000 -0.251327 0.000019 -0.000242 0.000107
 0.125664 -0.251327 0.000002 -0.000043 0.000014
 0.251327 -0.251327 0.000000 -0.000001 0.000001
 0.376991 -0.251327 0.000000 0.000000 0.000000
 0.502655 -0.251327 0.000000 0.000000 0.000000
 0.628319 -0.251327 0.000000 0.000000 0.000001
 0.753982 -0.251327 0.000000 0.000003 0.000007
 0.879646 -0.251327 0.000001 0.000005 0.000030
 1.005310 -0.251327 0.000001 -0.000006 0.000030
 1.130973 -0.251327 0.000000 -0.000003 0.000006
 1.256637 -0.251327 0.000000 -0.000000 0.000000
 1.382301 -0.251327 0.000000 0.000000 0.000000
 1.507964 -0.251327 0.000000 0.000000 0.000000
 1.633628 -0.251327 0.000000 0.000000 0.000000
 1.759292 -0.251327 0.000000 0.000000 0.000000
 1.884956 -0.251327 0.000000 0.000000 0.000000
 2.010619 -0.251327 0.000000 0.000000 0.000000
 2.136283 -0.251327 0.000000 0.000000 0.000000
 2.261947 -0.251327 0.000000 0.000000 0.000000
 2.387610 -0.251327 0.000000 0.000000 0.000000
 2.513274 -0.251327 0.000000 0.000000 0.000000
 2.638938 -0.251327 0.000000 0.000000 -0.000000
 2.764602 -0.251327 0.000000 0.000006 -0.000003
 2.890265 -0.251327 0.000012 0.000365 -0.000132
 3.015929 -0.251327 0.000275 0.005437 -0.002167

 -3.141593 -0.125664 0.000560 0.007146 -0.007146
 -3.015929 -0.125664 0.002200 0.022031 -0.020407
 -2.890265 -0.125664 0.007553 0.069904 -0.046694
 -2.764602 -0.125664 0.019969 0.118092 -0.101268
 -2.638938 -0.125664 0.033098 0.075260 -0.176942
 -2.513274 -0.125664 0.036621 -0.020531 -0.209505
 -2.387610 -0.125664 0.029365 -0.086550 -0.165023
 -2.261947 -0.125664 0.017272 -0.092814 -0.087434
 -2.136283 -0.125664 0.008349 -0.048878 -0.033443
 -2.010619 -0.125664 0.003937 -0.023038 -0.014933
 -1.884956 -0.125664 0.002357 -0.004691 -0.015936
 -1.759292 -0.125664 0.001884 -0.003674 -0.015374
 -1.633628 -0.125664 0.001992 0.008093 -0.005708
 -1.507964 -0.125664 0.004036 0.022567 0.008305
 -1.382301 -0.125664 0.007019 0.023742 0.021259
 -1.256637 -0.125664 0.010157 0.026896 0.018742
 -1.130973 -0.125664 0.013040 0.012468 0.011845
 -1.005310 -0.125664 0.012580 -0.015537 0.005851
 -0.879646 -0.125664 0.010651 -0.012100 0.003827
 -0.753982 -0.125664 0.009165 -0.016009 0.012976
 -0.628319 -0.125664 0.005875 -0.033585 0.005891
 -0.502655 -0.125664 0.002315 -0.018702 0.001437
 -0.376991 -0.125664 0.000907 -0.006816 0.001383
 -0.251327 -0.125664 0.000306 -0.002336 0.001126
 -0.125664 -0.125664 0.000210 -0.000346 0.001930
 0.000000 -0.125664 0.000093 -0.001128 0.000916
 0.125664 -0.125664 0.000009 -0.000225 0.000093
 0.251327 -0.125664 0.000000 -0.000007 0.000005
 0.376991 -0.125664 0.000000 0.000001 0.000002
 0.502655 -0.125664 0.000000 0.000007 0.000017
 0.628319 -0.125664 0.000002 0.000017 0.000060
 0.753982 -0.125664 0.000008 0.000116 0.000218
 0.879646 -0.125664 0.000030 0.000161 0.000678
 1.005310 -0.125664 0.000028 -0.000186 0.000614
 1.130973 -0.125664 0.000006 -0.000108 0.000123
 1.256637 -0.125664 0.000000 -0.000008 0.000005
 1.382301 -0.125664 0.000000 -0.000000 0.000000
 1.507964 -0.125664 0.000000 -0.000000 0.000000
 1.633628 -0.125664 0.000000 0.000000 0.000000
 1.759292 -0.125664 0.000000 0.000000 0.000000
 1.884956 -0.125664 0.000000 0.000000 0.000000
 2.010619 -0.125664 0.000000 0.000000 0.000000
 2.136283 -0.125664 0.000000 0.000000 0.000000
 2.261947 -0.125664 0.000000 0.000000 0.000000
 2.387610 -0.125664 0.000000 0.000000 0.000000
 2.513274 -0.125664 0.000000 0.000000 0.000000
 2.638938 -0.125664 0.000000 0.000000 0.000000
 2.764602 -0.125664 0.000000 0.000001 -0.000000
 2.890265 -0.125664 0.000002 0.000079 -0.000039
 3.015929 -0.125664 0.000069 0.001471 -0.001026

 -3.141593 0.000000 0.000136 0.002581 -0.000736
 -3.015929 0.000000 0.000998 0.013143 -0.002022
 -2.890265 0.000000 0.004244 0.042664 -0.012237
 -2.764602 0.000000 0.011722 0.068083 -0.040332
 -2.638938 0.000000 0.018358 0.030101 -0.072602
 -2.513274 0.000000 0.019156 -0.015229 -0.083893
 -2.387610 0.000000 0.015160 -0.044866 -0.068004
 -2.261947 0.000000 0.009053 -0.046525 -0.041482
 -2.136283 0.000000 0.004456 -0.025950 -0.024735
 -2.010619 0.000000 0.002248 -0.009861 -0.010724
 -1.884956 0.000000 0.001651 -0.001505 0.004084
 -1.759292 0.000000 0.001744 0.004435 0.015086
 -1.633628 0.000000 0.003264 0.021739 0.028088
 -1.507964 0.000000 0.007277 0.038271 0.043342
 -1.382301 0.000000 0.011254 0.021731 0.047749
 -1.256637 0.000000 0.013320 0.014426 0.035346
 -1.130973 0.000000 0.014499 -0.000461 0.016854
 -1.005310 0.000000 0.012896 -0.020915 0.000575
 -0.879646 0.000000 0.010681 -0.010888 -0.005128
 -0.753982 0.000000 0.009227 -0.020237 -0.013379
 -0.628319 0.000000 0.005168 -0.036814 -0.016159
 -0.502655 0.000000 0.001849 -0.014464 -0.007550
 -0.376991 0.000000 0.000769 -0.005630 -0.003343
 -0.251327 0.000000 0.000307 -0.001114 -0.001354
 -0.125664 0.000000 0.000319 -0.000182 -0.000885
 0.000000 0.000000 0.000147 -0.001771 -0.000365
 0.125664 0.000000 0.000019 -0.000320 0.000085
 0.251327 0.000000 0.000006 -0.000033 0.000163
 0.376991 0.000000 0.000003 0.000020 0.000090
 0.502655 0.000000 0.000020 0.000256 0.000465
 0.628319 0.000000 0.000063 0.000413 0.001449
 0.753982 0.000000 0.000142 0.000981 0.002755
 0.879646 0.000000 0.000283 0.000758 0.003975
 1.005310 0.000000 0.000219 -0.001592 0.002549
 1.130973 0.000000 0.000043 -0.000798 0.000504
 1.256637 0.000000 0.000003 -0.000064 0.000048
 1.382301 0.000000 0.000000 -0.000002 0.000003
 1.507964 0.000000 0.000000 -0.000000 0.000000
 1.633628 0.000000 0.000000 0.000000 0.000000
 1.759292 0.000000 0.000000 0.000000 0.000000
 1.884956 0.000000 0.000000 0.000000 0.000000
 2.010619 0.000000 0.000000 0.000000 0.000000
 2.136283 0.000000 0.000000 0.000000 0.000000
 2.261947 0.000000 0.000000 0.000000 0.000000
 2.387610 0.000000 0.000000 0.000000 0.000000
 2.513274 0.000000 0.000000 0.000000 0.000000
 2.638938 0.000000 0.000000 0.000000 0.000000
 2.764602 0.000000 0.000000 0.000000 -0.000000
 2.890265 0.000000 0.000000 0.000007 -0.000004
 3.015929 0.000000 0.000008 0.000212 -0.000120

 -3.141593 0.125664 0.000102 0.002124 -0.000114
 -3.015929 0.125664 0.000838 0.010789 -0.001556
 -2.890265 0.125664 0.003145 0.028102 -0.006211
 -2.764602 0.125664 0.007897 0.041703 -0.020873
 -2.638938 0.125664 0.011659 0.014489 -0.036992
 -2.513274 0.125664 0.011785 -0.010434 -0.040503
 -2.387610 0.125664 0.009386 -0.025556 -0.032442
 -2.261947 0.125664 0.006010 -0.026724 -0.012811
 -2.136283 0.125664 0.002994 -0.018205 0.001695
 -2.010619 0.125664 0.002208 0.006339 0.015052
 -1.884956 0.125664 0.003906 0.017714 0.038867
 -1.759292 0.125664 0.006681 0.027691 0.071604
 -1.633628 0.125664 0.010782 0.038520 0.103154
 -1.507964 0.125664 0.016836 0.053337 0.121714
 -1.382301 0.125664 0.021257 0.009906 0.123375
 -1.256637 0.125664 0.020612 -0.011518 0.086908
 -1.130973 0.125664 0.018280 -0.031249 0.043867
 -1.005310 0.125664 0.013132 -0.041445 0.004383
 -0.879646 0.125664 0.009481 -0.017049 -0.011559
 -0.753982 0.125664 0.007184 -0.026387 -0.013901
 -0.628319 0.125664 0.003162 -0.029303 -0.011642
 -0.502655 0.125664 0.000961 -0.007593 -0.005238
 -0.376991 0.125664 0.000378 -0.003310 -0.001799
 -0.251327 0.125664 0.000112 -0.000693 -0.001029
 -0.125664 0.125664 0.000104 -0.000041 -0.001546
 0.000000 0.125664 0.000058 -0.000363 -0.000566
 0.125664 0.125664 0.000072 0.000455 0.000967
 0.251327 0.125664 0.000089 -0.000347 0.001379
 0.376991 0.125664 0.000044 0.000066 0.000644
 0.502655 0.125664 0.000194 0.002448 0.002519
 0.628319 0.125664 0.000594 0.003499 0.007680
 0.753982 0.125664 0.001048 0.003611 0.012862
 0.879646 0.125664 0.001291 -0.001014 0.013566
 1.005310 0.125664 0.000742 -0.006193 0.006887
 1.130973 0.125664 0.000175 -0.002321 0.002210
 1.256637 0.125664 0.000033 -0.000474 0.000650
 1.382301 0.125664 0.000003 -0.000073 0.000066
 1.507964 0.125664 0.000000 -0.000003 0.000002
 1.633628 0.125664 0.000000 0.000000 0.000000
 1.759292 0.125664 0.000000 0.000000 0.000000
 1.884956 0.125664 0.000000 0.000000 0.000000
 2.010619 0.125664 0.000000 0.000000 0.000000
 2.136283 0.125664 0.000000 0.000000 0.000000
 2.261947 0.125664 0.000000 0.000000 0.000000
 2.387610 0.125664 0.000000 0.000000 0.000000
 2.513274 0.125664 0.000000 0.000000 0.000000
 2.638938 0.125664 0.000000 0.000000 0.000000
 2.764602 0.125664 0.000000 0.000000 0.000000
 2.890265 0.125664 0.000000 0.000005 0.000004
 3.015929 0.125664 0.000005 0.000132 0.000047

 -3.141593 0.251327 0.000159 0.001679 0.001292
 -3.015929 0.251327 0.000708 0.008822 -0.000016
 -2.890265 0.251327 0.002774 0.024951 0.000375
 -2.764602 0.251327 0.006500 0.028289 -0.002843
 -2.638938 0.251327 0.008488 0.002574 -0.016403
 -2.513274 0.251327 0.007810 -0.010544 -0.022974
 -2.387610 0.251327 0.006316 -0.010834 -0.012113
 -2.261947 0.251327 0.005444 -0.004378 0.008908
 -2.136283 0.251327 0.005059 0.001786 0.034933
 -2.010619 0.251327 0.007268 0.036382 0.069811
 -1.884956 0.251327 0.013530 0.059207 0.120552
 -1.759292 0.251327 0.022324 0.081212 0.185644
 -1.633628 0.251327 0.032089 0.067388 0.241861
 -1.507964 0.251327 0.039887 0.056215 0.242947
 -1.382301 0.251327 0.042517 -0.027953 0.200602
 -1.256637 0.251327 0.034538 -0.079284 0.123844
 -1.130973 0.251327 0.024780 -0.080397 0.056710
 -1.005310 0.251327 0.014388 -0.073654 0.018223
 -0.879646 0.251327 0.008300 -0.025371 -0.005816
 -0.753982 0.251327 0.005727 -0.023622 -0.011083
 -0.628319 0.251327 0.002301 -0.024327 -0.003443
 -0.502655 0.251327 0.000607 -0.004282 -0.000960
 -0.376991 0.251327 0.000322 -0.002193 0.000002
 -0.251327 0.251327 0.000072 -0.001208 0.000002
 -0.125664 0.251327 0.000011 -0.000059 -0.000179
 0.000000 0.251327 0.000036 0.000660 0.000006
 0.125664 0.251327 0.000213 0.001802 0.000605
 0.251327 0.251327 0.000284 -0.001068 0.000840
 0.376991 0.251327 0.000143 0.000164 0.000691
 0.502655 0.251327 0.000578 0.007263 0.003097
 0.628319 0.251327 0.001864 0.012020 0.011364
 0.753982 0.251327 0.003326 0.010192 0.022242
 0.879646 0.251327 0.003912 -0.003528 0.027931
 1.005310 0.251327 0.002441 -0.015938 0.022088
 1.130973 0.251327 0.000897 -0.007749 0.010519
 1.256637 0.251327 0.000248 -0.003255 0.003007
 1.382301 0.251327 0.000026 -0.000592 0.000327
 1.507964 0.251327 0.000001 -0.000023 0.000010
 1.633628 0.251327 0.000000 0.000000 0.000000
 1.759292 0.251327 0.000000 0.000000 0.000000
 1.884956 0.251327 0.000000 0.000000 0.000000
 2.010619 0.251327 0.000000 0.000000 0.000000
 2.136283 0.251327 0.000000 0.000000 0.000000
 2.261947 0.251327 0.000000 0.000000 0.000000
 2.387610 0.251327 0.000000 0.000000 0.000000
 2.513274 0.251327 0.000000 0.000000 0.000000
 2.638938 0.251327 0.000000 0.000000 0.000000
 2.764602 0.251327 0.000000 0.000001 0.000000
 2.890265 0.251327 0.000002 0.000058 0.000030
 3.015929 0.251327 0.000033 0.000546 0.000464

 -3.141593 0.376991 0.000335 0.001855 0.000576
 -3.015929 0.376991 0.000736 0.007317 -0.000258
 -2.890265 0.376991 0.002932 0.028067 0.000376
 -2.764602 0.376991 0.006524 0.020530 0.001042
 -2.638938 0.376991 0.007240 -0.004391 -0.001360
 -2.513274 0.376991 0.006924 0.000984 0.012306
 -2.387610 0.376991 0.007368 0.007777 0.027606
 -2.261947 0.376991 0.009202 0.019845 0.048097
 -2.136283 0.376991 0.012325 0.034517 0.076899
 -2.010619 0.376991 0.019784 0.089785 0.121506
 -1.884956 0.376991 0.034113 0.131226 0.194745
 -1.759292 0.376991 0.052146 0.151543 0.262486
 -1.633628 0.376991 0.068456 0.091255 0.299852
 -1.507964 0.376991 0.073652 -0.006476 0.261981
 -1.382301 0.376991 0.066834 -0.101863 0.170477
 -1.256637 0.376991 0.050178 -0.144239 0.126322
 -1.130973 0.376991 0.033737 -0.119013 0.097612
 -1.005310 0.376991 0.019223 -0.106113 0.068789
 -0.879646 0.376991 0.008997 -0.053898 0.024373
 -0.753982 0.376991 0.004687 -0.021899 -0.001091
 -0.628319 0.376991 0.002116 -0.018706 0.000839
 -0.502655 0.376991 0.000577 -0.005487 0.000835
 -0.376991 0.376991 0.000225 -0.001814 -0.001060
 -0.251327 0.376991 0.000045 -0.000815 -0.000357
 -0.125664 0.376991 0.000003 -0.000041 -0.000026
 0.000000 0.376991 0.000022 0.000456 -0.000210
 0.125664 0.376991 0.000139 0.001189 -0.001340
 0.251327 0.376991 0.000196 -0.000410 -0.001619
 0.376991 0.376991 0.000235 0.002303 0.001185
 0.502655 0.376991 0.001074 0.012258 0.005919
 0.628319 0.376991 0.003454 0.024355 0.015186
 0.753982 0.376991 0.006516 0.021767 0.029153
 0.879646 0.376991 0.008225 0.001427 0.040179
 1.005310 0.376991 0.006321 -0.028489 0.036229
 1.130973 0.376991 0.002766 -0.022997 0.016894
 1.256637 0.376991 0.000764 -0.009736 0.004824
 1.382301 0.376991 0.000093 -0.001956 0.000763
 1.507964 0.376991 0.000003 -0.000106 0.000036
 1.633628 0.376991 0.000000 0.000000 0.000000
 1.759292 0.376991 0.000000 0.000000 0.000000
 1.884956 0.376991 0.000000 0.000000 0.000000
 2.010619 0.376991 0.000000 0.000000 0.000000
 2.136283 0.376991 0.000000 0.000000 0.000000
 2.261947 0.376991 0.000000 0.000000 0.000000
 2.387610 0.376991 0.000000 0.000000 0.000000
 2.513274 0.376991 0.000000 0.000000 0.000000
 2.638938 0.376991 0.000000 0.000000 0.000000
 2.764602 0.376991 0.000000 0.000003 0.000000
 2.890265 0.376991 0.000006 0.000167 0.000013
 3.015929 0.376991 0.000093 0.001468 0.000197

 -3.141593 0.502655 0.000237 0.001827 -0.001345
 -3.015929 0.502655 0.000701 0.007703 0.000711
 -2.890265 0.502655 0.002862 0.027905 0.000410
 -2.764602 0.502655 0.006733 0.025967 0.004493
 -2.638938 0.502655 0.008709 0.010691 0.025069
 -2.513274 0.502655 0.010496 0.015313 0.040754
 -2.387610 0.502655 0.012163 0.017422 0.047697
 -2.261947 0.502655 0.016341 0.046664 0.064845
 -2.136283 0.502655 0.022743 0.058465 0.084955
 -2.010619 0.502655 0.034454 0.140416 0.101395
 -1.884956 0.502655 0.055928 0.180548 0.126089
 -1.759292 0.502655 0.077862 0.170111 0.116856
 -1.633628 0.502655 0.095975 0.095682 0.112615
 -1.507964 0.502655 0.097639 -0.068994 0.106893
 -1.382301 0.502655 0.083230 -0.136389 0.092632
 -1.256637 0.502655 0.066032 -0.133213 0.122734
 -1.130973 0.502655 0.050327 -0.121493 0.156772
 -1.005310 0.502655 0.033068 -0.150661 0.146480
 -0.879646 0.502655 0.015778 -0.110337 0.084256
 -0.753982 0.502655 0.006406 -0.043928 0.030454
 -0.628319 0.502655 0.002674 -0.019854 0.009111
 -0.502655 0.502655 0.000989 -0.008303 0.005873
 -0.376991 0.502655 0.000258 -0.003601 0.001790
 -0.251327 0.502655 0.000025 -0.000578 0.000122
 -0.125664 0.502655 0.000001 -0.000019 0.000000
 0.000000 0.502655 0.000003 0.000062 -0.000064
 0.125664 0.502655 0.000020 0.000193 -0.000399
 0.251327 0.502655 0.000060 0.000742 -0.000402
 0.376991 0.502655 0.000416 0.006166 0.000850
 0.502655 0.502655 0.001929 0.019349 0.004639
 0.628319 0.502655 0.005544 0.037488 0.013409
 0.753982 0.502655 0.010558 0.037097 0.030066
 0.879646 0.502655 0.013218 -0.000841 0.032543
 1.005310 0.502655 0.010004 -0.044751 0.017565
 1.130973 0.502655 0.004409 -0.036347 0.007567
 1.256637 0.502655 0.001291 -0.015087 0.002638
 1.382301 0.502655 0.000190 -0.003675 0.000542
 1.507964 0.502655 0.000008 -0.000252 0.000032
 1.633628 0.502655 0.000000 0.000000 0.000000
 1.759292 0.502655 0.000000 0.000000 0.000000
 1.884956 0.502655 0.000000 0.000000 0.000000
 2.010619 0.502655 0.000000 0.000000 0.000000
 2.136283 0.502655 0.000000 0.000000 0.000000
 2.261947 0.502655 0.000000 0.000000 0.000000
 2.387610 0.502655 0.000000 0.000000 0.000000
 2.513274 0.502655 0.000000 0.000000 0.000000
 2.638938 0.502655 0.000000 0.000000 0.000000
 2.764602 0.502655 0.000000 0.000002 -0.000000
 2.890265 0.502655 0.000004 0.000101 -0.000034
 3.015929 0.502655 0.000058 0.000927 -0.000529

 -3.141593 0.628319 0.000206 0.002904 0.001211
 -3.015929 0.628319 0.001049 0.011737 0.004931
 -2.890265 0.628319 0.003481 0.028745 0.010825
 -2.764602 0.628319 0.008283 0.043593 0.023077
 -2.638938 0.628319 0.013171 0.032986 0.046544
 -2.513274 0.628319 0.016896 0.025957 0.063948
 -2.387610 0.628319 0.019948 0.029197 0.078747
 -2.261947 0.628319 0.025610 0.058008 0.081888
 -2.136283 0.628319 0.032960 0.060911 0.073902
 -2.010619 0.628319 0.044395 0.134008 0.055735
 -1.884956 0.628319 0.064451 0.163330 0.019132
 -1.759292 0.628319 0.083634 0.149384 0.002428
 -1.633628 0.628319 0.100582 0.096969 -0.004572
 -1.507964 0.628319 0.103016 -0.057955 -0.001423
 -1.382301 0.628319 0.091347 -0.100766 0.037278
 -1.256637 0.628319 0.079863 -0.084771 0.090671
 -1.130973 0.628319 0.069351 -0.089939 0.138666
 -1.005310 0.628319 0.053212 -0.171700 0.166989
 -0.879646 0.628319 0.029766 -0.177051 0.137276
 -0.753982 0.628319 0.012653 -0.093140 0.069873
 -0.628319 0.628319 0.004830 -0.036919 0.026432
 -0.502655 0.628319 0.001961 -0.014064 0.009456
 -0.376991 0.628319 0.000602 -0.007371 0.003749
 -0.251327 0.628319 0.000085 -0.001600 0.000979
 -0.125664 0.628319 0.000005 -0.000127 0.000082
 0.000000 0.628319 0.000001 0.000016 0.000010
 0.125664 0.628319 0.000013 0.000235 0.000212
 0.251327 0.628319 0.000076 0.000861 0.000813
 0.376991 0.628319 0.000345 0.004545 -0.001228
 0.502655 0.628319 0.001655 0.018413 -0.007882
 0.628319 0.628319 0.005467 0.043293 -0.014790
 0.753982 0.628319 0.011739 0.046936 -0.016749
 0.879646 0.628319 0.014507 -0.008099 -0.016210
 1.005310 0.628319 0.010449 -0.048307 -0.009952
 1.130973 0.628319 0.004610 -0.038025 -0.003872
 1.256637 0.628319 0.001335 -0.015556 -0.001392
 1.382301 0.628319 0.000210 -0.003845 -0.000092
 1.507964 0.628319 0.000011 -0.000305 0.000010
 1.633628 0.628319 0.000000 0.000000 0.000000
 1.759292 0.628319 0.000000 0.000000 0.000000
 1.884956 0.628319 0.000000 0.000000 0.000000
 2.010619 0.628319 0.000000 0.000000 0.000000
 2.136283 0.628319 0.000000 0.000000 0.000000
 2.261947 0.628319 0.000000 0.000000 0.000000
 2.387610 0.628319 0.000000 0.000000 0.000000
 2.513274 0.628319 0.000000 0.000000 0.000000
 2.638938 0.628319 0.000000 0.000000 0.000000
 2.764602 0.628319 0.000000 0.000002 0.000001
 2.890265 0.628319 0.000002 0.000063 0.000030
 3.015929 0.628319 0.000033 0.000530 0.000292

 -3.141593 0.753982 0.000546 0.005383 0.004022
 -3.015929 0.753982 0.001952 0.019099 0.009707
 -2.890265 0.753982 0.005828 0.045366 0.027304
 -2.764602 0.753982 0.013560 0.072023 0.064366
 -2.638938 0.753982 0.021633 0.051990 0.091928
 -2.513274 0.753982 0.027145 0.038720 0.096579
 -2.387610 0.753982 0.031798 0.038012 0.105713
 -2.261947 0.753982 0.036904 0.039768 0.099256
 -2.136283 0.753982 0.041251 0.035822 0.064245
 -2.010619 0.753982 0.048668 0.088222 0.021057
 -1.884956 0.753982 0.062578 0.128582 -0.037674
 -1.759292 0.753982 0.081076 0.164296 -0.041295
 -1.633628 0.753982 0.099093 0.094139 -0.017829
 -1.507964 0.753982 0.101736 -0.040852 -0.006252
 -1.382301 0.753982 0.094208 -0.058263 0.025387
 -1.256637 0.753982 0.089069 -0.025000 0.068314
 -1.130973 0.753982 0.085848 -0.041682 0.125213
 -1.005310 0.753982 0.074131 -0.150972 0.158084
 -0.879646 0.753982 0.049248 -0.226602 0.161805
 -0.753982 0.753982 0.023611 -0.162147 0.099694
 -0.628319 0.753982 0.009079 -0.073768 0.038866
 -0.502655 0.753982 0.003373 -0.024583 0.012645
 -0.376991 0.753982 0.001289 -0.011390 0.006799
 -0.251327 0.753982 0.000292 -0.004489 0.002024
 -0.125664 0.753982 0.000024 -0.000571 0.000212
 0.000000 0.753982 0.000005 0.000093 0.000061
 0.125664 0.753982 0.000074 0.001293 0.000712
 0.251327 0.753982 0.000311 0.001696 0.002612
 0.376991 0.753982 0.000347 -0.000408 0.001269
 0.502655 0.753982 0.000744 0.009409 -0.004428
 0.628319 0.753982 0.003241 0.030745 -0.015067
 0.753982 0.753982 0.007637 0.032592 -0.038229
 0.879646 0.753982 0.009920 0.000428 -0.048280
 1.005310 0.753982 0.007763 -0.030934 -0.030763
 1.130973 0.753982 0.003672 -0.028737 -0.010295
 1.256637 0.753982 0.001091 -0.012672 -0.002316
 1.382301 0.753982 0.000175 -0.003141 -0.000505
 1.507964 0.753982 0.000010 -0.000263 -0.000037
 1.633628 0.753982 0.000000 0.000000 0.000000
 1.759292 0.753982 0.000000 0.000000 0.000000
 1.884956 0.753982 0.000000 0.000000 0.000000
 2.010619 0.753982 0.000000 0.000000 0.000000
 2.136283 0.753982 0.000000 0.000000 0.000000
 2.261947 0.753982 0.000000 0.000000 0.000000
 2.387610 0.753982 0.000000 0.000000 0.000000
 2.513274 0.753982 0.000000 0.000000 0.000000
 2.638938 0.753982 0.000000 0.000000 0.000000
 2.764602 0.753982 0.000000 0.000009 0.000003
 2.890265 0.753982 0.000012 0.000302 0.000112
 3.015929 0.753982 0.000136 0.001901 0.001193

 -3.141593 0.879646 0.001325 0.012575 0.009918
 -3.015929 0.879646 0.004065 0.034286 0.028139
 -2.890265 0.879646 0.011020 0.081576 0.059683
 -2.764602 0.879646 0.024194 0.114058 0.100623
 -2.638938 0.879646 0.035363 0.057107 0.121488
 -2.513274 0.879646 0.040413 0.036149 0.119430
 -2.387610 0.879646 0.046191 0.053059 0.128721
 -2.261947 0.879646 0.051259 0.018777 0.130562
 -2.136283 0.879646 0.051259 -0.005579 0.098927
 -2.010619 0.879646 0.052989 0.036239 0.055042
 -1.884956 0.879646 0.060106 0.083882 0.013895
 -1.759292 0.879646 0.076736 0.177806 -0.008395
 -1.633628 0.879646 0.097289 0.113414 0.004931
 -1.507964 0.879646 0.103137 -0.002079 0.041080
 -1.382301 0.879646 0.101001 -0.023073 0.089254
 -1.256637 0.879646 0.099264 0.001941 0.095287
 -1.130973 0.879646 0.099231 -0.022300 0.084801
 -1.005310 0.879646 0.090016 -0.128451 0.088384
 -0.879646 0.879646 0.066168 -0.243005 0.091440
 -0.753982 0.879646 0.035312 -0.219964 0.073730
 -0.628319 0.879646 0.014004 -0.116027 0.036472
 -0.502655 0.879646 0.005073 -0.036505 0.014070
 -0.376991 0.879646 0.002035 -0.017181 0.004231
 -0.251327 0.879646 0.000497 -0.006937 0.001279
 -0.125664 0.879646 0.000075 -0.001026 0.000838
 0.000000 0.879646 0.000026 0.000027 0.000397
 0.125664 0.879646 0.000139 0.002202 0.000075
 0.251327 0.879646 0.000505 0.002222 -0.000346
 0.376991 0.879646 0.000459 -0.002038 -0.000146
 0.502655 0.879646 0.000522 0.004988 -0.000213
 0.628319 0.879646 0.001877 0.015180 -0.008573
 0.753982 0.879646 0.003625 0.010530 -0.024350
 0.879646 0.879646 0.004329 -0.000181 -0.035690
 1.005310 0.879646 0.003538 -0.010830 -0.031690
 1.130973 0.879646 0.002051 -0.011913 -0.014717
 1.256637 0.879646 0.000723 -0.008210 -0.003734
 1.382301 0.879646 0.000103 -0.002050 -0.000562
 1.507964 0.879646 0.000004 -0.000129 -0.000033
 1.633628 0.879646 0.000000 0.000000 0.000000
 1.759292 0.879646 0.000000 0.000000 0.000000
 1.884956 0.879646 0.000000 0.000000 0.000000
 2.010619 0.879646 0.000000 0.000000 0.000000
 2.136283 0.879646 0.000000 0.000000 0.000000
 2.261947 0.879646 0.000000 0.000000 0.000000
 2.387610 0.879646 0.000000 0.000000 0.000000
 2.513274 0.879646 0.000000 0.000000 0.000000
 2.638938 0.879646 0.000000 0.000000 0.000000
 2.764602 0.879646 0.000001 0.000036 0.000017
 2.890265 0.879646 0.000034 0.000750 0.000335
 3.015929 0.879646 0.000322 0.004490 0.002262

 -3.141593 1.005310 0.003182 0.030409 0.017124
 -3.015929 1.005310 0.009208 0.067457 0.047556
 -2.890265 1.005310 0.020673 0.117547 0.085229
 -2.764602 1.005310 0.037992 0.144824 0.115442
 -2.638938 1.005310 0.052780 0.081192 0.160745
 -2.513274 1.005310 0.059845 0.045487 0.196676
 -2.387610 1.005310 0.065887 0.045825 0.189032
 -2.261947 1.005310 0.068915 -0.004237 0.150009
 -2.136283 1.005310 0.065399 -0.037860 0.126536
 -2.010619 1.005310 0.063028 0.005901 0.110582
 -1.884956 1.005310 0.066603 0.057748 0.090207
 -1.759292 1.005310 0.081197 0.177527 0.081259
 -1.633628 1.005310 0.104469 0.154824 0.113280
 -1.507964 1.005310 0.115817 0.034631 0.157798
 -1.382301 1.005310 0.116704 -0.013955 0.151829
 -1.256637 1.005310 0.113024 -0.033847 0.124502
 -1.130973 1.005310 0.109162 -0.041259 0.083314
 -1.005310 1.005310 0.097739 -0.149592 0.044682
 -0.879646 1.005310 0.071735 -0.250451 0.009977
 -0.753982 1.005310 0.040439 -0.226484 0.012186
 -0.628319 1.005310 0.017499 -0.132828 0.018326
 -0.502655 1.005310 0.006515 -0.050867 0.007251
 -0.376991 1.005310 0.002276 -0.021225 -0.000435
 -0.251327 1.005310 0.000647 -0.006195 0.000645
 -0.125664 1.005310 0.000276 -0.001101 0.001992
 0.000000 1.005310 0.000137 -0.001157 0.001266
 0.125664 1.005310 0.000092 0.000761 -0.000563
 0.251327 1.005310 0.000260 0.001182 -0.002584
 0.376991 1.005310 0.000330 0.000492 -0.001536
 0.502655 1.005310 0.000482 0.001876 -0.000954
 0.628319 1.005310 0.000848 0.004123 -0.007230
 0.753982 1.005310 0.001365 0.002906 -0.012435
 0.879646 1.005310 0.001318 -0.003712 -0.013570
 1.005310 1.005310 0.000774 -0.003341 -0.011547
 1.130973 1.005310 0.000514 -0.001681 -0.007831
 1.256637 1.005310 0.000238 -0.002366 -0.003150
 1.382301 1.005310 0.000036 -0.000734 -0.000448
 1.507964 1.005310 0.000001 -0.000042 -0.000017
 1.633628 1.005310 0.000000 0.000000 0.000000
 1.759292 1.005310 0.000000 0.000000 0.000000
 1.884956 1.005310 0.000000 0.000000 0.000000
 2.010619 1.005310 0.000000 0.000000 0.000000
 2.136283 1.005310 0.000000 0.000000 0.000000
 2.261947 1.005310 0.000000 0.000000 0.000000
 2.387610 1.005310 0.000000 0.000000 0.000000
 2.513274 1.005310 0.000000 0.000000 0.000000
 2.638938 1.005310 0.000000 0.000003 0.000001
 2.764602 1.005310 0.000007 0.000192 0.000069
 2.890265 1.005310 0.000130 0.002425 0.001159
 3.015929 1.005310 0.000839 0.010029 0.005457

 -3.141593 1.130973 0.004525 0.043956 0.001133
 -3.015929 1.130973 0.013449 0.099863 0.011668
 -2.890265 1.130973 0.029508 0.153301 0.045754
 -2.764602 1.130973 0.051478 0.192710 0.089045
 -2.638938 1.130973 0.074375 0.151383 0.166311
 -2.513274 1.130973 0.087638 0.065919 0.221065
 -2.387610 1.130973 0.092116 0.006328 0.207112
 -2.261947 1.130973 0.089608 -0.041455 0.170518
 -2.136283 1.130973 0.083663 -0.043038 0.152614
 -2.010619 1.130973 0.080085 -0.012241 0.137223
 -1.884956 1.130973 0.081357 0.044162 0.123066
 -1.759292 1.130973 0.094732 0.173919 0.110405
 -1.633628 1.130973 0.120186 0.193151 0.102698
 -1.507964 1.130973 0.135260 0.042282 0.120139
 -1.382301 1.130973 0.135285 -0.025025 0.131605
 -1.256637 1.130973 0.129379 -0.066237 0.122146
 -1.130973 1.130973 0.119327 -0.101690 0.061479
 -1.005310 1.130973 0.100517 -0.199467 -0.014160
 -0.879646 1.130973 0.070758 -0.260308 -0.031704
 -0.753982 1.130973 0.039848 -0.213453 -0.024252
 -0.628319 1.130973 0.018479 -0.128059 -0.006397
 -0.502655 1.130973 0.006827 -0.060376 -0.002756
 -0.376991 1.130973 0.001976 -0.021505 -0.003952
 -0.251327 1.130973 0.000512 -0.004217 -0.002580
 -0.125664 1.130973 0.000355 -0.000118 -0.001257
 0.000000 1.130973 0.000212 -0.001934 -0.000544
 0.125664 1.130973 0.000041 -0.000504 -0.000289
 0.251327 1.130973 0.000043 0.000330 -0.000787
 0.376991 1.130973 0.000129 0.001106 -0.001440
 0.502655 1.130973 0.000238 0.000139 -0.002418
 0.628319 1.130973 0.000206 0.000067 -0.002934
 0.753982 1.130973 0.000320 0.001176 -0.004633
 0.879646 1.130973 0.000304 -0.001565 -0.004201
 1.005310 1.130973 0.000096 -0.001070 -0.001691
 1.130973 1.130973 0.000042 -0.000104 -0.001027
 1.256637 1.130973 0.000023 -0.000200 -0.000552
 1.382301 1.130973 0.000004 -0.000076 -0.000090
 1.507964 1.130973 0.000000 -0.000005 -0.000003
 1.633628 1.130973 0.000000 0.000000 0.000000
 1.759292 1.130973 0.000000 0.000000 0.000000
 1.884956 1.130973 0.000000 0.000000 0.000000
 2.010619 1.130973 0.000000 0.000000 0.000000
 2.136283 1.130973 0.000000 0.000000 0.000000
 2.261947 1.130973 0.000000 0.000000 0.000000
 2.387610 1.130973 0.000000 0.000000 0.000000
 2.513274 1.130973 0.000000 0.000000 0.000000
 2.638938 1.130973 0.000000 0.000007 0.000000
 2.764602 1.130973 0.000014 0.000389 0.000017
 2.890265 1.130973 0.000240 0.004158 0.000196
 3.015929 1.130973 0.001281 0.013541 0.000251

 -3.141593 1.256637 0.003648 0.038226 -0.011478
 -3.015929 1.256637 0.012360 0.108081 -0.020072
 -2.890265 1.256637 0.031132 0.182468 -0.016763
 -2.764602 1.256637 0.057468 0.243609 -0.000871
 -2.638938 1.256637 0.089595 0.230957 0.059917
 -2.513274 1.256637 0.108808 0.075703 0.101479
 -2.387610 1.256637 0.111585 -0.020961 0.088790
 -2.261947 1.256637 0.105642 -0.065181 0.062824
 -2.136283 1.256637 0.096624 -0.072491 0.028390
 -2.010619 1.256637 0.089577 -0.028258 -0.005793
 -1.884956 1.256637 0.090551 0.045509 0.002981
 -1.759292 1.256637 0.102245 0.145383 -0.009075
 -1.633628 1.256637 0.124142 0.177436 -0.050361
 -1.507964 1.256637 0.141004 0.082422 -0.045545
 -1.382301 1.256637 0.144761 -0.021309 -0.017047
 -1.256637 1.256637 0.136294 -0.107264 -0.049682
 -1.130973 1.256637 0.117948 -0.185277 -0.108224
 -1.005310 1.256637 0.091264 -0.229033 -0.139799
 -0.879646 1.256637 0.060860 -0.249341 -0.130832
 -0.753982 1.256637 0.032433 -0.186319 -0.094734
 -0.628319 1.256637 0.014678 -0.101710 -0.053337
 -0.502655 1.256637 0.005372 -0.049596 -0.020921
 -0.376991 1.256637 0.001326 -0.017681 -0.006354
 -0.251327 1.256637 0.000197 -0.002762 -0.001886
 -0.125664 1.256637 0.000109 0.000089 -0.001663
 0.000000 1.256637 0.000070 -0.000636 -0.001057
 0.125664 1.256637 0.000011 -0.000217 -0.000165
 0.251327 1.256637 0.000003 0.000032 -0.000070
 0.376991 1.256637 0.000017 0.000184 -0.000362
 0.502655 1.256637 0.000033 -0.000011 -0.000710
 0.628319 1.256637 0.000020 -0.000068 -0.000461
 0.753982 1.256637 0.000030 0.000154 -0.000700
 0.879646 1.256637 0.000031 -0.000168 -0.000704
 1.005310 1.256637 0.000007 -0.000126 -0.000166
 1.130973 1.256637 0.000001 -0.000008 -0.000025
 1.256637 1.256637 0.000000 -0.000003 -0.000016
 1.382301 1.256637 0.000000 -0.000002 -0.000003
 1.507964 1.256637 0.000000 -0.000000 -0.000000
 1.633628 1.256637 0.000000 0.000000 0.000000
 1.759292 1.256637 0.000000 0.000000 0.000000
 1.884956 1.256637 0.000000 0.000000 0.000000
 2.010619 1.256637 0.000000 0.000000 0.000000
 2.136283 1.256637 0.000000 0.000000 0.000000
 2.261947 1.256637 0.000000 0.000000 0.000000
 2.387610 1.256637 0.000000 0.000000 0.000000
 2.513274 1.256637 0.000000 0.000000 0.000000
 2.638938 1.256637 0.000000 0.000005 -0.000001
 2.764602 1.256637 0.000010 0.000274 -0.000064
 2.890265 1.256637 0.000170 0.002974 -0.001036
 3.015929 1.256637 0.000947 0.010542 -0.004475

 -3.141593 1.382301 0.002355 0.029956 -0.008565
 -3.015929 1.382301 0.009779 0.095225 -0.023039
 -2.890265 1.382301 0.026516 0.165799 -0.054901
 -2.764602 1.382301 0.051984 0.251527 -0.078534
 -2.638938 1.382301 0.087687 0.275892 -0.091065
 -2.513274 1.382301 0.111547 0.093477 -0.069925
 -2.387610 1.382301 0.113593 -0.046836 -0.065162
 -2.261947 1.382301 0.103238 -0.105357 -0.106744
 -2.136283 1.382301 0.088765 -0.116778 -0.152650
 -2.010619 1.382301 0.077912 -0.038206 -0.173602
 -1.884956 1.382301 0.079024 0.045447 -0.187056
 -1.759292 1.382301 0.088696 0.111547 -0.214437
 -1.633628 1.382301 0.104583 0.127033 -0.273734
 -1.507964 1.382301 0.118430 0.083076 -0.329219
 -1.382301 1.382301 0.121621 -0.037717 -0.361472
 -1.256637 1.382301 0.110522 -0.131101 -0.355477
 -1.130973 1.382301 0.089493 -0.195341 -0.330355
 -1.005310 1.382301 0.064285 -0.199998 -0.278121
 -0.879646 1.382301 0.038977 -0.195058 -0.201006
 -0.753982 1.382301 0.018391 -0.124895 -0.113715
 -0.628319 1.382301 0.007149 -0.058386 -0.056079
 -0.502655 1.382301 0.002342 -0.022937 -0.022393
 -0.376991 1.382301 0.000512 -0.007695 -0.005558
 -0.251327 1.382301 0.000047 -0.001035 -0.000644
 -0.125664 1.382301 0.000008 -0.000011 -0.000209
 0.000000 1.382301 0.000005 -0.000044 -0.000134
 0.125664 1.382301 0.000001 -0.000015 -0.000020
 0.251327 1.382301 0.000000 0.000000 -0.000002
 0.376991 1.382301 0.000000 0.000006 -0.000017
 0.502655 1.382301 0.000001 -0.000001 -0.000034
 0.628319 1.382301 0.000001 -0.000003 -0.000018
 0.753982 1.382301 0.000001 0.000004 -0.000025
 0.879646 1.382301 0.000001 -0.000004 -0.000028
 1.005310 1.382301 0.000000 -0.000003 -0.000007
 1.130973 1.382301 0.000000 -0.000000 -0.000000
 1.256637 1.382301 0.000000 0.000000 0.000000
 1.382301 1.382301 0.000000 0.000000 0.000000
 1.507964 1.382301 0.000000 0.000000 0.000000
 1.633628 1.382301 0.000000 0.000000 0.000000
 1.759292 1.382301 0.000000 0.000000 0.000000
 1.884956 1.382301 0.000000 0.000000 0.000000
 2.010619 1.382301 0.000000 0.000000 0.000000
 2.136283 1.382301 0.000000 0.000000 0.000000
 2.261947 1.382301 0.000000 0.000000 0.000000
 2.387610 1.382301 0.000000 0.000000 0.000000
 2.513274 1.382301 0.000000 0.000000 0.000000
 2.638938 1.382301 0.000000 0.000001 -0.000000
 2.764602 1.382301 0.000002 0.000073 -0.000037
 2.890265 1.382301 0.000052 0.001023 -0.000654
 3.015929 1.382301 0.000421 0.006164 -0.003214

 -3.141593 1.507964 0.001406 0.019773 -0.006343
 -3.015929 1.507964 0.006279 0.062944 -0.028774
 -2.890265 1.507964 0.018232 0.128505 -0.069372
 -2.764602 1.507964 0.038640 0.197600 -0.131878
 -2.638938 1.507964 0.066244 0.218699 -0.245656
 -2.513274 1.507964 0.086754 0.094481 -0.324344
 -2.387610 1.507964 0.089805 -0.045291 -0.321913
 -2.261947 1.507964 0.076982 -0.140152 -0.301287
 -2.136283 1.507964 0.059574 -0.122400 -0.288883
 -2.010619 1.507964 0.048532 -0.045568 -0.271363
 -1.884956 1.507964 0.047710 0.022802 -0.279887
 -1.759292 1.507964 0.052272 0.048472 -0.323472
 -1.633628 1.507964 0.058774 0.048685 -0.399852
 -1.507964 1.507964 0.063623 0.024729 -0.471305
 -1.382301 1.507964 0.063524 -0.026318 -0.482635
 -1.256637 1.507964 0.057279 -0.076302 -0.424983
 -1.130973 1.507964 0.044370 -0.119675 -0.338015
 -1.005310 1.507964 0.029461 -0.113548 -0.238569
 -0.879646 1.507964 0.016200 -0.093632 -0.141411
 -0.753982 1.507964 0.006764 -0.055250 -0.065715
 -0.628319 1.507964 0.002011 -0.022146 -0.024885
 -0.502655 1.507964 0.000458 -0.005591 -0.007567
 -0.376991 1.507964 0.000078 -0.001303 -0.001505
 -0.251327 1.507964 0.000005 -0.000139 -0.000114
 -0.125664 1.507964 0.000000 -0.000002 -0.000002
 0.000000 1.507964 0.000000 0.000000 0.000000
 0.125664 1.507964 0.000000 0.000000 0.000000
 0.251327 1.507964 0.000000 0.000000 0.000000
 0.376991 1.507964 0.000000 0.000000 0.000000
 0.502655 1.507964 0.000000 0.000000 0.000000
 0.628319 1.507964 0.000000 0.000000 0.000000
 0.753982 1.507964 0.000000 0.000000 0.000000
 0.879646 1.507964 0.000000 0.000000 0.000000
 1.005310 1.507964 0.000000 0.000000 0.000000
 1.130973 1.507964 0.000000 0.000000 0.000000
 1.256637 1.507964 0.000000 0.000000 0.000000
 1.382301 1.507964 0.000000 0.000000 0.000000
 1.507964 1.507964 0.000000 0.000000 0.000000
 1.633628 1.507964 0.000000 0.000000 0.000000
 1.759292 1.507964 0.000000 0.000000 0.000000
 1.884956 1.507964 0.000000 0.000000 0.000000
 2.010619 1.507964 0.000000 0.000000 0.000000
 2.136283 1.507964 0.000000 0.000000 0.000000
 2.261947 1.507964 0.000000 0.000000 0.000000
 2.387610 1.507964 0.000000 0.000000 0.000000
 2.513274 1.507964 0.000000 0.000000 0.000000
 2.638938 1.507964 0.000000 0.000000 -0.000000
 2.764602 1.507964 0.000000 0.000008 -0.000005
 2.890265 1.507964 0.000010 0.000251 -0.000113
 3.015929 1.507964 0.000171 0.003367 -0.000976

 -3.141593 1.633628 0.000749 0.009885 -0.004701
 -3.015929 1.633628 0.003239 0.033789 -0.020359
 -2.890265 1.633628 0.009963 0.072456 -0.062436
 -2.764602 1.633628 0.020514 0.091882 -0.142496
 -2.638938 1.633628 0.032331 0.089596 -0.252923
 -2.513274 1.633628 0.040581 0.037802 -0.343368
 -2.387610 1.633628 0.042474 -0.009548 -0.358972
 -2.261947 1.633628 0.036534 -0.082750 -0.295267
 -2.136283 1.633628 0.025251 -0.081493 -0.224925
 -2.010619 1.633628 0.017928 -0.031297 -0.186304
 -1.884956 1.633628 0.016970 0.008111 -0.183000
 -1.759292 1.633628 0.018021 0.006856 -0.194598
 -1.633628 1.633628 0.018620 0.000781 -0.211101
 -1.507964 1.633628 0.017986 -0.007540 -0.225023
 -1.382301 1.633628 0.017672 0.002043 -0.222396
 -1.256637 1.633628 0.016897 -0.020458 -0.200245
 -1.130973 1.633628 0.012924 -0.036704 -0.154577
 -1.005310 1.633628 0.008391 -0.034655 -0.100331
 -0.879646 1.633628 0.004403 -0.027999 -0.053375
 -0.753982 1.633628 0.001567 -0.016154 -0.021491
 -0.628319 1.633628 0.000312 -0.004783 -0.005366
 -0.502655 1.633628 0.000036 -0.000639 -0.000837
 -0.376991 1.633628 0.000004 -0.000067 -0.000103
 -0.251327 1.633628 0.000000 -0.000005 -0.000006
 -0.125664 1.633628 0.000000 -0.000000 -0.000000
 0.000000 1.633628 0.000000 0.000000 0.000000
 0.125664 1.633628 0.000000 0.000000 0.000000
 0.251327 1.633628 0.000000 0.000000 0.000000
 0.376991 1.633628 0.000000 0.000000 0.000000
 0.502655 1.633628 0.000000 0.000000 0.000000
 0.628319 1.633628 0.000000 0.000000 0.000000
 0.753982 1.633628 0.000000 0.000000 0.000000
 0.879646 1.633628 0.000000 0.000000 0.000000
 1.005310 1.633628 0.000000 0.000000 0.000000
 1.130973 1.633628 0.000000 0.000000 0.000000
 1.256637 1.633628 0.000000 0.000000 0.000000
 1.382301 1.633628 0.000000 0.000000 0.000000
 1.507964 1.633628 0.000000 0.000000 0.000000
 1.633628 1.633628 0.000000 0.000000 0.000000
 1.759292 1.633628 0.000000 0.000000 0.000000
 1.884956 1.633628 0.000000 0.000000 0.000000
 2.010619 1.633628 0.000000 0.000000 0.000000
 2.136283 1.633628 0.000000 0.000000 0.000000
 2.261947 1.633628 0.000000 0.000000 0.000000
 2.387610 1.633628 0.000000 0.000000 0.000000
 2.513274 1.633628 0.000000 0.000000 0.000000
 2.638938 1.633628 0.000000 0.000000 0.000000
 2.764602 1.633628 0.000000 0.000002 -0.000000
 2.890265 1.633628 0.000004 0.000121 -0.000019
 3.015929 1.633628 0.000096 0.001953 -0.000505

 -3.141593 1.759292 0.000218 0.002961 -0.003075
 -3.015929 1.759292 0.001044 0.011600 -0.013035
 -2.890265 1.759292 0.003228 0.022226 -0.039136
 -2.764602 1.759292 0.006329 0.025638 -0.075557
 -2.638938 1.759292 0.009113 0.016329 -0.113210
 -2.513274 1.759292 0.010264 0.004198 -0.137608
 -2.387610 1.759292 0.010829 0.003320 -0.142216
 -2.261947 1.759292 0.009706 -0.023866 -0.127492
 -2.136283 1.759292 0.005986 -0.028338 -0.085505
 -2.010619 1.759292 0.003427 -0.011204 -0.054981
 -1.884956 1.759292 0.003092 0.003445 -0.049822
 -1.759292 1.759292 0.003574 0.002731 -0.051704
 -1.633628 1.759292 0.003552 -0.003610 -0.052303
 -1.507964 1.759292 0.002854 -0.005079 -0.047462
 -1.382301 1.759292 0.002786 0.003457 -0.046585
 -1.256637 1.759292 0.002959 -0.003172 -0.047122
 -1.130973 1.759292 0.002154 -0.007486 -0.035822
 -1.005310 1.759292 0.001325 -0.005702 -0.023457
 -0.879646 1.759292 0.000668 -0.004811 -0.012214
 -0.753982 1.759292 0.000189 -0.002471 -0.003800
 -0.628319 1.759292 0.000024 -0.000472 -0.000554
 -0.502655 1.759292 0.000001 -0.000031 -0.000031
 -0.376991 1.759292 0.000000 -0.000000 -0.000000
 -0.251327 1.759292 0.000000 0.000000 0.000000
 -0.125664 1.759292 0.000000 0.000000 0.000000
 0.000000 1.759292 0.000000 0.000000 0.000000
 0.125664 1.759292 0.000000 0.000000 0.000000
 0.251327 1.759292 0.000000 0.000000 0.000000
 0.376991 1.759292 0.000000 0.000000 0.000000
 0.502655 1.759292 0.000000 0.000000 0.000000
 0.628319 1.759292 0.000000 0.000000 0.000000
 0.753982 1.759292 0.000000 0.000000 0.000000
 0.879646 1.759292 0.000000 0.000000 0.000000
 1.005310 1.759292 0.000000 0.000000 0.000000
 1.130973 1.759292 0.000000 0.000000 0.000000
 1.256637 1.759292 0.000000 0.000000 0.000000
 1.382301 1.759292 0.000000 0.000000 0.000000
 1.507964 1.759292 0.000000 0.000000 0.000000
 1.633628 1.759292 0.000000 0.000000 0.000000
 1.759292 1.759292 0.000000 0.000000 0.000000
 1.884956 1.759292 0.000000 0.000000 0.000000
 2.010619 1.759292 0.000000 0.000000 0.000000
 2.136283 1.759292 0.000000 0.000000 0.000000
 2.261947 1.759292 0.000000 0.000000 0.000000
 2.387610 1.759292 0.000000 0.000000 0.000000
 2.513274 1.759292 0.000000 0.000000 0.000000
 2.638938 1.759292 0.000000 0.000000 0.000000
 2.764602 1.759292 0.000000 0.000000 -0.000000
 2.890265 1.759292 0.000001 0.000037 -0.000018
 3.015929 1.759292 0.000029 0.000570 -0.000424

 -3.141593 1.884956 0.000020 0.000313 -0.000475
 -3.015929 1.884956 0.000123 0.001542 -0.002662
 -2.890265 1.884956 0.000432 0.003378 -0.008635
 -2.764602 1.884956 0.000942 0.004272 -0.017562
 -2.638938 1.884956 0.001304 0.000976 -0.024474
 -2.513274 1.884956 0.001342 0.000912 -0.025372
 -2.387610 1.884956 0.001558 0.001013 -0.027582
 -2.261947 1.884956 0.001277 -0.005115 -0.024380
 -2.136283 1.884956 0.000625 -0.004156 -0.013524
 -2.010619 1.884956 0.000287 -0.001290 -0.006649
 -1.884956 1.884956 0.000297 0.001264 -0.006120
 -1.759292 1.884956 0.000481 0.001034 -0.008394
 -1.633628 1.884956 0.000443 -0.001535 -0.008061
 -1.507964 1.884956 0.000245 -0.001047 -0.005385
 -1.382301 1.884956 0.000226 0.000535 -0.005205
 -1.256637 1.884956 0.000263 -0.000296 -0.005909
 -1.130973 1.884956 0.000171 -0.000880 -0.003994
 -1.005310 1.884956 0.000084 -0.000483 -0.002155
 -0.879646 1.884956 0.000037 -0.000309 -0.001005
 -0.753982 1.884956 0.000008 -0.000129 -0.000229
 -0.628319 1.884956 0.000001 -0.000015 -0.000018
 -0.502655 1.884956 0.000000 -0.000000 -0.000000
 -0.376991 1.884956 0.000000 0.000000 0.000000
 -0.251327 1.884956 0.000000 0.000000 0.000000
 -0.125664 1.884956 0.000000 0.000000 0.000000
 0.000000 1.884956 0.000000 0.000000 0.000000
 0.125664 1.884956 0.000000 0.000000 0.000000
 0.251327 1.884956 0.000000 0.000000 0.000000
 0.376991 1.884956 0.000000 0.000000 0.000000
 0.502655 1.884956 0.000000 0.000000 0.000000
 0.628319 1.884956 0.000000 0.000000 0.000000
 0.753982 1.884956 0.000000 0.000000 0.000000
 0.879646 1.884956 0.000000 0.000000 0.000000
 1.005310 1.884956 0.000000 0.000000 0.000000
 1.130973 1.884956 0.000000 0.000000 0.000000
 1.256637 1.884956 0.000000 0.000000 0.000000
 1.382301 1.884956 0.000000 0.000000 0.000000
 1.507964 1.884956 0.000000 0.000000 0.000000
 1.633628 1.884956 0.000000 0.000000 0.000000
 1.759292 1.884956 0.000000 0.000000 0.000000
 1.884956 1.884956 0.000000 0.000000 0.000000
 2.010619 1.884956 0.000000 0.000000 0.000000
 2.136283 1.884956 0.000000 0.000000 0.000000
 2.261947 1.884956 0.000000 0.000000 0.000000
 2.387610 1.884956 0.000000 0.000000 0.000000
 2.513274 1.884956 0.000000 0.000000 0.000000
 2.638938 1.884956 0.000000 0.000000 0.000000
 2.764602 1.884956 0.000000 0.000000 -0.000000
 2.890265 1.884956 0.000000 0.000003 -0.000002
 3.015929 1.884956 0.000002 0.000044 -0.000057

 -3.141593 2.010619 0.000000 0.000008 -0.000010
 -3.015929 2.010619 0.000004 0.000058 -0.000114
 -2.890265 2.010619 0.000018 0.000184 -0.000517
 -2.764602 2.010619 0.000048 0.000259 -0.001336
 -2.638938 2.010619 0.000069 0.000037 -0.001879
 -2.513274 2.010619 0.000077 0.000207 -0.001996
 -2.387610 2.010619 0.000106 0.000052 -0.002634
 -2.261947 2.010619 0.000070 -0.000491 -0.001842
 -2.136283 2.010619 0.000022 -0.000225 -0.000648
 -2.010619 2.010619 0.000008 -0.000031 -0.000234
 -1.884956 2.010619 0.000013 0.000128 -0.000358
 -1.759292 2.010619 0.000033 0.000113 -0.000816
 -1.633628 2.010619 0.000028 -0.000168 -0.000706
 -1.507964 2.010619 0.000009 -0.000090 -0.000244
 -1.382301 2.010619 0.000006 0.000020 -0.000184
 -1.256637 2.010619 0.000007 -0.000010 -0.000234
 -1.130973 2.010619 0.000004 -0.000032 -0.000133
 -1.005310 2.010619 0.000001 -0.000013 -0.000043
 -0.879646 2.010619 0.000000 -0.000004 -0.000014
 -0.753982 2.010619 0.000000 -0.000001 -0.000002
 -0.628319 2.010619 0.000000 -0.000000 -0.000000
 -0.502655 2.010619 0.000000 0.000000 0.000000
 -0.376991 2.010619 0.000000 0.000000 0.000000
 -0.251327 2.010619 0.000000 0.000000 0.000000
 -0.125664 2.010619 0.000000 0.000000 0.000000
 0.000000 2.010619 0.000000 0.000000 0.000000
 0.125664 2.010619 0.000000 0.000000 0.000000
 0.251327 2.010619 0.000000 0.000000 0.000000
 0.376991 2.010619 0.000000 0.000000 0.000000
 0.502655 2.010619 0.000000 0.000000 0.000000
 0.628319 2.010619 0.000000 0.000000 0.000000
 0.753982 2.010619 0.000000 0.000000 0.000000
 0.879646 2.010619 0.000000 0.000000 0.000000
 1.005310 2.010619 0.000000 0.000000 0.000000
 1.130973 2.010619 0.000000 0.000000 0.000000
 1.256637 2.010619 0.000000 0.000000 0.000000
 1.382301 2.010619 0.000000 0.000000 0.000000
 1.507964 2.010619 0.000000 0.000000 0.000000
 1.633628 2.010619 0.000000 0.000000 0.000000
 1.759292 2.010619 0.000000 0.000000 0.000000
 1.884956 2.010619 0.000000 0.000000 0.000000
 2.010619 2.010619 0.000000 0.000000 0.000000
 2.136283 2.010619 0.000000 0.000000 0.000000
 2.261947 2.010619 0.000000 0.000000 0.000000
 2.387610 2.010619 0.000000 0.000000 0.000000
 2.513274 2.010619 0.000000 0.000000 0.000000
 2.638938 2.010619 0.000000 0.000000 0.000000
 2.764602 2.010619 0.000000 0.000000 0.000000
 2.890265 2.010619 0.000000 0.000000 -0.000000
 3.015929 2.010619 0.000000 0.000000 -0.000000

 -3.141593 2.136283 0.000000 0.000000 0.000000
 -3.015929 2.136283 0.000000 0.000000 -0.000000
 -2.890265 2.136283 0.000000 0.000000 -0.000000
 -2.764602 2.136283 0.000000 0.000001 -0.000003
 -2.638938 2.136283 0.000000 0.000004 -0.000015
 -2.513274 2.136283 0.000001 0.000010 -0.000042
 -2.387610 2.136283 0.000002 -0.000000 -0.000074
 -2.261947 2.136283 0.000001 -0.000012 -0.000038
 -2.136283 2.136283 0.000000 -0.000003 -0.000005
 -2.010619 2.136283 0.000000 0.000000 -0.000000
 -1.884956 2.136283 0.000000 0.000002 -0.000004
 -1.759292 2.136283 0.000001 0.000003 -0.000019
 -1.633628 2.136283 0.000001 -0.000003 -0.000019
 -1.507964 2.136283 0.000000 -0.000002 -0.000004
 -1.382301 2.136283 0.000000 -0.000000 -0.000000
 -1.256637 2.136283 0.000000 0.000000 0.000000
 -1.130973 2.136283 0.000000 0.000000 0.000000
 -1.005310 2.136283 0.000000 0.000000 0.000000
 -0.879646 2.136283 0.000000 0.000000 0.000000
 -0.753982 2.136283 0.000000 0.000000 0.000000
 -0.628319 2.136283 0.000000 0.000000 0.000000
 -0.502655 2.136283 0.000000 0.000000 0.000000
 -0.376991 2.136283 0.000000 0.000000 0.000000
 -0.251327 2.136283 0.000000 0.000000 0.000000
 -0.125664 2.136283 0.000000 0.000000 0.000000
 0.000000 2.136283 0.000000 0.000000 0.000000
 0.125664 2.136283 0.000000 0.000000 0.000000
 0.251327 2.136283 0.000000 0.000000 0.000000
 0.376991 2.136283 0.000000 0.000000 0.000000
 0.502655 2.136283 0.000000 0.000000 0.000000
 0.628319 2.136283 0.000000 0.000000 0.000000
 0.753982 2.136283 0.000000 0.000000 0.000000
 0.879646 2.136283 0.000000 0.000000 0.000000
 1.005310 2.136283 0.000000 0.000000 0.000000
 1.130973 2.136283 0.000000 0.000000 0.000000
 1.256637 2.136283 0.000000 0.000000 0.000000
 1.382301 2.136283 0.000000 0.000000 0.000000
 1.507964 2.136283 0.000000 0.000000 0.000000
 1.633628 2.136283 0.000000 0.000000 0.000000
 1.759292 2.136283 0.000000 0.000000 0.000000
 1.884956 2.136283 0.000000 0.000000 0.000000
 2.010619 2.136283 0.000000 0.000000 0.000000
 2.136283 2.136283 0.000000 0.000000 0.000000
 2.261947 2.136283 0.000000 0.000000 0.000000
 2.387610 2.136283 0.000000 0.000000 0.000000
 2.513274 2.136283 0.000000 0.000000 0.000000
 2.638938 2.136283 0.000000 0.000000 0.000000
 2.764602 2.136283 0.000000 0.000000 0.000000
 2.890265 2.136283 0.000000 0.000000 0.000000
 3.015929 2.136283 0.000000 0.000000 0.000000

 -3.141593 2.261947 0.000000 0.000000 0.000000
 -3.015929 2.261947 0.000000 0.000000 0.000000
 -2.890265 2.261947 0.000000 0.000000 0.000000
 -2.764602 2.261947 0.000000 0.000000 0.000000
 -2.638938 2.261947 0.000000 0.000000 0.000000
 -2.513274 2.261947 0.000000 0.000000 0.000000
 -2.387610 2.261947 0.000000 0.000000 0.000000
 -2.261947 2.261947 0.000000 0.000000 0.000000
 -2.136283 2.261947 0.000000 0.000000 0.000000
 -2.010619 2.261947 0.000000 0.000000 0.000000
 -1.884956 2.261947 0.000000 0.000000 0.000000
 -1.759292 2.261947 0.000000 0.000000 0.000000
 -1.633628 2.261947 0.000000 0.000000 0.000000
 -1.507964 2.261947 0.000000 0.000000 0.000000
 -1.382301 2.261947 0.000000 0.000000 0.000000
 -1.256637 2.261947 0.000000 0.000000 0.000000
 -1.130973 2.261947 0.000000 -0.000000 0.000000
 -1.005310 2.261947 0.000000 -0.000000 0.000000
 -0.879646 2.261947 0.000000 -0.000000 0.000000
 -0.753982 2.261947 0.000000 0.000000 0.000000
 -0.628319 2.261947 0.000000 0.000000 0.000000
 -0.502655 2.261947 0.000000 0.000000 0.000000
 -0.376991 2.261947 0.000000 0.000000 0.000000
 -0.251327 2.261947 0.000000 0.000000 0.000000
 -0.125664 2.261947 0.000000 0.000000 0.000000
 0.000000 2.261947 0.000000 0.000000 0.000000
 0.125664 2.261947 0.000000 0.000000 0.000000
 0.251327 2.261947 0.000000 0.000000 0.000000
 0.376991 2.261947 0.000000 0.000000 0.000000
 0.502655 2.261947 0.000000 0.000000 0.000000
 0.628319 2.261947 0.000000 0.000000 0.000000
 0.753982 2.261947 0.000000 0.000000 0.000000
 0.879646 2.261947 0.000000 0.000000 0.000000
 1.005310 2.261947 0.000000 0.000000 0.000000
 1.130973 2.261947 0.000000 0.000000 0.000000
 1.256637 2.261947 0.000000 0.000000 0.000000
 1.382301 2.261947 0.000000 0.000000 0.000000
 1.507964 2.261947 0.000000 0.000000 0.000000
 1.633628 2.261947 0.000000 0.000000 0.000000
 1.759292 2.261947 0.000000 0.000000 0.000000
 1.884956 2.261947 0.000000 0.000000 0.000000
 2.010619 2.261947 0.000000 0.000000 0.000000
 2.136283 2.261947 0.000000 0.000000 0.000000
 2.261947 2.261947 0.000000 0.000000 0.000000
 2.387610 2.261947 0.000000 0.000000 0.000000
 2.513274 2.261947 0.000000 0.000000 0.000000
 2.638938 2.261947 0.000000 0.000000 0.000000
 2.764602 2.261947 0.000000 0.000000 0.000000
 2.890265 2.261947 0.000000 0.000000 0.000000
 3.015929 2.261947 0.000000 0.000000 0.000000

 -3.141593 2.387610 0.000000 0.000000 0.000000
 -3.015929 2.387610 0.000000 0.000000 0.000000
 -2.890265 2.387610 0.000000 0.000000 0.000000
 -2.764602 2.387610 0.000000 0.000000 0.000000
 -2.638938 2.387610 0.000000 0.000000 0.000000
 -2.513274 2.387610 0.000000 0.000000 0.000001
 -2.387610 2.387610 0.000000 -0.000000 0.000002
 -2.261947 2.387610 0.000000 0.000000 0.000002
 -2.136283 2.387610 0.000000 0.000000 0.000002
 -2.010619 2.387610 0.000000 0.000001 0.000004
 -1.884956 2.387610 0.000000 0.000000 0.000007
 -1.759292 2.387610 0.000000 0.000001 0.000011
 -1.633628 2.387610 0.000000 -0.000001 0.000011
 -1.507964 2.387610 0.000000 0.000000 0.000008
 -1.382301 2.387610 0.000000 0.000000 0.000010
 -1.256637 2.387610 0.000000 0.000001 0.000012
 -1.130973 2.387610 0.000000 0.000000 0.000017
 -1.005310 2.387610 0.000000 -0.000002 0.000011
 -0.879646 2.387610 0.000000 -0.000001 0.000003
 -0.753982 2.387610 0.000000 -0.000000 0.000000
 -0.628319 2.387610 0.000000 -0.000000 0.000000
 -0.502655 2.387610 0.000000 0.000000 0.000000
 -0.376991 2.387610 0.000000 0.000000 0.000000
 -0.251327 2.387610 0.000000 0.000000 0.000000
 -0.125664 2.387610 0.000000 0.000000 0.000000
 0.000000 2.387610 0.000000 0.000000 0.000000
 0.125664 2.387610 0.000000 0.000000 0.000000
 0.251327 2.387610 0.000000 0.000000 0.000000
 0.376991 2.387610 0.000000 0.000000 0.000000
 0.502655 2.387610 0.000000 0.000000 0.000000
 0.628319 2.387610 0.000000 0.000000 0.000000
 0.753982 2.387610 0.000000 0.000000 0.000000
 0.879646 2.387610 0.000000 0.000000 0.000000
 1.005310 2.387610 0.000000 0.000000 0.000000
 1.130973 2.387610 0.000000 0.000000 0.000000
 1.256637 2.387610 0.000000 0.000000 0.000000
 1.382301 2.387610 0.000000 0.000000 0.000000
 1.507964 2.387610 0.000000 0.000000 0.000000
 1.633628 2.387610 0.000000 0.000000 0.000000
 1.759292 2.387610 0.000000 0.000000 0.000000
 1.884956 2.387610 0.000000 0.000000 0.000000
 2.010619 2.387610 0.000000 0.000000 0.000000
 2.136283 2.387610 0.000000 0.000000 0.000000
 2.261947 2.387610 0.000000 0.000000 0.000000
 2.387610 2.387610 0.000000 0.000000 0.000000
 2.513274 2.387610 0.000000 0.000000 0.000000
 2.638938 2.387610 0.000000 0.000000 0.000000
 2.764602 2.387610 0.000000 0.000000 0.000000
 2.890265 2.387610 0.000000 0.000000 0.000000
 3.015929 2.387610 0.000000 0.000000 0.000000

 -3.141593 2.513274 0.000000 0.000000 0.000000
 -3.015929 2.513274 0.000000 0.000000 0.000001
 -2.890265 2.513274 0.000000 0.000001 0.000005
 -2.764602 2.513274 0.000000 0.000005 0.000015
 -2.638938 2.513274 0.000002 0.000025 0.000078
 -2.513274 2.513274 0.000005 0.000017 0.000188
 -2.387610 2.513274 0.000006 -0.000005 0.000195
 -2.261947 2.513274 0.000006 0.000008 0.000206
 -2.136283 2.513274 0.000007 0.000008 0.000225
 -2.010619 2.513274 0.000011 0.000061 0.000350
 -1.884956 2.513274 0.000017 0.000025 0.000522
 -1.759292 2.513274 0.000022 0.000058 0.000653
 -1.633628 2.513274 0.000023 -0.000054 0.000689
 -1.507964 2.513274 0.000018 0.000017 0.000579
 -1.382301 2.513274 0.000022 0.000002 0.000676
 -1.256637 2.513274 0.000022 0.000027 0.000627
 -1.130973 2.513274 0.000027 0.000010 0.000724
 -1.005310 2.513274 0.000019 -0.000116 0.000520
 -0.879646 2.513274 0.000005 -0.000077 0.000148
 -0.753982 2.513274 0.000000 -0.000011 0.000012
 -0.628319 2.513274 0.000000 -0.000000 0.000000
 -0.502655 2.513274 0.000000 -0.000000 0.000000
 -0.376991 2.513274 0.000000 0.000000 0.000000
 -0.251327 2.513274 0.000000 0.000000 0.000000
 -0.125664 2.513274 0.000000 0.000000 0.000000
 0.000000 2.513274 0.000000 0.000000 0.000000
 0.125664 2.513274 0.000000 0.000000 0.000000
 0.251327 2.513274 0.000000 0.000000 0.000000
 0.376991 2.513274 0.000000 0.000000 0.000000
 0.502655 2.513274 0.000000 0.000000 0.000000
 0.628319 2.513274 0.000000 0.000000 0.000000
 0.753982 2.513274 0.000000 0.000000 0.000000
 0.879646 2.513274 0.000000 0.000000 0.000000
 1.005310 2.513274 0.000000 0.000000 0.000000
 1.130973 2.513274 0.000000 0.000000 0.000000
 1.256637 2.513274 0.000000 0.000000 0.000000
 1.382301 2.513274 0.000000 0.000000 0.000000
 1.507964 2.513274 0.000000 0.000000 0.000000
 1.633628 2.513274 0.000000 0.000000 0.000000
 1.759292 2.513274 0.000000 0.000000 0.000000
 1.884956 2.513274 0.000000 0.000000 0.000000
 2.010619 2.513274 0.000000 0.000000 0.000000
 2.136283 2.513274 0.000000 0.000000 0.000000
 2.261947 2.513274 0.000000 0.000000 0.000000
 2.387610 2.513274 0.000000 0.000000 0.000000
 2.513274 2.513274 0.000000 0.000000 0.000000
 2.638938 2.513274 0.000000 0.000000 0.000000
 2.764602 2.513274 0.000000 0.000000 0.000000
 2.890265 2.513274 0.000000 0.000000 0.000000
 3.015929 2.513274 0.000000 0.000000 0.000000

 -3.141593 2.638938 0.000000 0.000005 0.000007
 -3.015929 2.638938 0.000003 0.000047 0.000093
 -2.890265 2.638938 0.000012 0.000081 0.000364
 -2.764602 2.638938 0.000029 0.000282 0.000866
 -2.638938 2.638938 0.000108 0.000980 0.002852
 -2.513274 2.638938 0.000223 0.000549 0.005540
 -2.387610 2.638938 0.000233 -0.000125 0.005817
 -2.261947 2.638938 0.000246 0.000285 0.006121
 -2.136283 2.638938 0.000267 0.000098 0.006632
 -2.010619 2.638938 0.000338 0.001103 0.007792
 -1.884956 2.638938 0.000461 0.000622 0.010223
 -1.759292 2.638938 0.000554 0.000976 0.012268
 -1.633628 2.638938 0.000598 -0.000447 0.013529
 -1.507964 2.638938 0.000585 0.000620 0.014005
 -1.382301 2.638938 0.000629 -0.000485 0.014491
 -1.256637 2.638938 0.000516 -0.000742 0.011348
 -1.130973 2.638938 0.000466 -0.000439 0.008928
 -1.005310 2.638938 0.000318 -0.001876 0.005694
 -0.879646 2.638938 0.000092 -0.001304 0.001657
 -0.753982 2.638938 0.000009 -0.000196 0.000183
 -0.628319 2.638938 0.000000 -0.000009 0.000010
 -0.502655 2.638938 0.000000 -0.000000 0.000000
 -0.376991 2.638938 0.000000 -0.000000 0.000000
 -0.251327 2.638938 0.000000 0.000000 0.000000
 -0.125664 2.638938 0.000000 0.000000 0.000000
 0.000000 2.638938 0.000000 0.000000 0.000000
 0.125664 2.638938 0.000000 0.000000 0.000000
 0.251327 2.638938 0.000000 0.000000 0.000000
 0.376991 2.638938 0.000000 0.000000 0.000000
 0.502655 2.638938 0.000000 0.000000 0.000000
 0.628319 2.638938 0.000000 0.000000 0.000000
 0.753982 2.638938 0.000000 0.000000 0.000000
 0.879646 2.638938 0.000000 0.000000 0.000000
 1.005310 2.638938 0.000000 0.000000 0.000000
 1.130973 2.638938 0.000000 0.000000 0.000000
 1.256637 2.638938 0.000000 0.000000 0.000000
 1.382301 2.638938 0.000000 0.000000 0.000000
 1.507964 2.638938 0.000000 0.000000 0.000000
 1.633628 2.638938 0.000000 0.000000 0.000000
 1.759292 2.638938 0.000000 0.000000 0.000000
 1.884956 2.638938 0.000000 0.000000 0.000000
 2.010619 2.638938 0.000000 0.000000 0.000000
 2.136283 2.638938 0.000000 0.000000 0.000000
 2.261947 2.638938 0.000000 0.000000 0.000000
 2.387610 2.638938 0.000000 0.000000 0.000000
 2.513274 2.638938 0.000000 0.000000 0.000000
 2.638938 2.638938 0.000000 0.000000 0.000000
 2.764602 2.638938 0.000000 0.000000 0.000000
 2.890265 2.638938 0.000000 0.000000 0.000000
 3.015929 2.638938 0.000000 0.000000 0.000000

 -3.141593 2.764602 0.000008 0.000178 0.000195
 -3.015929 2.764602 0.000085 0.001248 0.001887
 -2.890265 2.764602 0.000315 0.002155 0.006731
 -2.764602 2.764602 0.000691 0.004948 0.014287
 -2.638938 2.764602 0.001775 0.011619 0.032400
 -2.513274 2.764602 0.003004 0.005552 0.050461
 -2.387610 2.764602 0.003195 -0.000456 0.054138
 -2.261947 2.764602 0.003309 0.002524 0.055318
 -2.136283 2.764602 0.003566 0.000988 0.059126
 -2.010619 2.764602 0.003919 0.006281 0.063241
 -1.884956 2.764602 0.004977 0.009318 0.079351
 -1.759292 2.764602 0.006300 0.011550 0.104734
 -1.633628 2.764602 0.007419 0.005460 0.128709
 -1.507964 2.764602 0.008032 0.004389 0.142045
 -1.382301 2.764602 0.007769 -0.010386 0.132274
 -1.256637 2.764602 0.005893 -0.016575 0.098518
 -1.130973 2.764602 0.003902 -0.014994 0.058403
 -1.005310 2.764602 0.002056 -0.014080 0.026246
 -0.879646 2.764602 0.000641 -0.007446 0.009127
 -0.753982 2.764602 0.000114 -0.001806 0.002261
 -0.628319 2.764602 0.000010 -0.000230 0.000248
 -0.502655 2.764602 0.000000 -0.000009 0.000010
 -0.376991 2.764602 0.000000 -0.000000 0.000000
 -0.251327 2.764602 0.000000 0.000000 0.000000
 -0.125664 2.764602 0.000000 0.000000 0.000000
 0.000000 2.764602 0.000000 0.000000 0.000000
 0.125664 2.764602 0.000000 0.000000 0.000000
 0.251327 2.764602 0.000000 0.000000 0.000000
 0.376991 2.764602 0.000000 0.000000 0.000000
 0.502655 2.764602 0.000000 0.000000 0.000000
 0.628319 2.764602 0.000000 0.000000 0.000000
 0.753982 2.764602 0.000000 0.000000 0.000000
 0.879646 2.764602 0.000000 0.000000 0.000000
 1.005310 2.764602 0.000000 0.000000 0.000000
 1.130973 2.764602 0.000000 0.000000 0.000000
 1.256637 2.764602 0.000000 0.000000 0.000000
 1.382301 2.764602 0.000000 0.000000 0.000000
 1.507964 2.764602 0.000000 0.000000 0.000000
 1.633628 2.764602 0.000000 0.000000 0.000000
 1.759292 2.764602 0.000000 0.000000 0.000000
 1.884956 2.764602 0.000000 0.000000 0.000000
 2.010619 2.764602 0.000000 0.000000 0.000000
 2.136283 2.764602 0.000000 0.000000 0.000000
 2.261947 2.764602 0.000000 0.000000 0.000000
 2.387610 2.764602 0.000000 0.000000 0.000000
 2.513274 2.764602 0.000000 0.000000 0.000000
 2.638938 2.764602 0.000000 0.000000 0.000000
 2.764602 2.764602 0.000000 0.000000 0.000000
 2.890265 2.764602 0.000000 0.000000 0.000000
 3.015929 2.764602 0.000000 0.000008 0.000009

 -3.141593 2.890265 0.000123 0.002229 0.002291
 -3.015929 2.890265 0.000835 0.010236 0.011990
 -2.890265 2.890265 0.002658 0.017417 0.033994
 -2.764602 2.890265 0.005430 0.030882 0.067009
 -2.638938 2.890265 0.010848 0.049966 0.115753
 -2.513274 2.890265 0.015746 0.023000 0.152076
 -2.387610 2.890265 0.017044 0.001674 0.166739
 -2.261947 2.890265 0.017166 0.003930 0.165045
 -2.136283 2.890265 0.017944 0.006770 0.167148
 -2.010619 2.890265 0.019806 0.029497 0.191796
 -1.884956 2.890265 0.025827 0.064964 0.264487
 -1.759292 2.890265 0.035295 0.079868 0.377864
 -1.633628 2.890265 0.044096 0.054894 0.480168
 -1.507964 2.890265 0.048321 0.007480 0.523601
 -1.382301 2.890265 0.044441 -0.068028 0.474136
 -1.256637 2.890265 0.033131 -0.104723 0.353881
 -1.130973 2.890265 0.019520 -0.103089 0.202920
 -1.005310 2.890265 0.009005 -0.061691 0.094470
 -0.879646 2.890265 0.003532 -0.028979 0.042368
 -0.753982 2.890265 0.000973 -0.012629 0.013122
 -0.628319 2.890265 0.000124 -0.002375 0.001946
 -0.502655 2.890265 0.000009 -0.000180 0.000191
 -0.376991 2.890265 0.000000 -0.000011 0.000010
 -0.251327 2.890265 0.000000 -0.000000 0.000000
 -0.125664 2.890265 0.000000 -0.000000 0.000000
 0.000000 2.890265 0.000000 0.000000 0.000000
 0.125664 2.890265 0.000000 0.000000 0.000000
 0.251327 2.890265 0.000000 0.000000 0.000000
 0.376991 2.890265 0.000000 0.000000 0.000000
 0.502655 2.890265 0.000000 0.000000 0.000000
 0.628319 2.890265 0.000000 0.000000 0.000000
 0.753982 2.890265 0.000000 0.000000 0.000000
 0.879646 2.890265 0.000000 0.000000 0.000000
 1.005310 2.890265 0.000000 0.000000 0.000000
 1.130973 2.890265 0.000000 0.000000 0.000000
 1.256637 2.890265 0.000000 0.000000 0.000000
 1.382301 2.890265 0.000000 0.000000 0.000000
 1.507964 2.890265 0.000000 0.000000 0.000000
 1.633628 2.890265 0.000000 0.000000 0.000000
 1.759292 2.890265 0.000000 0.000000 0.000000
 1.884956 2.890265 0.000000 0.000000 0.000000
 2.010619 2.890265 0.000000 0.000000 0.000000
 2.136283 2.890265 0.000000 0.000000 0.000000
 2.261947 2.890265 0.000000 0.000000 0.000000
 2.387610 2.890265 0.000000 0.000000 0.000000
 2.513274 2.890265 0.000000 0.000000 0.000000
 2.638938 2.890265 0.000000 0.000000 0.000000
 2.764602 2.890265 0.000000 0.000000 0.000002
 2.890265 2.890265 0.000000 0.000007 0.000009
 3.015929 2.890265 0.000008 0.000209 0.000193

 -3.141593 3.015929 0.000801 0.011144 0.008977
 -3.015929 3.015929 0.003257 0.029042 0.024318
 -2.890265 3.015929 0.008320 0.051804 0.047436
 -2.764602 3.015929 0.016420 0.078670 0.092431
 -2.638938 3.015929 0.027444 0.086381 0.122840
 -2.513274 3.015929 0.035709 0.044143 0.133223
 -2.387610 3.015929 0.038878 0.006202 0.140923
 -2.261947 3.015929 0.038703 0.000218 0.138360
 -2.136283 3.015929 0.039611 0.018352 0.145014
 -2.010619 3.015929 0.046512 0.102527 0.196430
 -1.884956 3.015929 0.065554 0.197580 0.308280
 -1.759292 3.015929 0.093395 0.224387 0.459598
 -1.633628 3.015929 0.116758 0.135547 0.565660
 -1.507964 3.015929 0.125875 0.002028 0.585003
 -1.382301 3.015929 0.115570 -0.162065 0.545830
 -1.256637 3.015929 0.087380 -0.275397 0.426178
 -1.130973 3.015929 0.051350 -0.266502 0.256701
 -1.005310 3.015929 0.024971 -0.153338 0.134552
 -0.879646 3.015929 0.010686 -0.081380 0.057815
 -0.753982 3.015929 0.003261 -0.037890 0.019882
 -0.628319 3.015929 0.000588 -0.008712 0.005557
 -0.502655 3.015929 0.000076 -0.001373 0.000957
 -0.376991 3.015929 0.000005 -0.000117 0.000066
 -0.251327 3.015929 0.000000 -0.000002 0.000006
 -0.125664 3.015929 0.000000 -0.000000 0.000003
 0.000000 3.015929 0.000000 -0.000000 0.000003
 0.125664 3.015929 0.000000 -0.000000 0.000001
 0.251327 3.015929 0.000000 -0.000000 0.000000
 0.376991 3.015929 0.000000 0.000000 0.000000
 0.502655 3.015929 0.000000 0.000000 0.000001
 0.628319 3.015929 0.000000 0.000000 0.000002
 0.753982 3.015929 0.000000 -0.000000 0.000001
 0.879646 3.015929 0.000000 -0.000000 0.000000
 1.005310 3.015929 0.000000 -0.000000 0.000000
 1.130973 3.015929 0.000000 0.000000 0.000000
 1.256637 3.015929 0.000000 0.000000 0.000000
 1.382301 3.015929 0.000000 0.000000 0.000000
 1.507964 3.015929 0.000000 0.000000 0.000000
 1.633628 3.015929 0.000000 0.000000 0.000000
 1.759292 3.015929 0.000000 0.000000 0.000000
 1.884956 3.015929 0.000000 0.000000 0.000000
 2.010619 3.015929 0.000000 0.000000 0.000000
 2.136283 3.015929 0.000000 0.000000 0.000000
 2.261947 3.015929 0.000000 0.000000 0.000000
 2.387610 3.015929 0.000000 0.000000 0.000000
 2.513274 3.015929 0.000000 0.000001 0.000001
 2.638938 3.015929 0.000001 0.000015 0.000023
 2.764602 3.015929 0.000004 0.000039 0.000129
 2.890265 3.015929 0.000012 0.000126 0.000320
 3.015929 3.015929 0.000095 0.001837 0.001552
