#! FIELDS psi2 psi3 hhpsi2psi3
#! SET min_psi2 -pi
#! SET max_psi2 pi
#! SET min_psi3 -pi
#! SET max_psi3 pi
     -3.141592653589793     -3.141592653589793    0.02417614433675983
     -3.141592653589793     -3.015928947446201    0.02159447440608208
     -3.141592653589793      -2.89026524130261    0.01779368007478265
     -3.141592653589793     -2.764601535159018     0.0191881755024515
     -3.141592653589793     -2.638937829015426    0.02566283730009081
     -3.141592653589793     -2.513274122871834    0.02888584958970918
     -3.141592653589793     -2.387610416728243     0.0254375053823547
     -3.141592653589793     -2.261946710584651    0.02337497960264993
     -3.141592653589793     -2.136283004441059    0.02858971423568978
     -3.141592653589793     -2.010619298297468    0.03489153246253571
     -3.141592653589793     -1.884955592153876    0.03554574279153646
     -3.141592653589793     -1.759291886010284    0.03267814025356096
     -3.141592653589793     -1.633628179866693     0.0303985946629911
     -3.141592653589793     -1.507964473723101    0.02958388633797594
     -3.141592653589793     -1.382300767579509    0.03087933980164391
     -3.141592653589793     -1.256637061435917    0.03487789067655847
     -3.141592653589793     -1.130973355292325    0.03896465152993776
     -3.141592653589793     -1.005309649148733    0.03840986761134736
     -3.141592653589793     -0.879645943005142    0.03156787211676979
     -3.141592653589793    -0.7539822368615505    0.02212207049768631
     -3.141592653589793    -0.6283185307179586    0.01487729912214732
     -3.141592653589793    -0.5026548245743667    0.01121251021334847
     -3.141592653589793    -0.3769911184307753    0.01018578328798166
     -3.141592653589793    -0.2513274122871838    0.01177613621784604
     -3.141592653589793    -0.1256637061435919    0.01778335310724976
     -3.141592653589793                      0    0.03055987606063977
     -3.141592653589793     0.1256637061435919    0.04895805657157964
     -3.141592653589793     0.2513274122871834    0.06424898607465221
     -3.141592653589793     0.3769911184307753    0.06637225474046551
     -3.141592653589793     0.5026548245743672     0.0585025161382104
     -3.141592653589793     0.6283185307179582    0.05759539711326454
     -3.141592653589793     0.7539822368615501    0.07331704593226061
     -3.141592653589793     0.8796459430051424    0.09199369754700276
     -3.141592653589793      1.005309649148734    0.09453996287862361
     -3.141592653589793      1.130973355292326    0.08768953206127597
     -3.141592653589793      1.256637061435917    0.08987383426991963
     -3.141592653589793      1.382300767579509    0.09116492060965539
     -3.141592653589793      1.507964473723101    0.07311126607145717
     -3.141592653589793      1.633628179866692    0.05232710864100226
     -3.141592653589793      1.759291886010284     0.0507642302944071
     -3.141592653589793      1.884955592153876    0.05505710939289894
     -3.141592653589793      2.010619298297467    0.04901970086582747
     -3.141592653589793       2.13628300444106    0.04137666186278668
     -3.141592653589793      2.261946710584651    0.03815949905509321
     -3.141592653589793      2.387610416728243    0.03332538993113756
     -3.141592653589793      2.513274122871834    0.02911688926664356
     -3.141592653589793      2.638937829015426    0.03038193072789859
     -3.141592653589793      2.764601535159018    0.03105832406636698
     -3.141592653589793      2.890265241302609    0.02722649682811766
     -3.141592653589793      3.015928947446201    0.02446346741733944
     -3.015928947446201     -3.141592653589793    0.02308957467146371
     -3.015928947446201     -3.015928947446201    0.01710154309326949
     -3.015928947446201      -2.89026524130261    0.01152204936447572
     -3.015928947446201     -2.764601535159018    0.01293330834139852
     -3.015928947446201     -2.638937829015426    0.01801361475081677
     -3.015928947446201     -2.513274122871834    0.01898406119534801
     -3.015928947446201     -2.387610416728243    0.01517110904382972
     -3.015928947446201     -2.261946710584651    0.01245180779769157
     -3.015928947446201     -2.136283004441059    0.01380890848247113
     -3.015928947446201     -2.010619298297468    0.01634102055718656
     -3.015928947446201     -1.884955592153876    0.01756180398721968
     -3.015928947446201     -1.759291886010284    0.01754867834065971
     -3.015928947446201     -1.633628179866693    0.01561639648437383
     -3.015928947446201     -1.507964473723101    0.01288333569699167
     -3.015928947446201     -1.382300767579509     0.0142618057216956
     -3.015928947446201     -1.256637061435917    0.02031198443196501
     -3.015928947446201     -1.130973355292325    0.02446552260997975
     -3.015928947446201     -1.005309649148733    0.02307934197618747
     -3.015928947446201     -0.879645943005142     0.0185571394017868
     -3.015928947446201    -0.7539822368615505    0.01274781824543729
     -3.015928947446201    -0.6283185307179586   0.007401172824644807
     -3.015928947446201    -0.5026548245743667   0.006100416342879593
     -3.015928947446201    -0.3769911184307753   0.007962432824043648
     -3.015928947446201    -0.2513274122871838   0.008562322435872433
     -3.015928947446201    -0.1256637061435919    0.01020240165396402
     -3.015928947446201                      0    0.01890262679911001
     -3.015928947446201     0.1256637061435919    0.03226059748093898
     -3.015928947446201     0.2513274122871834    0.04168731730786449
     -3.015928947446201     0.3769911184307753    0.04271334833753072
     -3.015928947446201     0.5026548245743672     0.0377520506821289
     -3.015928947446201     0.6283185307179582    0.03560419752391619
     -3.015928947446201     0.7539822368615501    0.04548223688063711
     -3.015928947446201     0.8796459430051424    0.06194437090181189
     -3.015928947446201      1.005309649148734    0.06910446931818072
     -3.015928947446201      1.130973355292326     0.0687777931139178
     -3.015928947446201      1.256637061435917    0.07505260145319725
     -3.015928947446201      1.382300767579509    0.07882511675276004
     -3.015928947446201      1.507964473723101    0.06363997846734167
     -3.015928947446201      1.633628179866692    0.04504885528062035
     -3.015928947446201      1.759291886010284    0.04317797452075024
     -3.015928947446201      1.884955592153876    0.04602651289501748
     -3.015928947446201      2.010619298297467    0.04040083894644832
     -3.015928947446201       2.13628300444106    0.03516228833639093
     -3.015928947446201      2.261946710584651    0.03343100132399856
     -3.015928947446201      2.387610416728243    0.02811576005409744
     -3.015928947446201      2.513274122871834    0.02419367742095259
     -3.015928947446201      2.638937829015426    0.02797510802923739
     -3.015928947446201      2.764601535159018    0.03114904417853151
     -3.015928947446201      2.890265241302609    0.02829300707265927
     -3.015928947446201      3.015928947446201     0.0253614064799988
      -2.89026524130261     -3.141592653589793     0.0202299169616063
      -2.89026524130261     -3.015928947446201    0.01232082550459588
      -2.89026524130261      -2.89026524130261   0.006058532349434493
      -2.89026524130261     -2.764601535159018   0.007129216322786228
      -2.89026524130261     -2.638937829015426     0.0102633271244204
      -2.89026524130261     -2.513274122871834   0.009375216017144214
      -2.89026524130261     -2.387610416728243   0.006091513766601686
      -2.89026524130261     -2.261946710584651   0.003718316592089379
      -2.89026524130261     -2.136283004441059   0.002457257634970512
      -2.89026524130261     -2.010619298297468   0.002207689142301909
      -2.89026524130261     -1.884955592153876   0.003956074096128116
      -2.89026524130261     -1.759291886010284   0.006285740822472747
      -2.89026524130261     -1.633628179866693   0.005274485620555882
      -2.89026524130261     -1.507964473723101   0.002010950698550204
      -2.89026524130261     -1.382300767579509    0.00338340925058606
      -2.89026524130261     -1.256637061435917    0.00979820164947276
      -2.89026524130261     -1.130973355292325    0.01338203218832215
      -2.89026524130261     -1.005309649148733    0.01223279760310544
      -2.89026524130261     -0.879645943005142    0.01114278168628463
      -2.89026524130261    -0.7539822368615505   0.009998731416353143
      -2.89026524130261    -0.6283185307179586   0.007804494535868528
      -2.89026524130261    -0.5026548245743667   0.009125033157517613
      -2.89026524130261    -0.3769911184307753    0.01345837644579074
      -2.89026524130261    -0.2513274122871838    0.01360573971915459
      -2.89026524130261    -0.1256637061435919    0.01082838776736786
      -2.89026524130261                      0    0.01291675950677011
      -2.89026524130261     0.1256637061435919    0.01889167078334815
      -2.89026524130261     0.2513274122871834    0.02248373342493881
      -2.89026524130261     0.3769911184307753    0.02252723471580878
      -2.89026524130261     0.5026548245743672    0.02001694730251418
      -2.89026524130261     0.6283185307179582     0.0176960919532938
      -2.89026524130261     0.7539822368615501     0.0228014405223887
      -2.89026524130261     0.8796459430051424     0.0351291404224852
      -2.89026524130261      1.005309649148734    0.04355037557824577
      -2.89026524130261      1.130973355292326    0.04735106510430739
      -2.89026524130261      1.256637061435917    0.05573469899782622
      -2.89026524130261      1.382300767579509    0.06091699955636019
      -2.89026524130261      1.507964473723101    0.04977818118056174
      -2.89026524130261      1.633628179866692    0.03472184847320516
      -2.89026524130261      1.759291886010284    0.03203134196594303
      -2.89026524130261      1.884955592153876    0.03310745826296145
      -2.89026524130261      2.010619298297467    0.02889403861707217
      -2.89026524130261       2.13628300444106     0.0264955336418988
      -2.89026524130261      2.261946710584651    0.02628343499667317
      -2.89026524130261      2.387610416728243    0.02172423948669368
      -2.89026524130261      2.513274122871834    0.01903331945104883
      -2.89026524130261      2.638937829015426    0.02433048834998685
      -2.89026524130261      2.764601535159018    0.02878729105241209
      -2.89026524130261      2.890265241302609    0.02683881619783451
      -2.89026524130261      3.015928947446201    0.02394108716889085
     -2.764601535159018     -3.141592653589793    0.01418672317129892
     -2.764601535159018     -3.015928947446201   0.008067279833671158
     -2.764601535159018      -2.89026524130261   0.003446494589368462
     -2.764601535159018     -2.764601535159018   0.004005823152991267
     -2.764601535159018     -2.638937829015426     0.0055940657009509
     -2.764601535159018     -2.513274122871834   0.004503222547740323
     -2.764601535159018     -2.387610416728243   0.002520209510777917
     -2.764601535159018     -2.261946710584651    0.00125049278374897
     -2.764601535159018     -2.136283004441059  3.555371113593362e-05
     -2.764601535159018     -2.010619298297468 -0.0005650354419471062
     -2.764601535159018     -1.884955592153876  0.0009497782896802338
     -2.764601535159018     -1.759291886010284   0.003277340025624553
     -2.764601535159018     -1.633628179866693   0.003063817696489928
     -2.764601535159018     -1.507964473723101   0.001011904517101457
     -2.764601535159018     -1.382300767579509   0.002052740010271501
     -2.764601535159018     -1.256637061435917     0.0064016498033488
     -2.764601535159018     -1.130973355292325   0.008732823668934077
     -2.764601535159018     -1.005309649148733   0.008420402903483665
     -2.764601535159018     -0.879645943005142   0.009195524731305081
     -2.764601535159018    -0.7539822368615505    0.01028712455294974
     -2.764601535159018    -0.6283185307179586    0.01018148205179883
     -2.764601535159018    -0.5026548245743667    0.01218408875091411
     -2.764601535159018    -0.3769911184307753    0.01618575645442404
     -2.764601535159018    -0.2513274122871838    0.01643310099772406
     -2.764601535159018    -0.1256637061435919     0.0128168591036765
     -2.764601535159018                      0    0.01110278178317202
     -2.764601535159018     0.1256637061435919    0.01230567743502306
     -2.764601535159018     0.2513274122871834    0.01330155897856891
     -2.764601535159018     0.3769911184307753    0.01308293090121144
     -2.764601535159018     0.5026548245743672    0.01165646684041215
     -2.764601535159018     0.6283185307179582    0.01030010434038836
     -2.764601535159018     0.7539822368615501    0.01333262544892723
     -2.764601535159018     0.8796459430051424    0.02077446248273643
     -2.764601535159018      1.005309649148734    0.02614675913627517
     -2.764601535159018      1.130973355292326    0.02926910102673312
     -2.764601535159018      1.256637061435917    0.03556608809752847
     -2.764601535159018      1.382300767579509    0.03956486038236633
     -2.764601535159018      1.507964473723101    0.03265400485221779
     -2.764601535159018      1.633628179866692    0.02257410416423111
     -2.764601535159018      1.759291886010284    0.01993383409518232
     -2.764601535159018      1.884955592153876    0.02005095603726019
     -2.764601535159018      2.010619298297467    0.01767588693040776
     -2.764601535159018       2.13628300444106    0.01690675103084312
     -2.764601535159018      2.261946710584651    0.01723622555269238
     -2.764601535159018      2.387610416728243    0.01449168104083435
     -2.764601535159018      2.513274122871834    0.01323479975025236
     -2.764601535159018      2.638937829015426    0.01741051525094368
     -2.764601535159018      2.764601535159018    0.02074351677048912
     -2.764601535159018      2.890265241302609    0.01947067112399924
     -2.764601535159018      3.015928947446201    0.01730164434154047
     -2.638937829015426     -3.141592653589793   0.007116021263060102
     -2.638937829015426     -3.015928947446201   0.004403358238943444
     -2.638937829015426      -2.89026524130261   0.002350875810433448
     -2.638937829015426     -2.764601535159018   0.002504706213117914
     -2.638937829015426     -2.638937829015426   0.003115928608923071
     -2.638937829015426     -2.513274122871834   0.002667902853459273
     -2.638937829015426     -2.387610416728243   0.001980002512712095
     -2.638937829015426     -2.261946710584651   0.001751501805901888
     -2.638937829015426     -2.136283004441059   0.001677372322482415
     -2.638937829015426     -2.010619298297468    0.00187912445357545
     -2.638937829015426     -1.884955592153876   0.002790497844467677
     -2.638937829015426     -1.759291886010284   0.003852639704279746
     -2.638937829015426     -1.633628179866693   0.003943201217989205
     -2.638937829015426     -1.507964473723101   0.003409804277099809
     -2.638937829015426     -1.382300767579509   0.003929889864360105
     -2.638937829015426     -1.256637061435917   0.005547642666875542
     -2.638937829015426     -1.130973355292325   0.006571588395373255
     -2.638937829015426     -1.005309649148733   0.006951821404226172
     -2.638937829015426     -0.879645943005142   0.007913199705229306
     -2.638937829015426    -0.7539822368615505    0.00894870052465602
     -2.638937829015426    -0.6283185307179586   0.009425665475372835
     -2.638937829015426    -0.5026548245743667    0.01064690953601277
     -2.638937829015426    -0.3769911184307753    0.01265885798591674
     -2.638937829015426    -0.2513274122871838    0.01299889824678155
     -2.638937829015426    -0.1256637061435919    0.01095599795828952
     -2.638937829015426                      0   0.008905982735876271
     -2.638937829015426     0.1256637061435919   0.008594056688210826
     -2.638937829015426     0.2513274122871834   0.009213848970476368
     -2.638937829015426     0.3769911184307753   0.009137474462433541
     -2.638937829015426     0.5026548245743672   0.008088486964053437
     -2.638937829015426     0.6283185307179582   0.007815415646095463
     -2.638937829015426     0.7539822368615501    0.01012116151493876
     -2.638937829015426     0.8796459430051424    0.01358384042505587
     -2.638937829015426      1.005309649148734     0.0151199207126464
     -2.638937829015426      1.130973355292326    0.01573652056604381
     -2.638937829015426      1.256637061435917    0.01838406402709794
     -2.638937829015426      1.382300767579509    0.02017165426804677
     -2.638937829015426      1.507964473723101    0.01673645276978817
     -2.638937829015426      1.633628179866692    0.01157733833210462
     -2.638937829015426      1.759291886010284    0.00988340199454652
     -2.638937829015426      1.884955592153876   0.009852090668973551
     -2.638937829015426      2.010619298297467   0.008934521536233359
     -2.638937829015426       2.13628300444106   0.008645975762948673
     -2.638937829015426      2.261946710584651    0.00884838605810127
     -2.638937829015426      2.387610416728243   0.007871784400603973
     -2.638937829015426      2.513274122871834   0.007546490501035273
     -2.638937829015426      2.638937829015426   0.009356557850662472
     -2.638937829015426      2.764601535159018    0.01059288563650451
     -2.638937829015426      2.890265241302609   0.009774562884827198
     -2.638937829015426      3.015928947446201   0.008607735653390743
     -2.513274122871834     -3.141592653589793   0.004558644628287464
     -2.513274122871834     -3.015928947446201   0.003180440100735542
     -2.513274122871834      -2.89026524130261   0.002154189075568005
     -2.513274122871834     -2.764601535159018   0.002106959809959998
     -2.513274122871834     -2.638937829015426   0.002235332496839901
     -2.513274122871834     -2.513274122871834   0.002003518852308736
     -2.513274122871834     -2.387610416728243   0.001923384418712334
     -2.513274122871834     -2.261946710584651   0.002260503126230415
     -2.513274122871834     -2.136283004441059   0.002789784208510141
     -2.513274122871834     -2.010619298297468   0.003492929466323545
     -2.513274122871834     -1.884955592153876   0.004327534826500359
     -2.513274122871834     -1.759291886010284    0.00494438991130734
     -2.513274122871834     -1.633628179866693   0.005207908747777087
     -2.513274122871834     -1.507964473723101   0.005395349541209702
     -2.513274122871834     -1.382300767579509   0.005715417114919961
     -2.513274122871834     -1.256637061435917   0.006106207866183407
     -2.513274122871834     -1.130973355292325   0.006603526941811469
     -2.513274122871834     -1.005309649148733   0.007510903637236319
     -2.513274122871834     -0.879645943005142   0.008869568978535103
     -2.513274122871834    -0.7539822368615505    0.01015976493781224
     -2.513274122871834    -0.6283185307179586    0.01110811122364812
     -2.513274122871834    -0.5026548245743667    0.01219037776602869
     -2.513274122871834    -0.3769911184307753    0.01353004320196887
     -2.513274122871834    -0.2513274122871838    0.01395316245969444
     -2.513274122871834    -0.1256637061435919    0.01227482637963379
     -2.513274122871834                      0   0.009506927778014221
     -2.513274122871834     0.1256637061435919   0.008176511211987512
     -2.513274122871834     0.2513274122871834   0.008627391581487351
     -2.513274122871834     0.3769911184307753   0.008589736955490238
     -2.513274122871834     0.5026548245743672   0.007552496109766444
     -2.513274122871834     0.6283185307179582   0.007829570480871869
     -2.513274122871834     0.7539822368615501    0.01020106855349096
     -2.513274122871834     0.8796459430051424    0.01218887641491532
     -2.513274122871834      1.005309649148734    0.01195184482545986
     -2.513274122871834      1.130973355292326    0.01134247574188152
     -2.513274122871834      1.256637061435917    0.01255379629232753
     -2.513274122871834      1.382300767579509    0.01352902553336149
     -2.513274122871834      1.507964473723101    0.01133829037534656
     -2.513274122871834      1.633628179866692   0.007845165799249591
     -2.513274122871834      1.759291886010284   0.006321396177336346
     -2.513274122871834      1.884955592153876   0.006200508139571926
     -2.513274122871834      2.010619298297467   0.005909347057483979
     -2.513274122871834       2.13628300444106   0.005849964100362569
     -2.513274122871834      2.261946710584651    0.00605785017032801
     -2.513274122871834      2.387610416728243   0.005885860761382134
     -2.513274122871834      2.513274122871834   0.006005715646679313
     -2.513274122871834      2.638937829015426   0.006843385921000759
     -2.513274122871834      2.764601535159018   0.007129235650526537
     -2.513274122871834      2.890265241302609   0.006358480802840991
     -2.513274122871834      3.015928947446201    0.00547795904463853
     -2.387610416728243     -3.141592653589793   0.008014198564437568
     -2.387610416728243     -3.015928947446201   0.005186704106452083
     -2.387610416728243      -2.89026524130261   0.003143066664499554
     -2.387610416728243     -2.764601535159018   0.003033962220238357
     -2.387610416728243     -2.638937829015426   0.003145891924016271
     -2.387610416728243     -2.513274122871834   0.002551159061944371
     -2.387610416728243     -2.387610416728243   0.002384589965154935
     -2.387610416728243     -2.261946710584651   0.002920281797234128
     -2.387610416728243     -2.136283004441059   0.003446222396213855
     -2.387610416728243     -2.010619298297468   0.004182398041543401
     -2.387610416728243     -1.884955592153876   0.005566808452049657
     -2.387610416728243     -1.759291886010284   0.006960951231870533
     -2.387610416728243     -1.633628179866693   0.007608047582847591
     -2.387610416728243     -1.507964473723101   0.007852965353423525
     -2.387610416728243     -1.382300767579509   0.008477763734825361
     -2.387610416728243     -1.256637061435917   0.009406160456827056
     -2.387610416728243     -1.130973355292325    0.01025371864230109
     -2.387610416728243     -1.005309649148733    0.01170773476164627
     -2.387610416728243     -0.879645943005142    0.01440285959959117
     -2.387610416728243    -0.7539822368615505    0.01724454375468416
     -2.387610416728243    -0.6283185307179586    0.01928444431366707
     -2.387610416728243    -0.5026548245743667    0.02152264021922556
     -2.387610416728243    -0.3769911184307753     0.0242864172610944
     -2.387610416728243    -0.2513274122871838    0.02506228768637065
     -2.387610416728243    -0.1256637061435919    0.02158284283790763
     -2.387610416728243                      0    0.01592125200766764
     -2.387610416728243     0.1256637061435919    0.01271292550717588
     -2.387610416728243     0.2513274122871834      0.012809951386382
     -2.387610416728243     0.3769911184307753    0.01264715534293744
     -2.387610416728243     0.5026548245743672    0.01115300474283407
     -2.387610416728243     0.6283185307179582    0.01157732789033451
     -2.387610416728243     0.7539822368615501    0.01502811852103304
     -2.387610416728243     0.8796459430051424    0.01790438978910601
     -2.387610416728243      1.005309649148734    0.01766644551987379
     -2.387610416728243      1.130973355292326    0.01721035974518973
     -2.387610416728243      1.256637061435917    0.01965401636908731
     -2.387610416728243      1.382300767579509    0.02152858774085401
     -2.387610416728243      1.507964473723101    0.01817371241918765
     -2.387610416728243      1.633628179866692     0.0124710093055448
     -2.387610416728243      1.759291886010284   0.009640980023845105
     -2.387610416728243      1.884955592153876    0.00914570955383695
     -2.387610416728243      2.010619298297467   0.008810492798855809
     -2.387610416728243       2.13628300444106   0.009095907869088305
     -2.387610416728243      2.261946710584651   0.009619756437878879
     -2.387610416728243      2.387610416728243   0.009333678237586258
     -2.387610416728243      2.513274122871834   0.009737638315660907
     -2.387610416728243      2.638937829015426    0.01160174558928614
     -2.387610416728243      2.764601535159018    0.01247164587800951
     -2.387610416728243      2.890265241302609    0.01134343114784545
     -2.387610416728243      3.015928947446201   0.009850276798420793
     -2.261946710584651     -3.141592653589793    0.01161124435041626
     -2.261946710584651     -3.015928947446201    0.00716306276295039
     -2.261946710584651      -2.89026524130261   0.003967548421470637
     -2.261946710584651     -2.764601535159018   0.003815381465814365
     -2.261946710584651     -2.638937829015426   0.003979135434500122
     -2.261946710584651     -2.513274122871834   0.003007693320659223
     -2.261946710584651     -2.387610416728243   0.002671032637811714
     -2.261946710584651     -2.261946710584651   0.003297761083009973
     -2.261946710584651     -2.136283004441059   0.003656744836148972
     -2.261946710584651     -2.010619298297468   0.004211626701842473
     -2.261946710584651     -1.884955592153876   0.006033190490826179
     -2.261946710584651     -1.759291886010284    0.00826568378042597
     -2.261946710584651     -1.633628179866693   0.009335071068660548
     -2.261946710584651     -1.507964473723101   0.009559457292378903
     -2.261946710584651     -1.382300767579509    0.01052777502474446
     -2.261946710584651     -1.256637061435917    0.01218826530289302
     -2.261946710584651     -1.130973355292325    0.01341618850651215
     -2.261946710584651     -1.005309649148733    0.01524136128303805
     -2.261946710584651     -0.879645943005142    0.01918142014815591
     -2.261946710584651    -0.7539822368615505    0.02359069757106835
     -2.261946710584651    -0.6283185307179586    0.02670062353606527
     -2.261946710584651    -0.5026548245743667    0.03011565521846968
     -2.261946710584651    -0.3769911184307753    0.03440323244959777
     -2.261946710584651    -0.2513274122871838    0.03555449145166889
     -2.261946710584651    -0.1256637061435919    0.03024667287382646
     -2.261946710584651                      0    0.02174301878881864
     -2.261946710584651     0.1256637061435919    0.01666574868307494
     -2.261946710584651     0.2513274122871834    0.01630445252149195
     -2.261946710584651     0.3769911184307753    0.01601211273982688
     -2.261946710584651     0.5026548245743672    0.01416812561150213
     -2.261946710584651     0.6283185307179582     0.0146621591446971
     -2.261946710584651     0.7539822368615501    0.01891479581854585
     -2.261946710584651     0.8796459430051424    0.02254632784567151
     -2.261946710584651      1.005309649148734    0.02247403087627125
     -2.261946710584651      1.130973355292326    0.02242377783079423
     -2.261946710584651      1.256637061435917    0.02621771895866001
     -2.261946710584651      1.382300767579509    0.02902247196109164
     -2.261946710584651      1.507964473723101    0.02458966385776296
     -2.261946710584651      1.633628179866692    0.01678427390378846
     -2.261946710584651      1.759291886010284     0.0126545834004053
     -2.261946710584651      1.884955592153876    0.01172213375182794
     -2.261946710584651      2.010619298297467     0.0113421312296591
     -2.261946710584651       2.13628300444106    0.01203857181542779
     -2.261946710584651      2.261946710584651      0.012880104880244
     -2.261946710584651      2.387610416728243    0.01240017504339388
     -2.261946710584651      2.513274122871834    0.01310290881269618
     -2.261946710584651      2.638937829015426    0.01617905331945342
     -2.261946710584651      2.764601535159018    0.01783907114405341
     -2.261946710584651      2.890265241302609    0.01647205904378971
     -2.261946710584651      3.015928947446201    0.01441696717118128
     -2.136283004441059     -3.141592653589793    0.01148922794933178
     -2.136283004441059     -3.015928947446201   0.006849363897538889
     -2.136283004441059      -2.89026524130261   0.003586935851224096
     -2.136283004441059     -2.764601535159018   0.003293090988144676
     -2.136283004441059     -2.638937829015426   0.003159783317407564
     -2.136283004441059     -2.513274122871834   0.002045771236452946
     -2.136283004441059     -2.387610416728243   0.001933753547672828
     -2.136283004441059     -2.261946710584651   0.002815409251646099
     -2.136283004441059     -2.136283004441059   0.003078698625389192
     -2.136283004441059     -2.010619298297468   0.003363585412017531
     -2.136283004441059     -1.884955592153876   0.005150718858527168
     -2.136283004441059     -1.759291886010284    0.00767715645775922
     -2.136283004441059     -1.633628179866693   0.009165053360618586
     -2.136283004441059     -1.507964473723101   0.009705146791696718
     -2.136283004441059     -1.382300767579509    0.01075159964933262
     -2.136283004441059     -1.256637061435917    0.01225056933036151
     -2.136283004441059     -1.130973355292325    0.01330237920076446
     -2.136283004441059     -1.005309649148733    0.01534992549447885
     -2.136283004441059     -0.879645943005142    0.02012515881099411
     -2.136283004441059    -0.7539822368615505    0.02566931692681839
     -2.136283004441059    -0.6283185307179586    0.02969781906261008
     -2.136283004441059    -0.5026548245743667    0.03370528061607513
     -2.136283004441059    -0.3769911184307753    0.03849979273988438
     -2.136283004441059    -0.2513274122871838    0.03988228023400849
     -2.136283004441059    -0.1256637061435919    0.03374517032139907
     -2.136283004441059                      0    0.02325591741765234
     -2.136283004441059     0.1256637061435919     0.0162845574583024
     -2.136283004441059     0.2513274122871834    0.01509865420378109
     -2.136283004441059     0.3769911184307753    0.01471416829957674
     -2.136283004441059     0.5026548245743672    0.01305599199061963
     -2.136283004441059     0.6283185307179582    0.01380880549951448
     -2.136283004441059     0.7539822368615501     0.0176901244631299
     -2.136283004441059     0.8796459430051424    0.02016937089303495
     -2.136283004441059      1.005309649148734    0.01932256328687087
     -2.136283004441059      1.130973355292326     0.0192871045077934
     -2.136283004441059      1.256637061435917    0.02300432246575789
     -2.136283004441059      1.382300767579509    0.02578577911292032
     -2.136283004441059      1.507964473723101    0.02212254217859776
     -2.136283004441059      1.633628179866692    0.01494448450386852
     -2.136283004441059      1.759291886010284    0.01034147635723918
     -2.136283004441059      1.884955592153876    0.00895052347202081
     -2.136283004441059      2.010619298297467   0.009057351247762592
     -2.136283004441059       2.13628300444106     0.0103627486896152
     -2.136283004441059      2.261946710584651    0.01143249244615043
     -2.136283004441059      2.387610416728243    0.01132105836626448
     -2.136283004441059      2.513274122871834    0.01255047718097387
     -2.136283004441059      2.638937829015426    0.01589305046268699
     -2.136283004441059      2.764601535159018    0.01767725953093097
     -2.136283004441059      2.890265241302609    0.01650110095967331
     -2.136283004441059      3.015928947446201    0.01449273648066474
     -2.010619298297468     -3.141592653589793    0.01110923288683046
     -2.010619298297468     -3.015928947446201   0.006453997189208895
     -2.010619298297468      -2.89026524130261    0.00326630624536109
     -2.010619298297468     -2.764601535159018   0.002730573907879377
     -2.010619298297468     -2.638937829015426   0.002152045019252553
     -2.010619298297468     -2.513274122871834  0.0009410079696903068
     -2.010619298297468     -2.387610416728243   0.001255327795736563
     -2.010619298297468     -2.261946710584651   0.002620498332700583
     -2.010619298297468     -2.136283004441059   0.002971534141190999
     -2.010619298297468     -2.010619298297468   0.003056570450159677
     -2.010619298297468     -1.884955592153876   0.004754893477268099
     -2.010619298297468     -1.759291886010284    0.00756618803634489
     -2.010619298297468     -1.633628179866693   0.009710883940725855
     -2.010619298297468     -1.507964473723101    0.01090427392373685
     -2.010619298297468     -1.382300767579509    0.01205083366097385
     -2.010619298297468     -1.256637061435917    0.01308528153450321
     -2.010619298297468     -1.130973355292325    0.01380822790311259
     -2.010619298297468     -1.005309649148733    0.01629235588655318
     -2.010619298297468     -0.879645943005142    0.02230516758113958
     -2.010619298297468    -0.7539822368615505    0.02948227806178978
     -2.010619298297468    -0.6283185307179586     0.0349066063452995
     -2.010619298297468    -0.5026548245743667     0.0397189782367204
     -2.010619298297468    -0.3769911184307753    0.04510980144629154
     -2.010619298297468    -0.2513274122871838    0.04690985322269245
     -2.010619298297468    -0.1256637061435919    0.03971201810506388
     -2.010619298297468                      0    0.02623267160696489
     -2.010619298297468     0.1256637061435919    0.01643170858827135
     -2.010619298297468     0.2513274122871834    0.01421234891926348
     -2.010619298297468     0.3769911184307753    0.01373872990002252
     -2.010619298297468     0.5026548245743672    0.01223657448747585
     -2.010619298297468     0.6283185307179582    0.01350528543237218
     -2.010619298297468     0.7539822368615501     0.0170842599687298
     -2.010619298297468     0.8796459430051424    0.01772032441127378
     -2.010619298297468      1.005309649148734    0.01527455696487482
     -2.010619298297468      1.130973355292326    0.01484047883067841
     -2.010619298297468      1.256637061435917    0.01810966439928795
     -2.010619298297468      1.382300767579509    0.02066106316971065
     -2.010619298297468      1.507964473723101    0.01818760796391285
     -2.010619298297468      1.633628179866692    0.01204791600957177
     -2.010619298297468      1.759291886010284   0.006732900376339153
     -2.010619298297468      1.884955592153876   0.004681901798356199
     -2.010619298297468      2.010619298297467   0.005592108817780318
     -2.010619298297468       2.13628300444106   0.007761431891684136
     -2.010619298297468      2.261946710584651   0.009119579333701808
     -2.010619298297468      2.387610416728243   0.009684258525159931
     -2.010619298297468      2.513274122871834    0.01176854380225133
     -2.010619298297468      2.638937829015426    0.01532000496459624
     -2.010619298297468      2.764601535159018    0.01709303229532054
     -2.010619298297468      2.890265241302609     0.0161755501015526
     -2.010619298297468      3.015928947446201    0.01427578836812123
     -1.884955592153876     -3.141592653589793    0.01222071621570022
     -1.884955592153876     -3.015928947446201   0.007110131354406593
     -1.884955592153876      -2.89026524130261   0.003611045221334961
     -1.884955592153876     -2.764601535159018     0.0029187014523626
     -1.884955592153876     -2.638937829015426    0.00218967385558712
     -1.884955592153876     -2.513274122871834  0.0009064901338922254
     -1.884955592153876     -2.387610416728243   0.001407782057886773
     -1.884955592153876     -2.261946710584651   0.003088685368257326
     -1.884955592153876     -2.136283004441059   0.003570107793909071
     -1.884955592153876     -2.010619298297468   0.003573800097216995
     -1.884955592153876     -1.884955592153876   0.005281790840704055
     -1.884955592153876     -1.759291886010284   0.008427925268874476
     -1.884955592153876     -1.633628179866693    0.01112242750835815
     -1.884955592153876     -1.507964473723101     0.0127813196978127
     -1.884955592153876     -1.382300767579509    0.01412029593722014
     -1.884955592153876     -1.256637061435917    0.01509537711522947
     -1.884955592153876     -1.130973355292325    0.01575418947594569
     -1.884955592153876     -1.005309649148733    0.01859763373518179
     -1.884955592153876     -0.879645943005142    0.02563117099692706
     -1.884955592153876    -0.7539822368615505    0.03416267211713629
     -1.884955592153876    -0.6283185307179586    0.04070222384430157
     -1.884955592153876    -0.5026548245743667    0.04629447470220806
     -1.884955592153876    -0.3769911184307753    0.05246222840133561
     -1.884955592153876    -0.2513274122871838    0.05471301141997961
     -1.884955592153876    -0.1256637061435919    0.04646134823836062
     -1.884955592153876                      0    0.03040942263525168
     -1.884955592153876     0.1256637061435919    0.01849811689822041
     -1.884955592153876     0.2513274122871834    0.01575211685387781
     -1.884955592153876     0.3769911184307753    0.01523681217811704
     -1.884955592153876     0.5026548245743672    0.01360486299985925
     -1.884955592153876     0.6283185307179582    0.01524796414340201
     -1.884955592153876     0.7539822368615501     0.0190989311393607
     -1.884955592153876     0.8796459430051424    0.01890678418333824
     -1.884955592153876      1.005309649148734    0.01535384187347172
     -1.884955592153876      1.130973355292326    0.01457475625941937
     -1.884955592153876      1.256637061435917      0.017857960242095
     -1.884955592153876      1.382300767579509    0.02046230482086618
     -1.884955592153876      1.507964473723101    0.01824489388531273
     -1.884955592153876      1.633628179866692    0.01196584473330684
     -1.884955592153876      1.759291886010284   0.005788038447888559
     -1.884955592153876      1.884955592153876   0.003228454240907883
     -1.884955592153876      2.010619298297467   0.004598667970426226
     -1.884955592153876       2.13628300444106   0.007343502996025377
     -1.884955592153876      2.261946710584651   0.008908354087673457
     -1.884955592153876      2.387610416728243   0.009814907982813254
     -1.884955592153876      2.513274122871834    0.01252182156556382
     -1.884955592153876      2.638937829015426     0.0165648370541311
     -1.884955592153876      2.764601535159018    0.01856039252273288
     -1.884955592153876      2.890265241302609    0.01772490336021135
     -1.884955592153876      3.015928947446201    0.01573462140948629
     -1.759291886010284     -3.141592653589793    0.01134467433428316
     -1.759291886010284     -3.015928947446201   0.006749652964863275
     -1.759291886010284      -2.89026524130261   0.003570540254908114
     -1.759291886010284     -2.764601535159018   0.002901380224945243
     -1.759291886010284     -2.638937829015426    0.00228907774620355
     -1.759291886010284     -2.513274122871834    0.00123125176591912
     -1.759291886010284     -2.387610416728243    0.00173713661678595
     -1.759291886010284     -2.261946710584651   0.003342052732799812
     -1.759291886010284     -2.136283004441059   0.003946580463076711
     -1.759291886010284     -2.010619298297468   0.004019324237947446
     -1.759291886010284     -1.884955592153876   0.005460903095276431
     -1.759291886010284     -1.759291886010284   0.008258922339857094
     -1.759291886010284     -1.633628179866693    0.01086018031076753
     -1.759291886010284     -1.507964473723101     0.0125794394533277
     -1.759291886010284     -1.382300767579509     0.0138503896670319
     -1.759291886010284     -1.256637061435917    0.01465903652348051
     -1.759291886010284     -1.130973355292325    0.01522179842759539
     -1.759291886010284     -1.005309649148733      0.017853541788917
     -1.759291886010284     -0.879645943005142     0.0243329931996014
     -1.759291886010284    -0.7539822368615505    0.03224766116580013
     -1.759291886010284    -0.6283185307179586    0.03837663752105761
     -1.759291886010284    -0.5026548245743667     0.0435249065641992
     -1.759291886010284    -0.3769911184307753     0.0491835313658704
     -1.759291886010284    -0.2513274122871838    0.05141132518278646
     -1.759291886010284    -0.1256637061435919    0.04389860593473179
     -1.759291886010284                      0    0.02889370431588459
     -1.759291886010284     0.1256637061435919    0.01776309897463152
     -1.759291886010284     0.2513274122871834    0.01536872944554348
     -1.759291886010284     0.3769911184307753    0.01494843900742547
     -1.759291886010284     0.5026548245743672    0.01335408990255777
     -1.759291886010284     0.6283185307179582    0.01498923945925218
     -1.759291886010284     0.7539822368615501    0.01867877711137779
     -1.759291886010284     0.8796459430051424    0.01822586014149177
     -1.759291886010284      1.005309649148734    0.01447357706664276
     -1.759291886010284      1.130973355292326    0.01342191822816755
     -1.759291886010284      1.256637061435917     0.0161699572955577
     -1.759291886010284      1.382300767579509    0.01838070258210564
     -1.759291886010284      1.507964473723101    0.01642297251915679
     -1.759291886010284      1.633628179866692    0.01075939816682997
     -1.759291886010284      1.759291886010284   0.004971007273314914
     -1.759291886010284      1.884955592153876   0.002549952060535467
     -1.759291886010284      2.010619298297467   0.003928106242533683
     -1.759291886010284       2.13628300444106   0.006494941502924015
     -1.759291886010284      2.261946710584651   0.007889349833569186
     -1.759291886010284      2.387610416728243   0.008823677187694811
     -1.759291886010284      2.513274122871834    0.01145990446353627
     -1.759291886010284      2.638937829015426    0.01517636226496328
     -1.759291886010284      2.764601535159018    0.01698414773532581
     -1.759291886010284      2.890265241302609    0.01627762060490247
     -1.759291886010284      3.015928947446201     0.0145114055894849
     -1.633628179866693     -3.141592653589793   0.008197516152921129
     -1.633628179866693     -3.015928947446201   0.005325224051169432
     -1.633628179866693      -2.89026524130261   0.003327263278303264
     -1.633628179866693     -2.764601535159018   0.002633878486821739
     -1.633628179866693     -2.638937829015426   0.002009784703723624
     -1.633628179866693     -2.513274122871834   0.001477528658630307
     -1.633628179866693     -2.387610416728243    0.00226395991639352
     -1.633628179866693     -2.261946710584651   0.003956065116310292
     -1.633628179866693     -2.136283004441059   0.005069414734928091
     -1.633628179866693     -2.010619298297468   0.005563838089826587
     -1.633628179866693     -1.884955592153876   0.006508907501454191
     -1.633628179866693     -1.759291886010284   0.008376262441105143
     -1.633628179866693     -1.633628179866693    0.01075736136561169
     -1.633628179866693     -1.507964473723101     0.0128405417724544
     -1.633628179866693     -1.382300767579509     0.0138361290267693
     -1.633628179866693     -1.256637061435917    0.01371862035595416
     -1.633628179866693     -1.130973355292325    0.01385633418287484
     -1.633628179866693     -1.005309649148733    0.01631382162318677
     -1.633628179866693     -0.879645943005142    0.02177373920931742
     -1.633628179866693    -0.7539822368615505    0.02838860220555262
     -1.633628179866693    -0.6283185307179586    0.03375565244126238
     -1.633628179866693    -0.5026548245743667    0.03785220488283111
     -1.633628179866693    -0.3769911184307753    0.04206387437664613
     -1.633628179866693    -0.2513274122871838    0.04417561457863924
     -1.633628179866693    -0.1256637061435919    0.03841804272978391
     -1.633628179866693                      0    0.02553506468546631
     -1.633628179866693     0.1256637061435919    0.01579129772649852
     -1.633628179866693     0.2513274122871834    0.01407256992802056
     -1.633628179866693     0.3769911184307753    0.01384971512241125
     -1.633628179866693     0.5026548245743672    0.01234936935077654
     -1.633628179866693     0.6283185307179582    0.01416464117270421
     -1.633628179866693     0.7539822368615501    0.01756444434688904
     -1.633628179866693     0.8796459430051424    0.01612544351282251
     -1.633628179866693      1.005309649148734    0.01138186724853007
     -1.633628179866693      1.130973355292326   0.009286130634983927
     -1.633628179866693      1.256637061435917    0.01034415429866853
     -1.633628179866693      1.382300767579509    0.01143201136248466
     -1.633628179866693      1.507964473723101    0.01049249679551419
     -1.633628179866693      1.633628179866692   0.006786036830352399
     -1.633628179866693      1.759291886010284   0.001988265086880559
     -1.633628179866693      1.884955592153876 -9.863079591511769e-05
     -1.633628179866693      2.010619298297467    0.00149646945109387
     -1.633628179866693       2.13628300444106   0.003714056797938499
     -1.633628179866693      2.261946710584651   0.004759425351629785
     -1.633628179866693      2.387610416728243   0.006075596176647468
     -1.633628179866693      2.513274122871834   0.008654603104863859
     -1.633628179866693      2.638937829015426    0.01115423563944523
     -1.633628179866693      2.764601535159018    0.01206656942572974
     -1.633628179866693      2.890265241302609     0.0115766584754834
     -1.633628179866693      3.015928947446201     0.0103676541556433
     -1.507964473723101     -3.141592653589793   0.006561432158704994
     -1.507964473723101     -3.015928947446201   0.004839484117933533
     -1.507964473723101      -2.89026524130261   0.003652129661022788
     -1.507964473723101     -2.764601535159018   0.002758087436149714
     -1.507964473723101     -2.638937829015426   0.001888889110506591
     -1.507964473723101     -2.513274122871834   0.001727612044287355
     -1.507964473723101     -2.387610416728243   0.003031486027502776
     -1.507964473723101     -2.261946710584651   0.005239167193333557
     -1.507964473723101     -2.136283004441059   0.007085374179207672
     -1.507964473723101     -2.010619298297468   0.008085170876694669
     -1.507964473723101     -1.884955592153876   0.008762759735320662
     -1.507964473723101     -1.759291886010284    0.01013789143341853
     -1.507964473723101     -1.633628179866693    0.01285085352754873
     -1.507964473723101     -1.507964473723101    0.01579243258238384
     -1.507964473723101     -1.382300767579509    0.01671112678455317
     -1.507964473723101     -1.256637061435917    0.01554824608757964
     -1.507964473723101     -1.130973355292325    0.01523540143898435
     -1.507964473723101     -1.005309649148733    0.01811554403914341
     -1.507964473723101     -0.879645943005142    0.02388166789162096
     -1.507964473723101    -0.7539822368615505    0.03078802302142521
     -1.507964473723101    -0.6283185307179586    0.03668725800533234
     -1.507964473723101    -0.5026548245743667    0.04068859973374452
     -1.507964473723101    -0.3769911184307753    0.04438570045105403
     -1.507964473723101    -0.2513274122871838    0.04683014686409635
     -1.507964473723101    -0.1256637061435919    0.04147277986775985
     -1.507964473723101                      0    0.02766117069379513
     -1.507964473723101     0.1256637061435919    0.01689843452769159
     -1.507964473723101     0.2513274122871834    0.01531017252909088
     -1.507964473723101     0.3769911184307753    0.01521037628574407
     -1.507964473723101     0.5026548245743672     0.0135385159832614
     -1.507964473723101     0.6283185307179582    0.01596924054970659
     -1.507964473723101     0.7539822368615501    0.01971424825804115
     -1.507964473723101     0.8796459430051424    0.01677120539521819
     -1.507964473723101      1.005309649148734     0.0099044361664401
     -1.507964473723101      1.130973355292326   0.006319669118453381
     -1.507964473723101      1.256637061435917   0.005870497850115633
     -1.507964473723101      1.382300767579509   0.006055866221614147
     -1.507964473723101      1.507964473723101    0.00612278534310084
     -1.507964473723101      1.633628179866692   0.003770603405428168
     -1.507964473723101      1.759291886010284  -0.001093448154701913
     -1.507964473723101      1.884955592153876  -0.003351013727224041
     -1.507964473723101      2.010619298297467  -0.001108525510252704
     -1.507964473723101       2.13628300444106   0.001333502165404313
     -1.507964473723101      2.261946710584651   0.002302171530145826
     -1.507964473723101      2.387610416728243   0.004371655529798801
     -1.507964473723101      2.513274122871834   0.007518608888115251
     -1.507964473723101      2.638937829015426   0.009303310218685064
     -1.507964473723101      2.764601535159018   0.009469137156273375
     -1.507964473723101      2.890265241302609   0.009105519129153047
     -1.507964473723101      3.015928947446201   0.008205049652039437
     -1.382300767579509     -3.141592653589793   0.006762018674184736
     -1.382300767579509     -3.015928947446201   0.004901427610231905
     -1.382300767579509      -2.89026524130261   0.003636949462277409
     -1.382300767579509     -2.764601535159018   0.002642827525982889
     -1.382300767579509     -2.638937829015426   0.001634885971344862
     -1.382300767579509     -2.513274122871834   0.001434648649766497
     -1.382300767579509     -2.387610416728243     0.0028839672666751
     -1.382300767579509     -2.261946710584651   0.005280106824582071
     -1.382300767579509     -2.136283004441059   0.007161625333507833
     -1.382300767579509     -2.010619298297468   0.008056223452019966
     -1.382300767579509     -1.884955592153876   0.008686849188913779
     -1.382300767579509     -1.759291886010284     0.0102236573919852
     -1.382300767579509     -1.633628179866693     0.0132558668679108
     -1.382300767579509     -1.507964473723101    0.01647901367120133
     -1.382300767579509     -1.382300767579509    0.01747951336674634
     -1.382300767579509     -1.256637061435917    0.01620889127627306
     -1.382300767579509     -1.130973355292325    0.01579703050079653
     -1.382300767579509     -1.005309649148733    0.01885010438722215
     -1.382300767579509     -0.879645943005142    0.02517436797789035
     -1.382300767579509    -0.7539822368615505    0.03284522711463907
     -1.382300767579509    -0.6283185307179586    0.03938452647617524
     -1.382300767579509    -0.5026548245743667    0.04379075647208465
     -1.382300767579509    -0.3769911184307753     0.0478497574766903
     -1.382300767579509    -0.2513274122871838     0.0505256338877172
     -1.382300767579509    -0.1256637061435919    0.04463274956142529
     -1.382300767579509                      0    0.02940644133023421
     -1.382300767579509     0.1256637061435919    0.01737983541246417
     -1.382300767579509     0.2513274122871834    0.01538125068892279
     -1.382300767579509     0.3769911184307753    0.01524998142352266
     -1.382300767579509     0.5026548245743672    0.01360083871460571
     -1.382300767579509     0.6283185307179582    0.01625133024279462
     -1.382300767579509     0.7539822368615501    0.01994360802897002
     -1.382300767579509     0.8796459430051424    0.01627810502449888
     -1.382300767579509      1.005309649148734    0.00872528912400237
     -1.382300767579509      1.130973355292326   0.004977488612835835
     -1.382300767579509      1.256637061435917   0.004420080245466266
     -1.382300767579509      1.382300767579509   0.004553569681459537
     -1.382300767579509      1.507964473723101   0.005013987455634465
     -1.382300767579509      1.633628179866692   0.002924399771903074
     -1.382300767579509      1.759291886010284  -0.002340982591007092
     -1.382300767579509      1.884955592153876   -0.00490978076104649
     -1.382300767579509      2.010619298297467  -0.002338455584082924
     -1.382300767579509       2.13628300444106  0.0004838859254873241
     -1.382300767579509      2.261946710584651   0.001576492316260668
     -1.382300767579509      2.387610416728243    0.00389825430558298
     -1.382300767579509      2.513274122871834   0.007431280397617803
     -1.382300767579509      2.638937829015426   0.009422053995291413
     -1.382300767579509      2.764601535159018    0.00967286773730208
     -1.382300767579509      2.890265241302609   0.009420587838817654
     -1.382300767579509      3.015928947446201   0.008538600478047657
     -1.256637061435917     -3.141592653589793   0.005829587316557729
     -1.256637061435917     -3.015928947446201   0.004090812569028659
     -1.256637061435917      -2.89026524130261   0.002904898498709188
     -1.256637061435917     -2.764601535159018    0.00204650836918646
     -1.256637061435917     -2.638937829015426   0.001191661856168731
     -1.256637061435917     -2.513274122871834  0.0009932899178633021
     -1.256637061435917     -2.387610416728243   0.002204736621736177
     -1.256637061435917     -2.261946710584651   0.004207841877572709
     -1.256637061435917     -2.136283004441059   0.005672056121989977
     -1.256637061435917     -2.010619298297468    0.00621965953695723
     -1.256637061435917     -1.884955592153876   0.006651431182365373
     -1.256637061435917     -1.759291886010284   0.008050959575721687
     -1.256637061435917     -1.633628179866693    0.01074236080456399
     -1.256637061435917     -1.507964473723101    0.01349164369230861
     -1.256637061435917     -1.382300767579509    0.01438815236300565
     -1.256637061435917     -1.256637061435917    0.01342232825589964
     -1.256637061435917     -1.130973355292325    0.01305914607543911
     -1.256637061435917     -1.005309649148733    0.01555775279919761
     -1.256637061435917     -0.879645943005142    0.02101257881012971
     -1.256637061435917    -0.7539822368615505     0.0277542353493735
     -1.256637061435917    -0.6283185307179586    0.03346923636810128
     -1.256637061435917    -0.5026548245743667    0.03733670210169181
     -1.256637061435917    -0.3769911184307753    0.04095243964955428
     -1.256637061435917    -0.2513274122871838    0.04329602996966125
     -1.256637061435917    -0.1256637061435919    0.03812351518217037
     -1.256637061435917                      0    0.02484889661701758
     -1.256637061435917     0.1256637061435919    0.01427822419815326
     -1.256637061435917     0.2513274122871834    0.01235480092812994
     -1.256637061435917     0.3769911184307753    0.01222654200722634
     -1.256637061435917     0.5026548245743672    0.01093840801740042
     -1.256637061435917     0.6283185307179582    0.01318606891308484
     -1.256637061435917     0.7539822368615501    0.01604490506203487
     -1.256637061435917     0.8796459430051424    0.01259150034179153
     -1.256637061435917      1.005309649148734   0.006127580470013173
     -1.256637061435917      1.130973355292326   0.003119938801417096
     -1.256637061435917      1.256637061435917   0.002702393409896697
     -1.256637061435917      1.382300767579509   0.002820773876840723
     -1.256637061435917      1.507964473723101   0.003431135727344333
     -1.256637061435917      1.633628179866692     0.0018693888929163
     -1.256637061435917      1.759291886010284  -0.002690696449801299
     -1.256637061435917      1.884955592153876  -0.005010885733378529
     -1.256637061435917      2.010619298297467  -0.002728112469370834
     -1.256637061435917       2.13628300444106 -0.0001633125239528653
     -1.256637061435917      2.261946710584651  0.0008050612534078658
     -1.256637061435917      2.387610416728243   0.002791355566384644
     -1.256637061435917      2.513274122871834   0.005911579146854541
     -1.256637061435917      2.638937829015426   0.007793920726381646
     -1.256637061435917      2.764601535159018   0.008186888416443877
     -1.256637061435917      2.890265241302609   0.008105443273249469
     -1.256637061435917      3.015928947446201   0.007410150238769227
     -1.130973355292325     -3.141592653589793   0.003449376694059058
     -1.130973355292325     -3.015928947446201   0.003088009367244123
     -1.130973355292325      -2.89026524130261    0.00281226313499832
     -1.130973355292325     -2.764601535159018   0.002052808589187896
     -1.130973355292325     -2.638937829015426   0.001386654256858124
     -1.130973355292325     -2.513274122871834   0.001636445893335006
     -1.130973355292325     -2.387610416728243   0.002866945851609114
     -1.130973355292325     -2.261946710584651   0.004703580632916775
     -1.130973355292325     -2.136283004441059   0.006507431792550154
     -1.130973355292325     -2.010619298297468   0.007473464118509954
     -1.130973355292325     -1.884955592153876   0.007566437131901273
     -1.130973355292325     -1.759291886010284   0.008099323716510091
     -1.130973355292325     -1.633628179866693    0.01028644500193631
     -1.130973355292325     -1.507964473723101     0.0129907942838512
     -1.130973355292325     -1.382300767579509    0.01361210106926018
     -1.130973355292325     -1.256637061435917    0.01213282754870177
     -1.130973355292325     -1.130973355292325    0.01158747656940701
     -1.130973355292325     -1.005309649148733    0.01373672339467267
     -1.130973355292325     -0.879645943005142    0.01778902471845741
     -1.130973355292325    -0.7539822368615505    0.02270939083757098
     -1.130973355292325    -0.6283185307179586    0.02713923141045358
     -1.130973355292325    -0.5026548245743667    0.02978222568486803
     -1.130973355292325    -0.3769911184307753    0.03195591139266964
     -1.130973355292325    -0.2513274122871838    0.03398444143016467
     -1.130973355292325    -0.1256637061435919    0.03070927380758617
     -1.130973355292325                      0     0.0205825852942796
     -1.130973355292325     0.1256637061435919    0.01247956992701506
     -1.130973355292325     0.2513274122871834     0.0115586370392553
     -1.130973355292325     0.3769911184307753    0.01162194702529324
     -1.130973355292325     0.5026548245743672    0.01035476678623554
     -1.130973355292325     0.6283185307179582    0.01248510683013607
     -1.130973355292325     0.7539822368615501    0.01522123362716655
     -1.130973355292325     0.8796459430051424     0.0118756767124077
     -1.130973355292325      1.005309649148734   0.005442047596805798
     -1.130973355292325      1.130973355292326   0.001838605716441366
     -1.130973355292325      1.256637061435917  0.0003138100933940291
     -1.130973355292325      1.382300767579509 -0.0003349616245365278
     -1.130973355292325      1.507964473723101  0.0005306741270246786
     -1.130973355292325      1.633628179866692  4.792312073538717e-05
     -1.130973355292325      1.759291886010284   -0.00336231426380651
     -1.130973355292325      1.884955592153876  -0.005094719426009728
     -1.130973355292325      2.010619298297467  -0.003031236715878284
     -1.130973355292325       2.13628300444106  -0.001157025151203567
     -1.130973355292325      2.261946710584651 -0.0005969695230714169
     -1.130973355292325      2.387610416728243   0.001364293250351531
     -1.130973355292325      2.513274122871834   0.004015154735304441
     -1.130973355292325      2.638937829015426   0.004820797118808197
     -1.130973355292325      2.764601535159018   0.004503723942890379
     -1.130973355292325      2.890265241302609   0.004467746345026711
     -1.130973355292325      3.015928947446201   0.004161394408646791
     -1.005309649148733     -3.141592653589793   0.002191982504456221
     -1.005309649148733     -3.015928947446201   0.002863698577948302
     -1.005309649148733      -2.89026524130261   0.003275236355797839
     -1.005309649148733     -2.764601535159018   0.002485845288140483
     -1.005309649148733     -2.638937829015426   0.001842336544938607
     -1.005309649148733     -2.513274122871834   0.002453021942881679
     -1.005309649148733     -2.387610416728243   0.003893410476518357
     -1.005309649148733     -2.261946710584651   0.005907147324270671
     -1.005309649148733     -2.136283004441059   0.008305345850070799
     -1.005309649148733     -2.010619298297468   0.009867190931255045
     -1.005309649148733     -1.884955592153876   0.009830330574309962
     -1.005309649148733     -1.759291886010284   0.009768921239527009
     -1.005309649148733     -1.633628179866693    0.01182369416565329
     -1.005309649148733     -1.507964473723101    0.01487091725630013
     -1.005309649148733     -1.382300767579509    0.01534904860091599
     -1.005309649148733     -1.256637061435917    0.01320420126175912
     -1.005309649148733     -1.130973355292325    0.01246162141143126
     -1.005309649148733     -1.005309649148733    0.01475853853398005
     -1.005309649148733     -0.879645943005142    0.01836381115374366
     -1.005309649148733    -0.7539822368615505    0.02255389879195616
     -1.005309649148733    -0.6283185307179586     0.0266039213868489
     -1.005309649148733    -0.5026548245743667    0.02868082630240231
     -1.005309649148733    -0.3769911184307753    0.03003122673062251
     -1.005309649148733    -0.2513274122871838    0.03206687957188441
     -1.005309649148733    -0.1256637061435919    0.02976145056735318
     -1.005309649148733                      0     0.0206311523648783
     -1.005309649148733     0.1256637061435919    0.01334736008475391
     -1.005309649148733     0.2513274122871834    0.01315140106382049
     -1.005309649148733     0.3769911184307753    0.01336558597691608
     -1.005309649148733     0.5026548245743672    0.01184968240963129
     -1.005309649148733     0.6283185307179582    0.01420557299515141
     -1.005309649148733     0.7539822368615501    0.01745752339976486
     -1.005309649148733     0.8796459430051424    0.01397508278985931
     -1.005309649148733      1.005309649148734   0.006690566352403116
     -1.005309649148733      1.130973355292326   0.002029785524487034
     -1.005309649148733      1.256637061435917 -0.0005203635910216686
     -1.005309649148733      1.382300767579509  -0.001792312444222646
     -1.005309649148733      1.507964473723101 -0.0007883918568223976
     -1.005309649148733      1.633628179866692 -0.0007497578964174599
     -1.005309649148733      1.759291886010284  -0.003776538838318493
     -1.005309649148733      1.884955592153876  -0.005239261774878606
     -1.005309649148733      2.010619298297467  -0.003109241465220986
     -1.005309649148733       2.13628300444106  -0.001574559583249159
     -1.005309649148733      2.261946710584651  -0.001244101520726623
     -1.005309649148733      2.387610416728243  0.0009732876645587548
     -1.005309649148733      2.513274122871834   0.003581599495446075
     -1.005309649148733      2.638937829015426   0.003596409949994624
     -1.005309649148733      2.764601535159018   0.002591654990184111
     -1.005309649148733      2.890265241302609   0.002473262205550219
     -1.005309649148733      3.015928947446201   0.002347865376331219
     -0.879645943005142     -3.141592653589793   0.002852714933551047
     -0.879645943005142     -3.015928947446201   0.002977090985566925
     -0.879645943005142      -2.89026524130261   0.003023471142985578
     -0.879645943005142     -2.764601535159018   0.002263592898247112
     -0.879645943005142     -2.638937829015426   0.001623205837660036
     -0.879645943005142     -2.513274122871834   0.002039090193240149
     -0.879645943005142     -2.387610416728243   0.003346530132241038
     -0.879645943005142     -2.261946710584651    0.00524018305568601
     -0.879645943005142     -2.136283004441059    0.00730881762731736
     -0.879645943005142     -2.010619298297468   0.008561264167809323
     -0.879645943005142     -1.884955592153876   0.008606728939712299
     -0.879645943005142     -1.759291886010284   0.008850915408542562
     -0.879645943005142     -1.633628179866693    0.01093407491110849
     -0.879645943005142     -1.507964473723101    0.01375520752793727
     -0.879645943005142     -1.382300767579509    0.01429988446232872
     -0.879645943005142     -1.256637061435917    0.01253150483779004
     -0.879645943005142     -1.130973355292325    0.01191022824539252
     -0.879645943005142     -1.005309649148733     0.0141076654478368
     -0.879645943005142     -0.879645943005142    0.01788820842002393
     -0.879645943005142    -0.7539822368615505    0.02237883146096916
     -0.879645943005142    -0.6283185307179586    0.02655316366041029
     -0.879645943005142    -0.5026548245743667    0.02888802860189675
     -0.879645943005142    -0.3769911184307753    0.03064174814489177
     -0.879645943005142    -0.2513274122871838    0.03264048796940554
     -0.879645943005142    -0.1256637061435919    0.02987110913976895
     -0.879645943005142                      0    0.02037943140672674
     -0.879645943005142     0.1256637061435919    0.01281229651987937
     -0.879645943005142     0.2513274122871834    0.01227206353766537
     -0.879645943005142     0.3769911184307753    0.01240672991043558
     -0.879645943005142     0.5026548245743672    0.01102314111180762
     -0.879645943005142     0.6283185307179582    0.01322652238741385
     -0.879645943005142     0.7539822368615501    0.01620688454634434
     -0.879645943005142     0.8796459430051424    0.01290160953819766
     -0.879645943005142      1.005309649148734    0.00617727986528129
     -0.879645943005142      1.130973355292326   0.002117566972730093
     -0.879645943005142      1.256637061435917  0.0001464530456058724
     -0.879645943005142      1.382300767579509 -0.0007740530799748159
     -0.879645943005142      1.507964473723101  9.883154591246537e-05
     -0.879645943005142      1.633628179866692 -0.0001882524185642688
     -0.879645943005142      1.759291886010284  -0.003372321567080691
     -0.879645943005142      1.884955592153876  -0.004940175794601797
     -0.879645943005142      2.010619298297467  -0.002891387151777571
     -0.879645943005142       2.13628300444106  -0.001221941128481219
     -0.879645943005142      2.261946710584651 -0.0007807859041548423
     -0.879645943005142      2.387610416728243   0.001263371746906486
     -0.879645943005142      2.513274122871834   0.003842216502226555
     -0.879645943005142      2.638937829015426   0.004260444381665692
     -0.879645943005142      2.764601535159018   0.003617976881891702
     -0.879645943005142      2.890265241302609   0.003526390547970955
     -0.879645943005142      3.015928947446201   0.003296764989811421
    -0.7539822368615505     -3.141592653589793   0.003507734694933057
    -0.7539822368615505     -3.015928947446201   0.003208227951762472
    -0.7539822368615505      -2.89026524130261   0.002928682657501824
    -0.7539822368615505     -2.764601535159018   0.002213045118611156
    -0.7539822368615505     -2.638937829015426   0.001712614203822375
    -0.7539822368615505     -2.513274122871834   0.002072139189742274
    -0.7539822368615505     -2.387610416728243   0.003204786016810522
    -0.7539822368615505     -2.261946710584651    0.00491708352623445
    -0.7539822368615505     -2.136283004441059   0.006735109678473536
    -0.7539822368615505     -2.010619298297468    0.00769713324436331
    -0.7539822368615505     -1.884955592153876   0.007655176109002503
    -0.7539822368615505     -1.759291886010284   0.008055427679893687
    -0.7539822368615505     -1.633628179866693    0.01017456616265768
    -0.7539822368615505     -1.507964473723101    0.01282144447002022
    -0.7539822368615505     -1.382300767579509    0.01344865633933496
    -0.7539822368615505     -1.256637061435917    0.01207523971989728
    -0.7539822368615505     -1.130973355292325    0.01157271105132917
    -0.7539822368615505     -1.005309649148733    0.01353672101642654
    -0.7539822368615505     -0.879645943005142    0.01722275641775992
    -0.7539822368615505    -0.7539822368615505     0.0217619261997388
    -0.7539822368615505    -0.6283185307179586    0.02589714955341662
    -0.7539822368615505    -0.5026548245743667    0.02832220409034538
    -0.7539822368615505    -0.3769911184307753    0.03033381702665877
    -0.7539822368615505    -0.2513274122871838    0.03236409885321516
    -0.7539822368615505    -0.1256637061435919    0.02944148801541153
    -0.7539822368615505                      0     0.0199750930492783
    -0.7539822368615505     0.1256637061435919    0.01247568784377707
    -0.7539822368615505     0.2513274122871834    0.01183914317468718
    -0.7539822368615505     0.3769911184307753    0.01196010939477827
    -0.7539822368615505     0.5026548245743672    0.01066452101185462
    -0.7539822368615505     0.6283185307179582    0.01271978293139637
    -0.7539822368615505     0.7539822368615501    0.01545140974925793
    -0.7539822368615505     0.8796459430051424    0.01224320205846604
    -0.7539822368615505      1.005309649148734   0.005926753557422826
    -0.7539822368615505      1.130973355292326   0.002298868754087541
    -0.7539822368615505      1.256637061435917  0.0006960433976516206
    -0.7539822368615505      1.382300767579509  -4.59644587165488e-05
    -0.7539822368615505      1.507964473723101  0.0006957097932128974
    -0.7539822368615505      1.633628179866692  0.0001966916232886018
    -0.7539822368615505      1.759291886010284  -0.003062613091822253
    -0.7539822368615505      1.884955592153876   -0.00470120077642923
    -0.7539822368615505      2.010619298297467  -0.002739344116183751
    -0.7539822368615505       2.13628300444106  -0.001017137182661406
    -0.7539822368615505      2.261946710584651 -0.0005629643095340487
    -0.7539822368615505      2.387610416728243   0.001283357248303388
    -0.7539822368615505      2.513274122871834    0.00383144115239676
    -0.7539822368615505      2.638937829015426   0.004622850948389047
    -0.7539822368615505      2.764601535159018   0.004352425059153712
    -0.7539822368615505      2.890265241302609   0.004364728096515997
    -0.7539822368615505      3.015928947446201   0.004123926081366608
    -0.6283185307179586     -3.141592653589793   0.003878494081615949
    -0.6283185307179586     -3.015928947446201    0.00416519945246899
    -0.6283185307179586      -2.89026524130261   0.004179674941997486
    -0.6283185307179586     -2.764601535159018    0.00337484752466066
    -0.6283185307179586     -2.638937829015426   0.003067601045076667
    -0.6283185307179586     -2.513274122871834    0.00388050854845332
    -0.6283185307179586     -2.387610416728243      0.005202085678642
    -0.6283185307179586     -2.261946710584651   0.007190318668481905
    -0.6283185307179586     -2.136283004441059    0.00981600390100432
    -0.6283185307179586     -2.010619298297468    0.01141738697341657
    -0.6283185307179586     -1.884955592153876     0.0111565565638126
    -0.6283185307179586     -1.759291886010284    0.01109291578588483
    -0.6283185307179586     -1.633628179866693    0.01343813342443862
    -0.6283185307179586     -1.507964473723101    0.01673306171884084
    -0.6283185307179586     -1.382300767579509    0.01742329307312415
    -0.6283185307179586     -1.256637061435917    0.01555786001415387
    -0.6283185307179586     -1.130973355292325    0.01494851504942838
    -0.6283185307179586     -1.005309649148733    0.01717894019247074
    -0.6283185307179586     -0.879645943005142    0.02082011315284234
    -0.6283185307179586    -0.7539822368615505    0.02525431275887747
    -0.6283185307179586    -0.6283185307179586    0.02954224139791811
    -0.6283185307179586    -0.5026548245743667     0.0318122170894062
    -0.6283185307179586    -0.3769911184307753    0.03353448406001118
    -0.6283185307179586    -0.2513274122871838    0.03599173573328736
    -0.6283185307179586    -0.1256637061435919    0.03354867648114761
    -0.6283185307179586                      0     0.0237341314758254
    -0.6283185307179586     0.1256637061435919    0.01619189349587693
    -0.6283185307179586     0.2513274122871834    0.01640710620838615
    -0.6283185307179586     0.3769911184307753    0.01673654249847472
    -0.6283185307179586     0.5026548245743672    0.01488572760913582
    -0.6283185307179586     0.6283185307179582    0.01738319876427542
    -0.6283185307179586     0.7539822368615501    0.02119838335630517
    -0.6283185307179586     0.8796459430051424    0.01772075909262563
    -0.6283185307179586      1.005309649148734   0.009826493816518683
    -0.6283185307179586      1.130973355292326   0.004723870191930449
    -0.6283185307179586      1.256637061435917   0.002145123449363513
    -0.6283185307179586      1.382300767579509  0.0008060968084389451
    -0.6283185307179586      1.507964473723101   0.001360991204552985
    -0.6283185307179586      1.633628179866692  0.0007343897475153759
    -0.6283185307179586      1.759291886010284  -0.002795003544662622
    -0.6283185307179586      1.884955592153876  -0.004424666268273907
    -0.6283185307179586      2.010619298297467  -0.002242701770950382
    -0.6283185307179586       2.13628300444106 -0.0006691940466490464
    -0.6283185307179586      2.261946710584651 -0.0004268212833938424
    -0.6283185307179586      2.387610416728243   0.001735494548752389
    -0.6283185307179586      2.513274122871834   0.004580028837878313
    -0.6283185307179586      2.638937829015426   0.005056291728491326
    -0.6283185307179586      2.764601535159018   0.004380841927081202
    -0.6283185307179586      2.890265241302609   0.004337286631018146
    -0.6283185307179586      3.015928947446201   0.004184253538337165
    -0.5026548245743667     -3.141592653589793   0.005946193188842617
    -0.5026548245743667     -3.015928947446201   0.005862620464902524
    -0.5026548245743667      -2.89026524130261   0.005540728799292509
    -0.5026548245743667     -2.764601535159018   0.004621086541383021
    -0.5026548245743667     -2.638937829015426   0.004408264019853171
    -0.5026548245743667     -2.513274122871834    0.00533849740136676
    -0.5026548245743667     -2.387610416728243   0.006777033460749596
    -0.5026548245743667     -2.261946710584651   0.009097082426049334
    -0.5026548245743667     -2.136283004441059    0.01228265764055235
    -0.5026548245743667     -2.010619298297468    0.01431553171506304
    -0.5026548245743667     -1.884955592153876    0.01417423712684508
    -0.5026548245743667     -1.759291886010284    0.01422537847404505
    -0.5026548245743667     -1.633628179866693    0.01699273477177052
    -0.5026548245743667     -1.507964473723101    0.02082380967818641
    -0.5026548245743667     -1.382300767579509     0.0217315431741946
    -0.5026548245743667     -1.256637061435917    0.01978079517409479
    -0.5026548245743667     -1.130973355292325    0.01925564907231938
    -0.5026548245743667     -1.005309649148733    0.02198541769462571
    -0.5026548245743667     -0.879645943005142    0.02640138066127926
    -0.5026548245743667    -0.7539822368615505    0.03172531026216299
    -0.5026548245743667    -0.6283185307179586    0.03681715010962296
    -0.5026548245743667    -0.5026548245743667    0.03966102448867748
    -0.5026548245743667    -0.3769911184307753    0.04199326648448069
    -0.5026548245743667    -0.2513274122871838    0.04497553166051298
    -0.5026548245743667    -0.1256637061435919    0.04182280824746025
    -0.5026548245743667                      0    0.02997806043973432
    -0.5026548245743667     0.1256637061435919    0.02116790259251147
    -0.5026548245743667     0.2513274122871834    0.02169649696944321
    -0.5026548245743667     0.3769911184307753    0.02209826172497023
    -0.5026548245743667     0.5026548245743672    0.01963794899217238
    -0.5026548245743667     0.6283185307179582    0.02256240725099168
    -0.5026548245743667     0.7539822368615501    0.02766062085731326
    -0.5026548245743667     0.8796459430051424    0.02429228654461009
    -0.5026548245743667      1.005309649148734    0.01516346907454803
    -0.5026548245743667      1.130973355292326   0.009091752110814904
    -0.5026548245743667      1.256637061435917   0.006449694985523742
    -0.5026548245743667      1.382300767579509   0.005149159657551896
    -0.5026548245743667      1.507964473723101    0.00506743610155391
    -0.5026548245743667      1.633628179866692   0.003281526638196326
    -0.5026548245743667      1.759291886010284   -0.00118990667490061
    -0.5026548245743667      1.884955592153876  -0.003073901323510704
    -0.5026548245743667      2.010619298297467  -0.000690857570463114
    -0.5026548245743667       2.13628300444106   0.001040992347517409
    -0.5026548245743667      2.261946710584651   0.001326669926269026
    -0.5026548245743667      2.387610416728243   0.003702668629413664
    -0.5026548245743667      2.513274122871834   0.006981332343862535
    -0.5026548245743667      2.638937829015426   0.007812848083698962
    -0.5026548245743667      2.764601535159018   0.007178119687843431
    -0.5026548245743667      2.890265241302609   0.006938778444910486
    -0.5026548245743667      3.015928947446201   0.006537183285216857
    -0.3769911184307753     -3.141592653589793   0.008587136344384766
    -0.3769911184307753     -3.015928947446201   0.007454794309016246
    -0.3769911184307753      -2.89026524130261   0.006370799137181344
    -0.3769911184307753     -2.764601535159018   0.005365433616861436
    -0.3769911184307753     -2.638937829015426   0.005174289174079839
    -0.3769911184307753     -2.513274122871834   0.005922113577896104
    -0.3769911184307753     -2.387610416728243   0.007338237303630232
    -0.3769911184307753     -2.261946710584651   0.009851806496744771
    -0.3769911184307753     -2.136283004441059    0.01310682560879109
    -0.3769911184307753     -2.010619298297468    0.01511527732224146
    -0.3769911184307753     -1.884955592153876    0.01522022023769736
    -0.3769911184307753     -1.759291886010284    0.01581518319914211
    -0.3769911184307753     -1.633628179866693    0.01903763267433645
    -0.3769911184307753     -1.507964473723101    0.02309391668394928
    -0.3769911184307753     -1.382300767579509    0.02428144815006493
    -0.3769911184307753     -1.256637061435917    0.02269034918933739
    -0.3769911184307753     -1.130973355292325    0.02236975712942704
    -0.3769911184307753     -1.005309649148733    0.02548277377471398
    -0.3769911184307753     -0.879645943005142    0.03096278058408477
    -0.3769911184307753    -0.7539822368615505    0.03763366374229547
    -0.3769911184307753    -0.6283185307179586    0.04373567825454305
    -0.3769911184307753    -0.5026548245743667    0.04751266413283779
    -0.3769911184307753    -0.3769911184307753    0.05097226300213811
    -0.3769911184307753    -0.2513274122871838    0.05438663376004932
    -0.3769911184307753    -0.1256637061435919    0.04986719454028388
    -0.3769911184307753                      0    0.03545615803527914
    -0.3769911184307753     0.1256637061435919    0.02487507910460153
    -0.3769911184307753     0.2513274122871834    0.02511366601731648
    -0.3769911184307753     0.3769911184307753    0.02545681496513702
    -0.3769911184307753     0.5026548245743672    0.02264368028264931
    -0.3769911184307753     0.6283185307179582    0.02579112583964868
    -0.3769911184307753     0.7539822368615501    0.03166043222079458
    -0.3769911184307753     0.8796459430051424     0.0285016238005421
    -0.3769911184307753      1.005309649148734    0.01890559589245382
    -0.3769911184307753      1.130973355292326    0.01274295948285047
    -0.3769911184307753      1.256637061435917    0.01079372679086077
    -0.3769911184307753      1.382300767579509   0.009996360052883057
    -0.3769911184307753      1.507964473723101   0.009268837289470467
    -0.3769911184307753      1.633628179866692   0.006088821785303582
    -0.3769911184307753      1.759291886010284  0.0005120580655732444
    -0.3769911184307753      1.884955592153876  -0.001785265587605682
    -0.3769911184307753      2.010619298297467  0.0007325683238628136
    -0.3769911184307753       2.13628300444106   0.002856188102065636
    -0.3769911184307753      2.261946710584651   0.003364496690394469
    -0.3769911184307753      2.387610416728243   0.005766681486875952
    -0.3769911184307753      2.513274122871834   0.009454663367603382
    -0.3769911184307753      2.638937829015426    0.01113090442352057
    -0.3769911184307753      2.764601535159018    0.01098421732447723
    -0.3769911184307753      2.890265241302609    0.01060347440108519
    -0.3769911184307753      3.015928947446201   0.009834336706056582
    -0.2513274122871838     -3.141592653589793   0.008422664867878096
    -0.2513274122871838     -3.015928947446201   0.008559612070562212
    -0.2513274122871838      -2.89026524130261   0.008210020177971036
    -0.2513274122871838     -2.764601535159018   0.007022126732738973
    -0.2513274122871838     -2.638937829015426   0.007006322547533685
    -0.2513274122871838     -2.513274122871834   0.008508478115472418
    -0.2513274122871838     -2.387610416728243    0.01036506668578237
    -0.2513274122871838     -2.261946710584651    0.01343414544058145
    -0.2513274122871838     -2.136283004441059    0.01807463913539764
    -0.2513274122871838     -2.010619298297468    0.02119160480399198
    -0.2513274122871838     -1.884955592153876    0.02093665122251747
    -0.2513274122871838     -1.759291886010284    0.02068946269889057
    -0.2513274122871838     -1.633628179866693    0.02428040596473953
    -0.2513274122871838     -1.507964473723101    0.02949727428315415
    -0.2513274122871838     -1.382300767579509    0.03072016255313552
    -0.2513274122871838     -1.256637061435917    0.02805704768189049
    -0.2513274122871838     -1.130973355292325      0.027435824142014
    -0.2513274122871838     -1.005309649148733    0.03107503080064255
    -0.2513274122871838     -0.879645943005142    0.03654303587449551
    -0.2513274122871838    -0.7539822368615505    0.04306035208508831
    -0.2513274122871838    -0.6283185307179586    0.04947065846860223
    -0.2513274122871838    -0.5026548245743667    0.05293826138131875
    -0.2513274122871838    -0.3769911184307753    0.05574301806148394
    -0.2513274122871838    -0.2513274122871838    0.05981302705598251
    -0.2513274122871838    -0.1256637061435919    0.05617211146713814
    -0.2513274122871838                      0    0.04115537021923595
    -0.2513274122871838     0.1256637061435919    0.03033234683178941
    -0.2513274122871838     0.2513274122871834    0.03184886735525391
    -0.2513274122871838     0.3769911184307753    0.03252304466214875
    -0.2513274122871838     0.5026548245743672    0.02887351415477769
    -0.2513274122871838     0.6283185307179582    0.03282506728957482
    -0.2513274122871838     0.7539822368615501    0.04034711591669621
    -0.2513274122871838     0.8796459430051424    0.03641364871183037
    -0.2513274122871838      1.005309649148734    0.02398504286367435
    -0.2513274122871838      1.130973355292326    0.01526252725660354
    -0.2513274122871838      1.256637061435917    0.01143881459248644
    -0.2513274122871838      1.382300767579509   0.009508991069348712
    -0.2513274122871838      1.507964473723101   0.008820938253269496
    -0.2513274122871838      1.633628179866692   0.005902816172001179
    -0.2513274122871838      1.759291886010284 -1.799704170706068e-06
    -0.2513274122871838      1.884955592153876  -0.002288517472193424
    -0.2513274122871838      2.010619298297467  0.0007129819996221298
    -0.2513274122871838       2.13628300444106   0.002646687603812693
    -0.2513274122871838      2.261946710584651    0.00282309113074562
    -0.2513274122871838      2.387610416728243   0.005905969839622258
    -0.2513274122871838      2.513274122871834    0.01013890548076616
    -0.2513274122871838      2.638937829015426      0.011056472942163
    -0.2513274122871838      2.764601535159018    0.01003253556549551
    -0.2513274122871838      2.890265241302609   0.009579628168214754
    -0.2513274122871838      3.015928947446201   0.009027502513713785
    -0.1256637061435919     -3.141592653589793   0.006688282315687012
    -0.1256637061435919     -3.015928947446201   0.009728077166601868
    -0.1256637061435919      -2.89026524130261    0.01111272621671613
    -0.1256637061435919     -2.764601535159018   0.009759728764669693
    -0.1256637061435919     -2.638937829015426    0.01024805876171257
    -0.1256637061435919     -2.513274122871834    0.01325288886835726
    -0.1256637061435919     -2.387610416728243    0.01571393408058378
    -0.1256637061435919     -2.261946710584651    0.01943266620625776
    -0.1256637061435919     -2.136283004441059    0.02645188338038829
    -0.1256637061435919     -2.010619298297468    0.03163096871974633
    -0.1256637061435919     -1.884955592153876    0.03060749328481887
    -0.1256637061435919     -1.759291886010284    0.02840085356306099
    -0.1256637061435919     -1.633628179866693    0.03208603016358265
    -0.1256637061435919     -1.507964473723101    0.03894386345370538
    -0.1256637061435919     -1.382300767579509    0.04001819807560869
    -0.1256637061435919     -1.256637061435917    0.03544278909980345
    -0.1256637061435919     -1.130973355292325     0.0343063595173995
    -0.1256637061435919     -1.005309649148733    0.03843927416716538
    -0.1256637061435919     -0.879645943005142      0.042676115836712
    -0.1256637061435919    -0.7539822368615505    0.04737285467966174
    -0.1256637061435919    -0.6283185307179586    0.05309608154688999
    -0.1256637061435919    -0.5026548245743667    0.05508425948074076
    -0.1256637061435919    -0.3769911184307753    0.05577294376322204
    -0.1256637061435919    -0.2513274122871838    0.06056860014889198
    -0.1256637061435919    -0.1256637061435919    0.05980374378799319
    -0.1256637061435919                      0    0.04660462573454514
    -0.1256637061435919     0.1256637061435919    0.03768551122840147
    -0.1256637061435919     0.2513274122871834    0.04211007730848474
    -0.1256637061435919     0.3769911184307753    0.04345121113667979
    -0.1256637061435919     0.5026548245743672    0.03846559575013347
    -0.1256637061435919     0.6283185307179582    0.04348243626719847
    -0.1256637061435919     0.7539822368615501    0.05358924397924549
    -0.1256637061435919     0.8796459430051424    0.04893883464905843
    -0.1256637061435919      1.005309649148734      0.032453860125978
    -0.1256637061435919      1.130973355292326    0.01941199674168643
    -0.1256637061435919      1.256637061435917     0.0120199870117083
    -0.1256637061435919      1.382300767579509   0.007859992913184731
    -0.1256637061435919      1.507964473723101   0.007124730899607305
    -0.1256637061435919      1.633628179866692   0.005086284397487507
    -0.1256637061435919      1.759291886010284 -0.0004107905665713911
    -0.1256637061435919      1.884955592153876  -0.002140543277027904
    -0.1256637061435919      2.010619298297467   0.001289105478568064
    -0.1256637061435919       2.13628300444106   0.002268883621461573
    -0.1256637061435919      2.261946710584651    0.00158781828918221
    -0.1256637061435919      2.387610416728243   0.005565341281896456
    -0.1256637061435919      2.513274122871834    0.01014632355198718
    -0.1256637061435919      2.638937829015426   0.009116130714370179
    -0.1256637061435919      2.764601535159018   0.006250851361055113
    -0.1256637061435919      2.890265241302609   0.005654971656001451
    -0.1256637061435919      3.015928947446201   0.005674733133709611
                      0     -3.141592653589793   0.006936311866599152
                      0     -3.015928947446201    0.01110563939195029
                      0      -2.89026524130261    0.01304056087409918
                      0     -2.764601535159018    0.01177789095592589
                      0     -2.638937829015426     0.0129283891739952
                      0     -2.513274122871834    0.01673705635917966
                      0     -2.387610416728243    0.01912365225803686
                      0     -2.261946710584651    0.02279634674023572
                      0     -2.136283004441059    0.03092181327456862
                      0     -2.010619298297468    0.03721228127844516
                      0     -1.884955592153876    0.03586429263813613
                      0     -1.759291886010284    0.03259859582866566
                      0     -1.633628179866693     0.0359691166020966
                      0     -1.507964473723101    0.04319277807651971
                      0     -1.382300767579509    0.04421425219993678
                      0     -1.256637061435917    0.03921940508730741
                      0     -1.130973355292325    0.03815026851613857
                      0     -1.005309649148733    0.04220969265916422
                      0     -0.879645943005142    0.04508176244252064
                      0    -0.7539822368615505    0.04793578980933639
                      0    -0.6283185307179586    0.05247837771033555
                      0    -0.5026548245743667    0.05333938795829862
                      0    -0.3769911184307753    0.05283386476191376
                      0    -0.2513274122871838    0.05781970015272573
                      0    -0.1256637061435919    0.05898623814180307
                      0                      0    0.04838246525830783
                      0     0.1256637061435919    0.04218667165047371
                      0     0.2513274122871834    0.04881073236660106
                      0     0.3769911184307753     0.0505526681351247
                      0     0.5026548245743672    0.04469945257361921
                      0     0.6283185307179582    0.04988842783418802
                      0     0.7539822368615501    0.06166019047319794
                      0     0.8796459430051424    0.05807876634327233
                      0      1.005309649148734    0.04068826333414769
                      0      1.130973355292326    0.02581212827335059
                      0      1.256637061435917    0.01717319072438516
                      0      1.382300767579509    0.01219060386674339
                      0      1.507964473723101    0.01034761887229999
                      0      1.633628179866692   0.007599305663879338
                      0      1.759291886010284   0.002558342094267812
                      0      1.884955592153876   0.001486135229648255
                      0      2.010619298297467   0.004543670398546295
                      0       2.13628300444106   0.004491797111928181
                      0      2.261946710584651    0.00319892951792991
                      0      2.387610416728243   0.007073043206980894
                      0      2.513274122871834    0.01128862618878945
                      0      2.638937829015426   0.009424913529728357
                      0      2.764601535159018   0.005862874864827023
                      0      2.890265241302609   0.005012983013312837
                      0      3.015928947446201   0.005167527928303602
     0.1256637061435919     -3.141592653589793   0.008350191648994761
     0.1256637061435919     -3.015928947446201    0.01192988585582496
     0.1256637061435919      -2.89026524130261    0.01336935430078577
     0.1256637061435919     -2.764601535159018    0.01235417694647941
     0.1256637061435919     -2.638937829015426    0.01397007607893385
     0.1256637061435919     -2.513274122871834     0.0177087999295972
     0.1256637061435919     -2.387610416728243    0.01956306292015449
     0.1256637061435919     -2.261946710584651    0.02269916923063898
     0.1256637061435919     -2.136283004441059    0.03052026682987492
     0.1256637061435919     -2.010619298297468    0.03678531701603863
     0.1256637061435919     -1.884955592153876     0.0356240390735955
     0.1256637061435919     -1.759291886010284    0.03239453389038201
     0.1256637061435919     -1.633628179866693    0.03522186927106481
     0.1256637061435919     -1.507964473723101    0.04167781826075626
     0.1256637061435919     -1.382300767579509    0.04270685226250009
     0.1256637061435919     -1.256637061435917    0.03852720498414404
     0.1256637061435919     -1.130973355292325    0.03791885653760174
     0.1256637061435919     -1.005309649148733    0.04153782303714372
     0.1256637061435919     -0.879645943005142    0.04349461396775552
     0.1256637061435919    -0.7539822368615505     0.0451871967476641
     0.1256637061435919    -0.6283185307179586    0.04861600763267858
     0.1256637061435919    -0.5026548245743667    0.04903679544627468
     0.1256637061435919    -0.3769911184307753    0.04844810757067075
     0.1256637061435919    -0.2513274122871838    0.05308430300956969
     0.1256637061435919    -0.1256637061435919    0.05472007624522776
     0.1256637061435919                      0    0.04635189293291014
     0.1256637061435919     0.1256637061435919    0.04245135971345637
     0.1256637061435919     0.2513274122871834    0.04982532709847784
     0.1256637061435919     0.3769911184307753    0.05159258758999911
     0.1256637061435919     0.5026548245743672    0.04559980214581835
     0.1256637061435919     0.6283185307179582    0.05020782552288964
     0.1256637061435919     0.7539822368615501    0.06225245228311875
     0.1256637061435919     0.8796459430051424    0.06068892577526836
     0.1256637061435919      1.005309649148734    0.04519798337330003
     0.1256637061435919      1.130973355292326    0.03112227333816859
     0.1256637061435919      1.256637061435917    0.02347946480527177
     0.1256637061435919      1.382300767579509    0.01907317170339244
     0.1256637061435919      1.507964473723101     0.0158037800113905
     0.1256637061435919      1.633628179866692    0.01149257550942509
     0.1256637061435919      1.759291886010284   0.006827664797478128
     0.1256637061435919      1.884955592153876   0.006258872988322649
     0.1256637061435919      2.010619298297467   0.008478380725679186
     0.1256637061435919       2.13628300444106   0.007731093119587406
     0.1256637061435919      2.261946710584651   0.006267048487001175
     0.1256637061435919      2.387610416728243   0.009340413863532803
     0.1256637061435919      2.513274122871834    0.01276171336675201
     0.1256637061435919      2.638937829015426    0.01115405138150762
     0.1256637061435919      2.764601535159018    0.00796769328819113
     0.1256637061435919      2.890265241302609    0.00685350458872318
     0.1256637061435919      3.015928947446201   0.006753900101585595
     0.2513274122871834     -3.141592653589793   0.009240930026792537
     0.2513274122871834     -3.015928947446201    0.01224220887228589
     0.2513274122871834      -2.89026524130261     0.0132525991433728
     0.2513274122871834     -2.764601535159018     0.0124621929104966
     0.2513274122871834     -2.638937829015426    0.01437002630875532
     0.2513274122871834     -2.513274122871834    0.01791736492198382
     0.2513274122871834     -2.387610416728243    0.01930805905905668
     0.2513274122871834     -2.261946710584651    0.02194905783125996
     0.2513274122871834     -2.136283004441059     0.0293113279912022
     0.2513274122871834     -2.010619298297468    0.03541283202300523
     0.2513274122871834     -1.884955592153876    0.03449537543699745
     0.2513274122871834     -1.759291886010284    0.03140835522438443
     0.2513274122871834     -1.633628179866693    0.03370133201443584
     0.2513274122871834     -1.507964473723101    0.03934810986452016
     0.2513274122871834     -1.382300767579509    0.04034295615879176
     0.2513274122871834     -1.256637061435917    0.03690867254240517
     0.2513274122871834     -1.130973355292325     0.0366893693251773
     0.2513274122871834     -1.005309649148733    0.03990651520087137
     0.2513274122871834     -0.879645943005142    0.04113380151799225
     0.2513274122871834    -0.7539822368615505    0.04187874078313329
     0.2513274122871834    -0.6283185307179586    0.04433737251782912
     0.2513274122871834    -0.5026548245743667    0.04441789892233389
     0.2513274122871834    -0.3769911184307753    0.04379004184887771
     0.2513274122871834    -0.2513274122871838      0.047988337630082
     0.2513274122871834    -0.1256637061435919    0.04989979102628465
     0.2513274122871834                      0    0.04350746722131182
     0.2513274122871834     0.1256637061435919    0.04151916821777249
     0.2513274122871834     0.2513274122871834    0.04926187573704902
     0.2513274122871834     0.3769911184307753    0.05098593017211329
     0.2513274122871834     0.5026548245743672    0.04503991183804845
     0.2513274122871834     0.6283185307179582     0.0490545512959816
     0.2513274122871834     0.7539822368615501    0.06102498423841102
     0.2513274122871834     0.8796459430051424    0.06119909525116565
     0.2513274122871834      1.005309649148734    0.04770663502297816
     0.2513274122871834      1.130973355292326    0.03467711121226949
     0.2513274122871834      1.256637061435917    0.02809059133262571
     0.2513274122871834      1.382300767579509    0.02431301183942397
     0.2513274122871834      1.507964473723101      0.019954492125699
     0.2513274122871834      1.633628179866692    0.01444415158716272
     0.2513274122871834      1.759291886010284    0.01020183437662642
     0.2513274122871834      1.884955592153876    0.01006572298542685
     0.2513274122871834      2.010619298297467    0.01153759539929167
     0.2513274122871834       2.13628300444106    0.01024788558423139
     0.2513274122871834      2.261946710584651   0.008706389160714917
     0.2513274122871834      2.387610416728243    0.01105727948502753
     0.2513274122871834      2.513274122871834    0.01372834204960904
     0.2513274122871834      2.638937829015426    0.01234709912483754
     0.2513274122871834      2.764601535159018   0.009517829650215808
     0.2513274122871834      2.890265241302609   0.008180293050541337
     0.2513274122871834      3.015928947446201   0.007846137717770424
     0.3769911184307753     -3.141592653589793    0.01081164865990799
     0.3769911184307753     -3.015928947446201    0.01299019740729484
     0.3769911184307753      -2.89026524130261    0.01335217367482321
     0.3769911184307753     -2.764601535159018    0.01283845035583403
     0.3769911184307753     -2.638937829015426    0.01522369925427708
     0.3769911184307753     -2.513274122871834    0.01860686518799555
     0.3769911184307753     -2.387610416728243    0.01937843776688257
     0.3769911184307753     -2.261946710584651    0.02138098042167174
     0.3769911184307753     -2.136283004441059    0.02822869856082751
     0.3769911184307753     -2.010619298297468    0.03411289115659534
     0.3769911184307753     -1.884955592153876    0.03339668329801884
     0.3769911184307753     -1.759291886010284    0.03047293593216594
     0.3769911184307753     -1.633628179866693    0.03219396593591923
     0.3769911184307753     -1.507964473723101    0.03690914003348546
     0.3769911184307753     -1.382300767579509    0.03792685494732243
     0.3769911184307753     -1.256637061435917    0.03551380838985061
     0.3769911184307753     -1.130973355292325     0.0358127100228555
     0.3769911184307753     -1.005309649148733     0.0384760775667061
     0.3769911184307753     -0.879645943005142    0.03876811426128536
     0.3769911184307753    -0.7539822368615505    0.03838316144997163
     0.3769911184307753    -0.6283185307179586    0.03968900441286865
     0.3769911184307753    -0.5026548245743667    0.03938429349025124
     0.3769911184307753    -0.3769911184307753    0.03880358089593421
     0.3769911184307753    -0.2513274122871838    0.04258985779542934
     0.3769911184307753    -0.1256637061435919    0.04484011963946546
     0.3769911184307753                      0    0.04074960397583451
     0.3769911184307753     0.1256637061435919    0.04108970304846223
     0.3769911184307753     0.2513274122871834    0.04941544346254213
     0.3769911184307753     0.3769911184307753    0.05112566570282115
     0.3769911184307753     0.5026548245743672     0.0451552863666479
     0.3769911184307753     0.6283185307179582    0.04846868228145275
     0.3769911184307753     0.7539822368615501    0.06046537692930871
     0.3769911184307753     0.8796459430051424    0.06274824495205912
     0.3769911184307753      1.005309649148734    0.05155041520098015
     0.3769911184307753      1.130973355292326    0.03969981819720333
     0.3769911184307753      1.256637061435917    0.03439264269909655
     0.3769911184307753      1.382300767579509    0.03135131510665252
     0.3769911184307753      1.507964473723101    0.02554395795451237
     0.3769911184307753      1.633628179866692    0.01840880334408948
     0.3769911184307753      1.759291886010284    0.01456157407309642
     0.3769911184307753      1.884955592153876    0.01490808377185002
     0.3769911184307753      2.010619298297467    0.01547401286527933
     0.3769911184307753       2.13628300444106    0.01352625525278432
     0.3769911184307753      2.261946710584651    0.01185304702279594
     0.3769911184307753      2.387610416728243    0.01328658236187534
     0.3769911184307753      2.513274122871834    0.01510112587660235
     0.3769911184307753      2.638937829015426    0.01414479523991813
     0.3769911184307753      2.764601535159018    0.01187336288537269
     0.3769911184307753      2.890265241302609    0.01030796832800396
     0.3769911184307753      3.015928947446201   0.009697181008090456
     0.5026548245743672     -3.141592653589793    0.01236463389132986
     0.5026548245743672     -3.015928947446201    0.01391160295804745
     0.5026548245743672      -2.89026524130261    0.01370065709822532
     0.5026548245743672     -2.764601535159018    0.01351928327812127
     0.5026548245743672     -2.638937829015426    0.01658125498873897
     0.5026548245743672     -2.513274122871834    0.01996295737370952
     0.5026548245743672     -2.387610416728243    0.02001854859604664
     0.5026548245743672     -2.261946710584651    0.02125907155029904
     0.5026548245743672     -2.136283004441059    0.02769966517666365
     0.5026548245743672     -2.010619298297468    0.03348352399466934
     0.5026548245743672     -1.884955592153876    0.03284390709256493
     0.5026548245743672     -1.759291886010284    0.02985559442203092
     0.5026548245743672     -1.633628179866693    0.03087193746332799
     0.5026548245743672     -1.507964473723101    0.03460416699941462
     0.5026548245743672     -1.382300767579509    0.03562659453135055
     0.5026548245743672     -1.256637061435917    0.03427872451338004
     0.5026548245743672     -1.130973355292325    0.03514256125814738
     0.5026548245743672     -1.005309649148733    0.03708108050140059
     0.5026548245743672     -0.879645943005142     0.0359480379329734
     0.5026548245743672    -0.7539822368615505    0.03385264540667098
     0.5026548245743672    -0.6283185307179586    0.03357346234447119
     0.5026548245743672    -0.5026548245743667    0.03254596804300505
     0.5026548245743672    -0.3769911184307753    0.03171045256253116
     0.5026548245743672    -0.2513274122871838    0.03506192506839816
     0.5026548245743672    -0.1256637061435919    0.03818719115022454
     0.5026548245743672                      0    0.03736578294455061
     0.5026548245743672     0.1256637061435919    0.04093554039021956
     0.5026548245743672     0.2513274122871834    0.05031738713349775
     0.5026548245743672     0.3769911184307753    0.05209805918980708
     0.5026548245743672     0.5026548245743672    0.04600565404943948
     0.5026548245743672     0.6283185307179582     0.0485446516748447
     0.5026548245743672     0.7539822368615501    0.06071247565044755
     0.5026548245743672     0.8796459430051424    0.06540100428309807
     0.5026548245743672      1.005309649148734    0.05660366718967427
     0.5026548245743672      1.130973355292326    0.04576764087778645
     0.5026548245743672      1.256637061435917    0.04156868419467153
     0.5026548245743672      1.382300767579509    0.03911730811294249
     0.5026548245743672      1.507964473723101    0.03162598935638893
     0.5026548245743672      1.633628179866692    0.02277872945135081
     0.5026548245743672      1.759291886010284    0.01955653821138875
     0.5026548245743672      1.884955592153876    0.02056695187706554
     0.5026548245743672      2.010619298297467    0.02007005192006444
     0.5026548245743672       2.13628300444106    0.01719706927559772
     0.5026548245743672      2.261946710584651    0.01523723509023502
     0.5026548245743672      2.387610416728243    0.01562543619423099
     0.5026548245743672      2.513274122871834    0.01641261280872004
     0.5026548245743672      2.638937829015426    0.01574619563032467
     0.5026548245743672      2.764601535159018    0.01397827626754732
     0.5026548245743672      2.890265241302609    0.01218247164929624
     0.5026548245743672      3.015928947446201    0.01135913760911742
     0.6283185307179582     -3.141592653589793    0.01230746852284716
     0.6283185307179582     -3.015928947446201    0.01457379055890918
     0.6283185307179582      -2.89026524130261     0.0146927926281689
     0.6283185307179582     -2.764601535159018    0.01472644047049149
     0.6283185307179582     -2.638937829015426    0.01841304694600488
     0.6283185307179582     -2.513274122871834    0.02229009591689894
     0.6283185307179582     -2.387610416728243    0.02202687865491123
     0.6283185307179582     -2.261946710584651    0.02288455081540494
     0.6283185307179582     -2.136283004441059    0.02977874891770334
     0.6283185307179582     -2.010619298297468    0.03620047599288671
     0.6283185307179582     -1.884955592153876    0.03538111303607108
     0.6283185307179582     -1.759291886010284    0.03160146534512932
     0.6283185307179582     -1.633628179866693    0.03198296471820258
     0.6283185307179582     -1.507964473723101    0.03543778864683519
     0.6283185307179582     -1.382300767579509    0.03633302249657144
     0.6283185307179582     -1.256637061435917    0.03504700758028958
     0.6283185307179582     -1.130973355292325     0.0361210463247726
     0.6283185307179582     -1.005309649148733    0.03764239181163971
     0.6283185307179582     -0.879645943005142     0.0348455934499562
     0.6283185307179582    -0.7539822368615505    0.03057752071947411
     0.6283185307179582    -0.6283185307179586    0.02865652788196187
     0.6283185307179582    -0.5026548245743667    0.02640417891654985
     0.6283185307179582    -0.3769911184307753    0.02442531190766997
     0.6283185307179582    -0.2513274122871838    0.02754592019058796
     0.6283185307179582    -0.1256637061435919    0.03253493489442814
     0.6283185307179582                      0     0.0353345686339543
     0.6283185307179582     0.1256637061435919    0.04234361207175284
     0.6283185307179582     0.2513274122871834    0.05350408702392991
     0.6283185307179582     0.3769911184307753     0.0555520551591287
     0.6283185307179582     0.5026548245743672    0.04901055942448316
     0.6283185307179582     0.6283185307179582    0.05125961142014392
     0.6283185307179582     0.7539822368615501    0.06425702187388151
     0.6283185307179582     0.8796459430051424    0.07055997585021008
     0.6283185307179582      1.005309649148734    0.06241596376006541
     0.6283185307179582      1.130973355292326     0.0509758018190237
     0.6283185307179582      1.256637061435917    0.04633289293979326
     0.6283185307179582      1.382300767579509    0.04352845596181601
     0.6283185307179582      1.507964473723101    0.03487107243682511
     0.6283185307179582      1.633628179866692    0.02528680216592785
     0.6283185307179582      1.759291886010284    0.02292826536759691
     0.6283185307179582      1.884955592153876    0.02473613225583999
     0.6283185307179582      2.010619298297467     0.0235296495646415
     0.6283185307179582       2.13628300444106    0.01954788662418526
     0.6283185307179582      2.261946710584651    0.01706155459647774
     0.6283185307179582      2.387610416728243    0.01695416239010982
     0.6283185307179582      2.513274122871834    0.01695995644595514
     0.6283185307179582      2.638937829015426    0.01564288221460882
     0.6283185307179582      2.764601535159018    0.01349627932492176
     0.6283185307179582      2.890265241302609    0.01146531265598149
     0.6283185307179582      3.015928947446201    0.01071872780827905
     0.7539822368615501     -3.141592653589793    0.01385733237794649
     0.7539822368615501     -3.015928947446201    0.01640783971874142
     0.7539822368615501      -2.89026524130261     0.0165195006455458
     0.7539822368615501     -2.764601535159018    0.01666097002531769
     0.7539822368615501     -2.638937829015426    0.02096441578334374
     0.7539822368615501     -2.513274122871834     0.0253353594634937
     0.7539822368615501     -2.387610416728243    0.02486059334748739
     0.7539822368615501     -2.261946710584651      0.025609008136957
     0.7539822368615501     -2.136283004441059    0.03326360646614306
     0.7539822368615501     -2.010619298297468    0.04051350319028527
     0.7539822368615501     -1.884955592153876    0.03963149919282805
     0.7539822368615501     -1.759291886010284    0.03528462948139475
     0.7539822368615501     -1.633628179866693    0.03542576009156723
     0.7539822368615501     -1.507964473723101    0.03900083385273045
     0.7539822368615501     -1.382300767579509    0.03995367977431559
     0.7539822368615501     -1.256637061435917    0.03871143656824115
     0.7539822368615501     -1.130973355292325    0.04004646771964775
     0.7539822368615501     -1.005309649148733    0.04155175016675224
     0.7539822368615501     -0.879645943005142    0.03788882534704634
     0.7539822368615501    -0.7539822368615505     0.0324132383274401
     0.7539822368615501    -0.6283185307179586    0.02966244396364717
     0.7539822368615501    -0.5026548245743667     0.0267935672646667
     0.7539822368615501    -0.3769911184307753    0.02431602093577421
     0.7539822368615501    -0.2513274122871838    0.02761569772570453
     0.7539822368615501    -0.1256637061435919    0.03365395397496949
     0.7539822368615501                      0    0.03808480447268332
     0.7539822368615501     0.1256637061435919    0.04713292335579133
     0.7539822368615501     0.2513274122871834    0.06002988193406273
     0.7539822368615501     0.3769911184307753    0.06235421065243851
     0.7539822368615501     0.5026548245743672    0.05499392499126791
     0.7539822368615501     0.6283185307179582    0.05728142248379667
     0.7539822368615501     0.7539822368615501    0.07190065217871001
     0.7539822368615501     0.8796459430051424    0.07971065292381983
     0.7539822368615501      1.005309649148734    0.07130693719393784
     0.7539822368615501      1.130973355292326    0.05871145893771969
     0.7539822368615501      1.256637061435917    0.05370954421602966
     0.7539822368615501      1.382300767579509    0.05066932052595601
     0.7539822368615501      1.507964473723101    0.04051437701792523
     0.7539822368615501      1.633628179866692    0.02940097064339012
     0.7539822368615501      1.759291886010284    0.02708732245894843
     0.7539822368615501      1.884955592153876    0.02939019904781216
     0.7539822368615501      2.010619298297467    0.02770153918023304
     0.7539822368615501       2.13628300444106    0.02288647200603209
     0.7539822368615501      2.261946710584651    0.01998595506366609
     0.7539822368615501      2.387610416728243    0.01957868328198722
     0.7539822368615501      2.513274122871834    0.01921712230280742
     0.7539822368615501      2.638937829015426    0.01764753084353637
     0.7539822368615501      2.764601535159018    0.01525104993067993
     0.7539822368615501      2.890265241302609    0.01287833698367375
     0.7539822368615501      3.015928947446201    0.01200543183772297
     0.8796459430051424     -3.141592653589793    0.01857488245664065
     0.8796459430051424     -3.015928947446201     0.0193562202033939
     0.8796459430051424      -2.89026524130261    0.01807979192698239
     0.8796459430051424     -2.764601535159018    0.01833608473732563
     0.8796459430051424     -2.638937829015426    0.02318935397143261
     0.8796459430051424     -2.513274122871834    0.02738304209270786
     0.8796459430051424     -2.387610416728243    0.02638602615284389
     0.8796459430051424     -2.261946710584651    0.02688148993161721
     0.8796459430051424     -2.136283004441059     0.0344593491808752
     0.8796459430051424     -2.010619298297468    0.04171013040570665
     0.8796459430051424     -1.884955592153876    0.04118798466719011
     0.8796459430051424     -1.759291886010284     0.0374489588981064
     0.8796459430051424     -1.633628179866693    0.03771299668976245
     0.8796459430051424     -1.507964473723101    0.04096867384393531
     0.8796459430051424     -1.382300767579509    0.04230620106149628
     0.8796459430051424     -1.256637061435917    0.04224202820977371
     0.8796459430051424     -1.130973355292325    0.04424743144729344
     0.8796459430051424     -1.005309649148733    0.04578340035989915
     0.8796459430051424     -0.879645943005142    0.04249715522022771
     0.8796459430051424    -0.7539822368615505    0.03755206909724948
     0.8796459430051424    -0.6283185307179586    0.03501362413788559
     0.8796459430051424    -0.5026548245743667    0.03283846801508944
     0.8796459430051424    -0.3769911184307753    0.03163317632548449
     0.8796459430051424    -0.2513274122871838    0.03525358586690926
     0.8796459430051424    -0.1256637061435919    0.04017814410391372
     0.8796459430051424                      0     0.0435199595382666
     0.8796459430051424     0.1256637061435919    0.05256149984895413
     0.8796459430051424     0.2513274122871834    0.06597718772024463
     0.8796459430051424     0.3769911184307753    0.06830584380969838
     0.8796459430051424     0.5026548245743672    0.06029582160880245
     0.8796459430051424     0.6283185307179582    0.06238347966080155
     0.8796459430051424     0.7539822368615501    0.07833601251494114
     0.8796459430051424     0.8796459430051424    0.08815878766058993
     0.8796459430051424      1.005309649148734    0.08064793350741392
     0.8796459430051424      1.130973355292326    0.06844220621242637
     0.8796459430051424      1.256637061435917    0.06502860344623065
     0.8796459430051424      1.382300767579509    0.06300403875459656
     0.8796459430051424      1.507964473723101     0.0507175649889543
     0.8796459430051424      1.633628179866692    0.03645867827889279
     0.8796459430051424      1.759291886010284    0.03308485624964527
     0.8796459430051424      1.884955592153876    0.03532690828181147
     0.8796459430051424      2.010619298297467    0.03307154156696401
     0.8796459430051424       2.13628300444106    0.02807595013831575
     0.8796459430051424      2.261946710584651    0.02523158042994972
     0.8796459430051424      2.387610416728243    0.02414402832513916
     0.8796459430051424      2.513274122871834    0.02361930126733002
     0.8796459430051424      2.638937829015426    0.02333457790394069
     0.8796459430051424      2.764601535159018    0.02188809427669961
     0.8796459430051424      2.890265241302609    0.01914198327184261
     0.8796459430051424      3.015928947446201    0.01763157221690258
      1.005309649148734     -3.141592653589793    0.02098189936256879
      1.005309649148734     -3.015928947446201    0.02022694420407447
      1.005309649148734      -2.89026524130261    0.01788994456910408
      1.005309649148734     -2.764601535159018    0.01823871158570836
      1.005309649148734     -2.638937829015426    0.02319603676331352
      1.005309649148734     -2.513274122871834    0.02691524579768873
      1.005309649148734     -2.387610416728243    0.02552741488815868
      1.005309649148734     -2.261946710584651     0.0257227078023694
      1.005309649148734     -2.136283004441059    0.03259212101744784
      1.005309649148734     -2.010619298297468     0.0392300105746335
      1.005309649148734     -1.884955592153876    0.03902103881656734
      1.005309649148734     -1.759291886010284    0.03606870339973035
      1.005309649148734     -1.633628179866693    0.03637871966875272
      1.005309649148734     -1.507964473723101    0.03905676509657065
      1.005309649148734     -1.382300767579509    0.04060262711656322
      1.005309649148734     -1.256637061435917    0.04157384389378255
      1.005309649148734     -1.130973355292325    0.04399149093738571
      1.005309649148734     -1.005309649148733     0.0453619607731582
      1.005309649148734     -0.879645943005142    0.04254313479606446
      1.005309649148734    -0.7539822368615505    0.03832199927487981
      1.005309649148734    -0.6283185307179586    0.03606425335676483
      1.005309649148734    -0.5026548245743667    0.03457878719465483
      1.005309649148734    -0.3769911184307753    0.03448688794040599
      1.005309649148734    -0.2513274122871838    0.03805825683547254
      1.005309649148734    -0.1256637061435919    0.04174838551094526
      1.005309649148734                      0     0.0441423456887996
      1.005309649148734     0.1256637061435919    0.05264089935707825
      1.005309649148734     0.2513274122871834    0.06545170351539673
      1.005309649148734     0.3769911184307753    0.06760325802178005
      1.005309649148734     0.5026548245743672    0.05971806024128221
      1.005309649148734     0.6283185307179582    0.06142684690180322
      1.005309649148734     0.7539822368615501    0.07714732757731045
      1.005309649148734     0.8796459430051424    0.08790811209998596
      1.005309649148734      1.005309649148734    0.08185918066257904
      1.005309649148734      1.130973355292326    0.07102430399689372
      1.005309649148734      1.256637061435917    0.06922672054580276
      1.005309649148734      1.382300767579509    0.06820906840708575
      1.005309649148734      1.507964473723101    0.05511483953327038
      1.005309649148734      1.633628179866692    0.03939674690095091
      1.005309649148734      1.759291886010284    0.03547777924014757
      1.005309649148734      1.884955592153876    0.03751950710217675
      1.005309649148734      2.010619298297467    0.03493256987228627
      1.005309649148734       2.13628300444106    0.03014837339260971
      1.005309649148734      2.261946710584651    0.02755793836730841
      1.005309649148734      2.387610416728243    0.02594359114146335
      1.005309649148734      2.513274122871834    0.02527734505454335
      1.005309649148734      2.638937829015426    0.02608742880779528
      1.005309649148734      2.764601535159018    0.02557514102085635
      1.005309649148734      2.890265241302609    0.02275547900921256
      1.005309649148734      3.015928947446201    0.02085274535142447
      1.130973355292326     -3.141592653589793     0.0197873720130807
      1.130973355292326     -3.015928947446201    0.01869571471198534
      1.130973355292326      -2.89026524130261    0.01622447011148249
      1.130973355292326     -2.764601535159018    0.01669097587610856
      1.130973355292326     -2.638937829015426    0.02152331066096138
      1.130973355292326     -2.513274122871834    0.02488669823202643
      1.130973355292326     -2.387610416728243    0.02326478676085986
      1.130973355292326     -2.261946710584651    0.02303898701837104
      1.130973355292326     -2.136283004441059    0.02896163259450178
      1.130973355292326     -2.010619298297468    0.03474978015475287
      1.130973355292326     -1.884955592153876    0.03448599651979102
      1.130973355292326     -1.759291886010284    0.03183496682777878
      1.130973355292326     -1.633628179866693    0.03187018208423165
      1.130973355292326     -1.507964473723101    0.03383729533981111
      1.130973355292326     -1.382300767579509    0.03527736984414148
      1.130973355292326     -1.256637061435917     0.0367612886305528
      1.130973355292326     -1.130973355292325    0.03920800240568292
      1.130973355292326     -1.005309649148733    0.04000057795934922
      1.130973355292326     -0.879645943005142    0.03678689575512733
      1.130973355292326    -0.7539822368615505    0.03228503328203756
      1.130973355292326    -0.6283185307179586    0.02958168657849434
      1.130973355292326    -0.5026548245743667    0.02796200188540464
      1.130973355292326    -0.3769911184307753    0.02786570020633126
      1.130973355292326    -0.2513274122871838    0.03095412715431342
      1.130973355292326    -0.1256637061435919    0.03463113606619238
      1.130973355292326                      0    0.03816094548366217
      1.130973355292326     0.1256637061435919    0.04717485949668321
      1.130973355292326     0.2513274122871834    0.05912897602910452
      1.130973355292326     0.3769911184307753    0.06110622961044854
      1.130973355292326     0.5026548245743672    0.05399954903947271
      1.130973355292326     0.6283185307179582    0.05517027477006846
      1.130973355292326     0.7539822368615501    0.06925074551639174
      1.130973355292326     0.8796459430051424    0.07985324624989203
      1.130973355292326      1.005309649148734    0.07547287856345021
      1.130973355292326      1.130973355292326    0.06627443199901382
      1.130973355292326      1.256637061435917    0.06519053921738539
      1.130973355292326      1.382300767579509    0.06452856465978733
      1.130973355292326      1.507964473723101    0.05205314735766092
      1.130973355292326      1.633628179866692    0.03720597633798157
      1.130973355292326      1.759291886010284    0.03390669399727817
      1.130973355292326      1.884955592153876    0.03596773213620937
      1.130973355292326      2.010619298297467    0.03319521954241176
      1.130973355292326       2.13628300444106    0.02854387401088402
      1.130973355292326      2.261946710584651    0.02607920366314709
      1.130973355292326      2.387610416728243    0.02412399616721421
      1.130973355292326      2.513274122871834    0.02312250717942817
      1.130973355292326      2.638937829015426    0.02414188363800175
      1.130973355292326      2.764601535159018    0.02406582746365625
      1.130973355292326      2.890265241302609    0.02152433709926377
      1.130973355292326      3.015928947446201    0.01976032013800194
      1.256637061435917     -3.141592653589793    0.02091670632093078
      1.256637061435917     -3.015928947446201    0.01811821094098665
      1.256637061435917      -2.89026524130261    0.01452917902016614
      1.256637061435917     -2.764601535159018    0.01519907271898211
      1.256637061435917     -2.638937829015426    0.02010431100769067
      1.256637061435917     -2.513274122871834    0.02277725141554592
      1.256637061435917     -2.387610416728243    0.02053645616870891
      1.256637061435917     -2.261946710584651    0.01958238072560765
      1.256637061435917     -2.136283004441059    0.02396764552463166
      1.256637061435917     -2.010619298297468    0.02833550889044528
      1.256637061435917     -1.884955592153876    0.02816501939686729
      1.256637061435917     -1.759291886010284    0.02645429841034201
      1.256637061435917     -1.633628179866693     0.0263106875061133
      1.256637061435917     -1.507964473723101    0.02710769822809801
      1.256637061435917     -1.382300767579509    0.02866573021993999
      1.256637061435917     -1.256637061435917    0.03164179695267075
      1.256637061435917     -1.130973355292325     0.0344937001073276
      1.256637061435917     -1.005309649148733    0.03446734443576988
      1.256637061435917     -0.879645943005142    0.03115344787845703
      1.256637061435917    -0.7539822368615505    0.02695062683522326
      1.256637061435917    -0.6283185307179586      0.024020563584728
      1.256637061435917    -0.5026548245743667    0.02283556617950661
      1.256637061435917    -0.3769911184307753    0.02371819314829212
      1.256637061435917    -0.2513274122871838    0.02637166977541854
      1.256637061435917    -0.1256637061435919    0.02905438317366096
      1.256637061435917                      0    0.03294483948485951
      1.256637061435917     0.1256637061435919    0.04208097831858854
      1.256637061435917     0.2513274122871834    0.05276901835186212
      1.256637061435917     0.3769911184307753    0.05445729216988723
      1.256637061435917     0.5026548245743672      0.048204093569481
      1.256637061435917     0.6283185307179582    0.04851600179360033
      1.256637061435917     0.7539822368615501    0.06076748063369027
      1.256637061435917     0.8796459430051424    0.07194080467288437
      1.256637061435917      1.005309649148734    0.07037828620692151
      1.256637061435917      1.130973355292326      0.063934809569084
      1.256637061435917      1.256637061435917     0.0648991288040341
      1.256637061435917      1.382300767579509    0.06539216514014072
      1.256637061435917      1.507964473723101    0.05281288039436788
      1.256637061435917      1.633628179866692    0.03757094330054049
      1.256637061435917      1.759291886010284     0.0343819206964855
      1.256637061435917      1.884955592153876    0.03625926181209768
      1.256637061435917      2.010619298297467     0.0330272413921781
      1.256637061435917       2.13628300444106    0.02868934139652092
      1.256637061435917      2.261946710584651    0.02652403756781853
      1.256637061435917      2.387610416728243       0.02374404598585
      1.256637061435917      2.513274122871834    0.02232716141836336
      1.256637061435917      2.638937829015426    0.02459587324975094
      1.256637061435917      2.764601535159018     0.0258585150735508
      1.256637061435917      2.890265241302609    0.02360224702089152
      1.256637061435917      3.015928947446201    0.02168378458027335
      1.382300767579509     -3.141592653589793     0.0238761670102162
      1.382300767579509     -3.015928947446201    0.01816107074719737
      1.382300767579509      -2.89026524130261     0.0127468533021023
      1.382300767579509     -2.764601535159018    0.01342179749036894
      1.382300767579509     -2.638937829015426    0.01788150487521618
      1.382300767579509     -2.513274122871834    0.01929807575760509
      1.382300767579509     -2.387610416728243    0.01667529791821334
      1.382300767579509     -2.261946710584651    0.01544877665869199
      1.382300767579509     -2.136283004441059    0.01806297939774232
      1.382300767579509     -2.010619298297468    0.02071460576366307
      1.382300767579509     -1.884955592153876    0.02117204026215801
      1.382300767579509     -1.759291886010284    0.02137150133949697
      1.382300767579509     -1.633628179866693    0.02167267530706877
      1.382300767579509     -1.507964473723101    0.02155997527295518
      1.382300767579509     -1.382300767579509    0.02346186472172105
      1.382300767579509     -1.256637061435917    0.02805320109775357
      1.382300767579509     -1.130973355292325    0.03133627558315197
      1.382300767579509     -1.005309649148733    0.03121962451943078
      1.382300767579509     -0.879645943005142    0.02980964521927549
      1.382300767579509    -0.7539822368615505    0.02830900620179772
      1.382300767579509    -0.6283185307179586    0.02693887001236612
      1.382300767579509    -0.5026548245743667    0.02769491218929605
      1.382300767579509    -0.3769911184307753    0.03109730166909637
      1.382300767579509    -0.2513274122871838    0.03363742278971951
      1.382300767579509    -0.1256637061435919    0.03299472117104003
      1.382300767579509                      0     0.0330322964437406
      1.382300767579509     0.1256637061435919    0.03879051889108064
      1.382300767579509     0.2513274122871834     0.0467900963461842
      1.382300767579509     0.3769911184307753    0.04792264539184427
      1.382300767579509     0.5026548245743672    0.04253047035923816
      1.382300767579509     0.6283185307179582    0.04231249075102725
      1.382300767579509     0.7539822368615501     0.0529127597320175
      1.382300767579509     0.8796459430051424    0.06411999749119206
      1.382300767579509      1.005309649148734    0.06485307400864444
      1.382300767579509      1.130973355292326    0.06155033164227527
      1.382300767579509      1.256637061435917    0.06551761905117282
      1.382300767579509      1.382300767579509    0.06792173958732277
      1.382300767579509      1.507964473723101    0.05536266673461898
      1.382300767579509      1.633628179866692    0.03894367396224387
      1.382300767579509      1.759291886010284    0.03453121581290892
      1.382300767579509      1.884955592153876    0.03549824577459292
      1.382300767579509      2.010619298297467    0.03227776198698891
      1.382300767579509       2.13628300444106    0.02918945648198174
      1.382300767579509      2.261946710584651     0.0278833781268828
      1.382300767579509      2.387610416728243    0.02461678955288753
      1.382300767579509      2.513274122871834    0.02347307296391094
      1.382300767579509      2.638937829015426    0.02789223407633303
      1.382300767579509      2.764601535159018     0.0309429573884074
      1.382300767579509      2.890265241302609    0.02884854251265943
      1.382300767579509      3.015928947446201    0.02633551006395845
      1.507964473723101     -3.141592653589793    0.02343060294195436
      1.507964473723101     -3.015928947446201    0.01617177051581362
      1.507964473723101      -2.89026524130261    0.01011260988006674
      1.507964473723101     -2.764601535159018    0.01051263582357051
      1.507964473723101     -2.638937829015426    0.01363239011272495
      1.507964473723101     -2.513274122871834    0.01375540313758701
      1.507964473723101     -2.387610416728243    0.01157529971182896
      1.507964473723101     -2.261946710584651      0.010852486123074
      1.507964473723101     -2.136283004441059    0.01214092411762816
      1.507964473723101     -2.010619298297468    0.01347283784525521
      1.507964473723101     -1.884955592153876    0.01471386019513797
      1.507964473723101     -1.759291886010284    0.01661209151175957
      1.507964473723101     -1.633628179866693    0.01759305548875153
      1.507964473723101     -1.507964473723101    0.01732338587289857
      1.507964473723101     -1.382300767579509    0.01929137693413453
      1.507964473723101     -1.256637061435917    0.02399916217205035
      1.507964473723101     -1.130973355292325    0.02703341475779811
      1.507964473723101     -1.005309649148733     0.0276358669040932
      1.507964473723101     -0.879645943005142    0.02913881531940146
      1.507964473723101    -0.7539822368615505    0.03122018398598492
      1.507964473723101    -0.6283185307179586    0.03235079235982823
      1.507964473723101    -0.5026548245743667    0.03522771424995487
      1.507964473723101    -0.3769911184307753    0.04063674072545009
      1.507964473723101    -0.2513274122871838    0.04301939588492797
      1.507964473723101    -0.1256637061435919    0.03885705214619669
      1.507964473723101                      0    0.03336018396310947
      1.507964473723101     0.1256637061435919    0.03365066617683785
      1.507964473723101     0.2513274122871834    0.03805711513084489
      1.507964473723101     0.3769911184307753    0.03853098344916597
      1.507964473723101     0.5026548245743672    0.03425393592100183
      1.507964473723101     0.6283185307179582    0.03414008729428993
      1.507964473723101     0.7539822368615501    0.04278133260171484
      1.507964473723101     0.8796459430051424    0.05206692569919176
      1.507964473723101      1.005309649148734    0.05326957984881258
      1.507964473723101      1.130973355292326    0.05213314337526869
      1.507964473723101      1.256637061435917    0.05775568508397422
      1.507964473723101      1.382300767579509    0.06138869862575556
      1.507964473723101      1.507964473723101    0.05065215509123689
      1.507964473723101      1.633628179866692    0.03522059816588293
      1.507964473723101      1.759291886010284    0.02968509132578821
      1.507964473723101      1.884955592153876    0.02949279479254075
      1.507964473723101      2.010619298297467    0.02713275499051313
      1.507964473723101       2.13628300444106    0.02584656118985557
      1.507964473723101      2.261946710584651    0.02562518250519869
      1.507964473723101      2.387610416728243    0.02292335381092932
      1.507964473723101      2.513274122871834     0.0226507290515274
      1.507964473723101      2.638937829015426    0.02814365151176351
      1.507964473723101      2.764601535159018    0.03188245507927089
      1.507964473723101      2.890265241302609    0.02997193374817357
      1.507964473723101      3.015928947446201    0.02710715653197083
      1.633628179866692     -3.141592653589793     0.0226743747903381
      1.633628179866692     -3.015928947446201    0.01461367918401283
      1.633628179866692      -2.89026524130261   0.008218288822022373
      1.633628179866692     -2.764601535159018   0.008606746787440061
      1.633628179866692     -2.638937829015426    0.01116355482300153
      1.633628179866692     -2.513274122871834    0.01056888007143649
      1.633628179866692     -2.387610416728243     0.0083872364206533
      1.633628179866692     -2.261946710584651   0.007585699340774819
      1.633628179866692     -2.136283004441059    0.00782919513477944
      1.633628179866692     -2.010619298297468   0.008237827752934251
      1.633628179866692     -1.884955592153876   0.009828218922369611
      1.633628179866692     -1.759291886010284    0.01254271065305564
      1.633628179866692     -1.633628179866693    0.01353207996686022
      1.633628179866692     -1.507964473723101    0.01270917495725926
      1.633628179866692     -1.382300767579509    0.01462300727482251
      1.633628179866692     -1.256637061435917    0.01970301389276387
      1.633628179866692     -1.130973355292325     0.0227069971837666
      1.633628179866692     -1.005309649148733    0.02326557213659798
      1.633628179866692     -0.879645943005142    0.02558241485082026
      1.633628179866692    -0.7539822368615505    0.02872228628297966
      1.633628179866692    -0.6283185307179586    0.03041696853576351
      1.633628179866692    -0.5026548245743667    0.03396826569881705
      1.633628179866692    -0.3769911184307753    0.04009703623119748
      1.633628179866692    -0.2513274122871838    0.04207272687558184
      1.633628179866692    -0.1256637061435919    0.03661166232938032
      1.633628179866692                      0    0.02992234459133238
      1.633628179866692     0.1256637061435919    0.02870473876223277
      1.633628179866692     0.2513274122871834    0.03135570540591445
      1.633628179866692     0.3769911184307753    0.03147534962038814
      1.633628179866692     0.5026548245743672    0.02802660910650777
      1.633628179866692     0.6283185307179582    0.02758922435026463
      1.633628179866692     0.7539822368615501    0.03465820220594152
      1.633628179866692     0.8796459430051424    0.04344026857536804
      1.633628179866692      1.005309649148734    0.04600167416399226
      1.633628179866692      1.130973355292326    0.04667418351137287
      1.633628179866692      1.256637061435917      0.053446612456784
      1.633628179866692      1.382300767579509     0.0578334784658397
      1.633628179866692      1.507964473723101    0.04793869325949202
      1.633628179866692      1.633628179866692    0.03314627752905088
      1.633628179866692      1.759291886010284    0.02759168452260321
      1.633628179866692      1.884955592153876    0.02705821400749601
      1.633628179866692      2.010619298297467     0.0248077779207746
      1.633628179866692       2.13628300444106    0.02417527986316492
      1.633628179866692      2.261946710584651    0.02442606275248383
      1.633628179866692      2.387610416728243      0.021668059599575
      1.633628179866692      2.513274122871834    0.02141894913878842
      1.633628179866692      2.638937829015426    0.02740308760921409
      1.633628179866692      2.764601535159018    0.03162526181440085
      1.633628179866692      2.890265241302609    0.02986090708175175
      1.633628179866692      3.015928947446201    0.02688388503981303
      1.759291886010284     -3.141592653589793    0.02566782826558523
      1.759291886010284     -3.015928947446201    0.01691636642359073
      1.759291886010284      -2.89026524130261   0.009721577658294296
      1.759291886010284     -2.764601535159018    0.01039435520493469
      1.759291886010284     -2.638937829015426    0.01407791063830306
      1.759291886010284     -2.513274122871834    0.01392020276247181
      1.759291886010284     -2.387610416728243    0.01096092889282234
      1.759291886010284     -2.261946710584651    0.00941020544385855
      1.759291886010284     -2.136283004441059   0.009702107590772646
      1.759291886010284     -2.010619298297468    0.01013332881969086
      1.759291886010284     -1.884955592153876    0.01129628909911962
      1.759291886010284     -1.759291886010284    0.01369672510470863
      1.759291886010284     -1.633628179866693    0.01439808884383738
      1.759291886010284     -1.507964473723101    0.01310240796788327
      1.759291886010284     -1.382300767579509    0.01525709399733099
      1.759291886010284     -1.256637061435917    0.02151500870209596
      1.759291886010284     -1.130973355292325    0.02511984745352261
      1.759291886010284     -1.005309649148733    0.02480922284228028
      1.759291886010284     -0.879645943005142    0.02553550836273723
      1.759291886010284    -0.7539822368615505    0.02707016645706956
      1.759291886010284    -0.6283185307179586    0.02741131922861113
      1.759291886010284    -0.5026548245743667    0.03027237070765862
      1.759291886010284    -0.3769911184307753    0.03631030227307169
      1.759291886010284    -0.2513274122871838    0.03846180419148387
      1.759291886010284    -0.1256637061435919    0.03411312018514855
      1.759291886010284                      0    0.03009865015612303
      1.759291886010284     0.1256637061435919    0.03190591173716868
      1.759291886010284     0.2513274122871834    0.03629058997120332
      1.759291886010284     0.3769911184307753     0.0366968300602493
      1.759291886010284     0.5026548245743672    0.03271266551614052
      1.759291886010284     0.6283185307179582    0.03179031880278297
      1.759291886010284     0.7539822368615501    0.03966142644586624
      1.759291886010284     0.8796459430051424    0.05035523003089386
      1.759291886010284      1.005309649148734    0.05402761012896262
      1.759291886010284      1.130973355292326    0.05477814895319866
      1.759291886010284      1.256637061435917    0.06208261062854951
      1.759291886010284      1.382300767579509    0.06660428610348726
      1.759291886010284      1.507964473723101    0.05482387850473786
      1.759291886010284      1.633628179866692    0.03808668324838585
      1.759291886010284      1.759291886010284    0.03267758528485912
      1.759291886010284      1.884955592153876    0.03259759039218724
      1.759291886010284      2.010619298297467    0.02949944599676805
      1.759291886010284       2.13628300444106    0.02798396151092747
      1.759291886010284      2.261946710584651    0.02774225096959659
      1.759291886010284      2.387610416728243     0.0240234195173176
      1.759291886010284      2.513274122871834     0.0231494414614352
      1.759291886010284      2.638937829015426    0.02976797351443799
      1.759291886010284      2.764601535159018    0.03473156817464657
      1.759291886010284      2.890265241302609    0.03295877179865433
      1.759291886010284      3.015928947446201     0.0299211002398093
      1.884955592153876     -3.141592653589793    0.02778857976665226
      1.884955592153876     -3.015928947446201    0.02051105631810544
      1.884955592153876      -2.89026524130261    0.01385916617558745
      1.884955592153876     -2.764601535159018    0.01438611354568897
      1.884955592153876     -2.638937829015426    0.01915096509511434
      1.884955592153876     -2.513274122871834    0.02056046833465161
      1.884955592153876     -2.387610416728243    0.01781401861675359
      1.884955592153876     -2.261946710584651    0.01670574482940067
      1.884955592153876     -2.136283004441059    0.01931942576778503
      1.884955592153876     -2.010619298297468    0.02148489034394262
      1.884955592153876     -1.884955592153876    0.02165004774129988
      1.884955592153876     -1.759291886010284    0.02251678549258319
      1.884955592153876     -1.633628179866693    0.02382428120964476
      1.884955592153876     -1.507964473723101    0.02426142505764468
      1.884955592153876     -1.382300767579509    0.02671772300873192
      1.884955592153876     -1.256637061435917    0.03206419898091704
      1.884955592153876     -1.130973355292325    0.03556472221553748
      1.884955592153876     -1.005309649148733    0.03552070326074384
      1.884955592153876     -0.879645943005142     0.0353271813139046
      1.884955592153876    -0.7539822368615505    0.03585602752291903
      1.884955592153876    -0.6283185307179586    0.03606925318930137
      1.884955592153876    -0.5026548245743667    0.03813738773562862
      1.884955592153876    -0.3769911184307753     0.0432539695588322
      1.884955592153876    -0.2513274122871838    0.04678276343692099
      1.884955592153876    -0.1256637061435919    0.04442174227930925
      1.884955592153876                      0    0.04058391294916597
      1.884955592153876     0.1256637061435919    0.04350929507293877
      1.884955592153876     0.2513274122871834    0.05105556795656031
      1.884955592153876     0.3769911184307753    0.05221244962905119
      1.884955592153876     0.5026548245743672     0.0464793610776088
      1.884955592153876     0.6283185307179582    0.04664501780074858
      1.884955592153876     0.7539822368615501    0.05774994776936258
      1.884955592153876     0.8796459430051424    0.06808876477406781
      1.884955592153876      1.005309649148734    0.06749076461535838
      1.884955592153876      1.130973355292326    0.06399896537706559
      1.884955592153876      1.256637061435917    0.06852812568418333
      1.884955592153876      1.382300767579509    0.07122535411539005
      1.884955592153876      1.507964473723101    0.05837250006079027
      1.884955592153876      1.633628179866692    0.04082715800977271
      1.884955592153876      1.759291886010284     0.0347463823931325
      1.884955592153876      1.884955592153876    0.03481632808466372
      1.884955592153876      2.010619298297467    0.03209158577461211
      1.884955592153876       2.13628300444106    0.02984611038732911
      1.884955592153876      2.261946710584651    0.02875125587770212
      1.884955592153876      2.387610416728243    0.02557676085613932
      1.884955592153876      2.513274122871834    0.02538423029190099
      1.884955592153876      2.638937829015426    0.03139173860652315
      1.884955592153876      2.764601535159018    0.03556315413734202
      1.884955592153876      2.890265241302609    0.03377598070232519
      1.884955592153876      3.015928947446201    0.03109062063276437
      2.010619298297467     -3.141592653589793     0.0278235824589683
      2.010619298297467     -3.015928947446201    0.02205813138770839
      2.010619298297467      -2.89026524130261    0.01626120740955662
      2.010619298297467     -2.764601535159018    0.01648504415351693
      2.010619298297467     -2.638937829015426    0.02143354566621346
      2.010619298297467     -2.513274122871834    0.02382557740063005
      2.010619298297467     -2.387610416728243    0.02172324046542562
      2.010619298297467     -2.261946710584651    0.02143377659778031
      2.010619298297467     -2.136283004441059    0.02585522790340144
      2.010619298297467     -2.010619298297468    0.02933415166316162
      2.010619298297467     -1.884955592153876    0.02892715469188495
      2.010619298297467     -1.759291886010284    0.02880479238160727
      2.010619298297467     -1.633628179866693    0.03084689606110956
      2.010619298297467     -1.507964473723101    0.03299694801200422
      2.010619298297467     -1.382300767579509    0.03558032849570784
      2.010619298297467     -1.256637061435917    0.03952013893102835
      2.010619298297467     -1.130973355292325    0.04257040663160692
      2.010619298297467     -1.005309649148733    0.04326277966936036
      2.010619298297467     -0.879645943005142    0.04338719705152758
      2.010619298297467    -0.7539822368615505    0.04423998901671493
      2.010619298297467    -0.6283185307179586    0.04529340396368282
      2.010619298297467    -0.5026548245743667    0.04723598479110874
      2.010619298297467    -0.3769911184307753    0.05177848256447768
      2.010619298297467    -0.2513274122871838    0.05636357264480958
      2.010619298297467    -0.1256637061435919    0.05480009885710856
      2.010619298297467                      0    0.04920319927763998
      2.010619298297467     0.1256637061435919    0.05095128591702317
      2.010619298297467     0.2513274122871834    0.05989530410608102
      2.010619298297467     0.3769911184307753    0.06147531301140356
      2.010619298297467     0.5026548245743672    0.05467794357047797
      2.010619298297467     0.6283185307179582    0.05603513061879357
      2.010619298297467     0.7539822368615501    0.06920416103545034
      2.010619298297467     0.8796459430051424    0.07796008330156826
      2.010619298297467      1.005309649148734    0.07317105800821591
      2.010619298297467      1.130973355292326    0.06624965656466447
      2.010619298297467      1.256637061435917    0.06825350751658009
      2.010619298297467      1.382300767579509    0.06941384562706369
      2.010619298297467      1.507964473723101     0.0569036592938478
      2.010619298297467      1.633628179866692    0.03991295335017541
      2.010619298297467      1.759291886010284       0.03311084106545
      2.010619298297467      1.884955592153876    0.03295127949164602
      2.010619298297467      2.010619298297467    0.03109560310277281
      2.010619298297467       2.13628300444106    0.02888377617641038
      2.010619298297467      2.261946710584651    0.02742641662726544
      2.010619298297467      2.387610416728243    0.02529290683257907
      2.010619298297467      2.513274122871834    0.02610295167784764
      2.010619298297467      2.638937829015426    0.03133546835344357
      2.010619298297467      2.764601535159018     0.0344971548958543
      2.010619298297467      2.890265241302609    0.03274569128804714
      2.010619298297467      3.015928947446201    0.03038547874453654
       2.13628300444106     -3.141592653589793    0.03222057043081757
       2.13628300444106     -3.015928947446201    0.02305829020992634
       2.13628300444106      -2.89026524130261    0.01487206499189453
       2.13628300444106     -2.764601535159018    0.01569090704169479
       2.13628300444106     -2.638937829015426    0.02136435074145247
       2.13628300444106     -2.513274122871834    0.02265848505670677
       2.13628300444106     -2.387610416728243    0.01899970920454704
       2.13628300444106     -2.261946710584651    0.01709568086832592
       2.13628300444106     -2.136283004441059    0.01914935941907104
       2.13628300444106     -2.010619298297468     0.0208500322272974
       2.13628300444106     -1.884955592153876    0.02104265266694579
       2.13628300444106     -1.759291886010284    0.02238797359137546
       2.13628300444106     -1.633628179866693    0.02350288654396385
       2.13628300444106     -1.507964473723101    0.02307414134861471
       2.13628300444106     -1.382300767579509    0.02588784421576907
       2.13628300444106     -1.256637061435917    0.03300273774857411
       2.13628300444106     -1.130973355292325    0.03732720219235752
       2.13628300444106     -1.005309649148733    0.03655527509498055
       2.13628300444106     -0.879645943005142    0.03565106392677468
       2.13628300444106    -0.7539822368615505    0.03564971849108248
       2.13628300444106    -0.6283185307179586    0.03512061998769899
       2.13628300444106    -0.5026548245743667    0.03731022980069247
       2.13628300444106    -0.3769911184307753    0.04335967801192145
       2.13628300444106    -0.2513274122871838    0.04695989824630389
       2.13628300444106    -0.1256637061435919    0.04428275088355706
       2.13628300444106                      0    0.04153937691768558
       2.13628300444106     0.1256637061435919    0.04621816945090677
       2.13628300444106     0.2513274122871834    0.05453664076636772
       2.13628300444106     0.3769911184307753    0.05574229504059696
       2.13628300444106     0.5026548245743672    0.04968069513249073
       2.13628300444106     0.6283185307179582    0.04915940654906293
       2.13628300444106     0.7539822368615501    0.06076598264743783
       2.13628300444106     0.8796459430051424    0.07348097606333309
       2.13628300444106      1.005309649148734    0.07502401848401612
       2.13628300444106      1.130973355292326    0.07277324906322664
       2.13628300444106      1.256637061435917    0.07917120471539969
       2.13628300444106      1.382300767579509    0.08290505867396139
       2.13628300444106      1.507964473723101    0.06784358519802128
       2.13628300444106      1.633628179866692    0.04742417099327909
       2.13628300444106      1.759291886010284    0.04094047249072058
       2.13628300444106      1.884955592153876    0.04119120631265635
       2.13628300444106      2.010619298297467    0.03751863771576178
       2.13628300444106       2.13628300444106    0.03478061363256382
       2.13628300444106      2.261946710584651    0.03355604664061471
       2.13628300444106      2.387610416728243    0.02920146766930307
       2.13628300444106      2.513274122871834    0.02839854648916106
       2.13628300444106      2.638937829015426     0.0358254652578114
       2.13628300444106      2.764601535159018    0.04133719896157415
       2.13628300444106      2.890265241302609    0.03942043948800168
       2.13628300444106      3.015928947446201    0.03629745276277807
      2.261946710584651     -3.141592653589793    0.03977141712060117
      2.261946710584651     -3.015928947446201     0.0253200634445618
      2.261946710584651      -2.89026524130261    0.01332640214402023
      2.261946710584651     -2.764601535159018    0.01518270154555956
      2.261946710584651     -2.638937829015426    0.02231199377086535
      2.261946710584651     -2.513274122871834    0.02204738202305037
      2.261946710584651     -2.387610416728243    0.01574829734628682
      2.261946710584651     -2.261946710584651    0.01112942569986526
      2.261946710584651     -2.136283004441059   0.009648358469831876
      2.261946710584651     -2.010619298297468   0.008840712958729203
      2.261946710584651     -1.884955592153876    0.00998359332937235
      2.261946710584651     -1.759291886010284    0.01340378334605238
      2.261946710584651     -1.633628179866693    0.01281005440495159
      2.261946710584651     -1.507964473723101    0.00816966752110479
      2.261946710584651     -1.382300767579509    0.01134184441046864
      2.261946710584651     -1.256637061435917    0.02361908942480077
      2.261946710584651     -1.130973355292325    0.03012707349002928
      2.261946710584651     -1.005309649148733    0.02691833582320344
      2.261946710584651     -0.879645943005142     0.0237991869935441
      2.261946710584651    -0.7539822368615505    0.02165400289438416
      2.261946710584651    -0.6283185307179586    0.01800565964005118
      2.261946710584651    -0.5026548245743667    0.02019004485904048
      2.261946710584651    -0.3769911184307753    0.02832061115160371
      2.261946710584651    -0.2513274122871838    0.03031306763703122
      2.261946710584651    -0.1256637061435919    0.02646934565312306
      2.261946710584651                      0     0.0295121535236631
      2.261946710584651     0.1256637061435919     0.0401870730125168
      2.261946710584651     0.2513274122871834    0.04832082242244155
      2.261946710584651     0.3769911184307753    0.04904314817792259
      2.261946710584651     0.5026548245743672    0.04385098143196469
      2.261946710584651     0.6283185307179582    0.04023588323639526
      2.261946710584651     0.7539822368615501    0.04995111693478466
      2.261946710584651     0.8796459430051424    0.06987275680893883
      2.261946710584651      1.005309649148734    0.08176671261360498
      2.261946710584651      1.130973355292326    0.08665277942445679
      2.261946710584651      1.256637061435917     0.1000111185371719
      2.261946710584651      1.382300767579509     0.1078046592004128
      2.261946710584651      1.507964473723101    0.08793244165992226
      2.261946710584651      1.633628179866692    0.06134108721749731
      2.261946710584651      1.759291886010284    0.05555481136813906
      2.261946710584651      1.884955592153876    0.05677634406817926
      2.261946710584651      2.010619298297467    0.04987224400296544
      2.261946710584651       2.13628300444106    0.04582191474322829
      2.261946710584651      2.261946710584651    0.04476286810850658
      2.261946710584651      2.387610416728243    0.03662481243438279
      2.261946710584651      2.513274122871834    0.03293690344147454
      2.261946710584651      2.638937829015426    0.04371018080065232
      2.261946710584651      2.764601535159018    0.05287123781373539
      2.261946710584651      2.890265241302609    0.05052185214656126
      2.261946710584651      3.015928947446201    0.04612452850454649
      2.387610416728243     -3.141592653589793    0.04126213056510527
      2.387610416728243     -3.015928947446201    0.02683766224492514
      2.387610416728243      -2.89026524130261    0.01469716169278596
      2.387610416728243     -2.764601535159018    0.01670371652361931
      2.387610416728243     -2.638937829015426    0.02439491150314626
      2.387610416728243     -2.513274122871834    0.02444745160012491
      2.387610416728243     -2.387610416728243    0.01784402511799777
      2.387610416728243     -2.261946710584651    0.01299186159966837
      2.387610416728243     -2.136283004441059    0.01195207400710683
      2.387610416728243     -2.010619298297468     0.0117262262243665
      2.387610416728243     -1.884955592153876    0.01289774519428368
      2.387610416728243     -1.759291886010284    0.01593444730517942
      2.387610416728243     -1.633628179866693    0.01499937548532494
      2.387610416728243     -1.507964473723101    0.01020599224078506
      2.387610416728243     -1.382300767579509    0.01341546754328753
      2.387610416728243     -1.256637061435917    0.02595963655107295
      2.387610416728243     -1.130973355292325    0.03278881753293174
      2.387610416728243     -1.005309649148733     0.0294483493510674
      2.387610416728243     -0.879645943005142    0.02545580078676317
      2.387610416728243    -0.7539822368615505    0.02211360658162693
      2.387610416728243    -0.6283185307179586    0.01754603934723198
      2.387610416728243    -0.5026548245743667    0.01916615612154533
      2.387610416728243    -0.3769911184307753    0.02691751054242841
      2.387610416728243    -0.2513274122871838     0.0289186119560075
      2.387610416728243    -0.1256637061435919    0.02594526073101358
      2.387610416728243                      0    0.03080914111054209
      2.387610416728243     0.1256637061435919     0.0436070083737591
      2.387610416728243     0.2513274122871834    0.05317774231472212
      2.387610416728243     0.3769911184307753    0.05409758919131676
      2.387610416728243     0.5026548245743672    0.04828978823337742
      2.387610416728243     0.6283185307179582    0.04452497988977169
      2.387610416728243     0.7539822368615501    0.05546563580113588
      2.387610416728243     0.8796459430051424    0.07707255505165687
      2.387610416728243      1.005309649148734    0.08937378207928884
      2.387610416728243      1.130973355292326    0.09369619878465739
      2.387610416728243      1.256637061435917     0.1071116613719886
      2.387610416728243      1.382300767579509     0.1149230834383004
      2.387610416728243      1.507964473723101    0.09356529747532409
      2.387610416728243      1.633628179866692    0.06542177940500828
      2.387610416728243      1.759291886010284    0.05978567115292669
      2.387610416728243      1.884955592153876    0.06151264936353423
      2.387610416728243      2.010619298297467     0.0540129051011736
      2.387610416728243       2.13628300444106    0.04916453992456591
      2.387610416728243      2.261946710584651    0.04776762008908451
      2.387610416728243      2.387610416728243    0.03917918162579411
      2.387610416728243      2.513274122871834    0.03498610594408858
      2.387610416728243      2.638937829015426    0.04564688425135829
      2.387610416728243      2.764601535159018    0.05473323526801422
      2.387610416728243      2.890265241302609    0.05205335699026227
      2.387610416728243      3.015928947446201    0.04748371570829292
      2.513274122871834     -3.141592653589793    0.03522367087052346
      2.513274122871834     -3.015928947446201    0.02519941688427975
      2.513274122871834      -2.89026524130261    0.01614508350843784
      2.513274122871834     -2.764601535159018      0.017602078362576
      2.513274122871834     -2.638937829015426    0.02458385356988912
      2.513274122871834     -2.513274122871834    0.02598665677585005
      2.513274122871834     -2.387610416728243    0.02103854555057989
      2.513274122871834     -2.261946710584651    0.01781109890303967
      2.513274122871834     -2.136283004441059    0.01948817125682165
      2.513274122871834     -2.010619298297468    0.02151936865561005
      2.513274122871834     -1.884955592153876    0.02205084294828588
      2.513274122871834     -1.759291886010284    0.02305315430864741
      2.513274122871834     -1.633628179866693    0.02266563186503109
      2.513274122871834     -1.507964473723101    0.02046441489171116
      2.513274122871834     -1.382300767579509    0.02322157926293961
      2.513274122871834     -1.256637061435917    0.03207615908529703
      2.513274122871834     -1.130973355292325    0.03749512429309558
      2.513274122871834     -1.005309649148733    0.03560770299165355
      2.513274122871834     -0.879645943005142     0.0319055650915325
      2.513274122871834    -0.7539822368615505    0.02828862457909228
      2.513274122871834    -0.6283185307179586    0.02452817027305883
      2.513274122871834    -0.5026548245743667    0.02513960819632799
      2.513274122871834    -0.3769911184307753      0.030403169500774
      2.513274122871834    -0.2513274122871838    0.03313083612019832
      2.513274122871834    -0.1256637061435919    0.03242325932995434
      2.513274122871834                      0    0.03632716626987405
      2.513274122871834     0.1256637061435919    0.04770644790360117
      2.513274122871834     0.2513274122871834    0.05858476536458052
      2.513274122871834     0.3769911184307753    0.05998430343963041
      2.513274122871834     0.5026548245743672    0.05335843352629528
      2.513274122871834     0.6283185307179582    0.05145947030867676
      2.513274122871834     0.7539822368615501    0.06416202611397265
      2.513274122871834     0.8796459430051424    0.08208985500787734
      2.513274122871834      1.005309649148734    0.08800898092795205
      2.513274122871834      1.130973355292326    0.08710032340776279
      2.513274122871834      1.256637061435917     0.0953867469429837
      2.513274122871834      1.382300767579509     0.1001736166769247
      2.513274122871834      1.507964473723101     0.0814108989564977
      2.513274122871834      1.633628179866692    0.05720653203581993
      2.513274122871834      1.759291886010284     0.0519664601084363
      2.513274122871834      1.884955592153876    0.05372519145599568
      2.513274122871834      2.010619298297467    0.04788390482670978
      2.513274122871834       2.13628300444106    0.04306218352560319
      2.513274122871834      2.261946710584651    0.04119790767234593
      2.513274122871834      2.387610416728243    0.03488464319118381
      2.513274122871834      2.513274122871834    0.03196885871155247
      2.513274122871834      2.638937829015426    0.03957059658812242
      2.513274122871834      2.764601535159018    0.04564666763691624
      2.513274122871834      2.890265241302609     0.0430081803605499
      2.513274122871834      3.015928947446201    0.03936202466469183
      2.638937829015426     -3.141592653589793    0.02872111165135758
      2.638937829015426     -3.015928947446201    0.02185108949411302
      2.638937829015426      -2.89026524130261    0.01520196641697288
      2.638937829015426     -2.764601535159018     0.0164039844345191
      2.638937829015426     -2.638937829015426    0.02250907303903778
      2.638937829015426     -2.513274122871834    0.02438274373651311
      2.638937829015426     -2.387610416728243    0.02049037449517415
      2.638937829015426     -2.261946710584651    0.01808660156203514
      2.638937829015426     -2.136283004441059    0.02077325142073824
      2.638937829015426     -2.010619298297468    0.02381431268954395
      2.638937829015426     -1.884955592153876    0.02417161995816883
      2.638937829015426     -1.759291886010284    0.02397367389197308
      2.638937829015426     -1.633628179866693    0.02339271568775015
      2.638937829015426     -1.507964473723101    0.02215901135965369
      2.638937829015426     -1.382300767579509    0.02430661613318168
      2.638937829015426     -1.256637061435917    0.03073583156594928
      2.638937829015426     -1.130973355292325    0.03512624578949665
      2.638937829015426     -1.005309649148733    0.03392238871899673
      2.638937829015426     -0.879645943005142    0.03003554768138465
      2.638937829015426    -0.7539822368615505    0.02563813929199263
      2.638937829015426    -0.6283185307179586    0.02175066186982053
      2.638937829015426    -0.5026548245743667    0.02132367541272602
      2.638937829015426    -0.3769911184307753    0.02446130342281806
      2.638937829015426    -0.2513274122871838    0.02687577579385367
      2.638937829015426    -0.1256637061435919    0.02791313546392999
      2.638937829015426                      0    0.03289016344669234
      2.638937829015426     0.1256637061435919    0.04420587221372092
      2.638937829015426     0.2513274122871834    0.05512026059800732
      2.638937829015426     0.3769911184307753     0.0566170351402981
      2.638937829015426     0.5026548245743672    0.05023593184078398
      2.638937829015426     0.6283185307179582    0.04905817463200638
      2.638937829015426     0.7539822368615501    0.06143467001455737
      2.638937829015426     0.8796459430051424    0.07706295582941834
      2.638937829015426      1.005309649148734    0.08055662713004792
      2.638937829015426      1.130973355292326    0.07763614042418243
      2.638937829015426      1.256637061435917    0.08302070639901632
      2.638937829015426      1.382300767579509    0.08611814502066172
      2.638937829015426      1.507964473723101    0.06977409933444963
      2.638937829015426      1.633628179866692    0.04926620570001868
      2.638937829015426      1.759291886010284    0.04526893769742556
      2.638937829015426      1.884955592153876    0.04732288461145941
      2.638937829015426      2.010619298297467     0.0423248073074108
      2.638937829015426       2.13628300444106    0.03745390312925483
      2.638937829015426      2.261946710584651    0.03542281559123574
      2.638937829015426      2.387610416728243    0.03041430808889989
      2.638937829015426      2.513274122871834    0.02779370311374598
      2.638937829015426      2.638937829015426    0.03294167297949405
      2.638937829015426      2.764601535159018    0.03689103199599242
      2.638937829015426      2.890265241302609    0.03430851570732364
      2.638937829015426      3.015928947446201    0.03135843602029093
      2.764601535159018     -3.141592653589793    0.02591472356682972
      2.764601535159018     -3.015928947446201     0.0205190185237441
      2.764601535159018      -2.89026524130261    0.01501572810711966
      2.764601535159018     -2.764601535159018    0.01625861464866165
      2.764601535159018     -2.638937829015426    0.02202805754750173
      2.764601535159018     -2.513274122871834    0.02398937263504409
      2.764601535159018     -2.387610416728243    0.02039497427613369
      2.764601535159018     -2.261946710584651    0.01819988549398445
      2.764601535159018     -2.136283004441059    0.02136365009212983
      2.764601535159018     -2.010619298297468    0.02529531018027104
      2.764601535159018     -1.884955592153876    0.02608264011219765
      2.764601535159018     -1.759291886010284    0.02525977373224613
      2.764601535159018     -1.633628179866693    0.02396532467120392
      2.764601535159018     -1.507964473723101    0.02263440523313808
      2.764601535159018     -1.382300767579509    0.02434102177206981
      2.764601535159018     -1.256637061435917    0.02977077278408358
      2.764601535159018     -1.130973355292325    0.03393866158410793
      2.764601535159018     -1.005309649148733    0.03313252718252057
      2.764601535159018     -0.879645943005142    0.02867469427724065
      2.764601535159018    -0.7539822368615505    0.02292235151460232
      2.764601535159018    -0.6283185307179586    0.01808440629992111
      2.764601535159018    -0.5026548245743667    0.01674714343027464
      2.764601535159018    -0.3769911184307753      0.018515080774156
      2.764601535159018    -0.2513274122871838    0.02028797994006816
      2.764601535159018    -0.1256637061435919    0.02254790239537021
      2.764601535159018                      0     0.0298562503008578
      2.764601535159018     0.1256637061435919    0.04296829415609486
      2.764601535159018     0.2513274122871834    0.05451663950570106
      2.764601535159018     0.3769911184307753      0.056031450553071
      2.764601535159018     0.5026548245743672    0.04955416429280975
      2.764601535159018     0.6283185307179582    0.04836209377764008
      2.764601535159018     0.7539822368615501    0.06119152170017554
      2.764601535159018     0.8796459430051424    0.07766453611856715
      2.764601535159018      1.005309649148734    0.08144528772550151
      2.764601535159018      1.130973355292326    0.07788520503594631
      2.764601535159018      1.256637061435917     0.0825217382652597
      2.764601535159018      1.382300767579509    0.08529178962971011
      2.764601535159018      1.507964473723101     0.0689106528602856
      2.764601535159018      1.633628179866692    0.04885826147164882
      2.764601535159018      1.759291886010284    0.04588768381977946
      2.764601535159018      1.884955592153876    0.04866805126470897
      2.764601535159018      2.010619298297467    0.04337698151771835
      2.764601535159018       2.13628300444106    0.03779066923661212
      2.764601535159018      2.261946710584651     0.0355960206989282
      2.764601535159018      2.387610416728243    0.03075156445148932
      2.764601535159018      2.513274122871834    0.02751741255940201
      2.764601535159018      2.638937829015426    0.03117076209721071
      2.764601535159018      2.764601535159018    0.03386769645156559
      2.764601535159018      2.890265241302609    0.03080063400435761
      2.764601535159018      3.015928947446201    0.02785096872567617
      2.890265241302609     -3.141592653589793    0.02534503914497894
      2.890265241302609     -3.015928947446201    0.02209145141327176
      2.890265241302609      -2.89026524130261     0.0179175078490482
      2.890265241302609     -2.764601535159018    0.01911605673592104
      2.890265241302609     -2.638937829015426    0.02516697955331698
      2.890265241302609     -2.513274122871834    0.02806255226137417
      2.890265241302609     -2.387610416728243    0.02490599906866023
      2.890265241302609     -2.261946710584651    0.02331376589723819
      2.890265241302609     -2.136283004441059    0.02856135255121018
      2.890265241302609     -2.010619298297468    0.03479637742836203
      2.890265241302609     -1.884955592153876    0.03580230313759104
      2.890265241302609     -1.759291886010284    0.03354930226240952
      2.890265241302609     -1.633628179866693    0.03182532536529822
      2.890265241302609     -1.507964473723101    0.03142321302556845
      2.890265241302609     -1.382300767579509    0.03288407128141532
      2.890265241302609     -1.256637061435917    0.03674359444919747
      2.890265241302609     -1.130973355292325    0.04076345936256014
      2.890265241302609     -1.005309649148733    0.04087665664822347
      2.890265241302609     -0.879645943005142    0.03562867725097982
      2.890265241302609    -0.7539822368615505    0.02806921977010892
      2.890265241302609    -0.6283185307179586    0.02230436264234807
      2.890265241302609    -0.5026548245743667    0.01976644687466484
      2.890265241302609    -0.3769911184307753    0.01980574221942368
      2.890265241302609    -0.2513274122871838    0.02174075318742474
      2.890265241302609    -0.1256637061435919    0.02606992877253876
      2.890265241302609                      0    0.03541125839319229
      2.890265241302609     0.1256637061435919    0.05094219451977208
      2.890265241302609     0.2513274122871834     0.0652526958419745
      2.890265241302609     0.3769911184307753    0.06721243620850614
      2.890265241302609     0.5026548245743672    0.05925731696137572
      2.890265241302609     0.6283185307179582    0.05875448404819747
      2.890265241302609     0.7539822368615501    0.07479666697473732
      2.890265241302609     0.8796459430051424    0.09279244431943405
      2.890265241302609      1.005309649148734    0.09441604988405826
      2.890265241302609      1.130973355292326    0.08745196362457744
      2.890265241302609      1.256637061435917    0.09001640805874138
      2.890265241302609      1.382300767579509    0.09167808296883805
      2.890265241302609      1.507964473723101    0.07386167632544546
      2.890265241302609      1.633628179866692    0.05267918105588029
      2.890265241302609      1.759291886010284    0.05005072512168183
      2.890265241302609      1.884955592153876    0.05376069756887969
      2.890265241302609      2.010619298297467    0.04821508645427638
      2.890265241302609       2.13628300444106    0.04131064635765593
      2.890265241302609      2.261946710584651    0.03849010981569023
      2.890265241302609      2.387610416728243    0.03407737156125706
      2.890265241302609      2.513274122871834    0.03052192510578348
      2.890265241302609      2.638937829015426    0.03231986870192228
      2.890265241302609      2.764601535159018    0.03316584408874947
      2.890265241302609      2.890265241302609    0.02924723433780633
      2.890265241302609      3.015928947446201    0.02620223182962416
      3.015928947446201     -3.141592653589793    0.02489197773667783
      3.015928947446201     -3.015928947446201    0.02343713656320567
      3.015928947446201      -2.89026524130261    0.02028498500188373
      3.015928947446201     -2.764601535159018    0.02150273186091568
      3.015928947446201     -2.638937829015426    0.02810719839769196
      3.015928947446201     -2.513274122871834    0.03199613849529555
      3.015928947446201     -2.387610416728243    0.02901591184171427
      3.015928947446201     -2.261946710584651    0.02765614310205675
      3.015928947446201     -2.136283004441059     0.0345187543254224
      3.015928947446201     -2.010619298297468    0.04238326168268666
      3.015928947446201     -1.884955592153876    0.04311100385101094
      3.015928947446201     -1.759291886010284    0.03948111984196932
      3.015928947446201     -1.633628179866693    0.03744312613656086
      3.015928947446201     -1.507964473723101    0.03777117267256203
      3.015928947446201     -1.382300767579509     0.0390929391805374
      3.015928947446201     -1.256637061435917    0.04193767483666806
      3.015928947446201     -1.130973355292325    0.04585913848240671
      3.015928947446201     -1.005309649148733     0.0462361554540381
      3.015928947446201     -0.879645943005142    0.03969297883171557
      3.015928947446201    -0.7539822368615505     0.0301643406010918
      3.015928947446201    -0.6283185307179586    0.02327178244401865
      3.015928947446201    -0.5026548245743667    0.01943579327860971
      3.015928947446201    -0.3769911184307753    0.01787660150458458
      3.015928947446201    -0.2513274122871838    0.02006488507948428
      3.015928947446201    -0.1256637061435919    0.02666510278030301
      3.015928947446201                      0    0.03855623006225709
      3.015928947446201     0.1256637061435919    0.05678447460954347
      3.015928947446201     0.2513274122871834    0.07365380979294864
      3.015928947446201     0.3769911184307753    0.07608749189302477
      3.015928947446201     0.5026548245743672      0.067014446722578
      3.015928947446201     0.6283185307179582     0.0669653610556008
      3.015928947446201     0.7539822368615501    0.08525215196316163
      3.015928947446201     0.8796459430051424     0.1041613721744963
      3.015928947446201      1.005309649148734     0.1040113871980562
      3.015928947446201      1.130973355292326    0.09431871824678491
      3.015928947446201      1.256637061435917    0.09494255008733375
      3.015928947446201      1.382300767579509    0.09541164317862508
      3.015928947446201      1.507964473723101    0.07657963761296653
      3.015928947446201      1.633628179866692    0.05490058413812415
      3.015928947446201      1.759291886010284    0.05276964205037653
      3.015928947446201      1.884955592153876    0.05723933191339354
      3.015928947446201      2.010619298297467    0.05146759433278933
      3.015928947446201       2.13628300444106     0.0434106769873818
      3.015928947446201      2.261946710584651    0.03990013994475095
      3.015928947446201      2.387610416728243    0.03569072094771907
      3.015928947446201      2.513274122871834    0.03186550325210556
      3.015928947446201      2.638937829015426    0.03229068368612162
      3.015928947446201      2.764601535159018     0.0318855157476528
      3.015928947446201      2.890265241302609    0.02757089420464123
      3.015928947446201      3.015928947446201    0.02469835215578194
