0.009999999999999995 0.18608508100169524 1.7539307395519819 4.05440136098863
0.019999999999999934 0.22601455410172427 1.726971170581625 4.031003877088444
0.029999999999999874 0.20343654432006064 1.8177572501918426 4.163569123278272
0.04000000000000012 0.17322199505647806 1.5980450654001652 4.2558849071948055
0.050000000000000405 0.3140853811211417 1.5171384919059476 4.131273668529096
0.06000000000000069 0.30733001854536823 1.5697992004458925 4.052500954040623
0.07000000000000098 0.35603280917659086 1.1857197346099886 4.655860949208631
0.08000000000000126 0.26940223727478635 0.8995238815283707 6.239130755038429
0.09000000000000155 0.327433991521563 0.7787918353814518 6.9932352461932075
0.10000000000000184 0.5331967033844813 0.7644972717354654 6.0438664691149055
0.11000000000000212 0.7305312912940926 0.6377286376832808 6.443767116788992
0.12000000000000241 0.7400521273235342 0.787158300062994 5.160119755570415
0.130000000000002 0.7916923695619431 0.7157934070297959 5.434511158708414
0.1400000000000009 0.7660296494388057 0.5663002443952205 6.728446633342194
0.1499999999999998 0.7609258903506485 0.5090417560433961 7.165344638373541
0.1599999999999987 0.7416299970301036 0.7518187976210585 5.352886361367084
0.1699999999999976 0.6459101381778773 0.9433568775218014 4.879653587540588
0.1799999999999965 0.5858742599580048 1.0795633564976908 4.794795029303174
0.1899999999999954 0.6969572897322435 0.7810072999466057 5.193394009888781
0.1999999999999943 0.5156532541387823 0.8492240170303003 5.353140554344161
0.2099999999999932 0.6962693916834907 0.9159004316979018 4.919265064654673
0.2199999999999921 0.7182835844815825 0.7536823985876473 5.374831878505277
0.229999999999991 0.8269949885377037 0.7281985537279628 5.337923828070138
0.2399999999999899 0.7998674125566941 0.5572594847628138 6.570586681852241
0.2499999999999888 1.1533634447787438 0.37541230354736255 6.468221800735897
0.2599999999999877 1.1456049172179448 0.43869115200284325 6.227125628766467
0.2699999999999866 1.1795306944879909 0.6125472318036436 5.846442696428564
0.2799999999999855 1.2229552120808056 0.45928964182811016 6.347422142449872
0.2899999999999844 1.2457885887260658 0.36172494488703055 6.7617612715656055
0.2999999999999833 1.5856646898365128 0.23938177353915352 7.996890712097247
0.3099999999999822 1.5370510068890684 0.22139145535166355 7.600028584150105
0.3199999999999811 1.428906105983344 -0.006885883229187373 6.720927785845614
0.32999999999998 1.6191568964092706 0.0362619764925759 8.24310218470535
0.3399999999999789 1.4661655802608913 -0.07233857891382955 6.924299720774321
0.3499999999999778 1.3820833691772376 0.06128056293599571 6.4928954220131985
0.35999999999997667 1.4363896899750899 0.2510465625563611 6.829390033056547
0.36999999999997557 1.4417660992439687 0.24712422878025342 6.834428128017929
0.37999999999997447 1.4899016681102835 0.27662490547825447 7.27098573632324
0.38999999999997337 1.376306854950505 0.44053822360555045 6.544921114062464
0.39999999999997227 1.3038388882412582 0.42420285946794484 6.577457342649449
0.40999999999997117 1.4286217105271801 0.7350379497678536 6.019412816039722
0.41999999999997006 1.7071504119871086 1.011756032470585 5.963896764541875
0.42999999999996896 1.8431064350733748 0.9971718410806509 6.047362349014113
0.43999999999996786 1.8961730372853336 0.7150473757816319 6.616898560958008
0.44999999999996676 1.8523066863375146 0.7160848402678677 6.339884424775524
0.45999999999996566 1.708551052305881 0.7933278790173042 6.350416093819981
0.46999999999996456 1.9068931033711893 0.737763595745797 6.4720459155522
0.47999999999996346 1.7875761369626333 0.6150860798131929 7.138511103832847
0.48999999999996235 1.8597025244574863 0.5210931884755762 8.934697952489783
0.49999999999996125 1.6656770844549669 0.5953593577591296 6.695975497642619
0.5099999999999602 1.5126119905378712 0.5386618327391677 6.381432261629607
0.519999999999959 1.5896919027329917 0.757389161959623 6.160989836986383
0.529999999999958 1.9671947662116802 0.6714626874225049 7.95666795778432
0.5399999999999568 2.0061598268815817 0.6173949010738329 9.1646485594603
0.5499999999999557 2.034984198282635 0.47059266061581256 12.118936126284026
0.5599999999999546 2.2679085969970867 0.47662263569765023 14.329643449664118
0.5699999999999535 2.1400139504605358 0.22108543780456646 16.874753195632422
0.5799999999999524 2.2766977692631905 -0.11018405599445746 19.172611193636172
0.5899999999999513 2.385779721636354 -0.43750765413095805 17.12665608372
0.5999999999999502 2.5884357960173556 -0.14875579662496707 19.5281986901072
0.6099999999999491 2.4546040802013285 -0.1388896049320042 19.819440990901267
0.619999999999948 2.365347474324914 -0.3205222671032145 18.900088310489366
0.6299999999999469 2.281829499787965 -0.47963221774385534 15.932498692216216
0.6399999999999458 2.3375344537172333 -0.47747645973761144 16.49101249180588
0.6499999999999447 2.329034967598208 -0.5435038651367571 15.185862456078992
0.6599999999999436 2.3307057386810395 -0.5391747079389924 15.311787341574684
0.6699999999999425 2.349091126393972 -0.7440474319855473 11.345302843268714
0.6799999999999414 2.4786187815767455 -0.8376504105971867 9.75514621406047
0.6899999999999403 2.346546969983521 -0.9306797116723344 7.937733837188515
0.6999999999999392 2.44761779212084 -0.961886192211751 7.501542196483392
0.7099999999999381 2.4897562094341668 -0.7849213204446204 10.912053371789417
0.719999999999937 2.582049647304492 -0.7941304236304503 10.71679836391175
0.7299999999999359 2.684053934138766 -0.7719273159813276 10.728894051233903
0.7399999999999348 2.581932093809441 -0.9724219433046144 7.325064626602302
0.7499999999999337 2.573593178822647 -1.136030316726162 4.179594851868228
0.7599999999999326 2.520970544804387 -0.9753821142512409 7.296718892610492
0.7699999999999315 2.458171990873934 -1.0560658839698065 5.76542559755205
0.7799999999999304 2.4366995958613256 -0.8946567512143937 8.661963586189447
0.7899999999999293 2.5855946422201246 -0.8533852022439999 9.43155686728093
0.7999999999999282 2.814025167517024 -0.875776347600343 8.241112882265174
0.8099999999999271 2.906698605990168 -0.9441685099425724 6.433871094034017
0.819999999999926 3.0364606467692883 -0.967511238583763 4.984924191078434
0.8299999999999249 3.0466605555842072 -1.2150394303068346 2.08775393857519
0.8399999999999238 3.1223812256678287 -1.2358007577127301 1.919057167327912
0.8499999999999227 2.9911818650711597 -1.2189626606989463 2.293152111981815
0.8599999999999216 2.9334850776628336 -1.2409118287601832 2.381960484219669
0.8699999999999205 3.0188262996668462 -1.2886004541698006 1.5842832501177044
0.8799999999999194 3.149269388779115 -0.9161863404530408 4.61823708281465
0.8899999999999183 3.1899906136422977 -1.1140089898370054 2.530322959099485
0.8999999999999172 3.3069139675070973 -1.060758266800106 2.2016117083580173
0.9099999999999161 3.2412544212964196 -1.151276180598333 2.1256446806990033
0.919999999999915 3.2105225315607786 -1.0469207350432306 2.817522980432353
0.9299999999999139 3.0868690826727203 -0.9885598273181146 4.424573268625709
0.9399999999999128 3.1268232554652475 -1.0216231587617057 3.781875509388209
0.9499999999999117 3.124230241354891 -0.8452484721133076 5.454558115013364
0.9599999999999106 3.0876612886037758 -0.8590540346866267 5.606532706304758
0.9699999999999095 2.965545859053525 -0.8228339174369983 7.584709218859275
0.9799999999999084 2.9352220315075774 -1.0055034099203877 5.335621649947726
0.9899999999999073 2.7935866320514813 -0.7890933950799952 9.606254500027084
0.9999999999999062 2.789429947092397 -0.28275602753347584 17.04408295854282
1.0099999999999052 2.832500405157406 -0.24267022690363604 16.50484342103076
1.019999999999904 2.885621985820714 -0.27417118640119253 15.725596280921415
1.029999999999903 2.908305755029556 -0.3782758525995059 14.526530059620912
1.039999999999902 3.0014713287455645 -0.6102500080717341 9.895255612385808
1.0499999999999008 2.9589877696229556 -0.5985041478970939 10.755716201341002
1.0599999999998997 2.7320432602532 -0.6743935436911859 12.016979558860466
1.0699999999998986 2.6222034064995814 -0.8497480806802692 9.397006315846689
1.0799999999998975 2.5862724693921004 -1.0081366142819028 6.631575434567555
1.0899999999998964 2.6310839827084465 -1.3186163299376372 1.954038920147536
1.0999999999998953 2.355561484669939 -1.2303739329391679 2.7579539372027875
1.1099999999998942 2.503986310370504 -1.2023297889176434 2.977946564934412
1.119999999999893 2.422901134383213 -1.2458924125235504 2.547059734485945
1.129999999999892 2.489596071694674 -1.2456063262136696 2.4723356961320944
1.1399999999998909 2.4427054371981467 -1.2300200154418008 2.727379756778071
1.1499999999998898 2.481008582970219 -1.2627322600237847 2.2769008655342704
1.1599999999998887 2.350492606011045 -1.2723944894335573 2.3476693327866225
1.1699999999998876 2.3070823751335623 -1.0801484884957195 5.303024015259362
1.1799999999998865 2.1974464831291876 -1.1012161197414632 4.3324038244721175
1.1899999999998854 2.1553518496590947 -1.164866346458246 3.0938817902295246
1.1999999999998843 2.2428168516039273 -0.9167272341400761 7.891857686075066
1.2099999999998832 2.085079512584287 -0.7049717307834481 10.285448243107547
1.219999999999882 2.0563318942173487 -0.9393868022588131 6.444998133223744
1.229999999999881 1.9567094661678444 -1.0462000553414041 4.6054016755808185
1.2399999999998799 2.2230524725451732 -1.2219582364843204 2.732771827450816
1.2499999999998788 2.0405611907388597 -1.340517312535007 1.456105165796048
1.2599999999998777 2.1411608900169066 -1.2875372699229775 1.934311394385141
1.2699999999998766 2.1905333960361073 -1.2105572250366678 2.688843609052987
1.2799999999998755 1.844143358165078 -1.181708125762413 3.346435730138544
1.2899999999998744 1.7707449344621007 -1.179269811958073 3.2779057265591427
1.2999999999998733 1.8757955879925878 -1.2008834035007196 3.032456857608028
1.3099999999998722 1.821396096847348 -1.3393429159188512 1.7050596854548568
1.319999999999871 1.5052759585783544 -1.3062815783296275 1.4878786939639133
1.32999999999987 1.3432913268002626 -1.1805642975157729 2.3297646135060024
1.3399999999998689 1.3536212179241414 -1.1495504302267894 2.5816956903894446
1.3499999999998678 1.307510669653384 -1.2352795204148337 1.8809659287428662
1.3599999999998666 1.5065388103718125 -1.2172872036544307 2.13162441608917
1.3699999999998655 1.3878082055630614 -1.3581313762023035 0.9770121379763765
1.3799999999998644 1.5127369645151587 -1.3082356368508554 1.499750396272105
1.3899999999998633 1.5714543013852686 -1.1687166972247867 2.8011994718380677
1.3999999999998622 1.7059046673912743 -1.1156110693331933 3.7547039750778666
1.4099999999998611 1.9169680039829264 -1.1034810794240433 3.9472271656694113
1.41999999999986 1.8776358606069197 -1.1358735094870873 3.7147020988704154
1.429999999999859 1.8769562522556016 -1.0119982668941296 5.136182888863867
1.4399999999998578 1.8159468867062674 -0.8693734199301285 6.492167644926157
1.4499999999998567 2.0044070789011594 -0.9522517503068019 6.139475390685711
1.4599999999998556 2.08852145201592 -1.0456031761449207 4.799899218731553
1.4699999999998545 2.3155599362570154 -1.0224638922996239 6.335814496859139
1.4799999999998534 2.0903675572503317 -0.8951697835394348 7.2826328747502505
1.4899999999998523 2.1035996235680305 -0.87930991448607 7.565598962725403
1.4999999999998512 2.1901061284541843 -0.9596291642204455 6.735561807562282
1.5099999999998501 1.8966376170454966 -1.1261458321559195 3.759783449902467
1.519999999999849 1.970848747100769 -1.1301915144479568 3.590659717073287
1.529999999999848 1.8631141656115424 -1.1408904589259525 3.7054989761391797
1.5399999999998468 1.7420592259641992 -1.0776152548445843 4.2235719522971
1.5499999999998457 1.772079828010641 -0.9845708141783935 5.356816169985517
1.5599999999998446 1.7797965561905293 -0.9480589450771885 5.714537893632958
1.5699999999998435 1.86179112528287 -0.7660421565769325 8.331703536790627
1.5799999999998424 1.7757134850523761 -0.8423682427150656 6.628311071072124
1.5899999999998413 1.7549609255619107 -0.8664618669988281 6.359182711978784
1.5999999999998402 1.8442044612149309 -0.8889236245127383 6.387331088665665
1.6099999999998391 2.0603506379473178 -0.8518656082255909 7.780716137648657
1.619999999999838 2.074069777659748 -0.8703462495468764 7.564381559208873
1.629999999999837 2.1067729856126207 -0.8380567063491356 8.225541095613792
1.6399999999998358 2.0572357821471776 -0.5866847070908812 12.413673691508977
1.6499999999998347 2.335158853900239 -0.43533355759595094 16.886691602100477
1.6599999999998336 2.387671013124268 -0.32350355630119 18.894723022369284
1.6699999999998325 2.3523117500133 -0.42613947816494524 17.214752123713613
1.6799999999998314 2.252172616429154 -0.3023952523919303 18.130358348320264
1.6899999999998303 1.8636959848228312 -0.2903205389336885 12.67299632158492
1.6999999999998292 1.8180771250853804 0.012661766731408064 11.620239637459806
1.709999999999828 1.7623741151759693 -0.22874832592605898 10.508755525165043
1.719999999999827 1.7993967994510942 -0.31093504623481283 11.242737789890832
1.729999999999826 2.0651871055623574 -0.4015095220488828 14.73323663420245
1.7399999999998248 2.1513482829928288 -0.6075077883602173 12.66746359152873
1.7499999999998237 2.069768039867654 -0.6420242070516866 11.362926724429533
1.7599999999998226 2.0165450059498586 -0.7568761156366052 9.122655353091066
1.7699999999998215 1.998159509440431 -0.5728177229439043 12.239519476578941
1.7799999999998204 2.182634519604729 -0.7481935453147596 10.349525131812598
1.7899999999998193 2.1759076248233815 -0.8740338125897094 7.977846177601593
1.7999999999998182 2.1130745553461 -0.8154841172733815 8.607601573136103
1.809999999999817 2.1219058644085367 -0.9307955755150157 6.823666020540707
1.819999999999816 2.1759929679358314 -1.1792643834560204 2.997090684392205
1.8299999999998149 2.2211916538100525 -1.013112719526731 6.030172635913577
1.8399999999998138 2.437723163634723 -1.2242714711753728 2.7899259599177073
1.8499999999998127 2.627423976635777 -1.1947831544304073 3.4689032415695387
1.8599999999998116 2.7060756319292496 -1.0945259266761644 4.91447319136711
1.8699999999998105 2.873148828197277 -1.176082147783566 3.4533583911137984
1.8799999999998094 2.718695035253536 -1.3388385819600543 1.6290975706890156
1.8899999999998083 2.7095891579282725 -1.405717717619498 0.9616976636205851
1.8999999999998072 2.6362224494700928 -1.0461852370576878 6.003476856804925
1.909999999999806 2.6124186702265764 -1.183476763586423 3.60636395854991
1.919999999999805 2.6409084542164165 -1.105733478828514 4.902546396874116
1.9299999999998039 2.4777192620058535 -1.174813352278684 3.455512394177998
1.9399999999998028 2.3586510051255836 -1.2909216298496828 2.1756243430536975
1.9499999999998017 2.4603916256889926 -1.216047898771905 2.8515899352668717
1.9599999999998006 2.5832540590365545 -1.14663193508939 4.025479766367166
1.9699999999997995 2.34899229821012 -1.2554307410972834 2.511956790694247
1.9799999999997984 2.3229990253486754 -1.164705623833942 3.7223184295510654
1.9899999999997973 2.3966862271055898 -1.3463963949849287 1.6823854652681929
1.9999999999997962 2.363464234466845 -1.155412056134826 3.844452411784537
2.0099999999998173 2.2138862834498676 -0.9585987547078857 6.959017282691521
2.0199999999998384 2.0070119829741904 -1.0438769826991687 4.665507652257976
2.0299999999998595 2.141700171794844 -0.8946285069026374 7.518915385914051
2.0399999999998806 2.3017862846766 -0.675725808336139 12.449779191484716
2.0499999999999017 2.1078709874496493 -0.8723679529924955 7.678847731159015
2.059999999999923 2.0868703529848243 -1.1505219452112179 3.147909679633818
2.069999999999944 2.0522406950076575 -1.0678682262123513 4.317827704556044
2.079999999999965 2.0579689339816274 -1.1886373673358528 2.754864686623547
2.089999999999986 2.1621932914464814 -1.4029807072951508 1.1646661311561992
2.100000000000007 2.0487832806196544 -1.2858798503929245 1.850507765033239
2.1100000000000283 1.9249134989617178 -1.2341451667129861 2.515822601624731
2.1200000000000494 2.0508163126924375 -1.2517460353126446 2.1451747853880074
2.1300000000000705 2.123490415961111 -0.9433257149984217 6.638936627726154
2.1400000000000916 2.154276022129599 -1.0292132707003614 5.315010177762538
2.1500000000001127 2.3038301391797913 -1.0816212598707835 5.2656224764691775
2.160000000000134 2.459491164373955 -1.0980123800598407 4.974192934229115
2.170000000000155 2.4856552625341677 -1.2788672168844004 2.0668857140389973
2.180000000000176 2.5844956614146333 -1.1829891988010648 3.551251989950993
2.190000000000197 2.6226999511245226 -1.0574989083849378 5.778836844238536
2.2000000000002182 2.6246771709943526 -1.1208106210969628 4.581984311404309
2.2100000000002393 2.7099041334923943 -1.1167899820807874 4.524229497383543
2.2200000000002604 2.563456385322673 -0.9372627305561082 7.962893947724477
2.2300000000002815 2.446057136846172 -1.1005572800985028 4.918820814805087
2.2400000000003026 2.3518297324708777 -1.2200719062558731 2.8735294559847793
2.2500000000003237 2.3219394082761835 -1.220607208837059 2.915918734359706
2.260000000000345 2.370549423513107 -1.2723165378307022 2.3158113574842902
2.270000000000366 2.179962221458002 -1.2009644803504123 2.7647953504399023
2.280000000000387 2.1614021320354073 -0.9792335372157206 6.198045448716675
2.290000000000408 2.298442851006584 -0.9680325238504112 7.257947262507727
2.3000000000004293 2.317958961828882 -0.7923632728536222 10.379735591344945
2.3100000000004504 2.3169094746099432 -0.7592481026239596 11.072247897178089
2.3200000000004715 2.4100364462760444 -0.924676719346911 8.094821424353086
2.3300000000004926 2.3531330953632623 -0.7136494004359266 11.83738717609583
2.3400000000005137 2.30839257265579 -0.6683557792199809 12.61182197283207
2.3500000000005348 2.2788399552429737 -0.659239333856642 12.687253062153133
2.360000000000556 2.200944378407254 -0.4910569810183997 15.058827866226762
2.370000000000577 2.0599576938701056 -0.33977311780365727 15.257350996692292
2.380000000000598 2.065860777462646 -0.14743370934636602 16.689868520197518
2.390000000000619 1.9614609780342864 -0.08218749045977469 14.763104325037036
2.4000000000006403 1.9681482366273688 -0.1074114643746864 14.925319932762086
2.4100000000006614 1.9900484853133633 -0.14410748514825122 15.412882311274847
2.4200000000006825 2.2894064680179107 -0.0934197786955222 19.254599913820535
2.4300000000007036 2.1508451849924297 -0.11485615422940487 17.700487848360954
2.4400000000007247 2.0104026159425543 -0.21233734154663775 15.556099993143597
2.450000000000746 2.0925556835595494 0.06954577787632332 17.223590614029014
2.460000000000767 2.1502113963939933 0.0841410542068396 17.847811077776978
2.470000000000788 2.2752680042391566 -0.04521901649175086 19.271714985975407
2.480000000000809 2.078037460979575 -0.018246832588064477 17.083694753702435
2.49000000000083 2.071671673654272 -0.23295491114504152 16.303430334709017
2.5000000000008513 1.882255713029474 -0.18203200569018207 13.115674739607377
2.5100000000008724 1.8760242116063401 -0.3575394266625206 12.405053888112707
2.5200000000008935 1.785805279175427 -0.5246136589923113 10.169763211937925
2.5300000000009146 1.6633371201690867 -0.4998116507521524 8.996295825086861
2.5400000000009357 1.7880439513807316 -0.41570143178287866 10.472984253862027
2.550000000000957 1.9446936407034885 -0.6081546715800272 10.908074873242347
2.560000000000978 1.6725681419014098 -0.7490180566529759 6.996471068486208
2.570000000000999 1.6835667360830628 -0.8169362430893677 6.577022228158902
2.58000000000102 1.7116728203657043 -0.9860504649523512 5.15546136392615
2.5900000000010412 1.7669032567007403 -1.005364749050473 5.129163892448552
2.6000000000010624 1.612397753482423 -0.7862503099086214 6.551360587756674
2.6100000000010835 1.705101095670257 -0.6693323532594693 8.189425160953872
2.6200000000011046 1.6303271956931646 -0.6121530395990324 8.028104487273723
2.6300000000011257 1.517449762298687 -0.433691164792005 7.606105135425159
2.6400000000011468 1.6061019646787562 -0.27632318459653926 8.562238643296258
2.650000000001168 1.8396603112543455 -0.13638941814194938 12.12017470286607
2.660000000001189 1.9192648134726134 -0.2714900271849917 13.74540003621412
2.67000000000121 1.8801417723809215 -0.5309373212609233 11.235997680854055
2.680000000001231 2.0076512993825677 -0.33320688571767065 15.017594022094107
2.6900000000012523 2.2622034581315487 -0.35428598472334183 17.664235735669557
2.7000000000012734 2.4994526433842346 -0.25520150426355204 19.04750729516802
2.7100000000012945 2.584088334870436 -0.324612253443583 18.57368455677983
2.7200000000013156 2.417895683586064 -0.2736746193429205 19.19237940933303
2.7300000000013367 2.5150851386018434 -0.3559130107438012 18.01218624260599
2.740000000001358 2.496017056978217 -0.10410788954274341 19.816726777194418
2.750000000001379 2.7877040743905286 -0.40245853903831486 15.21965770484719
2.7600000000014 2.6608803546414705 -0.26518362107802185 18.426102575180522
2.770000000001421 2.7946464089331293 -0.45700066756971647 14.673120750933705
2.780000000001442 2.753514135011057 -0.6352835672118804 12.55151088349008
2.7900000000014633 2.531638724152799 -0.4655922099117732 16.263863527035863
2.8000000000014844 2.2559993176983557 -0.47598963389534255 15.794762944489271
2.8100000000015055 2.1845903042584705 -0.3425430294865487 16.82743767066359
2.8200000000015266 2.3663106032048944 -0.2528139646538029 19.301798441046692
2.8300000000015477 2.492171789595242 -0.0015829100761114434 19.994045887710676
2.840000000001569 2.555183588013436 -0.05326893168670732 19.890535026667916
2.85000000000159 2.663864500915837 -0.15503356717152128 18.928688649510764
2.860000000001611 2.8037882827535845 -0.2116135278782324 17.206586346027102
2.870000000001632 2.7509196721156806 -0.3838780103122482 16.17128204766771
2.8800000000016532 2.7032917243489503 -0.3110993297356426 17.79031736607433
2.8900000000016743 2.7136121521439796 -0.2422529036332205 17.96642958330044
2.9000000000016954 2.7833692852549694 -0.34845312569192644 16.385726542944692
2.9100000000017165 2.705965600515178 -0.20893335709992134 18.199770454882508
2.9200000000017377 2.6828480599149067 -0.25816534260544943 18.25366046676791
2.9300000000017588 2.8522922458656255 -0.28472531560931924 16.0332594970964
2.94000000000178 2.95473393590379 -0.5627000647671779 11.539581351562383
2.950000000001801 2.8486014984865853 -0.5691019169966776 12.534247589705728
2.960000000001822 2.6881745939749933 -0.6368456664769901 13.000948934267551
2.970000000001843 2.777932038294063 -0.6941102973590373 11.103880604168541
2.9800000000018643 2.690699651649919 -0.9600286872393433 7.379383440916925
2.9900000000018854 2.6403684212740224 -1.0862710652920895 5.259248586285193
3.0000000000019065 2.3970584275316944 -1.239225671057223 2.6234575306549455
3.0100000000019276 2.264155702770535 -0.9989864215108238 6.5068599118070205
3.0200000000019487 2.049398903617571 -0.8929096055689524 7.138332024245537
3.03000000000197 1.6384751099559227 -1.0699422079180874 4.012856587267403
3.040000000001991 1.6775525826914743 -0.9126127277184257 5.742794550108658
3.050000000002012 1.6514598814335864 -0.9025975934476947 5.7680547257982635
3.060000000002033 1.4561193410080011 -1.0286999560060348 3.7191679154565316
3.070000000002054 1.4174809878291859 -1.2060252815302333 2.0327595352404915
3.0800000000020753 1.5436238636595037 -1.1673799366513067 2.7360463673933504
3.0900000000020964 1.382391021971479 -1.117412525084259 2.8626766175928644
3.1000000000021175 1.377267210717002 -1.101465276620929 3.0092639150249347
3.1100000000021386 1.4725962100220822 -1.3135457102357124 1.3375074196682322
3.1200000000021597 1.3610051145076547 -1.3406663296957508 1.090453914811861
3.130000000002181 1.4379268953641828 -1.3222243549899266 1.2025341723399876
3.140000000002202 1.4605985531018055 -1.3232186494386737 1.2372546626394665
3.150000000002223 1.3565956553067011 -1.0065264829119895 3.8864554643917733
3.160000000002244 1.523111733794778 -1.2329852655127085 2.05279979424771
3.1700000000022652 1.5846811375273113 -1.2027861029335858 2.5058545004981894
3.1800000000022863 1.3806013344548738 -1.1752943315607367 2.3564650090233235
3.1900000000023074 1.301046621916537 -1.1218119496518115 2.87064517806905
3.2000000000023285 1.3958281452170027 -1.0815109290075493 3.16751732532487
3.2100000000023496 1.415613348446299 -1.1128575169613852 2.87699531004933
3.2200000000023707 1.6567988713428112 -1.3873246191174347 1.179459871283033
3.230000000002392 1.6996783206287838 -1.4748074287701498 0.7559045036016692
3.240000000002413 1.6678143463937891 -1.4545944873910226 0.8184276349692979
3.250000000002434 1.8040540048194842 -1.3289989948767464 1.8020415466596387
3.260000000002455 1.7147427022168964 -1.40863100826689 1.1331455455762873
3.2700000000024763 1.8503864565336088 -1.4062444954087487 1.0867108256200246
3.2800000000024974 1.7041598366616695 -1.347478567790116 1.4743885535052916
3.2900000000025185 1.692237314065551 -1.5060169228440818 0.5742025737084117
3.3000000000025396 1.8696011460606776 -1.3791845754707068 1.2706981725440625
3.3100000000025607 1.9490194924084223 -1.2298491748815479 2.5212965970712387
3.3200000000025818 1.9540951775994835 -1.1445968134481226 3.4364144037495663
3.330000000002603 1.9415869410249846 -1.1650247153694624 3.248146541685089
3.340000000002624 1.881088440001553 -1.318055204332354 1.8024477074223417
3.350000000002645 1.7533812941424738 -1.3880636638195474 1.2420060127703625
3.360000000002666 1.699750078632476 -1.3125233968414578 1.7900027971877304
3.3700000000026873 1.5507023445714778 -1.4259777768504849 0.8559050585325347
3.3800000000027084 1.3951004799491047 -1.3871776375868197 0.8309948654372534
3.3900000000027295 1.4341721127294957 -1.4587202893887894 0.46582668421524803
3.4000000000027506 1.3411326295523307 -1.3806360268404747 0.8779536078727366
3.4100000000027717 0.9802705964114136 -1.5787246101572494 0.3472719979065684
3.420000000002793 1.0409619335664573 -1.5406917196843974 0.4929181694447413
3.430000000002814 0.9803813679202019 -1.7355424541857576 0.0
3.440000000002835 1.086477274298145 -1.3922607076780587 0.9430972616556955
3.450000000002856 1.1603274779974357 -1.4451951891850565 0.5714198718633193
3.460000000002877 1.0777912031752188 -1.4078312446116494 0.8678545293308279
3.4700000000028983 0.9374040605244245 -1.2882094774550459 1.8722330829183762
3.4800000000029194 1.085154959324016 -1.379142093378781 1.0164030367466241
3.4900000000029405 0.6441390053235246 -1.4629536069539517 1.2056219735406715
3.5000000000029616 0.5099640516480856 -1.4459797015183165 0.8487017731368105
3.5100000000029827 0.6908583391445198 -1.4488019838227282 1.371686824093595
3.520000000003004 0.71661548004113 -1.231515827604996 3.0601627831337757
3.530000000003025 0.6992008070347242 -1.2660498858919884 2.7706223714979847
3.540000000003046 0.8073588858207147 -1.2455352199446752 2.6917866769696692
3.550000000003067 0.7124333608986253 -1.3095726505099932 2.449542229869779
3.5600000000030882 0.6286614423735112 -1.156086317613446 3.5666579884109435
3.5700000000031094 0.5530471933651063 -0.9907012064070342 4.733757826635065
3.5800000000031305 0.4015641182012663 -0.9290316385345946 5.760910530740504
3.5900000000031516 0.4318209855984978 -0.9240863341895681 5.778801193562957
3.6000000000031727 0.5747442349204609 -0.7124868248819927 7.712132861543581
3.6100000000031938 0.4382930980410519 -0.6149053186819697 9.932175993853477
3.620000000003215 0.4491775609848293 -0.9719424808080144 5.116094028865576
3.630000000003236 0.26543381303263686 -0.9924555490116076 4.676360783836251
3.640000000003257 0.3924423941638151 -1.2113463716535815 2.2573492076789154
3.650000000003278 0.20410030507186755 -0.9741827680640566 4.818739690790628
3.6600000000032993 0.5525275415064276 -1.1106880059459223 3.7410926579911505
3.6700000000033204 0.4631420108373388 -1.205699893457082 2.5595483693472403
3.6800000000033415 0.22800220681071492 -1.1598358246732015 2.5407098329513853
3.6900000000033626 0.09017261458108045 -1.234992036386254 1.5152447853236752
3.7000000000033837 0.05508135964892308 -1.1911769203923908 1.855949504404712
3.710000000003405 -0.036026271164575296 -1.248711895815418 1.1024234524191057
3.720000000003426 -0.15931142059052128 -1.1183380157157874 1.6801204879219787
3.730000000003447 -0.17692017849979974 -1.3096057140523125 0.1912914753741646
3.740000000003468 -0.15352197444019938 -1.2309972095611865 0.7808426170315366
3.750000000003489 -0.21422529253549705 -1.277556594996093 0.3599508440844713
3.7600000000035103 -0.1484703000336366 -1.260322133832362 0.5692332643661289
3.7700000000035314 0.11522939987802333 -1.3356014151932927 0.6750151517594695
3.7800000000035525 0.12677778203891585 -0.9975552083266246 4.313556409877558
3.7900000000035736 0.09728566022271712 -1.155694614319243 2.294449546673441
3.8000000000035947 0.27776247310379787 -1.1450566269063842 2.8284442379819996
3.810000000003616 0.10997246685992598 -0.8495167421018208 6.665319927697156
3.820000000003637 0.25650843387765654 -0.946656500705563 5.393738587448342
3.830000000003658 0.23158145303098474 -1.241916796656367 1.7244250204858267
3.840000000003679 0.02252243615532734 -1.148415296063024 2.1368622186293074
3.8500000000037002 0.2616682480869613 -0.9644336857203082 5.137173438609446
3.8600000000037213 0.11205645835088193 -0.8470136218826456 6.715237505064383
3.8700000000037424 0.14473939423187396 -0.8776464903970048 6.261925807759087
3.8800000000037635 0.06112024364554022 -0.877293761218303 6.178405827819267
3.8900000000037847 0.37814121840447246 -0.8577916748417516 6.736792555250435
3.9000000000038058 0.42319099394028864 -0.9826942947518231 5.006920825184068
3.910000000003827 0.5360557033638207 -1.0125656235829295 4.511437612147631
3.920000000003848 0.6391835272800502 -1.150670885666465 3.6295330383702273
3.930000000003869 0.5248606593804312 -1.1540339524452548 3.2722513894947545
3.94000000000389 0.5293277698372851 -0.9509358891249344 4.994086573602294
3.9500000000039113 0.4900278905880809 -0.8610699381285922 6.31579850142673
3.9600000000039324 0.41140132029380416 -0.882939698996376 6.377353243250258
3.9700000000039535 0.2733112651435208 -0.9935357271138849 4.677006321354869
3.9800000000039746 0.2290339491074248 -1.0084475605622443 4.317544901728346
3.9900000000039957 0.16465706757440474 -0.8476139938851083 6.745593487673784
4.000000000004016 0.18682934172255242 -0.8477626731748866 6.753872070254108
4.010000000003993 0.029485530548063937 -0.8498656996876705 6.517507523712918
4.02000000000397 -0.04211181858372334 -0.8544289747021081 6.249142851325844
4.030000000003946 0.10508810839188001 -1.0504378878203662 3.552986419659171
4.040000000003923 0.1260937227778552 -1.0846459319193367 3.196814977407006
4.0500000000039 0.27013497734186 -0.9319597844590056 5.625320751794119
4.0600000000038765 0.6179830839511891 -1.065324836726389 4.2736233088655675
4.070000000003853 0.590459994028889 -0.9007267509160647 5.488364275140165
4.08000000000383 0.6313490340011034 -0.9513637299242474 5.1803290801009805
4.090000000003807 0.7573696273818686 -0.7266646954316469 6.616867176783862
4.100000000003783 0.8704761796942312 -0.7833447241262981 6.172469512092244
4.11000000000376 0.9875734069774265 -0.7925245777383988 5.841625390927913
4.120000000003737 0.9571103491680133 -0.9877314170743333 4.41343748060275
4.130000000003713 0.9697741843427381 -0.9413317117122121 4.764767282026511
4.14000000000369 1.131841627247662 -0.8720056506888366 5.040064874949537
4.150000000003667 1.2082972360384772 -0.8742110938916519 4.9842017651162225
4.1600000000036434 1.1571484625405364 -0.8848683690447603 4.925743522682172
4.17000000000362 1.1723418001840313 -0.9233665868006696 4.631088503201404
4.180000000003597 1.1426230264649837 -0.8572252644313625 5.12567996653763
4.1900000000035735 1.1670980180895076 -0.8029069666916885 5.509627713154041
4.20000000000355 1.1712606616659422 -0.7947480435007436 5.560846156259785
4.210000000003527 1.4785201046485485 -0.5590976472403881 7.050093979670209
4.220000000003504 1.7156983555921892 -0.7397258017645035 7.384155170484959
4.23000000000348 1.6941197688214649 -0.7204828837893207 7.452829080160103
4.240000000003457 1.9036258821276972 -0.728187308944882 8.93977633434771
4.250000000003434 1.6129033739052985 -0.6085033255381433 7.891127739935765
4.26000000000341 1.7268338344836789 -0.5242443357468013 9.540728347277282
4.270000000003387 1.748748788376734 -0.7586898900068388 7.49308687041783
4.280000000003364 1.3992839696071937 -0.6726407461213938 6.2117100003472165
4.2900000000033405 1.25406396431017 -0.7534803229166903 5.842485758911856
4.300000000003317 1.3193961581496914 -0.8120417995212457 5.297270670095047
4.310000000003294 1.435397033906026 -0.8465284026365356 5.208912787045343
4.320000000003271 1.4344977339002978 -0.7533407578955019 5.915747720868637
4.330000000003247 1.3728236859781116 -0.741513120609216 5.818386671512485
4.340000000003224 1.3312907469984168 -0.8445084280698338 5.080392502380061
4.350000000003201 1.2093738804679925 -0.8418301175523943 5.217557209742703
4.360000000003177 1.4328517600389445 -0.9908877929723555 4.027965784026898
4.370000000003154 1.3822791995717507 -0.9797858863311836 4.111273475310797
4.380000000003131 1.137347831635712 -1.02864924988538 3.796944788270172
4.390000000003107 0.9480432704027781 -1.1150194181917572 3.315814813414563
4.400000000003084 0.8533825490429626 -1.2301207647071148 2.7029762607089793
4.410000000003061 1.0533878602676316 -1.0341831254486546 3.9697354785701244
4.4200000000030375 1.0766186999905338 -1.3392881754093737 1.2494470382493716
4.430000000003014 0.9298364195489215 -1.41832503838959 0.8902382579452173
4.440000000002991 0.8845838286833156 -1.4329314700787374 0.9801493400529887
4.450000000002968 0.82439660152651 -1.361385696440101 1.7544588433656
4.460000000002944 1.0718521480600838 -1.4312047190043202 0.7484290857811545
4.470000000002921 1.0422768311757293 -1.313850075308454 1.448719745118296
4.480000000002898 1.1128838737247069 -1.0967061023198217 3.179018712714921
4.490000000002874 1.1425602337524432 -1.0713044948395192 3.3651426129151525
4.500000000002851 1.096042700177651 -1.08476866473743 3.347220518048883
4.510000000002828 1.086554980321518 -1.2116028206918896 2.177003482651496
4.520000000002804 0.9325768649939171 -1.5097470562400717 0.5249680322772465
4.530000000002781 0.7917662565438027 -1.4027873434992073 1.5141122293267877
4.540000000002758 0.8464636987898059 -1.2378618367151621 2.6592270097086024
4.5500000000027345 0.9752742255051939 -1.1737829211336437 2.733048071382939
4.560000000002711 0.8740325510044387 -1.3345117214989963 1.792901995443931
4.570000000002688 1.0649473479162332 -1.419478353746255 0.8165581995272014
4.580000000002665 0.965842274160702 -1.3457496933161495 1.3496088427532877
4.590000000002641 0.9902678895442691 -1.1846709438762049 2.6073278732019602
4.600000000002618 0.9636792367661782 -1.1409923990911865 3.0248516812231987
4.610000000002595 0.958461518763942 -1.160868443079837 2.884026931306934
4.620000000002571 0.9516923077555336 -1.4282264554133275 0.7880866006064036
4.630000000002548 0.8230215417527331 -1.480213149398856 0.8633477695113384
4.640000000002525 0.7804292713748766 -1.4686932555004244 1.0618507795340026
4.6500000000025015 0.9040283914002358 -1.5122809874280099 0.5162061648238375
4.660000000002478 0.8156382176645283 -1.5469984263204468 0.5226869192239778
4.670000000002455 0.898262656220675 -1.5787544017451336 0.32516762212201256
4.6800000000024315 1.0421653473305157 -1.4267935970590182 0.7901924269258935
4.690000000002408 0.7982605870412014 -1.4661582000930955 1.0303632678200283
4.700000000002385 0.7900694442910844 -1.5983316058129606 0.288385255161282
4.710000000002362 0.7992879822961225 -1.417396131712531 1.3730098676459046
4.720000000002338 0.7012744626032628 -1.4582981158712771 1.3146520186006154
4.730000000002315 0.5159646754707179 -1.5723352641680002 0.28859583509551573
4.740000000002292 0.41181217636919076 -1.4815369939999856 0.2584256726403393
4.750000000002268 0.4139701553617764 -1.315796609452451 1.4201249924037727
4.760000000002245 0.14088148735843936 -1.3311306821240954 0.756077224010666
4.770000000002222 0.16336024979848537 -1.2445580682927038 1.5651600622886237
4.7800000000021985 -0.06805357085869512 -1.1081521997009611 2.349038654858394
4.790000000002175 -0.1363749217353339 -1.0672482895502613 2.354321865715109
4.800000000002152 -0.11688190308479834 -1.1154341161322556 1.9577381833640666
4.810000000002129 -0.015410694567787209 -1.3763364109780802 0.19857030522353736
4.820000000002105 -0.15717017499126135 -1.3408629367003468 0.017664973019121708
4.830000000002082 -0.20640377040830477 -1.2773322195282217 0.3617139289475054
4.840000000002059 0.07469650697922098 -1.1669676421645807 2.1409268215762047
4.850000000002035 0.14910329885871726 -1.3571197657204355 0.549347986182134
4.860000000002012 0.1190332140800176 -1.2756435439948093 1.1817355575104878
4.870000000001989 0.059902782169093505 -1.1996526409880848 1.7806193880848573
4.880000000001965 -0.1025575141549685 -1.1978690355165353 1.2978428426545905
4.890000000001942 -0.08377963171971081 -1.1871790032438996 1.503354730942858
4.900000000001919 -0.2740228296572975 -1.0611415505090442 1.6850939035117711
4.9100000000018955 -0.2436142044571875 -0.8690995403401951 4.651765986084188
4.920000000001872 -0.12206378244935095 -0.7398567982779201 7.708731638694121
4.930000000001849 -0.1470785805570941 -0.6864477812248864 8.356377574434704
4.940000000001826 -0.21887208177491868 -0.6014824369895074 8.953126556788616
4.950000000001802 -0.2968775550219386 -0.46158806977021716 9.952610797421464
4.960000000001779 -0.30383689065505354 -0.5059883949629386 9.442754749411101
4.970000000001756 -0.3561624963644131 -0.666617772536191 6.885785777954092
4.980000000001732 -0.26283474244295835 -0.3732801618683088 11.610389690145013
4.990000000001709 -0.3457223812215967 -0.48125960999529216 9.397685190212135
5.000000000001686 -0.40019512569253207 -0.3204165224027665 10.216602245361086
5.0100000000016625 -0.35866376503130776 -0.0027792211598339778 12.483062476217526
5.020000000001639 -0.2863475765257948 0.14723479561052377 13.656569725456663
5.030000000001616 -0.3906610910587408 0.27012044439230937 11.781660331317358
5.0400000000015925 -0.6025675320739874 0.16449831078953153 8.633913916334311
5.050000000001569 -0.8623661636640568 0.1201008891642888 5.264025013500247
5.060000000001546 -0.9608078923667688 -0.03480168939278727 3.779413293404219
5.070000000001523 -0.9426567246403724 0.06752119123127287 3.9388431302137406
5.080000000001499 -0.7235212483894367 0.07771029680980146 6.803877089828976
5.090000000001476 -0.8990003346026191 -0.06592482174493464 4.561721190317147
5.100000000001453 -0.7006201500532574 -0.16211371267606345 7.051044837841932
5.110000000001429 -0.562849074788154 0.06329287802076622 8.911449731715452
5.120000000001406 -0.4985359994054216 0.006835064002325919 10.175805081337742
5.130000000001383 -0.7207770262131847 0.06906571471180745 6.807742814399328
5.1400000000013595 -0.6652753368539192 -0.013322320339293148 7.377080837541252
5.150000000001336 -0.5954840597691295 0.08272302327459702 8.388783048861107
5.160000000001313 -0.7365637011391133 0.16702718551186868 6.862346710333352
5.17000000000129 -0.7552106634489633 0.018469171102457604 6.348079474090404
5.180000000001266 -0.5204007745917909 -0.06865849743961816 9.629592557114806
5.190000000001243 -0.38070410795266046 0.03334819366595698 12.262118867460831
5.20000000000122 -0.5225396340387283 0.08349995572114144 9.798321666721149
5.210000000001196 -0.7920387761207383 -0.04050391842837475 5.916135893871583
5.220000000001173 -0.8141033933391564 -0.11411843990806003 5.705472825439605
5.23000000000115 -0.8184412902977386 0.36828007770923477 5.436680337791995
5.240000000001126 -0.5976932440359919 0.1696414559636248 8.742399846440238
5.250000000001103 -0.6143065051223208 0.15147874650703264 8.424367253637875
5.26000000000108 -0.5946114551743309 0.1008938841751239 8.482823447481657
5.2700000000010565 -0.7267727601952587 -0.024778095466924666 6.659932319297967
5.280000000001033 -0.5792635149495231 0.16688175352940438 9.037193040224976
5.29000000000101 -0.7700581054003366 0.11351839871040159 6.393666333868577
5.300000000000987 -0.7457835145665108 0.3628532162056505 6.360718798117119
5.310000000000963 -0.8488273281519585 0.0680539997068289 5.2659219255443634
5.32000000000094 -0.7438634349203264 -0.004575613303778203 6.448178351614613
5.330000000000917 -0.7357119353798357 0.01571292081310327 6.54441837490759
5.340000000000893 -0.8038066757859876 0.2012015547767989 6.0718454956856505
5.35000000000087 -0.8493380600710875 0.2097473242371476 5.501654559816658
5.360000000000847 -0.6864432976382318 0.10957094882111063 7.34665018084853
5.3700000000008234 -0.6293939239598181 0.28812365837368936 8.212781233145694
5.3800000000008 -0.641927628458046 0.5816331848902858 6.371708895238719
5.390000000000777 -0.7496044110131043 0.6144420015215206 4.737752031446767
5.4000000000007535 -0.797463620611663 0.6220903268344911 4.098183467966476
5.41000000000073 -0.6531275986967724 0.4527561224775156 7.053109391162358
5.420000000000707 -0.8429166486443831 0.6563303638846082 3.546904239729385
5.430000000000684 -0.7205469242829516 0.9135198392242898 4.097762098955874
5.44000000000066 -0.8383069521745199 0.7661896496613874 3.3530235049689012
5.450000000000637 -0.7439547918760903 0.7127096359064085 4.214518259422771
5.460000000000614 -0.677817900217941 0.6484741353879738 5.372885132097213
5.47000000000059 -0.4539264231146469 0.555467043830979 9.512502792997138
5.480000000000567 -0.3346487609750318 0.409792989440917 11.19317417208006
5.490000000000544 -0.24559236757495906 0.5528683221236808 10.75531618034888
5.5000000000005205 -0.2774349972674427 0.579707120116109 10.3559256296976
5.510000000000497 -0.2460988356559718 0.42841472391166135 12.129275096311586
5.520000000000474 -0.36214337535157765 0.5195163222515011 10.606318294208274
5.5300000000004506 -0.3945979235580295 0.6168928879811253 9.499051880332328
5.540000000000427 -0.4374737934759994 0.6762906066751007 8.471103947428016
5.550000000000404 -0.263657668139102 0.6182490228212597 10.128752917925203
5.560000000000381 -0.14942918693867777 0.5539688053218854 11.017158327905433
5.570000000000357 -0.22809271074661533 0.6091027033911671 10.484834279082207
5.580000000000334 -0.22410117716730743 0.49962182841508185 11.662146916235661
5.590000000000311 -0.36441964106546365 0.3638764035190778 11.516038619056639
5.600000000000287 -0.6167644723449823 0.33685961176518187 8.371379291141407
5.610000000000264 -0.5228600818702693 0.5308394942157232 8.631138889907922
5.620000000000241 -0.2870381311962441 0.4219938828060643 11.78227873622047
5.6300000000002175 -0.40657436554316706 0.2730668251708863 11.42523989590992
5.640000000000194 -0.35559862162027966 0.2139030284796708 12.76488287288192
5.650000000000171 -0.27541842827264196 0.20392858161198946 13.689285034263929
5.660000000000148 -0.35499970906775136 0.26597113947066775 12.440977341268473
5.670000000000124 -0.4956586690947199 0.3073796985068854 10.332283261034512
5.680000000000101 -0.5619495329899218 0.3245619602036568 9.262948626475003
5.690000000000078 -0.4342492834299072 0.3774723350420116 10.700229195704473
5.700000000000054 -0.6257776307778955 0.23962268593905023 8.328018596517412
5.710000000000031 -0.6567311856297721 0.3279774757851024 7.783162296130129
5.720000000000008 -0.5700718051732439 0.36704351388208734 8.93645298635174
5.729999999999984 -0.4217831356042884 0.38572013088947976 10.712100670457726
5.739999999999961 -0.3992653086500414 -0.023226285544001524 11.746561964549164
5.749999999999938 -0.5079654169436889 0.17892199187146096 10.2129132826553
5.7599999999999145 -0.40081417590583196 0.056794582346634925 11.942251600422924
5.769999999999891 -0.34568759532677285 0.03236597820013942 12.796761161346039
5.779999999999868 -0.6608081893471334 -0.17553955182927017 7.531689667769676
5.789999999999845 -0.5761561745366307 -0.037501536434109584 8.493032316319159
5.799999999999821 -0.5147894787283585 -0.14663101654411392 9.435045935549358
5.809999999999798 -0.5390819215857522 -0.2090192264368088 9.052261986268082
5.819999999999775 -0.5181376721020049 -0.32169866647411693 9.222482950967509
5.829999999999751 -0.6911304906873392 -0.22535863809329926 7.160722191884771
5.839999999999728 -0.6378708857944407 -0.014719759865446047 7.733107487881175
5.849999999999705 -0.5640414298052695 0.15815978130867026 9.21902215119435
5.8599999999996815 -0.5813188233343581 0.09028222287482901 8.642474926564951
5.869999999999658 -0.48013213005478667 -0.14636027928412298 10.122658225279666
5.879999999999635 -0.5873324023802049 -0.2267649822010087 8.44003383687085
5.8899999999996115 -0.6814139066408096 -0.44848115442857284 6.399251095217591
5.899999999999588 -0.4654513003127569 -0.20273269672861882 10.08236690934096
5.909999999999565 -0.3371111729114736 0.05554549778893503 13.008715598847887
5.919999999999542 -0.7950143904820685 0.14582211721497085 6.163803332714556
5.929999999999518 -1.0948791929739008 0.19680117035957523 2.5123724774117826
5.939999999999495 -0.6941496477613778 0.09553579765283715 7.219691948426284
5.949999999999472 -0.5025211707804713 0.08761440727957859 10.246727887439777
5.959999999999448 -0.34744747226758377 0.25133353388818747 12.654790593522929
5.969999999999425 -0.3400514122186593 0.04537406240947395 12.918258727352779
5.979999999999402 -0.4158600617583147 0.187194344442439 11.841921309546006
5.9899999999993785 -0.44027598936074147 0.523520441878988 9.86237930594522
5.999999999999355 -0.5055211195979092 0.3437329516972342 10.168282798207189
6.009999999999332 -0.6329661300528069 0.49909794627490345 7.0240284663210675
6.019999999999309 -0.6490310324249802 0.4945879373985864 6.811011608509671
6.029999999999285 -0.654422024716716 0.5856489110727023 6.157015899844923
6.039999999999262 -0.42622562771483863 0.6469376410539441 8.91246954431804
6.049999999999239 -0.38290399283041787 0.5664826151108826 10.128019398025712
6.059999999999215 -0.21484246137819207 0.6218977886316145 10.451465285020127
6.069999999999192 -0.40448306704164866 0.47145930332666 10.397618777456355
6.079999999999169 -0.2611975153035417 0.5094758516989931 11.115869080672386
6.089999999999145 -0.1310326106503289 0.6968938526167707 9.889412520432302
6.099999999999122 -0.09729906148488596 0.6493553840953619 10.774751715906628
6.109999999999099 -0.18971811183989898 0.6210161001897996 10.487084849446305
6.1199999999990755 -0.3722204279866589 0.5817758684649237 10.090885447761828
6.129999999999052 -0.18110635688039237 0.5307805550093759 11.410950128517623
6.139999999999029 0.12944687905224073 0.47903639252721286 12.482827216355448
6.149999999999006 0.21851682524871024 0.41598159203663093 12.68978747187677
6.159999999998982 0.18728686838612207 0.5554856082283564 11.1434476208844
6.169999999998959 0.025296898695831488 0.6330764871002522 11.058841001739506
6.179999999998936 -0.03716184271535864 0.49443324135009425 12.801016308589995
6.189999999998912 0.04073255252930917 0.37054323296007363 14.025597182037345
6.199999999998889 0.04176293544828757 0.3891489946720609 13.771284459440167
6.209999999998866 0.08028677524075002 0.3569728864795831 14.071819417891732
6.2199999999988425 0.10163439116296583 0.22958867995903892 14.726235458668318
6.229999999998819 0.028771004564266754 0.2564582445345116 14.834496748921934
6.239999999998796 0.0036679775444503487 0.16647966939859077 15.098870794811836
6.2499999999987725 -0.21605814017888142 0.03140817661006756 14.169508693581907
6.259999999998749 -0.09657089072105701 -0.18051129532997334 14.277349987986527
6.269999999998726 -0.20534496160246218 -0.4874779690258543 10.312973480755053
6.279999999998703 -0.4027475582028678 -0.4453210913194833 9.324006369313523
6.289999999998679 -0.42721795659064576 -0.5644015336174586 7.797843991287135
6.299999999998656 -0.377175977007309 -0.6892057618043274 6.347129358371468
6.309999999998633 -0.6707914268985644 -0.9263586405007205 0.26926373226926675
6.319999999998609 -0.6392997320670973 -0.8183476501765816 1.486356470109808
6.329999999998586 -0.789076555643791 -0.8679002369209456 0.09859142872346593
6.339999999998563 -0.5507376087710969 -1.0057161357713418 0.46600058995123184
6.3499999999985395 -0.4357897041153526 -0.9717665020953049 1.1210315192990505
6.359999999998516 -0.6276754630586548 -0.910638437859096 0.4886654670871988
6.369999999998493 -0.5805078661130606 -0.6519574852603056 4.808515614365275
6.37999999999847 -0.5459111457122491 -0.6963197639583296 4.259514655864834
6.389999999998446 -0.5605212571910048 -0.7727081694230248 2.749701512081382
6.399999999998423 -0.5100751199513205 -0.9373342333812685 0.8513866420730356
6.4099999999984 -0.5385431799441583 -0.7234675539655533 3.6901758818356862
6.419999999998376 -0.26810027128141056 -0.6222419860436669 8.425762704019157
6.429999999998353 -0.28841012672645056 -0.4958491669372037 9.66052356302301
6.43999999999833 -0.3236040682176737 -0.6871586419060903 6.8981112523922175
6.449999999998306 -0.3421224946368314 -0.9332103117071426 2.5750209647987026
6.459999999998283 -0.21949806685768974 -0.9515185097493353 3.529598449351452
6.46999999999826 -0.23725769579355832 -1.111378321357424 1.4494908743907557
6.4799999999982365 -0.11806128074251016 -1.1742401122063066 1.4078017134401384
6.489999999998213 -0.35426524340592014 -1.047721645674487 1.432702527378077
6.49999999999819 -0.5080168554574079 -0.7494020146639488 3.604681554030062
6.509999999998167 -0.5596009008630515 -0.807238417779429 2.148578263129898
6.519999999998143 -0.5374150597182903 -0.7597151122796517 3.069843700722126
6.52999999999812 -0.5803411257668096 -0.8349754704589558 1.4605536616418713
6.539999999998097 -0.6259383134161736 -0.9816167133723863 0.26396576950091616
6.549999999998073 -0.5786480210981322 -0.7953226063324326 2.2340635466975938
6.55999999999805 -0.6163079615127747 -0.8691862218268034 0.6587160676369423
6.569999999998027 -0.6224465034757745 -0.9402186038144456 0.40806389552413647
6.5799999999980034 -0.6367593913346962 -0.6760825422282897 3.970732133177524
6.58999999999798 -0.560539511873472 -0.7383824727451196 3.287039625038865
6.599999999997957 -0.5742510769480497 -0.5574725200727764 6.336344926856738
6.6099999999979335 -0.5251768875131225 -0.44069788725365244 8.182055666979444
6.61999999999791 -0.2988542812966673 -0.5145613697319502 9.401675591560931
6.629999999997887 -0.29696140297072615 -0.4092371239093173 10.668133499346466
6.639999999997864 -0.14693363827624456 -0.7069232821076543 8.03205813226371
6.64999999999784 -0.18654742815973355 -0.6556956443558425 8.46494532745666
6.659999999997817 -0.01669995238635852 -0.715044556284496 8.499372242814239
6.669999999997794 0.08191981122450068 -0.7388900084588943 8.42357826643198
6.67999999999777 0.06223172866314419 -0.8313374237659721 6.936386387897033
6.689999999997747 -0.24766029289107844 -0.6803997202140485 7.715112075773027
6.699999999997724 -0.09528590084077697 -0.7826367654160995 7.209539180102579
6.7099999999977005 0.06661144839827583 -0.8771170946320497 6.188614444670945
6.719999999997677 0.043639358614201304 -0.8572778304745583 6.412823775149656
6.729999999997654 0.18052987744222312 -0.9714421098922322 4.820855316012318
6.7399999999976306 0.38304692989385963 -0.8935408314758843 6.288446935302796
6.749999999997607 0.7738269881917521 -0.870311094355543 5.518981554518876
6.759999999997584 0.8308424746921044 -0.6592194701549183 6.827511072407621
6.769999999997561 0.6308250113325788 -0.7408155674022322 6.8488187448874145
6.779999999997537 0.7577822948857493 -0.4410223822544084 8.4046108198099
6.789999999997514 0.744143334226005 -0.41186335758065185 8.595810801872643
6.799999999997491 0.5685675975354603 -0.8203128269043338 6.309801290190679
6.809999999997467 0.6442041215948767 -0.966178355993977 5.091296816236465
6.819999999997444 0.32740257792911154 -0.8539503260469022 6.83132163107954
6.829999999997421 0.34883716512135376 -0.9928577680680328 4.851267436548226
6.8399999999973975 0.2269174768927709 -0.882364363610718 6.3061828732726735
6.849999999997374 0.44688035644285673 -1.0379093153883137 4.223425199483024
6.859999999997351 0.3630264352834276 -0.8940568999999111 6.29566299636966
6.869999999997328 0.2738008090154298 -0.8003200723208765 7.652182712099749
6.879999999997304 0.1557204421863854 -0.9349848713671212 5.376536490619987
6.889999999997281 0.05984007086905893 -0.8466820531644503 6.658233679005491
6.899999999997258 0.06672483758001527 -0.8133070994038616 7.238077025495609
6.909999999997234 0.2008197861620396 -1.0583158812207971 3.6464106918136663
6.919999999997211 0.36752603424769853 -1.098908048779391 3.4675972481630666
6.929999999997188 0.30861766961167625 -1.1864870753583054 2.5247960452826996
6.939999999997164 0.3780900331194783 -1.2531207059201925 1.8834845054632332
6.949999999997141 0.2361565989615489 -1.261686239470924 1.5388258786951923
6.959999999997118 0.3934150096095822 -1.2711900056724266 1.7088365477941816
6.9699999999970945 0.5038295194043647 -1.3153471239670242 1.8510807177689088
6.979999999997071 0.38684087011955665 -1.2372264766852354 2.0218651109024592
6.989999999997048 0.44088885049361615 -1.2098712279418635 2.4357186762646372
6.999999999997025 0.21139462066524164 -1.1871261114646003 2.223843338053821
7.009999999997001 0.07864061333648997 -1.3015349154243006 0.906786709859193
7.019999999996978 0.08785475274205079 -1.432464989635081 0.14487236166001657
7.029999999996955 0.3099989458932981 -1.372842127305423 0.8366857750622829
7.039999999996931 0.35345652517934617 -1.3014637390193426 1.4581483732853773
7.049999999996908 0.4102574099525663 -1.3228909842566159 1.3464793059196523
7.059999999996885 0.29235201239420605 -1.2290559794296196 2.0340681373725777
7.0699999999968615 0.2220723141897163 -1.130577629859618 2.844450000693906
7.079999999996838 0.40135310383917067 -1.0724455949224172 3.7478276551286536
7.089999999996815 0.08325866201803128 -1.079798407045468 3.146361423109038
7.0999999999967915 0.28048746462880264 -1.4218161115316534 0.45251877461608525
7.109999999996768 0.526420527425147 -1.4034196223571218 1.2617711085462562
7.119999999996745 0.5424746209520885 -1.2024234661906388 2.944296406057292
7.129999999996722 0.7887584307014802 -1.3668008394522615 1.8035163653866593
7.139999999996698 0.8006135323025544 -1.3946699526757786 1.5583890217900218
7.149999999996675 1.0133956415465515 -1.0168087651232565 4.129726461081387
7.159999999996652 1.0807207919864548 -0.9834019811379643 4.341649973102529
7.169999999996628 1.1081270260720584 -1.0589378567021246 3.5528693266127473
7.179999999996605 0.9719301547708887 -0.9929491591851414 4.3389039572925
7.189999999996582 1.1645202814303897 -1.074292878211689 3.318828318136023
7.1999999999965585 1.3585627378277267 -1.0583436523455834 3.400471478738498
7.209999999996535 1.15728640413472 -1.2463244918998488 1.766390510038389
7.219999999996512 1.1902438224467746 -1.1234200898644806 2.8551392734604066
7.229999999996489 1.027668055838203 -1.1440001862884828 2.9191356181861767
7.239999999996465 1.1724053078202217 -0.9891035159805934 4.111808909721306
7.249999999996442 1.3287553107325758 -1.0853166455187782 3.156744583182593
7.259999999996419 1.5806467600142742 -1.0326649741143603 4.198802079885719
7.269999999996395 1.3749952063223676 -1.0441991013017 3.540621564153425
7.279999999996372 1.3963934985984112 -1.1349018519852647 2.6808148808361607
7.289999999996349 1.2409950437747352 -1.1004426637917002 3.152775852524882
7.299999999996325 1.2985289037102277 -1.2317250923713845 1.92580542895148
7.309999999996302 1.3736456191170956 -1.2873254534567176 1.4019849340686346
7.319999999996279 1.4618924462646143 -1.2120442419560455 1.988110597751045
7.3299999999962555 1.244217137223813 -1.254159353239432 1.8013040151352335
7.339999999996232 1.1429470005428868 -1.2489858595380223 1.7499181790992964
7.349999999996209 1.1454508366818306 -1.0858120323301494 3.2361107449641353
7.359999999996186 1.2368773631558665 -1.0916343122784629 3.2252068606017867
7.369999999996162 1.0883157806344548 -1.2721287767047176 1.650881767606513
7.379999999996139 1.3729618738435785 -1.3286515459829382 1.1618652662041917
7.389999999996116 1.4564273981841536 -1.3504832651627319 1.0470975021677362
7.399999999996092 1.321833785143614 -1.3298397216164797 1.1647386801300876
7.409999999996069 1.3920882173932188 -1.0474019506110692 3.503408566016531
7.419999999996046 1.7451444556559097 -0.837259186964679 6.585171339001037
7.4299999999960225 1.3634604085748023 -1.054604007868758 3.438265374595865
7.439999999995999 1.4323961282116082 -0.8615897808705151 5.081702807851364
7.449999999995976 1.1939208105415835 -0.772315712229296 5.709466178394734
7.4599999999959525 1.5971256310098467 -0.8457482005842936 5.972566736544433
7.469999999995929 1.6699058334226744 -0.8768358873616907 6.030155837206232
7.479999999995906 1.8865581295427067 -0.9998625882170501 5.230510871845568
7.489999999995883 1.907347167676755 -1.0141579487996903 4.99886468235212
7.499999999995859 1.8528175981343322 -0.9951107052583092 5.3894154124346985
7.509999999995836 1.560274687172944 -1.1333261071586027 3.098337978604004
7.519999999995813 1.2695489776875828 -1.158308883877969 2.6055388128026555
7.529999999995789 1.1854553815554136 -1.1756153525423465 2.376353088313306
7.539999999995766 1.4722280549809112 -1.08174243657913 3.2663189666752985
7.549999999995743 1.2578411507581295 -1.1912502239432285 2.3438496874700308
7.5599999999957195 1.1116623215365782 -1.2129813177229734 2.0831853103920768
7.569999999995696 1.3660007257590536 -1.2826913247943448 1.4296366061517016
7.579999999995673 1.3803128965044837 -1.2639748587746413 1.5801428007376588
7.58999999999565 1.4329148873785627 -1.0930130653942707 3.043353351144573
7.599999999995626 1.368469440393992 -1.0124524251550913 3.8358672467071067
7.609999999995603 1.2892369490050153 -1.1108149609974127 2.9957567012111337
7.61999999999558 1.4339944442894805 -1.0358060439461692 3.6075751126180933
7.629999999995556 1.3973688402002635 -0.9631329874055656 4.2495299930504356
7.639999999995533 1.432416495690091 -1.016204258052174 3.7975213289474583
7.64999999999551 1.2986070721654595 -1.0974617486092932 3.0942293066252002
7.659999999995486 1.2971675579834803 -1.1086172798121239 2.9994382846947003
7.669999999995463 1.4251058933747864 -1.1693453851807116 2.358116525024615
7.67999999999544 1.3695848011537506 -1.2014888855078212 2.128335670777396
7.6899999999954165 1.4665210567503872 -1.1007284274184135 3.0602817242739975
7.699999999995393 1.516192157168159 -1.205409004863913 2.2818426469641486
7.70999999999537 1.401217177803861 -1.153319796858542 2.5178158346594555
7.719999999995347 1.1848533379880766 -1.0592832975781834 3.450313629549569
7.729999999995323 0.9875521026932881 -1.076422570783329 3.565293721722389
7.7399999999953 0.9233085348408501 -1.2468381545805929 2.262290043142584
7.749999999995277 0.9584690573840303 -1.4165966793662614 0.8424213734839086
7.759999999995253 0.9232227615086341 -1.4268256264330081 0.8454560291558989
7.76999999999523 0.914965803968917 -1.458046158369143 0.6950567419567484
7.779999999995207 0.8587017791791448 -1.4338490036890976 1.0872394079535852
7.789999999995183 0.689848675667955 -1.5667634406762891 0.6379900894677035
7.79999999999516 0.8085724455528747 -1.4019080896515814 1.479625325022184
7.809999999995137 0.9165960117895429 -1.2631944838792264 2.146934874084712
7.8199999999951135 0.8719788195903553 -1.4024772015215823 1.2743160012817074
7.82999999999509 0.7544043185303432 -1.2329851745749107 2.9445225054100046
7.839999999995067 0.4507017436457803 -1.139918552361276 3.0822546479327215
7.849999999995044 0.7342717599342771 -1.478981912842591 1.13866983283589
7.85999999999502 0.8101252437737261 -1.583488363624017 0.33295091308832125
7.869999999994997 0.7535382469655058 -1.610489596616494 0.3258536828340288
7.879999999994974 0.6666932953237404 -1.6067970394958966 0.38667679982649683
7.88999999999495 0.6913869143748353 -1.6294112281121866 0.2740251372792125
7.899999999994927 0.8652408833330181 -1.532105870207841 0.48476657564450304
7.909999999994904 0.8404987209010162 -1.1368809057028537 3.469647722851379
7.9199999999948805 0.6605105266528528 -1.1381672144639592 3.7555100906511507
7.929999999994857 0.830888486925396 -1.0715937860761897 4.0218833368386075
7.939999999994834 0.6360408089750819 -0.8017417580084651 6.32725766416917
7.9499999999948106 0.4406560081100854 -0.8301308104385858 7.072892631282977
7.959999999994787 0.42921940923122204 -0.8854200892203805 6.306824746902886
7.969999999994764 0.37074904265611563 -1.0328218175626922 4.324147535202124
7.979999999994741 0.5258940039789256 -1.1276183915688711 3.500023142664922
7.989999999994717 0.8382824584832741 -0.9550038884208254 4.941649394951631
7.999999999994694 1.0378133559367244 -0.8840059357005883 5.167875004514374
8.00999999999467 1.2017889602009308 -0.9800025519786851 4.196342114258634
8.019999999994647 1.1555867125644035 -1.1118855107134 2.9831486575120567
8.029999999994624 0.9671830587960268 -1.3329364373873145 1.448984692136555
8.0399999999946 0.8540996120659261 -1.4689375537378537 0.8606424565824728
8.049999999994577 0.770332913949028 -1.4734428485272595 1.0612669043133625
8.059999999994554 0.7763881654553704 -1.751419279421453 0.0
8.06999999999453 1.018107767718405 -1.5899122840541065 0.3373815605527305
8.079999999994508 1.0168060895212028 -1.645272597281679 0.16984079300644242
8.089999999994484 0.8725337535003498 -1.7074090707545981 0.0
8.099999999994461 0.7851353189046424 -1.6163394680207595 0.19288778493580894
8.109999999994438 0.8088476439860887 -1.6158328515573748 0.18442710030796525
8.119999999994414 0.8305495510288503 -1.3253946459169565 2.014181773787759
8.129999999994391 0.8889572424786629 -1.3269193810350859 1.783810872699887
8.139999999994368 1.1480118883896937 -1.3450573649868605 1.1101466056512614
8.149999999994344 1.2587200714534235 -1.2471343186945802 1.8612821006561355
8.159999999994321 1.1793516231519974 -1.2359825723315945 1.8439511556970847
8.169999999994298 1.1581251191610105 -1.1662887355319533 2.470961353445881
8.179999999994275 1.3531645234152938 -0.9295477571491982 4.478423075615387
8.189999999994251 1.3998862080926702 -1.0423906346331628 3.551239220114424
8.199999999994228 1.198836737678644 -0.9523813524288336 4.4130428823692425
8.209999999994205 1.2186032105559097 -1.1880906647542586 2.3290849643471248
8.219999999994181 1.3649710192737592 -1.1380536809504613 2.671711408439909
8.229999999994158 1.2062997111616718 -1.326728680002616 1.1968952492609832
8.239999999994135 1.218260979996544 -1.5260770881584569 0.29671415614387986
8.249999999994111 1.0767840941234994 -1.5377481120544383 0.46014250934650536
8.259999999994088 0.9906311161184576 -1.3314518112976335 1.3944266946746322
8.269999999994065 0.954991618723358 -1.3868113254817627 1.071873474620272
8.279999999994041 1.0106287333000605 -1.4189124823786963 0.8145337506485968
8.289999999994018 0.9506770463396814 -1.3712962988217603 1.2038339311571822
8.299999999993995 0.8965653292121419 -1.1735378610518423 2.9814039936368655
8.309999999993972 0.9788714072743441 -1.0532595686694737 3.797927238631222
8.319999999993948 1.1239630867133286 -0.8610366421845708 5.119153368367621
8.329999999993925 0.7891521031794893 -0.8040695596723558 6.05590572846666
8.339999999993902 0.8399451472595555 -0.674326365933759 6.769440172589571
8.349999999993878 1.0888368299450906 -0.6373027274686093 6.369218687003871
8.359999999993855 1.1829104639279513 -0.6432920816699813 6.258531588363837
8.369999999993832 1.1900102701655058 -0.5169899560557104 6.635919709320563
8.379999999993808 1.1885693361543948 -0.38877748609366414 6.949263653454829
8.389999999993785 1.1787818282066342 -0.40265920209738193 6.910265653893942
8.399999999993762 1.1191207906910647 -0.6713958586143729 6.222609315214568
8.409999999993738 1.3181901574613715 -0.6662206375239427 6.099061411828473
8.419999999993715 1.1858973470257583 -0.4279619741464452 6.874481529536985
8.429999999993692 1.2868336458369922 -0.5132559021880704 6.699259834693029
8.439999999993669 1.2192249135813098 -0.5734880623339468 6.565193477684311
8.449999999993645 1.32379141673312 -0.8007833962335361 5.377404633215969
8.459999999993622 1.235474107650349 -0.7715299709866836 5.726763382219818
8.469999999993599 1.448899095131799 -0.5639427822684115 6.832433615819182
8.479999999993575 1.645336113830822 -0.8119888698397589 6.517672592839838
8.489999999993552 1.5544421752865745 -0.9056181396120122 5.32001106519438
8.499999999993529 1.3572113599413984 -0.9739661640084745 4.1549624940252485
8.509999999993505 1.273611158594198 -1.047298295896215 3.605556276091494
8.519999999993482 1.1088836093009056 -0.7888971757576104 5.703878062243741
8.529999999993459 0.9608644148765837 -0.8073882955344545 5.777861585195847
8.539999999993436 0.8873066307421881 -0.8948364660820061 5.2573580273462435
8.549999999993412 0.9640991751724872 -1.0473957251839954 3.8857314819393314
8.559999999993389 0.9075896810660027 -0.9291550696864161 4.965344799828074
8.569999999993366 0.8020959449722656 -0.9770421565806275 4.7990618366653015
8.579999999993342 0.6883162669494671 -0.883711743339562 5.5836430279660245
8.589999999993319 0.7360168511447787 -0.8000412328140271 6.152792297623272
8.599999999993296 0.7994849715530199 -0.7071621584830414 6.657824163923422
8.609999999993272 0.689068049068249 -0.7275846516366251 6.761571328934515
8.619999999993249 0.5639008753947303 -0.7517430278704389 7.3510847049165555
8.629999999993226 0.65962929818514 -0.9624749246992514 5.1224818821474605
8.639999999993202 0.6614462687296421 -1.1180912771161031 3.927399766609008
8.64999999999318 0.4593482284208351 -1.202161317325947 2.573636514239178
8.659999999993156 0.5671696079233401 -1.3392994133919687 1.932283166910983
8.669999999993133 0.6636689272354173 -1.308529155184182 2.4226235244719447
8.67999999999311 0.7093998721376764 -1.0845909927658537 4.1653639551141515
8.689999999993086 0.7562798538785971 -0.9494628841173715 5.052084290582167
8.699999999993063 0.8029373386581732 -0.8538596085596677 5.613093354748861
8.70999999999304 0.995327235602141 -1.147201229987043 2.9143000653958975
8.719999999993016 1.2376223939126676 -1.0955107215095214 3.192196452814047
8.729999999992993 1.184923671225509 -1.2625541382704628 1.6094642368394008
8.73999999999297 1.2338763624130284 -1.2367890090499296 1.9324116834997254
8.749999999992946 1.0376082796079187 -1.4054418413842995 0.9096919276547715
8.759999999992923 0.9543764879987093 -1.4249404193334754 0.8003326701896893
8.7699999999929 1.1750903521861855 -1.363271946675673 0.980943317074828
8.779999999992876 1.0632115089281935 -1.2612630041010315 1.8302571376998407
8.789999999992853 1.2054571305136337 -1.176323336644447 2.4091889995399933
8.79999999999283 1.3618734231755723 -1.2544717296963879 1.6799987484461436
8.809999999992806 1.4887776760770581 -1.0824440887356657 3.35322357407476
8.819999999992783 1.4413912590707845 -1.2721539116645624 1.5061282765588304
8.82999999999276 1.3973673604016206 -1.3968874460194383 0.779634941735547
8.839999999992736 1.2657895419198406 -1.5329448495903377 0.2149233714714888
8.849999999992713 1.102721137014308 -1.4275236649510532 0.7215249713293754
8.85999999999269 1.2803668658330603 -1.4237460197609593 0.661217044525548
8.869999999992666 1.2033264281566827 -1.3747614779793675 0.9234249938875388
8.879999999992643 1.3840574793246694 -1.4827634469324118 0.3343704678481382
8.88999999999262 1.2919651885087808 -1.6203344310313237 0.0
8.899999999992596 1.1438731402788835 -1.38750313509464 0.8904342021303537
8.909999999992573 1.2260910391994229 -1.5690869052401712 0.1733673581454898
8.91999999999255 1.2918929260083418 -1.4278072293995927 0.6366778690647013
8.929999999992527 1.2671021771529989 -1.535004249446576 0.20817912633596783
8.939999999992503 1.3578435676827851 -1.4076410995125954 0.7286133514093904
8.94999999999248 1.4943887072046744 -1.3704552766967275 1.0710061480274669
8.959999999992457 1.4287399771914777 -1.4287326147483168 0.6116080017967496
8.969999999992433 1.3144043791341973 -1.340561066216253 1.0989910274374162
8.97999999999241 1.3705453159917618 -1.3433598301270289 1.069407475409979
8.989999999992387 0.9978524332023381 -1.408430602669144 0.869472156521349
8.999999999992363 1.0996386649134733 -1.3647413089977531 1.0674278225403375
9.00999999999234 1.2159290654347146 -1.0571012121843402 3.515561466265718
9.019999999992317 1.3160436559906015 -0.9066041983205666 4.6324763078691715
9.029999999992294 1.2771147931984386 -0.9714642744596219 4.251248349818406
9.03999999999227 1.520520425406208 -0.9694748628120465 4.667903001516716
9.049999999992247 1.5362446753571835 -0.9190532250751817 5.15343647471022
9.059999999992224 1.3366512348935664 -0.63994970187499 6.2226203823896
9.0699999999922 1.4324109152713047 -0.6387091105285879 6.468235083999484
9.079999999992177 1.5831986269775067 -0.5029340285450349 8.04186574776744
9.089999999992154 1.806452034898678 -0.398741315642134 10.890051310471105
9.09999999999213 2.0286963703098526 -0.3914446504410406 14.694678540092818
9.109999999992107 2.04870377154995 -0.5199566888291286 13.68281139037741
9.119999999992084 1.8867488937842483 -0.3103986946259891 13.020746090473828
9.12999999999206 2.0887355499325913 -0.35541062588252037 15.15735556954342
9.139999999992037 1.890164785257796 -0.49316638071488494 11.882579884547862
9.149999999992014 2.011270611446781 -0.8970239583820468 7.0064027996267555
9.15999999999199 2.0884406392098303 -1.1968452548685184 2.6448183229694933
9.169999999991967 1.95761609859853 -1.2376129034582712 2.4266559747757044
9.179999999991944 1.8869550063267564 -1.3864270156391485 1.1447598169075397
9.18999999999192 1.9052730574819055 -1.079818804490662 4.219575207627377
9.199999999991897 1.9741316406489244 -1.2407353141897137 2.3610895581532225
9.209999999991874 2.080434213372686 -1.1795535995657864 2.831310287388117
9.21999999999185 2.0310145885755593 -1.0277358148528106 4.95415083779306
9.229999999991827 2.1508223879188204 -1.1688664330304857 3.044458976520395
9.239999999991804 2.075592199231182 -1.2208560187822177 2.4010153415332605
9.24999999999178 2.1515247363637062 -1.3038473266413233 1.8427330905667714
9.259999999991757 2.1147381684944517 -1.219876364412867 2.4352471412166543
9.269999999991734 2.4155511341950553 -1.0792280194077317 5.309738576089874
9.27999999999171 2.4046161805852533 -1.224532579561306 2.785315352693059
9.289999999991688 2.2703959574881196 -0.7689347203450883 10.778921102138915
9.299999999991664 2.162245078474772 -0.7617544282639759 9.903962314889512
9.309999999991641 2.4037606890331804 -0.9418746654920178 7.798150134053028
9.319999999991618 2.3514493518527075 -1.1808093831221644 3.4275517857897495
9.329999999991594 2.1821374408697682 -0.9895703075254468 6.106254364213108
9.339999999991571 2.081725228564907 -0.8348451608810776 8.178070386551827
9.349999999991548 2.11601991435496 -0.7574875116961773 9.510553349946969
9.359999999991524 2.022070795332821 -0.7830910046031835 8.775088348638777
9.369999999991501 2.01004243559504 -0.8195482524732115 8.225551694849363
9.379999999991478 2.0510752407793054 -1.1771265305750365 2.9035247684248593
9.389999999991455 1.912565131789878 -1.222235646452092 2.653274350197359
9.399999999991431 2.095523769643987 -1.0447569732879807 4.830146978421478
9.409999999991408 2.0362707823447512 -0.9690336046919341 5.921443995911415
9.419999999991385 1.97915789344618 -0.8421563417750532 7.790931020111252
9.429999999991361 2.0259121747605517 -0.7517645776866286 9.26303473057698
9.439999999991338 1.987109757696198 -0.6447792919480186 10.797284982418077
9.449999999991315 2.173369246173468 -0.4023582650916736 15.773507640359279
9.459999999991291 2.2471361630432756 -0.49644614379594354 15.393134406175422
9.469999999991268 2.2677844931400086 -0.4878881417872074 15.703734957712964
9.479999999991245 2.1741816344375793 -0.6729640036761967 11.49427780295337
9.489999999991221 2.2378681443938198 -0.8020320736493595 9.952359806404118
9.499999999991198 2.475677285075977 -0.8871826976935897 8.858735802795318
9.509999999991175 2.2901984449525954 -0.8171366812330163 9.844934577239929
9.519999999991152 2.059575022779613 -0.9225651171205774 6.720303103080208
9.529999999991128 2.2495771707009906 -0.7563944636932556 10.965161070871373
9.539999999991105 2.1253702710786873 -0.7793265381616999 9.181102327907011
9.549999999991082 2.1673297780835403 -0.7614499147638915 9.95647602006366
9.559999999991058 2.2336154430941497 -0.821312465858941 9.518213679169783
9.569999999991035 2.2946354110248075 -0.8368292577608639 9.423324209014806
9.579999999991012 2.394451595403721 -0.7084668274286204 11.992580840182004
9.589999999990988 2.3083202654050945 -0.8779509348525963 8.758652091934987
9.599999999990965 2.2680127696239505 -0.9845115723470116 6.823137273967903
9.609999999990942 2.460347509652082 -1.0704249689570258 5.472036381413501
9.619999999990918 2.1889491531980214 -1.0862531849464538 4.527874757547955
9.629999999990895 2.1128901206742285 -1.053806054634328 4.711969859180189
9.639999999990872 1.798880845895102 -0.8255348822233168 6.941947727695098
9.649999999990849 1.845315871127292 -0.7433445473449676 8.512632884464399
9.659999999990825 2.0078907653728137 -0.6989261093241876 10.029390562624153
9.669999999990802 1.9195014758647755 -0.773518682985513 8.455411376785221
9.679999999990779 1.7698086607422407 -0.8340146915607248 6.686529763949638
9.689999999990755 1.825180005539429 -0.9471009431060302 5.825982322173717
9.699999999990732 1.8581477250055085 -0.7498177673109919 8.522395800983357
9.709999999990709 1.8770713047030143 -0.721766768420501 8.931252325663541
9.719999999990685 1.9311612007460583 -0.7916932094668759 8.284039169399223
9.729999999990662 2.005331451716857 -0.7308705258713667 9.477377737264131
9.739999999990639 1.9186220079289877 -0.9173251814503579 6.185960647104551
9.749999999990616 1.8822051073213788 -0.9816604888019087 5.440785460843685
9.759999999990592 1.9287906432034851 -0.8387778750910756 7.52302040901075
9.769999999990569 1.8686320088967352 -0.8528113240211602 6.977892755216608
9.779999999990546 1.9240807640252888 -0.925348273104663 6.0993048050265495
9.789999999990522 2.0019437816724204 -1.0462919656698733 4.617484246430262
9.799999999990499 2.0643371777927197 -1.082908250925247 4.119141136788472
9.809999999990476 1.9739282171115478 -1.3045125827087645 1.7294438454495074
9.819999999990452 2.049032787514913 -1.2854611745763966 1.8533810697198299
9.829999999990429 1.9565167011520148 -1.3003459168397036 1.7709241760234775
9.839999999990406 1.8707679794501875 -1.15608432565161 3.5339793184971757
9.849999999990382 1.8133461596421414 -1.2302275224150356 2.7967728211603444
9.85999999999036 1.9272418270167608 -1.3090038459995539 1.7412533077452703
9.869999999990336 1.9201693170927214 -1.1210890139562895 3.7495651674093398
9.879999999990313 1.929031345014546 -1.0758196380230651 4.234594858318185
9.88999999999029 1.9192937341150906 -0.7529457881490605 8.730402701320658
9.899999999990266 1.734325096985985 -0.7537510056785194 7.415508146828527
9.909999999990243 1.7476166788391552 -0.8009768006574011 6.8901867796782446
9.91999999999022 1.8858343506036204 -0.7701639316681581 8.382163219274702
9.929999999990196 1.7797717478236372 -0.770657064955058 7.586923521277134
9.939999999990173 1.7948344964538907 -0.6698119404324551 8.988028432858426
9.94999999999015 1.8251941156981415 -0.6821230796415457 9.081697796066363
9.959999999990126 1.831498745039532 -0.6741277665935637 9.21190302610664
9.969999999990103 1.8624430294831766 -0.6053962371100378 9.953029879335377
9.97999999999008 1.9565056710305553 -0.547110382836348 12.28480349853979
9.989999999990056 2.0286051316321183 -0.41390983393398895 14.475389995736592
9.999999999990033 2.0404200723431014 -0.226002080594076 15.96058918196965
10.00999999999001 1.9950109595428285 -0.15355542416021684 15.509400588100808
10.019999999989986 2.124738100669235 -0.07034067591714699 17.32598440515114
10.029999999989963 1.9543994458481204 0.02249625287369017 14.983164323686776
10.03999999998994 2.0781975344192163 -0.01272417834866546 17.096886178654632
10.049999999989916 2.172626294490871 -0.06757279761828427 17.983756652737885
10.059999999989893 2.1011114875411905 0.02619851920148175 17.233811732144684
10.06999999998987 2.0632534918714893 -0.22284583913370726 16.27354277488595
10.079999999989846 1.9690837048559664 -0.2332682364544839 14.899503060091622
10.089999999989823 1.8229740550121172 0.10600216863168854 11.877534711766664
10.0999999999898 1.8735213630740797 0.034188242217268905 12.984401768024
10.109999999989776 1.9277077810441268 0.2366755259659069 13.256737842314939
10.119999999989753 1.9510223769947679 0.20627743441993718 13.971877067460468
10.12999999998973 2.0080914170482744 0.4184446755347754 12.05105586676201
10.139999999989707 1.8892611418237715 0.45877802685320646 9.848208655952648
10.149999999989683 2.006555732056839 0.623929748677941 9.053132414095453
10.15999999998966 1.8202099729282804 0.6434683577087872 6.969009721374235
10.169999999989637 1.9688277362088968 0.696759124347363 7.556302517929092
10.179999999989613 1.7504893170810658 0.4535863612638843 8.668103811849145
10.18999999998959 1.8698726057632522 0.4238031263367207 10.031534599912197
10.199999999989567 1.7675343658153257 0.3048651592183168 10.05841655039079
10.209999999989543 1.7431277084948646 0.25753165906022457 9.816906214355607
10.21999999998952 1.5368622806042416 0.27153689821214 7.636976265966832
10.229999999989497 1.1585289679595996 0.4118651991455744 6.342346562906898
10.239999999989474 1.0921109567536427 0.26047615347070185 6.588108289837346
10.24999999998945 1.1859023441940582 0.3971637528108215 6.434918655059311
10.259999999989427 1.0407712970571417 0.5759309470803348 5.812393152367186
10.269999999989404 1.0116685284539586 0.9390190470961526 5.156905090003965
10.27999999998938 0.8885489141766137 0.9049783711185592 4.812145997199412
10.289999999989357 1.0941766801986856 1.1571043100634513 5.580322196357242
10.299999999989334 0.943624482564636 1.0363661939173894 5.173630644671388
10.30999999998931 0.8911102007690386 1.0513917488014348 5.155491227605706
10.319999999989287 0.8997224817831533 0.9336627395177082 4.905960963364801
10.329999999989264 0.8270130942987837 0.8649556404526426 4.80254291478847
10.33999999998924 0.7337448660576595 0.8564424961258826 4.862771895591675
10.349999999989217 0.7769707483140305 0.7025236498154986 5.5584647666984175
10.359999999989194 0.7252306571285225 0.8936505185330464 4.916501851789679
10.36999999998917 0.8082114796037396 0.7906210356472805 5.062508057483086
10.379999999989147 0.7454995630378342 0.8817624718003614 4.890292732859027
10.389999999989124 0.7758639555729205 0.8281319592124821 4.873140992989133
10.3999999999891 0.8873839456426489 0.8495405941636022 4.819495014291734
10.409999999989077 0.8633318421376664 1.0806757203244644 5.178718861189205
10.419999999989054 0.9502229590004495 1.084932072834196 5.266191960433176
10.42999999998903 1.005783003599234 1.1895225341134026 5.514468516565292
10.439999999989007 1.0381695775142836 0.9612881683608033 5.281237752718425
10.449999999988984 1.2729695385011472 0.6587909235126502 6.043786851275471
10.45999999998896 1.5372769972250848 0.7103300411899859 6.137879782050323
10.469999999988937 1.576857257418203 0.5546897626370577 6.5312210017977685
10.479999999988914 1.5908398928991576 0.6871492423341885 6.151497267820604
10.48999999998889 1.4738766771481508 0.9018209786819178 5.99504987876778
10.499999999988868 1.6684304798105416 0.7470649933282838 6.18728436741634
10.509999999988844 1.6211628278430168 0.9661475038191762 5.96671315539874
10.519999999988821 1.7584917625531347 0.7330054667845922 6.2024380795666385
10.529999999988798 1.7765060064495801 0.6588980361687145 6.616441080125213
10.539999999988774 1.7083585642585375 0.7150851418469106 6.194261534363645
10.549999999988751 1.747704512604339 0.9872118961704456 6.017340596018097
10.559999999988728 1.816557906282042 1.0512132841806188 5.882480822158604
10.569999999988704 2.002974403647576 1.046343266354202 5.894905900623131
10.579999999988681 2.098499930271035 0.8554814919707376 7.363488484801996
10.589999999988658 2.0673682960233943 0.6590501954567076 9.160971467042152
10.599999999988635 2.1414115305242727 0.454335121415146 13.903031869392734
10.609999999988611 1.8538532753813526 0.44766287283429185 9.577069341636983
10.619999999988588 2.1905515771498285 0.6508219505279699 10.531229419851153
10.629999999988565 2.0977939893034607 0.6453952827655522 9.654906533321332
10.639999999988541 2.218006175750303 0.42247687593720185 15.16974604512359
10.649999999988518 2.4001125365720517 0.37469139235431215 17.463114144067713
10.659999999988495 2.1687785408839684 0.5260838867175228 13.041324762281892
10.669999999988471 2.294732857977186 0.4210048238525228 15.850813683525985
10.679999999988448 2.359111478289434 0.4779444157459596 15.259407112834088
10.689999999988425 2.481683314002332 0.5149633790306922 15.440260398631805
10.699999999988401 2.389536544775323 0.4402915005433804 16.232766986137356
10.709999999988378 2.2033543388137242 0.4995306466351568 13.707930524524176
10.719999999988355 2.3084262520173686 0.3339516009371328 17.328497709558203
10.729999999988332 2.06126769665063 0.32351582474306245 14.733571107610873
10.739999999988308 2.0184363447539475 0.35422763950942415 13.919984511675478
10.749999999988285 2.3502345199792627 0.1463415215282885 19.841262019582263
10.759999999988262 2.301395479140475 0.1749093297043558 19.09811445195639
10.769999999988238 2.3321374145478697 0.278364945289848 18.162595721808156
10.779999999988215 2.2365259290110036 0.3326080108962687 16.916159024740967
10.789999999988192 2.4548725653047585 0.37773577278433024 17.42386160364479
10.799999999988168 2.5870216979072365 0.10725277827856905 19.753612021039995
10.809999999988145 2.503714201027146 0.049366031883512185 19.753566972215424
10.819999999988122 2.5474610517657625 0.13818098075520768 20.00880011110594
10.829999999988098 2.4063224575631135 0.045841145310061115 19.811481560124875
10.839999999988075 2.212542035623335 0.45740275962563065 14.407131661686863
10.849999999988052 2.2306966943683406 0.4011090035061762 15.728801145068946
10.859999999988029 2.33426730606772 0.5521977052843342 13.652926997534134
10.869999999988005 2.34784765686463 0.4133104736268698 16.423678937243665
10.879999999987982 1.9836710303428626 0.24042297873031848 14.287301596510082
10.889999999987959 2.2287453068248126 0.31054148861537756 17.085153797971895
10.899999999987935 2.336705873925432 0.33389320854481563 17.689832604223632
10.909999999987912 2.2725746458909293 0.3732890181809517 16.58364875362453
10.919999999987889 2.126108195573627 0.06723692404180026 17.49430390013682
10.929999999987865 2.1996563817859163 0.06347614683806146 18.457544433927
10.939999999987842 2.077758935925902 -0.10707078498081746 16.85070860502405
10.949999999987819 2.333573915214424 -0.13351499709673875 19.477931217699947
10.959999999987796 2.352418060082476 -0.19099091807988544 19.439684995179576
10.969999999987772 2.429552404548086 -0.2901808647124434 19.078484788845888
10.979999999987749 2.2949760188801682 -0.07583685519888472 19.306914032545286
10.989999999987726 2.2556235383245 0.06825940313490564 19.122213095394986
10.999999999987702 2.3413542808779795 0.04024194435899564 19.69978130403845
11.009999999987679 2.322983674811976 -0.257019226923881 19.093297828745715
11.019999999987656 2.3263787663391664 -0.07654045349954186 19.488416587102208
11.029999999987632 2.2550500358941847 -0.44755207733096636 16.135973561771927
11.039999999987609 2.182917268125639 -0.5188550945081263 14.624557912296426
11.049999999987586 2.0857788080356308 -0.677787562569784 10.721816935936637
11.059999999987562 2.051723371246894 -0.7511168016026164 9.420311993925704
11.06999999998754 1.9610262921520802 -0.6055891904097158 11.24226790828365
11.079999999987516 2.11043756997107 -0.7437329480678294 9.701197126998014
11.089999999987493 2.0105056827909107 -1.0587037772477688 4.418502041588121
11.09999999998747 2.07187038190474 -0.7901766574544017 8.804590855764378
11.109999999987446 2.0242357159542825 -0.7852235891143584 8.744862877307309
11.119999999987423 1.8965962798743057 -0.9363649326280405 5.814562389446942
11.1299999999874 1.9297871642872497 -1.0835056661793312 4.158165743718884
11.139999999987376 1.576239460741431 -1.3682840014898396 1.2050389125067833
11.149999999987353 1.6033380848895704 -1.513007486378609 0.4479584949324289
11.15999999998733 1.521369503080994 -1.3633183192174423 1.1790581596565861
11.169999999987306 1.4412329149575325 -1.1886371451648792 2.167052513640675
11.179999999987283 1.8115808923406185 -1.236487133340214 2.7321110079336606
11.18999999998726 1.6924463051725183 -1.2221640361507995 2.6425513446239055
11.199999999987236 1.693256476595458 -1.309946944822491 1.796243044614425
11.209999999987213 1.9188517011290624 -1.260223611793006 2.244818457645049
11.21999999998719 2.110141635171714 -0.970593964826211 6.118587292955625
11.229999999987166 2.0278027626451607 -1.0770361624125209 4.150757970356914
11.239999999987143 2.001908014890776 -1.0577283264157706 4.421794946784016
11.24999999998712 1.9525956894703285 -1.0885945373205355 4.101460649906636
11.259999999987096 2.1534085436004986 -1.0908837689867323 4.2590957757901515
11.269999999987073 2.036732675464889 -1.4126600463020988 1.166989392672927
11.27999999998705 1.975264104761007 -1.2392349398747937 2.37428052367466
11.289999999987026 1.8700902392672516 -1.2183166437814226 2.8603820861755085
11.299999999987003 1.9906538027350944 -1.0992053811547413 3.9470809753551697
11.30999999998698 2.0603489950653975 -1.0902046157151029 3.9993554462136776
11.319999999986956 2.18526114653464 -1.277162815332097 2.112370318760222
11.329999999986933 2.1543326554160434 -0.9048558758312408 7.4198022057453805
11.33999999998691 2.1393356493676174 -0.8515041876905691 8.142241617996326
11.349999999986887 2.0790541196913748 -0.9382335852004346 6.549234198025965
11.359999999986863 2.1897004649500578 -0.9919249905687028 6.125253458253408
11.36999999998684 2.015090296625366 -1.1213207356626822 3.637842046132303
11.379999999986817 2.046993234707692 -1.1515462322736576 3.1906567827883103
11.389999999986793 2.1940413612330345 -1.1005743487444766 4.317694820844986
11.39999999998677 2.4585673302160362 -1.027172770175412 6.2996028658871746
11.409999999986747 2.2014285457880804 -1.0513917721132358 5.241719635462385
11.419999999986723 2.159679105120177 -0.89121518716851 7.655660090155939
11.4299999999867 2.377890371616665 -0.8768380908998586 8.824765100341173
11.439999999986677 2.3191381499992194 -1.0833649146576247 5.260883201839078
11.449999999986654 2.140620250813841 -1.1735612654029333 2.973940754042503
11.45999999998663 2.341497863048153 -1.1316602026630063 4.297098554526102
11.469999999986607 2.221057094475729 -1.1254828208951495 4.025309805248231
11.479999999986584 2.0410827703639773 -1.3591298707032968 1.3629420206502805
11.48999999998656 2.014706024471012 -1.1880344620325676 2.853508254358028
11.499999999986537 1.944329157032375 -1.243680341682988 2.3869654561722187
11.509999999986514 1.9700092043735278 -1.3092972566818124 1.6916880984695613
11.51999999998649 1.8258727212088872 -1.3371055514584467 1.7286295520631747
11.529999999986467 1.9136141102242537 -1.28546639464298 1.967798691842542
11.539999999986444 2.0083643933825868 -1.1970433704583017 2.757144482397478
11.54999999998642 2.2199073156035816 -1.2213424491778444 2.72528178497129
11.559999999986397 2.0329357446554965 -1.2162978087019538 2.462888722940495
11.569999999986374 2.1743792107637496 -1.183331302513033 2.950273158723613
11.57999999998635 2.3056567112546498 -1.1864384726298363 3.3967419246945947
11.589999999986327 2.3838586134683766 -1.3477640057535623 1.680781313044595
11.599999999986304 2.3791318009217766 -1.372344268334752 1.5149441941715298
11.60999999998628 2.0919816390287362 -1.3881411218910502 1.2409299345312106
11.619999999986257 2.0795881269667325 -1.2696717276813796 2.007188790142845
11.629999999986234 2.1026279462919737 -1.308267383127009 1.7306966992506176
11.63999999998621 1.8895987427394048 -1.2839587253728961 2.076687390700082
11.649999999986187 1.9966187507097337 -1.2161224528360592 2.5549967209523214
11.659999999986164 2.133501245333781 -1.2946091515513878 1.8722408295139719
11.66999999998614 2.085616683527357 -1.3118187522568288 1.6957096420673048
11.679999999986117 1.9078492306985484 -1.3559093446763495 1.325657004751476
11.689999999986094 1.9264425873179825 -1.3018954462933472 1.8068881421838305
11.69999999998607 1.814122127645097 -1.4056844132403061 1.1050957895893223
11.709999999986048 1.7701813132926016 -1.2506482536587304 2.539141020469584
11.719999999986024 1.571394623178302 -1.3883117219608354 1.091543378347039
11.729999999986001 1.728921157202942 -1.189702277011924 3.074436127847078
11.739999999985978 1.6767637580235215 -1.0411910614356747 4.485208258513074
11.749999999985954 1.3232641350577774 -0.778121164534812 5.528043597022681
11.759999999985931 1.4028637351770201 -0.9242536686155486 4.547741985022741
11.769999999985908 1.225723361326886 -0.6610298522120883 6.24551772680209
11.779999999985884 1.1952952697697876 -0.6021697974550387 6.430353111846227
11.789999999985861 1.3046813979680822 -0.6521977750971683 6.17511793786251
11.799999999985838 1.2991308608842382 -0.6063651059030166 6.38459808912122
11.809999999985815 1.4625850858641396 -0.4633764767150981 7.1752724819662115
11.819999999985791 1.3372027611090198 -0.32048542842943184 7.027180113318961
11.829999999985768 1.1516158709961517 -0.42060212012560316 6.852826313167705
11.839999999985745 1.0532025497783204 -0.4744341585683335 6.698385287205682
11.849999999985721 0.9759578958594151 -0.46874336453899357 6.898107410705633
11.859999999985698 1.028497464155234 -0.4862899039631806 6.727044496279372
11.869999999985675 1.069002293665024 -0.7994239685211123 5.748818375951264
11.879999999985651 1.178707126400628 -0.6839073365266608 6.160182437827061
11.889999999985628 1.1366913713804587 -0.8407889222509126 5.264931665155564
11.899999999985605 0.8657527929493161 -0.8478156166557324 5.638607127772437
11.909999999985581 0.8692784155296337 -0.9268588755914751 5.090510033325503
11.919999999985558 0.7384733812038093 -1.1809963370008738 3.39628809046845
11.929999999985535 0.928396495080164 -1.024934226833921 4.151042719002195
11.939999999985512 1.268280640015278 -0.9590805622764418 4.365247421837969
11.949999999985488 1.3194752165596364 -1.0453315509789616 3.5283870213164805
11.959999999985465 1.235034279530701 -1.06983513111959 3.406008575126452
11.969999999985442 1.1564398288662459 -1.1489407468891852 2.6157550349391734
11.979999999985418 1.1636483869283587 -1.2331661876777602 1.8753870008064277
11.989999999985395 1.1272094929116516 -1.2760587682196556 1.537974347405403
11.999999999985372 1.2821811341389162 -1.2630151766963862 1.6832031451110825
12.009999999985348 1.4146438868688984 -1.2178186327866025 1.932948219204289
12.019999999985325 1.3922780085207143 -1.0776540579044336 3.201461052821911
12.029999999985302 1.344458148956333 -1.306326248075197 1.3029133571665172
12.039999999985278 1.4552268553679508 -1.2256811960271223 1.8452153052095173
12.049999999985255 1.5474707870751336 -1.2196442707464683 2.240077678937363
12.059999999985232 1.4878651740463034 -1.3231666601732495 1.330271759439765
12.069999999985209 1.4936069375079464 -1.136703123374848 2.830981997720859
12.079999999985185 1.5095267296771766 -0.974670154781075 4.568961153329269
12.089999999985162 1.4397388840396457 -1.1531546463530162 2.476747939541396
12.099999999985139 1.6265313033341158 -1.131752772990712 3.349386420543042
12.109999999985115 1.5430834406742502 -1.114718078374461 3.2521681672339025
12.119999999985092 1.5089367574562482 -1.1495857177919389 2.7820690251929507
12.129999999985069 1.4688818067870408 -1.004380165188993 4.034696991459676
12.139999999985045 1.565449776555586 -0.9458633470712036 4.995640011001502
12.149999999985022 1.5333192370001987 -1.1708567502307219 2.674409502064419
12.159999999984999 1.637148801180115 -1.370420445281986 1.2524920670253885
12.169999999984976 1.5553364802875687 -1.2693363153007127 1.7975401446348616
12.179999999984952 1.5594149240785624 -1.2451808499661947 2.0441671178718046
12.189999999984929 1.6648146541490747 -1.2648618119584047 2.144228125373883
12.199999999984906 1.4571500687792902 -1.4957308907671263 0.29583154579861737
12.209999999984882 1.3998194092940386 -1.4678990410817812 0.41487304125148794
12.219999999984859 1.4373359787441653 -1.5318501845669803 0.09183599485185677
12.229999999984836 1.3418635971339654 -1.6492006891758773 0.0
12.239999999984812 1.5532705759496817 -1.644752414455874 0.0
12.249999999984789 1.3689795673927414 -1.5223804303087012 0.1410658395842384
12.259999999984766 1.346668921138708 -1.6014228762830651 0.0
12.269999999984742 1.3931317836189607 -1.5126052204493303 0.18491980460045226
12.27999999998472 1.3715917838077918 -1.3416796181525927 1.079877250424337
12.289999999984696 1.035420598204524 -1.4108847620625369 0.876397790622903
12.299999999984673 0.9506971319532589 -1.2484392479487907 2.172841914763289
12.30999999998465 0.8466319378658439 -1.2097975595805486 2.8774797216287578
12.319999999984626 1.1180918872229175 -1.2554550776426925 1.704013001911028
12.329999999984603 1.1039441104888819 -1.087437474359252 3.2960482725984077
12.33999999998458 1.1719390168460362 -1.3633511183666727 0.9840037176765783
12.349999999984556 1.1448920098418514 -1.267048281168346 1.5860298803628972
12.359999999984533 1.0001715828235773 -1.193900745711785 2.5166480744289634
12.36999999998451 1.1278294957248969 -1.3286790250099876 1.2329427792792158
12.379999999984486 1.1743052296358973 -1.2792686596518257 1.467259186279131
12.389999999984463 1.0415534202324963 -1.3027775715885905 1.535097295876671
12.39999999998444 0.8454844596198652 -1.4210575572184148 1.2200339464328376
12.409999999984416 0.6815160232398484 -1.3085469973865849 2.4356301089249417
12.419999999984393 0.5815887787325211 -1.6168486988570558 0.2369643293700106
12.42999999998437 0.5067522655790506 -1.4950264611753177 0.4937184516141298
12.439999999984346 0.4405639614185841 -1.4252560077836178 0.6143939231125842
12.449999999984323 0.3889240857256709 -1.4155391986042245 0.5039357842576521
12.4599999999843 0.22360309329209282 -1.2280188769105203 1.8367502652774659
12.469999999984276 0.11083300120869966 -1.1302869558265112 2.602902757970439
12.479999999984253 0.19042554696774855 -1.1987247715820422 2.0484507592320913
12.48999999998423 0.2278443656498197 -1.383258070432623 0.5510287721507696
12.499999999984206 0.30793860550677443 -1.2290908043266588 2.090855260377523
12.509999999984183 0.208194064617865 -1.1047162262412489 3.135600034658698
12.51999999998416 0.3680900218548718 -1.1625895412093512 2.7663406228719354
12.529999999984136 0.49686679594184324 -1.1378309604257524 3.2913468091795606
12.539999999984113 0.5154011655532956 -0.9658921732947547 4.896359958155422
12.54999999998409 0.4560840133199074 -1.0442862670030508 4.123227383848268
12.559999999984067 0.4158756763452079 -1.1442339958825283 2.9671521231644125
12.569999999984043 0.3993064496101902 -1.3653540985668489 0.9415888005297639
12.57999999998402 0.3685697533817147 -1.431196992437116 0.46623260803900546
12.589999999983997 0.37495870476034837 -1.4351635557559437 0.4350310163835074
12.599999999983973 0.2614192691462491 -1.3490975885331706 0.7964964221725777
12.60999999998395 0.4642849136901877 -1.330832386482356 1.5097082410323677
12.619999999983927 0.30150418275162694 -1.386518551088355 0.7325179616477835
12.629999999983903 0.3287389682198809 -1.2643668247482478 1.803127100107218
12.63999999998388 0.42784653151033925 -0.9576998492990076 5.352343107612675
12.649999999983857 0.7635234843504299 -1.0538582863816135 4.285458374694058
12.659999999983834 0.8049854177300253 -1.120552625998735 3.6789891950299545
12.66999999998381 0.7368122634371921 -1.1401821356008992 3.6918964309028195
12.679999999983787 0.6745498777703464 -0.9459086322551892 5.210619826744441
12.689999999983764 0.3195767586140599 -1.2048575660511776 2.3624080810476706
12.69999999998374 0.3651383395651946 -1.3042108261388923 1.4294600278697134
12.709999999983717 0.21394705206356257 -1.3442383925349668 0.7596842915136228
12.719999999983694 0.2149880901439714 -1.2610698045795576 1.5050862420540065
12.72999999998367 0.11234164995789872 -1.191957043150814 1.9678054289219682
12.739999999983647 0.1568133104836885 -0.9758537467822805 4.7350535018847975
12.749999999983624 0.13092216683008126 -0.7947218702528336 7.600414563024788
12.7599999999836 0.04020699648184553 -0.9642122303892778 4.75884121848579
12.769999999983577 -0.006503202946712472 -0.9174616677262724 5.343217581384762
12.779999999983554 0.08881355136355831 -1.0561686673035426 3.4408902096827805
12.78999999998353 0.19852681396924313 -0.9776563951118797 4.742930542021688
12.799999999983507 0.301690068435987 -0.7825397296547032 7.931906453333017
12.809999999983484 0.12569385226911026 -0.48905928342682686 12.304121892151572
12.81999999998346 -0.06794233098244257 -0.658314853263025 9.112309392856128
12.829999999983437 -0.12119543895217305 -0.6842265540664194 8.541022995646605
12.839999999983414 -0.010408867690147705 -0.7655044510840279 7.79481239494109
12.84999999998339 -0.08775375958260179 -0.5486771211020551 10.710825757948056
12.859999999983367 -0.5344633866462546 -0.7450280661840446 3.355153507441604
12.869999999983344 -0.3844020975166901 -0.6554298069822309 6.816541955693131
12.87999999998332 -0.3654764170658757 -0.4152703345834594 9.83938316976906
12.889999999983297 -0.38243489705974953 -0.660452180025149 6.761556730332027
12.899999999983274 -0.1623612168591397 -0.5854378507549061 9.475232758553922
12.90999999998325 -0.23900113669810186 -0.5433130318215421 9.49027181192006
12.919999999983228 -0.13514213265151315 -0.3594535467422606 12.562243623954584
12.929999999983204 -0.0140012891943255 -0.4481578967814227 12.564620023737449
12.939999999983181 -0.1103532880138399 -0.6680265104712633 8.80967619449987
12.949999999983158 -0.09925540770048102 -0.7979271263516821 6.941877808935476
12.959999999983134 -0.06765829433632922 -0.9474308056807026 4.781608755438117
12.969999999983111 -0.2845964840694536 -1.149054810115537 1.0379453077690022
12.979999999983088 -0.12173969162245296 -1.1137497441951694 1.9393336976820974
12.989999999983064 -0.13019143712999476 -1.091065099111946 2.0980361176220192
12.999999999983041 -0.2574849380844053 -0.9150643439989449 3.789079692621055
13.009999999983018 -0.18698500280067315 -1.0995728365156143 1.7453493303789127
13.019999999982995 -0.3885672191718155 -0.935932046564388 1.9360082494029731
13.029999999982971 -0.5378318506285195 -0.7911535054696229 2.491960536023928
13.039999999982948 -0.7215285568119152 -0.8768810145034263 0.2800670726099617
13.049999999982925 -0.48021405687829644 -0.8091777774484603 2.726079794733303
13.059999999982901 -0.42121913542331596 -0.9982317898408394 1.2005602981536425
13.069999999982878 -0.44913686100749156 -1.0526549000833625 0.8082930451376421
13.079999999982855 -0.3274285038936833 -0.9535606794257839 2.5089274774955825
13.089999999982831 -0.39522395694346685 -0.9759524738575502 1.583227244209067
13.099999999982808 -0.09410745732891057 -1.2592415400108308 0.852492897269028
13.109999999982785 -0.09180423778016583 -1.366890480778967 0.11203540084685061
13.119999999982761 0.07700684523145224 -1.452277535091294 0.06958101465254862
13.129999999982738 -0.0626167215354751 -1.2082317247386842 1.3774813171736329
13.139999999982715 -0.15311608140798433 -1.2788101725211138 0.4112353577955006
13.149999999982692 -0.1188394848576006 -1.1958266633937513 1.2193788567921218
13.159999999982668 -0.1294909295464562 -1.315811382900549 0.23263898810822792
13.169999999982645 -0.03996036570059802 -1.1338258384214814 2.105597689692572
13.179999999982622 -0.0453603400047059 -1.0555833806924841 3.0845645501906684
13.189999999982598 0.32230977841873387 -1.0810927075871555 3.7255064716732713
13.199999999982575 0.3543562197674305 -0.9767725678651521 5.116221015440323
13.209999999982552 0.4225692394945645 -1.0996961062372668 3.468739409558638
13.219999999982528 0.7155181772646866 -0.9130983299271651 5.345894584692249
13.229999999982505 0.8384178325929441 -0.5643220992346879 7.203361389302542
13.239999999982482 0.7827981583944404 -0.6230041672245279 6.963965815034145
13.249999999982458 0.7835222940332758 -0.6438745959819666 6.9003508350049385
13.259999999982435 0.6574046862188987 -0.5725079347843469 8.511145559123221
13.269999999982412 0.6196735044135705 -0.7938965486885589 6.38635477329705
13.279999999982389 0.4430704596732386 -1.0411077006283396 4.184185041968858
13.289999999982365 0.5323976310752271 -1.1694531805600152 3.180434179750215
13.299999999982342 0.5390251075426766 -1.262455173296252 2.4302750225358376
13.309999999982319 0.40990097533541947 -1.2477105913925546 2.001141085020019
13.319999999982295 0.4790350811423674 -1.376671756706019 1.2274983286521515
13.329999999982272 0.45348922988497065 -1.672178962653435 0.0
13.339999999982249 0.7812443587485521 -1.7053696780995606 0.0
13.349999999982225 0.7631829362806986 -1.5524679152810221 0.6232948275034551
13.359999999982202 0.5835640041255006 -1.5644033820015837 0.4142759067589983
13.369999999982179 0.5947087391098324 -1.6868285603434545 0.0639396913574043
13.379999999982156 0.694433514985409 -1.5423948117900692 0.7788717359446433
13.389999999982132 0.5182574566248317 -1.5083160723479572 0.4814636025065524
13.399999999982109 0.40657929075632787 -1.4961696182950006 0.16754951614423128
13.409999999982086 0.34999144678343963 -1.442258154892685 0.4509741212995032
13.419999999982062 0.5083851042904032 -1.4262630954234115 0.9782080855338322
13.429999999982039 0.5101327831331981 -1.5272665116767814 0.40726165884999027
13.439999999982016 0.5410500458445313 -1.4173871664482225 1.2006935450483067
13.449999999981992 0.32198629614587204 -1.326591850466842 1.2485997760485752
13.459999999981969 0.3464576675772193 -1.2734508203850818 1.7034214728592638
13.469999999981946 0.24652071169935613 -1.393509520333963 0.522302736721225
13.479999999981922 0.6011361448746448 -1.4597195729429844 1.1140246712661412
13.4899999999819 0.36766425716258955 -1.41043250387625 0.5816987585451374
13.499999999981876 0.5027153040933765 -1.3492495226991599 1.5733853088379355
13.509999999981853 0.822065947561244 -1.2460131854405265 2.653103685185683
13.51999999998183 0.8965674811597825 -1.2513706829451405 2.341725029457786
13.529999999981806 1.1345901235200064 -1.2894690699856535 1.4488512663395139
13.539999999981783 1.0645467046860433 -1.401565939972287 0.9230134539336922
13.54999999998176 1.163209646462505 -1.6037812042218267 0.15821599908629852
13.559999999981736 1.0848832590593416 -1.7256949401361554 0.0
13.569999999981713 1.108946684673217 -1.5561707704854446 0.3466463131801693
13.57999999998169 1.2512218803961772 -1.6479204989635743 0.0
13.589999999981666 1.1488735159322325 -1.5536060900019102 0.3066236283523802
13.599999999981643 1.2439996932717345 -1.6648651980736906 0.0
13.60999999998162 1.227479469026448 -1.7976965888802694 0.0
13.619999999981596 1.1568946618956315 -1.6584302175866252 0.02629970056215045
13.629999999981573 1.3994934043976672 -1.5144305310202455 0.17655561154181473
13.63999999998155 1.5241718754621583 -1.4491008346963539 0.7198540165169287
13.649999999981526 1.1183049117919825 -1.4592187615017314 0.5529403245177692
13.659999999981503 1.4345785829561453 -1.4924106235808905 0.2866640924566084
13.66999999998148 1.2668336517205059 -1.3415052710835664 1.115359599827808
13.679999999981456 1.2777935661462414 -1.3757416920169443 0.9242258064994525
13.689999999981433 1.5467332774618008 -1.2357362816720152 2.0958528194124426
13.69999999998141 1.6356365821550736 -1.2000580660511369 2.7050653716826316
13.709999999981386 1.8285409952163416 -1.2975482140065364 2.102385806747619
13.719999999981363 1.9486575723728863 -1.4684127060398102 0.9520126291236745
13.72999999998134 1.9675853886959296 -1.4772639251089745 0.9514221655445357
13.739999999981316 1.7800160585561708 -1.5933500979910316 0.37093888613852277
13.749999999981293 1.780320011026765 -1.6082136802348104 0.33095064558853693
13.75999999998127 1.9934739350167323 -1.4448569310015162 1.0810441657740346
13.769999999981247 1.9764190784528577 -1.3061704709329778 1.7207125392334144
13.779999999981223 2.1598784915542737 -1.4088677982171143 1.1397942571953386
13.7899999999812 1.810602287596761 -1.4249656527019843 0.9659534140146845
13.799999999981177 1.8654614027989864 -1.1942135362171737 3.147728750805036
13.809999999981153 1.772884320372547 -1.001747139791152 5.18105373635478
13.81999999998113 1.7973545795173602 -0.9576724205812424 5.6729872860750525
13.829999999981107 1.8103043454926735 -1.1121319235939562 4.03081187821772
13.839999999981083 1.8848246549923564 -1.0910130432026337 4.182813248500106
13.84999999998106 1.9152998620048725 -1.1604851968727639 3.3216879594609416
13.859999999981037 1.731945439324383 -1.08809037789759 4.098695237760805
13.869999999981014 1.913852754965442 -0.9643143422445734 5.494115715375684
13.87999999998099 2.036712110885686 -1.002778626464139 5.320969077568015
13.889999999980967 2.062424197242105 -0.9060248917695359 7.000924972446715
13.899999999980944 1.8138855848632742 -0.9057785914744673 6.177623011651841
13.90999999998092 1.7452727554443337 -1.0495965878920144 4.569788081552572
13.919999999980897 1.8724954500644566 -1.2403245697686407 2.629724728448768
13.929999999980874 1.9156367492020714 -1.2181332327557162 2.68684932978583
13.93999999998085 1.8936047056803074 -1.1452467314304444 3.5535276504083417
13.949999999980827 1.8912400971121714 -1.3239157724539403 1.7082818140494487
13.959999999980804 2.110754117416877 -1.3761266688449183 1.2793090683309936
13.96999999998078 2.0197770968833613 -1.4464990278412269 1.056560692779659
13.979999999980757 1.9352012214960728 -1.2827464600080711 1.9603320178669514
13.989999999980734 1.6533685136606677 -1.2049287667297246 2.7058567020217925
13.99999999998071 1.6961983388891324 -1.2873534897693952 1.9947107983551404
14.009999999980687 1.6121585309237438 -1.3189865139620194 1.5411217693016774
14.019999999980664 1.4675143585929011 -1.5251936054157498 0.18174180283919178
14.02999999998064 1.377720177869539 -1.6332124471011245 0.0
14.039999999980617 1.181603238874211 -1.48566260850696 0.44082230162503594
14.049999999980594 1.2746184567096326 -1.330154825470156 1.1830677819626254
14.05999999998057 1.4391990114999158 -1.320036121635486 1.2159825458206797
14.069999999980547 1.4082140228166196 -1.07059274411496 3.2489777841888463
14.079999999980524 1.4592991390225865 -1.1529442994158208 2.5177728574995832
14.0899999999805 1.591295977471159 -1.0870010902802183 3.659639820964953
14.099999999980477 1.505794638380125 -1.026466681445545 4.041550469588365
14.109999999980454 1.4469509414459385 -0.9453237470135343 4.419011271347746
14.11999999998043 1.57022514322983 -1.175931772867251 2.7307841360129617
14.129999999980408 1.442091493513026 -1.194322533612325 2.1129493710625313
14.139999999980384 1.4201217359319427 -1.1439779886822887 2.5720562775589983
14.149999999980361 1.6731477357433318 -1.216814883332837 2.639693415575447
14.159999999980338 1.570836547147787 -1.1434473962872669 3.0217168115910984
14.169999999980314 1.352161206794037 -1.3275284173945325 1.1755963517434003
14.179999999980291 1.086027975017637 -1.2240076022873512 2.079510411355303
14.189999999980268 1.0153271774856791 -1.476965376769392 0.6338077902624266
14.199999999980244 1.2519373577332633 -1.3880354780542388 0.8714051920439471
14.209999999980221 1.3608678619831247 -1.3082867384156227 1.2881637239694845
14.219999999980198 1.5059507326486508 -1.1555966457567104 2.716851115739303
14.229999999980175 1.2953996515513029 -1.0469865958311004 3.5606886409761493
14.239999999980151 1.1684417599150074 -1.1569833277116022 2.542468542495894
14.249999999980128 1.2158042075923519 -1.1024839937949074 3.0987701717939258
14.259999999980105 1.2929330699421064 -1.0408347130058844 3.6251321565428594
14.269999999980081 1.413635136783654 -0.9505472438875393 4.356432687596946
14.279999999980058 1.4173589153046904 -0.8970528052880117 4.786608753101758
14.289999999980035 1.4196737868019915 -0.9656689644046449 4.240127630269558
14.299999999980011 1.5632010033441548 -0.9144741906713199 5.263229787903236
14.309999999979988 1.3529086488536857 -1.01526285896007 3.810661393804918
14.319999999979965 1.2369677548704403 -1.1438011593318422 2.731168886546213
14.329999999979941 1.2634062064260416 -1.275028111371371 1.6022126539143886
14.339999999979918 1.2175493538127071 -1.338194036414844 1.1313209506823592
14.349999999979895 1.2102379112753037 -1.2241135146443092 1.9924773359743544
14.359999999979872 1.1360997863789064 -1.147980323544576 2.6365369294251773
14.369999999979848 1.2574331503589993 -1.3114780530839985 1.3233676411151167
14.379999999979825 1.3800709962296849 -1.3673355634518853 0.932777382299802
14.389999999979802 1.2521627726095017 -1.550841656715474 0.1838080918764212
14.399999999979778 1.1370862346499848 -1.4582006165796149 0.5378862255223469
14.409999999979755 1.1363312872925642 -1.3849574075955062 0.9117001410449961
14.419999999979732 1.261306178360298 -1.4377511864113917 0.6041558795640072
14.429999999979708 1.3768070009715672 -1.4891442639774173 0.3024491374286096
14.439999999979685 1.4888500233901438 -1.5045096022288438 0.3477672223016961
14.449999999979662 1.3570098719888946 -1.5936667600280248 0.0
14.459999999979638 1.1930176764217901 -1.4321772241759914 0.6141728846400157
14.469999999979615 1.4109152481626763 -1.4296665307083865 0.6049875615385846
14.479999999979592 1.309073957093296 -1.5511059801808167 0.11700201779716388
14.489999999979569 1.109856927744742 -1.4294585334442675 0.7016233546088975
14.499999999979545 1.1807715111746755 -1.371378090317676 0.9343300727074455
14.509999999979522 1.397098548094206 -1.3737083103342393 0.9006544547976263
14.519999999979499 1.3353711408213473 -1.2130837655462727 2.0380518170731143
14.529999999979475 1.4214996447508614 -1.307178663358219 1.2905557388443585
14.539999999979452 1.2198973350928024 -1.3082767397843704 1.3120894012447148
14.549999999979429 1.2486335310767238 -1.2894648470371315 1.4982291506157281
14.559999999979405 1.249110658912771 -1.261612887088126 1.7431786620319831
14.569999999979382 1.2434956095625374 -1.5291233540242157 0.2523702183495917
14.579999999979359 1.3334841718158983 -1.412283173690474 0.7067566752265182
14.589999999979335 1.738729145807934 -1.3636678498046502 1.4086715011952693
14.599999999979312 1.6715574146269772 -1.23313674566234 2.483315913684929
14.609999999979289 1.6380935976636126 -1.227213356090863 2.4442588685571036
14.619999999979266 1.5392460532206604 -1.2116199037717488 2.28478336165971
14.629999999979242 1.7405665503911438 -1.0185366588525055 4.916375931280012
14.639999999979219 1.7047756171555244 -0.894341649187548 5.967039467673995
14.649999999979196 1.708296120309222 -0.8951611569615789 5.967784759441503
14.659999999979172 1.6613384816201862 -0.6423327098273959 8.117259108752553
14.669999999979149 1.664076626450373 -0.5589339837002085 8.58584769131426
14.679999999979126 1.8610151759476983 -0.5694991445452723 10.28951507760259
14.689999999979102 1.9944154265007756 -0.8595076746489396 7.486223752910462
14.69999999997908 1.8800775524221096 -0.8750088687765077 6.68997716681441
14.709999999979056 1.7734832239099407 -0.7548536749702085 7.760864101153422
14.719999999979033 1.6277416003948408 -0.6417930426449294 7.822256291643012
14.72999999997901 2.0202945753243045 -0.6673591965155737 10.609238536313427
14.739999999978986 2.302704291642856 -0.7453665163834875 11.301224375771994
14.749999999978963 2.351769410470319 -0.8203488670840804 9.813918969620886
14.75999999997894 2.2821148799541464 -0.7886415199761789 10.377876744132484
14.769999999978916 2.223849292699805 -0.7788598868359928 10.262823577947985
14.779999999978893 2.020660512055071 -0.7974578403165058 8.567990766202024
14.78999999997887 2.226796138375798 -0.7246744061895721 11.274112561252592
14.799999999978846 2.1321025607618465 -0.8649192201875927 7.894873350151557
14.809999999978823 1.8303033305365282 -1.1084568267909294 4.097435330858351
14.8199999999788 2.047463387859737 -1.270388787635149 1.9812766669455906
14.829999999978776 1.932315191012492 -1.323204045964643 1.6001279782572293
14.839999999978753 2.0045549672992373 -1.1770259242653118 3.004627074971936
14.84999999997873 1.6862745881543888 -1.108990328875083 3.7745577132817694
14.859999999978706 1.769136439061481 -1.2155671804391859 2.8836299835111414
14.869999999978683 1.9320681930845267 -1.1378467084538966 3.5358830626124407
14.87999999997866 1.991166533102878 -1.3005666095563186 1.7607267132808992
14.889999999978636 1.9422453693904158 -1.2761046256205835 2.02497770893297
14.899999999978613 2.1169058366883045 -1.0784733639075537 4.300429376471287
14.90999999997859 2.389083578474006 -1.0674397605149815 5.512805807776597
14.919999999978566 2.2037148276437133 -0.9107988114608867 7.665094913776736
14.929999999978543 2.170611217587667 -0.9729193086645409 6.357891689857115
14.93999999997852 2.2227701858161764 -0.9810727440340868 6.620647990626269
14.949999999978496 2.2104167733995705 -0.9438084615373221 7.176391243858662
14.959999999978473 2.3098646319207834 -1.044885923928931 5.955047659147683
14.96999999997845 2.5764029185335393 -1.1942044747124736 3.3639049651124524
14.979999999978427 2.6513548338542083 -1.0920241624849205 5.131613404423451
14.989999999978403 2.5588142988056317 -1.044826905180666 6.002130652918112
14.99999999997838 2.6600983948602774 -1.0035642535127425 6.659373865357295
15.009999999978357 2.5671104252299775 -0.860693145006854 9.291119458142282
15.019999999978333 2.565144606926264 -1.0059940769059241 6.665497293896369
15.02999999997831 2.3101797177180075 -1.0609513911659008 5.659784884075771
15.039999999978287 2.1966249165425653 -1.2777400662446143 2.149643983758078
15.049999999978263 2.0114675865630556 -1.0910446300420396 4.015146184710766
15.05999999997824 1.8908610784416768 -1.1128193461870242 3.932789751264129
15.069999999978217 1.9402258167473934 -1.3702355275511002 1.2830817887153712
15.079999999978194 1.9063509841006105 -1.16797533143999 3.2767982278456755
15.08999999997817 2.0087012842937115 -0.9914111936201895 5.483776250777825
15.099999999978147 1.8601269512444563 -0.8845166744460012 6.4576195403650996
15.109999999978124 2.027408888257304 -0.9959944795567981 5.422598137431554
15.1199999999781 2.016271703415187 -0.8762640415102615 7.3070840935738826
15.129999999978077 2.1054531858397016 -0.7117667802908725 10.206569701302215
15.139999999978054 2.053964177382489 -0.7898562554249227 8.732805650849537
15.14999999997803 1.879907006315167 -0.6394085505140167 9.71155661564751
15.159999999978007 1.8760071857463294 -0.6407578136790723 9.69982599517067
15.169999999977984 2.0304328545067336 -0.5060068892405152 13.778449922366175
15.17999999997796 2.185097075517352 -0.3341953009190022 16.949658591441004
15.189999999977937 2.196356158349455 -0.5545376993375452 14.131302244802924
15.199999999977914 2.2122699337839675 -0.41052482292943515 16.22571855609039
15.20999999997789 2.134823136361521 -0.2870515798349864 16.72469204378564
15.219999999977867 2.07055293459152 -0.40100838231581126 14.734782607083883
15.229999999977844 2.153131683192401 -0.36881571976892835 15.929931583269974
15.23999999997782 2.22866052845882 -0.4621630267621455 15.691307452204112
15.249999999977797 2.1723812395939994 -0.4653666732478846 14.95280646938051
15.259999999977774 2.2570683981477857 -0.45713542976077814 16.04605592260575
15.26999999997775 2.2868826525390853 -0.3930294024983779 17.35403342293229
15.279999999977727 2.1644946309512383 -0.3225884178059937 16.799750623670647
15.289999999977704 2.1569800311234717 -0.37269036136147826 15.94374735075227
15.29999999997768 2.043515014141387 -0.2183167672648776 16.04707817804188
15.309999999977657 2.2092206103924634 -0.1998142099689002 18.261293206638566
15.319999999977634 2.2588830800779456 -0.12179323093357841 19.04842368900048
15.32999999997761 2.238014913960478 -0.010989990340022127 19.02480136960423
15.339999999977588 2.217053718967411 -0.05357067423241002 18.713676681493844
15.349999999977564 2.2153819368612733 0.06393580255292963 18.65805562453089
15.359999999977541 2.128739764388032 -0.18370409681023658 17.218910749307152
15.369999999977518 2.1232163870212606 -0.1459289569740071 17.295888322262815
15.379999999977494 1.8823035438848956 -0.12550575800240937 13.028610628864216
15.389999999977471 2.0411467959554686 -0.24698438706645887 15.838514898705814
15.399999999977448 1.9585166475134217 -0.09190491114504551 14.685490590066589
15.409999999977424 2.0084046537182445 0.058644639484190964 16.369086351659824
15.419999999977401 2.2894243572540525 0.2166121057661604 18.399296604431107
15.429999999977378 2.2210210882744486 0.31151383310673053 17.011203635225453
15.439999999977355 2.1433857759767836 0.20713269785099897 17.025127535552038
15.449999999977331 2.0641961617139417 0.11561094057524257 16.994665460845532
15.459999999977308 1.9022232199758786 -0.05726524617164197 13.316841676475695
15.469999999977285 2.0234845838216047 0.2106574240455622 15.268124322093286
15.479999999977261 2.151488923664274 0.2517676592119158 16.71790917734561
15.489999999977238 2.1202718931439346 0.16631048532371973 17.045136003397616
15.499999999977215 2.1841992024530055 0.220752196101778 17.361534153741033
15.509999999977191 2.2271412901132672 0.3615211067454882 16.418377606370946
15.519999999977168 2.2282308126946058 0.3477363258377574 16.635418438253105
15.529999999977145 2.1378895824272295 0.45187888283464017 13.897570423111043
15.539999999977121 2.222515045939202 0.5075702663699457 13.709046908112954
15.549999999977098 2.354417460150902 0.4575490376463337 15.667819033683127
15.559999999977075 2.493166354077491 0.4252534439152582 16.342916225034838
15.569999999977052 2.376156164563425 0.38923244782138905 17.13883128673926
15.579999999977028 2.431509757685081 0.40508227628550364 16.822814070689756
15.589999999977005 2.8370916635907952 0.47513814469984017 14.361405818553449
15.599999999976982 2.986499192919275 0.45965357984743793 12.466859456293287
15.609999999976958 2.9830508263517 0.5746706986503971 11.312106306938443
15.619999999976935 2.8567502362875143 0.8226369379093527 9.423919612592142
15.629999999976912 2.862090045916279 0.7887898388969898 9.84675057771343
15.639999999976888 2.9972184334203393 1.2283211248193224 5.325941713139663
15.649999999976865 3.0575414736079782 1.3566983900659255 4.459109618152519
15.659999999976842 2.9109544200981428 1.531628922776839 4.4026779442316455
15.669999999976818 2.959276202127149 1.455447630962273 4.436371630193549
15.679999999976795 2.904949303840363 1.3244355625013744 5.216607722252226
15.689999999976772 2.698230645880111 1.5156138074682826 4.967226007112199
15.699999999976749 2.5449356268348993 1.5019663406320576 5.222273936805077
15.709999999976725 2.7470849404666753 1.438047851983492 5.143927750647276
15.719999999976702 2.728950157383291 1.5020401776581624 4.991880623827642
15.729999999976679 2.572537623353689 1.426644653763455 5.154479307091277
15.739999999976655 2.6538823529886257 1.3277392566883233 5.3485092274181
15.749999999976632 2.906814239836519 1.3175637814620478 5.260951421073635
15.759999999976609 2.7902061103051046 1.141721312635071 6.564966341242023
15.769999999976585 2.635719549555385 1.146656544464264 6.4720905213905375
15.779999999976562 2.5275154070741106 1.129541152041812 6.106553956920929
15.789999999976539 2.4242364371073184 1.0249282406814855 6.6217177471126885
15.799999999976515 2.2959698706525726 1.0517977168744301 6.248177629183748
15.809999999976492 2.2144769229379566 1.0618983353606926 5.869177053847952
15.819999999976469 2.3613355405970897 0.8849857526950597 8.273394282526983
15.829999999976446 2.471096620852963 0.6962265497604161 11.646086633641826
15.839999999976422 2.514547276589662 0.8623417476162062 9.27489237620233
15.849999999976399 2.494308474697422 0.6892759849129378 12.119151840713101
15.859999999976376 2.284846141997464 0.7936906069204719 8.593899541445351
15.869999999976352 2.2269148191993433 0.48639324869727507 13.998341136024617
15.879999999976329 2.292988729019432 0.4598880153416026 14.959064187248709
15.889999999976306 2.251196297891678 0.3348116341981119 16.99426736492494
15.899999999976282 2.374344113557541 0.31107588057583146 18.382127253862325
15.90999999997626 2.3693583297018854 0.39050088552893203 17.063337483415886
15.919999999976236 2.2493196519320247 0.49359885694091843 14.015559524770303
15.929999999976213 2.3255616986949037 0.4077470311544884 16.35781312478065
15.93999999997619 2.518363304925839 0.6176647115732828 14.080142460187593
15.949999999976166 2.5197614564159783 0.5605007788886691 15.479821148498838
15.959999999976143 2.0493074788628665 0.6545582376224053 9.113179145619512
15.96999999997612 1.869170463874294 0.5579953996737123 8.777842484985005
15.979999999976096 2.2295340016994905 0.4143528101398915 15.433318086329656
15.989999999976073 2.308587006006359 0.4754853056026627 14.626592700864867
15.99999999997605 2.44260431206138 0.5339621799736878 14.936779773893825
16.009999999976028 2.4895196834958093 0.7462885039723044 10.882583751957409
16.019999999976005 2.565822162451345 0.7978926731514747 10.412994071929667
16.02999999997598 2.5504540126233763 0.6260446882719701 13.928482832566596
16.039999999975958 2.4381905057273596 0.9486963082450737 7.582399696651993
16.049999999975935 2.62034174721815 1.0591172675026688 7.208663480326972
16.05999999997591 2.533501930384912 0.9375323824562012 8.402833790311725
16.069999999975888 2.6714364784175157 0.9237931465619778 9.142221716250518
16.079999999975865 2.4846887955461225 0.8333454083495064 9.336452817883044
16.08999999997584 2.344286056263118 0.6678275739457535 11.362825897797153
16.099999999975818 2.138801709799656 0.7050887927593736 8.77964063743195
16.109999999975795 2.3015147522705894 0.7862733515922103 8.726445716418127
16.11999999997577 2.2507365005214415 0.8058005928034138 8.270817851700716
16.129999999975748 2.2297627166417344 0.9427383270746218 7.049170798413158
16.139999999975725 2.094915284394802 0.6655033244368302 9.209756735920722
16.1499999999757 2.0494017116459635 0.6172507084535959 9.778708095999505
16.15999999997568 2.260703633133244 0.7814293104420995 8.478306709312088
16.169999999975655 2.3026461144802974 0.756996187408553 9.145352512546813
16.17999999997563 2.351164120708482 0.753545820976692 9.582439315086402
16.18999999997561 2.384736341466426 0.9261590731995134 7.807092394251449
16.199999999975585 2.334468289452155 0.8789364985815652 8.291294758332398
16.20999999997556 2.288283505839803 0.8241140165203957 8.54424812800064
16.21999999997554 2.1850792980636156 0.9245109844852608 7.109230698535891
16.229999999975515 2.2601632802480256 1.0182884659388063 6.400473917181571
16.239999999975492 2.3424463687025554 1.131204856916874 5.780955865328166
16.24999999997547 2.338344609438847 1.1432837033438288 5.729495964061318
16.259999999975445 2.906486980091243 1.0600804800373629 6.589541139294073
16.269999999975422 3.0054824070284054 1.1116482477880938 5.822920874000175
16.2799999999754 3.089012278334227 0.9004814065031859 7.045869663727451
16.289999999975375 3.0937583540603666 0.931605516024719 6.7670413512729155
16.299999999975352 3.2024602824853297 1.070927884779747 5.373489600716932
16.30999999997533 3.12370236347193 0.9806996542586746 6.330104222408325
16.319999999975305 2.9541452760468006 0.9967188230221543 6.819857946424925
16.329999999975282 2.8805848929211537 0.9469863142101631 7.874803286780979
16.33999999997526 2.9749343392188266 1.029917927524477 6.460866676186388
16.349999999975235 2.8351618111844097 1.1446886635438283 6.300052409248103
16.359999999975212 2.9929863492463054 1.0500692994445862 6.27252879560176
16.36999999997519 2.8259837217950805 1.0183777133490048 7.361360993406503
16.379999999975166 2.968341467433286 1.0600511786968831 6.3150664017019
16.389999999975142 2.9858883299622407 0.9440287565244244 7.280039470606232
16.39999999997512 3.1336329182927862 0.9442228345086705 6.57696213302281
16.409999999975096 3.2716121886736573 0.9294885585073522 5.696894865418873
16.419999999975072 3.2338129524052013 1.1351166744689762 4.714592357192532
16.42999999997505 3.0171445044274487 1.2259872315892006 5.243968802836559
16.439999999975026 2.986823657155242 1.431120828331212 4.405231668117989
16.449999999975002 2.7315662736789554 1.468076513641723 5.0648003689128345
16.45999999997498 2.8497719143624174 1.5141402301658973 4.581256406959666
16.469999999974956 2.888054986785677 1.45535224629242 4.738199818218134
16.479999999974932 2.9766686962192432 1.4723640506297726 4.272903893044405
16.48999999997491 2.911813782943046 1.5056819258670815 4.498602468902977
16.499999999974886 3.044257588065811 1.5920603829816764 3.7288969612945877
16.509999999974863 3.1447809051235853 1.4343250009299542 3.9346163183554768
16.51999999997484 3.2146309836422797 1.5995970618659054 3.425943455196884
16.529999999974816 3.148785596605356 1.4522985658112737 3.8549625904783666
16.539999999974793 3.385331226045418 1.5039271385055712 2.414579788645532
16.54999999997477 3.5065992556332977 1.6143016137512074 1.864593898727589
16.559999999974746 3.4083190612451033 1.6892407186082394 2.3417827253159187
16.569999999974723 3.3326546460836273 1.6531853498498843 2.856254204919728
16.5799999999747 3.274886324745056 1.7320059280108162 3.0640576002633018
16.589999999974676 3.1500537632424925 1.948204264231592 2.6594424495561304
16.599999999974653 3.0898512440391737 2.1324662577612554 3.408961372474359
16.60999999997463 2.8977654642450537 2.30657095318314 5.224304103477477
16.619999999974606 2.877427744461753 2.4433663345070893 5.744233730306913
16.629999999974583 2.6711265115199114 2.3617982611604407 8.995872710399585
16.63999999997456 2.819413742658624 2.3335216896393973 6.1501122836346145
16.649999999974536 2.9782403224791043 2.309214715356827 4.223994635625668
16.659999999974513 2.924797940890123 2.6210632041927613 4.659643309598264
16.66999999997449 2.8755732886224803 2.7308929575565695 5.060985004787852
16.679999999974466 2.857917715707318 2.872504664301747 4.493704633638876
16.689999999974443 2.7150251747524945 2.6103249332728184 7.564850484591297
16.69999999997442 2.703168358965982 2.494001294585026 7.885458643944568
16.709999999974396 2.733996935095958 2.472136747894065 7.595133097749482
16.719999999974373 2.9172044268450463 2.313232043458223 4.977359141015317
16.72999999997435 3.028934687709005 2.1400127528092394 3.9275909959599598
16.739999999974327 3.062422264290402 2.3174756726643957 3.264796501444799
16.749999999974303 3.185208663796534 2.332505343944523 2.054195045402673
16.75999999997428 3.170351041842778 2.210990397463999 2.8008204677495234
16.769999999974257 3.1049213092967194 2.264371076999806 3.183390933108597
16.779999999974233 3.0852798250612246 2.316514902231017 3.0613845568439806
16.78999999997421 2.8782375411630343 2.326565018403812 5.452076864968415
16.799999999974187 2.9893448281830035 2.107652976960464 4.350326587114064
16.809999999974163 2.8192769745138095 1.965162290689166 5.733532345670122
16.81999999997414 2.7176055073343077 2.207720752438925 7.216380364138439
16.829999999974117 2.784164559193736 2.1907145880506804 6.738909822186758
16.839999999974093 2.7110520270872662 2.3387954022742448 7.513416003732361
16.84999999997407 2.6659078841221793 2.115678345065134 7.784346197620311
16.859999999974047 2.7998113128702826 2.1002624634147655 6.253965256504694
16.869999999974024 2.739743576928187 2.0639046290880807 6.654343806577881
16.879999999974 2.8747133737074484 2.029060838492554 5.333384483581139
16.889999999973977 2.739589937881178 2.0692190521678486 6.6854172478851215
16.899999999973954 2.8490420535949297 2.112531768863747 5.728852179262293
16.90999999997393 2.7114565446956425 2.1316521079165787 7.217386940010679
16.919999999973907 2.783178568767869 1.8981690085726992 5.811441988189095
16.929999999973884 2.805041000796793 1.9735206309898827 5.906322993359497
16.93999999997386 3.1419761268410786 1.7620665694770778 3.326714860750784
16.949999999973837 3.275040616969787 1.8774339312975306 2.0829761496657455
16.959999999973814 3.2625449613326425 2.060280081511119 1.7103601148273846
16.96999999997379 3.2295307642959274 1.8935554474271523 2.242128540340038
16.979999999973767 3.0971123314908002 1.8980034125082939 3.180785701090403
16.989999999973744 3.2456678804866543 1.7875063909589852 2.919188619230958
16.99999999997372 3.268081369537849 1.5807645386658675 3.213907217091096
17.009999999973697 3.2975873573796424 1.6296412704329855 3.0572972341654903
17.019999999973674 3.3702188261387254 1.428126790155241 2.4938049663855644
17.02999999997365 3.3571257958331606 1.2143865290988114 2.8746073418839115
17.039999999973627 3.1792974175927697 1.3916968433680381 3.918316364750892
17.049999999973604 3.0673046107839204 1.3459532007611643 4.4875218382256366
17.05999999997358 3.0744176574960846 1.2877487684284612 4.735865722501062
17.069999999973557 3.3103234523656266 1.27909891135677 3.2044323564146375
17.079999999973534 3.498962390097845 1.381898320443859 1.5647315174913614
17.08999999997351 3.338715847759578 1.1861894590236364 3.3119834876380816
17.099999999973488 3.339804726876855 1.0438039386573978 4.107488900678127
17.109999999973464 3.190366550265093 1.0098715194447243 5.8555942898300435
17.11999999997344 3.209294779411256 1.007180325700849 5.72926403660205
17.129999999973418 3.1864219600296986 0.7596409474735377 7.170953528975257
17.139999999973394 3.3207476518793717 0.8399740425866097 5.6320714498475954
17.14999999997337 3.3827948968362245 0.8034706368945153 4.80206529392808
17.159999999973348 3.4119905285771326 1.1100671213105233 2.702668516202803
17.169999999973324 3.350043897558476 1.0103138894487653 4.178474341790405
17.1799999999733 3.3102291536535167 1.203316273533229 3.5950031137047596
17.189999999973278 3.471852764395481 1.1990933845405813 1.5742607236159643
17.199999999973254 3.4712668457559497 1.1491062302141164 1.7662058759656971
17.20999999997323 3.33271189418792 1.2424018927026985 3.0601203977913976
17.219999999973208 3.429500999644175 0.9964462437416137 3.1598736548119994
17.229999999973185 3.370846468976099 1.16056485164001 2.95686931571899
17.23999999997316 3.07967994718618 0.7960327283151469 8.11162421268999
17.249999999973138 3.225638792897113 0.8230408598706134 6.6267123684890405
17.259999999973115 3.0006294979382617 1.0228056294239345 6.407664261899274
17.26999999997309 3.2804563833456934 0.9269279646164531 5.627263981986528
17.279999999973068 3.1733755394347187 0.631075100750729 9.179491963907182
17.289999999973045 3.215824806213309 0.6828617433973774 7.778997950490495
17.29999999997302 3.2787142951901216 0.8787699116857568 5.936429083074997
17.309999999972998 3.4357045873702274 0.6145284312897754 4.884845760445749
17.319999999972975 3.3091973756701436 0.6813826070521021 6.23882712398817
17.32999999997295 3.5192812939857574 0.7382708229958086 3.3137188632532313
17.339999999972928 3.500090998210082 0.544259284695883 4.386104785157383
17.349999999972905 3.46911833706633 0.6832967706128019 4.122959466188284
17.35999999997288 3.5997341098950746 0.6277700886678991 2.70584315468629
17.36999999997286 3.51839580792506 0.8149153528263711 3.2055816042049665
17.379999999972835 3.499437798467225 0.5342990945586448 4.480372199309205
17.38999999997281 3.5537516095285975 0.5891756098786212 3.43246772217014
17.39999999997279 3.454884252543553 0.6974770127384072 4.200021678911783
17.409999999972765 3.4408792672587922 0.47542797614788546 5.805671031025249
17.41999999997274 3.3227262327570704 0.38759395829127147 8.736481852669323
17.42999999997272 3.3626053008543018 0.11772381679991628 9.451892071418815
17.439999999972695 3.4391440898681545 0.0908159885205223 7.8368313419296385
17.449999999972672 3.5516401858866673 0.0805771365057103 5.832278305987541
17.45999999997265 3.6871262896287496 0.19797394390667344 3.8429256911551986
17.469999999972625 3.7009015227087114 0.24941566614023214 3.490036620834637
17.479999999972602 3.68183537234743 0.3757512361944145 3.1492169044859617
17.48999999997258 3.526741616381394 0.5264963411415662 4.184191617122982
17.499999999972555 3.4136334918984357 0.6633275441334394 4.884795175949325
17.509999999972532 3.5046231478340077 0.6909576431958545 3.659276545951564
17.51999999997251 3.6019917854257693 0.735265599022757 2.236667343219941
17.529999999972485 3.616700812855409 0.763375476896204 1.9334675270396586
17.539999999972462 3.4134228962192625 0.7278222555398617 4.596152261065803
17.54999999997244 3.467904155283625 0.830605870561644 3.772506983911412
17.559999999972415 3.4190993498917543 0.7357899245692784 4.488238568794506
17.569999999972392 3.686603947501306 0.8024316154655873 1.1354058913609264
17.57999999997237 3.7445636427078073 0.8879232971852491 0.6910297831501002
17.589999999972346 3.500672621057106 0.8555878956846028 3.311180930974777
17.599999999972322 3.633101905734192 0.8149642930727145 1.7434959351261683
17.6099999999723 3.5654973272033956 0.9360915055732107 1.997855146943564
17.619999999972276 3.562074565923907 1.0956742531704662 1.150254988855585
17.629999999972252 3.6134320626110727 0.9962808133442297 1.0856306215871885
17.63999999997223 3.4923307658745695 1.013633456397519 2.3076567804738066
17.649999999972206 3.5848684026304136 1.174194238999643 1.1183395163834096
17.659999999972182 3.7074409711695377 1.1350986917435335 0.6233781755318675
17.66999999997216 3.587528347472168 1.0415115329503373 1.1106543099311503
17.679999999972136 3.523225099792236 0.8278149158951795 3.141036986473754
17.689999999972112 3.5802738223749775 0.6768033644736206 2.711366971859383
17.69999999997209 3.5544036009945175 1.1466314705456595 1.204733749781789
17.709999999972066 3.427017467956311 1.0672070325189529 2.7526152920822695
17.719999999972043 3.2783862336787837 1.1384302321093187 4.28547944099066
17.72999999997202 3.381510413758006 1.112726974452967 3.067582320780457
17.739999999971996 3.4733034172314152 1.0015081959468295 2.617597689148286
17.749999999971973 3.5267214123437136 1.1065314916881257 1.3354385735567116
17.75999999997195 3.587910956565983 1.1859989689605634 1.116087836999958
17.769999999971926 3.4672705162809496 1.1005068360787393 2.0763499782571304
17.779999999971903 3.461812590999283 1.2639267697162562 1.5139977277517633
17.78999999997188 3.3529596259318213 1.4034037006407436 2.631925579068745
17.799999999971856 3.5497993812282194 1.4272445389940662 1.5349611118353512
17.809999999971833 3.4182289824813585 1.338929449183992 1.9498225344935927
17.81999999997181 3.2019995429941273 1.3555103549719525 3.9142497370871183
17.829999999971786 3.024303588106814 1.0871753972290135 5.910529602810675
17.839999999971763 3.0059810833641096 1.2848222486244132 4.971654003468027
17.84999999997174 3.119031777266829 1.1851542375688462 5.194322732772848
17.859999999971716 3.101189833516531 0.9391161173744543 6.705822929382902
17.869999999971693 3.067077888442281 1.0307174263880519 6.167873888612627
17.87999999997167 2.9278645417114957 0.9027510295430291 8.156108834649489
17.889999999971646 2.8928716380191895 0.9174048859349357 8.196730140103746
17.899999999971623 3.147403922069303 1.1082626025987647 5.425217123819591
17.9099999999716 3.279494302638948 1.1320425898215767 4.301227225007997
17.919999999971576 3.2982830366943925 1.0081086609294412 4.880775123804235
17.929999999971553 3.232494717468709 0.8319526146970735 6.582153306894091
17.93999999997153 3.2997034509473515 0.7572720834769975 5.837645730512118
17.949999999971507 3.234092010954627 0.7837558627921626 6.434199819653212
17.959999999971483 3.1834729020692327 0.7545438696587804 7.258170898243384
17.96999999997146 3.272439911773624 0.646633151180156 7.517691513640456
17.979999999971437 3.3296743867832688 0.7606302424147877 5.5019996221149245
17.989999999971413 3.4784883478613837 0.7207156127445469 3.869988875633161
17.99999999997139 3.3893110433858595 0.5727114421324772 6.184348665479501
18.009999999971367 3.196428017094583 0.3419510555216402 11.532823392404813
18.019999999971343 3.1257828053357564 0.4397731365109505 10.762271698122069
18.02999999997132 2.9385403936587315 0.35703733080451894 14.71168844786709
18.039999999971297 3.0752573353199395 0.5229922834022241 10.700902343745243
18.049999999971273 3.0983934333358136 0.6175406543885711 10.119183147234404
18.05999999997125 2.887319599227043 0.5933520985746477 12.576863438263107
18.069999999971227 3.125178670980302 0.48015273840775086 10.67087815076069
18.079999999971204 3.1055527751618195 0.5029560163129247 10.598258386788922
18.08999999997118 2.9815576615567347 0.6116248990900517 11.030410736609568
18.099999999971157 2.8517848316557903 0.8606023469627296 9.14407184313082
18.109999999971134 3.2859435151234 0.929196879781556 5.555150546510593
18.11999999997111 3.4164598286446655 0.9550615201212889 3.6538450789786445
18.129999999971087 3.241968320610232 0.9515383533596029 5.808222712067309
18.139999999971064 3.2440052532938912 1.1662975546714391 4.483087558423136
18.14999999997104 3.132714855077435 1.375963703155233 4.197495683287141
18.159999999971017 2.9076693302896874 1.5574728944829117 4.398525853042748
18.169999999970994 3.0097106379160983 1.4773901189981948 4.128710745011972
18.17999999997097 3.2664590737103083 1.2701739996592551 3.6883419505357016
18.189999999970947 3.184221783783292 1.244314054447409 4.46408903305853
18.199999999970924 3.298097039516887 1.3110954124586838 3.250329943685282
18.2099999999709 3.313225037704005 1.2641091493361793 3.204821399398052
18.219999999970877 3.4257028436718455 1.559907034172493 2.0798097657697294
18.229999999970854 3.309714743486453 2.0383787712656205 1.0926679471063445
18.23999999997083 3.2885963241817278 2.0852838507487745 1.5540870278758112
18.249999999970807 3.3645051850879324 1.9312043321391503 0.005730217862839685
18.259999999970784 3.3456385239342876 2.044476273073656 0.7194281551906428
18.26999999997076 3.3835432329928707 1.8943513881657394 0.7556081685774634
18.279999999970737 3.2603448426480512 1.7596952475627585 3.027933034036243
18.289999999970714 3.251136125557066 1.695055268533151 3.2547163437295032
18.29999999997069 2.872901272699327 1.8171580108806547 4.858108224541481
18.309999999970668 2.99768770517011 1.7681692747688544 3.8450841464682304
18.319999999970644 2.9923855733869145 1.8097018379805156 3.920184570333512
18.32999999997062 2.919891324021015 1.7572168910752302 4.367289761569621
18.339999999970598 2.934812093708107 1.903410853908711 4.488763606521883
18.349999999970574 2.839287394892711 1.7102237248245695 4.783132390315051
18.35999999997055 3.104378984781472 1.6446826939903705 3.5941463953973694
18.369999999970528 3.121960026425323 1.52533030065437 3.6872586964361838
18.379999999970504 3.0291623989019065 1.2396992721227194 5.088855741585146
18.38999999997048 2.969370315318649 1.1877256974151513 5.695645683781775
18.399999999970458 2.8625401284217578 1.020076211123624 7.040452050767316
18.409999999970434 3.019528477201865 0.9590708465858238 6.77399205593759
18.41999999997041 2.8482738746315657 0.9956821108050671 7.370786733993478
18.429999999970388 2.935013692242134 0.9700252466157737 7.200174768332099
18.439999999970365 2.9478415762357324 0.828956836929717 8.874636238677908
18.44999999997034 2.910469385620068 0.7228563861714398 10.264270225230199
18.459999999970318 2.9789292777466785 0.559675539730824 11.462157158336021
18.469999999970295 2.8769399690203423 0.5238233953739303 13.422880049633648
18.47999999997027 2.821596998314011 0.5586670321614198 13.792316766427488
18.489999999970248 2.9722629877907423 0.4792332123933644 12.657870017727557
18.499999999970225 2.9726170217991688 0.18945076391100724 15.375917311637966
18.5099999999702 2.954190665226382 0.198085367446042 15.588015884602756
18.519999999970178 2.8350182308764165 0.3383937471846874 16.28623939223987
18.529999999970155 2.923807845569577 0.397834387082004 13.590192385060565
18.53999999997013 3.2017333191023054 0.2806285251860132 11.646779688750943
18.549999999970108 2.9935876570532796 0.374146570464457 13.527475336311529
18.559999999970085 2.931768385829954 0.0922213353978889 16.584570312174066
18.56999999997006 2.8111487388429452 0.1875292723897557 17.682748611022248
18.57999999997004 2.881549672172652 0.18728492829948962 16.72723290326748
18.589999999970015 2.8394038586420343 0.05020920924174921 17.67278429773164
18.59999999996999 2.6027690614004144 0.22168730052405028 18.765434516800692
18.60999999996997 2.885314725991312 0.1724380021746914 16.822622045651798
18.619999999969945 2.8690000621838623 0.3626446284309931 15.410880962047152
18.62999999996992 2.895173823950933 0.3512052890298202 15.30247358948712
18.6399999999699 2.8572397098817053 0.4505060844105755 14.222905681744132
18.649999999969875 3.390675246901443 0.2824378039970944 8.463577544793974
18.659999999969852 3.353863665462532 0.4080973520132702 7.790432065604998
18.66999999996983 3.2991511955904396 0.36945090248707374 9.456957569295643
18.679999999969805 3.286232366077166 0.45632459453668206 8.76193201363223
18.689999999969782 2.9731705055344597 0.5158913220419552 12.246009723927857
18.69999999996976 2.943056614036461 0.39118821640842805 13.613801502781145
18.709999999969735 3.1871280994422135 0.4061642842589581 10.052923601678234
18.719999999969712 3.259517867584189 0.27378272178658436 10.644134253725777
18.72999999996969 3.2422521853874153 0.22802377509854843 11.126346970226148
18.739999999969665 3.217487973089453 0.35479026330556884 10.890939542319778
18.749999999969642 3.2649888755699736 0.39262953801122014 9.391628394148668
18.75999999996962 3.0011854508238835 0.4337172916060087 12.2036179663889
18.769999999969595 3.1491007885599305 0.5118524364602092 10.189313846845664
18.779999999969572 3.211792135038842 0.735983978886322 7.03970128669579
18.78999999996955 3.3490048296700357 0.703034531478539 5.475000950113102
18.799999999969526 3.1196759273140597 0.5420344481711192 10.233458945164863
18.809999999969502 3.155199484714676 0.5773247703001156 9.758764425903454
18.81999999996948 3.1749972804807873 0.5322722413652021 9.785244275679103
18.829999999969456 3.2540270113851997 0.605558642648852 8.30502554448428
18.839999999969432 3.216264496686999 0.8219891341891414 6.706454779620364
18.84999999996941 3.1129440950655805 0.803736501392819 7.857534625628335
18.859999999969386 2.87302498641411 0.8386117705297442 9.224609888160215
18.869999999969362 2.810172035475099 0.7709719671692816 10.594106315945908
18.87999999996934 2.6908051592745337 0.7196859952047631 11.950514808344725
18.889999999969316 2.594434832611359 0.7971935361915945 10.527066072655956
18.899999999969292 2.730289041924991 0.7847137457411595 10.757040926529324
18.90999999996927 2.691925813191703 0.8016763561427328 10.452188323936989
18.919999999969246 2.5808637121335583 0.7822117262715895 10.739677688158785
18.929999999969223 2.5631740379512555 0.8077921206345446 10.202131369194037
18.9399999999692 2.400255271377817 0.6092032932572415 13.04930568385494
18.949999999969176 2.5238298509362718 0.5146022774733324 15.851927134844598
18.959999999969153 2.2001509777469415 0.5116754354797087 13.515538156407214
18.96999999996913 2.1783108092406995 0.4771708640602822 13.863632677417385
18.979999999969106 2.2027106540356383 0.5196803498395663 13.404250570123821
18.989999999969083 2.2948840217324937 0.524358979435001 13.752735993255712
18.99999999996906 2.5487772784970573 0.4931618114947074 15.868454988615017
19.009999999969036 2.473627892130361 0.8103111193486953 9.428711361832706
19.019999999969013 2.584356231878748 0.913109433019896 8.974348805282474
19.02999999996899 2.5442356864241042 0.9562505095308625 8.169131065477178
19.039999999968966 2.506802578871031 1.0324478526193044 6.95145666557687
19.049999999968943 2.375860198261963 0.8192900429871766 8.899281895396694
19.05999999996892 2.326963111570237 0.9136275947418648 7.867500482156155
19.069999999968896 2.4400692943225795 1.0066294217536806 6.843488150177662
19.079999999968873 2.3951189926836216 0.9985734960980241 6.9114443495849915
19.08999999996885 2.4920442354465115 1.297009296143922 5.2447632412969565
19.099999999968826 2.4320028687895765 1.427981559577497 5.262128717022644
19.109999999968803 2.5294628237036125 1.415865448546355 5.139364318076865
19.11999999996878 2.3023685422904383 1.4738133834465827 5.443055211532805
19.129999999968756 2.461981749634986 1.5310211233765878 5.384528506747223
19.139999999968733 2.1943236824259587 1.5416221590834152 5.203874990129192
19.14999999996871 2.2463104444532123 1.3483356851461852 5.2425543334438505
19.159999999968687 2.025439607512158 1.1931611602050078 5.33280172062697
19.169999999968663 2.073704186855665 1.5269089837844978 5.0168797372988365
19.17999999996864 2.2330546772695103 1.712202260338659 6.643270347269905
19.189999999968617 2.0957866163569085 1.4433760396665305 4.9048458846412455
19.199999999968593 2.0513848275265727 1.3883890718453984 4.863871024438317
19.20999999996857 2.1014952993753337 1.3522319512344745 4.866321568423203
19.219999999968547 2.032556878601627 1.5857588708929824 5.559373265438651
19.229999999968523 1.9411950976155854 1.6471277071507016 6.319513897364754
19.2399999999685 1.6989289483016272 1.5338088702206798 5.923939852023741
19.249999999968477 1.605982875105227 1.6909336256240821 7.352164939683292
19.259999999968453 1.723814039250329 1.7639909174509547 8.203979369958185
19.26999999996843 1.5163817918737739 1.338093656081322 5.558658575584316
19.279999999968407 1.5232170479303249 1.3933498336455183 5.588171492769556
19.289999999968384 1.6388357129797517 1.433186391631082 5.700433449564624
19.29999999996836 1.6783813022563734 1.114980414717852 5.714094010100883
19.309999999968337 1.734753104078342 1.039168869518368 5.917149420558875
19.319999999968314 1.8346115962073137 0.7651156964923793 6.315053547675156
19.32999999996829 1.8409655157079794 0.9764872800083968 6.089714899745424
19.339999999968267 1.8781462375590348 1.0364364275689786 5.930240326849416
19.349999999968244 1.9656048464320672 1.4508848044994676 5.233547785011925
19.35999999996822 1.8223532016417876 1.4195614376614154 5.569718640506505
19.369999999968197 1.8017806666230427 1.5289890189041644 5.724168964358157
19.379999999968174 1.9259551626715015 1.677136077408475 6.530426564109253
19.38999999996815 1.8973435658313973 1.3719154217390848 5.31774742234902
19.399999999968127 1.9924893949891547 1.4583439568495946 5.166254716578756
19.409999999968104 1.8839242860247993 1.5610491725736122 5.886168730471849
19.41999999996808 1.9634783239670162 1.3856144104812376 5.179456662731154
19.429999999968057 1.7406887506941984 1.1906410911275895 5.669659803702714
19.439999999968034 1.5948260870531827 1.3021742889840866 5.583260128526433
19.44999999996801 1.7226877803896072 1.2232075228366543 5.613654662050088
19.459999999967987 1.9378169322978758 1.2147311671239986 5.373107545993719
19.469999999967964 1.689032631121451 1.1354791288798753 5.71981657407421
19.47999999996794 1.637530509185735 1.3596274662743222 5.6150119815759485
19.489999999967917 1.6681318801911413 1.1834947631094843 5.664617459795249
19.499999999967894 1.9145357589314749 1.2960252433868569 5.222601077468592
19.50999999996787 1.9011266354638734 1.198435833897922 5.445207098768302
19.519999999967848 1.8778692147635394 1.2441038965750326 5.3678336723037905
19.529999999967824 1.6937608103334734 1.1624259298889208 5.709754796161837
19.5399999999678 1.6854150197099955 1.2716960784513034 5.541166573526366
19.549999999967778 1.7822203672409094 1.2348573256848452 5.472894700768844
19.559999999967754 1.6523058715150636 1.1928681963135945 5.630329526057169
19.56999999996773 1.5992853300952479 1.255337696907815 5.528317252186241
19.579999999967708 1.6167998336696283 1.3734969566489084 5.634778931263341
19.589999999967684 1.4004386295758995 1.3077464093346534 5.68653518275475
19.59999999996766 1.3214292941826957 1.3054147900949822 5.692996819997509
19.609999999967638 1.572425459776788 1.1366485756196967 5.69591479809226
19.619999999967614 1.5419790774870645 1.1649043380408466 5.664057115395013
19.62999999996759 1.4825933565737681 1.481087098729581 5.708471538832445
19.639999999967568 1.635787382155228 1.4335334047792685 5.702646933337569
19.649999999967545 1.6228723365039042 1.275565868149792 5.534192965757216
19.65999999996752 1.6779101303873631 1.2561268824235345 5.514691205787242
19.669999999967498 1.7016146845579967 1.016374561268479 5.947704774912095
19.679999999967475 1.8676151143819761 1.2441611037079736 5.397068809431404
19.68999999996745 2.0432490333747917 1.2599605211402696 5.004456440172253
19.699999999967428 2.0985748029121303 1.1843928921616387 5.331058809977943
19.709999999967405 2.291250381124403 0.9974676457841883 6.759896752129965
19.71999999996738 2.3494754520385173 0.9877774049951187 6.980954616975989
19.729999999967358 2.4063383094971913 0.9539720280376311 7.477897032824311
19.739999999967335 2.390857463640187 1.0938195031368303 6.028800205087281
19.74999999996731 2.591740129129527 1.098805686890438 6.670796479028011
19.759999999967288 2.583091768123401 1.205054305006645 5.945677786792653
19.769999999967265 2.621802567118305 1.1067128544548062 6.747866649145214
19.77999999996724 2.4222362849651877 1.140337653760282 5.752398430154902
19.78999999996722 2.4431380252529875 0.8490911806782718 8.82614860164876
19.799999999967195 2.281207963404241 0.9855324630487372 6.815524241472259
19.80999999996717 2.502143856174401 0.9908207018044901 7.458905003273037
19.81999999996715 2.49136298540486 0.9231406058067196 8.345354199753222
19.829999999967125 2.6576186025459605 0.7195209879029071 12.014709639386243
19.8399999999671 2.6231918177885944 0.811551016311443 10.324737868599977
19.84999999996708 2.570731600025376 0.776229563666637 10.783817091850475
19.859999999967055 2.6513263198653996 0.9820043772636708 8.272715207007165
19.869999999967032 2.5246129104749904 1.0796304456016694 6.560701989018212
19.87999999996701 2.692431932190875 1.1577793238766705 6.3623843560952125
19.889999999966985 2.5390373138064875 1.1106426344952771 6.311408594531198
19.899999999966962 2.4999369243163043 1.0852547229544982 6.396317776841371
19.90999999996694 2.5233481233756248 1.1230986622049746 6.139591070163389
19.919999999966915 2.432677420908921 1.4321575627038943 5.274326980756763
19.929999999966892 2.4915260851062166 1.130664765633389 5.9791830422899555
19.93999999996687 2.4085222634287655 1.1390203962563632 5.736016414705383
19.949999999966845 2.4231366673858137 1.0526726298328333 6.308903140398401
19.959999999966822 2.2986637319970646 1.1401233289352901 5.761725817473465
19.9699999999668 2.3055398597112173 1.1005487813066772 5.958897759915943
19.979999999966775 2.3825921937893986 1.2465018588661585 5.410256473692959
19.989999999966752 2.3925914058021522 1.2993288325122356 5.2304562737108125
19.99999999996673 2.3754197673622977 1.1707381521518025 5.612138187391416
20.009999999966706 2.516505050717929 1.0454905881141325 6.8096055771478
20.019999999966682 2.4397362405650345 1.0939840218636347 6.004377210604597
20.02999999996666 2.3568055189246944 1.233329269376609 5.474467212212115
20.039999999966636 2.3021009574458757 0.98210559787384 6.952461944835745
20.049999999966612 2.105310204847497 0.9254095498335944 6.774047681205445
20.05999999996659 1.956572908871965 1.0200795128524458 6.030249158362772
20.069999999966566 2.064233099201251 1.226872555726585 5.14248395886312
20.079999999966542 1.9276618279940567 1.2536029101069885 5.228756026988794
20.08999999996652 1.879831535944162 1.1570958968263958 5.592600251749356
20.099999999966496 2.067330453258258 1.0702869048260593 5.69583506662695
20.109999999966472 1.9970078132375197 1.2101561716464513 5.356769395769027
20.11999999996645 1.9729342666711058 0.9059270049154909 6.666290499950114
20.129999999966426 1.9805345928248286 0.8528538635970304 6.837238605307732
20.139999999966403 2.0947336089238555 0.7798624370673453 7.473883828537248
20.14999999996638 2.105596169707934 0.7920066975446817 7.500768422462144
20.159999999966356 2.2263844006992546 0.803008355812809 8.143588046848901
20.169999999966333 2.098734938740026 0.9567019683664509 6.422791488644612
20.17999999996631 2.2026827835913267 1.162957966413844 5.577302469310181
20.189999999966286 2.2446020931326043 1.2199478194905016 5.5389877799891805
20.199999999966263 2.2082878435193782 1.1794857405425372 5.55477398178399
20.20999999996624 2.0690523553663276 1.3662358953754352 4.868817083948233
20.219999999966216 1.8981980814064072 1.2546646059612545 5.271076267519499
20.229999999966193 1.9968325027644944 1.1954298281176454 5.412103242806972
20.23999999996617 2.1749253883701547 1.2766595675943524 5.131935257783549
20.249999999966146 2.039569808983326 1.3242237437308646 4.910396878523566
20.259999999966123 2.146256457798597 1.2466244613947 5.1618081411464445
20.2699999999661 2.1674627750750584 1.2428662759023372 5.2216159259707196
20.279999999966076 2.5107445344889694 1.2257149781158323 5.621024512674459
20.289999999966053 2.690866801675982 1.285586607681031 5.6252458786720805
20.29999999996603 2.6076553035367525 1.5761074427403439 5.251309034361071
20.309999999966006 2.710211153170493 1.6505228206027895 5.313137849904219
20.319999999965983 2.7048166782053222 1.9346684709863946 6.4477324410307215
20.32999999996596 2.874639724582613 2.170230370109916 5.54683730171204
20.339999999965936 2.8540862305183077 1.9846646364978076 5.419154744922654
20.349999999965913 2.6565523228644063 1.996307276825012 7.143915264373527
20.35999999996589 2.534201990735999 1.9936663960790106 8.219098514249612
20.369999999965867 2.60573571277677 1.9669553010724283 7.2940390601065275
20.379999999965843 2.475046891543888 2.0378040762419167 9.379168044943599
20.38999999996582 2.301683190168856 2.0133368615636194 10.10691957748226
20.399999999965797 2.3210274173599865 2.038335771361327 10.281825257379518
20.409999999965773 2.340957043831334 1.9214926001686994 8.457430057748176
20.41999999996575 2.3424870794339894 1.6735853742660847 6.0580328702298125
20.429999999965727 2.332325544537728 1.6812623807916056 6.072523432425003
20.439999999965703 2.3836086936472554 1.6334496749103162 5.923503197902419
20.44999999996568 2.372266202928434 1.6725692522040112 6.077119690739208
20.459999999965657 2.390688279230217 1.5615485215043365 5.54959091264911
20.469999999965633 2.357698443697508 1.5252896232245603 5.421569309202868
20.47999999996561 2.405038393990326 1.4760229735863575 5.385687711673738
20.489999999965587 2.3835553063083665 1.5865460903856967 5.686231656739399
20.499999999965564 2.389163893245782 1.2938399783043626 5.250202056482221
20.50999999996554 2.126548474646522 1.376200471981307 4.893280391497992
20.519999999965517 2.2036994331847577 1.225215126680208 5.394087288154435
20.529999999965494 2.0721254370275792 0.9959551673844843 6.028389314503461
20.53999999996547 2.0614351391106407 1.0376147761699634 5.830951000073585
20.549999999965447 1.8108470146399231 1.066983843576514 5.835289507299275
20.559999999965424 2.0427728226220583 0.8995380168608299 6.9176726844525875
20.5699999999654 2.217249300059148 0.9705536172171604 6.666617676951901
20.579999999965377 2.3771216462154867 0.963682084606959 7.29722749867604
20.589999999965354 2.0837181933096125 0.9778450203692122 6.153900350079843
20.59999999996533 1.8275879529023786 0.9802214045562146 6.069291123364394
20.609999999965307 2.0316483185428362 1.1018636850075305 5.578924247348983
20.619999999965284 1.9549424848973969 1.347360395961741 5.187477749210352
20.62999999996526 1.9149319522555976 1.2348501593494858 5.293299862194051
20.639999999965237 1.9743948796003723 1.2462978599249142 5.264301529649604
20.649999999965214 2.0536552335577 1.3086794343403063 4.913839162887418
20.65999999996519 2.215443270410345 1.1919593958686407 5.540800445298408
20.669999999965167 2.1523229069733096 1.2762159248336784 5.086971637001705
20.679999999965144 1.9653761769124938 1.3722499204401641 5.176925888225524
20.68999999996512 2.0166559584325907 1.5041640051800473 5.202598895958973
20.699999999965097 2.0228196936716114 1.4268409307735797 4.993810593266385
20.709999999965074 2.3366717177274245 1.3737443866383598 5.23196430475218
20.71999999996505 2.4623710413877284 1.383385577769352 5.139891373200257
20.729999999965028 2.538030577760481 1.668963490226249 5.93827669234938
20.739999999965004 2.419395965802079 1.6644463128134988 6.094758238116791
20.74999999996498 2.318837178826616 1.620662620983362 5.838678819975808
20.759999999964958 2.644729417894043 1.790436434135795 6.116902933779659
20.769999999964934 2.753490211164828 1.6884455894964545 5.352924387781729
20.77999999996491 2.594728353088749 1.5671501816869973 5.245588463452732
20.789999999964888 2.6679817999593016 1.5606319105917943 5.053381369152099
20.799999999964864 2.7240771962444517 1.4612265231144996 5.071340693673765
20.80999999996484 2.748145030736205 1.6773517314458917 5.339370888347826
20.819999999964818 2.7202770957407516 1.739257951068479 5.498983629133146
20.829999999964794 2.710357168108224 1.6596417735074795 5.338656735798834
20.83999999996477 2.8248271327461305 1.504096486985686 4.722447706357217
20.849999999964748 2.6282101781818232 1.5304017072425786 5.0310326723438425
20.859999999964725 2.892182989732103 1.4602753737228629 4.713031664721809
20.8699999999647 3.0401809229009062 1.4907447896113344 3.952668979994584
20.879999999964678 3.1294710646969244 1.670623463315027 3.5068118636657144
20.889999999964655 3.1054481923692534 1.9062940959180827 3.116773501210384
20.89999999996463 2.8754730042531063 2.11995403080807 5.508975265680254
20.909999999964608 2.890099803881931 1.9199332606238204 4.932363404137504
20.919999999964585 3.127291043225856 1.945933849656515 2.8798087751483403
20.92999999996456 2.932827633176639 1.9494271639191776 4.664672617934915
20.939999999964538 2.7592242514315286 1.7931250987136969 5.663261439123529
20.949999999964515 2.7769924651695876 2.00746870008699 6.258734945512517
20.95999999996449 2.9493828272750675 2.233350844047671 4.782350791663475
20.969999999964468 2.838555664172216 2.273876449226935 5.910866938191714
20.979999999964445 2.7583061641494573 2.268931424107525 6.86376563096847
20.98999999996442 2.7976871933419525 2.173792700017638 6.581030361521661
20.9999999999644 2.8364329624031415 2.0868274107323517 5.802626098754379
21.009999999964375 2.8339927909222205 2.3221197917344774 5.948549729209809
21.01999999996435 2.69405879848838 2.2458126611052176 7.412294920408431
21.02999999996433 2.755266874519844 2.296024308439871 6.864523772172715
21.039999999964305 2.667837234602201 2.0802020486097508 7.552268049051728
21.04999999996428 2.5568147026303447 2.227631369285454 9.713026642704039
21.05999999996426 2.693897705789388 2.235923449309556 7.409927203486221
21.069999999964235 2.7378057840533794 2.4067397033017968 7.584347601634207
21.079999999964212 2.837134445453261 2.2608723728502294 5.938927933238495
21.08999999996419 2.8086850396060394 2.320993807753368 6.267406596457685
21.099999999964165 2.5423967427473286 2.2197838574735314 9.956112417120043
21.109999999964142 2.5536361031654335 1.9827736895626413 7.845400282962705
21.11999999996412 2.4767774311577124 1.9806423621057014 8.670532880685105
21.129999999964095 2.511184168396355 1.8868000645482343 7.081228370018671
21.139999999964072 2.600909144041244 1.9907271875091626 7.571715304370462
21.14999999996405 2.561634629008478 1.8879443537966605 6.899844932432507
21.159999999964025 2.5163582824250046 1.8923072360686277 7.086328748830682
21.169999999964002 2.3987419357309534 1.9063182518351987 7.930899365449074
21.17999999996398 2.417584948443349 1.9711238778409261 8.932655574389077
21.189999999963955 2.287680892971416 1.9048711458299679 8.519969728832493
21.199999999963932 2.480404051563367 1.8433204089840696 6.996269347521677
21.20999999996391 2.355550664983341 1.8504394290520234 7.478073610425282
21.219999999963886 2.4773016124618255 1.8167891950905806 6.88301956620902
21.229999999963862 2.5364835094092455 1.9750291285452266 7.9432575512611345
21.23999999996384 2.566424579095571 2.0496423668365495 8.391905348896323
21.249999999963816 2.492769686566083 2.052167041527995 9.349611309931312
21.259999999963792 2.5414873904568496 2.1231128537748276 9.427689180808562
21.26999999996377 2.5126432447872746 2.3279925217570137 11.306451508079599
21.279999999963746 2.50524768230853 2.2842128878252757 11.077253279604983
21.289999999963722 2.68654365518412 2.355061696143327 8.374716882345297
21.2999999999637 2.771268822121597 2.229281667689284 6.823078311281012
21.309999999963676 2.8096220620504004 2.3210451308855427 6.25307444645977
21.319999999963652 2.749918036423997 2.1981344158837373 7.028856949358499
21.32999999996363 2.8005182184310167 2.2836584725573483 6.3928065642017895
21.339999999963606 2.8063599516532247 2.3789999618241358 6.511537512771643
21.349999999963583 2.958433633455671 2.029602130896775 4.544521652112775
21.35999999996356 2.9862328339249418 2.013686184840701 4.236861974552044
21.369999999963536 3.01379779850746 2.101729477158364 4.092557526060761
21.379999999963513 2.9711067819525576 2.2330114068621834 4.5182886406629805
21.38999999996349 3.0351491142750984 2.2599263364031197 3.768601004911976
21.399999999963466 2.708317238490777 2.253758572516028 7.175034891859525
21.409999999963443 2.515082782647705 2.1513660812277156 10.038565169204103
21.41999999996342 2.611898812527198 2.014963530660532 7.716980932196665
21.429999999963396 2.6746850274284104 1.7663415041175257 5.783887428198186
21.439999999963373 2.8331385306707353 1.7272687226390395 4.863501092739072
21.44999999996335 2.797177459755683 1.8305057719293085 5.5442434361814
21.459999999963326 2.823956477200302 1.9479491193905765 5.615224652473673
21.469999999963303 2.8350062580604933 1.5144219528528624 4.627060709253089
21.47999999996328 2.746540698287248 1.5103158780069739 4.980425262453179
21.489999999963256 2.9621403061397396 1.8331524368718772 4.171025207431819
21.499999999963233 2.9433175090191996 1.8340332024788844 4.339207500837503
21.50999999996321 2.961342944910068 1.8492664490449646 4.186439365159792
21.519999999963186 2.922156681716077 1.8910153850531026 4.555227193734307
21.529999999963163 2.8600278138310657 1.8201076673291974 4.951622070826614
21.53999999996314 2.8376885442272957 1.8844335816799143 5.1999198162415725
21.549999999963116 2.7431100638088957 2.1693059197497715 7.1120634663174185
21.559999999963093 2.7757192162116344 2.0286657287145062 6.312189885853193
21.56999999996307 2.552748593267877 1.9986094461108075 8.037501996245563
21.579999999963047 2.448924059299357 1.899992757873787 7.555930881737126
21.589999999963023 2.3932501220283227 1.9514258535484486 8.70453266923053
21.599999999963 2.367772335968832 2.046881928040165 10.472103492239984
21.609999999962977 2.227451892034348 1.99947952220595 11.00131195883874
21.619999999962953 1.9453882716962902 1.8849435782390869 9.582575922227596
21.62999999996293 2.011286018197648 2.006295204852204 12.305444526652725
21.639999999962907 1.8686763764637233 1.917545291525525 10.894037372788894
21.649999999962883 1.9925619883079377 1.9300894722851687 10.515108324036028
21.65999999996286 2.101597845553346 1.9735940379998527 10.866608217391633
21.669999999962837 2.3193704110115725 2.0325394468499884 10.177786435635339
21.679999999962813 2.1456535569860082 2.1947333600621457 14.838408063807186
21.68999999996279 2.13056350586228 2.3755235893661815 18.17021317665886
21.699999999962767 2.206039151800807 2.4993424280878327 17.737245030179498
21.709999999962744 2.082267998508306 2.614305949468217 20.590941764912348
21.71999999996272 2.1513891287358162 2.648376772681123 20.064861478921113
21.729999999962697 1.8009457728353713 2.8188097370607883 22.26165729621385
21.739999999962674 2.048420277207692 3.026909997121802 16.69725701693369
21.74999999996265 2.1771708546337267 3.199123264828242 11.726204734080119
21.759999999962627 2.2133811675103994 3.081674106403103 13.591805276859798
21.769999999962604 2.264147757149349 3.135291029209467 11.854607118566465
21.77999999996258 2.1138953974642667 3.200023080737284 11.905902356631088
21.789999999962557 2.154623623565164 3.412055040457357 8.052048364347257
21.799999999962534 2.1101154701127443 3.3135320651123563 10.06129013151452
21.80999999996251 2.037361248187961 3.2373836310942434 12.761972498816492
21.819999999962487 1.9838196175591307 3.419478389584656 9.911789755987654
21.829999999962464 1.9080220911307315 3.405879799509974 10.891031496061178
21.83999999996244 1.7321478643304153 3.6131795278741827 6.555166976674505
21.849999999962417 1.7799961329851628 3.5103102209145804 8.867870170430617
21.859999999962394 1.7684445271776295 3.881348397113186 1.862891918634243
21.86999999996237 1.9442477526154573 3.9181823811744136 1.8029346057922575
21.879999999962347 1.767445168953591 3.87536533556412 1.8919849333059677
21.889999999962324 1.797102862940025 3.861542701769277 2.0861862549491494
21.8999999999623 1.8114020548994576 3.6812175044627526 4.797351427791538
21.909999999962277 1.7367313915587004 3.814147575840245 2.4197621281483355
21.919999999962254 1.971860562478955 3.9506801306967514 1.5699131012052139
21.92999999996223 1.8412870427098007 3.603580839209059 6.756644280891093
21.939999999962208 1.547845118101229 3.7346476958068644 3.4438201983153007
21.949999999962184 1.4394447457524915 3.5957014033338286 6.51616114139785
21.95999999996216 1.2466741192195723 3.4806953998531953 8.359126460717679
21.969999999962138 1.2428746907417674 3.4474503362427473 8.931536774348913
21.979999999962114 1.3073216629141347 3.5833369510796187 6.256497232201989
21.98999999996209 1.423255747013671 3.778259774292401 2.5166459694014636
21.999999999962068 1.5148267638220227 3.674262020226332 4.816582229053595
22.009999999962044 1.6277317220352336 3.6725441963191403 5.054656960736389
22.01999999996202 1.4564061060195068 3.7196643208379143 3.405918933830157
22.029999999961998 1.5596899167718667 3.5463649871755947 8.718720315217787
22.039999999961974 1.8393604869391043 3.4183897925971274 11.148848208422836
22.04999999996195 1.6283837713540001 3.487798259034725 10.360886164384898
22.059999999961928 1.8834162498290459 3.4112480187995704 11.00434297440369
22.069999999961905 1.9393721533469175 3.395650973578438 10.8472086633573
22.07999999996188 1.8108172833896719 3.509557623642128 8.964627078217617
22.089999999961858 1.7441693342992775 3.6557768201185805 5.239589701488372
22.099999999961835 1.6784586027588349 3.6320192247092367 6.171404358954604
22.10999999996181 1.7015135386851532 3.640628608662517 5.833679374988353
22.119999999961788 1.8151154627913981 3.506183693673856 9.071255614446757
22.129999999961765 2.091925630942524 3.709156962698227 3.4344383097582694
22.13999999996174 2.100799007813648 3.424940407501652 8.355103904289287
22.149999999961718 2.0704780039848343 3.505431457539774 7.165714313919748
22.159999999961695 1.868155718069326 3.355171125994849 12.483751171864373
22.16999999996167 1.6990921214476973 3.3674041752280908 13.363335992313543
22.179999999961648 1.3301235447416695 3.4487228306901 9.597672403896205
22.189999999961625 1.4069788114990305 3.28313603451021 14.16936940623073
22.1999999999616 1.3020135643145778 3.0615358650509816 18.016450261081722
22.20999999996158 1.5349561546308101 3.1140586766850413 18.67191165384397
22.219999999961555 1.6355850461465793 3.1492961091834513 18.536995116588432
22.22999999996153 1.6846539742586413 2.943727408368062 21.451732588147884
22.23999999996151 1.4445670420964993 3.16025540795655 17.213260239247244
22.249999999961485 1.2883037055472952 3.2205959552321923 14.369896342768714
22.25999999996146 1.555354767116896 3.0839059623188882 19.38018233023978
22.26999999996144 1.492009051741785 3.0878708298304787 18.996531393070896
22.279999999961415 1.3170180766953505 3.1255218182189086 17.079080326059053
22.289999999961392 1.1907106412580073 3.272802412060248 11.354614958731917
22.29999999996137 1.323690848093053 3.0254877172134225 18.719002523043113
22.309999999961345 1.270216298408231 3.100605419243996 16.911630637497513
22.319999999961322 1.3355602487675924 3.2966199679766515 13.03120399252045
22.3299999999613 1.3420407077902965 3.3653273475121868 11.614014460408988
22.339999999961275 1.2314734564937202 3.3374063698663616 10.97541159390697
22.349999999961252 1.0514573560741014 3.2436764390551556 10.519622805738456
22.35999999996123 1.1465703783603178 3.381674330548873 8.953184672280937
22.369999999961205 1.1285345940029101 3.508578963369318 6.204085756702558
22.379999999961182 1.1167534216119481 3.5447650530647827 5.4861804666588085
22.38999999996116 1.2389423422402723 3.492360844479654 8.00026773774122
22.399999999961135 1.099391001405855 3.612931142112034 4.285249375336319
22.409999999961112 1.029392112520568 3.356261966886416 7.759595950148886
22.41999999996109 0.9592098231279701 3.2567461967553357 8.83208037132658
22.429999999961066 1.1809744625335954 3.2086479709347673 12.55101763017507
22.439999999961042 1.2304383834958732 3.450450726566314 8.707927754644611
22.44999999996102 1.3102297556041416 3.5568159166156414 7.012278097433322
22.459999999960996 1.4670856077985834 3.5970865099471916 6.679850616254803
22.469999999960972 1.5303887371014042 3.7671867221072666 2.887298726345664
22.47999999996095 1.6759034094053726 3.7342987351990606 3.5431634129712837
22.489999999960926 1.71062991074198 3.615953339358416 6.596085533208944
22.499999999960902 1.7589744666482754 3.7082904425416148 4.034446543225574
22.50999999996088 1.614339279150077 3.6960715083381603 4.515811183052131
22.519999999960856 1.5930628029499037 3.655189137691222 5.4509276535516795
22.529999999960832 1.4495202299824363 3.4919202301572185 9.380815211930212
22.53999999996081 1.4088867249469335 3.2978329830306343 13.72777136780724
22.549999999960786 1.330929163300834 3.5848245324873362 6.344205931687787
22.559999999960763 1.0709370211595792 3.722307697830412 2.40922235028473
22.56999999996074 1.0313562159449647 3.8290318415240483 1.1118275703887142
22.579999999960716 1.0134892480197695 3.615249654485543 3.9472010178433434
22.589999999960693 1.2587632766546328 3.6418725445409788 4.714493894951248
22.59999999996067 1.3840169007371201 3.5796863539105894 6.756470150690675
22.609999999960646 1.336770608188462 3.593117293330617 6.1706174170866115
22.619999999960623 1.3995074770047975 3.4347268378032263 10.41860658258793
22.6299999999606 1.1338825318823944 3.4800091566523106 6.768431368466301
22.639999999960576 1.1442010832274363 3.4482019235438353 7.440264744516839
22.649999999960553 1.0875378931694435 3.3036615080031533 9.642107941942802
22.65999999996053 1.1324638980529163 3.0780904693565923 14.847348957302469
22.669999999960506 1.0556826036915763 3.137181570775529 12.454081710601722
22.679999999960483 1.0349094636423484 3.240986497129005 10.355351664321912
22.68999999996046 1.0182484129409854 3.4259763046999794 6.583372426836728
22.699999999960436 0.8858321168184167 3.347145444692361 6.376947735580607
22.709999999960413 0.8770779267982431 3.1743279910775293 9.406875629126876
22.71999999996039 0.6412769087335541 3.145326216123115 6.64945236413846
22.729999999960366 0.7168087740844826 3.161442690363367 7.224256281777911
22.739999999960343 0.6544551477711471 3.237074596869192 6.011219753894213
22.74999999996032 0.6986092991515046 3.2660437511476865 5.985435701598414
22.759999999960296 0.8333266507238513 3.1177153055661107 9.376756661863233
22.769999999960273 0.9231533237127738 3.153772156162503 10.408586977513563
22.77999999996025 0.9296110916968902 3.010149462342852 12.006235158314537
22.789999999960227 1.139561945868096 3.282586969072517 10.70812638428834
22.799999999960203 1.089882298809762 3.154904435601893 12.638251543696583
22.80999999996018 1.0059560756260706 3.1863691771890905 11.120953258986887
22.819999999960157 0.9339692678632285 3.048535840222943 11.678231025560152
22.829999999960133 0.8102315455251422 2.9191885212598776 10.75725564387804
22.83999999996011 0.8603005782094438 2.8447721670845216 12.437417474983869
22.849999999960087 0.761005792265253 2.9184826954839203 9.891125320793343
22.859999999960063 0.8449717236690044 2.94388339552245 10.998440423801192
22.86999999996004 0.6329425119204609 2.992352436918088 7.220274089901497
22.879999999960017 0.632748816953034 2.952554413047188 7.319457048392334
22.889999999959993 0.5092472654964321 3.074128267207792 5.477183067383434
22.89999999995997 0.48680435672314926 3.022517002750112 5.445363977160146
22.909999999959947 0.8005782616510643 2.8450504981746785 11.335517797264414
22.919999999959924 0.929170138858437 2.8447534225873317 13.912535697738907
22.9299999999599 0.9943665437367204 2.8923984572224803 14.622479614256445
22.939999999959877 1.2014859131549067 2.7922387297190303 20.76799667348201
22.949999999959854 1.4582701336688055 2.7821327462905243 23.860223142739517
22.95999999995983 1.3274025502809919 3.0666223092198432 18.199031989092706
22.969999999959807 1.4063637379644063 3.002530156080038 20.165173444937807
22.979999999959784 1.4077811722689226 2.9378708339685327 20.924616361303762
22.98999999995976 1.2623959730773007 2.9651602172600864 19.164836209407085
22.999999999959737 1.0423873826259848 3.1276905331067453 12.411180373738393
23.009999999959714 1.0848387870125888 3.134843329752849 12.896128737092724
23.01999999995969 1.162327878486962 3.0992741809238584 14.878430698402552
23.029999999959667 1.0301999671935542 2.87280667542397 15.515579991703449
23.039999999959644 0.8739371775492678 2.7685133904502734 13.325896569587211
23.04999999995962 0.941468847011627 2.6032754320727363 15.401520797870662
23.059999999959597 0.786796184395281 2.617493146701369 11.929651740351549
23.069999999959574 0.9986700949429014 2.6435168713409807 16.585834971759407
23.07999999995955 1.0701584736172174 2.7088808161595717 17.796487471554222
23.089999999959527 1.0629486582953867 2.5415405246472265 17.328186897877956
23.099999999959504 1.092839297983636 2.4598043309503925 16.937501203703935
23.10999999995948 1.0594183798094214 2.5831557317121536 17.617929616067904
23.119999999959457 0.9925392543444098 2.4736968649351807 15.504839886430034
23.129999999959434 0.9132761633783762 2.631645638992868 14.755708780597859
23.13999999995941 0.9539099767913507 2.7333865652786176 15.21135690530119
23.149999999959388 1.1318263540224942 2.787311862295957 18.987050350763738
23.159999999959364 1.0495758212137698 2.880424297520438 15.70174295647584
23.16999999995934 0.7894627712077741 2.9763778017973426 9.813010164208029
23.179999999959318 0.8387926776871718 2.8943995204576805 11.5712519337234
23.189999999959294 0.6981720327630033 2.7780821871435073 9.790130979291286
23.19999999995927 0.9094365931188712 2.8566930657739564 13.371507485198192
23.209999999959248 0.8580701766938333 2.833684312620188 12.48906087046245
23.219999999959224 0.7969734398094548 2.6703450617950732 12.067023643418425
23.2299999999592 0.8870363822937145 2.9880106358974485 11.421438165783096
23.239999999959178 0.5760942897486834 3.021461117495178 6.511679489538161
23.249999999959154 0.6860906725019941 2.9164873931874653 8.629572624157378
23.25999999995913 0.46474092738371775 2.8023911732915057 5.9798961815605765
23.269999999959108 0.5955387953918194 2.853575787859972 7.507341863246107
23.279999999959085 0.6227489900612725 2.775359539148022 8.362907575828977
23.28999999995906 0.6006799164347022 2.7152946038029024 8.073102819021953
23.299999999959038 0.552760525941616 2.7758776761759156 7.181174535077785
23.309999999959015 0.8473922826396673 2.827479907980334 12.352345294607176
23.31999999995899 0.8306347497770296 3.0896298078439335 9.551460393725009
23.329999999958968 0.8622262444127488 2.9535920785481524 11.190660084266487
23.339999999958945 0.9377246698686688 2.8328064850626165 14.226201895972439
23.34999999995892 0.7849886663252742 3.327822377026597 5.690779178856652
23.359999999958898 0.6919720875667237 3.1067415196960018 7.304476479561002
23.369999999958875 0.7589240054397537 3.3030495313640738 5.800166719871037
23.37999999995885 0.9339343180634058 3.1138254554788887 11.018517955702352
23.389999999958828 0.9916088364169598 3.1431682457808616 11.605119549609286
23.399999999958805 0.9132906421087338 2.8770719371179254 13.200923393603572
23.40999999995878 0.9363989529667607 2.8566070420644927 13.950514348925402
23.41999999995876 0.8275342721862279 2.8124443721425196 12.140784847788428
23.429999999958735 0.7725095193476331 2.67416853963305 11.551498822740978
23.43999999995871 0.6412694743498284 2.757970825045721 8.734847488900217
23.44999999995869 0.8144199772214586 2.7885567373838294 12.020973883071665
23.459999999958665 0.8344587846727413 2.623663176431786 12.96021105071871
23.46999999995864 0.779492122619228 2.482854978351616 11.674858634243265
23.47999999995862 0.7517819960033578 2.5549347030046663 11.405833119409047
23.489999999958595 1.0994064467713043 2.468792034670643 17.132139868665366
23.499999999958572 1.210204587132089 2.4787889712415274 19.62834435365392
23.50999999995855 1.0396039604671499 2.8678888070083652 15.701529148674958
23.519999999958525 1.0738398081235414 3.1058050112474236 13.320661865416644
23.529999999958502 1.185125486057018 2.971059384670599 17.824925935666062
23.53999999995848 1.3528395288195656 2.8983677277366393 21.10331407197682
23.549999999958455 1.289195643036722 2.9847543433919417 18.894801278958216
23.559999999958432 1.0889441884258635 3.0047067535631653 15.252488895851236
23.56999999995841 0.8913475432522884 2.794426728292978 13.589324921406895
23.579999999958385 1.0022324644522826 2.9715401195946445 13.714792429754471
23.589999999958362 1.1082610454344977 2.9217024801205422 16.670234781152338
23.59999999995834 1.1115631725971182 2.844146792376074 17.878700370262965
23.609999999958315 1.0679359138295785 2.7568832316215213 17.356398907702225
23.619999999958292 1.26723714028033 2.743812828761138 22.16667961780128
23.62999999995827 1.3106109530952625 3.01705538841133 18.7002678880667
23.639999999958246 1.1308135368611298 3.0066385837046505 16.097622512964907
23.649999999958222 1.1468207577768221 2.893764098433162 18.361943008228657
23.6599999999582 0.8967472653656039 2.8323692754843353 13.387319004250264
23.669999999958176 0.9046582669721959 2.910781823508585 12.536590286888257
23.679999999958152 0.6940636670792942 2.8246755997173203 9.513131362497512
23.68999999995813 0.8975692794113619 2.8535013502084348 13.185733382331541
23.699999999958106 1.1311131502093783 2.9720283282244413 16.521662259257788
23.709999999958082 1.093886877458941 3.2098828576180365 11.765866443809067
23.71999999995806 1.129025185757457 3.134952218917175 13.617210767529048
23.729999999958036 1.143224857030741 3.2193877645078652 11.936661562793056
23.739999999958012 1.2925967571210248 2.9831991381909355 18.933584343730768
23.74999999995799 1.2873733626547232 3.2233112388543033 14.27239613437853
23.759999999957966 1.1146714685655614 3.19584748144776 12.232864280989867
23.769999999957943 1.0567513159695383 3.3553751722854006 8.153673769547357
23.77999999995792 0.8309716648942536 3.288175137923141 6.674148682338103
23.789999999957896 0.9253911742359413 3.325236709708687 7.083524962543806
23.799999999957873 1.1125359826704937 3.472126617593119 6.713694889211088
23.80999999995785 1.0634112327976262 3.3995601209765307 7.468136362428314
23.819999999957826 0.87548242604093 3.3267820340770404 6.553302109517677
23.829999999957803 0.9343269236040024 3.255968890443228 8.411022046341353
23.83999999995778 0.9092356087489978 3.1451476594647114 10.301316141022458
23.849999999957756 0.796242920813703 3.216658142201994 7.519358938924495
23.859999999957733 0.8245867548222617 3.3294938971055386 5.977235593426089
23.86999999995771 0.7579828744815593 3.2806728667772207 6.127254674344835
23.879999999957686 0.7683651407131661 3.1244405435016454 8.280740408011148
23.889999999957663 0.6270608903493683 2.860158862763438 8.064220539044022
23.89999999995764 0.6287722369911867 2.9051317385804785 7.703510885175939
23.909999999957616 0.4105310364109086 2.907260609599987 5.112994871887926
23.919999999957593 0.46903147691171254 2.953757001203507 5.318638249606975
23.92999999995757 0.6510571322220969 2.9164110649497963 7.9613939670003955
23.939999999957546 0.7031388798923933 2.7308727556734875 9.996804755514201
23.949999999957523 0.7573952350826783 2.8212690775043985 10.718017626228807
23.9599999999575 0.6334252425962937 2.66713128042713 8.84600727286201
23.969999999957476 0.7056283504782348 2.584215728195545 10.434584514992894
23.979999999957453 0.8219795829622379 2.609707336431603 12.708566684400031
23.98999999995743 0.7093428000348113 2.645973183696902 10.372257171051725
23.999999999957407 0.7489836582922967 2.679303340840652 11.101386272978697
24.009999999957383 0.710260093621539 2.692241345263639 10.247194223875084
24.01999999995736 0.8174991995094562 2.6777849369897506 12.508205943467843
24.029999999957337 0.5957515791801198 2.6771709987241517 8.208222793969671
24.039999999957313 0.5914801935321752 2.605633178322633 8.536062572055995
24.04999999995729 0.5206400904449774 2.8615845663211976 6.242547923393865
24.059999999957267 0.6199566588389016 2.6493363539327808 8.740425493917813
24.069999999957243 0.5922675738912557 2.681421125410349 8.12575684740753
24.07999999995722 0.592643891174242 2.655041147369541 8.292363360315903
24.089999999957197 0.5356393423599409 2.775739857017179 6.889675310334226
24.099999999957173 0.6077075007685416 2.6757073721170084 8.400560145875358
24.10999999995715 0.608998824177211 2.494336616542147 8.568294609837647
24.119999999957127 0.5649734886010644 2.643731649466436 8.028152364522148
24.129999999957104 0.6694857473736476 2.775522708967571 9.24613795375631
24.13999999995708 0.6788690408738642 2.535455042212968 9.947239210075246
24.149999999957057 0.5596281798785129 2.5423917186455802 8.084382663764808
24.159999999957034 0.8228838520828476 2.572170266159147 12.761533554365524
24.16999999995701 0.8272060471250122 2.630229658073022 12.789372024715984
24.179999999956987 0.855612714334231 2.8256393023339332 12.504808172636498
24.189999999956964 0.9569774190921674 3.0148526812595935 12.60488159322155
24.19999999995694 0.9069557126039649 2.764116256892711 14.072044539777712
24.209999999956917 0.8150091414109034 2.955718556604714 10.406147494001175
24.219999999956894 0.7474615766773016 3.0788949541017603 8.322801649067047
24.22999999995687 0.6639067413885849 3.24187612270502 6.0312039238325745
24.239999999956847 0.6227758683527247 3.3150011380658997 5.025340368057234
24.249999999956824 0.4913714957813352 3.192342457526414 4.8115785014011445
24.2599999999568 0.20575972398575582 2.888781833575733 3.238789102219574
24.269999999956777 0.21307919771774786 2.7156122004352947 4.361871198874734
24.279999999956754 0.30325721020198626 2.821878447280861 4.574362377815027
24.28999999995673 0.4743416324461722 2.883665308043131 5.696714355337161
24.299999999956707 0.5315269501697952 2.731447510451055 7.149601769809062
24.309999999956684 0.4544500429041963 3.067099722038309 4.812142968507443
24.31999999995666 0.48442828770335333 2.7849187748182787 6.3065773279228985
24.329999999956637 0.5304106493229597 2.928952906363355 6.11613954520404
24.339999999956614 0.6711380683441894 2.903157076866237 8.506958197961369
24.34999999995659 0.5798879969037731 3.0285464748847324 6.521182585895648
24.359999999956568 0.6380996198707022 2.9031094726894837 7.892209270905014
24.369999999956544 0.6484013938249976 3.0460527334308733 7.137323289131624
24.37999999995652 0.5999795812597101 3.345595484465545 4.775050558758151
24.389999999956498 0.6091030203743687 3.1224620261055596 6.421316429066097
24.399999999956474 0.6178035368491365 3.1711414583617588 6.282797275303247
24.40999999995645 0.8813082908797936 3.05187741540765 10.813571986064202
24.419999999956428 0.7039648718633033 2.883610150056699 9.300159731546046
24.429999999956404 0.5233098729777176 2.989970684263601 5.9252361218185525
24.43999999995638 0.7926907571768288 3.0490725439354245 9.380061320744316
24.449999999956358 0.9339435341809386 2.846265543896655 14.005969100046904
24.459999999956334 1.1939911238852332 2.879333839409734 19.707594201376086
24.46999999995631 1.2693390970459208 3.0709557799023113 17.491344048968166
24.479999999956288 1.1170227040539802 3.0809745414655287 14.484367207917158
24.489999999956265 1.1259178642220904 3.2807426538070166 10.63076259180111
24.49999999995624 1.1526161300756663 3.2886761041071972 10.689090811184222
24.509999999956218 1.2417269116685667 3.224413300295831 13.497122425247287
24.519999999956195 0.779019995600347 3.10064184756043 8.621925148885628
24.52999999995617 0.7551344698828226 3.0229268158294422 9.048201949924026
24.539999999956148 1.093004317282512 3.1429275781322987 12.839840883198724
24.549999999956125 1.2766943067378596 3.1644251059033346 15.593187206323872
24.5599999999561 1.3069131739214768 3.326263097212452 12.109332611698495
24.569999999956078 1.2988818511181308 3.458092892925247 9.210334950871266
24.579999999956055 1.135405214804054 3.172605434248836 12.791056779481991
24.58999999995603 0.9110486035860356 3.059497864916261 11.171832391341379
24.599999999956008 0.8619093881776658 2.853459668433965 12.389408545506184
24.609999999955985 0.6833150544711011 2.9803309021732387 8.048933114824605
24.61999999995596 0.6154554186707362 2.8349446986523197 7.980948115968553
24.62999999995594 0.8280336028005214 2.9721963242416023 10.549416917311614
24.639999999955915 0.6647406792521792 2.595141779340847 9.664049223457914
24.64999999995589 0.6564100836621396 2.720431041549924 9.09307922892204
24.65999999995587 0.8096724295037016 2.7432584932854303 12.095624941489488
24.669999999955845 0.6414858965211188 2.7599950469936894 8.734552844728295
24.67999999995582 0.7131056990047768 2.6141050982827108 10.514391418921806
24.6899999999558 0.6156829022570359 2.7706072165831097 8.24072917676537
24.699999999955775 0.6396506998590663 2.7456937251729534 8.72652773348275
24.709999999955752 0.5269087680090672 2.533562834135635 8.034105459237079
24.71999999995573 0.39240160316137096 2.5053159072423714 6.605730339045104
24.729999999955705 0.3925660562423572 2.6547739887739983 6.504163187532628
24.739999999955682 0.32563365732268457 2.456433394025845 5.255216409788903
24.74999999995566 0.3757876543595854 2.319472275114582 6.233841058323278
24.759999999955635 0.13745803587936556 2.124412745852313 4.291740745045051
24.769999999955612 0.07356140427071967 2.11110088523459 3.847817494365414
24.77999999995559 -0.0024211374999488777 2.1474997812552132 3.4193340726881436
24.789999999955565 0.04112062526353699 2.119807381579812 3.6473966786511594
24.799999999955542 -0.13138732133021025 2.195094346876822 2.935369108004212
24.80999999995552 -0.25307970587279305 2.100444835065087 2.5689468955902504
24.819999999955495 -0.1387315859178767 2.131294579938587 2.8781220836292376
24.829999999955472 -0.16571072687985433 2.4134816826084284 2.948864259928888
24.83999999995545 -0.06463457251068516 2.257310793748726 3.269438878069492
24.849999999955426 -0.0005333479038704958 2.257213033339212 3.534745775634433
24.859999999955402 -0.056034163636395906 2.300464925284835 3.3118715377303887
24.86999999995538 0.0884744988576952 2.5066817132557353 3.7935168668297647
24.879999999955356 -0.09207093923769594 2.671428271669475 2.623463046987167
24.889999999955332 0.12409295043586077 2.9937790744250345 1.6184940118893127
24.89999999995531 0.25831052132171084 3.0460418522152395 2.627874626440623
24.909999999955286 0.1854656421210924 3.2207987194055843 0.9249744135781155
24.919999999955262 0.25919242079340643 3.1587467585730633 1.8107055294830925
24.92999999995524 0.33103082851889454 3.1720143076460103 2.830679475908577
24.939999999955216 0.3417423301252863 3.128858868212385 3.284571741352795
24.949999999955192 0.36987694641023006 2.964953800595071 4.413470384361363
24.95999999995517 0.25968319538864726 2.9767614357895704 3.082467103882615
24.969999999955146 -0.053754563417782064 2.8865984465617323 1.3053886073909569
24.979999999955123 0.0685690794561078 2.707114403282247 3.2417882376455824
24.9899999999551 0.15043814489364105 2.7115145813734953 3.8608194488814807
24.999999999955076 0.12574112810297444 2.630649657727627 4.01299165373087
25.009999999955053 0.12001589983716365 2.603255638771431 4.1227541440647
25.01999999995503 0.3163334160839082 2.700424449092756 5.200079964101841
25.029999999955006 0.42521603352268866 2.738210537150207 6.1722088078956805
25.039999999954983 0.4435758758869983 2.8810129276199596 5.486213488559215
25.04999999995496 0.5950997392504528 2.842943855722049 7.556378010034225
25.059999999954936 0.3587651721213476 2.9851108827783364 4.192370093058793
25.069999999954913 0.3867055594337381 2.9342553697829374 4.755595778670507
25.07999999995489 0.3037990330800331 3.05482455097453 3.070786326433227
25.089999999954866 0.23829513662427215 3.145594340221691 1.5588366619849547
25.099999999954843 0.2709648269095525 3.071920943977813 2.5998649943723224
25.10999999995482 0.272288307313989 3.005158673142702 3.048467203786241
25.119999999954796 0.18993843387472253 3.08178159144322 1.5524483388017647
25.129999999954773 0.26433992087688984 3.095962224797633 2.3476552541468023
25.13999999995475 0.39662781254938506 2.849497010850212 5.319668491246352
25.149999999954726 0.34294261573025 2.7211480707317928 5.379138280420893
25.159999999954703 0.6879607152280959 2.7220490193948614 9.751044445319806
25.16999999995468 0.9238975115619835 2.6445878278299633 14.989720840887115
25.179999999954656 0.9945053682030032 2.8485829286042055 15.128074199156153
25.189999999954633 0.8884341860781015 3.024923555336662 11.190910581083795
25.19999999995461 0.8953073132072841 2.9184068873178837 12.235072095165595
25.209999999954587 0.8195309125534137 3.0176777336725835 10.15369420108102
25.219999999954563 0.893304229882423 3.109272251358347 10.41830105817039
25.22999999995454 0.885537921803278 3.1527388929594964 9.890415764238288
25.239999999954517 0.7202136148249197 3.308269699212337 5.546766626127393
25.249999999954493 0.7844155708898052 3.531718191973419 3.832219657224939
25.25999999995447 0.5273702566328982 3.5724196560549095 2.5035970527249236
25.269999999954447 0.499851539158515 3.6093540245361133 1.9463966456943274
25.279999999954423 0.3508013227087303 3.710868918215543 0.1365552194059605
25.2899999999544 0.39192728888711625 3.6509489160876103 0.6264497664268773
25.299999999954377 0.35658476130085404 3.6206767741585395 0.47982267407468965
25.309999999954353 0.42205045015010156 3.582927466533346 1.503252961916184
25.31999999995433 0.6645020681665458 3.313933920557902 5.223970471765359
25.329999999954307 0.6326977516200832 3.230938592482813 5.894468535389928
25.339999999954284 0.7955299537883305 3.0541185404878197 9.381491478766257
25.34999999995426 0.5809374741921003 3.019624706266428 6.572543345269398
25.359999999954237 0.6244053319502979 3.043527168404728 6.914230019846261
25.369999999954214 0.6340056822404788 3.100713585707947 6.729877434625714
25.37999999995419 0.7415342985625494 2.998190096356205 8.964729699607112
25.389999999954167 0.7266939068830295 3.0255676407680343 8.507891034682249
25.399999999954144 0.7698752097593238 2.836997575963721 10.812822084168129
25.40999999995412 0.5407729422855716 2.7455337504526796 7.1735013205542675
25.419999999954097 0.5337418358889332 2.7345005996486242 7.159505999710659
25.429999999954074 0.5341941077809975 2.647674613007468 7.637789026020147
25.43999999995405 0.5903195203212865 2.695289893743183 8.033145679425578
25.449999999954027 0.6064377719484425 2.5360492583517336 8.72722392595724
25.459999999954004 0.5476546534681105 2.576209331280489 8.011025652466724
25.46999999995398 0.4820515436470556 2.5871865707724755 7.795885042286702
25.479999999953957 0.6459291500011888 2.5671194957548003 9.362291460108597
25.489999999953934 0.8872216327315363 2.5940243861874013 14.217143388950166
25.49999999995391 0.9499225949432641 2.9589246017631017 12.755160879829932
25.509999999953887 1.1799158898389388 2.8278868272613407 20.027798198827842
25.519999999953864 1.2156370293198366 3.0057484354466615 17.92444605067758
25.52999999995384 1.4877791675395964 2.707824720892232 24.370684815750877
25.539999999953817 1.3630499242275493 2.7818457077808407 22.76783678413799
25.549999999953794 1.6984948384599314 2.583214338889976 24.284766112153758
25.55999999995377 1.9953560401486694 2.581525160137524 21.55687088996063
25.569999999953748 2.3249584125155476 2.5610780456847193 15.880993277404443
25.579999999953724 2.3848959674564867 2.4633953962821282 14.91239934070272
25.5899999999537 2.224592164074419 2.3040212010364396 15.02171546603481
25.599999999953678 2.2757249786501186 2.249228625920611 13.101621571016032
25.609999999953654 2.0477875102396945 2.157327534405232 15.372386842676082
25.61999999995363 2.1310938075636128 2.2983132053472555 16.487205698620755
25.629999999953608 2.083065849247546 2.3485226765264366 18.421163121068908
25.639999999953584 1.898171378272265 2.1970419432949724 18.269155565920645
25.64999999995356 1.9388898252423978 2.129036920951263 16.296814360456363
25.659999999953538 1.8183940903977815 2.1014179058932405 16.499544668089413
25.669999999953514 1.7659901643397489 2.1466181056359273 18.15790979992238
25.67999999995349 1.5587288965826165 2.3006371864680535 21.25891667647712
25.689999999953468 1.4743979942370602 2.4267204095535195 22.41844388698235
25.699999999953445 1.3766277536291334 2.5315183291931955 22.364869942581176
25.70999999995342 1.4332722030023546 2.632531773936394 24.14692110989807
25.719999999953398 1.3260513487887011 2.783234866317154 22.403767303066903
25.729999999953375 1.1681416117870196 2.7328196011258368 20.18573801480966
25.73999999995335 1.2227391136790218 2.5843455634719885 21.313785062866863
25.749999999953328 1.3855696839491776 2.605744508238235 23.322204950491663
25.759999999953305 1.6668590267961987 2.458677885256871 23.2562306100194
25.76999999995328 1.7054707067404296 2.5497216113417926 24.083823495537462
25.779999999953258 1.7482731638046531 2.520148938397094 23.730010761667177
25.789999999953235 1.7427243659916511 2.601298970275373 24.17456530546607
25.79999999995321 1.5097169925418625 2.3909411662631808 22.07943942731402
25.809999999953188 1.5041994935125265 2.46934232867251 22.979389923661255
25.819999999953165 1.623446027756064 2.428736880664923 23.030480429611853
25.82999999995314 1.7088421809291372 2.5617843225359898 24.12755775592664
25.83999999995312 1.978778507462489 2.5752455741798443 21.549579697230474
25.849999999953095 2.017006770336539 2.619118791623049 21.61597477084074
25.85999999995307 2.0073845530831953 2.5807938392246466 21.53238010043434
25.86999999995305 1.8261285439250996 2.4681275966242637 22.634552265179753
25.879999999953025 1.6259036025707292 2.244123842648525 20.770523434454443
25.889999999953 1.6175661775000563 2.2934111166296947 21.489923897136308
25.89999999995298 1.56719477076257 2.3010642856508827 21.30995160601999
25.909999999952955 1.5818541999058404 2.273083290580027 21.059415895815075
25.919999999952932 1.4271505398007942 2.153284631919774 18.3210074226394
25.92999999995291 1.4363677514770288 1.9540442859477283 13.283959773627085
25.939999999952885 1.5732854434743793 2.1346552713572255 18.479728672543498
25.949999999952862 1.4722282587856803 2.09234902621473 17.361798776747754
25.95999999995284 1.6161611450525195 2.3894084782337743 22.5531911592223
25.969999999952815 1.4426876706464085 2.5574972050801645 23.745543360643424
25.979999999952792 1.5410134457931033 2.4807967423453725 23.349049539873967
25.98999999995277 1.5470114710556693 2.354489277537429 21.96056499784731
25.999999999952745 1.6110689129676201 2.4893147747302287 23.693834840699953
26.009999999952722 1.5642131923448686 2.392893405350711 22.531576436775296
26.0199999999527 1.7829581662388527 2.3881338041476106 21.78688903168316
26.029999999952675 1.8488481556965721 2.241346518491807 19.258891971156164
26.039999999952652 2.0566214513058974 2.27195634435673 17.191666024430642
26.04999999995263 2.0363776468255494 2.173928438216977 15.857788622444035
26.059999999952606 2.2971775029831982 2.3573475812866596 14.598067998962804
26.069999999952582 2.2640697853111345 2.3247885175340035 14.634889160221123
26.07999999995256 2.109055941560393 2.0949652972102077 13.067091125408528
26.089999999952536 1.8315299689580196 2.168308348873964 18.147364116998304
26.099999999952512 1.6499469444160755 2.1941226602780004 19.961585652967923
26.10999999995249 1.9366815754762072 2.3283659019316576 19.73487638734842
26.119999999952466 2.0741756633734356 2.2876252230386256 17.217418145044594
26.129999999952442 2.0280873107075643 2.225345267741092 16.867463748823795
26.13999999995242 2.2421494440832745 2.234308266320465 13.549267712802607
26.149999999952396 2.140112684964368 2.239493023717811 15.345510033331696
26.159999999952372 2.2749416471969997 2.155019251102415 12.859332138845167
26.16999999995235 2.0509607587688685 1.9109625208170693 9.647732083051041
26.179999999952326 2.0657782641536193 2.036168912587848 12.358025447681065
26.189999999952303 2.070293954128406 2.093834587392136 13.633912578754547
26.19999999995228 2.213867768969268 2.183826280426121 13.841373435571137
26.209999999952256 2.232069945727822 2.144936510816379 13.323619582807826
26.219999999952233 2.1829355341048324 2.1700028649804746 14.03148358777481
26.22999999995221 2.0954257769090696 2.14109340787019 14.420482117677006
26.239999999952186 1.9063936630653588 2.076196721082214 15.17510638591083
26.249999999952163 1.9922007642966817 1.9564314644104734 11.079768220785022
26.25999999995214 2.039699775679143 2.062868520519798 13.376158621052948
26.269999999952116 1.838129172705039 2.029728269246523 14.442721980055968
26.279999999952093 1.7113275749831665 2.007586723225594 14.943950010244853
26.28999999995207 1.716059123802738 1.9661138083503475 13.421475085758802
26.299999999952046 1.7137330159755229 1.8730873577151512 10.671126214444975
26.309999999952023 1.7090085907067114 1.6437238453948113 6.626019968874006
26.319999999952 1.6826664407995435 1.7560544102038023 8.190726537910395
26.329999999951976 1.9390265104278401 1.7410699700091403 6.92093757877284
26.339999999951953 1.9806727050235715 1.8369905150854817 8.50647109018165
26.34999999995193 2.0837765723796444 2.0179009650376334 11.916316460090428
26.359999999951906 2.1161499059408357 2.074951972097368 12.756526810784031
26.369999999951883 2.3040499130200804 2.0257762035187854 10.287159760280804
26.37999999995186 2.172450340705369 2.058785087740965 12.514629544831378
26.389999999951836 2.0707761987848783 2.1999090082046564 15.878273676082786
26.399999999951813 2.137592339879374 2.16089089344227 14.34878925257369
26.40999999995179 2.0901957582682598 2.1525578331642343 14.747256363944356
26.419999999951767 2.3154103721298918 2.193340303339691 12.573518685762021
26.429999999951743 2.322362961152722 2.2299683950878504 12.803149798905089
26.43999999995172 2.444498223360207 2.3031004494616316 12.544831765464728
26.449999999951697 2.442999117974085 2.515133943839081 13.984581398471438
26.459999999951673 2.2317839896389273 2.437734740098673 16.49995115077365
26.46999999995165 1.9109124879879078 2.4968788375191697 21.964773319165705
26.479999999951627 1.889913733141661 2.51253541352916 22.333094183021068
26.489999999951603 1.5394593832159136 2.48615298466967 23.409471587924287
26.49999999995158 1.4278619548869158 2.4539447996058694 22.144947801280153
26.509999999951557 1.5837585445548403 2.30903984223045 21.462821817012273
26.519999999951533 1.481766076619983 2.094657498198692 17.447554073434546
26.52999999995151 1.4831488610556876 2.140098499113548 18.428206987497337
26.539999999951487 1.6170239309659595 1.7472453503258514 8.170060811874434
26.549999999951464 1.5478641524683703 1.7271545595026965 7.944533263110617
26.55999999995144 1.4333592508216249 1.6110663324822503 6.424580642497793
26.569999999951417 1.6478793421687765 1.3757670016170158 5.623030861446074
26.579999999951394 1.4379234319573282 1.3227093553465958 5.551508715429844
26.58999999995137 1.4763361861601294 1.3246509423453325 5.526531818790485
26.599999999951347 1.3256638132580698 1.6547490995620893 6.859862768583911
26.609999999951324 1.4178934201651412 1.6763494920498383 6.972802069605999
26.6199999999513 1.4289411013768119 1.636503441068507 6.656016577815475
26.629999999951277 1.2477572554137355 1.699861239860602 7.207606363360611
26.639999999951254 1.1762819055051608 1.8267702990419035 8.501842075837247
26.64999999995123 1.251863811666122 1.8041964055495046 8.600954834392828
26.659999999951207 1.1673435657301705 1.8171356117879343 8.183284433391817
26.669999999951184 1.3430023506255162 1.8080594945577204 8.982644496639345
26.67999999995116 1.392501619558706 1.74051192966145 7.695693216646983
26.689999999951137 1.2995436083492808 1.6732609811153294 6.987602411571606
26.699999999951114 1.4932495606099492 1.7325758444722414 7.883545677625643
26.70999999995109 1.3820298450899295 1.736792435992474 7.651757900750619
26.719999999951067 1.4643556575586971 1.7844808742673395 8.92225865523019
26.729999999951044 1.4633644019444714 1.7971071495369888 9.223192916048847
26.73999999995102 1.3450193109437407 1.81516918508046 9.131211008346401
26.749999999950997 1.2954947430339794 1.6330443349103243 6.727412898151871
26.759999999950974 1.2543379972446735 1.7247976462049037 7.364533831166465
26.76999999995095 1.1341623207790077 1.7829233648583127 7.411717973060842
26.779999999950928 1.1215165963812084 1.7678970247796766 7.154874797020403
26.789999999950904 0.9762354819969867 1.848837313972433 6.941594949048545
26.79999999995088 1.0424876516313046 1.9809561259301613 9.522343969356857
26.809999999950858 1.128416368398411 2.0092399865361825 11.972307199092533
26.819999999950834 1.3958762545602845 1.9102826796734915 11.775248232822427
26.82999999995081 1.3716393034551926 1.940620635293783 12.378635648315456
26.839999999950788 1.18431459187887 1.7144780882944963 6.960088912368928
26.849999999950764 1.4417087091601501 1.6742412433548104 6.888781263553655
26.85999999995074 1.759857430576809 1.882495003762968 10.450819959232732
26.869999999950718 1.6944079363326814 1.788536500113919 8.908686612117638
26.879999999950694 1.4557813808881754 1.7848425347785402 8.87169559100984
26.88999999995067 1.6612282407298662 1.5631269062267512 6.0972458977679125
26.899999999950648 1.5806570033102612 1.6351310083727832 6.764798042145917
26.909999999950625 1.6002928680258788 1.6928638705629406 7.3973996355898946
26.9199999999506 1.5777494882080096 1.5367604710076221 6.046544798647204
26.929999999950578 1.4144596271919845 1.524155418419713 5.917431360560847
26.939999999950555 1.5250625617309526 1.5256553341279564 6.015263130193499
26.94999999995053 1.5855474452897413 1.7221429364737952 7.872391963761518
26.959999999950508 1.3418333563686304 1.847500371226582 9.908459524655857
26.969999999950485 1.4345927076359448 1.6776440592698127 6.9337155336779395
26.97999999995046 1.558987056701035 2.0130369851706815 15.504939323321512
26.989999999950438 1.5996330783650758 1.9781535030842972 14.368412476789917
26.999999999950415 1.6376236996308353 2.0606634589054673 16.939349600541505
27.00999999995039 1.7967283205486742 2.053334937168347 15.381786685634786
27.019999999950368 1.6835318100669001 1.8244413190645012 9.686847465952837
27.029999999950345 1.6620565671834253 1.8932716651710821 11.433708567087903
27.03999999995032 1.5532728440806072 1.7971169110587426 9.47597979981549
27.0499999999503 1.643091751102697 2.0882062302371933 17.560297487959843
27.059999999950275 1.675494098828487 2.095064124586515 17.600653337272114
27.06999999995025 1.564410401580582 2.040883708615787 16.28338458262603
27.07999999995023 1.6063766146844587 2.0345334665956787 16.17400938674814
27.089999999950205 1.6337558019924376 1.9774895714490754 14.345655272450532
27.09999999995018 1.6245068671146847 1.852469059345381 10.716335084755567
27.10999999995016 1.5789278209752635 1.9260674933334723 12.700205581502132
27.119999999950135 1.6144685444415978 1.9767508253732622 14.326658304705786
27.129999999950112 1.4213295279310576 2.0013442920287043 14.752501289704442
27.13999999995009 1.6623736175330113 1.884357476953294 11.236130750004307
27.149999999950065 1.6640412542030656 2.14869268979532 18.93483606551383
27.159999999950042 1.7646813124251004 1.9989997646563216 14.044580160840033
27.16999999995002 1.6848346192963217 2.0578036421076193 16.669983204154537
27.179999999949995 1.915976762962414 1.9892852907366103 12.515172470778278
27.189999999949972 1.9683414364491507 1.9483279837018048 11.032615538529607
27.19999999994995 1.8992372015077563 2.0289979380223095 13.82041427746612
27.209999999949925 1.8494085545047458 2.2926655030545584 19.883227345954683
27.219999999949902 1.8105987198816584 2.3027378465739377 20.613924915158464
27.22999999994988 1.7491483942184045 2.248466711555797 20.041084666854886
27.239999999949855 1.9586693319212707 2.1449012433704326 16.41803425905079
27.249999999949832 2.351345381469912 1.9719626937353982 9.23718988758631
27.25999999994981 2.4049126943531665 1.8545718598060916 7.26061544709045
27.269999999949786 2.5053218082905566 2.002175795093213 8.664048119096458
27.279999999949762 2.7101967509272673 2.0423246610590677 6.796435890070204
27.28999999994974 2.710378800417667 2.084036133918347 7.02167197087887
27.299999999949716 2.7304906176383335 2.141926730479515 7.107150408597807
27.309999999949692 2.8331869351078294 2.4006262600323716 6.164652705697818
27.31999999994967 2.6845367797863897 2.2666770710011077 7.870647414747843
27.329999999949646 2.7269745448921685 2.372592292232444 7.586323186620369
27.339999999949622 2.4886297384055367 2.324884139365804 11.589048772473811
27.3499999999496 2.4694289501064866 2.402194478736578 12.338830474254427
27.359999999949576 2.5058739493804403 2.165208746999962 10.25329057591577
27.369999999949552 2.4111626254507548 2.048774385675733 10.126637430704916
27.37999999994953 2.5351952080526936 1.949578461734463 7.599901866339633
27.389999999949506 2.4927876308129533 1.9675590295707903 8.333539635754596
27.399999999949483 2.5607545543856696 1.8015493389957633 6.509238744445287
27.40999999994946 2.592874680948989 1.9574202040126107 7.281800996670237
27.419999999949436 2.62887618263808 2.170127162432266 9.033523723580371
27.429999999949413 2.8333657358277313 2.0910131934921594 5.850444935840507
27.43999999994939 2.761090432056332 2.3299677153185856 6.880933936151749
27.449999999949366 2.8597253722795344 2.1753138956024536 5.717694666831926
27.459999999949343 2.939740482282176 2.1091065452801083 4.878433170811837
27.46999999994932 3.1172401916742407 2.022027718640301 3.0141036839862982
27.479999999949296 2.9247085117727605 1.960051988722261 4.7767325161826655
27.489999999949273 2.915341036023502 2.0396095962982397 4.990846548203414
27.49999999994925 3.0463393335298155 2.0180833744985693 3.606908166551736
27.509999999949226 3.028168703275145 2.01796202420922 3.7952060998023893
27.519999999949203 3.111170603721132 2.3214148974195252 2.800865325926238
27.52999999994918 2.9663461215934537 2.1459179935975468 4.585094658576571
27.539999999949156 3.0592805671039183 2.2483718646265487 3.6224113458464693
27.549999999949133 2.919297042880495 2.2075398067814573 5.108803094079864
27.55999999994911 2.7081719840311638 2.1906439282332446 7.323464836546959
27.569999999949086 2.653141875797956 2.2058657914147877 8.723563532633882
27.579999999949063 2.714856789051228 2.331076869682734 7.4131110298491665
27.58999999994904 2.826256802793847 2.4378423494569006 6.473293795323838
27.599999999949016 2.8552754142679078 2.3141739257325904 5.70023806797038
27.609999999948993 2.691935439718136 2.212495710502072 7.442771218570202
27.61999999994897 2.476854162501175 2.010910497741729 9.059109765958238
27.629999999948947 2.513094834601515 1.95908272313959 7.986163214686151
27.639999999948923 2.4742141436267686 2.0913547813997053 9.892274408261253
27.6499999999489 2.45197803095613 2.070803635390055 9.897568894221804
27.659999999948877 2.6325897581947313 2.3254065082935558 9.699621107049031
27.669999999948853 2.4437238086745747 2.295610495921908 12.51771325236464
27.67999999994883 2.526920666115528 2.2465701060473107 10.421238875184866
27.689999999948807 2.3163070646896045 2.2025944590906628 12.62704825149577
27.699999999948783 2.192353561004162 2.3210682366002007 15.965000013506051
27.70999999994876 2.347778858120965 2.5739648270566677 16.003979905058547
27.719999999948737 2.522240165362429 2.6927845769230783 12.072907239905819
27.729999999948713 2.3116231498566564 2.4335699739964007 14.978061175922113
27.73999999994869 2.281490932348028 2.4630850476029438 15.725806939579016
27.749999999948667 2.311271927011956 2.545756570066315 15.654330094448206
27.759999999948644 2.462540244294329 2.62848390844776 12.971973428755843
27.76999999994862 2.061234859346595 2.636518481694919 21.003803920797832
27.779999999948597 2.058928383599123 2.6593447453280668 21.007676772292818
27.789999999948574 2.2269815835354208 2.68123753970112 18.36939260275227
27.79999999994855 2.1986486176536264 2.609137571384218 18.67992724567835
27.809999999948527 1.898725583644031 2.3759290589652293 20.88448950731649
27.819999999948504 1.8537782853308817 2.5503725656394165 22.888935493252326
27.82999999994848 1.7897516737495986 2.8333761006932563 22.183851594295824
27.839999999948457 2.2443179798527795 2.819440663773462 16.02711838077514
27.849999999948434 2.1151148783621694 2.6941309279379153 20.168028820464396
27.85999999994841 1.9088655251017825 2.5145340764421023 22.11322906848265
27.869999999948387 1.8446532360704113 2.6479043454440756 23.412653618403958
27.879999999948364 1.7113457323234407 2.7100486999576314 24.315971645179488
27.88999999994834 1.4200252796559658 2.7204672583501286 23.881364428912207
27.899999999948317 1.4147169371213832 2.971809771147859 20.561433218715713
27.909999999948294 1.2979767018784312 2.995654698510941 18.80647361423248
27.91999999994827 1.133284701110516 3.011958957164441 16.082579744539633
27.929999999948247 0.9168630883176767 2.8828925265778587 13.179068095719817
27.939999999948224 0.8661405870216053 2.8896324334086865 12.089415539927488
27.9499999999482 0.9813133129729377 2.8970121839906375 14.293365779511191
27.959999999948177 1.026934323606123 2.934215805574971 14.496603583000944
27.969999999948154 0.9418404347520629 2.8146499874518223 14.486505232910645
27.97999999994813 0.7454327781695161 2.783464072211538 10.691693003179473
27.989999999948108 0.7559207947103309 2.9231913005811956 9.753588735652064
27.999999999948084 0.719822713265446 3.0232175556196954 8.394763293218096
28.00999999994806 0.8745664100625558 3.0374321254622494 10.846875946659718
28.019999999948038 0.7537348170959371 3.1576100956433493 7.766811997437217
28.029999999948014 0.7940278940486089 3.2797630205576906 6.4684735477898805
28.03999999994799 0.7143936014208939 3.376359758558604 5.094092873682744
28.049999999947968 0.6741676844872515 3.3288736006000654 5.193827669353778
28.059999999947944 0.8124843080592401 3.272882842791806 6.789632621822091
28.06999999994792 1.023762634916494 3.3145807919331087 8.470779253331779
28.079999999947898 0.9372344313907045 3.3826368358119554 6.342169936251743
28.089999999947874 0.9438309988813756 3.538400029061056 4.548287385746425
28.09999999994785 0.9421031766071462 3.4228141187777763 5.821126060923372
28.109999999947828 1.0002686236799494 3.57583064476343 4.433907622033888
28.119999999947805 0.9308012610979289 3.290412541759745 7.683010999452545
28.12999999994778 0.8370993865268813 3.340122742645467 5.949837452131132
28.139999999947758 1.033377569650026 3.490196115025643 5.781845100440578
28.149999999947735 1.0455451794273378 3.3544161215199413 7.990474713320142
28.15999999994771 1.2352884729091484 3.2644381098609845 12.510147958418372
28.169999999947688 1.1718950637415966 3.0783077040153985 15.49441765631285
28.179999999947665 1.0633257817495425 3.083663328651282 13.542538645470058
28.18999999994764 0.8337994372976871 3.1124137091679325 9.425652810278086
28.199999999947618 1.0353646761660982 3.027713226661347 13.963844442740907
28.209999999947595 0.920670635485484 2.9172980546630387 12.71311230611487
28.21999999994757 0.8911718822161623 3.0284405733328947 11.199551628640428
28.229999999947548 0.9417212707969675 2.9033471188406423 13.440522403042484
28.239999999947525 1.0265288229549414 2.862287735249982 15.565472671988754
28.2499999999475 0.8898770256102382 2.8620262331716075 12.938987647210267
28.25999999994748 0.8957318995240169 2.95539590373878 11.7226989625518
28.269999999947455 0.9184489353694867 3.0533603211335505 11.330100198079814
28.27999999994743 0.949623428389518 3.1671180305319417 10.674054958506048
28.28999999994741 1.0612992437472148 3.2114259890471617 11.34101390591239
28.299999999947385 1.1551946989705257 3.225778802819562 11.866535423557647
28.30999999994736 1.1662786357558987 3.313688797975914 10.363886440566828
28.31999999994734 1.3210350565317466 3.279266470346986 13.346565222852684
28.329999999947315 1.4229511570337152 3.332004583488418 13.145666498279422
28.339999999947292 1.3839278290218036 3.452121544459879 9.884805399556797
28.34999999994727 1.6362493101118853 3.2397288979408696 16.405674510048
28.359999999947245 1.6033717013291215 3.3720106797352205 13.166977409011595
28.369999999947222 1.588402084601653 3.1431909594963243 18.191845432621736
28.3799999999472 1.4614646032202718 3.4450811238800223 10.553757051092765
28.389999999947175 1.536485705118904 3.612759351151289 6.723334475408886
28.399999999947152 1.4596385501480562 3.720325869159288 3.4042401113045866
28.40999999994713 1.7627468739423988 3.694748359766112 4.367757652491861
28.419999999947105 1.807808103468884 3.6448348261750647 5.567913599646728
28.429999999947082 1.7027711344117376 3.718735530461769 3.816979104046286
28.43999999994706 1.6418528280969702 3.626280297938063 6.416195477438255
28.449999999947035 1.5527069734299759 3.590559961276864 7.38540968751393
28.459999999947012 1.1702950961304337 3.451815123330282 7.7652181779613105
28.46999999994699 1.099324505560042 3.299663774879853 9.878784854234684
28.479999999946966 1.1991260177847551 3.3457151467533404 10.334239959786215
28.489999999946942 1.1594848747161248 3.383209592959754 9.102897586919974
28.49999999994692 0.9426135716696324 3.192720261226955 10.046315940798463
28.509999999946896 0.8430593345586231 2.94613561965274 10.93617063351043
28.519999999946872 0.82380577343224 2.961094657594141 10.53454254964402
28.52999999994685 0.8073672501914649 2.9528510914190766 10.275814644537677
28.539999999946826 0.9989182311907923 3.0925119118512345 12.228016144839115
28.549999999946802 1.038762630388335 3.2361093522448865 10.50520047004791
28.55999999994678 1.1420480244858404 3.0701123598085918 15.200818670214778
28.569999999946756 1.004254508064602 2.994791860657367 13.6602859031948
28.579999999946732 1.1055238371502722 2.7929738026639748 18.161506777740463
28.58999999994671 0.9981962474252405 2.686970035140619 16.39973414546551
28.599999999946686 0.9739095201496597 2.772978485462482 15.339543903391881
28.609999999946663 0.8421896459327832 2.5107502825186976 13.052949370412684
28.61999999994664 0.7285395490901304 2.441402138102785 10.593005141031194
28.629999999946616 0.7688034156989055 2.2675671792321657 10.633500015324982
28.639999999946593 0.7033251196919951 2.0620152385600043 7.983134351786962
28.64999999994657 0.846621198754119 2.2001135047180793 11.06918013070706
28.659999999946546 0.8654421528536382 1.9686348709985375 7.460426486916457
28.669999999946523 1.0529679757234625 1.9389389257284275 8.763287801483195
28.6799999999465 1.252068419589401 1.6439247097278409 6.846652231513323
28.689999999946476 1.2956017438293288 1.4986850509281766 5.955670299583401
28.699999999946453 1.347668921714093 1.5808039399764326 6.370165352992
28.70999999994643 1.6180924083650277 1.5785988856822157 6.268768635736158
28.719999999946406 1.7449408377964026 1.6108112248524484 6.243438760203825
28.729999999946383 1.8660267891411868 1.4600868255094333 5.510940474275153
28.73999999994636 2.038684283363314 1.4911821289583154 4.987247435606033
28.749999999946336 1.902272680550494 1.530099941581134 5.660856573409235
28.759999999946313 1.7873566975754624 1.6858611419132976 6.766119276750723
28.76999999994629 1.7357514214892753 1.8405424106946495 9.778071744466619
28.779999999946266 1.682982062644637 1.5577703416108348 6.067027972764361
28.789999999946243 1.699508893782653 1.631904499308909 6.5438019054210965
28.79999999994622 1.644294581655211 1.557407670055428 6.065300548831093
28.809999999946196 1.6320053061951982 1.6687043603502725 6.98681728660271
28.819999999946173 1.8601530644089281 1.4160016833018871 5.511481640342657
28.82999999994615 1.9059890917518916 1.5858577263894882 5.942914145923255
28.839999999946127 1.7298306752332029 1.5046021377721701 5.752384615668493
28.849999999946103 1.6023887882682506 1.6250084665709867 6.633660262377176
28.85999999994608 1.5859362255056553 1.8378203580662547 10.420947179788408
28.869999999946057 1.8194236056791027 1.9624260364369985 12.376563771978132
28.879999999946033 1.9416289614418645 2.057845460462687 14.382470240052188
28.88999999994601 2.167352287625186 1.9404159698598806 10.10671593171483
28.899999999945987 2.0587886942229074 1.9722720698522678 10.998910065079462
28.909999999945963 2.3829777855283543 1.8018952992043071 6.688665768397326
28.91999999994594 2.392058863054246 1.9089922861477677 7.9972096563351815
28.929999999945917 2.386682207329355 1.7648649735840753 6.415558138232591
28.939999999945893 2.3933451069943876 1.5371108974168914 5.411415325255801
28.94999999994587 2.3384791577788153 1.444385622731575 5.363933500145005
28.959999999945847 2.5680950448866793 1.4511502651093673 5.179544904695602
28.969999999945824 2.4459738032562135 1.7260956330361037 6.30884105314752
28.9799999999458 2.3268354898346666 1.7039636987747588 6.110046960169887
28.989999999945777 2.2939358061702118 1.5380773858796202 5.4400634251039115
28.999999999945754 2.234559963508901 1.605396326835844 5.735801674767878
29.00999999994573 1.9311102588614173 1.6043288634572073 6.000263291016623
29.019999999945707 1.9655123802856864 1.6911837306692294 6.597761188548429
29.029999999945684 2.041932189610492 1.6839227285606557 6.261714738110905
29.03999999994566 2.0211684409865813 1.744948076655103 6.700960601715
29.049999999945637 2.2170861843226493 1.8063093503982088 7.641676516437859
29.059999999945614 2.3268414145586878 1.6750259566955643 6.04785348378009
29.06999999994559 2.4440986157772007 1.7844511864791257 6.674109859493246
29.079999999945567 2.5532635843138567 1.8534252191320542 6.810378337198072
29.089999999945544 2.4373427081524675 1.755286020802584 6.410653744863559
29.09999999994552 2.38455090850164 1.7505706172165105 6.287146423607073
29.109999999945497 2.359632201327619 1.7330541063796308 6.211849475507057
29.119999999945474 2.6966953316228057 1.449910586080368 5.08464821283541
29.12999999994545 2.547428952674614 1.154572330084447 6.055059042894776
29.139999999945427 2.795391822163058 1.2254829690473739 6.085436869633469
29.149999999945404 2.9292041254186647 1.4962692314221204 4.4434962771450515
29.15999999994538 2.932114778965583 1.303899118178317 5.2278037698433355
29.169999999945357 2.988783613535415 1.3654946239336752 4.666334806771902
29.179999999945334 2.8635801354998165 1.396866523302109 4.949095669672628
29.18999999994531 3.1185577918820577 1.3126821073883554 4.513899097273314
29.199999999945287 3.1739986756130234 1.373432338490808 4.0165137998033735
29.209999999945264 3.268889787811403 1.4110461720512897 3.285015136638546
29.21999999994524 3.2202256325947483 1.4233249090961462 3.5962228154762674
29.229999999945218 3.2477854175164786 1.1862483058647222 4.338634325211652
29.239999999945194 3.1167756673536253 1.288958900925535 4.6238785680656695
29.24999999994517 2.922947994074715 1.391636728530609 4.868796553971631
29.259999999945148 3.0992063542480244 1.4249800998415167 4.123769115148379
29.269999999945124 3.067388206934791 1.2795901832994585 4.780333278280992
29.2799999999451 3.0566436820895624 1.2702882240874043 4.833017106850717
29.289999999945078 3.325282141742694 1.3998076152001688 2.880091806887051
29.299999999945054 3.2500993197716412 1.6227715047627396 3.3042594440634447
29.30999999994503 3.080824221677003 1.6894401743510044 3.5862272688973684
29.319999999945008 3.133502314901154 1.389412699140219 4.138977190938283
29.329999999944985 3.272514967261612 1.3771872468399273 3.3234447206084523
29.33999999994496 3.215785438757569 1.3559004271971118 3.8261158472308106
29.349999999944938 3.268560981383513 1.406688678973062 3.286721803081371
29.359999999944915 3.1326520481602307 1.7238392977839587 3.426779102137525
29.36999999994489 2.9116552137163194 1.7467351813930232 4.405042269057247
29.379999999944868 2.785947849392217 2.0633700454397665 6.304050409259883
29.389999999944845 2.849904345164722 2.3996035899692405 5.887475582750524
29.39999999994482 2.901903460999506 2.480461729904901 5.333496525455158
29.409999999944798 2.876434035423213 2.4672074008907905 5.777838470346413
29.419999999944775 2.6374996028156175 2.525516459680276 10.236193117766712
29.42999999994475 2.657965739354694 2.478817840323597 9.669789618138417
29.439999999944728 2.501729904777582 2.4459506648171256 12.10081338101424
29.449999999944705 2.3407801183203767 2.535707143293897 15.833758821569756
29.45999999994468 2.2697397899128187 2.5601153303113313 16.56841614560297
29.46999999994466 2.2836242907700703 2.371416529239185 15.03634334610252
29.479999999944635 2.078313996211467 2.250700161030337 16.442033285681802
29.48999999994461 2.09761268074439 2.19647080942307 15.434395174821766
29.49999999994459 2.228280082399059 2.104866162067099 12.819765883213641
29.509999999944565 2.1786143781930933 2.3540874782155443 16.85533357798156
29.51999999994454 2.251372596323333 2.213168136669901 13.395852660552636
29.52999999994452 2.2169683579674317 2.078752334174839 12.544580246342678
29.539999999944495 2.3456282419614496 1.9404335733559457 8.765557538290494
29.549999999944472 2.3547833640054145 1.6353150679988868 5.917352378539729
29.55999999994445 2.345820061447257 1.7138061527504898 6.154688089157288
29.569999999944425 2.2748521175661414 1.6113229187839682 5.752101278363446
29.579999999944402 2.1504245616707913 1.6445827449330914 5.991467225556574
29.58999999994438 2.342903761851181 1.5565756670275865 5.532880775272622
29.599999999944355 2.27241127947872 1.5264525901902442 5.4217906512829455
29.609999999944332 2.444520741662274 1.531525570147278 5.408375365054817
29.61999999994431 2.4863589063319527 1.4444200381932857 5.24793417979329
29.629999999944285 2.4584613763052343 1.3953429604429286 5.153490653036477
29.639999999944262 2.447679805925258 1.3000114361330883 5.2384516414228575
29.64999999994424 2.3160628132569885 1.4884392570426495 5.447173672516994
29.659999999944215 2.3727973208446667 1.4292954393607027 5.27752092560803
29.669999999944192 2.1253139173381297 1.6788241441805405 6.1774587683901485
29.67999999994417 2.1508113870171837 1.6618363309564543 6.138733121159236
29.689999999944146 2.260058375136762 1.5246693371694513 5.411158511948868
29.699999999944122 2.3432480082748435 1.484189617597535 5.423538213548511
29.7099999999441 2.4061896111260377 1.451301225194256 5.333478277401724
29.719999999944076 2.167707872466029 1.3093898530163615 5.032625847480767
29.729999999944052 2.104982785939748 1.2912428815738388 4.959682635725614
29.73999999994403 2.1408887762764905 1.3737294526740502 4.926479479090974
29.749999999944006 2.2105562145797304 1.2932924950022162 5.2119335901379955
29.759999999943982 2.0598305496168234 1.4504766437958565 4.910888525360595
29.76999999994396 2.1900995195292254 1.3119531902150916 5.088108687833027
29.779999999943936 2.3533669253356146 1.294257462053508 5.286857990358544
29.789999999943912 2.329013640508917 1.2506843774442733 5.461983325609481
29.79999999994389 2.583656321072138 1.3515736493549189 5.201204455548966
29.809999999943866 2.5858322754492264 1.4342414249458584 5.156619781704876
29.819999999943843 2.589231606634616 1.3176174578563646 5.315184634496687
29.82999999994382 2.8738128236865457 1.400590228306268 4.934364066890399
29.839999999943796 2.8151581105164682 1.1541228214304518 6.373746214392917
29.849999999943773 2.923189880701363 1.1670397904082026 6.022971609887142
29.85999999994375 2.8299131813924436 0.9268101749520031 8.56184272308273
29.869999999943726 2.670347373800591 1.081240504247938 7.101954043809055
29.879999999943703 2.5031515615885396 1.0366874451432229 6.8697580215558265
29.88999999994368 2.449484832791639 1.1927407199644178 5.632451454271697
29.899999999943656 2.376292755722833 1.2543301317666815 5.383177787208241
29.909999999943633 2.401996655647302 1.0308083998063284 6.5448675588472405
29.91999999994361 2.482053891503772 1.0657157936175745 6.463055480668708
29.929999999943586 2.4773618043228893 1.1078427996901588 6.073614336124092
29.939999999943563 2.518453117601265 1.0593447577896797 6.708378354672061
29.94999999994354 2.5478382001771966 1.068504027772422 6.7580307620414235
29.959999999943516 2.5319545024525274 1.3168821484661077 5.170752804807171
29.969999999943493 2.6169825977480574 1.535985352201871 5.0498483762428155
29.97999999994347 2.6773286282581723 1.4861628654910997 5.047275317400617
29.989999999943446 2.740421250160302 1.3515683803445233 5.316142266306233
29.999999999943423 2.515806751268349 1.30458344678974 5.2053968904049075
30.0099999999434 2.505885492258378 1.3360282195855744 5.046358414148034
30.019999999943376 2.3366848474304747 1.4386134972254745 5.351362394485148
30.029999999943353 2.431616279682373 1.281840903100847 5.316403317829287
30.03999999994333 2.199831611523966 1.3205331676957188 5.09941652756544
30.049999999943307 2.002403913749798 1.258352573400547 5.149263529899169
30.059999999943283 1.8734733922498947 0.9014323576366409 6.522929372253085
30.06999999994326 2.111769488261765 1.0108745534493253 6.000383444833056
30.079999999943237 2.2353763250681924 0.9541849833719217 6.929694945023223
30.089999999943213 2.1846060835263814 0.9869566802538362 6.406771659746653
30.09999999994319 2.3239381326967337 1.1613592566763242 5.712900010537175
30.109999999943167 2.343325152405463 0.946323418288079 7.498929089113588
30.119999999943143 2.4019131238249845 0.986462420225159 7.044627893971288
30.12999999994312 2.448686930685977 1.0278356577385925 6.624482098335605
30.139999999943097 2.2952727591371573 0.9579022542410836 7.219688737748094
30.149999999943073 2.0198533114160218 0.9648009717824448 6.218214475472248
30.15999999994305 2.111895846705222 0.9593914859155713 6.410970739947576
30.169999999943027 2.1236486466576445 0.890501262159084 7.173693803846634
30.179999999943004 2.008336678192866 0.7850444233892109 7.1446696972380295
30.18999999994298 2.032393719080348 0.7769179987939274 7.350043260572587
30.199999999942957 1.9490349801307747 0.7096538252193553 7.242212435773786
30.209999999942934 1.9669648062642437 0.6680748735958447 8.008942808194847
30.21999999994291 1.9603841485583497 0.6053158443541888 8.85080280002806
30.229999999942887 1.8578363013158723 0.6102461562838726 7.813738778991264
30.239999999942864 2.0064246278798956 0.7947928176858771 7.143575488955709
30.24999999994284 2.21411152783295 0.5504341609904673 12.865637597064794
30.259999999942817 2.1594372469776753 0.48419997676654947 13.592551412638173
30.269999999942794 2.1256355840543293 0.3314633697802627 15.781214131382573
30.27999999994277 2.0299620336416555 0.22555609876235772 15.172039431920648
30.289999999942747 1.9222644084695266 0.25933639290976296 12.974759672717328
30.299999999942724 1.8272467170938311 0.1610180155938885 11.696272110170618
30.3099999999427 1.7163899944342467 0.11445299370507667 9.919903251192924
30.319999999942677 1.8235221880084274 0.1244957377600312 11.904822826608935
30.329999999942654 1.5892709270954604 -0.06052950901530951 8.10667109649805
30.33999999994263 1.6711960020998182 0.05986833821256443 8.885280195602364
30.349999999942607 1.5608447361823552 0.02168525065501936 7.609786943153386
30.359999999942584 1.3744121056238485 0.05902695560962856 6.485729896205164
30.36999999994256 1.3667200140836326 0.012598373408930108 6.577156012442665
30.379999999942537 1.1109400914217813 0.2533429398255773 6.553365574839944
30.389999999942514 0.9743842780928225 0.34263787568012405 6.863955843260632
30.39999999994249 1.0976267140563176 0.29300031625286393 6.568246983883121
30.409999999942467 1.1967152834675276 0.2621666742960367 6.582187232005317
30.419999999942444 1.3320740375247317 -0.05615932021656511 6.61312453957701
30.42999999994242 1.2956477603570133 -0.13614208863846478 6.69554183948796
30.439999999942398 1.4389884598926919 -0.09551436455097617 6.783095993781022
30.449999999942374 1.2686002900678592 0.05340597201145658 6.444794323280611
30.45999999994235 1.4526571253764122 0.0664512174424039 6.68252492864791
30.469999999942328 1.4376186356478353 0.10619843614837143 6.812887659700922
30.479999999942304 1.5691998305094503 -0.1161066983438388 8.086913540821863
30.48999999994228 1.3971018653841143 -0.23744097723291313 6.882125726890608
30.499999999942258 1.6167938119724161 -0.4078160284434549 8.446649451035757
30.509999999942234 1.7261826589287452 -0.18845232429929237 10.009815037404202
30.51999999994221 1.8285156768901123 -0.46094234538796863 11.042481629726044
30.529999999942188 1.5765146007402844 -0.5205411329563028 7.942596083917192
30.539999999942165 1.6761718270399955 -0.43229126222926917 9.134871125629108
30.54999999994214 1.725348510821345 -0.3414835883536773 9.632539118461263
30.559999999942118 1.7486344177201232 -0.28052084316690573 10.367013919143368
30.569999999942095 1.679367525357666 -0.4392509932664377 9.174443641284725
30.57999999994207 1.6673313177672475 -0.570723981951184 8.569248103583977
30.589999999942048 1.652660032804604 -0.7187797358492914 7.129635734490481
30.599999999942025 1.6556066356882972 -0.76405208297853 6.877076906389926
30.609999999942 1.4968131247838519 -0.5032120503353712 7.388812562753798
30.619999999941978 1.4297096426652658 -0.5163365617571618 6.879874289342069
30.629999999941955 1.464595723410413 -0.6228975012621271 6.720561583822947
30.63999999994193 1.3981061115085187 -0.7531255991790402 5.8024067406220565
30.649999999941908 1.5294153895021638 -0.8249056908463158 5.932250728028681
30.659999999941885 1.5562539104693698 -0.8016351316146306 6.200071663304673
30.66999999994186 1.5466339786884657 -0.9577080146343226 4.846621527686968
30.67999999994184 1.4382360135878722 -0.9001995405295535 4.787690261258543
30.689999999941815 1.6648835130430246 -0.9633253192532837 5.260984440021609
30.69999999994179 1.6975807703839492 -1.0078432922950131 4.900005361123327
30.70999999994177 1.6571607528038852 -0.9194610900549717 5.629690157971498
30.719999999941745 1.7918937884082178 -1.044483558835322 4.745262196357013
30.72999999994172 1.9106493517098055 -0.9922625680555036 5.218568914582755
30.7399999999417 1.7996310654212502 -1.194958725231368 3.1536092672911877
30.749999999941675 1.882339736821021 -1.3406383599241734 1.574598702328604
30.759999999941652 2.0326260189072296 -1.3954231132839825 1.23779698062141
30.76999999994163 1.9862168384669419 -1.3856045262099324 1.3019768760920305
30.779999999941605 1.8679906749636548 -1.4186960283476933 1.0050947408158
30.789999999941582 1.8276730234523897 -1.4017997817796457 1.1415319030111464
30.79999999994156 1.612547176067622 -1.3916226524400497 1.1098550222812287
30.809999999941535 1.5029043946381262 -1.2091725631727281 2.1891261449811834
30.819999999941512 1.3706542730060103 -1.156132175804661 2.521668457229813
30.82999999994149 1.3836447371329408 -1.2831715186272639 1.4207405648416405
30.839999999941465 1.2574485456511364 -1.4939610630601954 0.31881296890074945
30.849999999941442 1.1472064610834671 -1.2883195692191682 1.4423149626576124
30.85999999994142 1.1202049882999474 -1.1820797950643978 2.353791197198318
30.869999999941395 1.0226255585241308 -1.2889635141941311 1.6686276184919262
30.879999999941372 1.090287700855276 -1.287991928824118 1.5185314880729242
30.88999999994135 1.1470070437915116 -1.228048082137076 1.9258563541048366
30.899999999941326 1.2965090356569706 -1.3671314881035046 0.9591825839605497
30.909999999941302 1.1924851229682591 -1.3164490794830024 1.2507214035130325
30.91999999994128 1.3088091737224095 -1.3050467377472916 1.3150066097297455
30.929999999941256 1.4263987822723863 -1.3629392461551415 0.9573644871266567
30.939999999941232 1.5781530120361311 -1.2327570968942334 2.2092940879652736
30.94999999994121 1.469209258748061 -1.115988153013713 2.9271915919024796
30.959999999941186 1.6489350258269087 -1.1932339287819582 2.821583118131126
30.969999999941162 2.038078515252126 -1.048797896963638 4.627048459574616
30.97999999994114 2.1325278955373337 -1.1992440548729828 2.6790779967956855
30.989999999941116 2.271028788274709 -1.214338268994485 2.909588653178876
30.999999999941092 2.5855740378864995 -1.2416253887018258 2.765878936336707
31.00999999994107 2.4991975293328705 -1.1808840521024395 3.3296301837053686
31.019999999941046 2.6252511520594757 -1.3763834160309232 1.3339536558109797
31.029999999941023 2.5462972635916645 -1.2377172081697798 2.6776754441526003
31.039999999941 2.330318108400848 -1.3404593937934675 1.8234790554484637
31.049999999940976 2.256021554337064 -1.3098175151588012 2.0834717113657995
31.059999999940953 2.196047564293925 -1.1539962953869776 3.3847172898293256
31.06999999994093 2.422779866960718 -1.2514952141092772 2.480548953517365
31.079999999940906 2.1985233170921776 -1.2427249285413264 2.471662542139592
31.089999999940883 1.899626560121959 -0.9977984507353641 5.203279577141734
31.09999999994086 1.976671749948233 -1.1563049672310464 3.2835068937385685
31.109999999940836 2.081609058966172 -1.0217127006270448 5.163773943459292
31.119999999940813 1.984109173935409 -1.1987542463649659 2.7905304126950763
31.12999999994079 2.0227938186075285 -1.1377165936289777 3.3934663603472917
31.139999999940766 2.171184807765373 -1.1515245276905834 3.281291585770696
31.149999999940743 2.4290767569275724 -0.957548722258816 7.559330593993686
31.15999999994072 2.305286963235911 -0.8911488409005961 8.55532773190033
31.169999999940696 2.3120410575808954 -0.9071353603049611 8.328574392259249
31.179999999940673 2.3305826101580056 -1.1204339729530228 4.551410553094942
31.18999999994065 2.1485918342415133 -1.0883159041367483 4.2816103596496795
31.199999999940626 2.0913910667104543 -1.0426818601335335 4.8555281332093285
31.209999999940603 2.0721495971074124 -1.1070103498667199 3.7519176854277148
31.21999999994058 2.081229899883145 -1.1298995702762669 3.4235102962095683
31.229999999940556 2.2398599348717685 -0.9757953918777054 6.858209995245959
31.239999999940533 2.386351520831737 -0.8312565203248043 9.591582384724704
31.24999999994051 2.0301187168627792 -0.9879192431700856 5.579379004407694
31.259999999940487 1.9723189920382653 -0.9289339668349419 6.387593213898456
31.269999999940463 2.1309599800722423 -0.9335152508192465 6.827390502127718
31.27999999994044 1.9399042677473401 -0.85840069261432 7.229061755112115
31.289999999940417 1.803881383726061 -0.8374702651747991 6.784797762200315
31.299999999940393 1.958482834978608 -0.8297251097838492 7.899489771577289
31.30999999994037 1.8237636563749413 -0.8644743034893394 6.54755706966459
31.319999999940347 1.8624075282946482 -0.9257390422913807 6.014871488951899
31.329999999940323 1.708808351001105 -0.8504755670516817 6.339760392818291
31.3399999999403 1.7812745235006266 -0.7225497694143013 8.209504811722516
31.349999999940277 1.7438053795436388 -0.5840089385803344 9.164258562202873
31.359999999940253 1.7263916101150785 -0.8688383186037447 6.243610825284619
31.36999999994023 1.8139120599752925 -0.7726476116838796 7.883540442914583
31.379999999940207 1.7728152566909854 -0.5973874280692109 9.339659947643874
31.389999999940184 1.8745707903439615 -0.8174262273841877 7.631733899077588
31.39999999994016 1.8338296936722651 -0.8447019004289417 6.907799761678545
31.409999999940137 1.6581478624239923 -0.8909135291018637 5.885339031032717
31.419999999940114 1.3779728942698837 -0.9639941605079296 4.23545764633678
31.42999999994009 1.4291390893913838 -0.9440286879388992 4.416912028594446
31.439999999940067 1.3660158560044948 -1.0023659554557647 3.922379662594496
31.449999999940044 1.3971032782210815 -1.17831649395999 2.312905322259687
31.45999999994002 1.4418952876410929 -1.2703690465926338 1.519186853232318
31.469999999939997 1.536478831443376 -1.307784174827109 1.5307054235400988
31.479999999939974 1.4546798324631047 -1.3135083538053278 1.2749508825598959
31.48999999993995 1.453573584251133 -1.2687315146448706 1.546960296899894
31.499999999939927 1.3764925797273289 -1.256263522310368 1.6533892704812938
31.509999999939904 1.3647097151333478 -1.097322385298077 3.050252632353425
31.51999999993988 1.3638323374886716 -1.2130048454824296 2.025233086412516
31.529999999939857 1.420571140983628 -1.1441805050048601 2.5699777434822138
31.539999999939834 1.2079351350568241 -1.3587245610990877 1.0055069873796014
31.54999999993981 1.315204590430985 -1.1194191635960946 2.864339891672416
31.559999999939787 1.4609626588052973 -1.1415810940282682 2.618895070117391
31.569999999939764 1.4887235816150366 -1.2326777866547471 1.9273386139935953
31.57999999993974 1.451227335966995 -1.0708327322256015 3.232897419518575
31.589999999939717 1.5271783626820996 -1.1104125288391238 3.253473501878388
31.599999999939694 1.6757688489795268 -1.277322623823789 2.0366113820713543
31.60999999993967 1.6521674293954933 -1.2346529110825313 2.415285439668196
31.619999999939647 1.702574038379273 -0.9773307388449172 5.2198969633361845
31.629999999939624 1.8883843246354761 -0.8647032698215159 6.859157419474443
31.6399999999396 1.9922223284476979 -0.912470679335058 6.731896165945681
31.649999999939578 1.8625168078025094 -0.7592653195678345 8.427853161148498
31.659999999939554 1.9341277184561636 -0.7300181267376773 9.122644692335157
31.66999999993953 1.7746264464721084 -0.676771927563019 8.739814562797013
31.679999999939508 1.78989614150855 -0.6693607325666393 8.951299989062086
31.689999999939484 1.9681509120760599 -0.6971164345059977 9.664183272967843
31.69999999993946 2.1099079804201213 -0.7448749202232102 9.680995481311708
31.709999999939438 2.177680304560707 -0.8659058373351043 8.096576118736825
31.719999999939414 2.0341769515481793 -1.1602519894707677 3.125769449432852
31.72999999993939 2.202526425945961 -1.3433159245258675 1.6686346022521377
31.739999999939368 2.1622889915961987 -1.2392496050972948 2.3865969472879125
31.749999999939345 2.084564651936322 -0.9612503085993847 6.202642952295802
31.75999999993932 2.0668803759378034 -0.8428995513865056 7.974721339715336
31.769999999939298 1.9636358901012212 -0.6791716353401688 9.874685352383016
31.779999999939275 1.9504212750396328 -0.6009920824180038 11.138918161376202
31.78999999993925 2.063235370652979 -0.6852820837937047 10.542358015793722
31.799999999939228 2.022467959183644 -0.9347518245690983 6.431568888017108
31.809999999939205 1.884448073664286 -1.0027706570354626 5.208122855288007
31.81999999993918 1.9866897186782806 -1.1904995931374698 2.8857714442766285
31.829999999939158 1.9701397304607569 -0.8820531339560003 7.111098804980033
31.839999999939135 1.8143674192681214 -0.8194271737282102 7.182924929403602
31.84999999993911 1.8822410382471801 -0.884200742635193 6.567881339652645
31.859999999939088 1.9284147940521128 -1.1747760970277592 3.16067202468782
31.869999999939065 1.9223238787924906 -0.9241772371834437 6.103353417847312
31.87999999993904 1.796909084237881 -0.9175448190354498 6.028486082062735
31.88999999993902 1.7259709298763033 -1.0570016360525591 4.417546695938001
31.899999999938995 1.903631556203834 -0.8338722771317065 7.450020915762927
31.90999999993897 1.9688527386787291 -0.7420467007360452 9.220542594662138
31.91999999993895 1.9064357805461882 -0.7831300567128224 8.235799269901719
31.929999999938925 1.9692770906933827 -0.905364703444202 6.763418200623091
31.9399999999389 1.9453607220291134 -0.9552389742228256 5.83790383172649
31.94999999993888 1.7994994852075439 -0.8077959228594161 7.225917157616337
31.959999999938855 1.886751608892986 -0.8925114473510927 6.461477020597815
31.969999999938832 1.908855888116136 -0.5447760106501748 11.33033797991445
31.97999999993881 1.9893556959893435 -0.472485298047177 13.67144152434903
31.989999999938785 1.8562606698202493 -0.5527213753866139 10.432622576015376
31.999999999938762 2.053829420640787 -0.6807220181588888 10.576314212929955
32.00999999993909 2.277937626128234 -1.1254895795245576 4.322561390621
32.01999999993942 2.327846838160265 -0.9958884065469406 6.763213242576765
32.029999999939754 2.4481826861887717 -0.8717968927995671 9.04035215998739
32.039999999940086 2.510814515338918 -0.9146708824474624 8.421750534561212
32.04999999994042 2.2802120685997456 -0.8355165154992746 9.41908925010662
32.05999999994075 1.9234522473281639 -0.8169554336551001 7.843658091869036
32.06999999994108 2.092113301747425 -0.8553208703673387 7.858140961846879
32.079999999941414 1.9518108104488356 -1.0034545201973468 5.08833981166805
32.089999999941746 2.1990451100644277 -0.9369144020307416 7.187149410948145
32.09999999994208 2.2527323275589755 -1.0836451058680685 5.027224463847512
32.10999999994241 2.5124011487512012 -1.1946578058922763 3.1047330183362285
32.11999999994274 2.3089390560424223 -1.273089103974871 2.3985159418339954
32.129999999943074 2.4349257918446137 -1.2978274131017873 2.0490226614958846
32.139999999943406 2.6442272207794155 -1.1640670621141522 3.930806253088405
32.14999999994374 2.4797050930435627 -0.8924500489770273 8.77923300864645
32.15999999994407 2.6151449763664343 -0.8642218160720718 9.154738855741051
32.1699999999444 2.625986033198256 -0.5415135025162413 15.357405389583985
32.179999999944734 2.3985630828182902 -0.42592191358706755 17.297592606852124
32.189999999945066 2.314888803123809 -0.3691115309114922 17.96331283497606
32.1999999999454 2.1568120199470426 -0.1908532590602816 17.60421457661583
32.20999999994573 2.077702592886221 -0.40457901872764723 14.699015946721685
32.21999999994606 2.140673396999533 0.08834721572959825 17.716948164419914
32.22999999994639 1.9868417317696938 0.22225734097954553 14.451317679281397
32.239999999946725 2.1757232175328696 0.11407995061845488 18.182691159129863
32.24999999994706 1.983731010525783 -0.07159754026415754 15.360615422385656
32.25999999994739 2.0254426951793625 0.2353869539908936 14.949436636718477
32.26999999994772 2.2849295182467686 0.16285259865615165 19.169954449542445
32.27999999994805 2.1214687268293115 0.3554182666447776 15.2975608110617
32.289999999948385 2.261868065006056 0.24792466611854447 17.854270540809203
32.29999999994872 2.0170656967509926 0.07316344180178924 16.505900422195108
32.30999999994905 2.1600131924069004 0.06257141214759032 17.944221390803342
32.31999999994938 2.1132508030004558 0.05260056463465346 17.277004503366026
32.32999999994971 2.2618903535724577 -0.24870127452099133 18.59282291297279
32.339999999950045 2.337669810748502 -0.41806173961285387 17.284333608119113
32.34999999995038 2.403278440334903 -0.374505296442448 18.110545430118993
32.35999999995071 2.1518474551814117 -0.41529599513471505 15.225087013969102
32.36999999995104 1.9298088276488885 -0.49091998954681804 12.586215457139494
32.37999999995137 1.9090164526001026 -0.43979655918465466 12.359680703032693
32.389999999951705 1.8627381515021786 -0.5887685647284467 10.114435334418268
32.39999999995204 1.879151956383541 -0.6103492689143669 10.005948150267372
32.40999999995237 1.6999716764285333 -0.39681592221285933 9.287150337885608
32.4199999999527 1.4184312127016838 -0.39174348309708695 7.147767385689264
32.42999999995303 1.2066112007982142 -0.32380393303964505 7.0024707985005294
32.439999999953365 1.2031364824032917 -0.3410060600008501 7.007883670797865
32.4499999999537 1.5473868232990653 -0.5119253522006237 7.777773563788574
32.45999999995403 1.7954385767608507 -0.879301994338854 6.364214384519931
32.46999999995436 1.6284373418524507 -0.8241164467726976 6.332711870478928
32.47999999995469 1.7507759754000616 -0.7896620472256468 7.034474704176727
32.489999999955025 2.0341689709118693 -0.5980377287681199 12.101270283673257
32.49999999995536 1.8603543497568569 -0.7918642352303183 7.932770074119934
32.50999999995569 1.6724565748053162 -0.734191898407558 7.12447033484009
32.51999999995602 1.6076352273063135 -0.5536577844339997 8.115363852828093
32.52999999995635 1.5677030789013897 -0.3274111807460198 8.0116804503816
32.539999999956684 1.6969918675737412 -0.2059341130870761 9.60345700679569
32.549999999957016 1.7140071896023599 -0.07372548027982873 9.594622009309907
32.55999999995735 1.8000197187157037 -0.13859940015742056 11.396596953455406
32.56999999995768 1.782004127149956 -0.14467792537570268 10.983831187749196
32.57999999995801 1.6865163121690743 -0.07230164392671834 9.311069884220558
32.589999999958344 1.6867752603178587 -0.14008276015976417 9.585431001056826
32.599999999958676 1.7009881614283753 0.014009262998938565 9.319178825203496
32.60999999995901 1.8827448946341172 0.009984343767272863 13.1288445060007
32.61999999995934 2.173177676635068 0.17098917542330205 17.738464603710074
32.62999999995967 2.148532380186351 0.2275601811250494 16.920431414470183
32.639999999960004 2.280205383447241 0.1504405864245163 19.327765143723504
32.649999999960336 2.320214792686203 -0.12908489886100782 19.391394722693306
32.65999999996067 2.079133284314582 -0.00675392968589994 17.116333198689563
32.669999999961 2.164891816656344 -0.14146155466493715 17.8774484100144
32.67999999996133 1.9582069488998954 -0.3020767657679453 14.625134955986468
32.689999999961664 1.8317078265931608 -0.5550575262047751 10.2440552954283
32.699999999961996 1.8913036167099113 -0.5203243643272665 11.575380842580781
32.70999999996233 2.004704785696941 -0.5246455862689907 13.274709796810654
32.71999999996266 1.929411380742051 -0.3493607429216464 13.54914685536818
32.72999999996299 1.7137253773595842 -0.33946285995692105 9.501600197444759
32.739999999963324 1.839957967834677 -0.5260806152045313 10.598767159218164
32.749999999963656 1.8106733286214631 -0.48602507205338763 10.62500852337043
32.75999999996399 2.010008302926727 -0.6150515738996638 11.61786740426511
32.76999999996432 1.7589624025084891 -0.7750044121891422 7.347576351605347
32.77999999996465 1.769423681857065 -0.6765129543795186 8.702781881818439
32.789999999964984 1.710753917833049 -0.6691040603895723 8.231175921348676
32.799999999965316 1.5879600557907954 -0.8757365331703988 5.667087874601191
32.80999999996565 1.413832803689087 -0.9420373215781479 4.421196759737871
32.81999999996598 1.3098122831286272 -0.899372695122775 4.699893384439249
32.82999999996631 1.3161222276189595 -0.7505567110878663 5.703007562149487
32.83999999996664 1.4083333251996717 -0.6801791700392226 6.218920522135914
32.849999999966975 1.4123792005517632 -0.5866673502809198 6.62386435749964
32.85999999996731 1.368812679502569 -0.7539359525274079 5.734532829445455
32.86999999996764 1.4128900900445291 -0.8410002945760302 5.208734038771734
32.87999999996797 1.3305817172604069 -0.9767847868506692 4.123968566843313
32.8899999999683 1.1975734166271286 -1.0960146045488726 3.129968466384849
32.899999999968635 1.33068702862054 -1.0416280138522858 3.5664695707032705
32.90999999996897 1.1993711203217932 -0.9116512514057153 4.7152471009861205
32.9199999999693 1.2188226955531898 -0.9569701486527346 4.395814266830179
32.92999999996963 1.4816674215531904 -0.809302576872995 5.785622693280674
32.93999999996996 1.4690398736053385 -0.7425294688576124 6.195435771659739
32.949999999970295 1.5894134718811945 -0.7848094055559529 6.43297534629786
32.95999999997063 1.7127201720058343 -0.6871367772650689 8.028690630338264
32.96999999997096 1.802325726751395 -0.8438336496385512 6.680503216354635
32.97999999997129 1.7401570726493958 -1.005257988130265 5.05431734104786
32.98999999997162 1.6377011314326646 -0.8827642387996384 5.875766171518642
32.999999999971955 1.595393455118683 -0.7725976118466876 6.548160868409971
33.00999999997229 1.580611481990075 -0.9043462329261982 5.392396461142777
33.01999999997262 1.4237547341640244 -0.756067273622562 5.863328553748566
33.02999999997295 1.467184240789 -0.8460114649577537 5.377193968491209
33.03999999997328 1.4891862399794722 -0.843868560739684 5.552023622258296
33.049999999973615 1.7672562618199283 -0.8272090141025256 6.73770352835984
33.05999999997395 1.7362875536995723 -0.8469556100322368 6.467957581670318
33.06999999997428 1.5294394919721122 -0.8874910930916918 5.404133314635402
33.07999999997461 1.419946845705033 -0.8105774499053553 5.45185422454323
33.08999999997494 1.4272847337195738 -0.9690643511017513 4.215608069515632
33.099999999975275 1.1828539890886764 -0.9800912439098055 4.178059285187192
33.10999999997561 1.2012310662257781 -0.7816902036088398 5.644013436086588
33.11999999997594 1.4826991775049594 -0.8454308608878054 5.4938534778349135
33.12999999997627 1.4349790669059197 -0.6798183585495309 6.3176714548924355
33.1399999999766 1.4350519013780256 -0.8351926779493127 5.2991987551791215
33.149999999976934 1.5784572846882226 -0.9195475266931348 5.251839418793668
33.159999999977266 1.4313053250549927 -0.960822533679109 4.285330091817556
33.1699999999776 1.5241330716288728 -1.0278943286207805 4.105309079337571
33.17999999997793 1.4713400320244423 -1.070768211203669 3.3565806674566465
33.18999999997826 1.359263973915174 -0.9731956559073495 4.161443802585758
33.199999999978594 1.316473695683116 -0.9929961792858778 3.9885264881881195
33.209999999978926 1.2733077269063613 -1.0257421075548523 3.8071794592374224
33.21999999997926 1.0340645868112321 -0.8954089846052307 5.0955554330325405
33.22999999997959 1.0561720687242953 -0.8420579847590627 5.4478529092652686
33.23999999997992 0.8435737621335857 -1.032378639986356 4.337488969878992
33.249999999980254 0.7820357485149122 -0.9949748574645547 4.681780133061811
33.259999999980586 1.019624255889874 -0.9983002580349348 4.288202508061523
33.26999999998092 0.9956410380690834 -0.9358702716702582 4.787991118299581
33.27999999998125 0.6781717193807243 -0.9741667248674418 5.011790377385173
33.28999999998158 0.4656902545655053 -1.218609547138234 2.460231438318517
33.299999999981914 0.33053342787351403 -1.5243993385457495 0.12075810296803764
33.309999999982246 0.4240318386352279 -1.5357539150598933 0.11840850120241901
33.31999999998258 0.5406415047740614 -1.3808580030567013 1.5053063083448175
33.32999999998291 0.31347993783784556 -1.4521108114677492 0.4190256018637739
33.33999999998324 0.42438119292764753 -1.646354419257655 0.0
33.349999999983574 0.291461844672513 -1.6457046669672515 0.0
33.359999999983906 0.23995402210950478 -1.558447020130672 0.0
33.36999999998424 0.3812660557356955 -1.6415378541154353 0.0
33.37999999998457 0.4210128497486436 -1.642368316508045 0.0
33.3899999999849 0.4141195853243378 -1.5591045264412189 0.016591260590422974
33.39999999998523 0.3754426104903312 -1.2853348715306046 1.5700668670750673
33.409999999985565 0.1932747459909796 -1.242401941166292 1.6413224004149796
33.4199999999859 0.1647530493863939 -1.306683705451341 1.0054393726569593
33.42999999998623 0.09572002099436566 -1.4811858680232133 0.0231201059239015
33.43999999998656 -0.002530093371906794 -1.6797606005902836 0.0
33.44999999998689 -0.05508329429291081 -1.7180908444083571 0.0
33.459999999987225 -0.23515512354410872 -1.6256421002318495 0.0
33.46999999998756 -0.3716425388948285 -1.424531482142328 0.0
33.47999999998789 -0.19237216630021486 -1.324250467934248 0.11216094597459181
33.48999999998822 -0.07579402418871939 -1.2910721739394777 0.6875179719447279
33.49999999998855 0.07266168779327847 -1.3092669871719065 0.8359613618263313
33.509999999988885 0.027475934425998716 -1.3752271478582707 0.27012547297318323
33.51999999998922 -0.012624957731444453 -0.9842547884583226 4.244951169584356
33.52999999998955 0.0749311900782289 -1.2330935683403375 1.5035285834702834
33.53999999998988 0.07633262294277532 -1.2732103255474594 1.1387554477752082
33.54999999999021 0.25984340646550774 -1.208070236027022 2.1057744978857764
33.559999999990545 0.13857071219666411 -1.00083023736866 4.268179224819487
33.56999999999088 0.09804684818983705 -1.0915915553878937 3.0538760735140458
33.57999999999121 0.26937944890951004 -0.9343470779991431 5.591614550593765
33.58999999999154 0.4537509482310065 -0.8459664331753057 6.774528919191106
33.59999999999187 0.4522925500648214 -0.9926364748893862 4.808409544774007
33.609999999992205 0.2892802110451693 -1.0484667640163245 4.031070475995766
33.61999999999254 0.3748629842447291 -1.0432143295271268 4.17902203666113
33.62999999999287 0.4639748743312512 -1.2396372774259743 2.273949827533461
33.6399999999932 0.40067402244878586 -1.2794885710990755 1.653627598913944
33.64999999999353 0.550189596812902 -1.2500581086326403 2.5802435056120054
33.659999999993865 0.32020396628904163 -1.0790485125851552 3.7422501470075415
33.6699999999942 0.06573721035596153 -1.0501909368127147 3.4526513670383694
33.67999999999453 -0.12150262983756344 -1.03441350147892 2.9934380899967814
33.68999999999486 -0.10862980469052064 -0.9764172836221255 4.0080259240179865
33.69999999999519 -0.25819437371282133 -1.1626362700385213 0.9946609745880466
33.709999999995524 -0.4427524686390051 -1.3243800575812825 0.14967296196294685
33.719999999995856 -0.49080312443782453 -1.4939208118494989 0.0
33.72999999999619 -0.58324676847247 -1.4229861935984975 0.0
33.73999999999652 -0.5178424729805842 -1.1892946165487102 0.4008846643568389
33.74999999999685 -0.716601699050811 -0.978552025269344 0.0
33.759999999997184 -1.000989159258601 -1.048139192842361 0.0
33.769999999997516 -0.8061096073219185 -1.0090517728780928 0.0
33.77999999999785 -0.8033906474040327 -0.9212697469878701 0.0
33.78999999999818 -0.5333663242098203 -0.9517172711973199 0.7003476962463842
33.79999999999851 -0.44490633779381816 -0.9231587336991519 1.1975632568606311
33.809999999998844 -0.5003311558401498 -0.9984598504683134 0.6985779256790122
33.819999999999176 -0.653687982654936 -0.9538237935675123 0.24904106483510688
33.82999999999951 -0.6966111394073302 -0.9388853978189731 0.13699260642312133
33.83999999999984 -0.6362146128246048 -1.0536086654660448 0.008338908797234645
33.85000000000017 -0.8056971275819872 -1.0594705280321952 0.0
33.860000000000504 -0.8301719643778078 -1.123158639280636 0.0
33.870000000000836 -0.8414378128199085 -1.3097343879629846 0.0
33.88000000000117 -0.8320294698690918 -1.1293264336212472 0.0
33.8900000000015 -0.8415089853933811 -1.1529304643900384 0.0
33.90000000000183 -0.5719542226340663 -1.2131941291023232 0.20854729738558975
33.910000000002164 -0.624201995065613 -1.4337537716679838 0.0
33.920000000002496 -0.41672436286784953 -1.4560528999114652 0.0
33.93000000000283 -0.5050725957008264 -1.249094170168073 0.3082815954291027
33.94000000000316 -0.5416654284203304 -1.0298362129886338 0.4334660373816112
33.95000000000349 -0.45872040521893204 -0.9834325448083312 0.895932349767358
33.960000000003824 -0.4558325517081313 -0.8851643742796127 1.7224876501003468
33.970000000004156 -0.26223518994008044 -0.8876305579405954 4.217855814469635
33.98000000000449 -0.31400755035951533 -0.9764675890592491 2.3529614457103722
33.99000000000482 -0.12317531763886028 -1.0732273276087778 2.378922053881217
34.00000000000515 -0.18611804912585123 -1.0906099253330104 1.8258085943768303
34.01000000000548 -0.3431380415347111 -0.9310272646368697 2.587194025494853
34.020000000005815 -0.48705338837583956 -0.8414012026950645 2.10514893332138
34.03000000000615 -0.574145047221334 -0.7719306681165139 2.704571146823136
34.04000000000648 -0.542470589269944 -0.853243605548015 1.1711536693066196
34.05000000000681 -0.3719180654798945 -0.9612326846786156 1.926106382797829
34.06000000000714 -0.32443264893860263 -0.9382353586018365 2.7297928948508985
34.070000000007475 -0.3286477231895311 -0.8868549947331703 3.5504249707406306
34.08000000000781 -0.39294194075463296 -1.2132566657278019 0.6752504483285673
34.09000000000814 -0.24975292092762152 -0.8809466772786105 4.4250019632264666
34.10000000000847 -0.1549097627364155 -0.787574979996392 6.657593800408591
34.1100000000088 -0.24816743232150443 -1.1120328285715062 1.4027458909932327
34.120000000009135 -0.5076010750578701 -1.2012763459143323 0.43911973668441895
34.13000000000947 -0.3822885904179505 -1.1753858975031617 0.8335440759253928
34.1400000000098 -0.5013484974823461 -1.2020620921563208 0.4664848802781508
34.15000000001013 -0.4936487071173046 -0.7920508150113821 2.8454830323898275
34.16000000001046 -0.6693982597315224 -0.8051524795546026 1.6123838908870218
34.170000000010795 -0.6747310940601539 -0.6805800826111235 3.8488776285883666
34.18000000001113 -0.6161364294061278 -0.9273240905639226 0.4683167073833262
34.19000000001146 -0.5220608701696291 -1.0762720174036042 0.3936242649236908
34.20000000001179 -0.528238215030229 -1.1758275404637795 0.35421692006024574
34.21000000001212 -0.5241122535242115 -0.9750660038555073 0.672491857867403
34.220000000012455 -0.38001878803821293 -0.8230718966523878 4.041214431408023
34.23000000001279 -0.6494734200325711 -0.8753819525526503 0.532798145981375
34.24000000001312 -0.5370112778835959 -0.9343749960388729 0.732462896434684
34.25000000001345 -0.6242262596974155 -0.7789094730510338 2.352560828390113
34.26000000001378 -0.5070600243885512 -0.8786219761338467 1.0729867240398632
34.270000000014115 -0.49345651502412086 -1.0534715379201056 0.576339923487351
34.28000000001445 -0.519775265617918 -1.042249113683304 0.497310154905139
34.29000000001478 -0.48640753312116713 -0.7796122989280524 3.210448034786541
34.30000000001511 -0.6542556890068733 -0.8724244429855471 0.5259212936944478
34.31000000001544 -0.7424494305243302 -0.8072536609258072 1.189835394302502
34.320000000015774 -0.7795349527932164 -1.1667516843903458 0.0
34.330000000016106 -0.8601852318290071 -1.2924022782385172 0.0
34.34000000001644 -0.5992562686452154 -1.3812065809850864 0.0
34.35000000001677 -0.5880028043372618 -1.1937046614362647 0.1531330094344732
34.3600000000171 -0.3039719601763946 -1.1809066624534361 0.8824628871386965
34.370000000017434 -0.24763255940749124 -1.3140353116700187 0.17293771767790028
34.380000000017766 -0.2681213831971914 -1.0075378226252099 2.332071169788608
34.3900000000181 0.0292992291720075 -1.1699215433730452 1.9726347923550898
34.40000000001843 -0.08550170242528582 -1.0106910161136313 3.623831328192496
34.41000000001876 -0.19233422957523488 -1.063948829092717 2.100195240543662
34.420000000019094 -0.23434985033904804 -1.020887935280175 2.4214286489387558
34.430000000019426 -0.1177559760963815 -1.1762972753174128 1.3927920726902538
34.44000000001976 -0.08460889903465524 -1.2010515107720017 1.3698704560824626
34.45000000002009 0.056040544815018245 -1.435539610181109 0.07234875952013335
34.46000000002042 0.2704916850060145 -1.4601512778436152 0.2708254331324893
34.470000000020754 0.32040919331466333 -1.266439808666284 1.7733238416070074
34.480000000021086 0.4427493159558667 -1.1617606206630526 2.8847468132409517
34.49000000002142 0.347268399480257 -1.3707818123902062 0.8721071321086507
34.50000000002175 0.17706693598410395 -1.6587623378919725 0.0
34.51000000002208 0.2089303450857432 -1.6515504069879983 0.0
34.520000000022414 0.30706048853522794 -1.4884574544899176 0.21667769327784017
34.530000000022746 0.33311371047583793 -1.2805704346832996 1.632081566392146
34.54000000002308 0.3620464248639861 -1.313009340334298 1.3592499710601051
34.55000000002341 0.09714902527004649 -1.208312518168346 1.7599055012551896
34.56000000002374 0.2087108858888628 -1.1571015076815936 2.51492604371
34.57000000002407 0.36673130975172924 -1.2108756128669431 2.27778554948713
34.580000000024405 0.45059153340959684 -1.185099648167203 2.699301638279696
34.59000000002474 0.5277942586053658 -1.0957737387066346 3.7879312287056597
34.60000000002507 0.6176945759009462 -1.2176435232950096 3.053151047609212
34.6100000000254 0.8085434499649488 -0.9097881643823347 5.25973347776999
34.62000000002573 0.8293607567155212 -0.98891621834375 4.688566612706136
34.630000000026065 0.9369085117915485 -0.6957108231848823 6.433548043442618
34.6400000000264 1.154867246372553 -0.8672937140976231 5.045437402485783
34.65000000002673 1.2748253376740082 -1.0832619998458786 3.264204513198874
34.66000000002706 1.4395885532760868 -1.0640699217327143 3.3030724647595653
34.67000000002739 1.4984990879568283 -1.2177753244201197 2.0953509889289634
34.680000000027725 1.665328048562924 -1.2016495983825455 2.7758710686391135
34.69000000002806 1.5630501402468728 -1.4177803408561276 0.9120323116399773
34.70000000002839 1.4127455749008666 -1.3191646315759538 1.2185329271493854
34.71000000002872 1.5776460140648916 -1.1988435742296004 2.525665945448657
34.72000000002905 1.3322588492742269 -1.3479328250384495 1.0496078613088882
34.730000000029385 1.5583583975522621 -1.3178222695913062 1.4909149989451342
34.74000000002972 1.6370935024318145 -1.2493742533694994 2.2279602281508875
34.75000000003005 1.6815792710357171 -1.153372332990983 3.305097609637328
34.76000000003038 1.8231036076363503 -1.1208946232949297 3.955743096838474
34.77000000003071 1.915785489516722 -1.005895067110441 5.062203767408836
34.780000000031045 1.8833766476850387 -1.0454967750660138 4.722679131827102
34.79000000003138 1.961743255582615 -1.0618818666336283 4.399754493594543
34.80000000003171 1.9962073176397697 -1.1719673809503282 3.0787856347567755
34.81000000003204 2.1066960877147505 -0.956851946305148 6.34634828756366
34.82000000003237 2.1686814931675773 -0.8054939273551115 9.090479908336448
34.830000000032705 2.0455856460242705 -0.7237514061114895 9.855827546372971
34.84000000003304 1.9273688426314055 -0.6488655570562808 9.840418485036809
34.85000000003337 2.0235666485072397 -0.7136940991998658 9.885109156815805
34.8600000000337 2.177494044288081 -0.6831629925546596 11.368137276871414
34.87000000003403 2.145063434965735 -0.8254275032131145 8.602048108330223
34.880000000034364 2.082555406848369 -0.7464324738751165 9.589524830888182
34.890000000034696 1.994570145152786 -0.8934075491067782 7.028450129210921
34.90000000003503 2.0132114125690865 -1.0556348876433317 4.476478849946458
34.91000000003536 2.0978511224035867 -1.134616501929337 3.3296952366093744
34.92000000003569 2.1172974492147936 -0.9132819126859364 7.1022630057883696
34.930000000036024 2.15553433381602 -0.8289497231550637 8.593916501805573
34.940000000036356 2.124070999278123 -0.7457485085342281 9.805884713769228
34.95000000003669 2.038572834914401 -0.7874748248783919 8.72336144420169
34.96000000003702 2.2994585606198212 -0.8293035566663624 9.605470142809065
34.97000000003735 2.1682676956023057 -0.9909174967659335 6.000011464762909
34.980000000037684 2.2069666548883564 -0.7504422663399538 10.618945142420452
34.990000000038016 2.1992934412483383 -0.6351059173831444 12.583504391903997
35.00000000003835 2.4113943844702668 -0.9221557117327328 8.144002434963836
35.01000000003868 2.3739226051667255 -0.9647548849936682 7.3699869585063595
35.02000000003901 2.0841515151873944 -1.1514732548522313 3.1417700610557477
35.030000000039344 2.1639276363186513 -1.120695131342758 3.7544689784535312
35.040000000039676 2.2497810844008477 -1.2624161650760564 2.4734178337528094
35.05000000004001 2.097675109299366 -1.181841623293497 2.8116722280775637
35.06000000004034 2.0683577057671476 -1.0431311029234531 4.791572231532763
35.07000000004067 2.038230251844734 -1.2005116759064685 2.640637802053462
35.080000000041004 2.228411951754022 -1.164706064389055 3.447505138515675
35.090000000041336 2.0352865700890437 -1.1411167654394427 3.3205359059133475
35.10000000004167 1.937647808362506 -1.4274551451217727 1.0740029993047389
35.110000000042 1.866623425809312 -1.2923606631826825 2.0883628557704776
35.12000000004233 1.9490416373762545 -0.9818843947873775 5.432300657406529
35.13000000004266 1.7016233955211935 -0.998774689282055 5.000865569885961
35.140000000042996 1.433184971065245 -0.9472715464742932 4.394504249767879
35.15000000004333 1.4635838476680487 -1.0791363869341708 3.238347361730593
35.16000000004366 1.3681120637932664 -1.170329730186634 2.4062426281177283
35.17000000004399 1.2687351179563193 -1.2285739435905032 2.001046613707726
35.18000000004432 1.0923062354807485 -0.8335542159531981 5.423054731802614
35.190000000044655 1.2811925736188305 -0.5204240433087137 6.689122315634123
35.20000000004499 1.3948350521742827 -0.5441413220257505 6.68435784721116
35.21000000004532 1.3586149222374866 -0.7185027375702348 5.945940884808854
35.22000000004565 1.0429619060033917 -0.6563150021708875 6.394697090083829
35.23000000004598 1.0245153625024237 -0.47670097896912234 6.760023456679468
35.240000000046315 1.011470288186302 -0.39925039560196796 7.022560572769436
35.25000000004665 1.0825217310680686 -0.34621717859854184 6.921835884785448
35.26000000004698 1.2210035565938622 -0.21939612369821915 6.754461226747882
35.27000000004731 1.3192408640596802 -0.24243897299610317 6.837063608839712
35.28000000004764 1.2114800355643132 -0.27772032763725996 6.932480626043427
35.290000000047975 1.404661157858665 -0.18668396321318392 6.8254276341174425
35.30000000004831 1.4229570894577936 -0.16905181640152833 6.854943242553659
35.31000000004864 1.4145099758439863 -0.17066724428749214 6.83505436434659
35.32000000004897 1.4751256776981527 -0.26688835141043576 7.296529603672306
35.3300000000493 1.5044786617470627 -0.10120234155116703 7.458659088440218
35.340000000049635 1.3416950158235599 -0.2540620441988204 6.885691312074568
35.35000000004997 1.156047113238844 -0.15042288450894992 6.630984271151757
35.3600000000503 1.147305858457797 -0.20143890018287658 6.667378872804807
35.37000000005063 1.2407995410430588 -0.07469618291588564 6.587723081757557
35.38000000005096 1.280788561881475 -0.20121508924017428 6.775965887719138
35.390000000051295 1.065245071405791 -0.17409197480568472 6.743248418549168
35.40000000005163 1.160232273077284 -0.29070152601113297 6.910474075425592
35.41000000005196 1.3048172709653207 -0.3818074386331691 7.026243278551689
35.42000000005229 1.5028242072033564 -0.4220335699161253 7.4881863981751815
35.43000000005262 1.3073600763903885 -0.2598108049887745 6.896231918792305
35.440000000052954 1.2570978057247302 0.05346790701416826 6.4361106567281166
35.450000000053286 1.3516850119423853 0.13039579855947347 6.706699709030628
35.46000000005362 1.287521256001434 0.15257893255143096 6.724785237915922
35.47000000005395 1.0939117487046657 0.2364046118529759 6.605589093996231
35.48000000005428 0.9194894780850902 0.17986213669618822 7.28271975226588
35.490000000054614 0.747310676937521 0.190859039657847 8.573687920891095
35.500000000054946 0.7781608853605289 0.3300778541887902 7.98622735291381
35.51000000005528 0.7341271522645088 0.4657900016366445 7.66601643108589
35.52000000005561 0.5093169733112253 0.5494878600206863 8.398483784979001
35.53000000005594 0.1345955522348111 0.4752112070240818 12.513854079849587
35.540000000056274 0.03864733220884575 0.33996200617994143 14.397055229806762
35.550000000056606 0.12366762674077181 0.4289543155421338 12.98409414908934
35.56000000005694 0.060259073318212175 0.6217946573655811 11.162443292151861
35.57000000005727 0.25629151408103845 0.5997942887148164 9.829987480410859
35.5800000000576 0.31660733906593236 0.6199050379027103 8.98427205959603
35.590000000057934 0.30519053961683834 0.5529542570095956 9.9593695076147
35.600000000058266 0.3209709474541674 0.6376307940561021 8.778233410382875
35.6100000000586 0.16559898638367088 0.8126904942311419 8.119936139198748
35.62000000005893 0.22016197048749775 0.8194045185843635 7.534262284495679
35.63000000005926 0.08475034585168795 0.9726617256014065 7.184556796363161
35.640000000059594 0.02100272759663313 1.0471708972240872 6.8738616857259025
35.650000000059926 0.04191836851506103 1.2844225707592787 5.481823119284433
35.66000000006026 0.008448433622311402 1.2306033324896009 5.68465306550639
35.67000000006059 -0.29320804177795556 1.4506263422463743 4.376121569502439
35.68000000006092 -0.5411651383123628 1.39976220171915 3.5480498872162354
35.690000000061254 -0.6446070740544503 1.281085688517672 3.0643640729360397
35.700000000061586 -0.6601717429651842 1.184252590477474 3.3750678273937806
35.71000000006192 -0.5761408825464976 1.4672542074729118 2.9352013265588557
35.72000000006225 -0.6179299245943678 1.3591605242528904 3.050018535405301
35.73000000006258 -0.6576696389803085 1.2779489512203854 2.9489259256254963
35.74000000006291 -0.7740500219836417 1.0632285504665362 2.9955021572467477
35.750000000063245 -0.7714508334555119 0.9641086205022402 3.491415186368982
35.76000000006358 -0.6260828444432566 1.0413628594801885 4.312190317678706
35.77000000006391 -0.6457625481482118 1.0652376503539656 4.020200766933799
35.78000000006424 -0.42966603618973603 0.998765978997816 6.0073484284262175
35.79000000006457 -0.24942328315373258 1.053639647574141 6.578380810255265
35.800000000064905 -0.14892950639378474 1.255186738192133 5.354873568779515
35.81000000006524 -0.2739014248326691 1.16845644123175 5.64960547259775
35.82000000006557 0.0027621701361802836 1.0719669303399681 6.71474960031879
35.8300000000659 0.20300947970128014 1.2685609300306895 4.998813232043441
35.84000000006623 0.18910293253838661 1.2916839708310077 5.064918851116637
35.850000000066565 0.4073840683383558 1.3226203127313312 4.302670906959585
35.8600000000669 0.3597175889826826 1.2630796558865578 4.396838392247393
35.87000000006723 0.16410786769895697 1.253029592685194 5.205380262387841
35.88000000006756 0.20592357872996706 1.0641707343505873 5.608909282517717
35.89000000006789 0.1464633890128468 1.049110198516489 6.138629987020692
35.900000000068225 0.3693844177218254 1.0667035765186632 4.826186010186864
35.91000000006856 0.17830435905418132 1.0616679964732356 5.829510194234089
35.92000000006889 0.12298594950886813 0.9806365533622898 6.84398997475243
35.93000000006922 0.03442901607579899 1.0026974884317177 7.238730899334673
35.94000000006955 0.21745301520093444 1.2407491331259737 4.985847862391049
35.950000000069885 0.4017416193738808 1.019294053980563 4.9727584152632325
35.96000000007022 0.5263213095268201 0.8056494525879427 5.673993968130976
35.97000000007055 0.5635567496816172 0.8719020463783124 4.844328819265433
35.98000000007088 0.5893887150071822 0.7656030258430574 5.664456419321143
35.99000000007121 0.685566550784958 0.9196777553331419 4.909121609571316
36.000000000071545 0.5646795377238667 0.8336763252262535 4.998302644813449
36.01000000007188 0.7682218846679896 0.9479488986238227 4.988857499732185
36.02000000007221 0.7325572530268207 1.0051894033298376 5.080127938703235
36.03000000007254 0.576758468625958 1.241541822127485 4.645023144040643
36.04000000007287 0.6057302444295898 1.167860677476672 4.892565288620162
36.050000000073204 0.4069768408871405 1.2037461054083163 4.490143829392363
36.060000000073536 0.3559264356895963 1.1433331559142221 4.647787593559014
36.07000000007387 0.3241441811338948 1.1483641782129885 4.759133626794133
36.0800000000742 0.3983902000842524 1.0288755670629373 4.92593363564334
36.09000000007453 0.42088010030073986 0.8816507695502523 5.633955046138507
36.100000000074864 0.5283996572699247 0.8305577040755555 5.3679918127214155
36.110000000075196 0.4602257003346918 0.71813103361078 6.839183664698947
36.12000000007553 0.3121308709220012 0.9630884254775078 5.623996990287012
36.13000000007586 0.5944205721162407 0.764245213139166 5.659299111217409
36.14000000007619 0.4060230405546848 0.6080792223941813 8.391857425221556
36.150000000076524 0.41347527874335577 0.8063940093200793 6.2319752395862364
36.160000000076856 0.5417391771493921 0.6817808552125796 6.9448544069627935
36.17000000007719 0.6632480041509063 0.723476602546303 5.8776333373179686
36.18000000007752 0.6224552755087702 0.8572983772237497 4.753933000140926
36.19000000007785 0.7788526631713091 1.0441354411267059 5.110501065314971
36.200000000078184 0.8975655743375303 0.9627792210940455 4.9830746957110446
36.210000000078516 0.8384820171881415 1.154107020037768 5.282485336524608
36.22000000007885 0.9181914597326646 1.0106700722074637 5.094997194963737
36.23000000007918 0.8887271288586874 1.0079135186215185 5.073007686621972
36.24000000007951 0.8684195562285671 0.9080365397617092 4.799517823773663
36.250000000079844 0.8060778986292239 0.7915041785454077 5.060792094238217
36.260000000080176 0.7264896868387757 0.5597451837121421 7.0370994618143765
36.27000000008051 0.7560342515049528 0.6755781666053229 5.972042032009629
36.28000000008084 0.688183284853182 0.7774873746337927 5.204696421236489
36.29000000008117 0.5640277352653987 0.8110704280535664 5.326091289014045
36.3000000000815 0.6170548906663283 0.7971370752403479 5.145711686672927
36.310000000081835 0.7389492185254681 0.845510309589485 4.846451090805072
36.32000000008217 0.9278524414137983 0.7415534362392355 5.2316645762442775
36.3300000000825 0.8177593492117903 0.857997894485003 4.8126336881740555
36.34000000008283 0.9409229608717677 0.7705617740461985 5.132944282019337
36.35000000008316 0.8594439765221236 0.7252588090172645 5.3169013654951955
36.360000000083495 1.191221448718228 0.7408919833951034 5.713187297397215
36.37000000008383 1.136999264627784 0.7853483972167109 5.56542680327853
36.38000000008416 1.163093983627794 1.0675434766529577 5.482053983456469
36.39000000008449 1.2754017901365937 0.9575361783739316 5.656648299705659
36.40000000008482 1.2596663740072613 1.0740312527286706 5.657623123611071
36.410000000085155 1.3436753720925845 1.0347701277510384 5.703167732133728
36.42000000008549 1.639745338796403 0.9802116882345194 5.924314306137253
36.43000000008582 1.7023596432962642 1.1179986997694673 5.738891321147706
36.44000000008615 1.7696919957726747 1.0776992436800397 5.794701602456181
36.45000000008648 1.916252177114365 1.0353428153095368 5.911480312274455
36.460000000086815 1.8087287571171284 0.8371040086835484 6.547215198418004
36.47000000008715 1.7106225675691813 0.6393653051386516 6.622925523784296
36.48000000008748 1.9016504743119664 0.6764227506645725 7.1991898628598525
36.49000000008781 1.795991963149024 0.7398903724534418 6.211100779641615
36.50000000008814 1.7691615300609862 0.6834538164644812 6.384259319866652
36.510000000088475 1.6945335523892968 0.8096122722546575 6.388331626130471
36.52000000008881 1.8594192289301803 0.8386788120488953 6.627770802491641
36.53000000008914 1.819973661866308 0.996923286264229 6.02639449073612
36.54000000008947 1.6715569968701611 0.9998082021115273 5.932853268965454
36.5500000000898 1.776199492097525 1.182319180040805 5.618191095445363
36.560000000090135 1.9175268809215755 1.2789490273884758 5.2203860889098905
36.57000000009047 1.6735652673488004 1.2397634864943594 5.549116441502228
36.5800000000908 1.5302780890637229 1.335891092310666 5.571748673751084
36.59000000009113 1.5569752783749593 1.2538901274200942 5.525409876527279
36.60000000009146 1.657484073816019 1.1824114296146724 5.653711443186161
36.610000000091794 1.4237557262473544 1.292294528361805 5.579364795774215
36.620000000092126 1.4228775766210524 0.9823547982482344 5.7483379910729315
36.63000000009246 1.2886511961550178 0.7718483683473015 5.887692953665621
36.64000000009279 1.2565785262583817 0.8053873543085345 5.915758021262539
36.65000000009312 0.9653286365672777 0.6182070313604338 5.581874273653318
36.660000000093454 1.0070639772439178 0.7640444932836253 5.279322187761531
36.670000000093786 1.1173604974206106 0.782279788501098 5.505596911753468
36.68000000009412 0.9751707783772637 0.5591217670435635 5.757196706516938
36.69000000009445 0.772098887572376 0.45329366711639174 7.429110778057752
36.70000000009478 0.8196874309552022 0.5296981990774186 6.649398957440541
36.710000000095114 0.8619503019777651 0.26941028044782556 7.582907498081608
36.720000000095446 0.6666877950377383 0.4999448867999188 7.8973317903562155
36.73000000009578 0.8420899200812899 0.40639645088612497 7.2463528989015655
36.74000000009611 1.0353275021797412 0.4993257143598032 6.024854303724022
36.75000000009644 1.342848453310602 0.4487287419174536 6.507416924772628
36.760000000096774 1.4596890975575236 0.614171459649004 6.0935040280712345
36.770000000097106 1.4096779121730114 0.7288333318711107 6.0310489125053195
36.78000000009744 1.45324297380176 0.9007287261026503 5.95921416527883
36.79000000009777 1.511811839357631 0.7263220379376345 6.119297256342412
36.8000000000981 1.5539661301506746 0.6681896408091718 6.176117884220517
36.810000000098434 1.5702331961515816 0.7206336026272725 6.15166003949905
36.820000000098766 1.4670537089666986 0.6436559188145735 6.088498935992497
36.8300000000991 1.4179737918881228 0.5595706288209469 6.221360475819847
36.84000000009943 1.4647320817094054 0.6887993035270116 6.042821791051264
36.85000000009976 1.3568320281946626 0.9004952099899826 5.851547433358521
36.860000000100094 1.5199174924099867 1.0277595821968357 5.769689709446984
36.870000000100426 1.324882285106608 1.1734159139996234 5.726588821545647
36.88000000010076 1.207332565972525 1.10580250409231 5.580760916632983
36.89000000010109 1.1423311391948128 1.2677223860554852 5.501654487242668
36.90000000010142 1.1872061635511453 1.2254299990816744 5.549477879512205
36.91000000010175 1.3300672352342628 1.5228451978932138 6.000236045264501
36.920000000102085 1.3477865115246086 1.3495093721235045 5.760908799110124
36.93000000010242 1.4306157503789032 1.515657502860295 5.822559586186516
36.94000000010275 1.2291915074662285 1.3440233886410982 5.6912625815250735
36.95000000010308 1.2242069646434475 1.3681030397062839 5.688528430797403
36.96000000010341 1.2655902926266553 1.502511945279231 5.960404200381769
36.970000000103745 1.3638283462426335 1.6802525236561632 7.059215206959872
36.98000000010408 1.4584489596610644 1.6321956965455064 6.586407638151122
36.99000000010441 1.39393107156915 1.7404197661925593 7.695291011267313
37.00000000010474 1.405338617811612 1.7891641904539242 8.852701134937487
37.01000000010507 1.5741449956788396 1.8242587500530512 10.041280554948113
37.020000000105405 1.6157931858923025 1.7034494504942945 7.541193068927395
37.03000000010574 1.7923009296876997 1.6007870232776746 6.05884242352405
37.04000000010607 1.9598664790832558 1.6270304528685842 6.157488125871496
37.0500000001064 2.0709945117743533 1.682591186904241 6.212303563233448
37.06000000010673 2.01927642160102 1.7896603024556221 7.298884005153905
37.070000000107065 2.0069954419470997 1.5429910558746993 5.434124404478439
37.0800000001074 1.982238469563179 1.4735093823375034 5.293124729086178
37.09000000010773 2.028521544726147 1.7040768451700605 6.465165867569708
37.10000000010806 1.8650112163024084 1.4955393860062558 5.632129612443384
37.11000000010839 2.183547543718315 1.3965916424185438 5.0215765567303015
37.120000000108725 2.178408025500994 1.4362915504342209 5.066128033767383
37.13000000010906 2.0129098986790335 1.103644002627016 5.623981737401189
37.14000000010939 2.157358428352147 1.1957676961912465 5.382503303069081
37.15000000010972 2.0966350460232515 1.2388233899754204 5.110254610673418
37.16000000011005 1.9047439132094972 1.138407478974541 5.575442449650035
37.170000000110385 1.8354739117050334 1.3764586418902567 5.54163958683206
37.18000000011072 1.7674145282350175 1.2848124543395392 5.482793839362245
37.19000000011105 1.74846448472535 1.3252161987708457 5.57177316063234
37.20000000011138 1.6516397120183788 1.4431524750921971 5.711189902340333
37.21000000011171 1.5300006979761196 1.6292754013423767 6.745580088139025
37.220000000112044 1.3040860582705351 1.3973659090103712 5.761000381413989
37.230000000112376 1.1876191079682796 1.3974415319281364 5.587285452666552
37.24000000011271 1.0473452419561526 1.3892327752028835 5.6028116991079555
37.25000000011304 1.2330787654914996 1.1260721988294797 5.659897201555156
37.26000000011337 1.3954124119606197 1.0323098855097228 5.735278385014595
37.270000000113704 1.3804951747594383 1.1180481830220823 5.739860676196635
37.280000000114036 1.425760983087421 1.0371027092341774 5.686548952617827
37.29000000011437 1.4746101290463587 1.1896323188072224 5.586223067647696
37.3000000001147 1.572815529957415 1.1654067391439198 5.69069670285419
37.31000000011503 1.634668271519814 1.0243286348391665 5.853029388056472
37.320000000115364 1.6311323942720373 1.1338865584612274 5.681624102869203
37.330000000115696 1.6182927410928736 1.1693192824673393 5.674550372855771
37.34000000011603 1.6941117899725873 1.2294987583999142 5.590546146968501
37.35000000011636 1.7215664453788777 1.441646679758417 5.71673874850653
37.36000000011669 1.7008318648977427 1.350910315746518 5.642071894564241
37.370000000117024 1.6194078978423776 1.528704184341129 5.941361656170505
37.380000000117356 1.8755377834175806 1.6777054566754543 6.662708342907793
37.39000000011769 1.7325775019351732 1.4572746830685586 5.708541936904831
37.40000000011802 1.6445746774701413 1.5658270747583751 6.120770911319569
37.41000000011835 1.4566306272941758 1.56931752201121 6.113294133240398
37.420000000118684 1.5784458852323886 1.6264268865958478 6.693164435858962
37.430000000119016 1.5522299883719866 1.533792114280486 6.044120511034606
37.44000000011935 1.461692115811584 1.4726557417963402 5.690260122212236
37.45000000011968 1.465866045849401 1.3407252807832246 5.526451370087076
37.46000000012001 1.600300694760855 1.432609824953563 5.7154046409840715
37.47000000012034 1.6018544736351872 1.342598706734051 5.617619878952452
37.480000000120675 1.659084472504707 1.626909727400395 6.523164752553045
37.49000000012101 1.6947063808795455 1.7521027280236967 8.038462743817355
37.50000000012134 1.5698487246370163 1.5486375412518898 6.136366511918986
37.51000000012167 1.4555173030369044 1.0719269507571447 5.618069377958113
37.520000000122 1.3994125025135054 0.8502919434870538 6.131219673777541
37.530000000122335 1.5592138381523628 0.8776758551291702 6.23218002811868
37.54000000012267 1.421347978490934 1.091450946451942 5.656337870021719
37.550000000123 1.339497164895893 1.0169782159705774 5.703995734649343
37.56000000012333 1.1501577122337574 0.8644784465033032 5.560506533998918
37.57000000012366 0.855657840684458 0.7317608641595702 5.285715810504349
37.580000000123995 1.1205414817893047 0.7126274566829499 5.612738047483949
37.59000000012433 0.8951488823926916 0.6248529213270391 5.645026597415201
37.60000000012466 0.963671741745849 0.8124116889533903 5.074862822588495
37.61000000012499 1.0186311832584438 0.8039256204033465 5.293850258958862
37.62000000012532 0.8295882021190837 0.8096385289050673 4.931488512008256
37.630000000125655 0.8150078607818041 0.6910143222655534 5.511248895313216
37.64000000012599 0.5623119571260685 0.6600300870993813 7.072115124803574
37.65000000012632 0.5872345494030224 0.8122204850193904 5.071313500686605
37.66000000012665 0.5940500488514037 0.7652558165502552 5.64941368956593
37.67000000012698 0.47882020963824684 0.7149250047440947 6.82528446240776
37.680000000127315 0.34964888373016834 0.5499764177655411 9.545975257205855
37.69000000012765 0.3445114704955414 0.632289121191158 8.621661001656406
37.70000000012798 0.4698687320975973 0.8544925656942182 5.574570905493728
37.71000000012831 0.11937984208893856 1.0416423472735983 6.376958771186612
37.72000000012864 0.17214724280050975 0.8864674046050854 7.351698854348512
37.730000000128975 0.32979802564982774 0.8089762342319003 6.716673095819621
37.74000000012931 0.4495410150543838 0.5773738302224529 8.443849575225354
37.75000000012964 0.8194775552772597 0.5625683200624372 6.435461068487771
37.76000000012997 0.9325712412410115 0.3258874500793823 7.0534270866970274
37.7700000001303 0.9377905818995194 0.2830253471072304 7.106159830370155
37.780000000130634 1.0793807944446963 0.35523454984525504 6.519944683585424
37.790000000130966 1.0381126525881332 0.057447389372913826 6.6293514586999756
37.8000000001313 0.822517725627946 0.07744463734349338 7.9067229691349015
37.81000000013163 0.9144389359925104 0.2696413110936844 7.2278974617881255
37.82000000013196 0.868375015093363 0.5116547303148037 6.479633466980868
37.830000000132294 0.6831272461907163 0.5703724896619176 7.199576473746545
37.840000000132626 0.6500297919563132 0.5605654756704952 7.438480687735819
37.85000000013296 0.5888988410858286 0.8161975004043405 4.9970515639626285
37.86000000013329 0.5127959769953294 0.7375159835018491 6.470232575883482
37.87000000013362 0.6579941413455866 0.4787306485963434 8.129215556332257
37.880000000133954 0.6051788634788052 0.8188569206544681 4.883173922620874
37.890000000134286 0.7568868017725554 0.8288681172224626 4.86898938564422
37.90000000013462 0.7901080999168086 0.9077582770765745 4.8786333886971684
37.91000000013495 1.0792224181443533 0.813429343936062 5.478965843598896
37.92000000013528 0.9003416840767389 0.7064567921211602 5.387348716459126
37.930000000135614 0.8536513134641166 0.7280306879714669 5.304115348184483
37.940000000135946 0.7766900931851143 0.7823321196866793 5.144020310356059
37.95000000013628 0.677321013176092 0.7755689878156534 5.203383664468639
37.96000000013661 0.7103649876367029 1.0896497091314374 5.148098711576063
37.97000000013694 0.6481636995535955 0.988288965384185 4.922126038248566
37.980000000137274 0.73524124694294 0.792503880860624 5.1317777309257275
37.990000000137606 0.8976677206581795 0.7116024065134074 5.366467975773632
38.00000000013794 0.8759849101541761 0.8305176408156949 4.816619483763032
38.01000000013827 0.7401383789996617 0.9015151399784951 4.914045715271919
38.0200000001386 0.8213257137596598 0.8762794858598153 4.815276226443633
38.030000000138934 1.0152057704458877 0.950896291073489 5.187324913982533
38.040000000139266 1.2195412803393872 0.9425782417001816 5.569520075579399
38.0500000001396 1.5354210047045505 1.0691515218694023 5.723841680700168
38.06000000013993 1.7196514475023288 0.9024541856849614 6.33439504566462
38.07000000014026 1.804372781646518 1.0320000240196132 5.923519200342212
38.08000000014059 1.6921233057972849 0.8497412322328671 6.422729144873111
38.090000000140925 1.527288768505493 0.8409270650928555 6.32144223453992
38.10000000014126 1.5562878036489782 0.892817660963236 6.171790739590001
38.11000000014159 1.2717573644109637 0.9917989194894956 5.642400418266133
38.12000000014192 1.421205153934579 1.1240166378484724 5.646573253520945
38.13000000014225 1.6034136334908966 1.136123883347484 5.694920206802846
38.140000000142585 1.8410438826098354 1.2398377706463777 5.467544539961139
38.15000000014292 2.020127818189679 1.3414831996306404 4.992516245419736
38.16000000014325 1.928857433254892 1.7029492115456355 6.667217607386688
38.17000000014358 1.9794655618280657 1.5560971771206438 5.692034314483929
38.18000000014391 1.7401798686894874 1.3358902189872817 5.597644112100569
38.190000000144245 1.680621118912587 1.547488821808516 5.999358401866438
38.20000000014458 1.8653651778612013 1.7273918073441876 7.17005894691318
38.21000000014491 2.1063235862681564 1.9991479274063333 11.412798455369423
38.22000000014524 2.082910998912627 2.1889387307555865 15.538922887460512
38.23000000014557 2.0600146536864097 2.12222112143694 14.475141656985388
38.240000000145905 2.001653444155242 2.0340474914735394 13.147462629960927
38.25000000014624 1.8133600595754396 2.131006831228352 17.425987978699403
38.26000000014657 1.804521021377834 2.111365569699518 16.88925025668815
38.2700000001469 1.7608572414848302 2.1268880756682416 17.7557470482548
38.28000000014723 1.9240390318038838 2.0811512649287587 15.147053537494429
38.290000000147565 2.0220055226337617 2.0616297379431816 13.625334560068781
38.3000000001479 2.166804205673311 2.290830372357137 15.847802500170957
38.31000000014823 2.2283223570974906 2.630396131427563 18.126791010010454
38.32000000014856 2.2842207308016507 2.77117014761621 15.960340883217082
38.33000000014889 2.0964139759828924 2.746684611775362 19.674494137000266
38.340000000149224 1.9508300016113127 2.9952472232394025 18.811984014634387
38.35000000014956 1.9833744149662538 3.1260316372167147 16.070834601546725
38.36000000014989 2.1721151235194593 3.2684908791722824 10.602080173083104
38.37000000015022 2.1763916171855278 3.275055262820847 10.456500280594367
38.38000000015055 2.0637870634649644 3.2844032054799452 11.275577083029123
38.390000000150884 2.1210344397768632 3.241719179292407 11.168013840617267
38.400000000151216 2.2361656435733694 3.4905150607226165 5.666641585745895
38.41000000015155 2.2175588197496943 3.2872374584982085 9.824580919448513
38.42000000015188 2.215178634460182 3.3730360395766965 8.134006689814633
38.43000000015221 2.252196101082049 3.187383916245323 11.261781010842038
38.440000000152544 2.0609745935707995 3.4075737689625223 9.176816255478055
38.450000000152876 2.0579154837906746 3.3589408710898416 10.08991763040336
38.46000000015321 1.9246874812306949 3.189034313575427 15.671001398945105
38.47000000015354 2.0850972054320924 3.227571709305589 12.021111352742526
38.48000000015387 2.170331055354448 3.304126465620707 9.899712962799963
38.490000000154204 2.000204412436309 3.202048566443902 14.257618784396955
38.500000000154536 2.0391921502659622 3.3038238088689758 11.279381966937562
38.51000000015487 2.1169467607408285 3.2912394130621783 10.368099871721038
38.5200000001552 2.007020585870649 3.045464359005341 17.16139976129471
38.53000000015553 1.9665196489572765 3.2905597317117374 12.868572493220988
38.540000000155864 1.8174594253358145 3.279243410686896 14.622116251054532
38.550000000156196 2.012995968920692 3.20457961423267 13.972474203713276
38.56000000015653 2.063955112843728 3.0910161887517207 15.170662328652938
38.57000000015686 2.0454746801849364 3.3087688053793753 11.06323322029276
38.58000000015719 2.0033752545483825 3.0648123082198855 16.867051787435567
38.590000000157524 1.9944307225186073 3.2709324760494267 12.901314696789246
38.600000000157856 1.9071695127543693 3.284686949428905 13.798893518500181
38.61000000015819 1.790619422200285 2.9746825499959266 20.77245970287163
38.62000000015852 1.8504027435552284 3.147366610369689 17.197013658396994
38.63000000015885 1.8137372825153975 3.2473323374610104 15.390816411883982
38.64000000015918 1.9835512711822179 3.387595933740772 10.592063764925468
38.650000000159515 1.899213530685175 3.4997392524293724 8.85876527003239
38.66000000015985 1.9161723541160036 3.4022169012068 10.895639365970817
38.67000000016018 1.8070952432885368 3.2854056745217775 14.4931911308486
38.68000000016051 1.813883690286649 3.4002485946989083 11.67854280441654
38.69000000016084 2.006609252492053 3.281121079512604 12.464772152569976
38.700000000161175 1.9952526629463698 3.5159304981885224 7.791430063027713
38.71000000016151 2.1897744467661693 3.5397691609666633 5.368923997230343
38.72000000016184 2.1287685656465323 3.467975398657413 7.209577428952083
38.73000000016217 2.2103477956138686 3.4086545795059493 7.367014501557123
38.7400000001625 2.3323396442052595 3.2861894788661346 8.154024776019254
38.750000000162835 2.2119178092999148 3.3011839435776347 9.570947981272607
38.76000000016317 2.0233855717773084 3.2964029991600063 11.77221340211904
38.7700000001635 2.238571897668761 3.4376694343689453 6.513849902784127
38.78000000016383 2.3362596286134774 3.4274216086883165 5.630758078435687
38.79000000016416 2.297995144594978 3.4621462389850217 5.336531056480312
38.800000000164495 2.3404055335612686 3.4430737080135536 5.184783814769807
38.81000000016483 2.210832881666062 3.522615766572576 5.407423529821717
38.82000000016516 2.2190390756791825 3.5039410027883227 5.630569525761558
38.83000000016549 2.0482797100123777 3.301387130096688 11.13208617444508
38.84000000016582 2.246056424135067 3.2654458363325896 9.911693720542074
38.850000000166155 2.2600624867947556 3.480138186883729 5.553525728652572
38.86000000016649 2.0958250556001254 3.7686578917029068 2.5549385631944506
38.87000000016682 1.9501103389548609 3.6762298423833366 4.769174263547414
38.88000000016715 1.879478290603892 3.645942285831774 5.578272368198551
38.89000000016748 1.7516258933393196 3.751680640527991 3.3042461562376992
38.900000000167815 1.827485470086064 3.5917840176910056 6.973321028782444
38.91000000016815 2.053316608265363 3.749527713367073 3.038980771514508
38.92000000016848 1.8277720356559448 3.729956848691006 3.8729145931174536
38.93000000016881 1.8969477463798883 3.3036373204997536 13.36067178955562
38.94000000016914 1.8049703378470228 3.5525167386077356 7.933592636368004
38.950000000169474 1.8871947366663968 3.6556512831047288 5.310768642873231
38.960000000169806 1.7567383067465558 3.4126088524844764 11.702800176215545
38.97000000017014 1.5787601806263238 3.155460713338287 17.830818429996757
38.98000000017047 1.705809095434099 3.1399248804621473 18.77163323337594
38.9900000001708 1.8334015366793421 2.993944320809745 20.087680536699082
39.000000000171134 1.86235436630081 3.0452098067423785 18.957311372399232
39.010000000171466 1.6874689836267542 2.766677730097591 23.931076146655677
39.0200000001718 1.7686996896456886 2.849492432618698 22.22537202480978
39.03000000017213 1.6342897444482405 3.0120192483619372 20.953611577815757
39.04000000017246 1.6825060998349604 3.322684538955462 14.494040031460035
39.050000000172794 1.8202630245785278 3.1713835642347132 16.835046836396845
39.060000000173126 1.825320444974558 3.2851264364585644 14.423182412257418
39.07000000017346 1.960508405148037 3.1913043993856416 15.124931259376181
39.08000000017379 2.1248345881473956 3.0978281474943175 14.218667931555704
39.09000000017412 2.108353715980319 3.219420307023327 11.61870102061684
39.100000000174454 1.963232407427708 3.3667515431697277 11.195248102241747
39.110000000174786 1.8680341484239076 3.5834232128073253 7.117434813340871
39.12000000017512 1.7110809501593442 3.4875119093927642 10.113268129165792
39.13000000017545 1.846712800379017 3.4062116531862827 11.431518324973506
39.14000000017578 1.8492352839720962 3.1606354573903896 16.796696378995367
39.150000000176114 1.9615371314151977 3.313931452583636 12.415052421514645
39.160000000176446 2.008225935361154 3.3042265858715427 11.86359593457872
39.17000000017678 1.968621135359757 3.2620672437970106 13.502835227689335
39.18000000017711 2.041630630705398 3.0635457254485385 16.126808149082095
39.19000000017744 2.0546000525561054 2.939020344836134 18.22326543564184
39.20000000017777 2.121209883820999 2.966776229360262 16.72488276496374
39.210000000178105 2.2010666399411885 3.075688163950857 13.897832112132068
39.22000000017844 2.389608329002831 3.0386073998866747 12.584148362032733
39.23000000017877 2.460214123544623 2.934428422291908 11.417690701961249
39.2400000001791 2.4025238399173525 2.822041064013544 14.369066991769184
39.25000000017943 2.4329378500872356 2.890414495319109 13.191618835731907
39.260000000179765 2.5474837398053394 2.966763538317733 9.738225924933904
39.2700000001801 2.358913568199119 2.731338836217803 15.795455359196202
39.28000000018043 2.2698504262945813 2.5100173733886586 16.319339265984226
39.29000000018076 2.4717577741090633 2.2161027065269217 11.019037771604621
39.30000000018109 2.3877289484377147 2.245260618151431 13.039659735218931
39.310000000181425 2.54155774336111 2.548212192424391 11.45106169202651
39.32000000018176 2.402854681396776 2.6360884531253292 15.651172128160379
39.33000000018209 2.3592919159040364 2.6359446038477015 16.41688943031517
39.34000000018242 2.274003733708422 2.636136565768801 17.221641874567172
39.35000000018275 2.0787245876417244 2.7334427012300186 20.052189737352986
39.360000000183085 2.1311160811357426 2.8571826622281122 18.194220905230026
39.37000000018342 1.9706181896824282 3.137460573823067 16.086404021368836
39.38000000018375 1.8848880465409779 3.1980820711587032 15.901622497923832
39.39000000018408 1.9302955909900341 2.9541274635166657 19.612761796666575
39.40000000018441 1.912594641485426 2.83773061317584 21.153373904770742
39.410000000184745 1.9033614493633424 2.9638334765339005 19.834038782374467
39.42000000018508 1.8540317268857724 3.2281694149739697 15.521664125831613
39.43000000018541 1.7191932924988738 3.3013732054517315 14.839423305870277
39.44000000018574 1.7927546336794844 3.3193683298283734 13.694892287261645
39.45000000018607 1.661375553218129 3.6821454728491947 4.801245786100513
39.460000000186405 1.6673517454236555 3.692659802372626 4.5479469324574735
39.47000000018674 1.4541989729575142 3.7485293222846794 2.9547021080097524
39.48000000018707 1.4185420576328256 3.505381760019321 8.871472659634295
39.4900000001874 1.604618841695507 3.2850981471460337 15.232399599856308
39.50000000018773 1.396168325070894 3.182146669315877 16.51885453846654
39.510000000188064 1.3939445839381344 3.1818885119579066 16.505872474455032
39.520000000188396 1.4094254727711089 3.1918546088023367 16.421353436926267
39.53000000018873 1.4629257220872298 3.3178075087258887 13.799572640362781
39.54000000018906 1.6384443360332674 3.344751289660435 13.988319421101073
39.55000000018939 1.8555802271049124 3.3757043278993994 12.038119053580116
39.560000000189724 1.8351208989209282 3.5166939291279125 8.834801326426609
39.570000000190056 1.86976130732286 3.56448046730557 7.605202884610901
39.58000000019039 1.912499149856818 3.5818200110058305 6.89556205436015
39.59000000019072 1.8573270157893222 3.5186716379831697 8.730030364260731
39.60000000019105 1.855265177037025 3.4249116431332283 10.926604593721125
39.610000000191384 1.9828887782458917 3.3147797566907715 12.087601105506351
39.620000000191716 1.7682025379251423 3.3758929874127332 12.49196375842631
39.63000000019205 1.6422077532990806 3.563272155273194 8.309303850579512
39.64000000019238 1.5902903390560903 3.6903434473009273 4.658919038971945
39.65000000019271 1.756821573575281 3.7294407104933316 3.6184689731683535
39.660000000193044 1.7452540878343186 3.8225501870276197 2.34356097422377
39.670000000193376 1.728399762696176 3.8019460455642626 2.5268158698816565
39.68000000019371 1.523913688111267 3.6579290494732697 5.242811175957783
39.69000000019404 1.225734686457709 3.528157842932215 7.007500707995406
39.70000000019437 1.2293132745524713 3.5605621457863137 6.323083753151562
39.710000000194704 1.1099575259008803 3.27453669892006 10.615069487573475
39.720000000195036 1.2426738547029195 3.299140834976478 11.807104149268836
39.73000000019537 1.2487621881550641 3.280041557366544 12.412785804403564
39.7400000001957 1.4309479267535132 3.383552803105781 11.92977926496221
39.75000000019603 1.6589813289134292 3.646184692896882 5.7172135522764895
39.760000000196364 1.5147509806949695 3.751859502595885 3.0955054127548616
39.770000000196696 1.264952934409635 3.5098494805893496 7.833522239054788
39.78000000019703 1.2166235361882873 3.505807495823863 7.3635415897647265
39.79000000019736 1.1324551556097138 3.4417550972477917 7.368119552200073
39.80000000019769 1.1592893563224411 3.371180627741844 9.314895280770656
39.81000000019802 1.009042843248317 3.4775007795208124 5.720478552626796
39.820000000198355 1.164172986250462 3.625821551966919 4.378576410370134
39.83000000019869 1.1602846737040595 3.6620231753955665 3.7026095972040727
39.84000000019902 1.1544503365322765 3.845016085243316 1.1414333712659794
39.85000000019935 1.015070260666743 3.7376203499905802 2.1534353545940395
39.86000000019968 1.0740494023773142 3.5156486075602196 5.689953213284087
39.870000000200015 1.203800808446834 3.4070401471283236 9.299033126626652
39.88000000020035 1.1012706016526739 3.2986349034756857 9.93012278952283
39.89000000020068 0.9988222507492138 3.345551446300364 7.581122792607184
39.90000000020101 1.016302243053322 3.3312585977947617 8.020068818743253
39.91000000020134 1.0338873859877724 3.5972986951626673 4.3075350929179335
39.920000000201675 1.0899735538741158 3.3286722390440895 9.235668347454641
39.93000000020201 0.9759614078723552 3.338512508867438 7.434552013282045
39.94000000020234 0.9103707821964053 3.5403826735561683 4.29732125056877
39.95000000020267 1.1969594428820072 3.6275410783089135 4.565728417873279
39.960000000203 1.1762952694738966 3.5464342323403697 5.946707438063579
39.970000000203335 1.0884273579402 3.466080616869391 6.6329316567613095
39.98000000020367 1.138891284780437 3.5904388282216537 4.805905719633611
39.990000000204 1.216782827130464 3.4329716467703992 8.896568106091262
40.00000000020433 1.3783209190267254 3.2793144798709135 13.981040215046846
40.01000000020466 1.3356055712533061 3.21075571099492 15.247933799054385
40.020000000204995 1.157218296252101 3.2460914581802207 11.525929408171834
40.03000000020533 1.117329396369661 3.2443307632886045 11.306681108943476
40.04000000020566 1.1243040929032888 3.5354872819914123 5.71086574362441
40.05000000020599 1.2054985800703337 3.5507245323290593 6.218628741715322
40.06000000020632 1.2153344912104607 3.6989331179159626 3.4254095465150263
40.070000000206655 1.0020765894183823 3.4981629211110503 5.326981534223963
40.08000000020699 1.2199746202347304 3.6164231556386417 4.944566613865719
40.09000000020732 1.0493482111134744 3.71690702391159 2.4812869146933796
40.10000000020765 1.0794983080733784 3.471264254906821 6.487086065847612
40.11000000020798 1.1926768451454448 3.4549012820530853 8.046761749905523
40.120000000208314 1.1976588954917766 3.2888533276021206 11.184070325707758
40.130000000208646 1.352279375956519 3.2301304574829475 14.8443851140387
40.14000000020898 1.1380529535235084 3.208006322608136 12.13012395810217
40.15000000020931 1.0026129578803231 3.318209534307285 8.03703675917891
40.16000000020964 1.350212836918604 3.362253938985595 11.733663958502426
40.170000000209974 1.2864969754236384 3.4128586522501614 10.203109086015367
40.180000000210306 1.3382863429258411 3.3582566904864524 11.724563193278
40.19000000021064 1.1098591299981915 3.242390108038413 11.270484039748442
40.20000000021097 0.9574584073579998 3.2132469157107524 9.827165549703887
40.2100000002113 0.8172691454395369 3.288428379506456 6.540295379359382
40.220000000211634 0.628712354278946 3.2636614715309302 5.467507746502303
40.230000000211966 0.6847980041220803 3.3206746252680857 5.260191224780595
40.2400000002123 0.7550999296031762 3.4101274708903064 4.86393495407212
40.25000000021263 0.619663664849992 3.2260353122363012 5.8232491661008705
40.26000000021296 0.5990752844024554 3.318416765718015 4.8826292823610835
40.270000000213294 0.7213899978607534 3.224898861985386 6.630543784423686
40.280000000213626 1.0009603325951992 3.468409469825469 5.759097357428893
40.29000000021396 0.9568080929402324 3.389236963061658 6.4507455958448
40.30000000021429 0.7671105705412592 3.2362601822841954 6.935903971450573
40.31000000021462 1.0468550137236459 3.0309116275966757 14.102975712687345
40.320000000214954 1.3860555407810284 3.0979217288997623 18.275706826535398
40.330000000215286 1.4255894091301355 3.3513846795695628 12.718249301049092
40.34000000021562 1.8044846245241406 3.1314384555921433 17.853331685496244
40.35000000021595 1.8769563119014798 3.1942390487767733 16.040934101703392
40.36000000021628 2.1070104732844177 3.083895243714372 14.682960082829808
40.37000000021661 2.1367473229318765 3.170880004330072 12.307339764026274
40.380000000216945 2.1188798347859468 3.52575870012881 6.144902261794918
40.39000000021728 2.0487915539314536 3.3565777544063096 10.231153023418234
40.40000000021761 2.2390947275996007 3.4289076708616317 6.692386171790533
40.41000000021794 2.4563034715007275 3.468398793213625 4.019665749830368
40.42000000021827 2.3019255986167124 3.2955815173277445 8.295119743087405
40.430000000218605 2.3891723959972073 3.341923446324514 6.732500778141496
40.44000000021894 2.586175654142938 3.314695049633051 4.709445682491285
40.45000000021927 2.80188234237172 3.045501088666329 4.544168552386109
40.4600000002196 2.858346562119383 2.902941271193226 4.404247617531757
40.47000000021993 2.8247194402296945 2.856176659975569 5.0365687584797225
40.480000000220265 2.9215624254061088 2.983855715560726 3.548727950157472
40.4900000002206 2.837950812565377 2.7468477159043787 5.4602697483966365
40.50000000022093 3.028979968238009 2.6125500651398568 3.0896362966634703
40.51000000022126 3.1845548103408854 2.4784950167262227 1.6975421371497394
40.52000000022159 2.915646757984228 2.3504843770894017 4.969503702298958
40.530000000221925 2.958151763114447 2.357190815504368 4.423619989779694
40.54000000022226 2.669338591470965 2.263736251821059 8.432044866067459
40.55000000022259 2.563754515795562 2.026195226711584 8.201457769879223
40.56000000022292 2.4219345360036177 2.0160721165134126 9.520981202371424
40.57000000022325 2.5664825078923625 2.1978502080653888 9.453285646948089
40.580000000223585 2.815127775460345 1.8240952154536276 5.355294211245738
40.59000000022392 2.81786911708695 1.9328687614217028 5.618172454237158
40.60000000022425 2.7817560694394463 2.0865825318131916 6.405647323205116
40.61000000022458 2.8396211612738647 2.1945471302719226 5.926043370003686
40.62000000022491 2.756209964336005 2.213458448721644 6.955289107959344
40.630000000225245 2.633902413987368 1.9610109574536594 7.194507854256641
40.64000000022558 2.609131789096513 1.9255113692531816 7.025888659551484
40.65000000022591 2.537936263500717 2.1293898504654822 9.538234428798328
40.66000000022624 2.500583842335795 2.063556983623934 9.375038205408917
40.67000000022657 2.572984393986234 1.961408966865454 7.433408373360893
40.680000000226904 2.293876772778333 1.926379527023312 8.852133309311824
40.690000000227236 2.3679966867983318 2.0423184629608686 10.396738469267081
40.70000000022757 2.390748695482737 2.1522382454882876 12.194599905569174
40.7100000002279 2.3785738397624665 2.3983953998094494 14.630120153997506
40.72000000022823 2.4157872159134035 2.2706951759283154 12.877434552504301
40.730000000228564 2.525399137606429 2.126509576825586 9.682281699518397
40.740000000228896 2.2917954197885972 2.05426111632411 11.08763695452013
40.75000000022923 2.388156494168733 2.1328144912537157 11.884612572016161
40.76000000022956 2.389097586443308 2.144220141353223 12.081727691736106
40.77000000022989 2.2580285952478834 2.1933566782093536 13.320677791091748
40.780000000230224 2.3111032716441144 2.2089361047938767 12.535010146155685
40.790000000230556 2.2258731462629373 1.9831661957421427 10.657400505013396
40.80000000023089 2.0273122092452196 2.1718099271200146 15.962541945348308
40.81000000023122 2.0456278466734052 2.2147852205630922 16.391506885959107
40.82000000023155 2.142625924461531 2.203965200817179 14.990750787435552
40.830000000231884 1.8583054724927428 2.155607167332156 17.711995761155347
40.840000000232216 1.7200116524141646 2.2584888454514274 20.37933488160837
40.85000000023255 1.8793517037295033 2.4060223764184574 21.42722582094418
40.86000000023288 1.940004579315525 2.280841806071952 18.90668001624002
40.87000000023321 1.6896485327923394 2.384049761126795 22.16482897952664
40.880000000233544 1.8634428487155095 2.2303726250350095 19.04832624553162
40.890000000233876 2.086595864612623 2.265141497662277 16.6207103490537
40.90000000023421 2.028959236190575 2.207833512901875 16.61775993603848
40.91000000023454 2.105258263013939 2.4543986958297985 19.266750175433245
40.92000000023487 1.9776797881840062 2.5391795984277943 21.41479097781472
40.930000000235204 1.9644189866659911 2.4437937259784133 20.98364531557579
40.940000000235536 2.1761804003747933 2.346082229539961 16.76083954810735
40.95000000023587 2.121128788870529 2.4154571023176556 18.756118722658385
40.9600000002362 2.0487766312146745 2.4320634094333364 20.056395450536108
40.97000000023653 2.15108862475837 2.3450294319407456 17.19125648291713
40.98000000023686 2.1584257466908374 1.9552093008628846 10.419265485114842
40.990000000237195 2.016090910102384 1.9710121135334446 11.272002652808323
41.00000000023753 2.004751599967494 2.0969480700466527 14.67396655981248
41.01000000023786 1.8242486528123616 2.0752891032147542 15.859539338968855
41.02000000023819 1.9076881854568724 2.135101388214975 16.77931940230724
41.03000000023852 1.5289480031500557 1.7637397185489163 8.659817086244079
41.040000000238855 1.695089211995787 1.6686884326064089 6.882301756763959
41.05000000023919 1.4627328444007288 1.6700962438133211 6.8918993752848765
41.06000000023952 1.5300750264117464 1.8535131710907686 10.936672389507498
41.07000000023985 1.6391990146189244 1.614894614428521 6.448352343284032
41.08000000024018 1.76368542119117 1.3338743813684537 5.5424878237514665
41.090000000240515 1.8597558137312686 1.217550665470839 5.494643258676945
41.10000000024085 1.9296510037441246 1.0136149481280778 6.011075910531487
41.11000000024118 1.8748792221237325 1.0673245625231222 5.832355532411043
41.12000000024151 1.9532551196330348 1.0511410186319476 5.902829793215054
41.13000000024184 2.106073214246722 1.0642789924567724 5.748922135162692
41.140000000242175 2.0758707483592804 1.2629515881143871 5.00820882996384
41.15000000024251 1.927511530842073 1.3225950734413165 5.20997477506989
41.16000000024284 1.8605381541420225 1.2823916073572366 5.406120459494833
41.17000000024317 2.019821890981496 1.4255249257126472 5.006069025586062
41.1800000002435 1.846591981485926 1.3298527719527162 5.496033260920514
41.190000000243835 2.0813368064856674 1.2929810966049788 4.952172902356039
41.20000000024417 1.9730592060690677 1.3938375878569589 5.164642261551194
41.2100000002445 2.1779527674574104 1.3838839683634367 5.000449935489939
41.22000000024483 2.134479624035619 1.4437105248276794 4.968471100551612
41.23000000024516 2.141416183295378 1.4909645990026237 5.021613990497453
41.240000000245495 2.1137386616527705 1.2274724476128542 5.169983399974065
41.25000000024583 1.961456904513601 1.200993886927323 5.43238171996123
41.26000000024616 2.041786754426451 1.2608214575928651 5.008771151166194
41.27000000024649 1.9800220230117027 1.1877700242335754 5.4866468191196915
41.28000000024682 2.167940627439175 1.2916608757909176 5.080177115132454
41.290000000247154 2.3481593459494436 1.2871615121672526 5.319411707287288
41.300000000247486 2.101998652938247 1.1979257765917155 5.281858886837628
41.31000000024782 1.9460807940541804 1.0863972161014994 5.755121151490878
41.32000000024815 1.9634773046909881 0.7573705279298181 6.67824877297913
41.33000000024848 1.7971241518476622 0.6958197059163005 6.32253501047812
41.340000000248814 1.8470323511599998 0.7261105138125422 6.262901553890014
41.350000000249146 1.9213005256758868 0.6862269341703502 7.220798812243705
41.36000000024948 1.861259025670358 0.7284135989705087 6.323045069123932
41.37000000024981 1.9454103749896603 0.6739153878846235 7.700182159847364
41.38000000025014 1.991916584581321 0.3973017615404373 12.271462805267365
41.390000000250474 1.6931236082413559 0.41476194392917193 8.567318562330236
41.400000000250806 1.7512988415514508 0.3757447582864957 9.408335501724087
41.41000000025114 1.5155345797167854 0.3867466817799262 7.253801807155478
41.42000000025147 1.5919767588320648 0.3879307182506349 7.837256131971407
41.4300000002518 1.2971545484734905 0.2563261875695062 6.766283252491083
41.440000000252134 1.283241107926702 0.5458108271369188 6.2622375212072185
41.450000000252466 1.1993144883589584 0.49353392978786237 6.161098121781787
41.4600000002528 1.2596018423828839 0.22747546674102226 6.749134203140255
41.47000000025313 1.0674609348327808 0.6552706994714543 5.676633412042726
41.48000000025346 0.8995224661763564 0.7025145768629462 5.4047486933988695
41.490000000253794 0.8573132287435509 0.739842608960499 5.245520024489817
41.500000000254126 0.6501789593941867 0.9191244718091218 4.851916902290175
41.51000000025446 0.750732130536953 0.8967618191647344 4.901246477258173
41.52000000025479 0.6600719838618303 0.7504196395012932 5.525397919329251
41.53000000025512 0.6789854427444382 0.7138430091820337 5.944069617875963
41.54000000025545 0.5903624128823031 0.915765092822851 4.759105070783791
41.550000000255785 0.5891025572218982 0.7545424070812552 5.824470923015525
41.56000000025612 0.7077054803628917 0.7820628870610556 5.199062497171006
41.57000000025645 0.722801654686636 0.948340822460336 5.017260205946638
41.58000000025678 0.9238490316872071 0.9462484555226616 4.95787480505861
41.59000000025711 0.9167578793267868 0.9568683161965155 4.976149668278859
41.600000000257445 1.112007136535789 1.1129251530471926 5.4973207199561305
41.61000000025778 1.285123813158368 1.1183169625923841 5.683950590036401
41.62000000025811 1.383773739226326 0.7925096371493707 6.079935384617219
41.63000000025844 1.5763032670013748 0.724260649791728 6.154747932017528
41.64000000025877 1.7390649987140836 0.7104202857172977 6.181086772667611
41.650000000259105 1.7125382396692246 0.6803369816282353 6.277210497052026
41.66000000025944 1.8790217213484643 0.4823787697636115 9.447944249774029
41.67000000025977 1.75488761661314 0.6720708707539906 6.466169053882004
41.6800000002601 1.927043939493398 0.7543803856978513 6.44516648827261
41.69000000026043 1.935522246355808 0.6484394543202716 7.9640421832770185
41.700000000260765 1.9928390701573768 0.7927529121999125 6.983084919269982
41.7100000002611 2.196175412150119 0.6723554596334285 10.087447454889984
41.72000000026143 1.9473394991463147 0.696138711418161 7.35583242731642
41.73000000026176 2.1956615001502247 0.7677043137843094 8.102257520902501
41.74000000026209 2.2421393548860977 0.6628343364556755 10.6834775364257
41.750000000262425 2.337528629165616 0.7261559150183203 10.125130162856777
41.76000000026276 2.3921904031507024 1.0089704709906144 6.795798652657427
41.77000000026309 2.3674051290090543 1.0347953007964588 6.484108868641192
41.78000000026342 2.405789488734545 0.7457346358682232 10.084973477351362
41.79000000026375 2.489098195804963 0.772334495459474 10.215324434363902
41.800000000264085 2.5640431800325536 0.6489640374656667 13.542574788662733
41.81000000026442 2.497714481545137 0.736496060759674 11.250248781160057
41.82000000026475 2.327999673341043 0.6305231430957993 11.977921333949482
41.83000000026508 2.3465749940397034 0.583780851906063 13.191626019043971
41.84000000026541 2.326876147014695 0.5103141216379657 14.335426944885803
41.850000000265744 2.588166671598341 0.5099628618368829 15.862591138953029
41.860000000266076 2.4409204830064093 0.31344379398219546 18.382752733779416
41.87000000026641 2.4202379912160605 0.40494173520900173 16.835305621559776
41.88000000026674 2.3779134994006994 0.45415563147548366 15.952973162786963
41.89000000026707 2.2578449902893793 0.6862895143538821 10.238573811474586
41.900000000267404 2.2606342996452415 0.7019340217296872 9.953758460532487
41.910000000267736 2.2066591238150064 0.5855258256516467 12.157292293144474
41.92000000026807 2.259826410628519 0.7166141736576581 9.715558493735735
41.9300000002684 2.2479062163303944 0.6539945021561527 10.928052158426544
41.94000000026873 2.3064331516353955 0.7611906300421479 9.046945072812411
41.950000000269064 2.2474787742666167 0.615892328479082 11.711304901853577
41.960000000269396 2.2103334266053416 0.3792500042316548 15.975114891341747
41.97000000026973 2.1007949322830726 0.48045576311051613 12.972200218125396
41.98000000027006 2.228692182461246 0.585148760144266 12.329102281400376
41.99000000027039 2.239373989982943 0.5730827319441112 12.64287999017543
42.000000000270724 2.144250748580595 0.48036353052926783 13.498363743728024
42.010000000271056 2.233356561429074 0.5768608472289163 12.529184798439955
42.02000000027139 2.286252041556391 0.5969618177267304 12.467519411013587
42.03000000027172 2.0812482464614677 0.38804399787853544 14.053445419168867
42.04000000027205 2.320322694955652 0.2946786774740019 17.897389805608235
42.050000000272384 2.267650717117651 0.32062902764021495 17.28514543645936
42.060000000272716 1.9552636073863259 0.486723751047937 10.604093503818543
42.07000000027305 1.9259652135288041 0.32734588416403954 12.664404535063014
42.08000000027338 1.9976193560308935 0.5110969830267528 10.961735066285403
42.09000000027371 1.9110533496280653 0.5525592092194106 9.094460822803558
42.10000000027404 1.9685527675104484 0.6356073562798668 8.475616465036707
42.110000000274376 1.8932387246017608 0.746067162945492 6.366104596323928
42.12000000027471 1.573124141622022 0.6515168387718834 6.198717537198307
42.13000000027504 1.4865018860713293 0.6848801098582635 6.089588498024299
42.14000000027537 1.3053664331355888 0.4942336491718249 6.35608668196676
42.1500000002757 1.3710782237200527 0.6259040843737479 6.126360453074149
42.160000000276035 1.2458048007374605 0.5265602596954899 6.274660183210113
42.17000000027637 1.4207163868425856 0.36819782873499207 6.784266906853255
42.1800000002767 1.336640863104252 -0.029328095167218793 6.618776458307691
42.19000000027703 1.4755298137463355 0.07612519775053073 6.874837098135805
42.20000000027736 1.4382187071276211 0.06567600094552883 6.635239362747871
42.210000000277695 1.3955867034897307 0.14820160007054295 6.758345489188258
42.22000000027803 1.5066937294954699 0.14064570596772352 7.735678057483793
42.23000000027836 1.5742093728865203 0.2237578865666311 7.875074061039371
42.24000000027869 1.5421336141010353 0.19469798871900013 7.6384786553608
42.25000000027902 1.4413348456456214 0.3787760600565345 6.732293905424767
42.260000000279355 1.618182495716872 0.1293901105066897 8.836606372841127
42.27000000027969 1.6134330347493622 0.2704021699791831 8.373895628103757
42.28000000028002 1.6564486717215452 0.25815650624155884 8.842003155993732
42.29000000028035 1.928008450231513 0.4289043317711392 10.62094050780814
42.30000000028068 1.9011840990074003 0.4578422588257678 9.975266145665337
42.310000000281015 1.8363091003926426 0.5663220374445279 8.431224704387223
42.32000000028135 1.97018953298491 0.6205065576293936 8.679581292223313
42.33000000028168 2.0147332990446407 0.820270141466159 7.240878131405491
42.34000000028201 1.8561708486568673 0.6929419895789877 6.5293882273501955
42.35000000028234 1.9281006592615126 0.611042741234453 8.419276584083427
42.360000000282675 1.9334794477141393 0.743161266381501 6.587681026944283
42.37000000028301 1.8950111831215546 0.6092951645052893 8.146718721327431
42.38000000028334 2.001657160789706 0.7207617096602215 7.692444421667663
42.39000000028367 2.0193603800288376 0.7049795820932172 8.002138506479382
42.400000000284 1.8710936251720964 0.7141296359860272 6.434685358448716
42.410000000284334 1.9170991336113234 0.5113958577840798 9.537386284426844
42.420000000284666 1.8150595245871737 0.4005135198771179 9.793322733126821
42.430000000285 1.7270481365918129 0.4465800245162239 8.571035358427803
42.44000000028533 1.5903948618557924 0.45200829305792256 7.230182496543005
42.45000000028566 1.7902279779796426 0.20126151401465053 10.516423260191914
42.460000000285994 1.998731248191951 0.25861684705527266 14.327117247098345
42.470000000286326 2.1143348487185163 0.2995476517673301 15.894436636262421
42.48000000028666 1.8715208179474185 -0.06457729106069199 12.672042022833708
42.49000000028699 1.9920907278110491 -0.0831981021742314 15.507489879934276
42.50000000028732 2.156074954608768 -0.03256978716992276 17.867783068498056
42.510000000287654 1.9478878524889993 0.016344221707197515 14.763711933719204
42.520000000287986 2.0649810333666707 -0.1655698859282363 16.617609249334926
42.53000000028832 2.1403733296550547 -0.41877659607746476 14.96620338630685
42.54000000028865 2.219783667725761 -0.45452757687724143 15.66703863032512
42.55000000028898 2.263717886854888 -0.397868450179933 17.0503730834407
42.560000000289314 2.316846079914518 -0.21601025778369576 19.18970230539018
42.570000000289646 2.1100280987419255 -0.40031392822122913 14.71636532597761
42.58000000028998 2.071083226619893 -0.611687928530054 12.026450170377432
42.59000000029031 2.0218636529392118 -0.7912893498942724 8.655069338011263
42.60000000029064 2.0648907171450435 -0.7844192841017023 8.857461375322126
42.610000000290974 1.9885958069708145 -0.6764189967709785 10.215880088093753
42.620000000291306 2.048514415761759 -0.7627865537907133 9.188921162654587
42.63000000029164 2.305560584616062 -0.7944360846155313 10.329209883514043
42.64000000029197 2.1669762405728457 -0.926754455637229 7.108155600117578
42.6500000002923 2.180780641313712 -1.0144717562609977 5.67075833722355
42.660000000292634 2.3332070387796042 -0.9878540981100058 6.9302250675326995
42.670000000292966 2.286510919174821 -0.9267389493922009 7.8992275690456095
42.6800000002933 2.2743400490068764 -1.1117826200426701 4.595059014423923
42.69000000029363 2.198220479906385 -1.0852191120990682 4.619160424301571
42.70000000029396 1.8815895148308792 -1.0000857063490303 5.245934866010528
42.71000000029429 1.9153292930414831 -0.9889888335865016 5.24386421616024
42.720000000294625 1.8021370591223675 -1.0232295823935216 5.0181576045460385
42.73000000029496 1.8684186120352557 -0.8788843955374915 6.583728395635454
42.74000000029529 1.8439194221847144 -0.8199467057785057 7.409492776444924
42.75000000029562 1.6836998528030933 -0.9559867989607339 5.373191602944085
42.76000000029595 1.63967263224645 -1.1857216494977878 2.870173826196472
42.770000000296285 1.5414403630568345 -1.2033414006190362 2.377843080841699
42.78000000029662 1.4791398281219712 -1.2033700431705217 2.149968013986598
42.79000000029695 1.5115179040633446 -1.2357128505196275 1.990491516826299
42.80000000029728 1.5679659606472698 -1.1281378745875639 3.175701565476732
42.81000000029761 1.448818981911413 -1.1973385423223704 2.0754712305267713
42.820000000297945 1.4628003865590027 -1.3512707100000119 1.0640474756477394
42.83000000029828 1.4624593896114528 -1.563904288728653 0.04069206660215794
42.84000000029861 1.4576119386131627 -1.4033384747247228 0.7774639220218453
42.85000000029894 1.4050585399729396 -1.3334940277735727 1.1291358314253983
42.86000000029927 1.4181362202689458 -1.3781212380853902 0.880457279954128
42.870000000299605 1.242551532754971 -1.5066399093415774 0.30872763661074887
42.88000000029994 1.1701171563801078 -1.3595183057971587 1.004843966828237
42.89000000030027 1.0206071140323218 -1.325969189532877 1.3904183020496423
42.9000000003006 1.185775782432821 -1.242406257344527 1.7896713070548596
42.91000000030093 1.1145776794940152 -1.2701306740064788 1.5950506947156344
42.920000000301265 1.0367372597297688 -1.3074001794714685 1.5082314268392312
42.9300000003016 1.099610955453718 -1.4351686699774602 0.6901094437143935
42.94000000030193 1.0489793584087517 -1.1880917684809242 2.516564444147903
42.95000000030226 1.2495016780168635 -1.3725298552847742 0.9520058837517196
42.96000000030259 1.1811358060131039 -1.2074454813735311 2.080966729014237
42.970000000302925 1.3829726732097358 -1.0627469243591392 3.3473409062791513
42.98000000030326 1.3865090123626485 -1.1592648331117956 2.4852780319893233
42.99000000030359 1.350107342541985 -1.3815798136680444 0.8712216116311824
43.00000000030392 1.4449475442182007 -1.3642805642925044 0.952465493835325
43.01000000030425 1.313304409602608 -1.199928219657684 2.1696163195179734
43.020000000304584 1.476679915931686 -1.0762484537566746 3.340382047618554
43.030000000304916 1.3025833310798034 -0.9086504233070359 4.650207269664692
43.04000000030525 1.4384048180172757 -0.6882596718524426 6.296977856359977
43.05000000030558 1.6462370629167022 -0.7882780824002006 6.708511418440457
43.06000000030591 1.5894650084549582 -0.5984797339704101 7.715163189329724
43.070000000306244 1.5419728994389519 -0.4392347102695895 7.794587411580707
43.080000000306576 1.6230026573605114 -0.40458333977655225 8.508000190536158
43.09000000030691 1.4674754803820456 -0.21695603226387317 7.083267091933942
43.10000000030724 1.455503881513256 -0.07490161113029814 6.826246679738444
43.11000000030757 1.5351174591510484 -0.0571798851486619 7.592401951607774
43.120000000307904 1.4537219837776654 0.18830855653990608 6.8946964856211315
43.130000000308236 1.4161298299619822 0.1761030359586636 6.813199185216084
43.14000000030857 1.1860338084826871 -0.12763394441441756 6.593056827188501
43.1500000003089 1.1912473400044201 0.035639771205933535 6.415572334706411
43.16000000030923 1.3573410970148294 0.0005285158423629088 6.5998000081365635
43.170000000309564 1.2917959221817217 0.33459059450741374 6.856604882296097
43.180000000309896 1.7154640288168366 0.23624665711487852 9.445300623400433
43.19000000031023 1.6995143030369457 0.38575099009947966 8.90854108219058
43.20000000031056 1.489166829137863 0.18255357172568165 7.278799471743026
43.21000000031089 1.318521911469607 -0.016639739119720276 6.613594110979598
43.220000000311224 1.388331753522156 -0.020662251392599917 6.633063034669883
43.230000000311556 1.3170757190105855 -0.13657146997172642 6.693051107978987
43.24000000031189 1.3297846636649342 -0.10459285744422053 6.64646388549576
43.25000000031222 1.1628123681561877 0.03634807557157482 6.437748379541436
43.26000000031255 1.4083987447432373 0.050417717190854194 6.564182600246952
43.27000000031288 1.5133174580192792 0.036444333655955785 7.134886289809314
43.280000000313215 1.5038233825987317 -0.0494400782749449 7.2556191662506
43.29000000031355 1.7146895170650542 0.27401852245233504 9.480070818851932
43.30000000031388 1.3123245926241536 0.28317005544316276 6.789986841597056
43.31000000031421 1.2946376316744763 0.11809970433062089 6.6502783510308
43.32000000031454 1.2237728363760398 0.13098063108103492 6.616941488766637
43.330000000314875 1.1836706760490028 0.027552535805751954 6.424044570782818
43.34000000031521 1.1994461823562386 -0.08176060989867406 6.548947208142944
43.35000000031554 1.2820592133752802 -0.18915379687894995 6.764269274844656
43.36000000031587 1.2776772593554373 -0.16278266229221888 6.735718528108052
43.3700000003162 1.3544690267478483 -0.008570508242232433 6.616328065011064
43.380000000316535 1.102503609125841 0.1459974067629787 6.610823577588526
43.39000000031687 1.2272259561557946 0.2146821220783194 6.691119486159095
43.4000000003172 1.126067540834362 0.3546650983428594 6.501950081912716
43.41000000031753 1.1962777211455744 0.5728266087210652 6.004018518453328
43.42000000031786 1.1963817138366135 0.7521121357344153 5.704994355423324
43.430000000318195 1.342356179456292 0.8685222023933419 5.966510852314763
43.44000000031853 1.323968980109783 0.6417564529599693 6.078770358889404
43.45000000031886 1.3824789049901236 0.6356173702881932 6.131010769186138
43.46000000031919 1.1437079418824014 0.8677438006746875 5.529991395408626
43.47000000031952 1.0358660498677923 1.0297043922524451 5.375853888541668
43.480000000319855 1.0987226558883367 1.2765380424500128 5.519258735240097
43.49000000032019 1.291698448357244 1.0899230013291183 5.671675087702052
43.50000000032052 1.1655377148353174 1.3697716901324846 5.571992796542432
43.51000000032085 0.9320354170157881 1.2040559898744227 5.3808957651830145
43.52000000032118 0.6766996303061088 1.002386507859396 4.98378685820917
43.530000000321515 0.6486332431946203 0.8920880223280497 4.81941276287593
43.54000000032185 0.6322689192372626 0.7960288913740216 5.0770170976439655
43.55000000032218 0.6902270863919365 0.9581437076730022 4.980729852500077
43.56000000032251 0.5838832270844326 1.0784164112034296 4.7920154158880885
43.57000000032284 0.621233610847378 0.9820631366892466 4.870365982630105
43.580000000323174 0.5577219338409319 0.8543104129941529 4.98674655321353
43.590000000323506 0.8617720820856208 0.9282466546690926 4.852850821160697
43.60000000032384 0.9885984589735495 0.8908039184226383 5.020179127588547
43.61000000032417 0.8588615174089358 0.979251445531059 4.9859976221914835
43.6200000003245 1.0501356319783295 1.0735214621755642 5.4756975430061425
43.630000000324834 1.1381637911919062 1.0372882213011536 5.438996393054325
43.640000000325166 1.2937857844220306 1.1189887028755854 5.683658815181136
43.6500000003255 1.2898049312769992 0.9834638413348651 5.6539471712338045
43.66000000032583 1.1781127901461055 0.9335658894783593 5.469956985498835
43.67000000032616 1.0472735119557786 1.3033693569629818 5.5654465286150305
43.680000000326494 1.2993363938662192 1.2973136221142552 5.685136117566698
43.690000000326826 1.1198114134707606 1.1082408689785506 5.490327742246504
43.70000000032716 1.126621976979859 0.949640918413703 5.373367101051594
43.71000000032749 1.0562866440331669 1.1530085985981193 5.598483892563072
43.72000000032782 0.9788350151818949 1.1884702610127804 5.443353422149987
43.730000000328154 1.045787538884147 1.37244369512612 5.595606609682228
43.740000000328486 0.9991863260452332 1.5047913686656602 5.5906399796307245
43.75000000032882 1.001576263068413 1.2945414925950616 5.40684154887248
43.76000000032915 0.8159856000167788 1.4339667783426755 5.278572399579687
43.77000000032948 0.8112536533454957 1.43574126467941 5.27874570831362
43.780000000329814 0.7773555138946477 1.427453271004516 5.225915746051417
43.790000000330146 0.7689048857685385 1.3371218991997535 5.103513680438938
43.80000000033048 0.7255004113557721 1.5387627711127532 5.262321511063554
43.81000000033081 0.8917443986308385 1.5446275967211511 5.459426088205239
43.82000000033114 0.9228740035242893 1.6227490017261732 5.713076727313442
43.830000000331474 1.1732665869330523 1.657697073012785 6.545589262914061
43.840000000331806 1.0073370522099476 1.7437126875011177 6.367251667443709
43.85000000033214 0.8686318370705863 1.814636366054957 6.1578733237683885
43.86000000033247 0.9288665343187898 1.8127356403251593 6.491106094207598
43.8700000003328 0.7540112217215886 1.7716354632385631 6.067967553019791
43.88000000033313 0.7944589805696537 1.822978727522346 6.221860477868785
43.890000000333465 0.8578351418354244 1.8616048149414919 6.430183339465046
43.9000000003338 0.7408152111030251 1.8450675654627267 6.293961494458402
43.91000000033413 0.7129007192098542 1.6882388289250283 5.854409460981197
43.92000000033446 0.7582304994913083 1.9786266679199185 7.194800653352526
43.93000000033479 0.6716823462768029 1.9033786845130884 6.392315887881184
43.940000000335125 0.7726382149991848 2.1015914350073173 8.72564774411347
43.95000000033546 0.8526759833605043 1.9848704254983833 7.622782277159648
43.96000000033579 0.9536438038902484 1.9020105107168823 7.27015979439725
43.97000000033612 0.9689108550281946 1.9823188296945993 8.49992696744313
43.98000000033645 0.9629697199627769 1.9739449010337742 8.284641411294206
43.990000000336785 1.1723306256902777 1.8513000477358952 9.016273877702389
44.00000000033712 1.5075913818122748 1.819960611742482 9.961434672687485
44.01000000033745 1.6705701039054914 1.8034276790900348 9.321103223838886
44.02000000033778 1.4823785338742586 1.6662751646849943 6.945740573398531
44.03000000033811 1.6859591262024627 1.7618240243174028 8.330099943151737
44.040000000338445 1.5544807594277916 1.8974511105909067 11.918442751422445
44.05000000033878 1.4885913690269077 2.161810856972621 18.771759065173995
44.06000000033911 1.524145315854935 2.145283535969503 18.673418845480725
44.07000000033944 1.5099250155398112 1.9884273031158253 14.799790539736769
44.08000000033977 1.4701079406890027 2.0422216033653644 16.248745089578712
44.090000000340105 1.5689731708596555 1.8699948658047547 11.245565683594013
44.10000000034044 1.4662149014571078 1.5996934842078327 6.353630093702455
44.11000000034077 1.1498792939663653 1.6520032413238979 6.433984493721933
44.1200000003411 1.4043596835881955 1.6547169639614145 6.862026087704493
44.13000000034143 1.6092765809424496 1.641712344065717 6.755659739010964
44.140000000341765 1.4395174899669774 1.716078661328551 7.421883901972354
44.1500000003421 1.425205229746411 1.8287565587819263 9.843108081405235
44.16000000034243 1.3866601057376897 1.7290451145773043 7.585662591460613
44.17000000034276 1.225475222709686 1.6485401849345165 6.752628185893795
44.18000000034309 1.2654495038940041 1.72240329091236 7.333098153622807
44.190000000343424 1.1283581721422609 1.767033008402012 7.175346536889242
44.200000000343756 1.2560613917002117 1.815035618968508 8.816223741556978
44.21000000034409 1.0913643758574287 1.8518170703214059 8.110133262118525
44.22000000034442 1.006901708995855 1.8704357111448418 7.367443805273146
44.23000000034475 0.8877324756269984 1.7767993608578432 6.054952430440316
44.240000000345084 0.914287109458042 1.9378312967012992 7.413324993436215
44.250000000345416 0.5741121215663109 1.8662625076354602 5.911087890943483
44.26000000034575 0.5104269717783899 2.0434024443602623 6.409269852352449
44.27000000034608 0.5101753934886042 1.902958323144057 5.686402430354173
44.28000000034641 0.29213739509160075 1.8780669266412058 4.49260769044532
44.290000000346744 0.2839192699200003 1.6906705249311098 4.023741222584798
44.300000000347076 -0.055131806600265176 1.6067427167596255 4.373776524682836
44.31000000034741 -0.2589609026502552 1.4722325019071782 4.287037661623273
44.32000000034774 -0.28310145891919675 1.4126638588548683 4.577071924275888
44.33000000034807 -0.5565912111137103 1.5295266508250986 2.8917372366469833
44.340000000348404 -0.6022732034986189 1.5412660101374538 2.5091342998383253
44.350000000348736 -0.5445530427402356 1.5100688779579927 3.057088256236499
44.36000000034907 -0.6386360784160559 1.4209241767967815 2.6122015830677663
44.3700000003494 -0.6969023629522499 1.6185436426863824 2.1037963121129444
44.38000000034973 -0.6010243972020799 1.4399981813833742 2.8277865255161383
44.390000000350064 -0.47732244417320857 1.4789675314429531 3.695787571430341
44.400000000350396 -0.43472999702900994 1.3342773330757511 4.598354395979471
44.41000000035073 -0.5218838451659752 1.3305110002903895 4.035157922946678
44.42000000035106 -0.3584206238148845 1.6229821212033357 3.7183573933787306
44.43000000035139 -0.3894484243038554 1.5975521674509945 3.699402051165841
44.44000000035172 -0.45092397086567615 1.7974737914010854 2.6825093516758383
44.450000000352055 -0.388773668431793 2.1234758982250486 2.1348719060291685
44.46000000035239 -0.48940710342031335 1.9386989984840546 2.1751702010308893
44.47000000035272 -0.6519674897303886 2.017700290506237 1.3834019620232476
44.48000000035305 -0.7686480765827511 1.7729054983893169 1.500021912221303
44.49000000035338 -0.6997723152395032 1.9560590703198661 1.2901819365560276
44.500000000353715 -0.6948050473637635 1.5415624321251438 2.1776665479095247
44.51000000035405 -0.528382585066472 1.7119754641147678 2.5966372181667716
44.52000000035438 -0.4665788528552143 1.824402445868722 2.521287282538779
44.53000000035471 -0.6347790841115282 1.823220806853418 1.8251810596252345
44.54000000035504 -0.6263157227371401 1.9373514197416104 1.6269373988355418
44.550000000355375 -0.8259620137214064 1.8725675388545349 1.0640334341932653
44.56000000035571 -1.055068251600138 1.747257402644603 0.3254320954102569
44.57000000035604 -0.8645124516296249 1.749511877355162 1.2339118096149921
44.58000000035637 -0.7314256021569374 1.7267318875480047 1.7250627891783517
44.5900000003567 -0.7294672640427653 1.9869957628938697 1.086691050722412
44.600000000357035 -0.5602053595608112 2.185475410040668 1.501679013597805
44.61000000035737 -0.48910287843482025 2.3620873687746657 1.893024444760946
44.6200000003577 -0.6359796155519271 2.3036776988964327 1.2352373873554843
44.63000000035803 -0.8243737962011716 2.1911281648482475 0.48303040215849374
44.64000000035836 -0.39118887218660753 2.0858531053210583 2.1521632661903607
44.650000000358695 -0.4879590684977665 1.9496945930715477 2.150647080479798
44.66000000035903 -0.4591551785583829 2.039214847609242 2.04236759135258
44.67000000035936 -0.2754247336811464 2.026628810729326 2.5454978343429095
44.68000000035969 -0.2516509966149648 1.8705971281060152 3.0785395823534873
44.69000000036002 -0.21583709750014213 1.992904461948342 2.8233424582029993
44.700000000360355 -0.1586253829907 1.910292975285792 3.2263117564732013
44.71000000036069 -0.18749447914851824 2.0089260878893165 2.847460574307045
44.72000000036102 -0.2907606608174783 2.1734637161884263 2.4576752232414507
44.73000000036135 -0.4575562888862804 1.925430027806031 2.31085288760003
44.74000000036168 -0.18301114144031994 1.764035715285122 3.528752420190287
44.750000000362014 -0.045082367520895505 1.901002949066431 3.6842545112746565
44.760000000362346 0.05191242433234128 1.7867349539857325 3.9876052905932013
44.77000000036268 0.017632328365291494 1.800600859999398 3.915395929020018
44.78000000036301 -0.045178596480306754 1.8650574241822384 3.772666958956152
44.79000000036334 -0.31745401347200836 2.06520180391539 2.405212293855452
44.800000000363674 -0.3696600156651645 2.0519920870111483 2.2479399032882976
44.810000000364006 -0.32981750803208754 2.0128908867059137 2.4514712852131932
44.82000000036434 -0.25693158151567497 1.9923260873012658 2.7044033742880482
44.83000000036467 -0.3070223303265144 2.137038076496099 2.416772721742788
44.840000000365 -0.22390627333663776 2.154224287175586 2.624444238837296
44.850000000365334 -0.24937219232619723 2.200934951351792 2.6141893257800195
44.860000000365666 -0.2191705978305203 2.0463113390614005 2.673350946086372
44.870000000366 -0.3039145101286072 2.0638220460878594 2.447532253402909
44.88000000036633 -0.39941261246472454 1.890996000191417 2.6262366143122144
44.89000000036666 -0.44964191836788386 1.8889775758021996 2.436921039354064
44.900000000366994 -0.5385340918281881 1.8702187772775227 2.160184005533861
44.910000000367326 -0.39536304775696063 2.0601851704634218 2.157369441850852
44.92000000036766 -0.35916324480729045 1.9264106508620915 2.6567112394458814
44.93000000036799 -0.3029687286140662 1.963197646603402 2.666951833263048
44.94000000036832 0.10150919401904968 1.9977840206769826 3.936396716872801
44.950000000368654 0.2556081720179332 1.9369154694809136 4.5266221337150885
44.960000000368986 0.20779657121916512 1.9003550133913378 4.28234183006756
44.97000000036932 0.3562979094292945 1.950353351025798 5.125106770234135
44.98000000036965 0.488015270731883 1.9380289663774943 5.747574588309011
44.99000000036998 0.46332542949503464 1.911802426382046 5.513261821804127
45.000000000370314 0.43748188314430647 1.9251753315737161 5.448573387613102
45.010000000370646 0.2982426557942169 1.8230058158529432 4.368820759388824
45.02000000037098 0.22115796974511415 1.8798347374135174 4.273993674190853
45.03000000037131 0.10240787641725879 1.9198958233175194 3.9700221819983508
45.04000000037164 -0.14425264141490235 1.7113690332818723 3.6673451776698798
45.05000000037197 -0.21674255845424067 1.9354521027311256 3.0082059076229526
45.060000000372305 -0.4002759004450523 2.0083665750756543 2.2470487297968313
45.07000000037264 -0.4158227218550956 2.06719678799569 2.0966781724336077
45.08000000037297 -0.21504926089340368 1.9958821025082982 2.8160880009280693
45.0900000003733 -0.225248693214866 1.9305339908938923 2.997794952008522
45.10000000037363 -0.12358210381750037 2.046679039273517 2.9678719736897508
45.110000000373965 0.037313200715547334 1.869677589198731 3.8493238425270624
45.1200000003743 0.2198451564264569 1.787681508097326 4.120829183195077
45.13000000037463 0.10225881312025178 1.659350358773286 4.164162358055181
45.14000000037496 0.12998846920959523 1.572097276709854 4.40179633506165
45.15000000037529 0.42558904671686626 1.6356795738683334 4.377924416248879
45.160000000375625 0.32058403240695943 1.4975511903407654 4.1719786664466465
45.17000000037596 0.5337302976470314 1.424925209636502 4.611529035994731
45.18000000037629 0.2814827421761356 1.5150353940664054 4.165437215852498
45.19000000037662 0.39026708059290605 1.589123256507619 4.122357831681116
45.20000000037695 0.19229184082037803 1.4557849014722193 4.626183617781095
45.210000000377285 0.3286504466953643 1.541897136275109 4.066905099522382
45.22000000037762 0.41438204879147233 1.6844930493001198 4.47188034927034
45.23000000037795 0.41453226583353653 1.7748423622383345 4.702213239480485
45.24000000037828 0.4395444191624757 1.5415384583630414 4.24140084810213
45.25000000037861 0.41560277110260524 1.5657063511904667 4.19279106246465
45.260000000378945 0.4259679084388934 1.6811076034784325 4.526030036940734
45.27000000037928 0.4881068368689766 1.5715962198945486 4.512003202938312
45.28000000037961 0.4726943745683449 1.5028073628038476 4.410619847385042
45.29000000037994 0.29559098184869576 1.6497219183836391 4.024631461478306
45.30000000038027 0.12041534584310247 1.6670117128326685 4.131272662951615
45.310000000380604 0.1694712044740766 1.7583807565808292 4.065116980949927
45.32000000038094 -0.10510207857760573 1.8670671244259878 3.595544785040036
45.33000000038127 -0.10236185860271849 1.748936560227515 3.8518044978457144
45.3400000003816 -0.13653618437250883 1.5442007604966066 4.232625070462331
45.35000000038193 -0.058658466481157745 1.4967543010355522 4.773807324291058
45.360000000382264 -0.17766976549309937 1.5322300445274737 4.2271421100949516
45.370000000382596 -0.16148183118905352 1.6391011642174533 3.872792862603959
45.38000000038293 -0.18723681076362297 1.48028415323875 4.433280572434364
45.39000000038326 -0.056217038509249584 1.4987376289050696 4.763009000924246
45.40000000038359 0.04679471509879052 1.3921574472452836 5.201989591670716
45.410000000383924 0.25793797177222094 1.2419917929570747 4.725719332234088
45.420000000384256 0.24821513378415241 1.2259946543321463 4.848852690618182
45.43000000038459 0.0702705640456905 1.317574212889094 5.406331668600953
45.44000000038492 0.10542657988672986 1.1860693051777171 5.72084503236642
45.45000000038525 0.28655785703010533 1.1028319328058669 4.868492127683483
45.460000000385584 0.3883256197266175 1.1497684169505107 4.522649661485774
45.470000000385916 0.47855916502405704 1.0280390363425627 4.712496179534245
45.48000000038625 0.5681273414203143 0.9108338894997637 4.742921360877747
45.49000000038658 0.5030660452368221 0.953875613137266 4.937737215632604
45.50000000038691 0.7394608548269804 1.064642885711455 5.140349641170118
45.510000000387244 0.5658911981661083 0.9217839274257716 4.751006577876027
45.520000000387576 0.6213750982353003 0.8936076856432098 4.78515262725884
45.53000000038791 0.5549456877611679 0.9945804581002682 4.770487708991195
45.54000000038824 0.4788762887618312 0.8920101062559445 5.314143018861402
45.55000000038857 0.5459096574542772 0.9984451411580201 4.761163880185083
45.560000000388904 0.4703694325004217 1.1102611371750701 4.621294153203194
45.570000000389236 0.4677669637669057 0.9749307144984998 4.994477713168085
45.58000000038957 0.4825146234418771 0.8661072972200319 5.452883693159096
45.5900000003899 0.637578470979931 0.8361055593913449 4.750742515334298
45.60000000039023 0.6406653346524551 0.6379605250733016 6.856442321250901
45.61000000039056 0.5739247633314212 0.730120665092097 6.255618468439222
45.620000000390895 0.648401091309778 0.9055653358212662 4.82928316077877
45.63000000039123 0.6308102397183198 0.9151360492247915 4.819617614790877
45.64000000039156 0.5550475084516593 0.9164802063071962 4.741374420459325
45.65000000039189 0.6453288765740803 0.9580645535228315 4.897837142135208
45.66000000039222 0.5653964556124028 1.1270141764842085 4.813088714266004
45.670000000392555 0.5335664226696294 0.9601906131200163 4.756604687043796
45.68000000039289 0.4395269181784862 1.0357080193652095 4.789249155258072
45.69000000039322 0.8475555768312985 1.133050493708601 5.252707348126216
45.70000000039355 0.6452855071872479 0.930800263696566 4.861658692570045
45.71000000039388 0.9125897001916123 0.6763056297536585 5.4608447036952406
45.720000000394215 0.9197944131779907 0.7353166816646146 5.249741671887466
45.73000000039455 1.2003888048595703 0.8913937202832876 5.583577446489487
45.74000000039488 1.2622737495285006 0.7300097381399638 5.92149985906297
45.75000000039521 1.2341155601217573 0.7892754903175307 5.840087640065077
45.76000000039554 1.5122455899333012 0.8726143925409373 6.1869418163120224
45.770000000395875 1.6285472533734509 0.7612888263380034 6.1675530053501255
45.78000000039621 1.7709359585835485 0.9071628807762249 6.340096854463197
45.79000000039654 1.8843067245978593 0.7645976156445294 6.34481275756254
45.80000000039687 1.933401894365527 0.7729973764320466 6.4545302160605615
45.8100000003972 1.8644293888454118 1.0165293870604053 5.998244191358599
45.820000000397535 1.9467860751022503 1.2299314045348282 5.322177599342538
45.83000000039787 1.943418567646225 1.312277235151384 5.203328492873772
45.8400000003982 1.8336416842972778 1.1240942228290292 5.697653887611324
45.85000000039853 1.926194308909728 1.4625744469663244 5.313329627077575
45.86000000039886 1.9707247605153642 1.0654639047646197 5.8676631526861645
45.870000000399195 2.0009713520365926 0.8925224763657942 6.727005712751609
45.88000000039953 1.9403419427318125 0.8016459928371354 6.633959867887248
45.89000000039986 1.7889823134213572 0.6765029739711023 6.482439699675925
45.90000000040019 1.8445120706048546 0.7482000694072442 6.2732229579003675
45.91000000040052 1.9459222887853733 0.9670588513487576 6.218127019900999
45.920000000400854 1.8645652626938636 1.1447191269063508 5.642839434010938
45.930000000401186 1.9815073860097319 1.1132047055619583 5.65945929383283
45.94000000040152 1.9438660569256738 1.1625345997148062 5.533086733552806
45.95000000040185 1.7105924520793159 1.0367162216973664 5.918492732243102
45.96000000040218 1.951612294547737 1.023296575935297 6.010982854843984
45.970000000402514 2.001662789843459 1.198571939966968 5.3863612835603085
45.980000000402846 2.0192964241759976 1.2513728323987765 5.118330546372524
45.99000000040318 1.9071278840301207 1.157804634215946 5.533057033445284
46.00000000040351 2.0271789647971308 0.9968223465616051 6.042512858072187
46.01000000040384 1.9740699314399055 1.0334625069425907 6.00112873385842
46.020000000404174 1.7899512564226225 1.2113189842822274 5.53982144441156
46.030000000404506 1.8337737139059684 1.234143932338583 5.484506671606048
46.04000000040484 1.7353130808800932 1.2483441195106557 5.533941593680106
46.05000000040517 1.636005043722855 1.3106068012925254 5.568891645541651
46.0600000004055 1.5585244656192683 1.5479531987642483 6.136175139283129
46.070000000405834 1.565954529564747 1.244665983042237 5.551739579918153
46.080000000406166 1.3918932111530653 1.344461119171556 5.753167529712596
46.0900000004065 1.539882168691995 1.4055438837818546 5.624453296778956
46.10000000040683 1.5963803810377253 1.4387690689101351 5.726633196541444
46.11000000040716 1.4403456710916858 1.437738959496176 5.664812125382314
46.120000000407494 1.5877130925096519 1.4792280947944025 5.786321349257928
46.130000000407826 1.6305034483974434 1.6058794437703854 6.401897421278967
46.14000000040816 1.5451321557965974 1.502776627917915 5.900697580304939
46.15000000040849 1.2692601682232414 1.4182793288251898 5.81860319298827
46.16000000040882 1.1275685159453357 1.6247964451536248 6.175294373835133
46.17000000040915 1.084513615238603 1.8317148852981133 7.73889526545701
46.180000000409485 1.2253522953629779 1.70331282867473 7.117389360637447
46.19000000040982 1.308573616729289 1.5875283052865385 6.402777018200281
46.20000000041015 1.3135446988715302 1.7009318644153466 7.13478686787799
46.21000000041048 1.1690849116838342 1.7538045150266828 7.161299138315535
46.22000000041081 0.8801205098902332 1.5949353198959626 5.583114278301601
46.230000000411145 0.7339182707694567 1.4757464425246012 5.290182715725633
46.24000000041148 1.082459692873783 1.452358656165098 5.702910126351399
46.25000000041181 0.8510610790908107 1.4237150436856632 5.278109126769991
46.26000000041214 0.8358978603874885 1.3623793432084046 5.184931863337329
46.27000000041247 0.9862255329342008 1.4866194182926853 5.53834358748937
46.280000000412805 0.920512912595685 1.453383801608705 5.4456220716917585
46.29000000041314 0.7828355964159972 1.5850910409844652 5.4529698655405
46.30000000041347 0.8435347812744429 1.7161283112849426 5.939072168033809
46.3100000004138 0.8430182657185368 1.8413192258381357 6.233199736057356
46.32000000041413 0.7528812708364626 1.9570964849274657 6.848872917520131
46.330000000414465 0.9405905127294691 1.9664100639119453 7.919894911244477
46.3400000004148 0.954197230502309 1.8137898707444542 6.594871636668883
46.35000000041513 0.8921613322481621 1.8563423684766807 6.624248223123347
46.36000000041546 0.9790564436422725 1.900817951272687 7.400123788385027
46.37000000041579 1.0383208952478722 2.081277236098333 11.711598849832466
46.380000000416125 1.0209955348723558 2.1238067184029066 12.335694875831644
46.39000000041646 1.0290666186029231 1.9578921277058576 8.716139774900274
46.40000000041679 0.8438538250458191 1.9174106912379898 6.839810666377985
46.41000000041712 0.7570438411356128 1.80033846455181 6.158515615208839
46.42000000041745 0.9192713536883842 1.8795171340016559 6.913243125141797
46.430000000417785 0.8739691568057397 1.8684631387649895 6.59704243488059
46.44000000041812 1.0534373966283503 1.9982322537670116 10.139849200417615
46.45000000041845 1.1615651456753402 1.787388025411307 7.6031136283029515
46.46000000041878 1.1669101130974564 1.8556470135299783 9.041948162340951
46.47000000041911 1.2399527061158626 1.8941904359544288 10.433802442639987
46.480000000419444 1.1648984053646045 1.775709766040334 7.452736381450828
46.490000000419776 1.0097951711684494 2.012046882000488 9.735936026480848
46.50000000042011 1.0067325560599163 1.934661131171771 8.175799676366221
46.51000000042044 0.8668389949931932 1.9031665417013373 6.826869319631822
46.52000000042077 1.0411851536731398 2.0133378309198795 10.283504958719014
46.530000000421104 0.856577119990839 2.112491866552647 9.433367036480266
46.540000000421436 0.6201489655280275 1.9351903141208933 6.39718976044767
46.55000000042177 0.6209129066823184 1.6059224733495057 5.1035463693763985
46.5600000004221 0.7354520664000795 1.8130183500633512 6.19498037706129
46.57000000042243 0.8048007373039728 1.7377654232222186 5.973786333388995
46.580000000422764 1.05960513526837 1.6100328462712128 5.9611135407423586
46.590000000423096 0.9177686877141388 1.7026782821780437 5.91600856539123
46.60000000042343 1.0758652912686388 1.713645224321186 6.573723971938872
46.61000000042376 0.8712265103355706 1.8389923916397595 6.361124163375856
46.62000000042409 0.8330344884212089 1.856524860857536 6.285760098147977
46.630000000424424 0.9044870974341083 1.8835244250983005 6.872541031278335
46.640000000424756 0.8735148786588003 1.8095225727282835 6.163530752723299
46.65000000042509 0.8052499190260469 1.6765163265906122 5.869867605476593
46.66000000042542 0.6936323140803974 1.3706175823375397 4.97846744419871
46.67000000042575 0.7326637562681748 1.4076671126203677 5.129200393884816
46.680000000426084 0.9711459139404243 1.3200042325774508 5.3576243702719095
46.690000000426416 0.9604344500058737 1.291568263634133 5.32340995612304
46.70000000042675 0.8320985712679299 1.4363273956711593 5.2969435758801495
46.71000000042708 0.6517072566094275 1.3061598139616155 4.801836107776783
46.72000000042741 0.893969564547022 1.506402124346994 5.447204000642227
46.730000000427744 0.9522843007840076 1.1629728091926193 5.400279090939069
46.740000000428076 0.7852868697227338 0.9853313665624261 5.045874842297895
46.75000000042841 0.7492145314623477 0.8907879897551415 4.896975342240798
46.76000000042874 0.5507648266894372 0.8582990380166268 5.035647739650884
46.77000000042907 0.8139430463216863 0.9237505131106674 4.887068040316615
46.7800000004294 0.8696143763460067 0.8023245882159095 4.956124375050743
46.790000000429735 0.8493957831106478 1.1506923716509054 5.276167908100537
46.80000000043007 1.0023500378782781 0.9673862701840067 5.161703445898835
46.8100000004304 1.0734876608306045 1.0614258527062188 5.458197693805562
46.82000000043073 0.9923724967016964 1.007303643490512 5.192430605498794
46.83000000043106 0.6603686124431611 0.7986487938166844 5.0387820206755105
46.840000000431395 0.7345915031840189 0.813543183164818 4.9880358578843875
46.85000000043173 0.9331171066965511 0.8109777906379247 4.99917786925444
46.86000000043206 1.049417400760913 0.961790673100793 5.318540146508888
46.87000000043239 0.9327031435733255 0.8047980446547426 5.0189303518653485
46.88000000043272 1.0156613389410938 0.957352729945269 5.1976136243509785
46.890000000433055 0.8010944288886418 0.8516024484340541 4.8308167754240445
46.90000000043339 0.4635360936494952 0.8031549228639634 6.0243096262748335
46.91000000043372 0.4873371777612515 0.8895587504325824 5.291942982177481
46.92000000043405 0.5777993255781556 0.6061716746187785 7.498957318086965
46.93000000043438 0.50023524520489 0.748703333856185 6.3966858413276615
46.940000000434715 0.8071746248234972 0.7798149902798219 5.117196076377143
46.95000000043505 0.6948781051792453 0.9417376745465056 4.962325195341204
46.96000000043538 0.5504294833455888 0.7699480834796877 5.896262227214388
46.97000000043571 0.38372272887621645 0.9503284263608192 5.385009508275734
46.98000000043604 0.5243629968527428 0.9068938889525173 4.987790860733421
46.990000000436375 0.8397063625750781 0.7683384751093497 5.122442495190756
47.00000000043671 0.8354334849952307 0.6975211003272259 5.467134229377935
47.01000000043704 0.6768129286403236 0.7684255555445583 5.244217499832906
47.02000000043737 0.47592935599404074 1.0061634783021018 4.828058680270694
47.0300000004377 0.6293147248670395 0.7744350793285242 5.371795153419489
47.040000000438035 0.7676877717778476 1.1326805933165405 5.245694260039811
47.05000000043837 0.5988903973150589 1.3381995263720743 4.622406384271509
47.0600000004387 0.49477014178983636 1.3468902385300248 4.464142391539747
47.07000000043903 0.4912134352626805 1.4018309012423125 4.455759148107048
47.08000000043936 0.5105809307525154 1.18388228446878 4.74504593442731
47.090000000439694 0.3130394219065281 1.063534331079731 4.996957623897026
47.100000000440026 0.3068548576474415 1.083299009356969 4.911883913841119
47.11000000044036 0.27430083027163166 1.0015896709325072 5.558083828234496
47.12000000044069 0.300012386271465 0.9952822192836972 5.487316008959729
47.13000000044102 0.27773797010486845 0.8104130736078095 7.046995578327069
47.140000000441354 0.4415500684834198 0.652994976389471 7.625623876509171
47.150000000441686 0.3485278813478582 0.48483763421561205 10.52988679836945
47.16000000044202 0.3372138859263881 0.5074900558661675 10.307404551737822
47.17000000044235 0.3818604216249109 0.42773003694252787 10.757374300956599
47.18000000044268 0.2641553520886056 0.6627244714468776 8.73661107049017
47.190000000443014 0.2422279444824108 0.6974236735689037 8.459143351816138
47.200000000443346 0.2830854844792823 0.44071325201938033 11.881718500756675
47.21000000044368 0.47435110797015995 0.5614855488376151 8.469177607662584
47.22000000044401 0.29840693173234234 0.4227666590014692 11.82933951816118
47.23000000044434 0.3756135720494155 0.5233662113624087 9.681634343668891
47.240000000444674 0.38440973920454446 0.5777380186176263 8.93944621338095
47.250000000445006 0.22413358235602154 0.8699104973063256 7.013356142624007
47.26000000044534 0.13372155511853678 0.6398172833702893 10.317028398518804
47.27000000044567 0.1254492652724261 0.6158135340104183 10.694612288491067
47.280000000446 0.01881526924194095 0.5480525585470972 12.122595622166344
47.290000000446334 0.06315077544893821 0.6134951881881809 11.26818187086156
47.300000000446666 -0.10490631104078958 0.4768782275082037 12.555863728848633
47.310000000447 0.10240652510437738 0.4488245142621825 12.93986223248546
47.32000000044733 -0.1738046261548286 0.46102945324228795 12.1977694910033
47.33000000044766 0.05853858431739023 0.5141570894913816 12.563709703572664
47.34000000044799 0.2667846705129718 0.668509647035627 8.656555833210914
47.350000000448325 0.22633526609658358 0.7141550849671281 8.43893548183315
47.36000000044866 0.0301964209609753 0.932653036108355 7.915401454760662
47.37000000044899 0.23519254281226473 0.6698017075692752 8.921387735621172
47.38000000044932 0.3706469341487636 0.49716325992778054 10.023519376551837
47.39000000044965 0.4905019868833677 0.36519866991579575 10.63375860352603
47.400000000449985 0.44625710278915465 0.3259402248175187 11.547614873086388
47.41000000045032 0.11658878709387561 0.3179365828379681 14.267914750012775
47.42000000045065 0.2761434788148404 0.3685944173997765 12.873452796953197
47.43000000045098 0.26058957119697174 0.4359302540199673 12.15265047141523
47.44000000045131 0.34423440883489076 0.43369427869783883 11.154316539697845
47.450000000451645 0.4593067474325246 0.3189798493195151 11.472629397663487
47.46000000045198 0.5289442935952351 0.48146145075770486 9.17343311730195
47.47000000045231 0.33137356891015657 0.6889167435004735 8.057036237473266
47.48000000045264 0.399329471517619 0.5664262037140004 8.964416001841913
47.49000000045297 0.49367225095980044 0.5167847726849528 9.138840745787558
47.500000000453305 0.3780330971446646 0.3988115604749287 11.191082403055837
47.51000000045364 0.4087557450731909 0.08149992548772167 13.001198520059692
47.52000000045397 0.3463628453919305 0.2830747039542169 12.960180576948886
47.5300000004543 0.3557250135601066 0.4298141463763367 11.066749791872228
47.54000000045463 0.41415842557739035 0.17333386091088132 12.74811799698971
47.550000000454965 0.34911786054549915 0.18665946027096014 13.328002738231802
47.5600000004553 0.3528807693971378 0.0803236502199266 13.494670164421033
47.57000000045563 0.2443178760894054 0.10422719281706205 14.370168561133994
47.58000000045596 0.23785118025391855 -0.1041568712791443 14.817669812328791
47.59000000045629 0.09840571243084324 -0.06259686060037128 15.123594647823236
47.600000000456625 0.15249914492758077 -0.12724822121446977 15.040208407425515
47.61000000045696 -0.03717255029372478 0.0072373738536744 15.099774258848857
47.62000000045729 -0.14339424995407904 -0.18152371501139608 13.622942196832811
47.63000000045762 -0.1429473383402831 0.0441841593439658 14.32802085468488
47.64000000045795 -0.40218957376694986 0.20338434438870734 12.010679322064945
47.650000000458284 -0.4485260773192511 0.28641202105408337 10.832022980512734
47.660000000458616 -0.44979296204765823 0.2643972869758263 10.85095712432882
47.67000000045895 -0.03250512272502157 0.5145349342940645 12.587615725276054
47.68000000045928 0.2669330412898721 0.47473483419687956 11.757799654591615
47.69000000045961 0.41754726414697396 0.5397934576201753 9.214903825023661
47.700000000459944 0.2812531299436537 0.7952527718610419 7.157767642741948
47.710000000460276 0.3257001197549429 0.6280789465901097 8.841865199401951
47.72000000046061 0.3706201339472298 0.6785312013915467 7.83321600432051
47.73000000046094 0.4879719153733504 0.7418749045877362 6.520641356918541
47.74000000046127 0.5193721387564258 0.6794657864822058 7.052620578313596
47.750000000461604 0.3631679598789955 0.4458684065626943 10.811580029095051
47.760000000461936 0.28345711981335875 0.6086686465206317 9.326300214222318
47.77000000046227 0.1952246245572508 0.4933491935037025 12.103129710878948
47.7800000004626 0.39688841861359314 0.4175915495610017 10.718751567149026
47.79000000046293 0.5805106561506472 0.1886220061469669 10.386451312148616
47.800000000463264 0.5599616012625647 0.4036916120192138 9.760573773970233
47.810000000463596 0.4411866019374414 0.10268330170481699 12.666431108759918
47.82000000046393 0.7337812370088533 -0.04233253039059692 8.695227800277884
47.83000000046426 0.7343744069359112 0.25739676560919417 8.643957372418948
47.84000000046459 0.8478653631173249 0.352471380296136 7.455613939681914
47.850000000464924 0.7126076262928978 0.24159421679467558 8.873010210257249
47.860000000465256 0.6696976252302875 0.12526237852293426 9.303225911080482
47.87000000046559 0.6921003438793714 0.1359585794653111 9.157507149930408
47.88000000046592 0.5921451819368988 0.16343000306373273 10.233059495088813
47.89000000046625 0.8461962660869886 0.21271374181848132 7.720272379426871
47.900000000466584 0.7357086050727549 0.36353054736797796 8.244671805486929
47.910000000466916 0.5903072526258587 0.3623966318824061 9.642891325276407
47.92000000046725 0.6588517868313251 0.5203684173775016 7.755636725909717
47.93000000046758 0.511580681679222 0.6706674954976821 7.17201405408322
47.94000000046791 0.5473848984931453 0.46060290619913546 9.320206000879498
47.95000000046824 0.5865123459101864 0.5712485045964752 7.782795338983455
47.960000000468575 0.4867139631271131 0.732932015565495 6.620664184218715
47.97000000046891 0.6202376877228785 0.9071112339374825 4.794519518027356
47.98000000046924 0.4730880175705727 0.9228192915421591 5.19028270510012
47.99000000046957 0.453553603653125 0.8390975374458847 5.730054149369018
48.0000000004699 0.36083872331656575 0.8156288326988934 6.449050720711183
48.010000000470235 0.45241594870975615 0.7447761528463412 6.604112569675163
48.02000000047057 0.300625196611764 0.7712069343212942 7.216890050928264
48.0300000004709 0.23492609603213482 0.688167786576624 8.631040554979545
48.04000000047123 0.09212475357479583 0.804260046659075 8.772811156043181
48.05000000047156 0.13706944450419326 0.8186665039867873 8.295874776241574
48.060000000471895 0.1872008347986966 0.6847661322327117 9.2247506993023
48.07000000047223 0.17813849191367856 0.6299366203698912 10.162220182232682
48.08000000047256 -0.02933091594394327 0.8426692650244548 9.136123558013017
48.09000000047289 0.124879663450819 0.7105377445955805 9.280170076692006
48.10000000047322 0.17370640369385135 0.6248557250429663 10.258300974265703
48.110000000473555 0.31264319535909924 0.7281299579776617 7.713157052306405
48.12000000047389 0.29623357188196225 0.9176462632191554 5.968765522091327
48.13000000047422 0.4668168902305365 0.7714336958068777 6.288643462021656
48.14000000047455 0.33332115381233135 0.9896565757778266 5.378391402612497
48.15000000047488 0.43951775415427974 0.9059511214964363 5.381348951139729
48.160000000475215 0.3586433681957253 0.8025457122867551 6.582416564964092
48.17000000047555 0.5647699317281442 1.0536414713379059 4.751560960850316
48.18000000047588 0.3491925580775214 1.0781179890670423 4.827535868783476
48.19000000047621 0.3153684528433596 1.1665931278223352 4.789360720472738
48.20000000047654 0.4979069835993704 1.141578962362514 4.705285599845995
48.210000000476875 0.37862396250551034 1.0405531804597987 4.913295400472077
48.22000000047721 0.28292052951915553 0.8871362084501526 6.29596823557657
48.23000000047754 0.48618150806794896 0.7829814657014187 6.115361694845641
48.24000000047787 0.4022155927295172 0.5328174655865915 9.401901434804207
48.2500000004782 0.29133892974732645 0.39819552912385603 12.22953907413685
48.260000000478534 0.5412256253746686 0.4780897305934282 9.14730507552549
48.270000000478866 0.6922468474059313 0.3961483122279762 8.477459941106835
48.2800000004792 1.0030047485163494 0.42587608587493087 6.422232117798277
48.29000000047953 0.9536982942977282 0.3026128577611089 7.016705182041849
48.30000000047986 0.9617324113760841 0.19758070672398365 7.082152779970816
48.310000000480194 0.9668573589332834 0.18654320782085165 7.085456659351181
48.320000000480526 0.9041353587738001 -0.00849501794677554 7.386823339057475
48.33000000048086 1.1468959227855682 0.06666119204086796 6.428995111463264
48.34000000048119 1.148271658552499 -0.3732617471327777 6.928738982321736
48.35000000048152 1.2476262164637701 -0.3184799337302239 7.065342867206743
48.360000000481854 1.272316737064194 -0.5873618051672908 6.5118820327779225
48.370000000482186 1.4941393956003135 -0.5302286298540059 7.267449947151974
48.38000000048252 1.346016327240231 -0.5074595939681263 6.702107726607046
48.39000000048285 1.3135706110860559 -0.567680083680395 6.507273303793656
48.40000000048318 1.3537086092179982 -0.630442488258677 6.284600024871735
48.410000000483514 1.4546047106594777 -0.5225848602994551 6.965674742509062
48.420000000483846 1.591373214205473 -0.6790162426033637 7.077609622266222
48.43000000048418 1.6118913118274087 -0.6699009639883219 7.392712873407438
48.44000000048451 1.4784663298815488 -0.668979559458667 6.630119791803506
48.45000000048484 1.561798907690343 -0.6631671673702682 7.027590728186798
48.460000000485174 1.5933916429437527 -0.7088497473880324 6.9104635268722765
48.470000000485506 1.6193480347470643 -0.7612737663795512 6.742029884021692
48.48000000048584 1.5685499649932404 -0.7118672500166038 6.815134332607265
48.49000000048617 1.5304071141907118 -0.8245811143281329 5.938068224164205
48.5000000004865 1.6281625995417879 -0.8600452562077651 6.006032163134565
48.51000000048683 1.558511950615881 -0.7273968260909396 6.70966280996389
48.520000000487165 1.5305695185354353 -0.6095447440471727 7.197851374754621
48.5300000004875 1.7209209244663553 -0.550782604910592 9.218424339413836
48.54000000048783 1.6877574980642955 -0.7128377720610071 7.506155935040855
48.55000000048816 1.6130704909615017 -0.7150382776681098 6.968742646034079
48.56000000048849 1.7693217552913005 -0.735532303847671 7.969286629097942
48.570000000488825 1.5602545795565728 -0.6643817548747044 7.0183844088793865
48.58000000048916 1.7770775224905782 -0.5934331200581828 9.424396106374088
48.59000000048949 1.6966680703439867 -0.7982105078037993 6.754915690318556
48.60000000048982 1.7330284182832179 -1.0614269092610025 4.381551016060286
48.61000000049015 1.7067585259543574 -1.1690238312965706 3.223390540773895
48.620000000490485 1.8448701082428118 -1.0778644887550208 4.4155177297546695
48.63000000049082 2.089522285315203 -1.0102576367799658 5.353354017492826
48.64000000049115 1.9903874867957236 -1.0407870336191425 4.688179382259261
48.65000000049148 2.0424847620034594 -0.9359998891410259 6.4464141303716564
48.66000000049181 1.8634061970967806 -0.9176723382163285 6.090943311566288
48.670000000492145 1.9411896978485925 -0.9749016944281993 5.495137917641003
48.68000000049248 2.035984832499516 -0.9734346052222851 5.846092303313203
48.69000000049281 2.023280431764907 -0.7998335156730184 8.537017657961337
48.70000000049314 1.9255655493534727 -1.0254807096833525 4.8540708068151135
48.71000000049347 1.8282440766671801 -1.1067126426969733 4.112689604479596
48.720000000493805 1.7653108026495525 -0.9813978824295342 5.3710706880341945
48.73000000049414 1.8844817814326227 -1.0399545594741881 4.788234951471025
48.74000000049447 1.8117908405608043 -0.9685427642202711 5.605169014296333
48.7500000004948 1.8211038864253843 -0.9388337975434429 5.88822531654195
48.76000000049513 1.9277549939622403 -1.0404898030428398 4.678781143416943
48.770000000495465 2.2044068360208966 -1.1657064588086434 3.297674258453818
48.7800000004958 1.9563985218207698 -1.1634810859956826 3.243546964571602
48.79000000049613 2.0929419717448416 -1.2694517345780436 2.0170295631766715
48.80000000049646 2.011841631173904 -1.206262108894409 2.6299233738540235
48.81000000049679 1.9788183495518514 -1.052673188259565 4.506651802925009
48.820000000497124 1.892540801767908 -1.0618649978806052 4.474310845710169
48.830000000497456 1.8079149961993888 -0.9200581957420811 6.029684086866311
48.84000000049779 1.94932484991964 -0.9278057025436643 6.263169989179676
48.85000000049812 1.8353737002482524 -0.9187666561785611 6.0987985900935255
48.86000000049845 2.1461583797424426 -0.7864366160974597 9.23644852198021
48.870000000498784 1.9978595635853715 -1.128373549803879 3.571386538993738
48.880000000499116 2.160171064781192 -1.1393761813252374 3.385235035410034
48.89000000049945 2.103488025628816 -1.0838201324440337 4.180166599806779
48.90000000049978 2.044917874180893 -1.2295920481170337 2.3180572640958625
48.91000000050011 2.0640891427845944 -1.1624274509738841 3.0519470967116615
48.920000000500444 2.0111585095712092 -1.2762324240811065 1.9324675161929425
48.930000000500776 2.1024246899760626 -1.0567871326157134 4.635550931160953
48.94000000050111 1.9996553888992619 -1.055259591488623 4.461211652995493
48.95000000050144 2.1056532145379308 -1.0315888253211645 5.068661924605935
48.96000000050177 2.145440938823961 -1.2059969251356457 2.6266779672483866
48.970000000502104 2.1699454501635436 -1.296676435813549 1.9266325515015925
48.980000000502436 2.2594374542138285 -1.281751357924955 2.2878934912606623
48.99000000050277 2.3836275722537206 -1.1461313096162882 3.9740185656124067
49.0000000005031 2.3809073655384143 -1.2851550071359614 2.1830276539534634
49.01000000050343 2.277282338124835 -1.1615671618951224 3.656580205919289
49.020000000503764 2.0107527046785725 -1.011551985215465 5.164661801740956
49.030000000504096 2.099843780045213 -0.975113633107387 6.007427469781305
49.04000000050443 2.1743177278207235 -0.8828721719492705 7.845868148050366
49.05000000050476 2.1736389321736476 -0.7507313151971676 10.207612209500327
49.06000000050509 2.2414181124222146 -0.6970848811373842 11.919436879879733
49.07000000050542 2.3435316589746717 -0.9501173011241499 7.625247151905025
49.080000000505756 2.538632104409098 -0.9619850589892811 7.550740748106643
49.09000000050609 2.696750243866145 -0.8663882923946166 8.880794483249073
49.10000000050642 2.692072951484607 -1.0857629545668543 5.1140353884522805
49.11000000050675 2.5774411695463355 -1.0480718595205627 5.933754235936498
49.12000000050708 2.5769828147786473 -1.0765398751648778 5.381271485796256
49.130000000507415 2.464596206352473 -0.7857273205929916 10.794516633696006
49.14000000050775 2.4574381270227263 -0.9175641375397093 8.299878830323717
49.15000000050808 2.2617905702212444 -0.8854046321593357 8.471175790813124
49.16000000050841 2.116293394227981 -1.0515747669476057 4.767334200824409
49.17000000050874 2.437303059301829 -1.255783196283168 2.4275503613913063
49.180000000509075 2.366630582895337 -1.191362846746844 3.250180758063385
49.19000000050941 2.4774599747188804 -1.0676532437383617 5.5370041001604875
49.20000000050974 2.604583642316028 -1.0654778293668932 5.605679052298572
49.21000000051007 2.6280519197541827 -1.1382269198536403 4.23735100204286
49.2200000005104 2.6905336390377963 -1.0209743687420556 6.267589277215273
49.230000000510735 2.429352087207737 -1.0778238064433086 5.334559976581732
49.24000000051107 2.5714455560474767 -1.1462647108908803 3.9978592866603617
49.2500000005114 2.4757801330030196 -1.054999057331103 5.79638986603404
49.26000000051173 2.3121250232226993 -1.1910351612657197 3.340761421315376
49.27000000051206 2.1905388470203446 -1.2077967576785047 2.7249541657510807
49.280000000512395 1.9676610442684273 -1.1359163796212859 3.518418242854393
49.29000000051273 1.7963473512983825 -1.2508041480940062 2.569329608678251
49.30000000051306 1.752932497799763 -1.020624349149867 4.929995141589976
49.31000000051339 1.725013931799384 -1.0263344859854642 4.780819563519248
49.32000000051372 1.6590060001502742 -1.0775164442564362 4.0104626062575415
49.330000000514055 1.6937210674984122 -0.9646970917711366 5.318057727936255
49.34000000051439 1.6634570674069398 -1.219996263092742 2.5840255098925784
49.35000000051472 1.6662539815084396 -1.2131781147183183 2.6535168858898905
49.36000000051505 1.802022896146418 -1.2037145310208808 3.0566572612325427
49.37000000051538 1.8897788613384137 -1.0356246087440413 4.822422935375785
49.380000000515714 1.893601370204152 -0.895494332447631 6.438317489195721
49.390000000516046 1.9653858680193053 -0.8968079149557995 6.871826873936282
49.40000000051638 1.686140080447033 -1.088528444460169 3.9742338897725062
49.41000000051671 1.6282480701094855 -1.1912162474773382 2.7749305660471513
49.42000000051704 1.8341893431801877 -1.2085846050221014 3.030127790730416
49.430000000517374 1.5804600382040634 -1.2380559320708646 2.167262234525701
49.440000000517706 1.737425250823673 -1.0902289775721172 4.094398268217298
49.45000000051804 1.9657312394989253 -1.1804312201964597 3.0443999876580463
49.46000000051837 2.2142996427876724 -1.0103394099125282 6.016327777854457
49.4700000005187 2.0826345219932265 -1.165126448534306 2.995315496157528
49.480000000519034 1.9683091342751635 -1.215243120453879 2.6275356449325904
49.490000000519366 1.84434746246579 -1.135366503545884 3.818469606856997
49.5000000005197 1.8182251596337815 -1.0966013022376746 4.200273192424763
49.51000000052003 1.8222030991185578 -1.2039450346337008 3.0750644105973515
49.52000000052036 1.6851527270740236 -1.0183658478574031 4.760466925084752
49.530000000520694 1.5918988019105864 -1.099008011971652 3.5492135119100547
49.540000000521026 1.6076949349215723 -1.0537939100937062 4.08591304624157
49.55000000052136 1.443431466304971 -1.1724828643322391 2.309188803620151
49.56000000052169 1.3638994546849157 -1.1661220047508136 2.4435807585448113
49.57000000052202 1.4875907958306667 -1.1033387609016136 3.1505693268840327
49.580000000522354 1.3732697655922586 -0.8871779351060689 4.809367588420676
49.590000000522686 1.5698990626325244 -1.0371771526250964 4.125350447194702
49.60000000052302 1.6894523829918027 -0.8152347823445988 6.604303085275855
49.61000000052335 1.6066033978519032 -0.9596360950001271 5.0466466467533015
49.62000000052368 1.6283500322466264 -1.1485292693948868 3.1858704978573074
49.630000000524014 1.6243205501360711 -1.158743086046027 3.0787469894643444
49.640000000524346 1.7251855361943549 -0.9754657828973512 5.304654362783099
49.65000000052468 1.8582075495778025 -1.0977093313294861 4.19754792657663
49.66000000052501 1.9035806811758191 -0.9330108906582337 5.851741177096619
49.67000000052534 1.8758116192056513 -0.7889892295137123 8.051081853789405
49.68000000052567 1.8088008413509369 -1.0588322152253342 4.591050536308561
49.690000000526005 1.8033923649187362 -0.9999701258748735 5.2702021088055275
49.70000000052634 1.6662006544246948 -1.1106301256217002 3.7072163244963914
49.71000000052667 1.6776915092869582 -0.8458918556302377 6.31088871483599
49.720000000527 1.6860625680225496 -0.7664634090202266 6.932949508004726
49.73000000052733 1.6598995167257198 -0.7967035692595753 6.682623123720461
49.740000000527665 1.5421226373475954 -0.9279317248516797 5.087368878201439
49.750000000528 1.4254963631129054 -0.8510736733627084 5.1533620534381885
49.76000000052833 1.3465490800925772 -0.8803929671250401 4.8409577548764595
49.77000000052866 1.4301657723457084 -0.9247779963076771 4.568295052348208
49.78000000052899 1.3436069727308637 -0.9171713471353422 4.569980933545541
49.790000000529325 1.2145573989593361 -0.9305757623978288 4.585341522220921
49.80000000052966 1.1328311904531068 -1.0740846526926504 3.350528246014977
49.81000000052999 1.296759323808398 -1.051831807169834 3.5101935605307104
49.82000000053032 1.331541488853816 -0.9714008299035386 4.166143331362287
49.83000000053065 1.2222889266384631 -1.2312400973750988 1.9572876111948867
49.840000000530985 1.231903302834 -1.1047868585160048 3.1009323700332567
49.85000000053132 1.2619292316524127 -0.9835241866415281 4.189635571275236
49.86000000053165 1.1367277924088706 -1.1209815989601917 2.906207532731025
49.87000000053198 1.147788316790744 -0.9046194073808529 4.799296984290171
49.88000000053231 1.2836459430199605 -0.8643940822161484 5.000072465381254
49.890000000532645 1.2820077995109 -0.9821197155356707 4.156310237505532
49.90000000053298 1.2448102603028657 -1.1782678222795555 2.4610316873365568
49.91000000053331 1.326951210891972 -1.4290143152934682 0.6179843282212354
49.92000000053364 1.320012094715675 -1.2772066174080798 1.491762626196996
49.93000000053397 1.3611858878590015 -1.4420423090870917 0.5507241235630155
49.940000000534305 1.2988896346241656 -1.3787666964663323 0.898587905990226
49.95000000053464 1.3839773391126544 -1.3999415340919457 0.7614320007716097
49.96000000053497 1.3863596050497053 -1.3637351291399078 0.9493628152861395
49.9700000005353 1.3260030671376377 -1.4422943600379357 0.5550027778170168
49.98000000053563 1.510311034166008 -1.5069721633849178 0.39544721418571793
49.990000000535964 1.4134335555974813 -1.5143726050294009 0.17822571181167543
50.000000000536296 1.5033500876260855 -1.5679672479290574 0.13467220255436219
50.01000000053663 1.5110326545295845 -1.6096027455164896 0.047734504153531115
50.02000000053696 1.4285134546841531 -1.381978719574003 0.8617207664163763
50.03000000053729 1.5041152581145125 -1.3562640776918604 1.1739600411224123
50.040000000537624 1.3692243161187374 -1.2372998765657282 1.8238459093870865
50.050000000537956 1.3756552244716622 -1.3240816642816164 1.188859081619016
50.06000000053829 1.4150758440237239 -1.6203903756624776 0.0
50.07000000053862 1.575530022658806 -1.4674747955418752 0.6710547181771469
50.08000000053895 1.5307740032945394 -1.4265965275617802 0.8352209432563361
50.090000000539284 1.359112275603776 -1.312153606089296 1.266107442956455
50.100000000539616 1.2029018711278268 -1.4535732189030364 0.5149319718194871
50.11000000053995 1.3701145937383665 -1.2461874541924276 1.7471309417869367
50.12000000054028 1.271626739419251 -1.207829280121983 2.166695253720447
50.13000000054061 1.3222551362938186 -1.4155179568998184 0.688631216683306
50.140000000540944 1.2778193747495918 -1.3416345895033424 1.1097224518565088
50.150000000541276 1.277193764037575 -1.2666398682952524 1.6582778967587788
50.16000000054161 1.4146134656037384 -1.312307337778757 1.2597140400022466
50.17000000054194 1.4599568929587132 -1.4436110510958555 0.5759763297734786
50.18000000054227 1.355670897768039 -1.443405399839547 0.5456262872727824
50.190000000542604 1.2752011302473223 -1.3780571655842808 0.9134784151864365
50.200000000542936 1.193925307777254 -1.1856763612189585 2.3039691964358164
50.21000000054327 1.4894249749296575 -1.0909717574536955 3.278361515320304
50.2200000005436 1.3775648905833253 -1.2414771184578064 1.78219269208771
50.23000000054393 1.4841012418967412 -1.0644849322351688 3.5029069806275066
50.24000000054426 1.6885605877647283 -0.8238537981681204 6.5307486480534624
50.250000000544595 1.8009468103095547 -0.8227667814944284 7.007101721402709
50.26000000054493 2.0470817601554514 -0.7633463959103296 9.173082048965531
50.27000000054526 1.841917068462592 -1.049780673314484 4.764857357748535
50.28000000054559 1.6179564355463054 -1.0664239229708965 3.973679547211022
50.29000000054592 1.7672293390173879 -1.223832949953553 2.8023388203705393
50.300000000546255 1.8601168767996343 -1.3386887736051298 1.6724748545537502
50.31000000054659 1.80912177155636 -1.4228220152083504 0.978070253826279
50.32000000054692 1.8089916254482414 -1.5594206295380748 0.4804303168301972
50.33000000054725 1.5919573897292825 -1.4937082475647965 0.539751709721156
50.34000000054758 1.561767403579919 -1.4058682548660328 0.9821561004993631
50.350000000547915 1.5344978746505131 -1.3988310090284477 0.9981326311567703
50.36000000054825 1.200005322141961 -1.3019663275858637 1.3380903850492287
50.37000000054858 1.0687186303237666 -1.3007630273585318 1.482824033447957
50.38000000054891 1.4333553960899845 -1.3595927612920955 0.9743767551378225
50.39000000054924 1.1760138671013722 -1.1970630182802804 2.184113174447039
50.400000000549575 1.0969585860177968 -1.495437044935223 0.5250286758576481
50.41000000054991 0.9863645392211431 -1.3342625093976617 1.378393039870269
50.42000000055024 1.0258269730529386 -1.6147351182663814 0.2646018909276343
50.43000000055057 1.0505127826804719 -1.4224137654894293 0.8148938155136535
50.4400000005509 1.191438555382272 -1.32409942355947 1.2047126669023582
50.450000000551235 1.3946856494647448 -1.0631862374432157 3.336673997585444
50.46000000055157 1.173902652473941 -1.2289691490884587 1.9051198010787476
50.4700000005519 1.0730340249863648 -1.5284522813515893 0.49180440685050547
50.48000000055223 1.140427726199384 -1.452044914306565 0.557512374663778
50.49000000055256 1.2079286938589082 -1.5135600184230658 0.34198870734765974
50.500000000552895 1.246069852014707 -1.4172272239471937 0.7098919213234582
50.51000000055323 1.2166781140793175 -1.256260960492853 1.7319205714808878
50.52000000055356 0.9827629494672592 -1.2633803413867013 1.9486076655809264
50.53000000055389 0.7173308617681275 -1.240251690380584 2.9920394424068357
50.54000000055422 0.5081161741980169 -1.3663280220927239 1.4706110229362275
50.550000000554554 0.5675072946625843 -1.2971727648647908 2.2521904061046927
50.560000000554886 0.4944188363963635 -1.2187401587158704 2.6034813906777545
50.57000000055522 0.453895157742355 -1.2533141887908368 2.100784438538092
50.58000000055555 0.20875280117261627 -1.2758603155847652 1.3417408929697274
50.59000000055588 0.18339849663826735 -1.3695815141963783 0.5513988909326262
50.600000000556214 0.18394665192719223 -1.3596335174708738 0.6014268190780946
50.610000000556546 0.47107061570701236 -1.5129916919009794 0.33197701355362824
50.62000000055688 0.41508849860160735 -1.270086103749061 1.8060082798574113
50.63000000055721 0.510603263311505 -1.390537217668145 1.2910230376997305
50.64000000055754 0.5173926654194082 -1.385108000763474 1.3713199393522535
50.650000000557874 0.6843463853754027 -1.0569313572278087 4.389784805549462
50.660000000558206 0.6789035281369132 -1.1005757434718517 4.061872774812185
50.67000000055854 0.47392024281817946 -1.1576445358704084 3.0328639656244274
50.68000000055887 0.5449868630112225 -1.3204019000283034 1.9956373776131282
50.6900000005592 0.5222713766482074 -1.1272146034643473 3.4911514194181894
50.700000000559534 0.5816898430484083 -1.121427289727576 3.738045028107061
50.710000000559866 0.5103789641448533 -1.118344061209769 3.532140231416802
50.7200000005602 0.4758798611623877 -1.2319970217741214 2.402026234883354
50.73000000056053 0.4315911496061102 -1.2585415882818216 1.9778716552953917
50.74000000056086 0.5958563200878952 -1.2328750313898609 2.8774956861777023
50.750000000561194 0.4262636497301384 -1.2268329485949798 2.245174291966128
50.760000000561526 0.5201659567872157 -1.2606150094514144 2.3722322424022173
50.77000000056186 0.5001180717265077 -1.3140360361971328 1.8417303891487504
50.78000000056219 0.314987117131139 -1.2762324657810233 1.6506322665998134
50.79000000056252 0.252281139232114 -1.3882783962157716 0.5598160533348867
50.800000000562854 0.40068343066465073 -1.5254750216357065 0.06405684106592453
50.810000000563186 0.5423372609467424 -1.4668200953993757 0.8455555361326093
50.82000000056352 0.3085698250971628 -1.4284034121974067 0.5141755128075033
50.83000000056385 0.14211611780941552 -1.4629175797851453 0.15715197614708454
50.84000000056418 0.25523111551522665 -1.4441012344295414 0.30399521440168764
50.85000000056451 0.1471168725713783 -1.3380681877827039 0.7056953253627904
50.860000000564845 0.16139627768634124 -1.3914477576324793 0.4024692098887274
50.87000000056518 0.08589912417132506 -1.364817151038038 0.4120142802396224
50.88000000056551 0.37072702802897195 -1.3335876055528177 1.1783927483352399
50.89000000056584 0.15096334510314147 -1.4473815975816315 0.21418655719272411
50.90000000056617 0.38794186241707135 -1.3831773657423674 0.7511588397829212
50.910000000566505 0.4184248937076587 -1.2276767773733668 2.2112406440213124
50.92000000056684 0.20974903954963792 -1.3186991814423081 0.9811835466042206
50.93000000056717 0.2855904476811843 -1.235408356742282 1.9496561516535658
50.9400000005675 0.31312270227705596 -1.2181928687299357 2.207315109883055
50.95000000056783 0.29734687508895585 -0.9737552866279178 5.0641966349999095
50.960000000568165 0.3781914967252958 -1.165090069649653 2.7283154245321
50.9700000005685 0.42696836228867857 -1.155324383811735 2.90140207472848
50.98000000056883 0.594722716119559 -1.4161458082787033 1.4121563936340082
50.99000000056916 0.4230939638144562 -1.3797193465602102 0.9308995381649381
51.00000000056949 0.3948158435097205 -1.4407855709074608 0.3972606238918615
51.010000000569825 0.40745799814376926 -1.493374912390438 0.18364526118039087
51.02000000057016 0.3403838880180011 -1.4162847193164212 0.5970608840249202
51.03000000057049 0.09835413495362844 -1.347866633844656 0.5429530051731896
51.04000000057082 0.0008823716673670434 -1.3467772674641618 0.3663029280849339
51.05000000057115 0.07320417593159079 -1.3542087539878676 0.45553220475839373
51.060000000571485 0.1850998789450276 -1.220063425737183 1.8247716060865928
51.07000000057182 0.1586162865844889 -1.1901929595666143 2.078885261132941
51.08000000057215 0.09378568189982678 -1.3578320065818443 0.45767472980575435
51.09000000057248 0.2034429885431187 -1.424429882304819 0.33794452210206277
51.10000000057281 0.2683336269846769 -1.5175813313415292 0.10758860760155223
51.110000000573145 0.40410795113926046 -1.6755544331852112 0.0
51.12000000057348 0.4132411451763581 -1.4839663050235128 0.2507619582005017
51.13000000057381 0.4727135585656322 -1.622857221767841 0.0
51.14000000057414 0.3569121698728743 -1.493362648597088 0.18451196446101262
51.15000000057447 0.25365113639113024 -1.493547595067187 0.15296858413233125
51.160000000574804 0.3098444655555271 -1.50612013184092 0.1736767121281965
51.170000000575136 0.4289699251390837 -1.4947378063532932 0.24569034679501364
51.18000000057547 0.5304306664392653 -1.4124581011967763 1.200561353931978
51.1900000005758 0.7992649900927029 -1.4765655490821574 0.9512746445637227
51.20000000057613 0.7740613771274238 -1.2908955583187827 2.4121332011165215
51.210000000576464 0.7324566618410817 -1.4356120419665073 1.4534839158632293
51.220000000576796 0.6338597830066649 -1.5132328405199509 0.8295588513601373
51.23000000057713 0.3490991212145482 -1.2801191232396136 1.6316080234682526
51.24000000057746 0.31788944933311625 -1.4698807075734126 0.34529716460016685
51.25000000057779 0.5363099131721268 -1.5903360080707096 0.2671772052598814
51.260000000578124 0.5259740909606445 -1.514564354717401 0.48029315315027066
51.270000000578456 0.7181383093784667 -1.4668951083416775 1.269125680112778
51.28000000057879 1.006068294909552 -1.5269284790769437 0.5093176544307939
51.29000000057912 0.8816088613641828 -1.326340948315212 1.821783185803584
51.30000000057945 0.8932505419589785 -1.5218730070363458 0.4919918912017869
51.310000000579784 1.0057005236571297 -1.5067996635079068 0.561336047680869
51.320000000580116 1.090456496991831 -1.2105562327784791 2.1735364326221727
51.33000000058045 1.3487115485510497 -1.1475558240523198 2.598982865995496
51.34000000058078 1.149519437272469 -1.1016224567338 3.0872092821824713
51.35000000058111 0.9763849583981534 -1.0734880838532577 3.610985633982267
51.360000000581444 1.1452479748062374 -1.136372882874694 2.7359373613547673
51.370000000581776 1.0501919721390118 -1.3218934336402737 1.3881348138823524
51.38000000058211 1.1139232095884326 -1.2502563268201148 1.7646840635396983
51.39000000058244 1.0691080518373126 -1.2152599032270786 2.2026351607230557
51.40000000058277 1.1629469895355393 -1.332645054473217 1.1718114998536444
51.4100000005831 1.5249433359018263 -1.2637031615268826 1.800821312261657
51.420000000583435 1.3435953718318294 -1.2579312087446803 1.65968282804397
51.43000000058377 1.1989193119802968 -1.328357782588761 1.1831508518817788
51.4400000005841 1.007179840494011 -1.1605050241793684 2.800672998091656
51.45000000058443 1.2391353556191147 -1.0414371751548446 3.6980567624578278
51.46000000058476 1.302174334133269 -1.218603533372793 2.0253828966832264
51.470000000585095 1.1721907841346966 -1.2670612754901158 1.572985549873817
51.48000000058543 1.123913571143848 -1.2395064285425728 1.8405311924379524
51.49000000058576 1.2195559308691628 -1.3413689903016714 1.1120767140598957
51.50000000058609 1.0282406363023253 -1.3052895135894524 1.5386047259877533
51.51000000058642 0.8338900399237024 -1.4077259134514415 1.3653441348111
51.520000000586755 0.7135683417298607 -1.269763090745498 2.746602763530393
51.53000000058709 0.6735357061668421 -1.3928460494656054 1.7847176251641128
51.54000000058742 0.6132404239684568 -1.4981783489255107 0.8582169675864624
51.55000000058775 0.6308985100168969 -1.282330920817591 2.5426268580443954
51.56000000058808 0.8682751100528225 -1.2889068799804044 2.153379015584382
51.570000000588415 0.674913647259741 -1.3031106066681652 2.469777768479556
51.58000000058875 0.6892985325821175 -1.2194633650513547 3.141557064431541
51.59000000058908 0.6021237471054787 -1.3751374157082275 1.770706475689369
51.60000000058941 0.6682080513096298 -1.4033822530715967 1.692933379311335
51.61000000058974 0.7318764951137202 -1.3284644218174013 2.2816126533462295
51.620000000590075 0.9077097368063696 -1.4454705550166012 0.7880255880058656
51.63000000059041 0.8094969126746038 -1.4512835180058716 1.1083263317020364
51.64000000059074 0.8888146020301416 -1.6062961250585857 0.23655768926032275
51.65000000059107 1.047725509725656 -1.319857058976453 1.397698935630774
51.6600000005914 0.8821319979577382 -1.3840941162439333 1.3761507298415947
51.670000000591735 0.998177388441974 -1.4726261319869076 0.6332250353549556
51.68000000059207 1.1598292866695814 -1.5444898615350788 0.3204921407887729
51.6900000005924 1.2690010143138228 -1.6342981555452805 0.0
51.70000000059273 1.0668504114353428 -1.5338140805005793 0.4897123404959311
51.71000000059306 0.9664332592244345 -1.6464374370723547 0.13431273963288706
51.720000000593394 0.9938154453252757 -1.4854686097922136 0.60468316639537
51.730000000593726 0.9254172431389562 -1.4267411732109794 0.8396998599381981
51.74000000059406 0.9543322358857809 -1.4405735453382533 0.7282595173393437
51.75000000059439 0.848873622195526 -1.5351925797533768 0.5148491933214322
51.76000000059472 1.0464576940289205 -1.4892458138947902 0.6258031668483396
51.770000000595054 0.8939642339609813 -1.4109105658207564 1.1048146499243041
51.780000000595386 0.8259219959806436 -1.4159719663366954 1.3169457297705613
51.79000000059572 1.1499893204102123 -1.3491982797792146 1.0814060943905863
51.80000000059605 0.9666173422136413 -1.2441027468508676 2.163043941403139
51.81000000059638 1.0556707297822296 -1.2611188567738023 1.8542141875129166
51.820000000596714 0.8851914683921785 -1.1543261135999856 3.179402986572219
51.830000000597046 0.9939163887701422 -1.3192743279543593 1.485159132867211
51.84000000059738 0.970868710144537 -1.313697594137388 1.5865541277644606
51.85000000059771 1.048716161336569 -1.1915155427269108 2.4846058911037394
51.86000000059804 1.2494738015604097 -1.2317515437043065 2.0014309616166566
51.870000000598374 1.3008688118556977 -1.3019919429833817 1.3362960462959192
51.880000000598706 1.350319291153414 -1.1990934714888775 2.1610379892033795
51.89000000059904 1.4053725028962025 -1.087048257190404 3.11473692326362
51.90000000059937 1.290957492927238 -1.0658501604786952 3.3802053632844116
51.9100000005997 1.070919618350667 -0.9930315708081285 4.283434050046963
51.920000000600034 1.0410869334526591 -0.8237545293618895 5.614933480826526
51.930000000600366 0.8545767412203713 -0.9433218349175262 5.014582616852116
51.9400000006007 1.2360807261497058 -0.7337673414492931 5.978317875084912
51.95000000060103 1.5324866886836157 -0.8305964550750753 5.892576802958317
51.96000000060136 1.840646421002515 -0.7956410788868328 7.745515987636933
51.970000000601694 1.9426067504921325 -0.8154148766037791 8.02641150508302
51.980000000602026 2.0201982942443175 -0.9539835340373375 6.140613431161704
51.99000000060236 2.196545299751145 -0.8759327107151369 8.130123069553985
52.00000000060269 2.3617982836594686 -0.823852298078856 9.732933563119635
52.01000000060302 2.3834201314223686 -0.888296602768937 8.665802745805927
52.02000000060335 2.5439886720881852 -0.8530393737303754 9.484296738275926
52.030000000603685 2.661298845053995 -0.7720544391504185 10.823473573715797
52.04000000060402 2.482352207660511 -0.7227481163864619 12.088303721932954
52.05000000060435 2.2167514476824777 -0.7373831750597617 10.957578363103469
52.06000000060468 2.2225343397368675 -0.8174728158605237 9.473807185660927
52.07000000060501 2.1251931092432113 -1.0033478821517678 5.570039613988773
52.080000000605345 2.080037918308966 -1.1127763256740963 3.6681233683349834
52.09000000060568 2.211531071724228 -0.972800160264087 6.685085491283613
52.10000000060601 2.079849949130648 -0.9539693617543281 6.306686450782782
52.11000000060634 2.184245875266929 -0.9085132688277958 7.527409683811924
52.12000000060667 2.108156218177398 -1.0288886474708279 5.117031896507174
52.130000000607005 2.070653066076679 -0.7274374961067323 9.867969285972308
52.14000000060734 2.2166935313588505 -0.6941686809969035 11.681783142306543
52.15000000060767 2.0343867146756454 -0.6205220744802893 11.6882800354476
52.160000000608 2.0198083718728843 -0.5586849730895462 12.755175554001768
52.17000000060833 2.002606669153255 -0.264029610217166 15.279204518850358
52.180000000608665 2.0699874991525853 -0.26921952958579476 16.075947674156197
52.190000000609 2.2211570550704316 -0.3313198239646086 17.473405623548757
52.20000000060933 2.332555222835179 -0.3573882860554983 18.2422683957239
52.21000000060966 2.2897800830475443 -0.319293615260385 18.37177982925928
52.22000000060999 2.100017366397903 -0.21990867060806996 16.569778892022846
52.230000000610325 2.184085820960619 -0.21620439667532598 17.82660800534348
52.24000000061066 2.1939354816188317 -0.10283435033710686 18.29722715524222
52.25000000061099 2.3684865511536684 0.15846893204938128 19.78493847009587
52.26000000061132 2.3004376992339433 0.400918690488981 16.288920299194494
52.27000000061165 2.3656269021431777 0.261880245928946 18.68796699402885
52.280000000611984 2.2660525746096964 0.3065969158712969 17.40586400983999
52.29000000061232 2.097323573614827 0.18350386544190012 16.662314391052767
52.30000000061265 2.1254252493737456 0.12774609033076634 17.418504882890577
52.31000000061298 2.0622398748043205 -0.19726234765592943 16.42224479571753
52.32000000061331 2.101583245845281 -0.08881001186013271 17.012137935147415
52.330000000613644 2.2549467979698794 -0.23163781846441056 18.574078060216067
52.340000000613976 2.1129390656267213 -0.022416009369179757 17.19788034877908
52.35000000061431 2.056239579685981 0.001734120014574847 16.980097862396264
52.36000000061464 1.9826068669190597 0.052532606046457264 15.792333497075001
52.37000000061497 2.0949586462881964 0.13627786798641295 17.01904931595727
52.380000000615304 2.1994860736025292 -0.03960769840735201 18.483773518091244
52.390000000615636 2.231561014471317 -0.05213940269913131 18.900403516608204
52.40000000061597 2.2569564614403004 0.04368044202502597 19.11344048336623
52.4100000006163 2.222925904351368 -0.15909809826283539 18.621762116638596
52.42000000061663 2.214634436285102 -0.14160214907778823 18.56631552965025
52.430000000616964 2.328168699353452 -0.08072260519832819 19.48893599787998
52.440000000617296 2.5141922409921853 -0.002846909610500825 19.99005380112333
52.45000000061763 2.442573068053836 0.2099692177888905 19.074028157590153
52.46000000061796 2.5379887015678095 0.42451559013239565 16.491602819478526
52.47000000061829 2.6752135276121614 0.13964546153503132 19.35964156089921
52.480000000618624 2.8288891481519776 0.3216566867476891 16.334614461539996
52.490000000618956 2.794556534212383 0.35131729963245917 16.645066595307295
52.50000000061929 2.9901492994514087 0.3012697302058952 14.591659623335634
52.51000000061962 2.5706526596015244 0.4360106629988978 16.774249767099324
52.52000000061995 2.51935337023992 0.46531354528759233 16.11148751771231
52.530000000620284 2.3430943275286116 0.4395742755120067 15.917257815948146
52.540000000620616 2.159159866112299 0.6066675217270907 11.227277849419567
52.55000000062095 2.2082793184864853 0.6859178415887441 9.831345468176425
52.56000000062128 2.1084416475790113 0.7594486277472668 7.569982314405272
52.57000000062161 1.9997779037078953 0.7563062521727174 7.183130164732535
52.58000000062194 2.1453373019772375 0.9468664776001641 6.70624175487046
52.590000000622275 2.2634443095292593 0.7276537930173603 9.545712820216492
52.60000000062261 2.1183493063422296 1.016490944938349 5.980346493906459
52.61000000062294 1.904537905166472 0.7515149044180075 6.376408105776642
52.62000000062327 1.9193034121063544 0.6593902153412707 7.616594507307296
52.6300000006236 1.8608277056192304 0.700578322151974 6.481980441748051
52.640000000623935 1.901311747154788 0.6863356678200297 7.033149657515163
52.65000000062427 1.832081295600547 0.7604984322491439 6.296338625739722
52.6600000006246 1.8309885595043025 0.8331825918230766 6.588521121962351
52.67000000062493 1.6600672510195507 0.7139108754438288 6.160383015058765
52.68000000062526 1.5583738325961838 0.8504431686255903 6.324139618462443
52.690000000625595 1.2978678530042584 0.8924630233313364 5.779583887889174
52.70000000062593 1.4158044169141597 0.9067582928683633 5.904847574950115
52.71000000062626 1.638433119047155 0.6917541553369565 6.140048439842093
52.72000000062659 1.5166604161028476 0.6004223391878534 6.257757261004098
52.73000000062692 1.5429252638253625 0.605119642405608 6.254656761923295
52.740000000627255 1.652151294724596 0.7030321727781046 6.147202752016765
52.75000000062759 1.3551501189072506 0.7767715028084904 5.992330276277912
52.76000000062792 1.4320954032596498 0.8913505109942754 5.98349575588562
52.77000000062825 1.5386308252820178 1.0945360239954778 5.691585400346339
52.78000000062858 1.2222125640693513 1.1067742746941096 5.617050180330477
52.790000000628915 1.2215586220255268 1.109550951793942 5.617273281810338
52.80000000062925 1.2389298459546543 0.8697696487550205 5.7736528672279075
52.81000000062958 0.9179892130731784 0.9187769410167209 4.874120250809365
52.82000000062991 0.777731587020549 0.9635308878285407 5.015064388075034
52.83000000063024 0.5216276567604083 0.8893544269953445 5.1086416087694655
52.840000000630575 0.6881603193606632 0.7986481705399131 5.069166516325483
52.85000000063091 0.8644415661036624 0.7767657271982904 5.069349239939925
52.86000000063124 1.06073210638303 0.7286675927780366 5.525708350338823
52.87000000063157 1.0202465555415314 0.7364175347457558 5.415790182228805
52.8800000006319 1.0498875580629368 0.6286403293326089 5.692873120901355
52.890000000632234 0.9004530170285564 1.0173097769714925 5.099688284204057
52.900000000632566 0.9444410629433386 0.8059623871642764 5.04447072199674
52.9100000006329 0.8407706738101781 0.8494836514764157 4.775717943345173
52.92000000063323 0.714622226288355 0.661731810415047 6.341239230279314
52.93000000063356 0.8576318288196584 0.5587747330012329 6.240582714175565
52.940000000633894 0.7191942230913965 0.6496083038424232 6.420121777156704
52.950000000634226 0.7495404739473944 0.5793283016932551 6.753666232883149
52.96000000063456 0.799768540227874 0.5079987931300063 6.895300374086408
52.97000000063489 0.9684297630360528 0.6180068617567397 5.5846925054946
52.98000000063522 1.0833769100511796 0.8372825596808338 5.48409877986132
52.990000000635554 0.8496743434951879 0.8166309784498718 4.862080457419055
53.000000000635886 0.909991391583637 0.9738689858105568 5.016691369283601
53.01000000063622 0.8802679751374236 0.9023027156564721 4.801952939462664
53.02000000063655 0.8386835809415142 0.948730339572144 4.919973378993571
53.03000000063688 0.6378621094169653 0.8681668907683341 4.78581219742311
53.040000000637214 0.5234012317641491 1.0324293773190822 4.7199653782669815
53.050000000637546 0.6169096558597145 1.1120627935156637 4.91940996360848
53.06000000063788 0.5100321108801336 1.1643777216693934 4.740788956310816
53.07000000063821 0.3330644214896845 1.4348486901077764 4.302938551919222
53.08000000063854 0.2876439513721803 1.5643239838321579 4.067551029890183
53.090000000638874 0.144840902716183 1.7661343682408397 4.064212276070226
53.100000000639206 0.16059693403230535 1.7112657990925009 4.074855691715381
53.11000000063954 0.18078801048022078 1.5624371201296687 4.324855445199663
53.12000000063987 0.25406921912260894 1.1712769614102752 4.956350313320031
53.1300000006402 0.239226077947557 1.1643157465075926 5.066686640144058
53.14000000064053 0.29884965874336133 1.007218396649646 5.41880916346398
53.150000000640865 0.2282526540586461 0.7782902745815699 7.742647521359074
53.1600000006412 0.3079415090850349 0.870336378995213 6.301117309576763
53.17000000064153 0.35540612564143764 0.5945047755753489 9.009684516582437
53.18000000064186 0.42572983389778796 0.6866168343962928 7.351369313875448
53.19000000064219 0.4861513547383973 0.6003343617502593 7.990743548596081
53.200000000642525 0.5634884722873574 0.4269248344336095 9.529292548653675
53.21000000064286 0.6550832171378886 0.36557996835493073 8.913324342690585
53.22000000064319 0.5702700641483048 0.3491299286959857 9.976410859195989
53.23000000064352 0.49749659852847206 0.4968335937465136 9.405401202048449
53.24000000064385 0.36148560671350877 0.5326540883240114 9.669562570268138
53.250000000644185 0.3354982401541562 0.6178032925189204 8.874569798846467
53.26000000064452 0.49691584584482884 0.7273728052375277 6.64433310630799
53.27000000064485 0.8088030541070712 0.721665219802833 5.389895916165879
53.28000000064518 0.7195292581273717 0.6638277551433054 6.301758080526516
53.29000000064551 0.7958143836543154 0.5953923517304933 6.332083653908018
53.300000000645845 0.9179852478210483 0.8656099420713593 4.854627504074308
53.31000000064618 0.8723790100742183 0.7818270907594957 5.051611218121675
53.32000000064651 0.8315437767095762 0.6638094781737978 5.640795721435834
53.33000000064684 0.7809743211483413 0.6513495059356884 6.004823913737162
53.34000000064717 0.7429806204169864 0.6802723343436738 6.012038280170942
53.350000000647505 0.7560919644942953 0.5503608485938698 6.904335232529504
53.36000000064784 0.6549386156754864 0.5374299615566521 7.609315848119488
53.37000000064817 0.5430783833303137 0.5636800787790652 8.064413862650483
53.3800000006485 0.3676663280757872 0.6886633001998664 7.7217994611248715
53.39000000064883 0.49290579397387874 0.6625742904733475 7.316908834644239
53.400000000649165 0.6590166346699626 0.8988111020703072 4.837946010132636
53.4100000006495 0.7480738739121534 0.8704095978843702 4.876707046277833
53.42000000064983 0.7163905276858239 1.0606783412973448 5.117495363541045
53.43000000065016 0.6691788091934326 0.8062812992745838 4.995951188488575
53.44000000065049 0.5855966868699933 0.8287345987201717 4.829419447439441
53.450000000650824 0.44868555014107797 0.7979295578315817 6.13880683246887
53.460000000651156 0.3928162076610654 0.8530815103303673 5.948525792695545
53.47000000065149 0.4351797067118432 0.8583831809726185 5.722388419251287
53.48000000065182 0.5337656512830249 1.0195743162341615 4.737767197461093
53.49000000065215 0.48654971000889446 1.1092637377654844 4.663800356114994
53.500000000652484 0.4188646112670185 1.247335643611044 4.3561947202283395
53.510000000652816 0.7549822699817912 1.0702392071976723 5.153291427308591
53.52000000065315 0.7250473597927476 0.8735600592499706 4.889811890098279
53.53000000065348 1.1839437649551166 0.8547908777312574 5.690253132439137
53.54000000065381 1.1444513274242636 1.1074719445241352 5.50400504988173
53.550000000654144 1.3129046124732318 0.8287059133503105 6.0379520433074285
53.560000000654476 0.9611915354226126 0.9427804275856003 5.0159087983946975
53.57000000065481 1.0381690266841603 0.7802407220345304 5.376883202331344
53.58000000065514 1.16959108373482 0.9071610113831765 5.450712413789997
53.59000000065547 0.9489674990300605 1.0598035467841487 5.221321603472578
53.600000000655804 0.9734941311148333 1.197357011244749 5.4229344173271095
53.610000000656136 0.906175734655808 0.8442050343096212 4.8477534132699915
53.62000000065647 0.8902290920402116 0.7252757335165924 5.308666907528934
53.6300000006568 0.9095624072934627 0.6115535340125304 5.66411285778053
53.64000000065713 0.7638315147115691 1.000772360374518 5.07030270428681
53.650000000657464 0.9864982950673846 0.987597223695637 5.135299339456104
53.660000000657796 0.8203136757682211 1.021889538728055 5.073820158927152
53.67000000065813 0.6888712854161111 0.9216537418599008 4.917854812746795
53.68000000065846 0.6490785898302951 0.8563957282561055 4.788931567689021
53.69000000065879 0.6427659646127909 0.7710840225044637 5.331620184326278
53.700000000659124 0.9070413278064524 0.8554654646947673 4.846262190000328
53.710000000659456 0.9064747857090971 0.7074743136477248 5.379325482851828
53.72000000065979 0.7915651089952427 0.7220273568786999 5.407392224624762
53.73000000066012 0.7378575848048379 0.8210113751806736 4.930852566042136
53.74000000066045 0.8139389387383533 0.8481287793711623 4.812485787777989
53.75000000066078 0.7260678907911609 0.7914020191603797 5.147758793044456
53.760000000661115 0.8133487864562805 0.6440137418304728 5.893744300924008
53.77000000066145 0.9965283308849491 0.7836515834413775 5.224241372340232
53.78000000066178 0.909521836839986 0.5318969044018358 6.13442103838954
53.79000000066211 1.0126336746042504 0.6557060825894369 5.597855900940319
53.80000000066244 1.0539179278765616 0.6421551946531311 5.683399043565272
53.810000000662775 1.0465801145206217 0.6159115045536953 5.711953794136331
53.82000000066311 0.6840190216690258 0.36407715755904174 8.709027914680739
53.83000000066344 0.8364323943111254 0.17197761064202582 7.841244519659178
53.84000000066377 0.8560242846863415 0.31984650676616433 7.506682189490093
53.8500000006641 0.9131416940159629 0.3919882297286519 6.897780200897106
53.860000000664435 0.6677244053663307 0.5155214781441628 7.753233419359031
53.87000000066477 0.5791478197978226 0.28425271314308354 10.133477157118872
53.8800000006651 0.7342590353557941 0.4254452002649086 7.931632703436095
53.89000000066543 0.4884074780758256 0.5702999974817415 8.312561153220773
53.90000000066576 0.6429640683436341 0.6028085870100305 7.146872923868822
53.910000000666095 0.5317487283355364 0.6603942958729984 7.192417622470271
53.92000000066643 0.5783982699118538 0.7045543016336794 6.526781363021216
53.93000000066676 0.5593912169255226 0.6271323822629632 7.369168459601911
53.94000000066709 0.7569381253500471 0.47092777546877496 7.449935889259429
53.95000000066742 0.7451370589116647 0.7628736054437687 5.289432099628909
53.960000000667755 0.6974160251732336 0.6561911687850805 6.459328988208322
53.97000000066809 0.5982830592647036 0.5287152838080145 8.164727395050553
53.98000000066842 0.31766708818633077 0.5240036269165248 10.306548209314759
53.99000000066875 0.40243045701309726 0.5786959394276507 8.806824496061642
54.00000000066908 0.3170054621446841 0.4849931664855114 10.956069709905057
54.010000000669415 0.39167712743752736 0.6919874578938909 7.442603718634693
54.02000000066975 0.3753734522755797 0.7479866520883183 6.961369719132657
54.03000000067008 0.2520202597528756 0.7610808031707026 7.5988848922095755
54.04000000067041 0.3787365695057192 0.908492586434381 5.602893637149581
54.05000000067074 0.26868890506510934 1.1309959221207773 4.9013877086489686
54.060000000671074 0.07019048663837951 1.0716936026607276 6.432757869225586
54.070000000671406 0.13331826591904178 1.1735618952983988 5.645549502827134
54.08000000067174 0.4394745844689425 1.2509455583326698 4.368975640290909
54.09000000067207 0.14415134019532 1.1166007273887937 5.633807893724879
54.1000000006724 0.3597286010348636 1.1402110882691028 4.632356804810229
54.110000000672734 0.5347289670640987 1.0658739715612935 4.7371924250203055
54.120000000673066 0.7045593203534152 0.9932437419028581 5.041651668394993
54.1300000006734 0.5839284165787265 0.9746418654692975 4.803218563755305
54.14000000067373 0.5167178020550361 1.0127872316936788 4.723104806047051
54.15000000067406 0.5363239944056829 1.166881354270831 4.786566648213824
54.160000000674394 0.5641898684906335 1.2915326011237367 4.574878371933501
54.170000000674726 0.7322226355057193 1.3367678990627554 5.054130507887724
54.18000000067506 0.7429100087755188 1.4743668201386988 5.298198958603935
54.19000000067539 0.760481018742244 1.4661057179550505 5.308337986795268
54.20000000067572 0.551380144243566 1.5330461895887284 4.685538246717344
54.210000000676054 0.7729199549400648 1.5082541529496818 5.313258411251976
54.220000000676386 0.605930541081422 1.53369956043087 4.852751411070123
54.23000000067672 0.5222615342090233 1.8795804858433371 5.6505316225497015
54.24000000067705 0.4566457231486349 1.4825026086900583 4.356829729601614
54.25000000067738 0.45880569795279874 1.3614355358893588 4.358873550242544
54.260000000677714 0.6406148500600742 1.255141678284616 4.78233906778728
54.270000000678046 0.5252005951812937 1.3348395171910405 4.53322848103696
54.28000000067838 0.1781188972843455 1.5117877543385103 4.480317692083918
54.29000000067871 0.00760042276804368 1.7398712251077595 3.9705151207082836
54.30000000067904 -0.07237832210712769 1.658564384442935 4.200541486859284
54.31000000067937 -0.014572882524749142 1.6380928168772597 4.187424306480534
54.320000000679705 0.046247027480554204 1.7873720023103605 3.978784735446069
54.33000000068004 0.01582075100947311 1.752370405086943 3.9662508683731694
54.34000000068037 -0.15246060696419106 1.8942976452834777 3.282569617026985
54.3500000006807 -0.22306515260919246 1.6975320213237441 3.592204822420187
54.36000000068103 -0.17004590565544697 1.7026547387712039 3.662653402857094
54.370000000681365 -0.2069597119593467 1.9397843204766274 3.023371012691629
54.3800000006817 -0.04980361757141094 2.076536595415194 3.231197856003404
54.39000000068203 -0.27967976948237483 2.0087601141072193 2.5911939586027177
54.40000000068236 -0.2597065152357376 2.105997646410271 2.556106140017085
54.41000000068269 -0.3356142183785408 1.9598292908487456 2.605215819992297
54.420000000683025 -0.19237881849838678 1.926273294695267 3.1046158514284805
54.43000000068336 -0.14210343384307222 1.7508970443929492 3.599389875850984
54.44000000068369 -0.15300314241526447 1.8815104615870835 3.313591205311464
54.45000000068402 -0.16814929372047438 1.8920822853233419 3.2586665528216208
54.46000000068435 -0.40581481559314536 2.150229658749714 2.0475680601511157
54.470000000684685 -0.41076816761898083 2.231398781326495 2.0099072328275813
54.48000000068502 -0.24765203182750406 2.079481879306623 2.593229533383207
54.49000000068535 -0.222968852616937 2.0158172082891146 2.7274792271368686
54.50000000068568 -0.29555138320440144 2.0498204115224796 2.4749627840671016
54.51000000068601 -0.17829142442847468 1.9436822112860854 3.07816137541877
54.520000000686345 -0.22001214679540693 1.9675616097807642 2.886034037451461
54.53000000068668 -0.07386154213775764 2.1391071756726383 3.1168506484965643
54.54000000068701 -0.08520675808689815 2.1822137878352716 3.082767018889779
54.55000000068734 -0.2810766144696296 1.9953538525341568 2.6274171399238364
54.56000000068767 -0.33146905482899414 1.7872404338770038 3.175223088342984
54.570000000688005 -0.1350638842768166 1.7675646248305705 3.612214978274622
54.58000000068834 -0.3579396632592561 1.6794641133219825 3.460047295701645
54.59000000068867 -0.39487687154238094 1.5829163891118252 3.7204522220852043
54.600000000689 -0.41300726687280165 1.5006400734585705 3.9177586482126623
54.61000000068933 -0.26378830207194726 1.8096966788257542 3.1680733613339274
54.620000000689664 -0.1321291851998232 2.1386663754929027 2.9052109097178915
54.630000000689996 -0.14555316748021874 2.414364369084299 2.9938393111510937
54.64000000069033 -0.20057742632486075 2.3292290065926142 2.843129481993842
54.65000000069066 -0.485422935715765 2.2699588569381888 1.7183904897568485
54.66000000069099 -0.31666046268402304 2.270019088366551 2.4769048713221284
54.670000000691324 -0.538752456807999 2.271658838359128 1.567987158804235
54.680000000691656 -0.42579694256847933 2.189973153478167 1.9083898508256383
54.69000000069199 -0.37745637532455634 2.03830109598141 2.2298408783440546
54.70000000069232 -0.46319663134344435 2.2249559110761643 1.7293481740606593
54.71000000069265 -0.4799732067454431 1.9474761457726026 2.180426189990781
54.720000000692984 -0.46113848786858314 1.8025311976529959 2.6114398811081543
54.730000000693316 -0.3082873004049912 1.8612935485409319 2.975785119827891
54.74000000069365 -0.2585675941507213 1.7071273470449417 3.4464452355697306
54.75000000069398 -0.19851652318544077 1.7238281588701023 3.598090305987148
54.76000000069431 -0.3761931554925009 1.5159830866201434 4.004577996265291
54.770000000694644 -0.6135154797825118 1.6703233838805185 2.2746126549235988
54.780000000694976 -0.6609820408092054 1.8620461452101886 1.6570908804623108
54.79000000069531 -0.7538169880589778 1.8976054523066994 1.2225820053597276
54.80000000069564 -0.9556841966419927 1.582162067532111 0.8650213728177193
54.81000000069597 -0.979340239219185 1.4733795263625942 0.7950633786656541
54.820000000696304 -1.173772154841617 1.7490600829213458 0.03647531519709072
54.830000000696636 -1.2472591894828455 1.7355918599554614 0.0
54.84000000069697 -0.9876152674797894 1.6088078048115009 0.7179655813950412
54.8500000006973 -1.1765686121484376 1.6578793228102324 0.1374032985794735
54.86000000069763 -1.0477827434722256 1.6260084882395045 0.5103463831583008
54.870000000697964 -0.8715019241966312 1.4997408984408709 1.5993007513157096
54.880000000698296 -0.6610299090664962 1.5099283014113767 2.3415417908244804
54.89000000069863 -0.6297818960906683 1.515400523656407 2.4477677282055774
54.90000000069896 -0.7074865820925302 1.4418879872375927 2.2888384880766366
54.91000000069929 -0.46536417628821053 1.4144773102906758 4.0692737496817415
54.92000000069962 -0.495515948717071 1.4608646778334191 3.640322911326303
54.930000000699955 -0.7140614946779731 1.4966194925283018 2.1660792557521322
54.94000000070029 -0.6256563380133567 1.2804391317861894 3.2277800031988515
54.95000000070062 -0.9354368085700773 1.2038325715132012 1.3976031432435103
54.96000000070095 -0.9982528323614543 1.3348200701655748 0.9244732304336115
54.97000000070128 -1.0145076430042013 1.1974373245992451 0.7659680125022623
54.980000000701615 -0.8232587583376033 1.112851448396837 2.277551273462502
54.99000000070195 -0.6479384867340778 1.1284762860969217 3.6706684015743143
55.00000000070228 -0.7432802073921114 1.086952071470765 3.078612712055979
55.01000000070261 -0.7799329828423235 1.0238811513315846 3.16725727647575
55.02000000070294 -0.8263705768087686 0.9976332127473477 2.9106047985973325
55.030000000703275 -0.8822772368655736 1.0377386390540724 2.214905810478027
55.04000000070361 -0.9110938387791487 1.1042364335502743 1.6566271182310568
55.05000000070394 -1.0157917405273147 1.1671326389292491 0.7783484264661913
55.06000000070427 -1.0348053209369252 1.1230669207798603 0.5973058217321007
55.0700000007046 -1.1119112213785478 1.0264085010414292 0.149080687885206
55.080000000704935 -1.0557937497558094 0.9216967139474317 0.7051655975003858
55.09000000070527 -1.1485407210994134 1.129721856431825 0.16668714435907248
55.1000000007056 -0.9697115114705741 1.0936266850306178 1.1952740133599207
55.11000000070593 -0.9121547717616316 0.8741347599865067 2.6302513918278287
55.12000000070626 -0.5826545716845595 0.7786735742937347 5.3854871844435035
55.130000000706595 -0.5007661164775736 0.7331288562291782 7.03473029018331
55.14000000070693 -0.6116816180155531 0.5616220106926314 6.902668064083604
55.15000000070726 -0.6971692087310292 0.23293822116291918 7.317981361615168
55.16000000070759 -0.7621870123005948 0.0275038359824471 6.278101655529509
55.17000000070792 -0.6481955289226224 0.30168710234926005 7.93802699627175
55.180000000708255 -0.49839781453316423 0.16531287855797272 10.411436084254428
55.19000000070859 -0.3988960032742701 0.14429670772968117 12.03326340576881
55.20000000070892 -0.5147831672122062 0.20651472298108986 10.147533339282475
55.21000000070925 -0.544555973665369 0.3680926807707957 9.292830974064751
55.22000000070958 -0.5091113294274445 0.29625975744890887 10.111813842222267
55.230000000709914 -0.7184939225276541 0.37203720322694545 6.692691161818336
55.240000000710246 -0.5602614401765706 0.5393710483644524 7.930083216281229
55.25000000071058 -0.5832730596853328 0.5634618427386405 7.390428462954984
55.26000000071091 -0.3336616789010236 0.6122248258300351 10.033002905796675
55.27000000071124 -0.13180601416752452 0.5805837329850244 10.958697940172808
55.280000000711574 -0.13395122286772104 0.5287158259023379 11.498820740559179
55.290000000711906 -0.22693395688434378 0.35434782853679003 13.268944772777829
55.30000000071224 -0.07741065167775177 0.4456452711877511 13.20158610183445
55.31000000071257 -0.11953332244745472 0.5465610498476573 11.537408315106148
55.3200000007129 -0.040487180109191584 0.3338663722112286 14.45283285424825
55.330000000713234 -0.08266372969592424 0.289863609810711 14.578632366011199
55.340000000713566 -0.057063102572936925 0.12379014505083119 15.226324129417574
55.3500000007139 -0.21821903921876468 0.07498644064754023 14.242248472199593
55.36000000071423 0.03140892570997457 0.06762511244220604 15.22236303976682
55.37000000071456 -0.204282109205477 0.28268820868471334 13.96257468432448
55.380000000714894 -0.2984008570227411 0.3644694730857079 12.466204922382081
55.390000000715226 0.016871136390146847 0.33517560893947884 14.457968462474941
55.40000000071556 0.04943009740491426 0.398146201354226 13.627035035356796
55.41000000071589 0.20285473531039425 0.47416238244800835 12.300662133888123
55.42000000071622 -0.11548788574651969 0.5009270258412113 12.159799257355306
55.430000000716554 0.09412833479561344 0.71705247314993 9.492826602764053
55.440000000716886 0.0927609895844563 0.5729741241026713 11.560603569326616
55.45000000071722 -0.16109385352222438 0.6863525075463723 9.920197596042382
55.46000000071755 -0.13579448365863211 0.644583654265242 10.301027734373882
55.47000000071788 -0.1775336045458081 0.6184550029243233 10.489958854245618
55.48000000071821 -0.26566774485541367 0.5037320176463689 11.135000809102067
55.490000000718545 -0.2239958690809234 0.5163080672190951 11.456085678671553
55.50000000071888 -0.14639024432899134 0.39369272289780344 12.863697537820762
55.51000000071921 -0.1979321430260134 0.11779223424676377 14.284101627445104
55.52000000071954 -0.14246823557012314 0.054791230561597626 14.353679493874022
55.53000000071987 -0.07462890426487373 0.06891206003714068 15.234529698171201
55.540000000720205 -0.21907470150181393 0.007360775599609237 14.055343808798817
55.55000000072054 -0.43424730940676726 0.14220973383656887 11.510840289434022
55.56000000072087 -0.4177611741971705 0.11247204258670307 11.69155073527961
55.5700000007212 0.0635064297514876 0.12458657405486595 15.126119331513042
55.58000000072153 0.0431769365595843 -0.06309978079240774 15.189210146154423
55.590000000721865 -0.192745648248271 -0.17535315885002034 13.582453289783066
55.6000000007222 -0.1720646831222838 -0.2616845702386249 13.082126535094362
55.61000000072253 -0.10125734382495026 -0.18876946328318367 14.17232325571337
55.62000000072286 -0.09712998580282786 -0.27782909315639803 13.724779409772564
55.63000000072319 -0.27917938067179543 -0.2695596535378062 12.371502320609455
55.640000000723525 -0.2994291572240382 -0.08280867405736037 13.263486469604073
55.65000000072386 -0.4764742709733129 0.021263297221661648 10.62254750088965
55.66000000072419 -0.41277613243057787 -0.07738711436168344 11.479576157189799
55.67000000072452 -0.5394003569220331 -0.159663552051024 8.992087725922552
55.68000000072485 -0.594703514769214 -0.12792667895387655 8.287099014137526
55.690000000725185 -0.5286893390817183 -0.17880588000647846 9.206653302415738
55.70000000072552 -0.5816546243648674 -0.19422001696095292 8.529047207552246
55.71000000072585 -0.5197023837587552 -0.03626771961808195 9.666975741413431
55.72000000072618 -0.43429956181532436 -0.11739540350403144 11.084578417974098
55.73000000072651 -0.650409407716598 -0.15437471303413897 7.639253733873209
55.740000000726845 -0.5637756087694517 -0.21088518939382617 8.746294954230347
55.75000000072718 -0.5156666599272328 -0.0650534775927335 9.73978606654915
55.76000000072751 -0.4633741054581228 -0.14521894358306986 10.440407185364354
55.77000000072784 -0.41237660256523934 -0.3131879736227565 10.190328508084667
55.78000000072817 -0.3459184354468522 -0.2648621193566252 11.472329928020105
55.790000000728504 -0.36485938235459897 -0.42476902767877667 9.7746759323373
55.800000000728836 -0.212133519696731 -0.42760423916084234 11.166326165058166
55.81000000072917 -0.11019584541835052 -0.49828279482095894 11.094560531502381
55.8200000007295 0.01924213861283304 -0.5387226040603907 11.481930884022724
55.83000000072983 0.23709693520862712 -0.6684322575436801 9.569168817734068
55.840000000730164 -0.029495148470159008 -0.7212677008687941 8.374453968914287
55.850000000730496 -0.018143336033189517 -1.0867745597168217 2.6731589276491867
55.86000000073083 -0.3946470355542136 -0.964538872059236 1.6718060405298258
55.87000000073116 -0.7159892746741008 -1.031755306456353 0.0
55.88000000073149 -0.7320604805166402 -1.0174485305343315 0.0
55.890000000731824 -0.6268131050051217 -1.1693380292888322 0.036182201049357876
55.900000000732156 -0.5916157042129162 -1.0025047138224146 0.32531552836602057
55.91000000073249 -0.7112616963909449 -0.9098460477251467 0.19380627690336064
55.92000000073282 -0.7054777419990648 -0.8719161904151747 0.3550116147931647
55.93000000073315 -0.6702898404499482 -0.8608017783245434 0.5069218722554646
55.940000000733484 -0.4624010229780723 -0.8653951777381932 1.9222712837750622
55.950000000733816 -0.6762261379706609 -0.670460174057387 3.9766807418761534
55.96000000073415 -0.6987722875353236 -0.8461130118075999 0.4715281880127277
55.97000000073448 -0.7926786321191983 -0.8763465106705653 0.0544569400473586
55.98000000073481 -0.7830048774032698 -0.8378801175066707 0.2447832171095121
55.990000000735144 -0.7965580254831737 -0.8200532473600486 0.5000441662119784
56.000000000735476 -0.6741607785160315 -0.9180824307579836 0.2911355226582361
56.01000000073581 -0.5416400675338457 -0.8871003742816989 0.8684187923029603
56.02000000073614 -0.5629003228581496 -0.8609738850387731 0.8745173042874147
56.03000000073647 -0.3821089522515514 -1.0013605389545657 1.513835764924695
56.0400000007368 -0.31882665144510797 -0.9305532521274356 2.8853212378815867
56.050000000737136 -0.13809480674248786 -0.9048238068795676 4.887006772947536
56.06000000073747 -0.0424266409507007 -1.081068732874248 2.698272036288414
56.0700000007378 -0.2370491749760349 -1.1401793960295872 1.2042736371426566
56.08000000073813 -0.1872597890158827 -1.063217675289636 2.138918177381044
56.09000000073846 0.0016541435062148446 -1.0260120101133445 3.6288258047091357
56.100000000738795 0.13179075156143702 -1.122943994150706 2.746025367164627
56.11000000073913 0.007220462281017692 -1.1151684547874168 2.4559396614214464
56.12000000073946 0.15538976544823174 -1.2289143908654088 1.6905616891981938
56.13000000073979 0.21143815763614487 -1.2473527820281647 1.6321489132796176
56.14000000074012 -0.10288092440848107 -1.1486705025181394 1.709561152781388
56.150000000740455 -0.14689852214528965 -1.1309615951700418 1.5952095215812059
56.16000000074079 0.023563894312845057 -1.0125071240882864 3.8913839618394133
56.17000000074112 -0.19973902355016904 -0.9262747713236581 4.040127351565793
56.18000000074145 -0.4232341071453606 -0.799599855614551 3.8561263913430226
56.19000000074178 -0.44422968361682025 -0.8900828955308335 1.813701841286926
56.200000000742115 -0.5715325687400897 -0.830425305941328 1.6313608318557957
56.21000000074245 -0.5901084812035254 -0.7470147203537512 3.0487780117055023
56.22000000074278 -0.5106012546873531 -0.8171388428375395 2.3271334544912756
56.23000000074311 -0.319823059661127 -1.0274974871152134 1.780281876034767
56.24000000074344 -0.39012640378436414 -0.7495934335258008 5.179527323860607
56.250000000743775 -0.24952589112533763 -0.6536433522123128 8.081020294989031
56.26000000074411 -0.4287818870512793 -0.5021203870138014 8.549390974440495
56.27000000074444 -0.2494753188499929 -0.5723565491556518 9.123924107775572
56.28000000074477 -0.13351578166505285 -0.5039314870002614 10.63679794875973
56.2900000007451 -0.18413188751712098 -0.6840394801846599 8.092974413464468
56.300000000745435 -0.3578679794078416 -0.7026735532629831 6.25992440778744
56.31000000074577 -0.4043217651206246 -0.6123980367852675 7.340624984418923
56.3200000007461 -0.28298709300223057 -0.651389042902544 7.874623471380897
56.33000000074643 -0.46756630407145144 -0.6872117987224142 5.326366166522281
56.34000000074676 -0.24036818201643564 -0.7454333788666601 6.70856060102263
56.350000000747094 -0.1281971695900101 -0.6742965590795118 8.641267145576382
56.360000000747426 -0.23574116725528466 -0.645450713829329 8.268790004610999
56.37000000074776 -0.22522400368934814 -0.6766587490044993 7.901184940782362
56.38000000074809 -0.15274026904170723 -0.5021050477538206 10.444198780378061
56.39000000074842 -0.4370316328279499 -0.7801803113852164 3.9880787146324277
56.400000000748754 -0.4294676492900963 -0.6880849413681565 5.835339431311036
56.410000000749086 -0.15855042097476552 -0.5808267347442388 9.542433350594639
56.42000000074942 -0.17561662216429158 -0.6978016289959991 7.948308045948044
56.43000000074975 -0.11630473442731157 -0.5248772091570355 10.661738074230254
56.44000000075008 -0.09203892857856974 -0.4868581437727362 11.469745322251365
56.450000000750414 -0.12053112324991049 -0.5085460390400166 10.798608616724556
56.460000000750746 -0.160704027257549 -0.40341798663576955 11.838435911847359
56.47000000075108 -0.059285286315444496 -0.6211493254708965 9.777642565809526
56.48000000075141 0.19256796538140256 -0.69804693421089 9.20448103928591
56.49000000075174 0.024020305716537113 -0.46219443676017335 12.543210516579686
56.500000000752074 -0.038913278946558404 -0.2118359855662515 14.418752445338429
56.510000000752406 -0.26715358518357646 -0.060500865440909934 13.58565597184469
56.52000000075274 0.08402493257748618 -0.13731081037598003 15.063293645222469
56.53000000075307 0.004686533641141091 -0.1456652065361479 14.97195930469644
56.5400000007534 0.06785808354356544 -0.13842271724816219 15.081780382921036
56.550000000753734 0.05767651967472871 0.10289410317565506 15.18443391720944
56.560000000754066 -0.004329591595393444 0.2665087273956499 14.823295766821882
56.5700000007544 -0.026782066030342878 0.26240430786337976 14.82220785979049
56.58000000075473 -0.2442881015470484 0.46051088775246285 11.874213757074852
56.59000000075506 -0.34659208944697245 0.29548826718705024 12.451165572943427
56.600000000755394 -0.13841621752138855 0.08501266438089816 14.429914707777682
56.610000000755726 -0.23969286835409098 0.20201311407183686 14.011459714496354
56.62000000075606 -0.5797734026467781 0.2348368607384016 9.051973105481858
56.63000000075639 -0.6819679797769106 0.07615704386466937 7.282547025249329
56.64000000075672 -0.5150380692005384 0.16396123617203662 10.047962863043717
56.65000000075705 -0.5822770198942726 -0.08754671808298509 8.383960868830977
56.660000000757385 -0.37983009695462006 -0.22704205248686937 11.201863671527319
56.67000000075772 -0.2249873669419785 0.015454672401043701 14.045687365073075
56.68000000075805 -0.31680105840252104 0.10460807180627363 13.318471558308268
56.69000000075838 -0.24537393328445378 0.03627485010137421 13.969337138733088
56.70000000075871 -0.3910477525919657 0.13139629162128907 12.129645782964133
56.710000000759045 -0.49503259748378076 0.24365346030342283 10.341801300639593
56.72000000075938 -0.4574413170295877 0.24053918735799584 10.907323620071343
56.73000000075971 -0.534697901232521 0.2342872541116584 9.716648159416488
56.74000000076004 -0.45138415999254167 0.06927778360612791 11.201252849915857
56.75000000076037 -0.5695528659618142 0.12781431824619072 8.96184890307247
56.760000000760705 -0.6628637180920206 -0.06476522469807666 7.422642010106481
56.77000000076104 -0.49738350981459056 -0.027117425964323982 10.14132780731575
56.78000000076137 -0.5080078520722001 -0.015117777809493638 9.9295910393237
56.7900000007617 -0.5188825607557865 0.09843134858777713 9.891172003488991
56.80000000076203 -0.6756551535018469 0.5045648923104212 6.324525485846402
56.810000000762365 -0.8762255540760056 0.5865251056930907 3.3655646042482243
56.8200000007627 -1.08352830264687 0.6334656339388012 1.5338552335118194
56.83000000076303 -0.9279438065396114 0.9186400523869916 2.214686822750847
56.84000000076336 -0.664915710450755 0.9568434138338126 4.344077964234134
56.85000000076369 -0.4809475523387108 0.8254352200011952 6.551511263625502
56.860000000764025 -0.3920959424100999 0.7987395468602692 7.86054019194972
56.87000000076436 -0.4127382055799898 0.5741976441888639 9.777568326677134
56.88000000076469 -0.24073517684468465 0.3625548106804244 13.038257246858485
56.89000000076502 -0.27083266346406193 0.5316518502280948 10.710666077727723
56.90000000076535 -0.08625177312993972 0.5534071403053316 11.971549092399888
56.910000000765685 -0.17838812876393345 0.7210854969859828 9.68647623057856
56.92000000076602 -0.2942989357405408 0.6622300579186906 9.645984458569536
56.93000000076635 -0.46254420095085547 0.9368202014929404 6.0700763381213445
56.94000000076668 -0.5869756249762276 0.9597332166861609 5.000910005481093
56.95000000076701 -0.5843444620977077 1.0353020761438085 4.717556567787906
56.960000000767344 -0.6421359196777161 1.0182159924483987 4.296000816736205
56.970000000767676 -0.6327993717859115 1.0769768148593084 4.064054092960754
56.98000000076801 -0.49361076677034504 0.82130381287324 6.422596417725279
56.99000000076834 -0.3446339756693855 0.7105638814873567 8.963131681838433
57.00000000076867 -0.36777110726517626 0.8967462044929766 7.31413208790183
57.010000000769004 -0.48594083459881526 1.065573523838098 5.382521907807207
57.020000000769336 -0.4408528868799203 0.9410671022165145 6.188524044062353
57.03000000076967 -0.776768276377164 0.6696048492147563 4.08610162957031
57.04000000077 -0.8523584723569229 0.7514308611094949 3.2558647397007237
57.05000000077033 -0.8374155863308752 0.6558060655842312 3.5982264534341954
57.060000000770664 -0.815407025106943 0.4457282249165977 4.912998154913023
57.070000000770996 -0.9362269775530752 0.6113665660840026 2.7400846300779382
57.08000000077133 -1.0775704191555031 0.5951039041667356 1.6659107043141945
57.09000000077166 -0.7879655739184336 0.5143316049068989 4.808937564236685
57.10000000077199 -0.67748138225619 0.5862771702298296 5.801982224112229
57.110000000772324 -0.9701205986941923 0.6557522884589424 2.3064635774796933
57.120000000772656 -0.9830252019396619 0.5344376133910489 2.4694197832478166
57.13000000077299 -0.9915685236373097 0.7951372144188499 1.8170216891856796
57.14000000077332 -1.0769085120088073 0.8310824808081373 1.073020119333374
57.15000000077365 -1.0471169856474813 0.6766188638092097 1.5799137185104584
57.160000000773984 -1.0398162582753518 0.4362155189027975 2.3612307313699814
57.170000000774316 -0.8126005950460851 0.6911772381540879 3.6984124909248215
57.18000000077465 -0.992307091101177 0.5506948036445309 2.2952917213045976
57.19000000077498 -0.9831983601998989 0.6461657422032963 2.2066288301563115
57.20000000077531 -0.8009372100171637 0.827976372204638 3.7882861747409797
57.21000000077564 -0.7083659555742357 0.6236554625165546 5.215726896408746
57.220000000775975 -0.6025045257075284 0.6390505424861143 6.462873490265803
57.23000000077631 -0.4005102429390274 0.6087122720112005 9.541650051744627
57.24000000077664 -0.3951175625828006 0.4903477931491258 10.432204253432209
57.25000000077697 -0.635680173939153 0.4900507752958252 7.037094763951476
57.2600000007773 -0.5257370115172244 0.6541709198585828 7.521155642488493
57.270000000777635 -0.7734731434498223 0.833615893018906 3.989921838994117
57.28000000077797 -0.6302448195372559 0.86753526572639 4.940573616157889
57.2900000007783 -0.5467877835225663 0.7766829776994562 5.890754789810886
57.30000000077863 -0.8498823607109723 0.9000933612097963 3.1668699701788485
57.31000000077896 -0.8040532106484268 0.9449262124312628 3.328654753006976
57.320000000779295 -0.6238535059823148 0.8992650338917195 4.9055432930833565
57.33000000077963 -0.7999618870001777 1.1559207363473836 2.326562647968095
57.34000000077996 -0.8609472021949229 1.219275244107027 1.9343317736621177
57.35000000078029 -0.7412527548006562 1.4114957065390348 2.228431439074425
57.36000000078062 -0.8637784032313867 1.5619387742046982 1.5705129785825058
57.370000000780955 -0.7735113267746001 1.4805141219548024 1.9952214144829918
57.38000000078129 -1.0264640717512024 1.158830224631601 0.6929167040262828
57.39000000078162 -1.1812418723274167 1.1515306589961996 0.15138534095705183
57.40000000078195 -1.152567418445241 1.0371181663316191 0.06880727362394969
57.41000000078228 -1.0378313219578947 1.0352078240829874 0.724998480705897
57.420000000782615 -1.133514790454408 1.1205583251951976 0.17277112657824906
57.43000000078295 -1.1350925581170686 1.1360897949277677 0.22231203593363638
57.44000000078328 -1.2070475482301855 0.9891787339551266 0.0
57.45000000078361 -1.0997848881784842 1.0474497550268165 0.2334255601585307
57.46000000078394 -1.200325222575441 0.9055009467255235 0.0
57.470000000784275 -1.137165368646407 0.7861055363324586 0.5750958233405473
57.48000000078461 -1.0758952114395937 0.9392327166828496 0.3879734646081547
57.49000000078494 -1.060398993909759 0.895388842500966 0.8180331985149524
57.50000000078527 -0.9794532851956855 0.828274306418992 1.981079645431715
57.5100000007856 -0.7174174775730238 0.7986472975107191 4.336489853485106
57.520000000785934 -0.8958187434513134 0.8391659882549878 2.9686486509986105
57.530000000786266 -1.1236219034655526 0.8234831159125421 0.6965962301381508
57.5400000007866 -0.9529862507766287 1.0479379753359042 1.44075864283375
57.55000000078693 -0.8853598830688274 1.077631188157818 1.9458172617511964
57.56000000078726 -1.123861646894511 0.9799898922424845 0.027107756375327308
57.570000000787594 -1.1923248166124 0.9866475721405777 0.0
57.580000000787926 -0.985867520699812 0.912016913249637 1.562473737878555
57.59000000078826 -0.9855351695537576 0.8021970838784295 1.875157521618198
57.60000000078859 -1.103615507089083 0.7105010640899092 1.0925697292227343
57.61000000078892 -1.0593551820221303 0.5433936268378992 1.9007513991881988
57.620000000789254 -0.8577006091132942 0.6514653001050441 3.419428148788578
57.630000000789586 -0.7643039315549762 0.7064453854991859 4.08087340586351
57.64000000078992 -1.0611063116934927 0.5100823191133147 2.0078073009618476
57.65000000079025 -1.1237019380205406 0.4524639340725505 1.7530467237885499
57.66000000079058 -1.0906357484295839 0.48148830740047777 1.926625709969648
57.670000000790914 -0.8755564478611952 0.5898772768616648 3.367086424764563
57.680000000791246 -0.9936808450272085 0.6422999078603591 2.1052166285601364
57.69000000079158 -0.9793190170153729 0.7476854575647591 1.9737265484534787
57.70000000079191 -0.8609503269148293 0.6283076762648726 3.439309534117369
57.71000000079224 -0.8985170805571232 0.5304118411979649 3.3458408232928436
57.720000000792574 -1.066330260735263 0.33259995991683966 2.6055854159109124
57.730000000792906 -0.9759908874233303 0.44925994867442376 2.9719642837362157
57.74000000079324 -0.743789580890742 0.42646671243507617 5.955912091944
57.75000000079357 -0.7650732430709932 0.3935532046324999 5.9186693877548135
57.7600000007939 -0.5911229535809261 0.5648181412830544 7.238146601222951
57.770000000794234 -0.7598535176615425 0.5451681167117708 4.972830716053954
57.780000000794566 -0.8190404714933912 0.44535747430300726 4.877409758534708
57.7900000007949 -0.6781567370375345 0.3409789162649351 7.415993526996195
57.80000000079523 -0.7810815220141859 0.4946255344248777 5.025234293747117
57.81000000079556 -0.7979177962561745 0.5031900240643419 4.726955629500215
57.82000000079589 -0.7039937120098848 0.6608473372445447 4.940749251116303
57.830000000796225 -0.8173348067320736 0.8965919059577543 3.4403357318335934
57.84000000079656 -0.9842497820773021 0.6493436106389503 2.1848724544289877
57.85000000079689 -1.0029375023751879 0.981333022610773 0.9984624651418093
57.86000000079722 -0.9772664246242353 0.8851507162188653 1.8015352850162643
57.87000000079755 -0.8990929307889837 0.6144696883224656 3.1227132191205755
57.880000000797885 -0.8524588271584896 0.6159023087322688 3.542494075244865
57.89000000079822 -1.1545234769605135 0.6215559520942328 1.1781567332679799
57.90000000079855 -1.072240090035742 0.6823573357034103 1.3826240947705337
57.91000000079888 -1.025832198913718 0.609846763844268 1.9684926494559016
57.92000000079921 -1.0093067927238883 0.51214585782607 2.3292874684159335
57.930000000799545 -1.04349019474616 0.5696188794416156 1.9432403340602982
57.94000000079988 -1.0743946108376414 0.47967031942343397 2.015834002737505
57.95000000080021 -1.0644459285764898 0.5335494746027125 1.899491627520946
57.96000000080054 -1.1340210848238614 0.334477402261265 1.9433882799379842
57.97000000080087 -1.012664081540836 0.47905647101820964 2.467123150657474
57.980000000801205 -0.9676634636579792 0.5915730991348191 2.4772517285756717
57.99000000080154 -1.2714982422526757 0.5733905352846317 0.7462285879047946
58.00000000080187 -1.0262989430587481 0.5089576071950782 2.243906558083245
58.0100000008022 -1.0546959855341858 0.6571031138748021 1.6159253041170776
58.02000000080253 -0.9582706003334925 0.8023393707331529 2.1539893379243353
58.030000000802865 -1.0751659574460126 0.9056455986094555 0.6178490909718892
58.0400000008032 -1.1798650242759467 0.9412092848756518 0.0
58.05000000080353 -1.263567867085339 0.9321820483874929 0.0
58.06000000080386 -1.043723440467935 0.9218893541819982 0.8518405330293892
58.07000000080419 -1.0395689089507405 0.994301740586808 0.7073956457988253
58.080000000804525 -1.1403410562473035 1.0267909294780957 0.07172809875957384
58.09000000080486 -1.260586169495857 1.4638846698745127 0.016292892088537
58.10000000080519 -1.0662519218739168 1.5835100421017039 0.4808331216270864
58.11000000080552 -1.1021467767004556 1.402137245694087 0.5121620942860253
58.12000000080585 -0.770279363911107 1.293667623650936 2.2421437444352814
58.130000000806184 -0.5658119804673644 1.246507263070346 3.8821704315939085
58.140000000806516 -0.6386581717756932 1.234631413743751 3.2933961378801984
58.15000000080685 -0.8245320379542151 1.4030676812750391 1.9757411938024902
58.16000000080718 -0.574275742179406 1.3719561197310515 3.3937072632081047
58.17000000080751 -0.760374325249042 1.1995818910199492 2.4622045682633953
58.180000000807844 -0.5770395291705173 1.1119048768944872 4.354203092800365
58.190000000808176 -0.7106339043886191 1.1912764810478818 2.9150271218245027
58.20000000080851 -0.8230257733351192 1.3869569006318148 2.0092063322841374
58.21000000080884 -0.7485074644210709 1.2903885412545462 2.3021317907586973
58.22000000080917 -0.9602185278737434 1.3249045033910485 1.178963474959574
58.230000000809504 -0.8706853360150775 1.304824407145029 1.8739382691405941
58.240000000809836 -0.7329251031689552 1.3723651697634496 2.3266553165312045
58.25000000081017 -0.6896944884461624 1.3318013573386922 2.5563696527167425
58.2600000008105 -0.6301282764676094 1.1862239747141323 3.639301769175092
58.27000000081083 -0.5834774037554484 1.361971529425167 3.3516873521920942
58.280000000811164 -0.4552129506545812 1.4277796078180083 4.0589133291487
58.290000000811496 -0.6549333660384948 1.3604588759987013 2.7310888781698752
58.30000000081183 -0.5477859020990818 1.437453111083654 3.3221416971578615
58.31000000081216 -0.6661106523407587 1.531557806082469 2.2918315709293866
58.32000000081249 -0.7720752937325666 1.3648734405265266 2.2203904199951863
58.330000000812824 -0.8019627792532231 1.4492106187679454 1.9630367571446792
58.340000000813156 -0.767592538065268 1.777516188328308 1.4894260921758733
58.35000000081349 -0.8834671346192629 1.991570363389156 0.6283861884130939
58.36000000081382 -0.8492960230758622 1.8834385738634842 0.9493226685579054
58.37000000081415 -0.8806623571665322 1.7766961739179177 1.063264248766402
58.38000000081448 -0.9995663155495086 1.6404151877699997 0.6331846777019863
58.390000000814815 -1.086790770463925 1.6000469676226214 0.42219375111429835
58.40000000081515 -1.0760272210257857 1.5260334740495676 0.4751124379124511
58.41000000081548 -1.2266218625797083 1.3222858964630437 0.2538751245443827
58.42000000081581 -1.3005654281256467 1.5760959930212621 0.0
58.43000000081614 -1.1790559448957443 1.4899417159557653 0.2133123906958355
58.440000000816475 -1.2042476357939675 1.291709236873092 0.23821195902313205
58.45000000081681 -1.1555485054612606 1.375538839372847 0.399497486412797
58.46000000081714 -1.2166577970381094 1.5162469393013398 0.1104712442664731
58.47000000081747 -1.1874671532488483 1.5077881260631216 0.1865613524431622
58.4800000008178 -1.0675821701907369 1.397607937551484 0.6088737382449665
58.490000000818135 -0.9895311737262409 1.2737875072001352 0.8680565233247908
58.50000000081847 -0.8707515170185366 1.2680005094777005 1.8235185994012184
58.5100000008188 -0.7764527326629722 1.2607348964060272 2.1751031459782566
58.52000000081913 -0.7313016735617069 1.4137517426299213 2.2583955463529257
58.53000000081946 -0.7895026921329462 1.3062790825571151 2.1963680214754993
58.540000000819795 -0.884902769283112 1.2895234746777335 1.7501271525745898
58.55000000082013 -0.9762312493166571 1.2761879359667896 0.988333502288927
58.56000000082046 -1.2532374594232207 1.0588300088612375 0.0
58.57000000082079 -1.1658637602639925 1.1564265007045167 0.20921335646970876
58.58000000082112 -1.1023472368776719 0.9222685524094525 0.3014984756357163
58.590000000821455 -1.041884698779374 0.6163477956396978 1.8550809336837113
58.60000000082179 -1.0971229390503083 0.5430037550392242 1.680787600485505
58.61000000082212 -1.167453621862041 0.6702455126861524 0.9297132283911617
58.62000000082245 -0.9782841082327822 0.8145342738676915 1.9580409630200626
58.63000000082278 -1.0537620397960412 0.9926044683861974 0.5774344563203416
58.640000000823115 -0.9274465935026182 1.0539882031690095 1.6379879311255567
58.65000000082345 -0.9024328139538328 1.1187819202811218 1.6997824835883124
58.66000000082378 -1.1190184737003135 1.1538014545252364 0.32724619212402206
58.67000000082411 -1.0535076859209844 1.378516393378523 0.6850766406722729
58.68000000082444 -0.9540477285780373 1.3333986299618927 1.2216616823142372
58.690000000824774 -0.883435141601042 1.2905886799643302 1.7625655162925056
58.700000000825106 -1.005791383797191 1.1564189765119672 0.8489733567060466
58.71000000082544 -0.8853884728244836 1.2314340334902156 1.7556158932401975
58.72000000082577 -1.1196501320511354 1.1607194321131273 0.3473905151881356
58.7300000008261 -1.230979748065157 1.2900715340696012 0.16864509170253325
58.740000000826434 -1.099578600019377 1.294093854908839 0.5356153541835903
58.750000000826766 -1.2102755944133576 1.2551686774435116 0.13760192205026578
58.7600000008271 -0.8139832443637375 1.157225111920989 2.210389866561978
58.77000000082743 -0.6966647528956724 1.1285610300084246 3.253369946122905
58.78000000082776 -0.7249253365503154 1.0160858928559695 3.622358582721912
58.790000000828094 -0.6253099237198587 0.5693453667077413 6.679204102437788
58.800000000828426 -0.8703911869545242 0.4047145630951833 4.542891848529814
58.81000000082876 -0.7990366620767657 0.4003613044809351 5.4249076167351795
58.82000000082909 -0.6397129836853914 0.22717431358849027 8.157976167079777
58.83000000082942 -0.7885690559506273 0.3445140701943934 5.956014206390725
58.840000000829754 -0.9355603296460104 0.37007174871813153 3.8379050506462358
58.850000000830086 -0.9423552943796484 0.2500312728604698 4.092322086155869
58.86000000083042 -0.848862370666489 0.2988491622092655 5.354224784557472
58.87000000083075 -0.7319030891022462 0.1924292053033828 6.951317347330745
58.88000000083108 -0.6923624752854914 0.28073577342863054 7.275929337377303
58.890000000831414 -0.6588741303072778 0.05957779694469456 7.502252672710329
58.900000000831746 -0.697613462904085 -0.0769860331433152 7.026369461346844
58.91000000083208 -0.6711757777847889 -0.2742056269341686 7.389978943671502
58.92000000083241 -0.5980451648443033 -0.13951979597206066 8.243666674043201
58.93000000083274 -0.4116323960875521 0.08059450038205729 11.77703514577495
58.940000000833074 -0.5878707375163724 0.23079621153739682 8.92986619100531
58.950000000833406 -0.7267689760594918 0.06198066496826171 6.700792215157502
58.96000000083374 -0.6010693401634815 0.1870370443578695 8.740864344966253
58.97000000083407 -0.3775997661879039 0.2517487776244606 12.172627940526235
58.9800000008344 0.05814930488299419 0.3799997870427161 13.873386452697133
58.99000000083473 0.057100001759474495 0.44544780085406366 13.20878644368689
59.000000000835065 0.09633595030407546 0.3267016670475845 14.30443193411455
59.0100000008354 0.16836691071669835 0.4029047677586899 13.133386639232628
59.02000000083573 0.11366655350902534 0.403091244891144 13.291117407666428
59.03000000083606 0.2344776864031154 0.6262522708149258 9.61673024447284
59.04000000083639 0.017152328656951543 0.7586012233196016 9.382543200079057
59.050000000836725 -0.11271121798725153 0.9411977507567266 8.073729215030164
59.06000000083706 0.05381246644919213 0.9634668539167488 7.492553868690045
59.07000000083739 -0.1482582779058923 1.0532699558385055 6.824786757010854
59.08000000083772 0.09968606185222001 0.9515198241672873 7.30572662238942
59.09000000083805 -0.19925859658142075 1.02312194239008 7.124920880060049
59.100000000838385 -0.47695174733501894 0.9435230259764933 5.957064725665203
59.11000000083872 -0.605903590691492 0.9434272582822787 4.879959689167751
59.12000000083905 -0.8114618568638532 0.9137725565313264 3.4113257202408787
59.13000000083938 -0.9399025472614935 1.0154484909642454 1.6112316284455401
59.14000000083971 -0.886181477276371 1.2063721111986705 1.804026395030127
59.150000000840045 -1.1584345030937784 1.270542281067847 0.31461142816660814
59.16000000084038 -1.1565283515661258 1.3809102587628481 0.3903280676829796
59.17000000084071 -1.3922457150759597 1.4304447738876616 0.0
59.18000000084104 -1.592331818984014 1.530305658135095 0.0
59.19000000084137 -1.4999441677662517 1.648125699847906 0.0
59.200000000841705 -1.3417617887376343 1.5057833706726544 0.0
59.21000000084204 -1.1872478486291624 1.4216380650911673 0.2554324990933236
59.22000000084237 -1.263908834181985 1.5227855317993224 0.0
59.2300000008427 -1.1003504433997116 1.4359331403801219 0.47167834813531545
59.24000000084303 -1.040116417787042 1.6059321648750866 0.5579186318487948
59.250000000843364 -0.9555635596092655 1.5549585078354762 0.8800027349669047
59.2600000008437 -0.9036537859852884 1.4227044301751908 1.4950761501771574
59.27000000084403 -0.9115164370380755 1.2806347145116646 1.5266894390838968
59.28000000084436 -0.8382966670450899 1.1322286274521016 2.0958447624480634
59.29000000084469 -0.8901700835685971 1.2412462824689356 1.6974467759785883
59.300000000845024 -0.9902716674669176 1.2138926422090615 0.9321078215566103
59.310000000845356 -1.1049190288938102 0.8708913536015953 0.6305502721801135
59.32000000084569 -0.9442062123982264 1.0517419898552713 1.500981622968046
59.33000000084602 -0.8822911192630293 1.0681648628663383 2.0382897235652884
59.34000000084635 -0.8659368892003891 0.9126080464918644 2.9760242537659773
59.350000000846684 -0.8957882194911782 1.0690283722781042 1.8783155408681003
59.360000000847016 -0.8979223294375372 1.283868376908243 1.6419030186158114
59.37000000084735 -0.7414776642109316 1.1388698143924034 2.846256180630401
59.38000000084768 -0.7091659807117157 1.0362748582148729 3.6533759261360874
59.39000000084801 -0.6885862062704602 1.0075116752934044 3.950240428565974
59.400000000848344 -0.4580778384758114 0.9719374278346351 5.939550937907196
59.410000000848676 -0.5436373961341208 0.8243794136772447 5.759813519380389
59.42000000084901 -0.8335144745866756 0.8131060972985422 3.5243743821714246
59.43000000084934 -0.8395938105594627 0.5660869003582663 3.809645298659837
59.44000000084967 -0.7466652316044491 0.7502743866734458 4.094135992808465
59.450000000850004 -0.8969331068810305 0.6488588116616364 3.040320728156173
59.460000000850336 -1.0182223878943375 0.7945404300498659 1.584770411607791
59.47000000085067 -1.331639290404621 0.8485149489144304 0.0
59.480000000851 -1.0239944992736207 0.9485124808865438 0.9468361861759728
59.49000000085133 -0.9434168530220832 0.9271026749786471 1.9882570871167216
59.500000000851664 -0.6213273102286834 0.9034238146519499 4.911183295469339
59.510000000851996 -0.6105451153102908 0.8144504394009647 5.140475230436095
59.52000000085233 -0.8387727299264182 0.8761083036773631 3.3682434343216974
59.53000000085266 -0.8692886301615161 0.6906242428720386 3.1892375091715457
59.54000000085299 -0.8100381401284735 0.6790846007548759 3.7613329973530245
59.55000000085332 -0.7066441727275203 0.6988813360101118 4.555749176002293
59.560000000853655 -0.8516008696004433 0.6934133808007106 3.353295450026845
59.57000000085399 -0.8679138302213915 0.5588480547462681 3.467889310898326
59.58000000085432 -0.8525247951730753 0.726161820590426 3.3067695937368216
59.59000000085465 -0.9205865463893517 0.698873676666049 2.6190490688615444
59.60000000085498 -0.9273195884549642 0.7743104597927044 2.413893963186301
59.610000000855315 -1.0659050161316261 0.9090876697314032 0.6682973789279573
59.62000000085565 -1.1208454430326493 1.0689527589928942 0.1808203876686168
59.63000000085598 -1.418882924039342 1.281939078465124 0.0
59.64000000085631 -1.404739533221996 1.2525344256006914 0.0
59.65000000085664 -1.48631010045236 1.3303865146320566 0.0
59.660000000856975 -1.6823354840559568 1.4677070998653152 0.0
59.67000000085731 -1.4033455168263478 1.106478305472663 0.0
59.68000000085764 -1.4570287915626141 1.1809407893018236 0.0
59.69000000085797 -1.523041663593236 1.3053550476371452 0.0
59.7000000008583 -1.4928686987468363 1.4235341156188026 0.0
59.710000000858635 -1.4248996803905127 1.4026215817075938 0.0
59.72000000085897 -1.2943153731479353 1.616277458945517 0.0
59.7300000008593 -1.0975653285291944 1.5333619011231014 0.4192731076799772
59.74000000085963 -0.9952338078307887 1.6476349688985463 0.6363786555632555
59.75000000085996 -0.8356612282652531 1.6991855612330118 1.4625030337825835
59.760000000860295 -1.0918638229600353 1.8020045131385805 0.18210190924188235
59.77000000086063 -0.8882398443695072 1.5952725792345848 1.392020785371153
59.78000000086096 -1.0157819088232747 1.6908233160511157 0.5136669863756549
59.79000000086129 -1.0062776789585157 1.824892672686166 0.38111951892533386
59.80000000086162 -0.8011085363607359 1.945876752796272 0.9735680837493725
59.810000000861955 -0.6105307981260539 1.8322147637575918 1.8886672595091198
59.82000000086229 -0.4325702869155949 1.8189051363001758 2.6745038605478078
59.83000000086262 -0.49507885195255863 1.7951259220826388 2.5082823722941074
59.84000000086295 -0.5906296247620209 1.6680680732569726 2.389079491019946
59.85000000086328 -0.6040211946344705 1.511302591274212 2.5379344425208004
59.860000000863614 -0.7314795496833006 1.2445964817753858 2.424366901465548
59.870000000863946 -0.8645054985092216 1.1390302824886855 1.9874991133304898
59.88000000086428 -0.7407873452642401 1.2686427210759912 2.2923933807106986
59.89000000086461 -0.6665826735641032 1.5224389189313752 2.302477422803902
59.90000000086494 -0.6355477923320516 1.5293031653059799 2.408906041429146
59.910000000865274 -0.49100669937113506 1.1857675794133615 4.8711478773240575
59.920000000865606 -0.732227016906285 1.3431864849512491 2.374724691822224
59.93000000086594 -0.7321541697953169 1.1103754763781772 3.014852837468372
59.94000000086627 -0.7078869155006989 1.1266611187114521 3.1664053203471925
59.9500000008666 -0.7957559919836513 1.300793045579979 2.1684393235648654
59.960000000866934 -0.7371807508801311 1.4183669016431635 2.2246236039656675
59.970000000867266 -0.6752705213863286 1.4109158072196903 2.472601547571479
59.9800000008676 -0.547962547230497 1.5069967257136416 3.0405580931872027
59.99000000086793 -0.39765030524986733 1.5284932092017691 3.8709949755713198
60.00000000086826 -0.30080333298289974 1.5205572110434256 4.073870705787781
60.010000000868594 -0.520422654765569 1.8153424737440973 2.3495986134419824
60.020000000868926 -0.538153051088572 1.7385603474316844 2.4868089194191727
60.03000000086926 -0.6387041005128127 1.794090469818211 1.890762630148868
60.04000000086959 -0.48533280766833925 1.9274817380813434 2.2168753804062735
60.05000000086992 -0.11265230268883197 2.306675218061364 3.0946124610138055
60.060000000870254 -0.06639900111019204 2.291411959184846 3.2712400784596505
60.070000000870586 -0.2281319128763396 2.3860603315374314 2.8568293253184347
60.08000000087092 -0.10487796809098537 2.1392368954016026 3.007627381092026
60.09000000087125 -0.2379706140409779 1.933800415212776 2.9451469630147145
60.10000000087158 -0.4106889972235027 1.853841622746903 2.6789525105253222
60.11000000087191 -0.3793487227755996 1.9224026210839158 2.5960164274775375
60.120000000872245 -0.04627477867981755 1.658528821273526 4.167913430831346
60.13000000087258 0.09420605327407122 1.6190327594377487 4.2920487794275495
60.14000000087291 0.009227845179253236 1.896117834881098 3.7316040938427038
60.15000000087324 0.14030518644317747 2.0230629138175087 4.145176016201923
60.16000000087357 0.13104225505284173 2.0517242183847917 4.129165220595046
60.170000000873905 0.17195149186330339 1.8015884468983898 4.113548380273318
60.18000000087424 -0.002805982008501906 1.6918244570256924 4.011064657840405
60.19000000087457 0.009524462358063923 1.5426017291568304 4.515747368737961
60.2000000008749 -0.09031893996405421 1.2947959522540646 5.5647029580580405
60.21000000087523 0.06856148227774717 1.421317176239868 5.058995504162674
60.220000000875565 0.10508628722204211 1.3134811760576899 5.345733827545969
60.2300000008759 0.05074360829900759 1.0546553005177246 6.687424310297379
60.24000000087623 0.26649217694971844 1.0495322490823493 5.241929988592396
60.25000000087656 0.34658593733605875 1.0944341352510483 4.752439740591982
60.26000000087689 0.40645758237011165 0.6880066677264027 7.433893043087871
60.270000000877225 0.48459134172303514 0.543328979346823 8.707354608557107
60.28000000087756 0.2705357698281264 0.39630681630495046 12.483621143503434
60.29000000087789 0.37112302640965456 0.3191023010271068 12.382128346155817
60.30000000087822 0.3245375747145303 0.005783135893199565 13.769182054790507
60.31000000087855 0.5112689597067004 -0.05557161035276681 12.003224135890461
60.320000000878885 0.5627846681934006 -0.1542764237437716 10.909019520230473
60.33000000087922 0.4252291016857269 0.02697951831227774 12.940489173801723
60.34000000087955 0.36805431861343985 0.20716373901671503 13.092344817117297
60.35000000087988 0.3407466832479682 0.3285898679174256 12.63893123301846
60.36000000088021 0.5190011000447862 0.4669840650939377 9.461073760555069
60.370000000880545 0.3861332836787326 0.5030639018099333 9.858130188028774
60.38000000088088 0.15488320641808334 0.7242262530248227 8.886265738613563
60.39000000088121 0.09198270390821571 0.6521007216005361 10.504435355822324
60.40000000088154 -0.03215359178804181 0.7877804012922747 9.483559069219766
60.41000000088187 -0.09152763283922108 0.7980802685845978 9.529032788281823
60.420000000882204 -0.18853396621839058 0.6878276636477306 9.901238326105167
60.430000000882536 -0.10342151859563359 0.5290281852208278 12.034335508963023
60.44000000088287 -0.4555658337244643 0.5722570442878577 9.353526054767919
60.4500000008832 -0.17822482754563565 0.5144328848350184 11.620803928527135
60.46000000088353 -0.20820573288522945 0.6216852447588525 10.495152455000936
60.470000000883864 -0.053943872698624995 0.5432195215860386 12.238979100865436
60.480000000884196 -0.05472474106474157 0.7420209918048838 9.807573648229173
60.49000000088453 -0.1575752970969108 0.6777212215495199 10.008501544895665
60.50000000088486 -0.03513540211903224 0.8806189623092995 8.751679952507365
60.51000000088519 0.17529263003044357 1.0809842449654814 5.700997744771062
60.520000000885524 -0.09070700814776905 1.2103594143979846 5.90533264683455
60.530000000885856 -0.23663074070816376 0.9807779623026234 7.297945220608952
60.54000000088619 -0.4548998175226864 0.9302183946720847 6.1386774274436
60.55000000088652 -0.48045046746927056 0.8944542245526063 6.092830550811341
60.56000000088685 -0.5676059313631916 0.9871974793622079 5.074021778432442
60.570000000887184 -0.7271372592685161 1.1343602812735802 2.980679484354714
60.580000000887516 -0.5965972430787903 0.6917507443911016 5.996247698134136
60.59000000088785 -0.7040546677065149 0.881853461302355 4.336267591655258
60.60000000088818 -0.514023175860284 0.8394720292472542 5.999429306088307
60.61000000088851 -0.39810106811046 1.0201774957342578 6.07641879672364
60.620000000888844 -0.05582670551457691 1.1075539393623808 6.5365556222453005
60.630000000889176 0.3321474529299217 1.191929653091666 4.718128338336093
60.64000000088951 0.2910152585193455 1.2576408360594469 4.598201823765468
60.65000000088984 0.21764124784845337 1.1789644485977937 5.205180054671587
60.66000000089017 0.0823776743605239 1.3840422601138005 5.197203978863007
60.670000000890504 0.21159610794763517 1.3763982009557245 4.823194840820234
60.680000000890836 0.47366685847643586 1.3109751445405897 4.414863011951754
60.69000000089117 0.47153959517439326 1.1963186723300372 4.615089300615095
60.7000000008915 0.20742779514423654 1.2704302824244198 4.975005668508931
60.71000000089183 0.500882031818884 1.1470929898261262 4.7143742037744145
60.72000000089216 0.3830202659497482 1.0639732237936301 4.795821237534562
60.730000000892495 0.5984428756030659 1.2476461320628918 4.668360554727139
60.74000000089283 0.8098608278655827 1.5429895469812493 5.353986822554814
60.75000000089316 0.821655362934781 1.460247011173839 5.345536028940553
60.76000000089349 1.1918985649546232 1.3637817444555629 5.595474943174336
60.77000000089382 1.1837328286837194 1.4212001807615366 5.631786368039599
60.780000000894155 1.2442596774736776 1.346195296208422 5.727312107479619
60.79000000089449 1.4049162298463342 1.1335755309671685 5.696803792482822
60.80000000089482 1.5192983503180926 1.0119465697261643 5.795672231620116
60.81000000089515 1.3946905271077503 0.9318901998193097 5.850699030793124
60.82000000089548 1.4201932480677124 0.8721276466807026 6.060297002865188
60.830000000895815 1.2959073946280846 0.9311651777090713 5.702922163363096
60.84000000089615 1.281674507110866 1.0599545166737263 5.655905346752072
60.85000000089648 1.1425330052194607 0.9567398235442981 5.405291950763607
60.86000000089681 0.9727092292719774 1.0573658193933448 5.237006201160657
60.87000000089714 1.0662876621979869 1.153302004297136 5.592840509424856
60.880000000897475 1.0546275393421698 1.103050109158747 5.515282801059384
60.89000000089781 1.3567087552845178 1.1191387239506145 5.72055089156312
60.90000000089814 1.300198358678423 1.2502336823990667 5.640462433876136
60.91000000089847 1.0675961560752276 1.2099823949832975 5.59816856056476
60.9200000008988 1.191100395036421 1.501480918338947 5.7715460870084065
60.930000000899135 1.335183015329145 1.349146875721452 5.748678375677974
60.94000000089947 1.0396954412705943 1.5238840841774413 5.730404222623949
60.9500000008998 1.0156412431505921 1.5713685479427653 5.739515436820291
60.96000000090013 0.9883605952880938 1.5731141607128405 5.645752130674673
60.97000000090046 0.9649162731416423 1.425855744079219 5.435136281323401
60.980000000900795 0.9023626753485718 1.1692369063549746 5.372829552448616
60.99000000090113 0.9381950151033486 1.0215211228854426 5.140869461246051
61.00000000090146 1.004458586600101 1.0500716874838893 5.30308519569513
61.01000000090179 1.1162776274741557 1.1183124431906797 5.502240997761497
61.02000000090212 0.9048920869504344 0.9669470318348142 4.997505920027626
61.030000000902454 0.7364916010396564 0.9806683428836213 5.0625072882248165
61.040000000902786 0.7382931757582029 0.9787363507035248 5.0604145843657635
61.05000000090312 0.8629064507597681 1.0009939413459907 5.030862377814845
61.06000000090345 0.5201407304572394 0.9177682126178089 4.98000963160573
61.07000000090378 0.39138313870150576 0.8793359617042638 5.766681584989534
61.080000000904114 0.32802342910020593 0.9184413952964251 5.79089922212435
61.090000000904446 0.43701639093781336 1.1305961915878275 4.567236544456338
61.10000000090478 0.19121246571618677 1.043652013857201 5.867603484949578
61.11000000090511 0.401121597495426 1.0318820503495612 4.902399059108503
61.12000000090544 0.7576584886828045 1.1208490548418024 5.231319091917604
61.130000000905774 0.8454290688965652 1.0694600030979045 5.143188537945267
61.140000000906106 0.715930085545248 0.9312955311576632 4.979087828080154
61.15000000090644 0.6197329999570055 1.134552424581552 4.934721334957194
61.16000000090677 0.6200377029263879 1.093535786150209 4.906189407825004
61.1700000009071 0.5114142404465997 1.0558557899233656 4.696240096876889
61.180000000907434 0.6584286970903461 1.1909312907848655 5.045456899721207
61.190000000907766 0.5408491069078672 0.984284608849422 4.765621384859203
61.2000000009081 0.9969197864396342 0.8474364522870843 5.128496701952667
61.21000000090843 1.0464961218291582 0.9414961087689742 5.289995737025814
61.22000000090876 1.056170877684822 0.8709892679851302 5.358398165846333
61.230000000909094 1.0768891215923828 0.9223831642300293 5.3104408214018575
61.240000000909426 1.1440357614755352 0.815265406859891 5.6270570052852
61.25000000090976 1.0675593279801503 0.7983057135104643 5.453818783497418
61.26000000091009 0.9762129154698171 0.7375590706599398 5.30433218469215
61.27000000091042 0.8561509336765489 0.829064523983097 4.786970766655697
61.28000000091075 0.9963159756868037 0.7593680827070138 5.260812855215546
61.290000000911085 1.0947150887983192 0.927498948696368 5.327993944441836
61.30000000091142 1.2327908924886606 0.6707671589341571 5.970224621452323
61.31000000091175 1.022167512179962 0.6460961577130205 5.628577444867851
61.32000000091208 1.122831309320773 0.6562767546895749 5.698718737702294
61.33000000091241 1.1762555459241795 0.7847715732227484 5.668412021927962
61.340000000912745 1.0420686522763283 0.9030664591012545 5.233213213498011
61.35000000091308 0.9691567214077498 0.7573687722318494 5.213973928965129
61.36000000091341 0.91499349246687 0.6431458229930468 5.505383390623743
61.37000000091374 0.7606339576656622 0.6190219539213002 6.383413525386423
61.38000000091407 0.6370087129165234 0.73898157843754 5.812246443636737
61.390000000914405 0.5591634285232764 0.9596703171894221 4.775547004053933
61.40000000091474 0.7354929852041983 0.950668199282537 5.014534786560918
61.41000000091507 0.9093447625919724 1.128180390450372 5.309762348195941
61.4200000009154 0.8709200753789398 1.1233772693294144 5.265971824712914
61.43000000091573 0.7254822454528858 1.1132503915534366 5.212326189586083
61.440000000916065 0.6578951503461933 1.2200804075132945 4.952437018669638
61.4500000009164 0.5288416617299224 0.975432678907129 4.760220256011428
61.46000000091673 0.37664364850328114 0.9037366594075702 5.635562979072981
61.47000000091706 0.33083873051127344 0.7397145897703709 7.439810360400007
61.48000000091739 0.5581267827898297 0.6030271438011184 7.625331126959882
61.490000000917725 0.5932941459355026 0.44216592509205954 9.06184976235448
61.50000000091806 0.6076995610771941 0.2766145189157865 9.852112301661613
61.51000000091839 0.7842385663314118 0.11365087327013662 8.227068054245482
61.52000000091872 0.7406685818110742 0.07741689130730417 8.674339569967088
61.53000000091905 0.6517272788388038 0.11862568067998869 9.41974585050283
61.540000000919385 0.5026955753705024 0.30314687096851756 10.988437538346702
61.55000000091972 0.41652774480454796 0.3858056269321763 11.063938800115436
61.56000000092005 0.5371050085092927 0.6119844337931802 7.615431057389167
61.57000000092038 0.4672037839362784 0.5074474508132317 9.513371653116291
61.58000000092071 0.5507207727285116 0.34946012365691914 10.17608922470854
61.590000000921044 0.5214500940511059 0.27932371583076765 10.79636164568685
61.600000000921376 0.6180776317117386 0.22645192178643792 9.829668269910371
61.61000000092171 0.5893528475789639 0.24432301733397332 10.08653717629543
61.62000000092204 0.5641680557718404 -0.17954420549720307 10.897541209660087
61.63000000092237 0.527977225395884 0.08392726686003771 11.661760119236678
61.640000000922704 0.5994923193280124 -0.13639957276649473 10.202050455580254
61.650000000923036 0.46305035886522905 -0.10805619668350575 12.647833724956406
61.66000000092337 0.3977661203508661 0.13777803814022893 12.877712920217109
61.6700000009237 0.3132885175370319 0.3242998680863288 13.004899067233628
61.68000000092403 0.2860855071737528 0.11587925814328093 13.993785480042124
61.690000000924364 0.15407543759003564 -0.004100020973143992 14.904543749512271
61.700000000924696 0.15262436895592596 0.2618290157999871 14.476520929306059
61.71000000092503 0.21862039947007422 0.15601176081528112 14.472107826815124
61.72000000092536 0.2794709730152804 -0.016001778170902314 14.24560420292468
61.73000000092569 0.42926714707774793 -0.019441007270349253 12.877240289778404
61.740000000926024 0.4266180574664692 0.019008644765010074 12.9215838702411
61.750000000926356 0.32401807474946986 -0.07279693988552516 13.982083120153236
61.76000000092669 0.052616775560274096 -0.0050142779978016305 15.123822442970972
61.77000000092702 0.17612999626202963 -0.12806515048091194 15.04824961553795
61.78000000092735 0.1720892896695616 -0.029137014314553955 14.915873592091618
61.790000000927684 0.25245321982388375 -0.027400025271097972 14.468150070730625
61.800000000928016 0.10375971889526156 0.03385410699151836 15.062888597709337
61.81000000092835 0.23204707600490657 0.007422372904490326 14.5868718358522
61.82000000092868 0.4823845638589473 0.4020812317561243 10.463842446136486
61.83000000092901 0.4237663705642812 0.3800054190602782 11.090050193587825
61.840000000929344 0.34028476674085695 0.4378127756475721 11.156883571471084
61.850000000929676 0.523008098483073 0.45059953169792666 9.602170529112321
61.86000000093001 0.6175741534272803 0.2590731878630428 9.789946425418314
61.87000000093034 0.6326474529907179 0.31394022776394004 9.444156911732602
61.88000000093067 0.6577443753866387 0.5859872251346924 7.188618058021532
61.890000000931 0.7654110100287744 0.5874329626666852 6.5872702685923885
61.900000000931335 0.9317267637362351 0.7049304837225421 5.3935401354938115
61.91000000093167 0.8860108230682259 0.6766727849023699 5.477093143921369
61.920000000932 0.9061002930924931 0.6503541611622984 5.501630875798419
61.93000000093233 0.9887602977252415 0.8582914037514291 5.069737919220902
61.94000000093266 1.0169094376005008 0.7134765854538057 5.4855765745104765
61.950000000932995 1.3047401462564547 0.629159172218078 6.074919152997796
61.96000000093333 1.443218315624256 0.48442006728797454 6.32402173867579
61.97000000093366 1.3987581072488804 0.5675152843063571 6.236565581247508
61.98000000093399 1.484464039540862 0.5577740292723405 6.260246219825066
61.99000000093432 1.4651906376895303 0.5076770431118882 6.327021885770572
62.000000000934655 1.4155320006588632 0.614255239584352 6.112212097102167
62.01000000093499 1.4738405012171205 0.4322623342498424 6.6005859459212415
62.02000000093532 1.5707892941666066 0.5360958263443933 6.570821250147232
62.03000000093565 1.6256852757199247 0.5495047868492613 6.9874015259298465
62.04000000093598 1.583773877766006 0.5163109654479215 6.720896244304061
62.050000000936315 1.612599905286669 0.7374426647813435 6.161862358680377
62.06000000093665 1.6710255007586834 0.782451839434237 6.269920056312444
62.07000000093698 1.5680779921653838 0.6426599356421995 6.207648067168263
62.08000000093731 1.5768079592509188 0.7909020902371254 6.261028413427384
62.09000000093764 1.3315335348268447 0.596478710227199 6.159178393105166
62.100000000937975 1.2711599448120032 0.6778825832783348 6.022664482899478
62.11000000093831 1.3054824153278335 0.5777687821811125 6.189960661704368
62.12000000093864 1.110952561603174 0.5826821946943008 5.816194989756922
62.13000000093897 0.9898846606807272 0.49324347918524825 6.026893061489809
62.1400000009393 1.05315686800339 0.51071854561554 6.003308727905874
62.150000000939635 1.070401947210255 0.43428576305518657 6.236512320126726
62.16000000093997 0.7746390395096643 0.42498984197142875 7.571805317905775
62.1700000009403 0.7824842023755272 0.51176535844863 6.972663150811599
62.18000000094063 0.7306488390387852 0.5715735278890186 6.9308246530664785
62.19000000094096 0.6942692884351254 0.37342972944298486 8.577334202987657
62.200000000941294 0.7438506503061113 0.451992375936598 7.681373845392244
62.210000000941626 0.7759647231020469 0.6499696212549887 6.05142180752378
62.22000000094196 0.7861358079058542 0.6195359489045174 6.197637293225618
62.23000000094229 0.797160993511083 0.5014739895129495 6.94970832973694
62.24000000094262 0.6974395301815033 0.5419041120135856 7.348684596097574
62.250000000942954 0.835111767616848 0.3500649674536232 7.550092725866348
62.260000000943286 0.9759426035199068 0.6643370023429899 5.519785190472389
62.27000000094362 0.8664778555495679 0.822571023145234 4.845083976025797
62.28000000094395 0.5766741484849306 0.8641151618287284 4.733365193162063
62.29000000094428 0.614801801394648 0.9530030567736112 4.838432557119716
62.300000000944614 0.8058347215030113 0.8598168537105252 4.829541937333012
62.310000000944946 0.8465847010095283 0.9000630153327196 4.778501053896232
62.32000000094528 0.9890680020031485 0.9178403877507872 5.025626729920788
62.33000000094561 0.9181670980340191 0.8919818966332475 4.840386678524394
62.34000000094594 0.7573137947616222 0.45902823969414 7.5236983429171955
62.350000000946274 1.0190135384199617 0.4020488328268884 6.499855769894163
62.360000000946606 1.0870138708167207 0.20080032827684793 6.64824449123879
62.37000000094694 0.9069337335092706 0.25359442317697856 7.296574612069037
62.38000000094727 0.9415706710119682 0.42828783560906136 6.609252487559546
62.3900000009476 0.7095115325277291 0.42731364510361497 8.136646432805707
62.400000000947934 0.786831052970083 0.5220570738772156 6.868924296450446
62.410000000948266 0.9044176741256664 0.7573376449434953 5.1522615781180585
62.4200000009486 0.8949181114392637 0.9412185952181011 4.923687737626169
62.43000000094893 0.7740061599702325 0.7622785467247049 5.246059135424176
62.44000000094926 0.7937978539876902 0.5006472827646979 6.971856171948534
62.45000000094959 0.6378509027499153 0.4701039259826425 8.417561275727486
62.460000000949925 1.059704837654414 0.5770296416531517 5.826798464994575
62.47000000095026 1.2662622284943499 0.47515384937600547 6.3849020107818575
62.48000000095059 1.2326530116916559 0.6275669722394251 5.999907054236832
62.49000000095092 1.0051136945924783 0.49981833399952336 5.9959401947147555
62.50000000095125 0.8794605193978322 0.42835697703908526 6.914431068253029
62.510000000951585 0.9690339422376009 0.3574548721509252 6.83167013125423
62.52000000095192 1.2420933885252923 0.26991287235979217 6.702707467449872
62.53000000095225 1.317266944198443 0.4257589372526011 6.57431041730194
62.54000000095258 1.2719314822808638 0.3140387384309308 6.814569848031453
62.55000000095291 1.3917909715950705 0.22253277046527026 6.8075507340836126
62.560000000953245 1.0875249492614958 0.11958428967119139 6.615790434665078
62.57000000095358 1.0846204383406903 0.5982108102366783 5.776625455548201
62.58000000095391 0.993429353005172 0.6073476749162272 5.643973979303041
62.59000000095424 0.8581822519460187 0.7172269769737527 5.355242947640296
62.60000000095457 0.9925461478025764 0.7239019431231357 5.386386329617784
62.610000000954905 0.8546100164844254 0.6216543224707314 5.836967643170025
62.62000000095524 0.9313355721445887 0.6405876030135513 5.517142084366993
62.63000000095557 0.9845111870676637 0.8411430057956603 5.071561528075414
62.6400000009559 0.8073832900103766 0.8372983200107468 4.813943272309476
62.65000000095623 0.6338547369848448 0.9517208732769298 4.870426380284206
62.660000000956565 0.36434020366249575 1.0510163530166814 4.906600391000332
62.6700000009569 0.47637959074046815 1.1003840922485792 4.635035732139471
62.68000000095723 0.7600426935994526 1.0575475005977342 5.132174906733713
62.69000000095756 0.7878511903647055 1.071714486665697 5.159928805618534
62.70000000095789 0.729784512039913 1.0748324380493997 5.154565940735475
62.710000000958225 0.38852222230694516 1.2036619470297745 4.4717454081023
62.72000000095856 0.3128561187056011 1.2063483718230361 4.726471835614834
62.73000000095889 0.4619505294659223 1.5838231414018846 4.398345627086919
62.74000000095922 0.44236191712451345 1.6456425044121077 4.4874055893651414
62.75000000095955 0.4056753037323472 1.6521948643692823 4.337210539939934
62.760000000959884 0.5137804927048235 1.5244314912188746 4.576354407066365
62.770000000960216 0.43170343190732285 1.4634618303035738 4.298976739806509
62.78000000096055 0.25759285482876093 1.4315540033602834 4.425635927244549
62.79000000096088 0.11856748882494439 1.5168905190587387 4.592022082353699
62.80000000096121 0.06019984680020052 1.5741641579285242 4.4455794620549485
62.810000000961544 0.2089250963305258 1.5680164436872075 4.234416896985022
62.820000000961876 0.4894939906087642 1.6806161566555817 4.895041455744475
62.83000000096221 0.4778610607719138 1.7944000210671542 5.134184399734846
62.84000000096254 0.50937128139086 1.6645470964927698 4.949347060007634
62.85000000096287 0.4419102643778411 1.475827296316075 4.319945018886234
62.860000000963204 0.335594498624586 1.7003515485835816 4.154808385858868
62.870000000963536 0.2600425754991573 1.7326630702709824 4.005563783791985
62.88000000096387 0.3229225289597546 1.7184566899364715 4.121629911546998
62.8900000009642 0.30209674942655507 1.7839245736056701 4.245365852208659
62.90000000096453 0.29478538130265586 1.6748519371826578 4.029468714704818
62.910000000964864 0.3511978429662035 1.4691104501681735 4.214786567559905
62.920000000965196 0.3066838255738834 1.7542446996334946 4.142697092430817
62.93000000096553 0.40517002681149883 1.7034418685170676 4.455818024977634
62.94000000096586 0.3997454238684169 1.703022268473871 4.425544355025329
62.95000000096619 0.21037605967837159 1.7715896184521158 4.0863833595012
62.960000000966524 0.4175986953867227 1.8298704438257796 4.954305218555822
62.970000000966856 0.13450891205361837 1.9918381236658018 4.107256994848513
62.98000000096719 0.3134941635926727 1.9359424820089237 4.812425068697319
62.99000000096752 0.3572572052716808 1.846978183636669 4.7100985888952005
63.00000000096785 0.4273100539445195 1.8450892105902899 5.062142134270513
63.01000000096818 0.4947710656303955 1.825419743590573 5.343414081980146
63.020000000968516 0.5567378943095262 1.8212230345300182 5.656390067269571
63.03000000096885 0.4705097428349869 1.7846131696985392 5.050830472785292
63.04000000096918 0.29700860254546546 1.7719753684239978 4.187331171154005
63.05000000096951 0.27215669580818724 1.5448036976054609 4.097461955750838
63.06000000096984 0.5156322251824896 1.8612086627457005 5.563576253153949
63.070000000970175 0.48213563289703076 1.8390411760973895 5.326175017808983
63.08000000097051 0.5406922691661536 1.8879350353586923 5.790021674955476
63.09000000097084 0.5997945470778768 1.6969170117018615 5.456604763945778
63.10000000097117 0.8059324082975873 1.8170081487315632 6.196538631799566
63.1100000009715 0.7744795608361573 1.7588017544549193 6.0247276237684835
63.120000000971835 0.8451241985476942 1.8949526848939464 6.612100149986281
63.13000000097217 1.0172805765199304 1.7705108796556164 6.602325174177535
63.1400000009725 1.0118606280249605 2.0058587789118585 9.63096836392918
63.15000000097283 0.8124888215684025 1.7235417668135353 5.95232503548469
63.16000000097316 0.8565801741087387 1.6788118109689563 5.89114842322134
63.170000000973495 0.6784651300917406 1.4688829155649807 5.150301448247269
63.18000000097383 0.46483140092479563 1.4745788443695473 4.4033627188827165
63.19000000097416 0.49314331901532343 1.745912663976258 5.037963090883325
63.20000000097449 0.48534233649830205 1.6715220368676913 4.834168669256487
63.21000000097482 0.5143936966600509 1.5561302947095912 4.605680701156441
63.220000000975155 0.4631890206425408 1.6252487321781306 4.513098882435333
63.23000000097549 0.33138472176705436 1.6810015090528898 4.109153600397582
63.24000000097582 0.44681028859949756 1.7452610346255026 4.74913559238418
63.25000000097615 0.4329129953993621 1.9720048583814174 5.649126100907482
63.26000000097648 0.6106607114290269 1.9702495819987564 6.541625706512205
63.270000000976815 0.5206136721103699 1.8074414391212252 5.411994630669408
63.28000000097715 0.46902920752132515 1.75576904696182 4.917131050376328
63.29000000097748 0.5175736392955688 1.6974506126315276 5.096786344366212
63.30000000097781 0.3268716424197887 1.6999308668402044 4.1151007896212555
63.31000000097814 0.27260735761855015 1.8432269422913117 4.327045705643732
63.320000000978474 0.31039916028479364 1.736150070344992 4.119475794260765
63.330000000978806 0.1261671000186262 1.644769183269064 4.195108504907505
63.34000000097914 0.12800137957665236 1.8224118381062802 4.055184731328464
63.35000000097947 -0.12314494553514088 1.8079309504412477 3.6081380272063965
63.3600000009798 -0.17773618134378 1.7166536977988183 3.6310108657007136
63.370000000980134 -0.2323192749477913 1.5767944296939616 3.99137323548534
63.380000000980466 -0.13678076644778991 1.6494089098290479 3.868966476168932
63.3900000009808 -0.17484765782248168 1.493101064806873 4.391076820825468
63.40000000098113 -0.11345407045424133 1.4569276955514996 4.751864795713526
63.41000000098146 -0.29133872845422104 1.7370031720431827 3.328735869834336
63.420000000981794 -0.21622397765292156 1.9859704452980942 2.8437249143196617
63.430000000982126 -0.3363380342433427 1.8837274315952184 2.880115888154609
63.44000000098246 -0.3464471343270173 1.6713772442059929 3.537652283681216
63.45000000098279 -0.060320866368000325 1.655409736452865 4.199318733034061
63.46000000098312 -0.24974697244756805 1.5679413862995422 3.960683311021909
63.470000000983454 -0.19816039396620805 1.683427643626293 3.6777559029467604
63.480000000983786 -0.527050698689175 1.7661500528602723 2.4654063152277312
63.49000000098412 -0.49957067065076144 1.5651271435036296 3.2644668315292353
63.50000000098445 -0.7112759602317298 1.6365792079497186 2.011131316748084
63.51000000098478 -0.667546896558529 1.4669495524254241 2.374225876732987
63.520000000985114 -0.669040558958968 1.6321756521984256 2.170879970561138
63.530000000985446 -0.7032236997888305 1.4286053076019447 2.334308579642483
63.54000000098578 -0.7472677308660347 1.2264465033991774 2.4082713881677384
63.55000000098611 -0.76745346673246 1.2164737527657934 2.3138450772021035
63.56000000098644 -0.8371654648077145 0.7879406072633683 3.432657913008022
63.570000000986774 -0.9449155862055544 0.7828583365119214 2.2322689034048064
63.580000000987106 -0.7610850595727348 0.728829340909255 4.0555182785081705
63.59000000098744 -0.8046766854469951 0.7892194982182706 3.6823881371467717
63.60000000098777 -0.8176637748109552 0.6179063992993312 3.8669791992051046
63.6100000009881 -0.9080724919196199 0.8625946377685213 2.7312562378963485
63.62000000098843 -0.7151525707986719 0.6616943649971058 4.787428030136129
63.630000000988765 -0.6078374271618061 0.6023644420782355 6.682963404170404
63.6400000009891 -0.7002935603571533 0.6711102419982019 4.880144190503762
63.65000000098943 -0.7547314860690757 0.6033479283031271 4.739763931328557
63.66000000098976 -0.8604891146099768 0.7905844912569445 3.247811999463031
63.67000000099009 -0.9679968824956258 0.9739129475317875 1.4590346591989833
63.680000000990425 -1.0162619915473705 0.9814338353638916 0.8955589245574518
63.69000000099076 -1.0440674099925178 1.0726608493089205 0.6093375499369647
63.70000000099109 -1.0430524505879126 0.9482153778236363 0.7312859940463671
63.71000000099142 -1.0436692232653515 0.7215961093757256 1.434797744497153
63.72000000099175 -1.045496877552044 0.6799096976565148 1.5749620559617403
63.730000000992085 -1.1401080133281216 0.7036521141066573 0.9025424092711052
63.74000000099242 -1.2158035669549139 0.7215127002365506 0.4917713450126895
63.75000000099275 -1.5870382300638697 0.7412554117296917 0.0
63.76000000099308 -1.4887373501180732 0.8024890467252436 0.0
63.77000000099341 -1.3213582008438203 0.946037826681778 0.0
63.780000000993745 -1.3289179150811392 0.931325891008385 0.0
63.79000000099408 -1.4647754977841256 1.0973963671656715 0.0
63.80000000099441 -1.2647289055189683 1.274331639486339 0.040930565779217415
63.81000000099474 -1.3217902218445174 1.1628664762744332 0.0
63.82000000099507 -1.329534623228809 1.0963202073510017 0.0
63.830000000995405 -1.1759316481711162 1.0917963798574601 0.03929223392512813
63.84000000099574 -1.1010320012435248 1.1508458176593472 0.36764121515043724
63.85000000099607 -0.9581661530821166 1.1131684031310516 1.239837635956341
63.8600000009964 -0.9095001044888208 1.0692594766339023 1.7598814540747314
63.87000000099673 -1.0780763863525897 0.7877783628535591 1.057157713671081
63.880000000997065 -0.9784444410717212 0.7839982871179609 1.942640897218832
63.8900000009974 -1.1277094969492039 0.8781989388495313 0.38632252995994704
63.90000000099773 -0.8801522740422272 0.8913994107473163 2.9272759824941095
63.91000000099806 -0.9532950983689161 0.8422227620534914 2.2629231873178806
63.92000000099839 -0.8623239598212482 0.7206567199253187 3.224531108677447
63.930000000998724 -0.7004005078012406 0.7403029050380255 4.493645829913463
63.940000000999056 -0.6060615751728751 0.7322014647773729 5.435116002403761
63.95000000099939 -0.49454847678378216 0.7379310260996497 7.060650222767085
63.96000000099972 -0.4034805434861758 0.5484650246598695 10.057631347873151
63.97000000100005 -0.4365876211345304 0.5211884249224643 9.91195486817305
63.980000001000384 -0.4600233415443837 0.4156022701875923 10.118869828215045
63.990000001000716 -0.370629128552583 0.24362203495307566 12.349923591097301
64.00000000100104 -0.4792639916983408 0.12727343332158914 10.669638264859795
64.01000000100137 -0.6506506425709505 -0.19758650508319175 7.6860165982729
64.0200000010017 -0.6303178691431394 -0.2701616209688332 7.9271095094451915
64.03000000100204 -0.5568358663567623 -0.15127793763969455 8.76324291841069
64.04000000100237 -0.6019817695201704 -0.09862476120986652 8.147589973786246
64.0500000010027 -0.5380298737254317 -0.11792458198465716 9.043044076777202
64.06000000100303 -0.3115104369032599 -0.1128563820831533 13.023113529103702
64.07000000100336 -0.2485447445774926 -0.08284500961859753 13.729080058057143
64.0800000010037 -0.33564347081945034 -0.14056464159665194 12.496964069444068
64.09000000100403 0.02408935950964057 -0.12899732727301882 15.078103556299947
64.10000000100436 0.015526774138499996 -0.1687104080525087 14.866177845653812
64.11000000100469 -0.21367640217016254 -0.17983402876626953 13.463446243966326
64.12000000100502 -0.30588731201471875 -0.17319769540855878 12.720326771472278
64.13000000100536 -0.2838381425206371 -0.3218319286871332 11.94121592051144
64.14000000100569 -0.08553523873799523 -0.48535598395818424 11.557329451959719
64.15000000100602 -0.07617033417801945 -0.3615148580827342 13.206341192642386
64.16000000100635 0.007027344641883305 -0.29246659301210354 14.277568904097127
64.17000000100668 0.002830582855321312 -0.4138852847844251 13.135010556336736
64.18000000100702 0.05575465426694831 -0.5764816055653387 10.962610219160897
64.19000000100735 -0.08946202626636421 -0.5649435210745293 10.430524005152924
64.20000000100768 -0.30607541188467524 -0.7087363967942192 6.719451563376394
64.21000000100801 -0.5185309782477011 -0.7825684374890524 2.78346946748239
64.22000000100834 -0.37803660540491835 -0.6132578775099798 7.551415514762905
64.23000000100868 -0.2880198321697779 -0.6169879070200563 8.333064227686393
64.24000000100901 -0.5074353834213945 -0.5100825937581809 7.613660852439105
64.25000000100934 -0.4399411352229839 -0.463131217177297 8.88950587953589
64.26000000100967 -0.2751958771284753 -0.7140143495671809 6.9529153445939516
64.27000000101 -0.3332855478948134 -0.5995927216080253 8.101744840012582
64.28000000101034 -0.34645930064728925 -0.6448541366407394 7.2747490750024815
64.29000000101067 -0.1981635370944504 -0.686387410087224 7.934531655441499
64.300000001011 -0.11699333638963968 -0.9091914193871442 5.013993190565587
64.31000000101133 -0.21516587521836633 -0.5404784347632525 9.630432255855874
64.32000000101166 -0.2632093358144658 -0.5625017557524944 9.166956142289372
64.330000001012 -0.19732238993338974 -0.5303961920415203 9.79970737722923
64.34000000101233 -0.09953132069580828 -0.47246717959055023 11.560242206895722
64.35000000101266 -0.31298014313681555 -0.42228917951343425 10.156315618009497
64.36000000101299 -0.2903834260387159 -0.503363845427168 9.56312389444676
64.37000000101332 -0.2434443785747116 -0.449424425558229 10.597070213413234
64.38000000101366 -0.16197196153457408 -0.48784211671016753 10.608373687661025
64.39000000101399 0.03557913362320675 -0.4511468377347135 12.706986114744641
64.40000000101432 -0.06427530928668337 -0.3959999635100033 12.892095938481715
64.41000000101465 -0.179066014780591 -0.40886716115089444 11.668894416211733
64.42000000101498 -0.3578603866991304 -0.38231575758748715 10.1137223940666
64.43000000101532 -0.16637592589285705 -0.4593956021579859 10.982603231917917
64.44000000101565 -0.263735781633926 -0.15130730938775283 13.28399698091732
64.45000000101598 -0.09755342567241383 -0.1704239094814448 14.325750171173752
64.46000000101631 -0.4273125138574042 -0.43045575878600645 9.297527839602463
64.47000000101664 -0.6174383326331491 -0.4584751943971547 6.936608591798576
64.48000000101698 -0.5907897507715895 -0.3929608305669785 7.792902627839274
64.49000000101731 -0.39329289100593245 -0.32015782199523046 10.259702007002087
64.50000000101764 -0.5662133726392193 0.010457821201447115 8.747208433805053
64.51000000101797 -0.5962775898036352 0.34221204521737036 8.668996284977384
64.5200000010183 -0.7023318970489977 0.640810025985437 5.149870805808563
64.53000000101864 -0.9222431325315426 0.5069263467909497 3.2474006560680637
64.54000000101897 -0.7453689964836141 0.3318084808952243 6.515732595615498
64.5500000010193 -0.9498554967000943 0.4567458144776616 3.206955401641167
64.56000000101963 -1.1014229226294758 0.39271593000377525 1.986126153861678
64.57000000101996 -0.93110630217537 0.4321064296898377 3.5115358625406783
64.5800000010203 -1.132069012290354 0.3798974730262748 1.818230658537228
64.59000000102063 -1.1040686964095725 0.5209035304771297 1.7202014948810869
64.60000000102096 -1.0483077010736674 0.5544490427733468 1.9410674596103608
64.61000000102129 -1.0618195564803221 0.6783664662156609 1.4696338632815211
64.62000000102162 -0.9438858315789291 0.7325258145448501 2.3277801124663635
64.63000000102195 -0.9813982676580519 0.7652361616045124 1.908816899436948
64.64000000102229 -1.0592361958008003 0.6670094496164833 1.540358674310035
64.65000000102262 -1.133447458264605 0.8444255008937032 0.5436475212516757
64.66000000102295 -1.1585289822593128 0.9347813236225093 0.0
64.67000000102328 -1.0220653987028825 0.7960127030704892 1.5541475809178458
64.68000000102361 -0.7923558628367171 0.6721723563725727 3.9416493651248867
64.69000000102395 -0.7887495621124295 0.7230658782719608 3.850585568686956
64.70000000102428 -1.0621172155569178 0.8492935628518576 1.1040733886415683
64.71000000102461 -1.01991129359165 1.0796342353837092 0.7950305063436154
64.72000000102494 -1.0258752711089298 1.0394933251922613 0.8241269723279454
64.73000000102527 -0.9075620590504816 1.0174149226705949 2.0199281902835384
64.7400000010256 -0.8865706283398015 0.9891399862309452 2.387783397374617
64.75000000102594 -0.9516057079389236 0.8634337892443471 2.196103435387025
64.76000000102627 -0.975491862121645 0.8277154956825192 2.027361625435006
64.7700000010266 -1.0813696243328157 0.7705354984378852 1.018271559482697
64.78000000102693 -1.0334873280348589 0.5553408814142281 2.03526355366071
64.79000000102727 -1.2276158577952525 0.6536708468296171 0.7247035079033569
64.8000000010276 -1.1612555140980905 0.643478272070125 1.0673581875342124
64.81000000102793 -1.118714138501218 0.7564073807547367 0.7867556788093776
64.82000000102826 -1.0060340680604076 0.6371306943225881 1.9927543664988592
64.8300000010286 -0.7133198178323025 0.5288590059394618 5.694990253423004
64.84000000102893 -0.5419694142454796 0.3702595040744191 9.309986547573306
64.85000000102926 -0.7860579225465167 0.29266907966346195 6.141693157916138
64.86000000102959 -0.8165209717704228 0.4351673522837088 4.97848370797734
64.87000000102992 -0.7813918834821003 0.5338772114390433 4.774225036300793
64.88000000103025 -0.4228209682612989 0.6435496485983443 8.97803029331924
64.89000000103059 -0.4871400062166491 0.7536645536295583 6.949743469579753
64.90000000103092 -0.6037495093450058 0.5019736545579236 7.393898413787515
64.91000000103125 -0.6760188265639071 0.6395177428000736 5.473567662648111
64.92000000103158 -0.789316165816295 0.6291660035788396 4.156355952984677
64.93000000103191 -0.8739813471778077 0.6592214140428811 3.2316663029270636
64.94000000103225 -0.754047970186273 0.7605382657183787 4.008638717581479
64.95000000103258 -0.5963470352393682 0.7024974562276093 5.901075763907523
64.96000000103291 -0.6605125863266379 0.7487506062735985 4.774764082565516
64.97000000103324 -0.6670586096418898 0.9309636987245067 4.437273259826381
64.98000000103357 -0.72014243531058 1.3457779129937033 2.4194761925767727
64.9900000010339 -0.6658114380024279 1.4077573087619935 2.515284319707615
65.00000000103424 -0.7833668335973699 1.1603306032773428 2.45634209452769
65.01000000103457 -0.9127253541932778 1.1739590105348985 1.638585815665413
65.0200000010349 -0.7005999858025165 1.3303726726357001 2.5182683074982712
65.03000000103523 -0.7962450347911594 1.2626014533229877 2.113052616254188
65.04000000103557 -0.9818937987569754 1.165514594331961 1.0659163502297924
65.0500000010359 -0.9732601564920026 1.3217441372493357 1.0686535604793426
65.06000000103623 -1.1043568174713276 1.1255626014519107 0.27285492772868886
65.07000000103656 -1.1593274481615312 1.259309308039813 0.28332659137692023
65.0800000010369 -1.0082359921340815 1.2039551554881789 0.7983441907244624
65.09000000103723 -1.2852641786098609 1.1031195881646099 0.0
65.10000000103756 -1.1817735505885234 0.9215507392633691 0.0
65.11000000103789 -1.200676142591708 1.0889550281548523 0.0
65.12000000103822 -1.1789066625635898 1.3373918553256852 0.380810976305178
65.13000000103855 -1.1695174132999413 1.5178769588566057 0.23330106109709559
65.14000000103889 -1.0442143462019926 1.625272237756401 0.5225849030148295
65.15000000103922 -1.1987587554373411 1.7386895548731691 0.0
65.16000000103955 -1.0762369733113577 1.755486541430739 0.25966023412815414
65.17000000103988 -1.1043026631823216 1.4225582569105093 0.4792435976249442
65.18000000104021 -1.080113604120676 1.5453679532612061 0.4596804229258427
65.19000000104054 -1.2812935129966811 1.5371588025109637 0.0
65.20000000104088 -1.0863887337131133 1.8230307039318232 0.17549061737238328
65.21000000104121 -1.1221489371136668 1.8440163618399872 0.06715175425639693
65.22000000104154 -0.9381353486450579 1.8531506212302538 0.529690030867233
65.23000000104187 -0.7213733224486445 1.8026412932934548 1.556940060529554
65.2400000010422 -0.7759042903067888 1.8071302598704926 1.378700475596512
65.25000000104254 -0.9427368407651016 1.8972747388813411 0.47662788907986786
65.26000000104287 -0.815230984887819 1.9220703817393576 0.9861389563448943
65.2700000010432 -0.6692480333967916 1.7070045843437787 1.9964430472905657
65.28000000104353 -0.697429425260705 1.6013146736135981 2.127586392029412
65.29000000104386 -0.9442174014117295 1.7523147297853887 0.6573139631609727
65.3000000010442 -0.7432513052763695 2.0707945714350573 0.9185509021339892
65.31000000104453 -0.735694286271598 1.8752310281516944 1.322315934188676
65.32000000104486 -0.9129713167934954 1.9789393787273173 0.5506513598603678
65.33000000104519 -0.7805018778059096 2.0501225717535294 0.8387635158868247
65.34000000104552 -0.7713084203047462 1.9450920670911027 1.055659025639631
65.35000000104586 -0.5173292856477076 1.6791860096247824 2.7259155187163766
65.36000000104619 -0.414762359526391 1.7553631548469715 3.005270498502762
65.37000000104652 -0.3833989140704005 1.9361239898818075 2.5301149014252493
65.38000000104685 -0.4539978049040069 1.9706363474418649 2.2002193092869256
65.39000000104718 -0.35291879891220945 2.1671838257207083 2.2119085922310466
65.40000000104752 -0.34208943579045437 1.9744656562578227 2.5421763964945976
65.41000000104785 -0.48943347366918105 1.7951675565775556 2.5282819693756973
65.42000000104818 -0.41862146591203997 1.5810970067700902 3.6376333398140384
65.43000000104851 -0.8585127952162612 1.5823286097827478 1.5797605527647571
65.44000000104884 -0.8803722693798455 1.8531477885723868 0.8649946254273309
65.45000000104918 -0.869433782930906 1.8098662971205832 1.0388567371465747
65.46000000104951 -0.9618719797746591 1.9562155486213124 0.42831263202656716
65.47000000104984 -0.8611483361908204 2.0261094273771523 0.6562418935719188
65.48000000105017 -1.0019850833674162 2.059538643943608 0.30359674082264865
65.4900000010505 -1.0753778772031117 2.08595761808918 0.1599359075483294
65.50000000105084 -0.8997831210511213 2.362514520492556 0.3659258148432571
65.51000000105117 -0.7767615734356754 2.4666046622876827 0.8224700567613811
65.5200000010515 -1.0728597141886254 2.540371950603524 0.5839014784703196
65.53000000105183 -1.0462753421757527 2.3845169532590473 0.19331848526800052
65.54000000105216 -1.1354708910773876 2.2433310483840105 0.0
65.5500000010525 -1.1905924366049883 2.424535496153994 0.0
65.56000000105283 -1.347463675716401 2.277774888229326 0.0
65.57000000105316 -1.1935773223033381 2.194396684224271 0.0
65.58000000105349 -1.072794654677777 2.197480845925416 0.006140707152626238
65.59000000105382 -0.9206272973434866 2.306252260118184 0.09698154582939066
65.60000000105416 -1.079843209358947 2.2611386479039997 0.0
65.61000000105449 -1.2446114156124835 2.159998923281244 0.0
65.62000000105482 -1.2255101642333095 1.9365223584710147 0.0
65.63000000105515 -1.2469524044638347 2.011829850067608 0.0
65.64000000105548 -1.1200204124351592 1.9755233395564669 0.03176196461634665
65.65000000105582 -0.9414525502777685 2.0054970596959865 0.44469769145988225
65.66000000105615 -0.9348201289070281 2.1029551270505213 0.44370696040593627
65.67000000105648 -0.7869104782879719 1.9853256737404004 0.9242950904438508
65.68000000105681 -0.6383531419672729 2.2332070674706053 1.10498784944209
65.69000000105714 -0.7772347547092621 2.237625173362871 0.5085874540375521
65.70000000105748 -0.2929013322113384 2.1713188778024115 2.4508362168919366
65.71000000105781 -0.3202180408067223 2.1502257069035053 2.35803779026563
65.72000000105814 -0.536033612556736 2.3036737494697075 1.6470320221572599
65.73000000105847 -0.5524677829896338 2.273246902892315 1.5184548412150667
65.7400000010588 -0.6365641572412033 2.3853829460086526 1.3986443550355683
65.75000000105914 -0.6853364268419108 2.683069235128526 1.4954524805712897
65.76000000105947 -0.5688935184808962 2.7097076136907527 1.9397699580497156
65.7700000010598 -0.5971634840095392 2.906842077636388 0.7533399566210788
65.78000000106013 -0.6009862161534288 3.0011377632066853 0.0901808628390304
65.79000000106046 -0.8718139137638797 2.979428877000088 0.0
65.8000000010608 -0.8515600680927577 2.8020047007912976 0.5706999482311534
65.81000000106113 -0.8299704058521514 2.5338315123093498 0.9668055474855987
65.82000000106146 -0.6462668816905248 2.6204807798944962 1.902886640011297
65.83000000106179 -0.4219754604911416 2.694526923251976 2.2864802325951565
65.84000000106212 -0.21537500325963932 2.9179082239286025 1.1755014394873937
65.85000000106245 -0.05002148148693042 2.7999422352276415 1.8627867929313426
65.86000000106279 0.07539853353335024 2.85877313397548 2.254868499917902
65.87000000106312 0.04918585669067632 2.9114260670737506 1.6020943570684407
65.88000000106345 -0.10478705276028588 3.0107677754301916 0.7278068942947684
65.89000000106378 0.11602602216797553 2.9465121904371037 1.7540179954343573
65.90000000106411 -0.08557958361386742 3.082483372268644 0.3937703165703986
65.91000000106445 0.011729785370976908 2.912039534359363 1.4406744415646022
65.92000000106478 -0.007320941184478902 2.975537361542681 1.0884676838198546
65.93000000106511 -0.07281790704744329 2.877889731030816 1.2687541285086144
65.94000000106544 0.048833565320138494 2.862120409686159 1.984160387670555
65.95000000106577 -0.04383020856958231 3.1352246499675633 0.3674079093238882
65.9600000010661 0.050883487470195 2.984768372698793 1.312791700650952
65.97000000106644 0.10082687151302905 2.9647172729155384 1.6222806003638168
65.98000000106677 0.1628854945607916 3.078361172898041 1.452448438201371
65.9900000010671 0.13795858885113543 3.022899359319338 1.577682820049505
66.00000000106743 0.00405469365884048 2.660876705577529 3.125318302117863
66.01000000106777 0.07868680665828232 2.818086591268709 2.614680921578846
66.0200000010681 0.181966770765718 2.7680279044238825 3.8783917883769172
66.03000000106843 0.17540786287531596 3.037900474699528 1.6853207291732994
66.04000000106876 0.00332939231370033 3.052663917016471 0.8444141310851834
66.0500000010691 0.29207439272913005 3.0699662273808825 2.8525702820201277
66.06000000106943 0.6584864255204782 3.1217999550149957 6.885182001759554
66.07000000106976 0.8049415852563162 3.23553855783871 7.339428373810977
66.08000000107009 0.4832298853435556 3.0216630083674856 5.4042246998767265
66.09000000107042 0.29238230722251124 3.122694467594325 2.529558913525268
66.10000000107075 0.10862822986188048 3.0844206656774733 1.1815666505255666
66.11000000107109 0.07103554013223268 3.06216029658086 1.119678115462307
66.12000000107142 0.027918203168203926 2.8371524510940405 2.0525430562619955
66.13000000107175 -0.10947748698319815 3.102639318924629 0.3185807646661086
66.14000000107208 0.17093893236395663 3.3760453033724103 0.2834514972693256
66.15000000107241 0.2982050946150612 3.2429394361725694 1.8654361972727849
66.16000000107275 0.4424631692073693 3.3339197947122345 3.535410421425026
66.17000000107308 0.32222721923896 3.2530037857281693 2.0896363159408917
66.18000000107341 0.38810807652942425 3.2099251776676563 3.6844577841571784
66.19000000107374 0.658739696464735 3.202824076160539 6.381192045234762
66.20000000107407 0.7164907582898234 3.2077667148934723 6.769615795070036
66.2100000010744 0.6653558934878179 3.0123298263662996 7.59193094257192
66.22000000107474 0.685662569731626 3.0725259228814483 7.461914392125773
66.23000000107507 0.5103751997738377 3.1965160021746932 4.967448756102581
66.2400000010754 0.6994969364807054 3.125501335560967 7.280218331912229
66.25000000107573 0.7785546200937702 3.096441485748162 8.64515379451191
66.26000000107607 0.7720758333976501 3.2991508996700034 5.908860567161345
66.2700000010764 0.8555564569339937 3.2596859072457756 7.409659462048873
66.28000000107673 0.7328193118237141 3.2343634155056153 6.593581106317614
66.29000000107706 0.9161942863999095 3.430750074094826 5.499901889729843
66.3000000010774 0.8449187119187765 3.3346048264662143 6.099433391789981
66.31000000107773 1.06138714076337 3.3813677961500215 7.699745825362
66.32000000107806 1.105427333669791 3.3420964127273924 9.184894112596453
66.33000000107839 1.1237170548012343 3.3261414363184283 9.707910349807776
66.34000000107872 1.3802053742786686 3.398915363160324 11.191200783631825
66.35000000107905 1.3261068093073431 3.7886097354906836 2.333729922227744
66.36000000107938 1.625842889464082 3.753143903901096 3.2428555637817684
66.37000000107972 1.2508786739011328 3.66859153572336 4.227013885046428
66.38000000108005 0.9726204358439484 3.437808419331075 5.87439848671138
66.39000000108038 1.153142418442719 3.2649464526495304 11.166755246379495
66.40000000108071 1.3304096841948523 3.4003159731179173 10.83091176058321
66.41000000108104 1.0627934710807612 3.3243571175615383 8.90585964678468
66.42000000108138 1.175359926873532 3.153033314312932 13.771149584236563
66.43000000108171 0.9692303975249391 3.4309852274393293 5.956032335323884
66.44000000108204 0.6986134274536016 3.5230490964959023 3.7250912964312777
66.45000000108237 0.9200859303974007 3.476664442570759 5.068628209837637
66.4600000010827 0.958425919500337 3.4337968152990825 5.808176002857594
66.47000000108304 0.7934079846510076 3.5379267463390187 3.8072364881013443
66.48000000108337 0.39121079000087244 3.220380123729478 3.658043150819032
66.4900000010837 0.28272482406618504 3.00384498349663 3.165032690228303
66.50000000108403 0.35732881368388836 3.016522497682306 4.03170734337808
66.51000000108436 0.34527571774838917 2.8120625635005942 5.033370829003534
66.5200000010847 0.4769793285270012 2.7782878375159954 6.2897331307753035
66.53000000108503 0.5040505537682721 2.5240628629643473 7.897462202315075
66.54000000108536 0.6332333105465612 2.479308614480186 8.853158952015365
66.55000000108569 0.41216697474847097 2.5256908194612766 6.9149074342440215
66.56000000108602 0.48814921806478984 2.78439667344233 6.344422658276528
66.57000000108636 0.4914382957817074 2.7559348793708276 6.5927004167325
66.58000000108669 0.41847846670799127 3.0389909605752767 4.611855249653016
66.59000000108702 0.58997157299768 3.0362528317158057 6.5939481797425925
66.60000000108735 0.6762819445428724 3.209811367408257 6.458371232942146
66.61000000108768 0.47644968687018086 3.065146720929336 5.1027440317673625
66.62000000108802 0.6202579336653369 3.0046396897986445 6.998951003089025
66.63000000108835 0.4771231894262047 2.917620080576927 5.577610347208455
66.64000000108868 0.6080971460968633 3.0351424626372543 6.7923990298816035
66.65000000108901 0.41483690195745204 2.8965938427816984 5.202963875495051
66.66000000108934 0.12874329881047053 2.9694338747968754 1.7285048336871625
66.67000000108968 0.19620824713541607 2.974905636444358 2.3911761112928422
66.68000000109001 0.17818360489643614 2.871149351535848 3.1251734554890116
66.69000000109034 0.22583590213149585 2.8087716836652175 4.011826401245768
66.70000000109067 0.3284693463461147 2.609644408047205 5.661831385984113
66.710000001091 0.4296037841796293 2.7612038385018605 6.01592646096076
66.72000000109134 0.32546420551773136 2.922130643156135 4.0868849687699
66.73000000109167 0.2365296300125007 2.872449684154647 3.6483497836857133
66.740000001092 0.029178729627888145 2.8487163761520713 1.9654480968563788
66.75000000109233 0.2250821200836728 3.0512288684534434 2.175339248219398
66.76000000109266 0.18289306416846718 2.9368698989990603 2.5664080728655625
66.770000001093 0.1952600069379623 2.7434484283603515 4.113123388568378
66.78000000109333 0.3490683499141891 2.7984465155860705 5.137759639055233
66.79000000109366 0.2740791260080736 2.9844303269876256 3.190340739674591
66.80000000109399 0.4324096172836528 2.9368536579268385 5.114968230663001
66.81000000109432 0.39155893027137767 2.9087787959466516 4.9537019594274945
66.82000000109466 0.2669511106698147 2.7606183435513376 4.576399308932776
66.83000000109499 0.3241701478701038 2.991880993976335 3.635703472236794
66.84000000109532 0.4180350729131306 2.9854514465254898 4.805923218697338
66.85000000109565 0.5038855886805644 2.8685910625844073 6.063901911946152
66.86000000109598 0.5417576720386656 2.8095883254502922 6.858138048759061
66.87000000109632 0.3900894418049744 2.724651913726633 5.8747799369674905
66.88000000109665 0.3519482406531018 2.7515268235853663 5.360867820819537
66.89000000109698 0.3904824384572343 2.866489387936463 5.1809486981194235
66.90000000109731 0.5559868800229624 2.9197858848466742 6.464890282533027
66.91000000109764 0.580900271041528 3.000763198431616 6.591507959040078
66.92000000109797 0.5539811080300705 2.953796292336775 6.304960882315303
66.9300000010983 0.5436833390372734 3.008733193768145 6.160454076836944
66.94000000109864 0.49343385065961565 3.046492966450689 5.416882246199936
66.95000000109897 0.4292989136419052 3.1208252234769573 4.469903955970169
66.9600000010993 0.31919306252321034 3.0865679439054996 3.027470597928768
66.97000000109963 0.208229985259355 2.9418418168982017 2.789285778896624
66.98000000109997 0.3825111037491724 2.967114679918899 4.551914623067326
66.9900000011003 0.15977894151599914 3.0857034352073915 1.4043224613711325
67.00000000110063 0.26521098536413446 3.146540485007659 2.0016733389739327
67.01000000110096 0.3056273335563313 3.0724695726274853 2.9794109546849574
67.0200000011013 0.25814986718457933 3.1520145977818785 1.8478924201454805
67.03000000110163 0.200491925527159 3.298539750183307 0.6451899659418542
67.04000000110196 0.13028503606502617 3.3948051607247747 0.10042831580855949
67.05000000110229 0.1059099251866984 3.271387978766727 0.43617644164639996
67.06000000110262 0.4628154418701903 2.9457643030392386 5.2947701861770025
67.07000000110295 0.15623050421857088 3.0928196528502676 1.3568944678003412
67.08000000110329 0.36420225505126336 3.114329789844751 3.7380357521024337
67.09000000110362 0.257000848386598 3.0523271628451325 2.5684362879571103
67.10000000110395 0.24505937583539283 3.1912023022803115 1.3785223515475309
67.11000000110428 0.2677529601295485 3.188792547539405 1.7731616964139731
67.12000000110461 -0.0239446934295251 3.139512299843985 0.4309493926230722
67.13000000110495 -0.06142928364202971 3.157896297425063 0.25190207924294244
67.14000000110528 0.15625688341829103 3.0891517223112075 1.3720445254671059
67.15000000110561 -0.054308203055317805 3.027706434328395 0.7292171556735503
67.16000000110594 -0.08325831270983897 3.0263268209582517 0.6580246490287269
67.17000000110627 -0.12952548664763763 2.984422638365148 0.8495377824981267
67.1800000011066 0.0857112553013325 3.089784190746925 1.0664976188636195
67.19000000110694 0.16153276748161116 3.0295650998088 1.659552820587885
67.20000000110727 0.18274498270135442 2.905602589928244 2.8657579626200755
67.2100000011076 0.16226559464269796 2.8735172154705646 2.953111612057212
67.22000000110793 0.3582240407761256 2.8747213963173293 4.809361517053215
67.23000000110827 0.27645503161576845 3.2169972266054288 1.7343215413438817
67.2400000011086 0.2555041349700854 3.2252962622343966 1.346527092343702
67.25000000110893 0.2889818737168137 3.2211047695379076 1.885737706054003
67.26000000110926 0.3018179693693226 3.0979870770907683 2.7814964216504494
67.2700000011096 0.42958064967486065 2.7484501552383724 6.1323393053747495
67.28000000110993 0.20742232295296525 2.6071207562886514 4.818655102783079
67.29000000111026 0.21894688241334853 2.4079862160727905 4.715849982474479
67.30000000111059 0.18827518446740588 2.4905190484568434 4.415568951044126
67.31000000111092 -0.08117062081576143 2.6958331974755856 2.5027966595221973
67.32000000111125 -0.05442905909019069 2.626988484019123 3.002402619462259
67.33000000111159 -0.005878425556521516 2.7398812158519767 2.615734510941582
67.34000000111192 0.0067605451011623074 2.929476107600313 1.3403435348225163
67.35000000111225 -0.07376204187807844 2.9356713335631244 1.0185078021664602
67.36000000111258 -0.05302203939954586 3.0133420169310394 0.792990928397875
67.37000000111291 0.05777611502864033 3.0865624850834643 0.9573889398969031
67.38000000111325 -0.098472627485101 2.98574875699573 0.8317064427195775
67.39000000111358 -0.19026417250731775 2.961476850876645 0.9119057086756948
67.40000000111391 -0.03600200721488045 3.2587039356625827 0.04357300017899402
67.41000000111424 0.1072053335369424 3.0842415569001087 1.1769645037707408
67.42000000111457 0.00895709400822764 3.170221434840209 0.4656114805341597
67.4300000011149 0.16024455301700624 3.291205163752176 0.526926805390227
67.44000000111524 0.15046173867830626 3.251936568287239 0.6621835923746557
67.45000000111557 0.20995396770659425 3.1164942450314337 1.5180816903644088
67.4600000011159 0.10807761094271728 3.0307670015233166 1.4119333282571467
67.47000000111623 0.1290127896834864 2.8903634509564076 2.4502114076048964
67.48000000111657 -0.04036697547562251 2.849535541197872 1.520722688910353
67.4900000011169 -0.0045763157601700355 2.9679979772326988 1.1292689266065101
67.50000000111723 -0.014275511377533134 3.0397068158494953 0.8169098541359064
67.51000000111756 0.20167455305164672 2.7075642286210186 4.3088410976697435
67.5200000011179 0.0789432509299679 2.582193909825247 3.867855205121087
67.53000000111822 -0.04671174827823843 2.6115458334927393 3.1255333674981776
67.54000000111856 -0.24316181997924635 2.642482476076868 2.605087387831753
67.55000000111889 -0.3442202646653053 2.6571427029530774 2.403969226276824
67.56000000111922 -0.546818033552615 2.635820805005876 2.22936303151175
67.57000000111955 -0.5264194580159607 2.4648298188202915 1.7342269143977778
67.58000000111988 -0.40321304757773285 2.326689501103495 2.1930438305719138
67.59000000112022 -0.39049069836194394 2.319158179021892 2.2310255425554035
67.60000000112055 -0.3730234120931434 2.0856706981415676 2.211658724179634
67.61000000112088 -0.09611762813966646 2.0764128663765007 3.0684357323506473
67.62000000112121 -0.00487000387775588 2.256583653983018 3.512661075586339
67.63000000112154 -0.39006910253722404 2.350380343492624 2.2843555468260877
67.64000000112188 -0.31115379635994933 2.298144479025224 2.531548927754599
67.65000000112221 -0.4726643362236733 2.245752288208691 1.6804025677591863
67.66000000112254 -0.41980707752693175 2.0695231696121508 2.0850812847338194
67.67000000112287 -0.30081567510900575 1.9717846675965742 2.6486270175446722
67.6800000011232 -0.2802118927284542 1.9826835120577977 2.664701833227579
67.69000000112354 -0.324172960497262 2.168891795080369 2.3231774362334283
67.70000000112387 -0.325500685032531 2.072251877056707 2.375148612440344
67.7100000011242 -0.5382162858744811 1.9197850310220579 2.0546567560154756
67.72000000112453 -0.5326677885021458 1.8511906853112463 2.2226676543995993
67.73000000112486 -0.43585481538390913 1.7737318076347206 2.848872298338252
67.7400000011252 -0.5581095603493006 1.6110860521919825 2.7002283717914013
67.75000000112553 -0.33636916071252 1.804699236658922 3.1076657822901947
67.76000000112586 -0.42872114211304324 1.8292625501747795 2.662308399196638
67.77000000112619 -0.4211573645587423 1.7866561363421438 2.8585247715572057
67.78000000112652 -0.3392980140188486 1.70374266058539 3.4494168199637096
67.79000000112686 -0.20425067302538882 1.608616829038769 3.9710312315771192
67.80000000112719 -0.20887232286875837 1.6508005213701116 3.7975750628398837
67.81000000112752 -0.21301565864604283 1.6144958115372605 3.929751922804194
67.82000000112785 -0.34418658560686644 1.7543321936385095 3.2761128629914023
67.83000000112818 -0.5453720434574728 1.9133912759458664 2.0380686504424306
67.84000000112852 -0.33350916618066756 1.864664244155403 2.9365127854741973
67.85000000112885 -0.4085373252085247 1.6634543718457244 3.352577791129399
67.86000000112918 -0.27601300880104196 1.6187152515652583 3.71375964638261
67.87000000112951 -0.010521775613587692 1.8209232732230216 3.8300305809524797
67.88000000112984 0.14179511198493516 1.6721869034408803 4.112639165555207
67.89000000113018 -0.024316360603790582 1.7559975970374149 3.9510596218887386
67.90000000113051 -0.14544258344262806 1.9720639613146547 3.0623605482211094
67.91000000113084 -0.12446776804720067 1.9328148233393776 3.2965358961595475
67.92000000113117 -0.3986347938568626 1.8944215413757028 2.617967119321122
67.9300000011315 -0.2723392061871228 2.125234039833655 2.539080199302881
67.94000000113184 -0.2574704164363678 2.073024333028256 2.573560876769936
67.95000000113217 0.07434009048034274 1.9932473236042536 3.801811683714422
67.9600000011325 0.10799989636565066 2.2949637045600015 4.0838515262924435
67.97000000113283 0.18444799034559317 2.2975442997151565 4.596406134635583
67.98000000113316 0.2285665828635759 2.176424166226554 4.891049790946496
67.9900000011335 0.29383397380077814 2.0142944823681788 4.990352826751759
68.00000000113383 0.2543110059022235 1.938474244759556 4.528082133524562
68.01000000113416 0.28682346127879244 1.7335931686710473 4.067487670225235
68.02000000113449 0.4664163672373909 1.912389438348959 5.531266457688227
68.03000000113482 0.28712396642459304 1.8743716216028399 4.4620603913693175
68.04000000113516 0.26731454888902356 2.0105256691927256 4.815910721662365
68.05000000113549 0.23828113642313997 2.159037453392739 4.953857854710725
68.06000000113582 0.19160088721114604 2.443299757360175 4.444418479149551
68.07000000113615 0.03889582025747357 2.6976673709132175 3.1103625315824637
68.08000000113648 0.09997724206408354 2.819421792111304 2.7986026907111734
68.09000000113681 0.07308912446206473 2.977937715057939 1.4454342479509665
68.10000000113715 0.26329891933665434 2.880017997127715 3.822842242552623
68.11000000113748 0.17373157909920645 3.1921994749514275 1.010262391162297
68.12000000113781 0.007152341773376314 3.2012093306763907 0.34938314539953463
68.13000000113814 0.25889547174603045 3.5638985106165166 0.0
68.14000000113847 0.32542118917630714 3.562911183774739 0.36619140985769516
68.1500000011388 0.13558071239316105 3.384769409136379 0.1504223967182769
68.16000000113914 0.10453451188149332 3.3514991550002486 0.1755943622264313
68.17000000113947 0.24122630634050213 3.3065022577273537 0.8270685689185304
68.1800000011398 0.2214453962103543 3.2515444705935295 0.9796725247289012
68.19000000114013 0.41442990692317716 3.2401037174252387 3.7768883882608923
68.20000000114047 0.2736760946565957 3.126429374364675 2.266441378383678
68.2100000011408 0.3066404418899028 3.016986684189355 3.3214792712601175
68.22000000114113 0.26878206543680316 3.272008896358744 1.2324468169841278
68.23000000114146 0.3703012496869099 3.3867430944095913 2.4727572595340184
68.2400000011418 0.719691636581652 3.5493990889920006 3.543548591640237
68.25000000114213 1.0334748856286573 3.5106366630492563 5.429126050213912
68.26000000114246 1.2389556228616985 3.4459822379559495 8.902345867938621
68.27000000114279 1.7078853745262474 3.514286577635159 9.371519149904346
68.28000000114312 1.5523065367443398 3.2603848766022114 15.709566424959535
68.29000000114345 1.828998573130061 3.4583317111826117 10.203151554988525
68.30000000114379 2.0540536181334623 3.4822414972422218 7.824726685770344
68.31000000114412 2.0959200787825463 3.4611241658061864 7.719805505631155
68.32000000114445 1.9278476101739148 3.4064655912738955 10.717342326026394
68.33000000114478 1.8223851000282187 3.5303415022123374 8.512237136762664
68.34000000114511 1.9422343817543366 3.6905437769013716 4.554410092198442
68.35000000114545 1.8778970748696788 3.700133371286494 4.47664830539148
68.36000000114578 1.7276212148033987 3.686320023550987 4.621681463710415
68.37000000114611 1.7543324479917182 3.973558673951379 1.2956295192551743
68.38000000114644 1.7426856789788552 3.8368574618063325 2.191287612339997
68.39000000114677 1.8721228680707582 3.7495890955141906 3.6682845945745357
68.4000000011471 1.7094657746790902 3.780873120706521 2.8119711002262058
68.41000000114744 1.668153032961141 3.661285270592832 5.2541518965766345
68.42000000114777 1.6491488192205264 3.782189093010016 2.731152139510954
68.4300000011481 1.5870781088811354 3.722663641196702 3.778456613554509
68.44000000114843 1.3949146147515943 3.600321897671402 6.248257571940378
68.45000000114877 1.4765563324821178 3.864584121308993 1.4490101876369548
68.4600000011491 1.4990249246562004 3.7573559820628786 2.967953713322855
68.47000000114943 1.729075483891512 3.462955868522947 10.53433752082565
68.48000000114976 1.6296963804858062 3.6913112572977758 4.6208947303579375
68.4900000011501 1.5665678554323752 3.7536002879425716 3.1792645485941167
68.50000000115043 1.7302610572455526 3.659428700128194 5.1907482517150925
68.51000000115076 1.6729638851352173 3.6795875137752576 4.848214408950602
68.52000000115109 1.4123690937167361 3.570456088959295 7.162914104639088
68.53000000115142 1.277582979030758 3.5228877149319864 7.629362687276701
68.54000000115175 1.215439223575277 3.5763058029466555 5.745634239535043
68.55000000115209 1.1764383550450377 3.564389265786537 5.596085790205941
68.56000000115242 1.4193191105795915 3.607837553083539 6.129207207427704
68.57000000115275 1.5413543844369446 3.5748195353292456 7.834376491888219
68.58000000115308 1.452790560108765 3.7637225980521745 2.710870050904216
68.59000000115341 1.2683870217164441 3.6988175618466643 3.69073792460669
68.60000000115375 1.389934968766537 3.6993449878521787 3.8586929156090877
68.61000000115408 1.6179034894432665 3.3466317901293623 13.888300006802321
68.62000000115441 1.6038151627697932 3.3681558412713795 13.280872045256613
68.63000000115474 1.6625035836438473 3.4541772112294877 11.072911945642968
68.64000000115507 1.7963527358740015 3.317092492316723 13.73077088968891
68.6500000011554 1.6900869108271745 3.4081048021780234 12.324345018526465
68.66000000115574 1.6417721466113915 3.3425314829219896 14.045708543129006
68.67000000115607 1.6297412417155885 3.4203534264243594 12.011021542429859
68.6800000011564 1.6713606748074759 3.1578114696098685 18.345374613389605
68.69000000115673 1.7359030558871043 3.361924386947077 13.270799559716888
68.70000000115706 1.7195275808220962 3.4642518446704305 10.589778847220499
68.7100000011574 1.7779728130675665 3.603741019125437 6.492070764176253
68.72000000115773 1.6312853590047856 3.6874749542769045 4.711343089924347
68.73000000115806 1.6307406883353233 3.6764375246557917 4.9656188971459
68.74000000115839 1.7190349450759306 3.703265441668316 4.218834678890092
68.75000000115872 1.7752817643552503 3.490321344596812 9.46097402065002
68.76000000115906 1.8166373035982426 3.561005370431734 7.7361259307344845
68.77000000115939 1.5863158043706844 3.4797026402694256 10.50521727052175
68.78000000115972 1.7591353784429637 3.8253137279608556 2.3242859762089507
68.79000000116005 1.8091858571277113 3.6842326955076903 4.720015799615029
68.80000000116038 1.775497936072 3.6457843886367085 5.418190104558862
68.81000000116072 1.950300775001454 3.713192963147577 4.144157732114965
68.82000000116105 2.09150732756473 3.6424572878230634 4.454984704475326
68.83000000116138 2.028911680549254 3.693814363171321 4.106666405966409
68.84000000116171 2.0049068597277744 3.732282579630284 3.6243686581474206
68.85000000116204 2.3094890663473517 3.5095341435081373 4.3651351175718
68.86000000116238 2.452618598319721 3.3684514584769096 5.580067723699239
68.87000000116271 2.2354379723158013 3.236797020363512 10.584464406934178
68.88000000116304 2.203209031435933 3.2469682465378664 10.756945336292551
68.89000000116337 2.092390406413707 3.2062663211389673 12.318997381248026
68.9000000011637 2.0728103557497697 3.1856495820200097 13.147947541260436
68.91000000116404 2.076333682814448 3.1836370149584687 13.11319317444596
68.92000000116437 2.165005860305601 3.183163541189062 11.956073714578359
68.9300000011647 2.0876073939933755 3.102283468946202 14.637183516211262
68.94000000116503 1.9321237654777053 3.228924703732063 14.710534898188756
68.95000000116536 1.7482828527489347 3.259431157348484 15.731426190523479
68.9600000011657 1.8060293289080023 3.3306528905402524 13.42098569789157
68.97000000116603 1.6065326458190996 3.4447958166611246 11.276885268443735
68.98000000116636 1.441343981714442 3.5949038273599214 6.541818652227246
68.99000000116669 1.5996413725571055 3.7439124683396314 3.373189927560076
69.00000000116702 1.7149100601057263 3.6131013572165367 6.666695608814124
69.01000000116736 1.4687411727447353 3.513780075315387 8.957556414726778
69.02000000116769 1.5595659537092061 3.5307994420440254 9.114159429498459
69.03000000116802 1.3386623283651407 3.5219146252337956 8.014735864735249
69.04000000116835 1.1529256346628145 3.6003255761927813 4.7375714337640655
69.05000000116868 1.1974301179087055 3.5970781052399827 5.10817486899476
69.06000000116902 1.1479469257963335 3.642874652559886 3.9786168339873926
69.07000000116935 1.3223408260379148 3.6545427053640074 4.50083215004079
69.08000000116968 1.4408441094228435 3.6464142089573923 5.064427389484157
69.09000000117001 1.5385603410714812 3.574060909053658 7.85161393801883
69.10000000117034 1.7544589176046532 3.5362920926039614 8.514461049035326
69.11000000117068 1.7680311062487584 3.6260556602332032 5.979397983325052
69.12000000117101 1.7320758010433956 3.63342588844965 5.93701139951687
69.13000000117134 1.7431842426109143 3.725437790035941 3.678835269621084
69.14000000117167 1.8172465261157578 3.7157289018537236 4.065999644467941
69.150000001172 1.637890879926536 3.581007781024675 7.731282642215519
69.16000000117234 1.5277952402850072 3.8120363064373937 2.1472556060625227
69.17000000117267 1.5659670155640995 3.6575075537243076 5.358065933783955
69.180000001173 1.478904531518666 3.565568531950476 7.730014923918508
69.19000000117333 1.5447031749357418 3.6536264975740926 5.405408097497615
69.20000000117366 1.5079456084830287 3.762043671643518 2.9169493477947483
69.210000001174 1.5365207447644267 3.7966305872946657 2.3610379801653827
69.22000000117433 1.4819458133128882 3.8496984934569785 1.6330602110415922
69.23000000117466 1.3606105803720505 3.8615601134375934 1.639105679958841
69.24000000117499 1.3395629219289256 3.9051860590675957 1.2132394769028212
69.25000000117532 1.443322004406192 3.9141620939904413 1.0388373183502204
69.26000000117565 1.4786109585156777 3.7616421573421936 2.8370236524980066
69.27000000117599 1.3536117357189665 3.69014849086196 3.948547878554825
69.28000000117632 1.4444400214915516 3.7738826907605203 2.5370927623134034
69.29000000117665 1.7385097890653558 3.648320863122764 5.457092542623595
69.30000000117698 2.0088218120597787 3.562382267917296 6.699261703774425
69.31000000117731 1.861592362104679 3.3533735555156685 12.587519940218312
69.32000000117765 2.0147094112552733 3.2115027043576907 13.78887994198237
69.33000000117798 2.1793477294549906 3.2905684873853414 10.12119312408283
69.34000000117831 2.2822567064332677 3.3825232949406105 7.218280506339561
69.35000000117864 2.370165311786261 3.546036396320054 3.577206297734944
69.36000000117897 2.2800281707892336 3.3554264145446306 7.7084821808824815
69.3700000011793 2.059038073851765 3.1123667278431286 14.877826796862292
69.38000000117964 2.2803819233933162 3.5136916599243664 4.6689756777798745
69.39000000117997 2.1508863753393097 3.4412379867721246 7.40713755621975
69.4000000011803 2.1333141070721098 3.5889808773548006 4.969068701293388
69.41000000118063 2.3084882436195566 3.461165560922724 5.182098768403737
69.42000000118097 2.1828966551361626 3.401223421464859 7.921476978795411
69.4300000011813 2.2279220694485664 3.4389432710608885 6.607751478629567
69.44000000118163 2.02089404901035 3.4941873386049873 7.992137800333257
69.45000000118196 1.8472067430305874 3.3408102687506864 13.016210668425598
69.4600000011823 1.863664148200214 3.4872448477137534 9.478355238505836
69.47000000118263 2.167973247765091 3.4175419627164887 7.765177366457984
69.48000000118296 1.969720114714153 3.1290805751732576 16.28263519967168
69.49000000118329 1.9242582477208123 3.0001602597572536 19.295070866731592
69.50000000118362 1.8725140606176656 2.917919826673474 20.61357901086164
69.51000000118395 2.0441274282539124 2.961483988445852 17.996986242115288
69.52000000118429 1.791927056260565 3.121341305153158 18.138093135722706
69.53000000118462 1.7408987521040964 3.1467919521444303 18.248351180290484
69.54000000118495 1.7998746802749075 3.5134175541275194 8.82708556007464
69.55000000118528 1.702505450090594 3.6557802034043094 5.334537712775851
69.56000000118561 1.7434047812986577 3.596477938643494 6.9386441264511065
69.57000000118595 1.4491189091503993 3.6474710130578187 5.028366529843531
69.58000000118628 1.7448561557456104 3.46244008580122 10.398831417197297
69.59000000118661 1.7444024724203082 3.128742726697818 18.600857886926427
69.60000000118694 1.9805997302767904 3.152607030146333 15.55173701603439
69.61000000118727 2.1730271059005 3.1142386139126166 13.422349492452062
69.6200000011876 2.1869479364245272 2.918184312677206 16.467243872612027
69.63000000118794 2.009503585138519 2.899301948794655 19.267133121011327
69.64000000118827 1.7819551388010484 2.7659453917893586 23.101846524941156
69.6500000011886 1.7245352622493375 2.6952929891446016 24.323417488537164
69.66000000118893 1.723802425788739 2.889754278335773 22.20471715156842
69.67000000118927 1.8648955592351908 2.8777009674245586 21.10993898526993
69.6800000011896 1.7724930874198057 2.8887206962884195 21.760982946060953
69.69000000118993 1.8484689787584687 2.9107671454901674 20.86174011256186
69.70000000119026 2.0217853053238506 2.973061090740534 18.097952646689592
69.7100000011906 2.077053728098048 3.042336996261443 16.054313518749357
69.72000000119093 2.0611659772572732 3.3411160653963208 10.334376062250152
69.73000000119126 2.0361944260765594 3.0631693794426 16.25830906745606
69.74000000119159 2.290269192237292 3.5057180508481185 4.673803405836329
69.75000000119192 2.144407092113212 3.5110916991988983 6.209727047172642
69.76000000119225 2.0431443024011884 3.4561401970071204 8.390765924311268
69.77000000119259 1.9184945268702007 3.453831684170483 9.669413955527004
69.78000000119292 1.7575476254375748 3.5171953484064904 8.921357948771133
69.79000000119325 1.9701799351237448 3.418315616310064 10.079438150717726
69.80000000119358 2.0422307027692335 3.254239966290243 12.342716172761122
69.81000000119391 1.9692739867327165 3.2838369985237406 12.998301499908685
69.82000000119424 2.0606543744338546 3.258342728234445 11.91669768114132
69.83000000119458 1.9616802056992206 3.362028158001674 11.343773833449067
69.84000000119491 1.9286780966227939 3.067766613133162 18.206052066550345
69.85000000119524 1.7125152579993954 3.178526638143278 17.899475933094973
69.86000000119557 1.412858444585246 3.295339085935715 13.85009169379144
69.8700000011959 1.5410896148317916 3.3374235349337726 13.90274763330763
69.88000000119624 1.4441901499423828 3.468332035048836 9.927394736582286
69.89000000119657 1.2797033195999603 3.649961530638568 4.573196457434843
69.9000000011969 1.4704364896858007 3.672249890727583 4.613261193620094
69.91000000119723 1.3320255146336293 3.7814890196803175 2.453314436394985
69.92000000119756 1.5811973209632306 3.720804430174489 3.829540353623302
69.9300000011979 1.6221595045108774 3.7217563939485023 3.8021654915784975
69.94000000119823 1.6543445333036908 3.8820933406611062 1.6312450019894686
69.95000000119856 1.7785441041708645 3.822182283405617 2.362743869625383
69.96000000119889 2.0147443307172157 3.820277235450808 2.284201744420465
69.97000000119922 1.7209041352519838 3.7655003076924634 3.0877729060807937
69.98000000119956 1.8610517162061557 3.682497818446829 4.873710743480078
69.99000000119989 1.7077181294766244 3.7853377941762543 2.7259714411411444
70.00000000120022 1.767976184454278 3.5491874402538164 8.070544538202435
70.01000000120055 1.6560475937221861 3.5619083677415606 8.327381870908672
70.02000000120088 1.9084042869717615 3.7014838448701344 4.406051124756947
70.03000000120122 1.7467520797824174 3.6429039283207216 5.593517658507863
70.04000000120155 1.8529051365741025 3.486535143402251 9.58588110459691
70.05000000120188 1.7579407545875214 3.407534680088265 11.836612215216018
70.06000000120221 2.007084602069023 3.513484057005412 7.712608907068634
70.07000000120254 2.049123630822197 3.526600514250766 6.954449987103505
70.08000000120288 1.9628595165777698 3.4713447897296295 8.96378757465231
70.09000000120321 1.8254288929781617 3.3420688955575297 13.091003503706483
70.10000000120354 1.87107965043439 3.111561428082501 17.873605592254318
70.11000000120387 1.7934108846700356 3.231756731103314 15.781413323746774
70.1200000012042 1.7336650062422732 3.069080011066634 19.55121457740153
70.13000000120454 1.8195372440454398 3.030295048999487 19.808451050796187
70.14000000120487 1.8658235218663353 2.969277060615059 19.970792710401295
70.1500000012052 1.8404684213494775 2.9921511213695418 19.978171763900527
70.16000000120553 1.8709691807566247 2.784490735542051 22.251448005971863
70.17000000120586 1.7530947212708012 2.8906386359390064 21.93819736076811
70.1800000012062 1.8694516140534323 2.938175647772084 20.30474876978973
70.19000000120653 1.8864647552091671 2.807816798056521 21.771394217924435
70.20000000120686 1.8975973199426532 2.904160030517599 20.571658334953764
70.21000000120719 1.8597098915342958 2.856367980905698 21.47224256813111
70.22000000120752 1.768127156356361 2.99723718176576 20.74586168995658
70.23000000120786 1.7415762640090406 3.0336484420094973 20.13053929439398
70.24000000120819 1.7517588535523778 2.9227187726572272 21.558020063197667
70.25000000120852 1.824367731441575 2.866768777446949 21.624968161973197
70.26000000120885 1.9982169279500108 2.8771615131147446 19.704548635610344
70.27000000120918 1.8365064023275512 2.9302740662949107 20.718575748107995
70.28000000120952 1.8416772669800399 2.9290729232391346 20.665488118763612
70.29000000120985 1.8082472969252807 2.787954577244946 22.64663513707498
70.30000000121018 1.7170572162479618 2.8791053823393944 22.36527128290865
70.31000000121051 1.6041854140704541 2.9464699101893865 21.53410740504692
70.32000000121084 1.6823336648677212 2.9484114826101053 21.32690516682268
70.33000000121118 1.9759136195764575 3.0314859869083124 17.881178521657276
70.34000000121151 1.9000417508356642 3.092069982362656 18.09538154045458
70.35000000121184 1.9134828359165672 3.4131495356880133 10.677240586265464
70.36000000121217 1.8273674965905025 3.3100243654325596 13.755933212753108
70.3700000012125 1.895337442753957 3.1468338441654384 16.885376165279677
70.38000000121284 1.834562773194758 3.4268176490936995 10.932198672375502
70.39000000121317 1.8647543640964006 3.4335478777264705 10.613132966580006
70.4000000012135 1.5740078051316084 3.3796117114045314 12.891696842379178
70.41000000121383 1.6073363025172651 3.4079554084043764 12.286326046294281
70.42000000121416 1.7402978285214235 3.3520606837173608 13.498921283480827
70.4300000012145 2.095756343300974 3.2826920437521694 10.771395759622921
70.44000000121483 2.239925926583851 3.1506169328212703 11.946300147751714
70.45000000121516 2.1706911255362518 3.2577192723652244 10.80297284203844
70.46000000121549 2.1435761984304595 2.9577449032420433 16.606780452244248
70.47000000121582 2.259738442525028 2.5807123639242087 16.78314785084336
70.48000000121615 2.3589195945835013 2.6449339929173394 16.49018070750782
70.49000000121649 2.1700027457472437 2.5492128437418105 18.9828228531415
70.50000000121682 1.9491573940054292 2.5709319585993646 22.024024087407273
70.51000000121715 1.9270518248863127 2.679367247163891 22.63965987875177
70.52000000121748 1.8452344557666338 3.1012288401975314 18.17479005450511
70.53000000121781 1.6464641862914795 2.986702248027571 21.18608983803127
70.54000000121815 1.6764423822802876 2.8768606669326986 22.7729929133518
70.55000000121848 1.6538252710790202 2.8423588688468397 23.26328718536473
70.56000000121881 1.6716053102352817 3.0221857608181812 20.79850828215917
70.57000000121914 1.7386088209709245 2.9912211947049676 20.867955153676508
70.58000000121947 1.9057034766584011 2.897011894481219 20.5546101714761
70.5900000012198 1.7417103929541047 2.709764082211228 24.121347168805524
70.60000000122014 1.7750201641032697 2.7855560399487636 22.874678810774736
70.61000000122047 1.9112962129580797 2.892189959019223 20.529959046053747
70.6200000012208 1.6800429104288999 2.9172869209387655 22.076311275421386
70.63000000122113 1.7181285398372448 3.0346063851010885 20.02243883329678
70.64000000122147 1.6194063879789837 3.2007343432980577 17.319179807080054
70.6500000012218 1.7740116890421054 3.2715098831301006 15.061992296193363
70.66000000122213 1.7344224229059857 3.0809506317134554 19.42100305370709
70.67000000122246 1.8319733984533975 2.8706830386006597 21.50722586788704
70.6800000012228 1.7247840097800704 2.7053092386549533 24.265315824511873
70.69000000122313 1.6219820563409728 2.5112386293679982 23.965760027184476
70.70000000122346 1.4542805114786337 2.3638633867823344 21.765948937786305
70.71000000122379 1.3457640818915637 2.2872714881042695 19.45527188359726
70.72000000122412 1.409032626380926 2.2407983199459007 19.396131973976846
70.73000000122445 1.4649206346334818 2.067162623938427 16.82127712526135
70.74000000122479 1.4690325153714427 2.130073751958278 18.16542258502167
70.75000000122512 1.2788282159354432 2.1009048784432793 15.972936181818433
70.76000000122545 1.216721243249475 2.040959600066497 13.712818912295116
70.77000000122578 1.3765952767384906 2.0512118563405712 15.708521160000402
70.78000000122611 1.3181196938443829 2.0733037465734787 15.71679782747111
70.79000000122645 1.1210458260099034 2.1704527592017726 14.59777474924385
70.80000000122678 1.1210412490873118 2.143386232492552 14.143169230585933
70.81000000122711 0.9459061680323656 2.3363456714626376 14.061088622343561
70.82000000122744 0.8523504258917327 2.3331861768270823 12.490994113379745
70.83000000122777 1.0298604624341425 2.4558136172588774 15.868976374641449
70.8400000012281 1.0355399782689914 2.2870878080671635 14.952497648775362
70.85000000122844 1.0862448237578328 2.2234314282589116 14.845546552717817
70.86000000122877 1.1434208522895943 2.2091385015117178 15.660928293402439
70.8700000012291 1.2769359373553937 2.325271714014653 19.4840436377655
70.88000000122943 1.0218283557309542 2.468786930711649 15.927546709678388
70.89000000122977 1.1591440958795163 2.566674593715369 19.684341443891228
70.9000000012301 1.0007250439399147 2.8015321694529627 15.663545225314035
70.91000000123043 0.9327861110234765 2.6878505174150527 15.080388479074726
70.92000000123076 1.0023694848479692 2.790644878011399 15.774691077287073
70.9300000012311 1.1728200640165412 2.8787590502282216 19.292171402758093
70.94000000123143 1.0609906581588548 2.7890868437781458 16.91171225868039
70.95000000123176 1.1046709032667164 2.8896954105364263 17.170108410950633
70.96000000123209 0.9559894001495907 2.853992853409913 14.379260345457412
70.97000000123242 0.9125537709580801 3.0901343349082175 10.849393444351753
70.98000000123275 0.9181509167738291 3.0818712803528943 11.018399344812163
70.99000000123308 1.0760063279764183 3.128834363833681 12.875014838721933
71.00000000123342 1.2674123399662083 3.0974209027428286 16.92024329074276
71.01000000123375 1.237733871121964 3.2103604299897204 13.812904080744556
71.02000000123408 1.373305784666921 3.1159254897272852 17.891260239195162
71.03000000123441 1.4701007276204616 3.2993728003490608 14.235563610891752
71.04000000123474 1.1222506592566257 3.139256357562429 13.401303151023427
71.05000000123508 1.1199846948379255 3.3060442193284105 10.000230262657432
71.06000000123541 1.186266999916112 3.2760650750788773 11.216770967738832
71.07000000123574 1.2766071486945236 3.2414426819980355 13.682596217625997
71.08000000123607 1.0245759643053507 3.3594259319125417 7.6521081838877
71.0900000012364 0.8273164222480809 3.4321142215426317 4.84526477831343
71.10000000123674 1.0227100944805283 3.2688794765757985 9.563577403931237
71.11000000123707 0.8744651250743274 3.166903809781061 9.511869939689763
71.1200000012374 1.0272127086594134 3.209282519731932 10.943913193752975
71.13000000123773 1.0820939630002915 3.396986402654193 7.715501594701761
71.14000000123806 1.1483060378275147 3.288112409014584 10.663939034657997
71.1500000012384 1.1874635317451334 3.4108661402161458 8.935699693467907
71.16000000123873 1.2844846672223038 3.537613039303803 7.348852468542703
71.17000000123906 1.3782753536453574 3.6564809940536067 4.739270131713974
71.18000000123939 1.6130179994597058 3.3860553277353476 12.883782221016844
71.19000000123972 1.687970818859016 3.651993321108127 5.4676481166625415
71.20000000124006 1.6929083643022442 3.633900268034484 6.079388719003162
71.21000000124039 1.7786128252245867 3.4639061878406574 10.011272816080139
71.22000000124072 1.9395776802628761 3.2782829609027226 13.57094387266588
71.23000000124105 1.7375716953866316 3.2273810119480197 16.56904689165408
71.24000000124138 1.8860839490915868 3.2018642761046348 15.81899664828947
71.25000000124172 1.8697202045156878 2.983249930942577 19.848900395541477
71.26000000124205 1.9151770237824124 2.9601929657543393 19.774549815836217
71.27000000124238 1.765964015089462 2.8866434033485358 21.84688187040727
71.28000000124271 1.8777738428174704 2.8924753512194727 20.86361092229653
71.29000000124304 1.7110872785927373 2.732724235553554 24.187834603965
71.30000000124338 1.771585494264303 2.637339059873892 24.170701001413033
71.31000000124371 1.6878950473723164 2.6237103175846093 24.507427851417233
71.32000000124404 1.831276130303058 2.443724889682156 22.282807995781663
71.33000000124437 1.950999348499085 2.497338834920869 21.603870289456346
71.3400000012447 1.6222704313675407 2.3863336046453587 22.48497663779792
71.35000000124504 1.802817905936093 2.4366626309579194 22.469269388626373
71.36000000124537 1.6884424611589752 2.238198066480744 20.25975804822868
71.3700000012457 1.8298682380478783 2.4576599297248234 22.457434396724793
71.38000000124603 1.9510112901875454 2.2250047649420086 18.07422299941071
71.39000000124636 1.9444900171389599 2.085119969573851 15.075365679334055
71.4000000012467 1.757392797988775 2.0486988187339428 15.65340077302573
71.41000000124703 1.5607809084023159 2.046786642887892 16.45309948110771
71.42000000124736 1.5915460231445802 1.8923060427993066 11.666343371433378
71.43000000124769 1.6762735304386729 1.9607267966893505 13.463908852383142
71.44000000124802 1.5502542742109564 1.9519726723712179 13.520634586604132
71.45000000124836 1.5798706664891855 1.975346739222074 14.230693293935202
71.46000000124869 1.5789907830833192 2.1390882069127994 18.560391053465267
71.47000000124902 1.5785335141689776 2.0733383044822435 17.079727273411986
71.48000000124935 1.7152909755149313 2.2253440802052875 20.23141983895555
71.49000000124968 1.7906533980488697 2.1601983200231625 18.169483017209963
71.50000000125002 1.6433258147070842 2.058225520766391 16.879176666866385
71.51000000125035 1.6149249611297067 1.9957004596611871 15.016452056343686
71.52000000125068 1.374611507925609 1.820466548265392 9.391965730279175
71.53000000125101 1.9217577632023755 1.977471769157015 12.101319943515762
71.54000000125134 1.6379008665556136 2.2046106251876516 20.195741981312636
71.55000000125168 1.5083533616766267 2.4123853441961427 22.35682572268025
71.560000001252 1.7202978668841915 2.332020222305788 21.365317792513075
71.57000000125234 1.7933427963231758 2.3081931329173515 20.86805238493301
71.58000000125267 1.6144812792902146 2.3252207559697413 21.84205136392591
71.590000001253 1.5107558797634018 2.2728777486321823 20.69986179571983
71.60000000125333 1.7119634719154928 2.106100793817026 17.71445709266999
71.61000000125367 1.7004558468513975 1.836546665095783 9.93096280279132
71.620000001254 1.8661243491050428 1.8699778315066142 9.826092147919294
71.63000000125433 1.7339462892970663 1.9389823669300272 12.461014908946579
71.64000000125466 1.7309432994359195 1.9250715883498857 12.083784099661097
71.650000001255 1.60997073881347 1.7272250961922164 7.9162322403318
71.66000000125533 1.4858560338637177 1.7321142896971233 7.8309541241664125
71.67000000125566 1.498609376234896 1.6414602256393622 6.802639141358653
71.68000000125599 1.3770871216315652 1.7515258362426969 7.816920989797229
71.69000000125632 1.4743134148233912 1.6692514483107792 6.940365718020411
71.70000000125665 1.4994440420722808 1.602610671176427 6.483533148599273
71.71000000125699 1.5177876617931692 1.680052338276667 7.235073785347174
71.72000000125732 1.5063556400147684 1.9094411849369037 12.33679796520838
71.73000000125765 1.4419323787594567 1.6514762364529787 6.727656671314165
71.74000000125798 1.4008524485746732 1.6042762373538069 6.482576912503034
71.75000000125831 1.5055893714160418 1.5167530941464042 5.947976401731837
71.76000000125865 1.5094378877474701 1.6181528874252593 6.63636792679422
71.77000000125898 1.6819897308342358 1.7653892125076598 8.436028705432724
71.78000000125931 1.8767759006585396 1.7696780715186269 7.718945957472547
71.79000000125964 1.659427922472651 1.7894106126503573 9.085474295502127
71.80000000125997 1.4483074627222796 1.7035600991355937 7.256747173091057
71.8100000012603 1.598518201943743 1.902708958185259 11.979561230060517
71.82000000126064 1.615010448457432 1.924328326794967 12.640333414684008
71.83000000126097 1.4044664410844996 1.9328181361573318 12.43197854495145
71.8400000012613 1.500884227425202 1.9791021994182352 14.46880172332961
71.85000000126163 1.551431427507507 1.6821219295544023 7.292154165108996
71.86000000126197 1.3768301413815665 1.7434665420820594 7.696132823220614
71.8700000012623 0.9554993738496733 1.8453130607873345 6.838091258593158
71.88000000126263 1.00897774672422 1.7968146718742646 6.741330624404701
71.89000000126296 0.908156653252363 1.7866756641862602 6.23828943993551
71.9000000012633 1.048905242525633 1.6624560438375937 6.237867980530847
71.91000000126363 1.0817482196934924 1.7895740593604539 7.186256965795853
71.92000000126396 1.1017331735918803 1.9005879276245623 9.005582169242288
71.93000000126429 1.2567316042294254 2.005334753930763 13.362808073112092
71.94000000126462 1.1505017448497274 2.0138488479610555 12.339918113236108
71.95000000126495 1.2370353629219608 2.327676221866378 19.175472336372685
71.96000000126529 0.8071968856891933 2.193691521757635 10.36138807065845
71.97000000126562 0.8654530658893818 2.1330296413564027 10.073098797742642
71.98000000126595 0.8245022970675377 2.093331490875081 8.892314460405371
71.99000000126628 0.9244509153168797 2.0652936436124967 9.522684194063586
72.00000000126661 0.5340008255388772 2.2556902699336043 7.717721248426397
72.01000000126695 0.4494272804731999 2.4716705860002333 7.292816964870395
72.02000000126728 0.3051913985502832 2.670250081100228 5.209908741377334
72.03000000126761 0.20223748466823532 2.5143889390563836 4.5107296312171545
72.04000000126794 0.17540725683627367 2.431498827235059 4.3749203442524935
72.05000000126827 0.3381195870136494 2.687989150288862 5.433977487274678
72.0600000012686 0.34100596640144964 2.6133496388063673 5.766189432540274
72.07000000126894 0.6513785982373852 2.61620705491323 9.344150665349265
72.08000000126927 0.5722288661877607 2.6654681086132244 7.993442179787028
72.0900000012696 0.6551208599862672 2.917382904243512 8.020365988211054
72.10000000126993 0.6061263653519415 2.7477348752575863 8.094030863120725
72.11000000127027 0.7938610888176375 2.845840724742778 11.170230823332542
72.1200000012706 0.7041049606621141 2.8038313347146273 9.79090859662119
72.13000000127093 0.7279012154758567 2.5971879155041666 10.841017961598308
72.14000000127126 0.6074906821097278 2.6612751430792394 8.486822563270094
72.1500000012716 0.5330188719556713 2.560977050304011 8.023410073233887
72.16000000127192 0.5043848087461402 2.5834079125546734 7.8955666264122675
72.17000000127226 0.5100758107185238 2.5019746589973244 7.887998070970752
72.18000000127259 0.4350562316928337 2.561046008608593 7.32913590388722
72.19000000127292 0.42093793712466077 2.247972983539297 6.79602570397116
72.20000000127325 0.586693555643905 2.354561607906303 8.203100395382087
72.21000000127358 0.7300758466481646 2.5351251530185492 10.971524821477153
72.22000000127392 0.6080014914858645 2.349317171490525 8.442070969226084
72.23000000127425 0.6231004020381161 2.1961218017405826 8.429593224323558
72.24000000127458 0.6343450063076197 2.2305658726972135 8.577808557342625
72.25000000127491 0.7982733606311607 2.3314372644442596 11.552228713545043
72.26000000127524 0.633414302200745 2.4679730326172087 8.776514852897023
72.27000000127558 0.5073854776587359 2.469939338444645 7.775758701616765
72.28000000127591 0.5048964754451687 2.478711788018174 7.787298284944856
72.29000000127624 0.47322878370219995 2.3936670771312354 7.614471995128584
72.30000000127657 0.5587856287930043 2.2913243373041654 7.809096665662622
72.3100000012769 0.8073141536068824 2.270328799100576 11.329041123471551
72.32000000127724 0.7292656738648398 2.2201486639473123 9.457209605378546
72.33000000127757 0.6542093604360455 2.29507830222473 8.815215951542653
72.3400000012779 0.6776093269911768 2.172505024362006 8.79794586154842
72.35000000127823 0.740277307646839 2.2718756795494675 10.180362687752863
72.36000000127856 0.7621735837087862 2.372068299985334 11.193472227920013
72.3700000012789 0.6436790906878181 2.416750133232751 8.957637682988913
72.38000000127923 0.6212210570007745 2.478242842369508 8.662470038075709
72.39000000127956 0.6315924469284042 2.6232497941460884 9.05085353006479
72.40000000127989 0.5522653122726887 2.5294720695716513 8.040241594263614
72.41000000128022 0.5367592821705358 2.506773837415958 8.010345440058185
72.42000000128056 0.47119760550295575 2.7621192412382727 6.389119537132872
72.43000000128089 0.7217460937273112 2.7695688103134635 10.218804614774717
72.44000000128122 0.7346395298524554 2.95285062112687 9.037439054790166
72.45000000128155 0.941034649732218 3.151528940342747 10.757860751935683
72.46000000128188 0.9402398650743367 3.2655245798590737 8.294606824146427
72.47000000128222 0.922939545894205 3.0127732239877147 11.816048036849905
72.48000000128255 1.1137447252790895 3.221219088319766 11.73193079412709
72.49000000128288 0.8719486232252147 3.2841527069108207 7.1777486004628335
72.50000000128321 1.1015798251632276 3.225661456140962 11.516607330292196
72.51000000128354 1.1173746069119397 3.3506126620108843 9.165750275086824
72.52000000128388 1.1541682436121141 3.230622498667491 11.762068238239452
72.53000000128421 1.229217469502467 3.1784043189455073 14.398852927832344
72.54000000128454 1.4096347939272258 3.404801664105134 11.283125390503994
72.55000000128487 1.4688306621584186 3.3870388921046857 12.208499304758773
72.5600000012852 1.4073367271551227 3.292911806768231 13.87450160722463
72.57000000128554 1.504377120139564 3.49182212913464 9.944568536167129
72.58000000128587 1.4593038390133355 3.6935993740672757 4.053824542182474
72.5900000012862 1.2303577909044296 3.713720126439604 3.2317867929415454
72.60000000128653 1.3316204163127991 3.439856695967787 9.799819429003218
72.61000000128686 1.2942928450941538 3.5737531444646278 6.484909415975297
72.6200000012872 1.2716344330569975 3.553199620694877 6.9097463495362375
72.63000000128753 1.3943772364966773 3.5786739097324487 6.83519548768146
72.64000000128786 1.4248106561963634 3.535875550378198 8.147552779125453
72.65000000128819 1.7209235112503 3.455799831526922 10.747171848860056
72.66000000128852 1.683812489698112 3.4029135521448515 12.48737138631438
72.67000000128886 1.4399561987453238 3.5136069489728143 8.717731650606083
72.68000000128919 1.2621357592193385 3.647481108044807 4.608819550478832
72.69000000128952 1.128676305130634 3.4793583395701364 6.732324346505849
72.70000000128985 1.1283154211846402 3.482728783370522 6.673668157734488
72.71000000129018 1.0316384738096445 3.4622678762643453 6.182620002722452
72.72000000129052 0.9425462152567073 3.3365944468699595 7.123422520151438
72.73000000129085 1.3385638705069705 3.411277039719896 10.64293485509959
72.74000000129118 1.5402842433062425 3.6071567345842563 6.896909917044676
72.75000000129151 1.6090295336398392 3.63715351727278 6.076670793489581
72.76000000129184 1.9469436674148177 3.958409077665996 1.5776989182259442
72.77000000129217 2.1405821749979417 3.870536283815203 1.6287217296930112
72.7800000012925 2.061097487780661 3.8459726981498177 1.88446993417149
72.79000000129284 1.9985166791706712 3.7588672680292383 3.290866132904511
72.80000000129317 1.940073494659239 3.556451263329185 7.373117780723957
72.8100000012935 1.8467724215644234 3.5697065716869343 7.606462146229007
72.82000000129383 2.013399083280308 3.5100360594833746 7.723251459739322
72.83000000129417 2.3069141852761783 3.6326942930347697 3.2221790391753427
72.8400000012945 2.370607313710359 3.476761089625402 4.211226449260719
72.85000000129483 2.430350320206901 3.405408206460239 5.091678082715485
72.86000000129516 2.4002871929841976 3.395118169782142 5.622977889842662
72.8700000012955 2.4286428294535805 3.4594212463893905 4.188315491653793
72.88000000129583 2.3134232497339156 3.3952596832617714 6.5769767987891266
72.89000000129616 2.2425545398035385 3.5401841551821924 4.776623149350315
72.90000000129649 2.154530800522122 3.5905272913705506 4.862824396635395
72.91000000129682 2.251357266925306 3.372543250396063 7.701493634407939
72.92000000129715 2.5132573584298097 3.3650250895956852 4.8069500831636915
72.93000000129749 2.3975143903500045 3.4445788445332743 4.515363519790872
72.94000000129782 2.4603403125056635 3.5192378085971465 3.4000397684442993
72.95000000129815 2.45810894649153 3.5715192150219046 3.0562604138923186
72.96000000129848 2.5013894955471483 3.6046020654432684 2.5927536332915704
72.97000000129881 2.4852545998726487 3.6415659459416254 2.5341001767638263
72.98000000129915 2.3131282764314776 3.4527155268359473 5.286514366474298
72.99000000129948 2.3218855279303616 3.4505836312680467 5.241639440856087
73.00000000129981 2.341090150482474 3.3534778128793707 7.080330937696435
73.01000000130014 2.351195453741745 3.372049934326386 6.633491808027266
73.02000000130047 2.3955456210087784 3.355922394929901 6.433046859858403
73.0300000013008 2.3416736080265608 3.308905227607386 7.733889142473478
73.04000000130114 2.4137588143452007 3.489998653994803 3.863048906753641
73.05000000130147 2.3404319613226217 3.508870454094225 4.077788376441621
73.0600000013018 2.3200101356996354 3.4300015756506146 5.736055173858498
73.07000000130213 2.381934425822747 3.3529605044408446 6.604366055031534
73.08000000130247 2.318608682150281 3.1815479291222815 10.219283533643466
73.0900000013028 2.184002955869537 3.099437702582901 13.601613226487903
73.10000000130313 2.141898283527526 2.932243373003568 16.996734011032807
73.11000000130346 2.1611443361770455 3.19359298198623 11.822757901275484
73.1200000013038 2.15145544737305 3.2335434836400787 11.251972899871337
73.13000000130413 2.19007147705649 2.892130186614945 16.72727673970824
73.14000000130446 2.2578604702961242 2.839088714507195 15.685418044244779
73.15000000130479 2.285386180609441 2.8883857212704873 14.772493416269866
73.16000000130512 2.3616715204925964 2.880495834663773 14.531910574503957
73.17000000130545 2.1795743921325794 3.0326089794614886 14.98536827141157
73.18000000130579 2.0119734026192635 3.2693875457163513 12.636449739678143
73.19000000130612 2.210660726695063 3.1178621430484688 12.85716358266423
73.20000000130645 2.1191543860787716 3.259597929301325 10.901481019859524
73.21000000130678 1.9730689007228344 3.412615267128809 10.185830720770927
73.22000000130711 1.8802149321974495 3.189739620386179 16.093276882725757
73.23000000130745 1.7945783889971196 2.870118360747017 21.780112029637145
73.24000000130778 1.611054932069362 2.790386172495414 24.011462755008683
73.25000000130811 1.7322632107101397 3.0346619231514644 19.98977355021848
73.26000000130844 1.644671454784873 2.9760910963900464 21.26263890796215
73.27000000130877 1.807660197315387 2.854514111680313 21.888538090347954
73.2800000013091 1.6441400328139417 2.841942886797498 23.316759536154073
73.29000000130944 1.6864948819771548 3.1822708746719144 17.887376003628958
73.30000000130977 1.6798280834280122 3.390081795382968 12.837697335628855
73.3100000013101 1.7456075637532489 3.5547011349113076 8.120531316915395
73.32000000131043 1.795436919588075 3.7136084124925755 3.9778305215209473
73.33000000131076 2.0070347086241114 3.768589329086569 3.085068926661584
73.3400000013111 1.9499847650739963 3.6745504553129713 4.794595984360023
73.35000000131143 1.9128432107264999 3.6408569446725654 5.549698331016932
73.36000000131176 1.7131079827191256 3.62217877776758 6.40164057483188
73.37000000131209 1.6532441399448135 3.5939694041347696 7.347348953354011
73.38000000131242 1.7758080875740916 3.703436559746989 4.1268932554516145
73.39000000131276 2.0256825945553896 3.821031506756345 2.2315034512988756
73.40000000131309 2.17141106655728 3.609800540258398 4.523172585065412
73.41000000131342 2.013611621534605 3.709543051943016 3.952762120341374
73.42000000131375 2.009967858158904 3.700492570851144 4.139509889994432
73.43000000131408 1.9124789121224148 3.681034342433957 4.738280852242607
73.44000000131442 1.7371760405538963 3.701783490823257 4.236223797034897
73.45000000131475 1.6505312485956076 3.5513558483405383 8.648102319154072
73.46000000131508 1.9142309196788285 3.4546350718432164 9.687029161124938
73.47000000131541 1.7515316588538559 3.5729968978270206 7.545271045573401
73.48000000131574 1.8198676534596483 3.7583876918126307 3.4176317030746026
73.49000000131608 1.825379171320877 3.8146717437820046 2.6136464170792175
73.50000000131641 1.7235615374040116 3.798501768050781 2.553284840127222
73.51000000131674 1.7876918737794745 3.695502232959192 4.349018576040596
73.52000000131707 1.8245645382971363 3.7395803156642877 3.723280213786891
73.5300000013174 1.7909463617398365 3.7162686100337963 3.897058296277385
73.54000000131774 1.7382018667594594 3.6326762021524157 5.932973925380525
73.55000000131807 1.5596300415727913 3.664919216740587 5.16814192492283
73.5600000013184 1.8231966133326538 3.834046755455022 2.4158428394684037
73.57000000131873 1.9132762514928094 3.6496979372665788 5.333995118452528
73.58000000131906 1.9790759075172568 3.306645034223492 12.28763914441335
73.5900000013194 1.868273515943414 3.3808976776722783 11.816945004962164
73.60000000131973 2.0591743661172166 3.2052507158667325 13.026884972040616
73.61000000132006 1.962436462218398 3.3467064937280404 11.71934116014316
73.62000000132039 1.8535345218322932 3.2849076084008497 14.256881142162316
73.63000000132072 1.8407636904529636 3.4751714180596744 9.88235852292654
73.64000000132106 1.452196502773035 3.601562864590869 6.408206973927649
73.65000000132139 1.6135702979326716 3.4801397212437846 10.543020953560111
73.66000000132172 1.970541529091491 3.425660149860314 9.89211777824013
73.67000000132205 1.8450340517299344 3.2882218971783423 14.22810547791932
73.68000000132238 1.7911974166940323 3.309880735501764 13.88338804932907
73.69000000132272 2.096688699005713 3.4256813688717243 8.393799114707253
73.70000000132305 2.30895491753172 3.33090655452971 7.726204395476632
73.71000000132338 2.2873494891702113 3.386950730654128 7.075723579259287
73.72000000132371 2.211592743360667 3.2461323072838866 10.691195746492724
73.73000000132404 2.181198170671895 3.1746752237483324 12.037877485977047
73.74000000132438 2.110923198658607 3.085788014444375 14.564423285219036
73.75000000132471 2.285144047994036 3.241691569872143 9.74752672023871
73.76000000132504 2.1996666398015488 3.3229329981839 9.339377726783047
73.77000000132537 2.371998469109253 3.356797306826774 6.648975321582964
73.7800000013257 2.358089202633156 3.515577359054638 3.7891552106384983
73.79000000132604 2.297930685604065 3.5529427533455102 4.032835811153376
73.80000000132637 2.3088150675528487 3.4749288355543535 4.936783659555533
73.8100000013267 2.267547500545226 3.4193545928291718 6.61564887346501
73.82000000132703 2.175589432745556 3.4543776072051386 6.864369505865188
73.83000000132736 2.231710748828067 3.6754187061247983 3.2652140667169207
73.8400000013277 2.3525335713055826 3.623785863678513 3.172638887391918
73.85000000132803 2.33958589049518 3.5578772420718865 3.58067257880779
73.86000000132836 2.341531914072729 3.55864840318206 3.5713274230988823
73.87000000132869 2.4757270372862514 3.490121895202302 3.680873411660238
73.88000000132902 2.2895245440545517 3.5712215767898376 3.9156583609455975
73.89000000132935 2.2253303335823524 3.4796261546956546 5.99210716662299
73.90000000132969 2.299771765799499 3.372006106253246 7.2018846182794105
73.91000000133002 1.997088614652459 3.4795016380547787 8.5393203061379
73.92000000133035 1.9507211495743344 3.388118321768686 10.894310528219384
73.93000000133068 1.9052039286460296 3.4334709799497087 10.242256032871385
73.94000000133101 1.9900310152952945 3.413858200322926 9.973919739886307
73.95000000133135 1.9008149282129412 3.427270091235372 10.452748266593048
73.96000000133168 2.1467077413892834 3.632836405907974 4.333076309934359
73.97000000133201 2.1609246644490483 3.5021692779494744 6.25109815374981
73.98000000133234 2.0480739105193386 3.501505689432213 7.483132996088592
73.99000000133267 2.2614695663340996 3.5390061511712334 4.607636449260481
74.000000001333 2.1293434393858677 3.462301559107839 7.3023136811058755
74.01000000133334 2.228146758613876 3.4942238883225505 5.701843603741805
74.02000000133367 2.2693392451901238 3.351521410019221 7.875141719117542
74.030000001334 2.037897753395557 3.4141369807230912 9.312899250052828
74.04000000133433 1.7623855121569023 3.520820753165414 8.79690080794806
74.05000000133467 1.9377967771688773 3.419094237356879 10.348325130272869
74.060000001335 1.6205174261201305 3.4744321136286365 10.685525726850882
74.07000000133533 1.690127836595818 3.6704194965804158 5.026702491673342
74.08000000133566 1.6036981075190921 3.5580166940442104 8.467210232546936
74.090000001336 1.4931723883693961 3.4900554852433983 9.889852030038703
74.10000000133633 1.4961452601121092 3.6078851974762167 6.642615063047947
74.11000000133666 1.735352093118658 3.7233674815443782 3.7177209620812395
74.12000000133699 1.8385702353676803 3.81446796920334 2.6622673747314005
74.13000000133732 1.7973699189628785 3.7055166602726297 4.15263049311937
74.14000000133765 1.7553240801464 3.636011027805633 5.7616839210371005
74.15000000133799 1.7700042991807503 3.668655352101503 4.93019060593771
74.16000000133832 2.043083776989291 3.667689577071564 4.3776401941694605
74.17000000133865 2.1528217304873247 3.663806522992531 3.853898765980736
74.18000000133898 2.1724930601758787 3.4964142850635147 6.2511931126789975
74.19000000133931 2.1085265958239936 3.568671625483231 5.474770253498526
74.20000000133965 2.32855915138413 3.291858529453428 8.097685373421088
74.21000000133998 2.2905279545512305 3.3473825385237426 7.716646321616871
74.22000000134031 2.3774824975108144 3.511542514156407 3.766450622888332
74.23000000134064 2.228128825210835 3.4205570314422804 6.978725177885095
74.24000000134097 2.1367324993467713 3.4734184132447226 7.0209584709041515
74.2500000013413 2.0797858448749382 3.413709586095311 8.852735524412136
74.26000000134164 2.013629781860329 3.4251728767532303 9.404395678715339
74.27000000134197 2.2621174133997095 3.4222561703242778 6.603766695260825
74.2800000013423 2.2425620687482186 3.381155527743096 7.622214167174298
74.29000000134263 2.2715530300306073 3.47423645225217 5.509420592555214
74.30000000134297 2.4371280847385934 3.421086238040875 4.663989026030076
74.3100000013433 2.5180448597892666 3.359584790907898 4.856259510601779
74.32000000134363 2.483620203300264 3.297083405094546 6.335477062410437
74.33000000134396 2.514493890672018 3.3176094659476667 5.558884290613205
74.3400000013443 2.333804505296501 3.127905726352676 11.32778364790215
74.35000000134463 2.2352916105399308 3.0459253818169323 13.886625079966484
74.36000000134496 2.419078609298753 3.0709220493850244 11.468240982733596
74.37000000134529 2.5009019229582163 3.280761830762162 6.381589454151891
74.38000000134562 2.7308472413344345 3.2220601248297767 4.261610411323391
74.39000000134595 2.659867492787984 3.1163591831601702 6.4987193770666085
74.40000000134629 2.6790438529733587 3.1451291123322314 5.47441608186902
74.41000000134662 2.542845935471569 3.397402723475812 4.407291145902629
74.42000000134695 2.6360265548118846 3.4603565947087263 3.203908605109466
74.43000000134728 2.490861328482124 3.3340629458444697 5.668449191893095
74.44000000134761 2.3851065236049065 3.4536203061852935 4.45848636378931
74.45000000134795 2.259546970875736 3.479599508012386 5.56936905425863
74.46000000134828 2.2973972598698635 3.472510898640585 5.168077946166539
74.47000000134861 2.2960233097077003 3.4775872440652646 5.099362962705844
74.48000000134894 2.431702186385351 3.478736150504507 3.9696977483223224
74.49000000134927 2.5390586446938785 3.551437553175034 2.7154522015758507
74.5000000013496 2.646990528820278 3.612376051381421 1.54247988685209
74.51000000134994 2.614085254780379 3.535348212109768 2.4285883097929184
74.52000000135027 2.332440726266818 3.521898396998427 3.999147497984464
74.5300000013506 2.1487594759732906 3.5479177885636775 5.605586995675067
74.54000000135093 2.173029121209176 3.6847074807403777 3.4869979623420786
74.55000000135126 2.266006439576428 3.7484264959640448 2.6480862056907855
74.5600000013516 2.1257137682051734 3.677898279147337 3.742157200308161
74.57000000135193 2.2455415522423743 3.5077671884430526 5.208290329936329
74.58000000135226 2.3456657245106647 3.4542327386870157 4.907769140654709
74.59000000135259 2.3311523191201307 3.1927736157390134 10.010616038909987
74.60000000135292 2.3923271221216345 3.1021670405354422 11.441515730617972
74.61000000135326 2.5252444001076553 3.2261464668745163 6.949579956687236
74.62000000135359 2.5225444122894625 3.206928609271733 7.264765362046169
74.63000000135392 2.3654027608259383 3.3471234497754665 6.905557470716443
74.64000000135425 2.2003123238566156 3.4059414691240666 7.578865987641885
74.65000000135458 2.3197481728903155 3.304686909868517 7.977602551678357
74.66000000135492 2.0734905502182692 3.379545065762128 9.540024680011797
74.67000000135525 2.0835745627691438 3.288459818243153 10.83187175023857
74.68000000135558 2.1462251315880025 3.2934890150622094 10.2316212529779
74.69000000135591 2.055913937537652 3.2950507671854967 11.16032479974516
74.70000000135624 1.9956691984163961 3.2929641921785278 12.351885521619971
74.71000000135658 2.1000583971916673 3.347754249410806 9.719718503705055
74.72000000135691 2.1211601556874817 3.2776828942835414 10.601671975581347
74.73000000135724 2.1665434100606955 3.342635159497699 9.290008666604095
74.74000000135757 2.144385310284856 3.320084270353324 9.807981483205944
74.7500000013579 2.0470195453379443 3.238640720460819 12.53210322661829
74.76000000135824 2.1550600883179505 3.2602349430256026 10.815130162760564
74.77000000135857 2.088750552955857 3.502135025148501 7.0241469274265205
74.7800000013589 2.136336303510137 3.4659663961572393 7.1605920949923085
74.79000000135923 2.2676414513069316 3.497761179469186 5.129969698224279
74.80000000135956 2.3547729118630616 3.5519417595804788 3.581506864153726
74.8100000013599 2.2989841754827647 3.3697456106391908 7.251887697532197
74.82000000136023 2.3474567440609415 3.2605638444362954 8.456583572727515
74.83000000136056 2.172706013774098 3.343719685358156 9.219422416213156
74.84000000136089 2.272711844544655 3.2473001999690694 9.86239899344238
74.85000000136122 2.1258925939327606 3.028582535563875 15.633778024214196
74.86000000136156 2.1993866971410916 3.0630151920498117 14.180039092036811
74.87000000136189 2.2145596797564275 3.2280070068998317 10.976004829930252
74.88000000136222 2.254846784750695 3.1547010721090407 11.705575771200794
74.89000000136255 2.0725120055637376 3.120979873775881 14.519885395053832
74.90000000136288 2.1813268123722174 3.0732250004266515 14.196171670802258
74.91000000136322 2.011611067176305 2.8495400142925544 20.040437680061327
74.92000000136355 1.8145915392741379 2.9507433640010508 20.646263519452013
74.93000000136388 1.8535622292603535 2.8670284968412187 21.36786393390242
74.94000000136421 1.9028567561959202 2.8397283279401684 21.254523733372245
74.95000000136454 1.8946888243510536 2.9415536086196807 20.100394132874648
74.96000000136488 1.9262070821779913 2.8901490067492803 20.437577755105327
74.97000000136521 2.052804220505074 3.05427865921948 16.138240982111732
74.98000000136554 2.0542157956925227 3.302590468080895 11.00281129722768
74.99000000136587 2.312056387087651 3.039368354993502 12.625163686252243
75.0000000013662 2.457301665837543 2.9584050819149788 11.340524981614053
75.01000000136654 2.4811019442927797 2.7351732443351846 12.438319475752083
75.02000000136687 2.3522146663394796 2.7905976163544937 15.338335521263238
75.0300000013672 1.9203985156522134 2.710403186948466 22.45720291709305
75.04000000136753 1.895100215015058 2.7821285792959674 22.016672929838055
75.05000000136786 1.7698514814959623 2.7629726027367068 23.28798474239802
75.0600000013682 1.6194128898807583 2.5953057250486395 24.629797694075688
75.07000000136853 1.7704092655757928 2.377896332478292 21.73901274284432
75.08000000136886 1.841352870993887 2.3976438031448084 21.583815416244548
75.09000000136919 1.7755350507773389 2.452884423902389 22.873045736988765
75.10000000136952 1.6607410284003206 2.6576613407510266 24.674637251526427
75.11000000136985 1.6296642247938637 2.772657487389899 24.108262812378445
75.12000000137019 1.6096438845849215 2.7843061203209745 24.087698134414197
75.13000000137052 1.7042039958002044 2.8045090425094785 23.332710937227517
75.14000000137085 1.6629699224927506 2.720856198013452 24.437314197083378
75.15000000137118 1.3434130583058763 2.728034905956819 22.987273236305384
75.16000000137151 1.274042336119342 2.8681632227531484 21.061308362271483
75.17000000137185 1.2514540395011349 3.107109108886895 16.449499622411103
75.18000000137218 0.9900829380472016 3.0789430133153255 12.271571493749688
75.19000000137251 1.160906161616126 3.2350340662137302 11.725588326730067
75.20000000137284 1.2651422654180147 3.354720605933507 11.145102630396442
75.21000000137317 1.3673549168873143 3.3868012231859215 11.369441752262063
75.2200000013735 1.414456448508496 3.475795252521964 9.610799200939027
75.23000000137384 1.539103002460775 3.548568794803179 8.610406837178802
75.24000000137417 1.6070184364123723 3.7730656049498776 2.9022035779425233
75.2500000013745 1.632696051027316 3.7560419538000005 3.1958814291598694
75.26000000137483 1.7313515726441735 3.753466579678872 3.281868185062023
75.27000000137517 1.7586327651364786 3.728009803242419 3.6363715652074693
75.2800000013755 1.7585179856873367 3.8131329254048256 2.4436522925485598
75.29000000137583 1.7085552302965317 3.615828673589716 6.605485221753107
75.30000000137616 1.8348665901685135 3.508217206980709 9.051315801225709
75.3100000013765 1.9802047800737579 3.4037997098446637 10.309291006650305
75.32000000137683 1.9271756392260182 3.7082583509211045 4.263294995661886
75.33000000137716 2.017986839203604 3.650999191380818 4.835491236215432
75.34000000137749 2.3150031808302196 3.409792798820276 6.255206168371047
75.35000000137782 2.4135552360697474 3.29490274711715 7.2351518110525905
75.36000000137815 2.3340259164376187 3.5334749943367205 3.8572564467324524
75.37000000137849 2.5236553292679904 3.515426836704785 3.1363407424052685
75.38000000137882 2.5969694591661177 3.529576845038818 2.5945457246268337
75.39000000137915 2.49360139847073 3.7017949377689625 2.269129197345736
75.40000000137948 2.4251988969415934 3.475288619510119 4.017966100001743
75.41000000137981 2.4378229630535477 3.361946867436762 5.882553808559434
75.42000000138015 2.397428915737097 3.2497772815538495 8.403409996508437
75.43000000138048 2.5261048397214685 2.972414082785177 10.156185255040258
75.44000000138081 2.5025333811734525 3.135450504591453 8.510464338150282
75.45000000138114 2.301802144393704 3.350906503059859 7.525709015315473
75.46000000138147 2.1845434470841534 3.437851477039417 7.0429822206017665
75.4700000013818 2.1108977252731767 3.3240672205540864 9.905745261716728
75.48000000138214 2.110416577714254 3.198364704403492 11.999010561497807
75.49000000138247 2.052853233264221 3.2087426736936195 13.064654563705021
75.5000000013828 1.8222625325681392 3.3504149283250024 12.899102305449464
75.51000000138313 1.9579255841980894 3.467436902898279 9.087754826879815
75.52000000138347 1.9440516250132616 3.362598244513372 11.535532313118217
75.5300000013838 2.0690631082599125 3.3873843691307295 9.454675062112363
75.54000000138413 1.9815249494668932 3.318086252473776 12.047406472198467
75.55000000138446 1.7573488410564961 3.426202017628325 11.265280454271316
75.5600000013848 1.8895038611768191 3.373725736501072 11.771652760442251
75.57000000138513 1.800287852696823 3.6404070116974285 5.639483423211355
75.58000000138546 1.8346309219124732 3.722295683489577 4.028351670312228
75.59000000138579 1.629386494188457 3.7072903838645983 4.210651586317821
75.60000000138612 1.470304277982643 3.6817857807151775 4.401571798125133
75.61000000138645 1.6338622917863557 3.612828728449773 6.8383344488406195
75.62000000138679 1.7122845582227617 3.6534716916483165 5.374459072033826
75.63000000138712 1.6405598527697485 3.6629831235757715 5.242759740641095
75.64000000138745 1.5976904399201 3.6499291182095495 5.62105393949301
75.65000000138778 1.6296361238798132 3.7108968466709813 4.111180070664766
75.66000000138811 1.4143042064823006 3.6293213068399637 5.543626954205596
75.67000000138844 1.4341410817878888 3.6912211910750363 4.052343079004778
75.68000000138878 1.3306353521286285 3.623347025440495 5.369044700341395
75.69000000138911 1.3104012898987292 3.7824475402315705 2.381101516196078
75.70000000138944 1.2735296475723423 3.695828031005459 3.7528263522609
75.71000000138977 1.2602985844911405 3.7089478484289202 3.477994264575411
75.7200000013901 1.4853625840895126 3.615168855915494 6.3376548716714085
75.73000000139044 1.5076091180742852 3.8590998369998513 1.523215356403676
75.74000000139077 1.4382914841616672 3.9510540852049876 0.7430911258034768
75.7500000013911 1.5897746130026875 3.748525803820902 3.2924735063306967
75.76000000139143 1.392837219122746 3.691786663104177 4.022362032152677
75.77000000139176 1.4025879592557806 3.6574030544687193 4.773449548634448
75.7800000013921 1.3406932252488089 3.641445885027267 4.959023452710081
75.79000000139243 1.1201729575280908 3.6433401291778327 3.8103594728612835
75.80000000139276 1.2320237412209378 3.5349985824123022 6.949771553855373
75.81000000139309 1.3683355825552717 3.684827912235475 4.081063129872791
75.82000000139342 1.5063107037792616 3.5617361628218336 8.089273776301509
75.83000000139376 1.6551019359545436 3.6852263847981295 4.734857237035776
75.84000000139409 1.434667181511133 3.6375489308911333 5.3228641438372355
75.85000000139442 1.555032425859216 3.654330192894613 5.409902868442194
75.86000000139475 1.643236141705473 3.9287283614356694 1.2011201401923088
75.87000000139508 1.6912024710512237 3.822242271926738 2.305525206639405
75.88000000139542 1.7225981120180995 3.628159494276379 6.163754892354686
75.89000000139575 1.47767092082935 3.630152285360877 5.806250408757341
75.90000000139608 1.4657461977136612 3.6416161467775123 5.3156818707535605
75.91000000139641 1.5264181392633365 3.4839500910478742 10.27868929929642
75.92000000139674 1.750616529019429 3.319291574563822 14.137624793430357
75.93000000139708 1.6941212533558685 3.0878275689852046 19.43290808580942
75.94000000139741 1.5740728254821943 3.059045931553446 20.112721025489655
75.95000000139774 1.673890966176451 3.180576703262606 17.926247283569445
75.96000000139807 1.7833752006059305 2.827558598622306 22.255314273297024
75.9700000013984 1.6564646551654048 2.9562618064878468 21.35434192660889
75.98000000139874 1.6890675067701333 2.9843359890294723 21.18551154716963
75.99000000139907 1.4572366883882018 2.867851684564564 22.886536928706494
76.0000000013994 1.3466656772185952 2.90442242141002 20.931916981273165
76.01000000139973 1.3506253907719383 3.0065884963300777 19.41311242567261
76.02000000140006 1.092604632229179 3.1707049787662123 12.440415256247254
76.0300000014004 1.1940578023555868 3.3133518220060525 10.717324692524095
76.04000000140073 1.3766532094354913 3.2634932091318296 14.380753031502774
76.05000000140106 1.2912892327088596 3.117638574213664 16.918790149483655
76.06000000140139 1.401026791580522 3.0812694131506446 18.585789416399226
76.07000000140172 1.226798766036142 3.315019143874286 11.222660379834382
76.08000000140206 1.355952990221908 3.4113845255718678 10.763227712812489
76.09000000140239 1.233945009899072 3.4483522912310205 8.793086597755007
76.10000000140272 1.0777486445588667 3.4643901893699245 6.574232200448255
76.11000000140305 1.0967112052835697 3.480045936067021 6.47945470597155
76.12000000140338 1.0011584939056573 3.531469871224814 4.952411621226617
76.13000000140372 0.8021783104322311 3.5784084964652862 3.4777990393001454
76.14000000140405 1.0154294405557596 3.476477969235757 5.806739487553447
76.15000000140438 1.2417634471747037 3.435221258894428 9.198659290019165
76.16000000140471 1.1869407107653993 3.42161534433409 8.684919982112898
76.17000000140504 1.1338374750093774 3.4489201134043386 7.26131577628439
76.18000000140538 1.2290035493379956 3.354220726091972 10.672517763307908
76.1900000014057 1.2251914998788715 3.5732428937078353 5.941951625571609
76.20000000140604 1.3644418252434523 3.5703888481250203 6.951773125223856
76.21000000140637 1.110966579444767 3.595909519449033 4.577934372887874
76.2200000014067 1.319897330265671 3.575706442362363 6.541375268989438
76.23000000140703 1.1639632888121625 3.453813079677418 7.640341731988933
76.24000000140737 1.4897362180713856 3.3956002165660384 12.188896099572068
76.2500000014077 1.7790233163220945 3.2055383168435654 16.450328041856572
76.26000000140803 1.6946760045571645 3.277400017612724 15.671814428578195
76.27000000140836 2.059625249701207 3.3080946188336293 10.807429703257416
76.2800000014087 1.964148511837974 3.02142592972867 18.255434562574116
76.29000000140903 1.9789798523818418 2.777533759380356 21.00540605835853
76.30000000140936 1.8688014574075398 2.8603299412939287 21.34122691712599
76.31000000140969 2.0511194238465253 2.869239291866136 19.24568300242592
76.32000000141002 2.292144782733837 2.9712591370243153 13.862750530434784
76.33000000141035 2.3997099652637277 2.8411413862260027 14.301829307763947
76.34000000141069 2.461046204466912 2.6832954457753493 13.247703849880885
76.35000000141102 2.603029558955431 2.5530791574202145 11.037235313288187
76.36000000141135 2.7039893496752447 2.7701409042275538 7.4663347587814775
76.37000000141168 2.9532081033978494 2.628055964753234 4.2820473025354815
76.38000000141201 3.0419651528685354 2.5296106831635363 3.122113463808235
76.39000000141235 3.0956678941265614 2.7387799129349144 1.7006647293144619
76.40000000141268 2.9519013872255018 2.9620332619108174 3.2297605357524324
76.41000000141301 2.819044441950607 2.7090468654655977 6.07994697639171
76.42000000141334 2.8845318259513033 2.718824464487634 5.008321867509354
76.43000000141367 2.831129928844981 2.5943660357177514 6.061055433011626
76.440000001414 3.00028195462143 2.643575055877903 3.5755246772204776
76.45000000141434 2.967772737007938 2.586678901249778 4.039244786059779
76.46000000141467 3.0736472525164005 2.473599838026156 2.9501864526155392
76.470000001415 3.1214949561735597 2.226544873373361 3.180740507016897
76.48000000141533 3.0727909212858875 2.254664330486497 3.4930130757182973
76.49000000141567 2.994469355641799 2.4074946954371033 3.9562461616054376
76.500000001416 2.901588357703744 2.72155186423397 4.714303500772022
76.51000000141633 2.780315355923971 2.5217561532999015 7.081095355895966
76.52000000141666 2.729322565275032 2.6354049209959127 7.542939887775852
76.530000001417 2.6455367031766523 2.698749210845536 10.25195836349113
76.54000000141733 2.6713017785540165 2.4801834879654354 9.26170993124316
76.55000000141766 2.754391891618061 2.320226452794535 6.881299100117005
76.56000000141799 2.65627973947946 2.2196017855787713 8.673716565383053
76.57000000141832 2.67316605015597 2.1972933876808947 8.037801355217052
76.58000000141865 2.7635834932422783 2.286832760560527 6.819370209061773
76.59000000141899 3.0690561416049724 2.2380280407306157 3.57440716745681
76.60000000141932 2.8599714236173184 2.6416799275363054 5.7096243052697915
76.61000000141965 2.9845109920138237 2.6858526632530166 3.7064975396106505
76.62000000141998 2.9269608427031457 2.6547919211237736 4.680930536816776
76.63000000142031 2.9513125772892095 2.6570478103317816 4.333204281613114
76.64000000142065 2.84693969974787 2.7956676058989864 4.990098794750573
76.65000000142098 2.8439414733564607 2.62591810718103 5.926288846722116
76.66000000142131 2.8284991192980216 2.3773074145325714 6.138819568671695
76.67000000142164 2.8834982819245014 2.40080159594934 5.464456575924979
76.68000000142197 2.9012958309247914 2.2955513405268766 5.201414030948541
76.6900000014223 3.0711577951707962 2.2267950062658324 3.5640603449977526
76.70000000142264 3.0893214583375697 2.2047724331703344 3.434327771773841
76.71000000142297 2.892912340785097 2.1808079409836214 5.373306987676866
76.7200000014233 2.792962127721858 2.075790185139801 6.26492230180526
76.73000000142363 2.916963122165229 1.9032720459677384 4.643990033160495
76.74000000142397 2.8466347174781594 1.7792157448797044 4.8921547425292555
76.7500000014243 2.908778780314835 1.587206618930944 4.403830797871671
76.76000000142463 2.806579130590081 1.4831907606598236 4.88907020903062
76.77000000142496 2.6636957606182565 1.4325713027223261 5.129921223401447
76.7800000014253 2.6942431449445934 1.47499499089389 5.048779500000471
76.79000000142562 2.572341923782558 1.672040583299407 5.78454659383417
76.80000000142596 2.754624898028729 1.6983878382765079 5.369422606874146
76.81000000142629 2.78121889351793 1.6877984763803602 5.263027614822841
76.82000000142662 2.662216263919838 1.9620142021288265 7.00523545488908
76.83000000142695 2.81893940939952 2.0559322894902 5.931244668624178
76.84000000142728 2.483479340015787 2.114642697367314 10.032144836098125
76.85000000142762 2.4415840600277945 1.897537094584454 7.559617489590009
76.86000000142795 2.3908110410563292 2.043714793496928 10.304607589102844
76.87000000142828 2.6646774747454858 2.0676290523094196 7.529627866269124
76.88000000142861 2.611718372035704 1.9900157369848452 7.490496257692489
76.89000000142894 2.6922538924910855 2.1308836995876423 7.442628413201518
76.90000000142928 2.9060993339919996 2.0042959673513456 5.017999253122529
76.91000000142961 2.8174783855764094 2.069941150060697 5.984554707442625
76.92000000142994 2.943930994600935 1.9746680909752414 4.616607906503194
76.93000000143027 3.096619857510469 1.7345786467692055 3.502685106476134
76.9400000014306 3.1049320352379106 1.5967978377241363 3.638886383391545
76.95000000143094 3.0548125781674464 1.3764915385181822 4.381046281857027
76.96000000143127 3.0894139367517277 1.18232098065467 5.299096505346025
76.9700000014316 3.0046295186343044 1.1511862167897753 5.689406459707909
76.98000000143193 2.964322091837916 1.2010967130565802 5.648550847768344
76.99000000143226 2.9263283561976667 1.277061345996043 5.395612815136692
77.0000000014326 2.8964373444927403 1.457271275236336 4.718632928216549
77.01000000143293 2.920962560725918 1.4750126929078038 4.562506484031919
77.02000000143326 2.9525084378093065 1.535415755705166 4.163216752919109
77.03000000143359 2.984167544677527 1.4303283858375175 4.418305256743655
77.04000000143392 2.93025142587161 1.4195406560316794 4.7301633549736595
77.05000000143426 2.956046945178195 1.4269833762501745 4.567685489371188
77.06000000143459 3.1165437808702396 1.264240658074754 4.712601487310592
77.07000000143492 3.053932122367989 1.4885324512843106 3.944662823176408
77.08000000143525 3.1562515050403026 1.5210509933044296 3.5892140470892464
77.09000000143558 3.0371713370395383 1.5558423298203539 3.769616701468145
77.10000000143592 3.0469026294920125 1.492819425730764 3.937472302053898
77.11000000143625 2.965452627436912 1.597569471176687 4.062483227879807
77.12000000143658 2.871319271321965 1.7141919939876578 4.621883232915473
77.13000000143691 2.687182776667804 1.5217185823658301 4.970147440588515
77.14000000143724 2.6869728880806902 1.8263769773655447 6.122813466719785
77.15000000143758 2.832319842541452 1.8505426731598131 5.214831406706448
77.16000000143791 2.9094426392302877 1.8833447956901912 4.656148511337472
77.17000000143824 2.7418528662770187 1.707221506582226 5.406527434306938
77.18000000143857 2.7921627091793715 1.537727065561526 4.807860537356108
77.1900000014389 2.5718442220781768 1.6469187502824156 5.691442827718708
77.20000000143924 2.64152237172264 1.6509844327837309 5.417942430350814
77.21000000143957 2.614788185263962 1.606744310823862 5.362593740989102
77.2200000014399 2.6231984422520345 1.7036979295863182 5.674691289178222
77.23000000144023 2.681964469473552 1.8511292785025952 6.244158376847169
77.24000000144056 2.7818476574283415 1.8132493904170994 5.638180874065323
77.2500000014409 3.0116518413943836 1.7053992384118293 3.7778117895118513
77.26000000144123 3.0591917043670662 1.7257294010566664 3.585595148373832
77.27000000144156 3.0419192575489937 1.9019476171806202 3.5060906089118515
77.28000000144189 3.0621440007824865 1.9476750501161826 3.407345768915306
77.29000000144222 2.8743954729566683 2.2020298289117353 5.570303856023129
77.30000000144256 2.8876982734761167 2.046488169843759 5.261628294545469
77.31000000144289 2.910946724638307 1.8427481607823333 4.613756653455356
77.32000000144322 3.2189899146337106 1.770456573554286 3.1057992792671665
77.33000000144355 3.022097142702287 1.7515437191419978 3.6968130495717046
77.34000000144388 2.8683788703097353 1.5400469320590717 4.467918572826923
77.35000000144422 2.8761269452496734 1.5992490942721012 4.517609665082754
77.36000000144455 3.1094770043488147 1.5027285295548147 3.8092812141429695
77.37000000144488 3.019614603513868 1.6253818185665254 3.8009845663022457
77.38000000144521 3.011806607609976 1.6292372535866644 3.8324847593927602
77.39000000144554 2.9954450989712607 1.5303094279852134 3.9819726578935697
77.40000000144587 3.0805480032972485 1.3193148688067802 4.579758755112591
77.4100000014462 3.0916676039240403 1.5308201161689836 3.736065376981633
77.42000000144654 3.0690132793315064 1.6864819906995276 3.6079116153347233
77.43000000144687 2.9956560930114846 1.9813275203140908 4.099628130567279
77.4400000014472 3.124508174813556 1.827650735557002 3.2117136742444607
77.45000000144753 3.140988018201643 1.515548163122337 3.6614526603551076
77.46000000144787 3.032919273230554 1.2897764507911063 4.817884352320392
77.4700000014482 3.245885313932501 1.4246000589257766 3.430222459301347
77.48000000144853 3.271511121630265 1.3790031762339043 3.3274794428077215
77.49000000144886 3.4845107562685285 1.3069692729788802 1.4427897655601147
77.5000000014492 3.3614078748211402 1.2756450219046769 2.4952087410646104
77.51000000144953 3.451259321476359 1.259471915488523 1.5924303062062204
77.52000000144986 3.516200423684444 1.0408826326737297 1.8293290247721519
77.53000000145019 3.4190082754094555 0.8208921251440102 4.3464028019667085
77.54000000145052 3.4116628215642457 0.9265333852297588 3.96105299758315
77.55000000145085 3.1987658091945357 1.0242334755647984 5.709873704381023
77.56000000145119 3.1020204609669175 1.0387870281739406 6.080603226025762
77.57000000145152 3.101713750148234 1.196430179425913 5.1946065502992225
77.58000000145185 3.1576447793547597 1.222811556676998 4.7728641212830265
77.59000000145218 3.236445417306665 1.2902415084349586 3.9026659839448947
77.60000000145251 3.517188839044137 1.2255407172403543 1.2913246033035706
77.61000000145285 3.573493052834516 1.4222204891004155 1.4348460634981217
77.62000000145318 3.4589033632030817 1.3770674551698967 1.6833714965577296
77.63000000145351 3.5037350840153874 1.4538751169003667 1.76280894586711
77.64000000145384 3.580120548493544 1.420562323104578 1.4059084806309996
77.65000000145417 3.3935565642036467 1.4194186327719693 2.303968164095574
77.6600000014545 3.4585443744883495 1.294994049217912 1.5573493477882177
77.67000000145484 3.454119963454314 1.3025836508247641 1.5955936878662815
77.68000000145517 3.5739538933147164 1.0363461801865732 1.222973420919201
77.6900000014555 3.7421599692045198 1.3939041479443905 0.7196869223179895
77.70000000145583 3.6793145888590435 1.6577754243174365 1.32928498473583
77.71000000145617 3.676057896116226 1.7513678848129595 1.3133640842812728
77.7200000014565 3.709026805636137 1.7219995766801848 1.2093958617042482
77.73000000145683 3.7620224986374993 1.4974393837499123 0.8117031297966377
77.74000000145716 3.831208541301442 1.4380994588241045 0.49496877804038963
77.7500000014575 3.7727125195227025 1.430147980657459 0.6834672504911552
77.76000000145783 3.820366885620314 1.3182151324099451 0.3178140226187591
77.77000000145816 3.927368635031233 1.1612124199433511 0.0
77.78000000145849 3.8100877378433347 1.087980611455768 0.23155110316850822
77.79000000145882 3.856867933067294 0.8063322139435809 0.002469202842987474
77.80000000145915 3.988191944184301 0.8542728137216418 0.0
77.81000000145949 3.7645198841021035 0.7982105108780987 0.42860972581810697
77.82000000145982 3.772124748596979 0.7338809695521914 0.26556651367110234
77.83000000146015 3.641975406184583 0.7886030005004331 1.6261580113968659
77.84000000146048 3.4485424278682824 0.9402324548634964 3.3690631163445977
77.85000000146081 3.4833168322526653 0.9508059719578792 2.8901000546887197
77.86000000146115 3.4012655980688393 0.8214008688674047 4.575548585330687
77.87000000146148 3.4757017416958957 0.74631020825761 3.794016945631773
77.88000000146181 3.685153067900658 0.6854318093014629 1.335814833317499
77.89000000146214 3.6623621394737627 0.742082022106902 1.4558613203342103
77.90000000146247 3.5664859260629402 0.7214878967600687 2.7196774147092713
77.9100000014628 3.6768389597394115 0.7922644129642806 1.2436464061069723
77.92000000146314 3.5683038846150255 0.8046329472136347 2.5488095702568074
77.93000000146347 3.435302196907322 0.9045941804167259 3.7998040284082775
77.9400000014638 3.451016143074868 1.105357636650653 2.2258809079440125
77.95000000146413 3.7705978246566803 1.078796396994814 0.3575285504263803
77.96000000146446 3.7783332569443573 0.9346587098015603 0.2754220250023382
77.9700000014648 3.7390251044898335 0.7512855949158124 0.5445678295672922
77.98000000146513 3.7764907496745748 0.8511785660101081 0.4861172569315646
77.99000000146546 3.8597845518296143 0.8433448224220473 0.07162664716221119
78.00000000146579 3.8170045592279602 1.0114403008422137 0.15440495402768664
78.01000000146612 3.8450447212285943 1.1657892241363532 0.18802818405424912
78.02000000146646 3.7707831517833856 1.3575101750289917 0.5423003986867294
78.03000000146679 3.6943111951248273 1.3893403486435534 0.8837003091941913
78.04000000146712 3.6604647054683763 1.314067063291187 0.8456006241805321
78.05000000146745 3.701194789705448 1.341279383515095 0.7579789438267749
78.06000000146778 3.726665875169657 1.1182365454353362 0.5387704751610247
78.07000000146812 3.541737719159823 1.1666083522926467 1.2603188784238302
78.08000000146845 3.795810076183833 1.077546230435784 0.27728941383096956
78.09000000146878 3.7468340537964573 1.1352818381206804 0.48300461511162696
78.10000000146911 3.8569853174871165 1.0952728613670708 0.08257143934562425
78.11000000146944 3.7896924233207647 1.0345366729093408 0.27649318971080283
78.12000000146978 3.8282513079840146 0.8660818614314505 0.15654926940912575
78.13000000147011 3.936249286625088 0.7089503756902444 0.0
78.14000000147044 3.7662318619564474 0.8296534167430549 0.5401421034743664
78.15000000147077 3.806793144390572 0.6276795146898424 0.6004269973996526
78.1600000014711 3.699061663553941 0.7361682305430188 1.0176382548409046
78.17000000147144 3.767689463371643 0.7581928206258458 0.24004971016965432
78.18000000147177 3.7958706576012844 0.6937087176302673 0.3203216782083568
78.1900000014721 3.7987979402438494 0.6704852131505306 0.4357570931326049
78.20000000147243 3.675943513836571 0.8385366878161096 1.2583803001990534
78.21000000147276 3.5999716716508825 0.7186981509593997 2.3151014208267373
78.2200000014731 3.564639478198789 0.7667215033179605 2.586223580443317
78.23000000147343 3.510787326590858 0.7246634272981249 3.470982915815081
78.24000000147376 3.527085519813596 0.6894481147116155 3.3873827041693425
78.25000000147409 3.5814188060418903 0.8727659048415213 2.2305508538010543
78.26000000147442 3.4476783097401604 0.8212819690158915 3.9857034208998803
78.27000000147476 3.463605371013074 1.0030628812049136 2.719325906351188
78.28000000147509 3.44850796871399 1.4027492451954355 1.8132516662647011
78.29000000147542 3.395240141949703 1.3936643645828668 2.2445879000892535
78.30000000147575 3.493478075448624 1.2517458225094273 1.3297340860971352
78.31000000147608 3.5882349114894603 1.1085470364095258 1.0588627848725987
78.32000000147642 3.5851459496418245 0.9386772910188256 1.7429217551509593
78.33000000147675 3.5206249180010616 0.9276293636946698 2.6545505586764238
78.34000000147708 3.7620897167701517 0.8888514377865713 0.561025006029439
78.35000000147741 3.688295484796084 0.939493984120669 0.8637166291816383
78.36000000147774 3.759291248916108 0.9290443516979837 0.43449052954873657
78.37000000147808 3.435414292557679 0.8260266221303454 4.110466889528409
78.38000000147841 3.494710267797282 0.8803667139202298 3.2747513230846255
78.39000000147874 3.632574299620453 0.7727975587918186 1.7231994714183188
78.40000000147907 3.530269820078216 0.7736451555315726 3.0644086934607344
78.4100000014794 3.6189642955239822 0.8665970578518523 1.801879549350386
78.42000000147974 3.705054302093509 0.9026725006503717 0.9455236157610174
78.43000000148007 3.6894905794881687 0.8824203474867482 1.0726426957956456
78.4400000014804 3.5053002102324076 1.0437021059890388 1.9274124189719846
78.45000000148073 3.501355975414903 1.1619844964002404 1.401641184891141
78.46000000148106 3.5288783374945965 1.1014243939826194 1.3416629429317801
78.4700000014814 3.4679506423918367 1.001638804230918 2.6787691594464067
78.48000000148173 3.345144531989256 1.2150284218783352 3.0530563177573784
78.49000000148206 3.5595216354553285 1.1682846605760835 1.2028960196214746
78.50000000148239 3.4622491166273273 1.18231894511606 1.687811576992412
78.51000000148272 3.4565641449542825 1.142112478250601 1.9704666073775592
78.52000000148306 3.4072376163177904 1.1169021275118005 2.72263658078357
78.53000000148339 3.3035026179419544 1.053729661764034 4.530049581013049
78.54000000148372 3.6958893762307685 1.0574746656268632 0.6316584927673979
78.55000000148405 3.8098314935547726 0.9095830026621912 0.22431926181722503
78.56000000148438 3.9253612753234464 0.9586280932001969 0.0
78.57000000148471 3.850612943060611 0.9020776829346112 0.039259254491902866
78.58000000148505 3.833709709398442 0.992050252890974 0.066576253782422
78.59000000148538 3.8356652397268913 0.8866712061463623 0.09394804335018353
78.60000000148571 3.833684575667544 0.8992882778650748 0.09700383895631812
78.61000000148604 3.8967749057940173 1.0001482454651667 0.0
78.62000000148637 3.9444693011702667 1.0474892464994565 0.0
78.6300000014867 3.9537743651468196 1.0570126646156164 0.0
78.64000000148704 3.8755063943791317 1.0353968528821582 0.0034990101658639266
78.65000000148737 3.8556390819760025 0.982996767218749 0.0
78.6600000014877 3.6868398281099224 1.0610375443535027 0.6684359794324304
78.67000000148803 3.786740582133653 1.1632995452742723 0.3733442450307879
78.68000000148837 3.7579118608857103 1.045015001588976 0.39929673323979115
78.6900000014887 3.6605091739584696 1.0709924621197646 0.76859229839875
78.70000000148903 3.6743149776910466 0.6947278949337601 1.431416096367572
78.71000000148936 3.6843785835193614 0.7593355547949787 1.1299889138875905
78.7200000014897 3.5572323826289622 0.945112852477898 2.0332954095938183
78.73000000149003 3.359683380129934 0.9051268318091245 4.7947143285830744
78.74000000149036 3.2039737571660827 1.1869492502066064 4.6916549758759665
78.75000000149069 3.004295564999565 1.5698464239024097 3.8993191175703172
78.76000000149102 2.896179929142135 1.5387843067078806 4.4163640316963395
78.77000000149135 3.0933985122516567 1.6892505381043565 3.565305194406129
78.78000000149169 3.0791892879740037 1.4730217286769909 3.9662537229460715
78.79000000149202 2.8354361936569568 1.332559593601606 5.17641149124753
78.80000000149235 2.9196346888629847 1.2656402346592748 5.481270712588959
78.81000000149268 2.9846679657281787 1.2286671182142954 5.3806011633848065
78.82000000149301 2.9567698231683073 1.440622901865048 4.511015754117363
78.83000000149335 3.031746570771051 1.2176670685421596 5.219588758363967
78.84000000149368 2.854362677617226 1.1301913426394845 6.30652291734213
78.85000000149401 2.7541847883857424 1.095325616651686 7.068571289756018
78.86000000149434 2.9361242312905222 1.1248398831696074 6.094205258423887
78.87000000149467 3.0785743054340124 1.1756517024627724 5.352046946231141
78.880000001495 2.977816888830999 0.9985551455838388 6.660061307327309
78.89000000149534 2.974364261524914 1.1874048568091558 5.670934806238181
78.90000000149567 2.814027870989291 1.2249192336367454 5.993324007776617
78.910000001496 2.8108761329561704 1.2583318815866416 5.779193010089294
78.92000000149633 2.899974287377409 1.360185135645672 5.08018233611682
78.93000000149667 2.705412790745801 1.283512657496809 5.623646378680615
78.940000001497 2.7658851599269103 1.0824213288636744 7.249584005502957
78.95000000149733 3.036991678998358 1.16063947966509 5.489105005736276
78.96000000149766 2.8904514452035013 1.2358964384747955 5.749398925914555
78.970000001498 2.9714860455669725 1.163416495117248 5.7904057347236595
78.98000000149833 3.1426928863872936 0.9222371683141699 6.69798664943021
78.99000000149866 3.273328613556195 0.7922016522750479 6.120282121513999
79.00000000149899 3.221537619713996 0.7979701290641027 6.5886703775512245
79.01000000149932 3.243863842552468 0.8825252966910204 6.24696181224081
79.02000000149965 3.158642825635555 0.4831992262840811 10.258219546680724
79.03000000149999 2.9411097383731124 0.45751649899990066 13.025043875831521
79.04000000150032 2.934153401953789 0.6113807101681129 11.776444335864104
79.05000000150065 3.149422678168941 0.9200034382453306 6.686215735634676
79.06000000150098 3.290905190366982 0.7349554080440703 5.987048700900683
79.07000000150131 3.1321311277068395 0.8033055157459476 7.689062484520552
79.08000000150165 3.299450545139001 0.7866492561627556 5.858807930036414
79.09000000150198 3.4572232868606654 0.8821695773319145 3.6836237206057367
79.10000000150231 3.334132976083829 0.901815334867573 5.178971704134465
79.11000000150264 3.50187349523475 0.9959623429172205 2.295730814835826
79.12000000150297 3.304156520650627 1.042274694835609 4.593983007082316
79.1300000015033 3.289974951427071 0.9349126296747836 5.471555927976959
79.14000000150364 3.3137116362931214 0.9506498167937806 5.081781765150118
79.15000000150397 3.421201530206419 1.0747983067114149 2.793441616522246
79.1600000015043 3.504495809766647 1.0888462425970138 1.6874063545164466
79.17000000150463 3.4815449754914307 1.2261480305044723 1.4272254518213583
79.18000000150496 3.5557557196647447 1.1338684677756383 1.1909317634034224
79.1900000015053 3.471874373763722 1.0473452197538975 2.323525033886909
79.20000000150563 3.5108275898184207 1.078057220273404 1.6810176809945334
79.21000000150596 3.5171262410428827 1.0648798291460393 1.6837724161624419
79.22000000150629 3.4548703271268693 1.3258222213924749 1.599454211961233
79.23000000150662 3.5642347155078693 1.0680609372694296 1.1813856321732752
79.24000000150696 3.612041242927255 1.1601768076458367 1.0030123071108796
79.25000000150729 3.449585513758876 1.255089145011127 1.6074081228508963
79.26000000150762 3.5346993422449957 1.158822537173454 1.2774460958242528
79.27000000150795 3.586663508400621 1.222804539194605 1.0698615384348047
79.28000000150828 3.7720991215737856 0.9961299384304461 0.2854060433014519
79.29000000150862 3.6983965058023833 0.9981053409628242 0.566047040660449
79.30000000150895 3.830543070737385 0.9159898750884475 0.09956638504138306
79.31000000150928 3.8316152598693876 0.8418537786514011 0.14488045289249293
79.32000000150961 3.7805924469036265 0.8550571735486875 0.46077983302844816
79.33000000150994 3.7918938188789277 0.8361197778918783 0.4013584005947747
79.34000000151028 3.6891220994210667 0.8256116330902726 1.1187454688156877
79.35000000151061 3.699500677919631 0.6267807613866613 1.4624665246966813
79.36000000151094 3.651038009361468 0.5978225200514609 2.1000329229166588
79.37000000151127 3.688279960657907 0.5390561375847039 1.9336824253550604
79.3800000015116 3.633860934957987 0.5036332293371283 2.88717854009929
79.39000000151194 3.532511884257057 0.4868696899747752 4.494488395142765
79.40000000151227 3.391079037959126 0.43131671479144024 6.999492715210655
79.4100000015126 3.5624483395373847 0.48495747003700246 4.051248047154493
79.42000000151293 3.5405968839334743 0.6157223654855135 3.5649452622051316
79.43000000151326 3.3099848088665706 0.7535018642339862 5.7525288742662894
79.4400000015136 3.292854547920245 0.7141651486383943 6.102273262712567
79.45000000151393 3.2218648075890304 0.711007993964986 7.243427730435846
79.46000000151426 2.98235092855838 0.8449893562970653 8.529329159056546
79.47000000151459 3.0518465823232654 0.685821343449356 9.534079671153682
79.48000000151492 3.10440139753807 0.6225104371752952 10.04021861617406
79.49000000151526 3.1432109501688026 0.7382440327021987 7.9982139873641716
79.50000000151559 3.206126455566127 0.9140750408419278 6.382257230257775
79.51000000151592 3.176012007804965 0.8294767945889925 7.034053769756321
79.52000000151625 3.0096908484804143 0.8425874024524382 8.336629261267685
79.53000000151658 2.8018537154608105 0.8593003758668238 9.740896105914075
79.54000000151692 2.806719002984531 1.0937516578869357 6.782175352634447
79.55000000151725 3.0319083369246767 1.1134983330473829 5.678156891921937
79.56000000151758 3.2337218884013237 1.1864869068620107 4.461667234048495
79.57000000151791 3.2413514505507783 1.254247657448517 3.9706307909486283
79.58000000151824 3.2570967960760147 1.5335964391291053 3.2817534983296817
79.59000000151858 3.15252020308017 1.6260782121375663 3.529087583505226
79.60000000151891 3.100012302737084 1.6028262071923827 3.642031790699905
79.61000000151924 3.206601336647998 1.5152117537892351 3.4806004119037635
79.62000000151957 3.165264883249993 1.2482334456070727 4.554184435674889
79.6300000015199 3.0577520774129314 1.3769014248971774 4.375426830097455
79.64000000152024 3.14895655079726 1.2691865113320702 4.540906965259872
79.65000000152057 3.1086461612986294 1.339083622505309 4.438606778877505
79.6600000015209 2.941655907199474 1.196871507255239 5.792216158962306
79.67000000152123 2.95694496418118 1.2697487338183087 5.270647408899983
79.68000000152156 2.80224216440108 1.2961256322690484 5.5746554693596115
79.6900000015219 2.810213540928195 1.1743642953732236 6.302662834594846
79.70000000152223 2.7557047299574675 1.2458138151465998 6.001181327504584
79.71000000152256 2.7534691317238127 1.4114093261472869 5.204657996401625
79.72000000152289 2.769419538055709 1.4970255820857665 5.021307514922839
79.73000000152322 2.6709991458551867 1.5819620100196232 5.1366254104048155
79.74000000152355 2.5237759997637914 1.4672436520221228 5.2445721138243115
79.75000000152389 2.5836991791013904 1.2931342195923268 5.468074510734353
79.76000000152422 2.6694839745214503 1.4862090128043774 5.054262398798454
79.77000000152455 3.0806224985634927 1.5165324525208221 3.8065136914168947
79.78000000152488 3.021232328686098 1.393903610639707 4.4064821739901685
79.79000000152521 2.9848395350218135 1.5639836728839633 3.97741698199406
79.80000000152555 2.9267214971690554 1.7256223902358745 4.296825541882656
79.81000000152588 2.8323741700259895 1.7449873735715145 4.891485794413685
79.82000000152621 2.8550114752636695 1.6281209252260025 4.6154189638638075
79.83000000152654 2.979633861086475 1.4555521497374544 4.33255433274258
79.84000000152687 2.8877517880403647 1.5425473839970607 4.4361732475252404
79.8500000015272 2.923659399976426 1.6349258086243728 4.318594100864509
79.86000000152754 2.886630532424935 1.474279299465676 4.668921439435332
79.87000000152787 2.8239183905384397 1.4757991849114378 4.812822670833484
79.8800000015282 2.9288128888284675 1.4488278024693864 4.6267880487767705
79.89000000152853 2.9098336959523547 1.2529951614909942 5.59588727022385
79.90000000152887 2.9278766086577317 1.0021563704160108 6.909321230097916
79.9100000015292 3.0144521392928425 0.8361087301465016 8.360108022269428
79.92000000152953 3.058553171831256 0.5829476156557956 10.50630160486149
79.93000000152986 2.9876150084478854 0.25350911697525425 14.747698881230827
79.9400000015302 2.9995445395990976 0.7002224454122716 9.817662027479258
79.95000000153053 3.119186895022226 0.8549003130653239 7.409840167230046
79.96000000153086 3.0879471669727985 0.8561546500735631 7.638917178173144
79.97000000153119 3.2131470638522925 0.9149815574387056 6.321078480085355
79.98000000153152 3.1606372164278445 0.9314376895064533 6.560846100175432
79.99000000153185 3.35333258388903 1.1020832102230058 3.5448949675156927
80.00000000153219 3.477777242760937 1.2132338577522428 1.4911910091444294
80.01000000153252 3.248550122688411 1.0064547875080025 5.393880299004255
80.02000000153285 3.2665741743905468 1.2180624196602976 3.973669964713844
80.03000000153318 3.2421619585690156 1.323979902359215 3.736361148631998
80.04000000153351 3.178532603120928 1.3232392057476212 4.167526512400395
80.05000000153385 3.4399299772452214 1.268923973487411 1.6827757026222154
80.06000000153418 3.450049822706006 1.3002250896783267 1.6257513001287014
80.07000000153451 3.306307424464965 1.1157027974349507 4.082207354730029
80.08000000153484 3.553749314821041 0.920237382196483 2.2984774347317947
80.09000000153517 3.5746096754539414 0.9111563492075402 2.0921868390265472
80.1000000015355 3.4191789197191795 1.0028811472710837 3.271405151386606
80.11000000153584 3.456011519413642 0.6943204903023664 4.198113023287723
80.12000000153617 3.4914018370839024 0.6398747726247623 4.103875571477123
80.1300000015365 3.502050147262202 0.6933257287249005 3.6786189288095916
80.14000000153683 3.401621649724455 0.6672487977413153 5.014023598718241
80.15000000153717 3.3879358320104194 0.6717754330212804 5.149927671317694
80.1600000015375 3.3943970860416965 0.8289859636824025 4.654231563760142
80.17000000153783 3.4102411088751623 0.7683988965260575 4.473243280190858
80.18000000153816 3.3508824626753664 0.7372456252327988 5.337156170172724
80.1900000015385 3.2543304430114866 0.7565858521917773 6.218293697075064
80.20000000153883 3.0833832830700887 0.777830086256019 8.113779192509037
80.21000000153916 3.2180735827568494 0.5556900734555198 9.140234401518933
80.22000000153949 3.20365362241163 0.5463118974249126 9.374315398855513
80.23000000153982 3.1309968840662727 0.45857463710422997 10.674610013710941
80.24000000154015 3.036790596503173 0.44783471870605884 11.721836603563915
80.25000000154049 2.879568542794118 0.32510272218953146 15.760245921133173
80.26000000154082 2.9190327362310358 0.23745813316125314 15.649461199698342
80.27000000154115 3.082459458255588 0.2928729526808248 13.302446142410744
80.28000000154148 2.996929479604269 0.5026486912007359 12.115880276829127
80.29000000154181 3.1130865651518924 0.3609848873180017 12.35004184763261
80.30000000154214 2.99265301459426 0.46461012838522403 12.40037158183011
80.31000000154248 3.0724011975417125 0.5261065030493688 10.678313235255178
80.32000000154281 3.095737327487377 0.5257796635071442 10.502961223159241
80.33000000154314 3.1301590170665006 0.427853610851221 10.701648847270873
80.34000000154347 2.98746242066675 0.38671407618603587 13.17938301973943
80.3500000015438 3.253534873523684 0.21070987783057737 11.01590776691496
80.36000000154414 3.000694246644859 0.40819869429231737 12.17034014898151
80.37000000154447 3.0560131425623345 0.4675227413260826 11.548621702559942
80.3800000015448 2.926716936244125 0.5758416386018496 12.228839583818788
80.39000000154513 3.1138176105759556 0.5553228633822462 10.197059968152638
80.40000000154546 2.8810984981766516 0.4593055279454645 13.82075288018083
80.4100000015458 2.990115593754422 0.5683387676358284 11.250410957795998
80.42000000154613 3.0651300721441617 0.5666615388115966 10.49839628589337
80.43000000154646 3.190602976339013 0.5114969903011701 9.760322384495966
80.44000000154679 3.418888669729497 0.49271810758351553 6.195583313806879
80.45000000154712 3.3431498001556306 0.5799803747061628 7.036096678669168
80.46000000154746 3.182156831619766 0.3183149238470191 11.86547903777862
80.47000000154779 3.229022082029972 0.4108389444531463 9.344084502622612
80.48000000154812 3.327930232561094 0.4749237312107487 8.078287433863194
80.49000000154845 3.288387001888001 0.9248997140809045 5.560423938143979
80.50000000154878 3.1896213325725222 0.9275869985322329 6.414227662087222
80.51000000154912 3.1410436139778044 0.797533041847405 7.619815834936398
80.52000000154945 2.999457158354958 1.0646043387355157 6.165107604123569
80.53000000154978 2.8655191760034517 0.9818348015792446 7.429947752827125
80.54000000155011 2.8612691356328672 0.8367908762505722 9.309521571506055
80.55000000155044 2.7576738282464053 0.7719031511735907 11.041028282266417
80.56000000155078 2.6657834526243542 1.0160468355937189 7.8435613659171945
80.57000000155111 2.648792129514929 0.9658903740622329 8.517396433750237
80.58000000155144 2.3982890302420365 0.8986136130505636 8.16505491333115
80.59000000155177 2.3707915616137694 1.0262950501151902 6.585410746175337
80.6000000015521 2.397467428329561 0.946500426159447 7.568910381927675
80.61000000155244 2.5120776610909985 1.0851132567479083 6.455908106596255
80.62000000155277 2.424187467931333 0.9346470493214359 7.757442613293639
80.6300000015531 2.265665148193371 0.9013844179986439 7.690578591545476
80.64000000155343 2.404328512225889 0.8810326064893086 8.407251168608978
80.65000000155376 2.2331363904397192 0.9371080288914838 7.123104930147532
80.6600000015541 2.1700924866173663 0.9904378599658246 6.329090348088343
80.67000000155443 2.1926595109352838 0.827785360526152 7.9571556998729145
80.68000000155476 2.1433084974424483 0.9202836148337055 6.98583498826914
80.69000000155509 2.1249802644632787 1.1523936140224404 5.453064654931164
80.70000000155542 2.2258710641436705 1.2321311224117528 5.441559071422501
80.71000000155576 2.295978482851267 1.279278932367976 5.393749961695994
80.72000000155609 2.236052703665284 1.14624763283892 5.692747870859953
80.73000000155642 2.3442090998217577 1.2182638280999032 5.537293450223103
80.74000000155675 2.3979002736641823 1.2377811065052793 5.45071114960921
80.75000000155708 2.568345640185042 1.3830645456191824 5.142712681818576
80.76000000155742 2.641264619217208 1.4934694864094482 5.061656314393504
80.77000000155775 2.666058212168446 1.466105852278922 5.089390955269218
80.78000000155808 2.6534921865581347 1.4927844124892389 5.054899364576009
80.79000000155841 2.7071812585364547 1.4638410903565835 5.051711732153217
80.80000000155874 2.7666673663625194 1.523548487642156 4.949317268314866
80.81000000155908 2.6607355600784173 1.6157452704089033 5.276265730800663
80.82000000155941 2.4365195999051696 1.4308058719743895 5.269579591068046
80.83000000155974 2.606255061733575 1.651413771977587 5.5727174251349965
80.84000000156007 2.5227583580468047 1.6467219323384175 5.904690102639197
80.8500000015604 2.520984437668859 1.8751871157008249 7.009724084654991
80.86000000156073 2.546499900894849 1.8658051215337683 6.883346608908413
80.87000000156107 2.3116161945715055 1.814060018982847 7.254776175026124
80.8800000015614 2.189201908279522 1.8050112881253837 7.620797216792834
80.89000000156173 2.376863680054486 1.8896746862219302 7.725447767943594
80.90000000156206 2.740530859437109 1.7737862441480345 5.61650579082254
80.9100000015624 2.6617642553519048 1.9741554921278883 7.039547144216264
80.92000000156273 2.5889571796280295 1.9011465797268126 6.896394449560194
80.93000000156306 2.4132203981018527 1.8083941481229584 6.803181464369445
80.94000000156339 2.3378172199151197 1.9932866600059904 9.60585899002576
80.95000000156372 2.4208975275371754 1.850077732632239 7.12864661685099
80.96000000156405 2.1644699164803294 1.6905278798820138 6.41931731133325
80.97000000156439 2.4398663004775236 1.712821978651696 6.269827506612884
80.98000000156472 2.4954203464691322 1.4622522026223292 5.276152479827237
80.99000000156505 2.448456060062934 1.2818206759912174 5.32369560850009
81.00000000156538 2.344312439397049 1.1209633034856796 5.8351653013453815
81.01000000156571 2.473403368686658 0.8168319666355369 9.357789530709905
81.02000000156605 2.4981630443915694 1.0415685078799766 6.769428364070726
81.03000000156638 2.097634332150463 0.9580264347621517 6.405476670604824
81.04000000156671 2.1863445741245338 0.9293873325198472 7.061121064849868
81.05000000156704 2.1276383845180833 0.9222212988311221 6.893273023246227
81.06000000156737 2.2314866865868397 0.6184785896867703 11.515360082419107
81.0700000015677 2.012293589865753 0.9444532886801312 6.384544256420398
81.08000000156804 1.7891710759141186 0.8432458442351534 6.4963951006938645
81.09000000156837 2.189525443950985 0.9278067429337724 7.089106835123976
81.1000000015687 1.988755939038452 0.8749197328032735 6.766936923681047
81.11000000156903 1.9456532476053492 0.8804053923650371 6.688166303157743
81.12000000156937 2.1485489722100892 0.8532605322279833 7.599561660369627
81.1300000015697 2.157565861159773 0.9111294408210213 7.140392884662781
81.14000000157003 2.1304126127621017 0.8294386308633308 7.643126674351313
81.15000000157036 2.003286861699206 0.5379816485047548 10.483641636189663
81.1600000015707 1.86568234545192 0.6329179026062842 7.4761893401345665
81.17000000157103 2.0778768238881904 0.6928525563733325 8.399692807487124
81.18000000157136 2.135837701976499 0.8767538973863204 7.353074326560605
81.19000000157169 2.1861531740265905 0.643036940443265 10.649656134920535
81.20000000157202 2.4362706480402587 0.8754172226044341 8.528650065060761
81.21000000157235 2.487999653687647 0.9840421354919952 7.443495262122557
81.22000000157269 2.5380159031732874 1.1031526838715806 6.387423289274498
81.23000000157302 2.396477822707019 0.9900281656851976 7.0025581455367405
81.24000000157335 2.2606370455346956 1.040686619695102 6.173708164691858
81.25000000157368 2.131826212564161 1.1206224753472385 5.537975908784028
81.26000000157401 1.9732859766306279 1.079885334410191 5.810708717607154
81.27000000157435 2.090969623645719 1.1887129305226918 5.311511871815895
81.28000000157468 1.9434097171524114 1.3418833225502576 5.198467694247348
81.29000000157501 2.3977449875087595 1.3021085190137804 5.221022497575583
81.30000000157534 2.2600534922328315 0.9325010419757274 7.317350501555799
81.31000000157567 2.1467847843578007 1.0232259775940262 5.971475426561197
81.320000001576 2.0194151592600273 1.1390346328732974 5.500057129889715
81.33000000157634 1.990725787460557 1.1382965063824706 5.581816531775211
81.34000000157667 2.0618134339668095 1.1715713899707432 5.346390803234112
81.350000001577 1.7539542711429896 1.4427146398904696 5.644689960693206
81.36000000157733 1.9108214473481395 1.4866452717482432 5.44282607698502
81.37000000157767 1.901293566678361 1.546256749752993 5.74346598908233
81.380000001578 2.0157117186410196 1.4162671924538717 5.017192022922381
81.39000000157833 2.105221709631496 1.5029083553291689 4.929043712486506
81.40000000157866 1.9066672188011293 1.3273806966636508 5.249389095374574
81.410000001579 1.9549055317461428 1.2439237564381862 5.271040773950865
81.42000000157933 2.1988293473908165 1.1593767688992318 5.575136420638197
81.43000000157966 2.4341307187942447 1.194453109137868 5.605502525384332
81.44000000157999 2.5454823104909927 1.1646240706824924 6.002766777590658
81.45000000158032 2.4763380490466647 1.2675294834726347 5.408550706180785
81.46000000158065 2.785974199908194 1.3132723739611665 5.514082211876804
81.47000000158098 3.0348471739486618 1.4761433214172495 4.027362809464044
81.48000000158132 3.149835617057995 1.3695006184450396 4.147916710356558
81.49000000158165 3.1683495040027174 1.257263108750104 4.471651092328793
81.50000000158198 3.335460219824072 1.3735055666981697 2.769880064165634
81.51000000158231 3.306462694700899 1.3468748872915755 3.06460223160801
81.52000000158264 3.291577409929429 1.0718986227786989 4.549873833440682
81.53000000158298 3.203598371742986 0.8806844340125584 6.607636188684287
81.54000000158331 3.436181329255046 1.0043874660471899 3.0106547827364314
81.55000000158364 3.477699055471278 0.5693978242034439 4.585601837471888
81.56000000158397 3.4495066763202993 0.7263632932271835 4.152484678051441
81.5700000015843 3.377501085531257 0.6375971067787995 5.659356942395247
81.58000000158464 3.422927541689182 0.4968363191311684 6.082986979583514
81.59000000158497 3.213359772119165 0.28925506858422356 11.439359137467058
81.6000000015853 3.2945052912268844 0.18184143819422838 10.51964027680415
81.61000000158563 3.0759469742895003 0.1594441556786278 14.200685353789298
81.62000000158596 2.8705229325193837 0.017304783948898783 17.41014793625218
81.6300000015863 2.867412371108605 0.1416208640944453 17.32577179844263
81.64000000158663 2.7933121478231917 -0.002463022487295574 18.485527134913408
81.65000000158696 3.0512182695336336 -0.11543956329280525 14.40186064046775
81.66000000158729 2.9635941720345587 0.14554134812369124 15.848454213207612
81.67000000158762 3.0166825650357136 -0.3147989330212221 14.390494791312866
81.68000000158796 3.122891121815739 -0.2895081166922323 12.992828326435513
81.69000000158829 3.249403403716453 -0.48794075787215596 8.501490146598696
81.70000000158862 3.2257380207852724 -0.3937466774029167 9.79294843963882
81.71000000158895 3.262110235675645 -0.24294446900742583 10.403598311708555
81.72000000158928 3.2129157627962 -0.2758340088635285 11.396865686138984
81.73000000158962 3.104006869199146 -0.5385201568032112 9.68726177212998
81.74000000158995 3.0957804108004 -0.6611685172492012 7.7298509298428915
81.75000000159028 3.2518525747396656 -0.5258429510003088 8.036089990827865
81.76000000159061 3.208547513621342 -0.7069774852271807 6.18625636003666
81.77000000159094 3.107541192457537 -0.32610486370061753 12.860762848188184
81.78000000159128 3.2292142169071836 -0.2962774454042726 11.056988022484724
81.79000000159161 3.3276576738919124 -0.2289252364996549 9.580924064869134
81.80000000159194 3.365430758936009 -0.1844941013555017 9.100952783937984
81.81000000159227 3.1690918921669495 -0.43326243462257175 10.149560900458951
81.8200000015926 3.2444032386605963 -0.540012921425987 7.905726975035392
81.83000000159294 3.2214461186847987 -0.6179858771347287 7.161083855211515
81.84000000159327 3.249426378168671 -0.6641624460607304 6.381052421301474
81.8500000015936 3.3164094425693773 -0.7554945039614889 4.7948256602246575
81.86000000159393 3.1505398648145366 -0.8608824640898338 5.075720875654053
81.87000000159426 2.9768019253842395 -0.7188852872196314 8.63299997194683
81.8800000015946 3.056599247379111 -0.6864615982373663 7.920578607007296
81.89000000159493 3.2127002068169386 -0.7140029585429 6.034421710250163
81.90000000159526 3.315443265828072 -0.5165250564564874 7.402426362870032
81.91000000159559 3.3742714032706695 -0.6603480627550185 5.388928061322202
81.92000000159592 3.1868748476916386 -0.5983146089772136 7.628212024895181
81.93000000159626 3.285491092576366 -0.5382422307818177 7.470194287185611
81.94000000159659 3.1494348614697447 -0.5790991663094625 8.214230753295602
81.95000000159692 3.220296639626008 -0.628080316171532 7.065288204271688
81.96000000159725 3.201715081579052 -0.7931261688161155 5.280698169825272
81.97000000159758 3.114552793683027 -0.7386705007037827 6.900688914954037
81.98000000159792 3.1427292093166193 -0.37162608380871487 11.745945526853898
81.99000000159825 3.5533538287717157 -0.4454098157408002 4.989522257163575
82.00000000159858 3.3729269993138358 -0.42190410793948574 7.5957107036369
82.01000000159891 3.5959614232157393 -0.14112048988432757 5.130954683561555
82.02000000159924 3.7035607016221954 -0.16812901981633221 3.6104945347808597
82.03000000159957 3.54718542231264 -0.12615142385786438 6.023121248348804
82.0400000015999 3.6052557579358218 -0.26583084328517836 4.903165477651338
82.05000000160024 3.5512828541274555 -0.1910600738241971 5.789865774537633
82.06000000160057 3.5952792502677138 -0.3460714310987977 4.901874288509349
82.0700000016009 3.497934115210496 -0.40721103558947847 5.901077661095062
82.08000000160123 3.434551624563664 -0.3950116053474507 6.80962267064084
82.09000000160157 3.361881878594989 -0.3431742397536356 8.494028079636529
82.1000000016019 3.522806236097953 -0.4903480125148485 5.106363547357667
82.11000000160223 3.199658216806587 -0.30823084767164144 11.497847398213887
82.12000000160256 3.190882842063278 -0.5208917288976119 8.745052626619183
82.1300000016029 3.2842999677190288 -0.4844028130480169 8.128266931766845
82.14000000160323 3.042400654259478 -0.6160240418570151 9.014446573793713
82.15000000160356 3.1011381959923323 -0.6616598277519112 7.677387623577876
82.16000000160389 3.220635538559048 -0.693005085211281 6.254224971255315
82.17000000160422 3.416815362205325 -0.46875657440125895 6.509266610384466
82.18000000160455 3.272481798379349 -0.39287312037811273 9.18243060889915
82.19000000160489 3.2326475368358745 -0.5501499613476617 7.874613452041142
82.20000000160522 3.0921167508455283 -0.4500856516843045 11.457846656341394
82.21000000160555 3.0575976997681704 -0.3822921675539558 12.978443126661489
82.22000000160588 3.0871387278302556 -0.5447741122521275 9.917365089243084
82.23000000160621 2.9521049091571285 -0.4302005285415512 13.417859175244164
82.24000000160655 3.029033254671888 -0.39561307237541243 13.175727586209069
82.25000000160688 2.8322265196630303 -0.310167127376898 16.03569740470696
82.26000000160721 2.5992849721140328 -0.36806950023971563 17.97274988780675
82.27000000160754 2.331371587405896 -0.044889740120673816 19.59663255754493
82.28000000160787 2.2925695370551487 -0.3238875116678852 18.350540899394932
82.2900000016082 2.5548894321475486 -0.13179261255674823 19.71899017174985
82.30000000160854 2.478724945600803 -0.13445690043678504 19.803397002662877
82.31000000160887 2.518280481569731 0.0690715349080272 19.806095838010737
82.3200000016092 2.4460470527481277 -0.19060277244839352 19.496916308048245
82.33000000160953 2.276114386105189 -0.13779165388252024 19.128188926351076
82.34000000160987 2.453629326906798 -0.1633836303598002 19.720940346949426
82.3500000016102 2.4485462690352056 -0.206565088650421 19.336538466630017
82.36000000161053 2.3412564120071027 0.03997381772832853 19.699558523024397
82.37000000161086 2.204973724522825 0.13057706576220596 18.733037133989455
82.3800000016112 2.517016710940309 -0.04767954493305537 19.937051052805625
82.39000000161153 2.488943774377989 0.1595348457061182 19.843298810213636
82.40000000161186 2.5550360925348428 0.05232471402658434 19.610621457185392
82.41000000161219 2.518699709518925 -0.06655152558477695 19.875232917146164
82.42000000161252 2.3995505815745353 0.0768340760887799 19.895106298074786
82.43000000161285 2.4448219149172243 0.04629471865373136 19.768993711368196
82.44000000161319 2.524504639664883 0.04839283964325969 19.721944131698045
82.45000000161352 2.3583300721867326 0.06448776528497735 19.783984323265173
82.46000000161385 2.1324233988718695 0.021592882311886386 17.588495103162067
82.47000000161418 1.9818595317714347 0.04844486439196671 15.763209454272966
82.48000000161451 2.1554238451791052 0.18450106891186113 17.38868010905844
82.49000000161485 2.255114707123325 0.03669894258520667 19.11033751110034
82.50000000161518 2.137603211463647 0.18467026240833218 17.157963809412283
82.51000000161551 2.0982180433276363 0.054465651954609284 17.249361897375948
82.52000000161584 2.0557976835008493 -0.1256002929492398 16.578461559548476
82.53000000161617 2.095772844921554 -0.0669564679463025 17.036547447042658
82.5400000016165 2.2447953529882465 -0.23311143012612223 18.442072002714983
82.55000000161684 2.084229636781255 -0.2488722868694465 16.327133350683308
82.56000000161717 1.800315540258651 -0.3409626758895059 11.038225364904687
82.5700000016175 1.6734717520361926 -0.6402459800245031 8.234317454126224
82.58000000161783 2.0813085255711643 -0.6297839317172775 11.682519522952841
82.59000000161817 2.0691084396680255 -0.682838960500046 10.597535542150013
82.6000000016185 1.940373237757993 -0.7212938464759998 9.25989374504212
82.61000000161883 1.9849005564707736 -0.8085214608182627 8.36284084245188
82.62000000161916 1.8963746788161706 -0.8272724841962392 7.546735125233846
82.63000000161949 1.7690242359571093 -0.6024206849592899 9.25933861425677
82.64000000161982 1.6219570465583888 -0.7497063527565239 6.821033255931918
82.65000000162016 1.670695870504626 -0.7154868057067711 7.331973073147303
82.66000000162049 1.5385859293109756 -0.6323632418495031 7.114681117941717
82.67000000162082 1.7255623026443445 -0.6124261226679022 8.822511890697328
82.68000000162115 1.7142726148095868 -0.5520916551093148 9.114236356251846
82.69000000162148 1.9257579017283393 -0.2830607894334175 13.93551221464013
82.70000000162182 1.750241223796747 -0.41647780185333483 9.849080677705874
82.71000000162215 1.6045320490137593 -0.6484271726032189 7.550498944554451
82.72000000162248 1.6976202565774636 -0.7773565982896911 6.896327400102821
82.73000000162281 1.784215380701918 -0.8598321285235864 6.4899046558882185
82.74000000162314 1.5454435933722628 -0.7758405099291406 6.3646463798860715
82.75000000162348 1.663050433217466 -0.8418793588928887 6.31168730592253
82.76000000162381 1.8660735061403066 -0.8801878347615761 6.553178689042649
82.77000000162414 1.7702293381871421 -0.7950349793258382 7.133293584508643
82.78000000162447 1.6864527238255174 -0.8432329965217003 6.3560434593428425
82.7900000016248 1.7739265276233496 -0.7939169466703186 7.179299213734083
82.80000000162514 1.8328283356012791 -0.7393851586614026 8.470507755215065
82.81000000162547 2.1314370859792584 -0.6584474361926396 11.346500478408426
82.8200000016258 2.0235723756293167 -0.6934119036887413 10.225558175231377
82.83000000162613 2.0085381368161213 -0.6309185536158654 11.287814705741784
82.84000000162646 1.949169507193854 -0.8559065674440461 7.347624961862056
82.8500000016268 2.104023868093786 -0.6378379428049178 11.549261382430565
82.86000000162713 2.312248206675372 -0.837629556187754 9.441611836038232
82.87000000162746 2.3110603719438605 -0.7859317428771527 10.50893623870179
82.88000000162779 2.237697961146963 -0.8251999000080094 9.480375477016048
82.89000000162812 1.992744113600688 -0.9775943245252631 5.7055630186282364
82.90000000162846 1.8811709796358427 -1.2063700050649904 2.9461500957395974
82.91000000162879 1.9417951985022341 -0.9346184779754453 6.109443770289813
82.92000000162912 1.7857325385643843 -0.7990228269137629 7.2150687198513666
82.93000000162945 1.8627343875958564 -0.8986824690677614 6.267291944015344
82.94000000162978 1.8568143762448865 -0.8822235703722306 6.471282066269646
82.95000000163012 2.1084836409691086 -1.1038443061012582 3.8545269415025936
82.96000000163045 1.9364001688929382 -0.8815630388499667 6.8942190662013125
82.97000000163078 1.9263725489232995 -1.0320507804153458 4.7788492786754375
82.98000000163111 1.8913963017213655 -0.8973581408876229 6.402995520417432
82.99000000163144 1.9791017749679065 -0.7925202435436299 8.58539271574276
83.00000000163178 1.9133293796773372 -0.7317013795263329 8.914383361536002
83.01000000163211 1.6547201332734371 -0.4373412482724701 8.906091717521463
83.02000000163244 1.8328415158509448 -0.37714834646158724 11.402686824751038
83.03000000163277 1.8739954845817337 -0.575163576954447 10.303065169629717
83.0400000016331 1.7770979934405302 -0.34070934227271066 10.49377869545997
83.05000000163344 1.7986376310820604 -0.39491258891319614 10.741861811128436
83.06000000163377 1.9135161086402772 -0.391511992066081 12.720857455075784
83.0700000016341 1.7539711781730372 -0.4903819016653149 9.997024015047776
83.08000000163443 1.9403200764317647 -0.45167301036719765 13.03352357581316
83.09000000163476 2.037599436890292 -0.560475821440631 12.849021050950826
83.1000000016351 1.965376805865817 -0.7607836189003402 8.975189099946832
83.11000000163543 2.2823092664427755 -0.7794348946286151 10.586883548448734
83.12000000163576 2.2147274331188793 -0.5348575156077919 14.655549647268336
83.13000000163609 2.0840673778040943 -0.8396604500971121 8.106337928116872
83.14000000163642 2.048033927547679 -0.732104298085949 9.73323001339392
83.15000000163676 2.1001186635655626 -0.7797362838051813 9.061475165766607
83.16000000163709 2.0295226009786114 -0.6933102983616145 10.265076566636274
83.17000000163742 2.0081529557581073 -0.7021114732376573 9.979014814920909
83.18000000163775 1.8690976417594278 -0.7606840214829375 8.444021511752517
83.19000000163808 1.8817527000850482 -0.7914907823011964 8.041243542399357
83.20000000163841 1.700895317219775 -0.7915769022105431 6.814184957010316
83.21000000163875 1.8076176913815396 -0.9322132397422465 5.914251894750742
83.22000000163908 1.6322911118624417 -1.0287606435145409 4.483488059067735
83.23000000163941 1.7047370511305866 -0.9411800046259107 5.548984110546584
83.24000000163974 1.7041665110327897 -0.8623758000607621 6.2238571632796535
83.25000000164007 1.716240728309797 -0.6543459468158651 8.440952765504932
83.2600000016404 1.674235934809881 -0.6596299444444165 8.063432734630183
83.27000000164074 1.7370640568293731 -0.737597755724694 7.649969297927038
83.28000000164107 1.89327628482682 -0.7509605471899714 8.659780461649392
83.2900000016414 1.8210188333698745 -0.7889496092433635 7.684228373802648
83.30000000164173 1.7189574287768679 -0.6623054780174317 8.385253484426554
83.31000000164207 1.7338823235723138 -0.6553933318753102 8.621761405820854
83.3200000016424 1.7085509990184011 -0.6179808002030197 8.630149205721724
83.33000000164273 1.838381753069895 -0.5461862814756255 10.375565461639741
83.34000000164306 1.8989478611644974 -0.5005941150588252 11.938289131628864
83.3500000016434 2.0470013238088995 -0.6410854469752947 11.311549042546217
83.36000000164373 1.9950183110344382 -0.5843841163117632 12.002739030956114
83.37000000164406 2.2111548167274404 -0.763078470325804 10.437345411461846
83.38000000164439 2.211273771084794 -0.7313410475372126 10.98689514885728
83.39000000164472 2.387096462355081 -0.7036306706072843 12.04184987573172
83.40000000164505 2.214840221775863 -0.6973532644703193 11.60802546281839
83.41000000164539 2.155541045194622 -0.951780294203013 6.656329172747609
83.42000000164572 2.057268320795687 -1.1324101204395258 3.414028251128608
83.43000000164605 2.0157504128686146 -1.1279617327955536 3.5464766184786285
83.44000000164638 2.1163096896165605 -1.1628143364792976 3.018243137162891
83.45000000164671 2.1682945207564797 -1.0929301678749936 4.286598005078252
83.46000000164705 2.5025605221317058 -0.88643959041192 8.909606545722061
83.47000000164738 2.3357593119224314 -0.8526420642503565 9.16438190271749
83.48000000164771 2.510215652560467 -0.9015969279526586 8.660402764955785
83.49000000164804 2.4311796643326464 -1.0032561979444807 6.667606459568262
83.50000000164837 2.560850390737475 -0.7879558173301807 10.870924083301531
83.5100000016487 2.4924513178141994 -0.7463564458400487 11.727547652310438
83.52000000164904 2.327796053785517 -0.8059736183740672 10.11756692476502
83.53000000164937 2.5576626625566026 -0.7637493115445049 11.410929251126461
83.5400000016497 2.6829197231328834 -0.9531539366047508 7.531463524144108
83.55000000165003 2.6949070262867467 -0.9690851260945696 7.196590727070788
83.56000000165037 2.4935042817683337 -0.8742998031811746 9.089399204540511
83.5700000016507 2.424289637953851 -0.8264237422723044 9.807860500445052
83.58000000165103 2.468605545393533 -0.7078212394110719 12.303625090952629
83.59000000165136 2.4180106049515695 -0.751185795460238 11.36014876436724
83.6000000016517 2.416677067196722 -0.49564579566846567 16.52705050368868
83.61000000165203 2.3753186453871593 -0.532428001356177 15.945174202770996
83.62000000165236 2.56862595018839 -0.3936958460249914 17.660431154016774
83.63000000165269 2.6062034611864835 -0.702706279548157 12.257101087423234
83.64000000165302 2.819671241793852 -0.8354797662642852 8.776758028926341
83.65000000165335 2.719586327810762 -0.9106284185003946 8.140065937422333
83.66000000165369 2.82374295938079 -1.0067404545565513 5.941829150896876
83.67000000165402 2.9004287349901636 -1.0166254567952397 5.454516258604559
83.68000000165435 2.7688162742672144 -1.08648799145308 4.996228335867995
83.69000000165468 2.724957161675597 -1.1913394733263367 3.4141290414856518
83.70000000165501 2.8483145906394687 -1.0360760084714644 5.452273296264969
83.71000000165535 2.637061722862366 -0.8322207394489685 9.733671234066648
83.72000000165568 2.737179029398645 -0.8377922416726598 9.222438104366333
83.73000000165601 2.646558826973434 -0.8039005257778449 10.254496783152243
83.74000000165634 2.4024756218957686 -1.0542805530840607 5.778037242661256
83.75000000165667 2.20677526652243 -1.1545032106357762 3.4433865617631274
83.760000001657 2.217198016475297 -1.040219158995349 5.563252077848773
83.77000000165734 2.1930932185107403 -1.0206946359083062 5.682658383451338
83.78000000165767 2.019495545540134 -1.1105233372844845 3.770927078825192
83.790000001658 2.201223652608076 -1.1512942055735869 3.4465844125783285
83.80000000165833 2.3600981789164437 -0.8729119433248874 8.872885303254579
83.81000000165866 2.350420050438969 -0.7689649251942645 10.874285951215613
83.820000001659 2.6409899816914066 -0.7698598512300339 10.952948093430564
83.83000000165933 2.637763728030701 -1.0664311890105422 5.6046913972238785
83.84000000165966 2.6542559780949686 -0.9839886416658539 7.068696750970782
83.85000000165999 2.80370899016362 -1.0400966843285853 5.5845149282703215
83.86000000166032 2.8247607571180606 -0.9541980419960252 6.900726543786787
83.87000000166066 2.881294386789415 -0.9461431808018315 6.595547834550661
83.88000000166099 3.021277444063098 -1.0338493334270384 4.369917196343693
83.89000000166132 2.712822286014707 -0.8809843912748687 8.614878347734956
83.90000000166165 2.6790667002780477 -0.9150942835393153 8.195547821747903
83.91000000166198 2.732277416936795 -0.8356812182512698 9.262426533790048
83.92000000166232 2.7857178044559614 -0.6821846096289821 11.278676843596873
83.93000000166265 2.83958500780878 -0.6399618158558406 11.428366146009239
83.94000000166298 2.9009823145422526 -0.5961847841607066 11.560479177576392
83.95000000166331 2.8841307004338916 -0.6029271503740208 11.649807113606798
83.96000000166364 2.9918123331088946 -0.7088385621106241 8.510386585432077
83.97000000166398 2.866192655214103 -0.9110219877628871 7.262710980976933
83.98000000166431 3.0653529486413738 -1.0555028611545725 3.8330071303499693
83.99000000166464 3.090160671204547 -1.1228656922933857 2.9175770341136626
84.00000000166497 3.031476009357344 -1.109025131017278 3.4016172863541536
84.0100000016653 3.096114243801466 -1.1016454984229767 3.140872862236518
84.02000000166564 3.064633741030711 -1.2221101828102328 2.0348320056791005
84.03000000166597 2.8823369738089166 -1.1428330047124573 3.821637154710367
84.0400000016663 3.209131748738196 -1.2236089279717366 1.884301716243895
84.05000000166663 3.2265287441140837 -0.9647564073374835 3.3655526994102978
84.06000000166696 2.9480347927122033 -0.8656960608085873 7.108688469840044
84.0700000016673 2.6258966500883822 -0.7157827697201775 11.950418714288748
84.08000000166763 2.997937539832047 -0.7793523132752822 7.797688850963796
84.09000000166796 2.7130745340373155 -0.6863838393152973 11.932506823279
84.10000000166829 2.79881298610319 -0.8069400543289748 9.348172352577537
84.11000000166862 2.7275846342650136 -0.6469654793467041 12.493757220099557
84.12000000166896 2.7933479635247886 -0.7411635340609133 10.198192706559466
84.13000000166929 2.660503596530312 -0.8253723691152727 9.786856670061903
84.14000000166962 2.4742828760700037 -0.8521825456771087 9.411058050986439
84.15000000166995 2.3700863585912875 -0.77272948686833 10.783589212132181
84.16000000167028 2.622019945486332 -0.7710497501511814 11.02886433224973
84.17000000167062 2.7572931785503534 -0.984346273856465 6.778175248069211
84.18000000167095 2.74700507058966 -0.9806885052645731 6.8669658422725455
84.19000000167128 2.766251503877947 -1.0853142970490468 5.011830616642604
84.20000000167161 2.5667507967856737 -1.1914310771080798 3.3719041108460117
84.21000000167194 2.346881743853619 -1.0478124151837367 5.900231728502451
84.22000000167228 2.117760599602309 -0.8885994823912754 7.492306369259317
84.23000000167261 2.042294872387939 -0.9282528114839482 6.55886961639238
84.24000000167294 1.9748956131088458 -1.128038206558704 3.613014639959779
84.25000000167327 1.9833691794060244 -1.0439391896774217 4.623875247499335
84.2600000016736 2.0535950646771983 -0.9131766393855208 6.8494804186207805
84.27000000167394 2.0474688978226285 -1.0499431226054259 4.621456564487897
84.28000000167427 1.9329079746947408 -0.8149401893621531 7.957838200567348
84.2900000016746 1.8148047400554006 -0.8080810303780513 7.3610455186600845
84.30000000167493 1.9635871963623148 -0.8673679618276688 7.271762495983183
84.31000000167526 2.0458085208330434 -0.9353548106449219 6.460777462888084
84.3200000016756 2.0552846663955826 -1.0509331063004148 4.626284855398117
84.33000000167593 2.2323735545602457 -1.1817643279443708 3.2511361712510034
84.34000000167626 2.189395247185439 -1.0054575559639538 5.879018299603696
84.35000000167659 2.1507617425987586 -0.9057077149036611 7.389235373051761
84.36000000167692 2.0935848278617577 -0.7804328344994047 9.027607118643648
84.37000000167725 1.9172900922006886 -0.7337038728719948 8.932954681618094
84.38000000167759 1.9720271060058654 -0.5878850701093002 11.693527299607696
84.39000000167792 1.9300722586832033 -0.5936113540927592 10.839320692678566
84.40000000167825 1.8472954391038552 -0.74788871111548 8.471927043803818
84.41000000167858 1.9061590967653455 -0.5560900619711333 11.067792963069149
84.42000000167891 1.8357933510280704 -0.5710319130826956 10.102502748572407
84.43000000167925 1.861640230626946 -0.667754059852421 9.442426537421019
84.44000000167958 1.8812209179879862 -0.4312249976049617 12.071608573387364
84.45000000167991 1.7106692673471047 -0.5279028980359561 9.3073201788644
84.46000000168024 1.937937977420917 -0.5720943900880796 11.385630136306371
84.47000000168057 2.137927446359272 -0.7928861968163611 9.036879586920268
84.4800000016809 2.0039225281412416 -0.894499420500839 7.030210773025013
84.49000000168124 2.072642506337873 -1.101207713970163 3.8462681684140163
84.50000000168157 2.1325300478607128 -1.153083605865435 3.1474328074002047
84.5100000016819 2.1002650390818633 -1.085896801126309 4.141785987063704
84.52000000168223 1.931329369749316 -1.0575098353344945 4.463516348964064
84.53000000168257 1.9600921881262403 -1.2008551142415913 2.8130403228851146
84.5400000016829 2.1222887923009 -1.1085743900174518 3.8177965397100895
84.55000000168323 2.044125636905889 -1.2275568286900964 2.333534509007215
84.56000000168356 1.8905756901988036 -1.3772878322643176 1.2118984542755686
84.5700000016839 1.7744034609228856 -1.5297911989035076 0.545321829308492
84.58000000168423 1.4823026203141305 -1.2788356140331614 1.5729258205056413
84.59000000168456 1.3661842073228077 -1.2966031251805008 1.3531725324341677
84.60000000168489 1.184765261308165 -1.2496952550304425 1.7242530295111091
84.61000000168522 1.4269937847870975 -1.3992897237389192 0.7701246973131513
84.62000000168555 1.3997130054922704 -1.498197189939631 0.25541060859727405
84.63000000168589 1.426760455537226 -1.5154314076451139 0.17422630506727432
84.64000000168622 1.3498833892446311 -1.081218412120762 3.188538452780165
84.65000000168655 1.4778316844342894 -0.9548642140909309 4.546986131029795
84.66000000168688 1.5722576426997397 -0.760057371366342 6.53480264267059
84.67000000168721 1.5178131921076765 -0.6358671582315819 7.006270220638644
84.68000000168755 1.5293863347053018 -0.8497668367110719 5.710931732217334
84.69000000168788 1.5311136337333027 -0.7524050671602399 6.484777441677036
84.70000000168821 1.667295857390903 -0.6308404851483358 8.239622324893435
84.71000000168854 1.870096644484279 -0.8445695913938351 7.145180747840397
84.72000000168887 2.0171738333548523 -1.082553500179868 4.103192635588776
84.7300000016892 1.7898885790047991 -0.9855387575296672 5.390210194874106
84.74000000168954 1.9344168965138635 -0.8895442428281374 6.76443856639057
84.75000000168987 1.9772080729969213 -1.0542990742944907 4.487457420465635
84.7600000016902 1.9814895499396068 -0.874398410144202 7.268222481943427
84.77000000169053 1.9569608489568409 -0.6998262390650779 9.561469445745452
84.78000000169087 1.6971274400433585 -0.7972437116197632 6.7633082382420655
84.7900000016912 1.5655119004598312 -1.1009077019653888 3.4484855538768873
84.80000000169153 1.656485502797643 -0.905271691155718 5.757341150791244
84.81000000169186 1.6605504647278937 -1.0122969622893365 4.761809651019679
84.8200000016922 1.5952106126501657 -0.9690343713330977 4.900941728947043
84.83000000169253 1.6477515867461205 -0.846159172658268 6.23159663144015
84.84000000169286 1.7477480413363649 -0.8240217258099614 6.706856408319633
84.85000000169319 1.8067949884872112 -1.0820454594886288 4.321737883498799
84.86000000169352 1.7613151193840435 -1.1193499180172437 3.8642998515956917
84.87000000169385 1.9786625233746489 -1.2601461807979826 2.140840776891223
84.88000000169419 2.033870583729662 -1.5738907935441488 0.61951283216222
84.89000000169452 1.9799711070320583 -1.3974382196169142 1.2626206248520493
84.90000000169485 1.9117539601348237 -1.3132050045003298 1.728155418505063
84.91000000169518 1.8666702611515456 -1.295570683306365 2.0599757024338654
84.92000000169551 1.5190128315661182 -1.0029339803880772 4.334926852641236
84.93000000169584 1.5094296161571263 -0.9268735076348739 4.984795113883903
84.94000000169618 1.3136965596870287 -1.1521280782770198 2.574925670331141
84.95000000169651 1.2845845461941625 -1.1716737136390756 2.4692594153285246
84.96000000169684 1.5156615530588489 -0.9302438452983836 4.993383850356418
84.97000000169717 1.6484687603304398 -1.0335767706664187 4.501251963024027
84.9800000016975 1.4764631513180473 -0.9298616842014303 4.741122850915407
84.99000000169784 1.6679550126492515 -0.7447001844718478 7.0083650443906444
85.00000000169817 1.5958995628749668 -0.7470853619452568 6.70921738458483
85.0100000016985 1.6829799938718892 -0.7134168764766197 7.461072349525342
85.02000000169883 1.8372420860286278 -0.8131208488095834 7.46621645136528
85.03000000169916 1.8232302509816116 -0.8515649812479054 6.690684922477592
85.0400000016995 1.7664902553425113 -0.738425898064112 7.9117282019927355
85.05000000169983 1.709542196383869 -0.9369366079926393 5.5946752274648714
85.06000000170016 1.5527664612323764 -0.9190841962331716 5.196178029370744
85.07000000170049 1.6398139411416834 -0.9397719960902733 5.3863450193229285
85.08000000170082 1.7947590786025067 -0.7106297619833085 8.490269317052835
85.09000000170116 1.8101393670756405 -0.6789600690364642 9.007722801361723
85.10000000170149 1.978905424010589 -0.6230174113729802 11.18602532821992
85.11000000170182 1.8254626550652775 -0.46036019068122414 10.999092342569702
85.12000000170215 1.71224782576002 -0.7742826532006771 6.943045056014698
85.13000000170248 1.7859472159275067 -0.8765274560067894 6.362840351004659
85.14000000170282 1.6442497964884768 -0.9535818208609141 5.287927296056839
85.15000000170315 1.7553641549894219 -1.0663889456943973 4.37626442321866
85.16000000170348 1.9217205036074279 -0.9403291560721998 5.856620523168034
85.17000000170381 2.27633097520213 -0.9937113727538596 6.6692837589237834
85.18000000170414 2.429153138911386 -0.9467931709944608 7.74662219263
85.19000000170448 2.318302475775104 -1.0488967831039728 5.886582230787271
85.20000000170481 2.044197458486868 -0.9894778836827136 5.567494507196975
85.21000000170514 2.045977772924572 -1.1114538555322042 3.717081336697559
85.22000000170547 2.127971149176265 -1.0691923596736852 4.496130750621775
85.2300000017058 2.2148678242903532 -1.099598326051316 4.494119706979154
85.24000000170614 2.0699353298898004 -0.8503340390225491 7.853992073222984
85.25000000170647 2.1844217261745715 -0.805746529703326 9.249832618808552
85.2600000017068 2.441659653047363 -0.9606738571142875 7.5155245818282825
85.27000000170713 2.664307177970678 -0.8593317846220838 9.11684047184706
85.28000000170746 2.6043732715046324 -0.7295003008042934 11.858313996871841
85.2900000017078 2.5300541510039567 -0.6579681859700516 13.432380030922367
85.30000000170813 2.52651466382701 -0.7988936288185826 10.692248001724499
85.31000000170846 2.4710661642902885 -1.0594052382718475 5.705817951977862
85.32000000170879 2.520764343272978 -0.9085626269661997 8.528163781603784
85.33000000170912 2.5184586889414815 -0.9773313860785368 7.257437630247134
85.34000000170946 2.541194310168015 -1.0134860285769078 6.553858578640979
85.35000000170979 2.518609977544844 -1.1904937313901902 3.1965947846359573
85.36000000171012 2.4269318380282687 -1.2614010996543266 2.373024891166825
85.37000000171045 2.5571278948141045 -1.2826853971925958 2.144896944855906
85.38000000171078 2.5164550089029536 -1.4195813460886177 0.9187471602602172
85.39000000171112 2.3676910237909947 -1.2835920151799898 2.2125354699269155
85.40000000171145 2.1823874068461175 -1.211119664588033 2.648359869724352
85.41000000171178 2.0924389170288045 -1.1261622868141936 3.4655179582360374
85.42000000171211 1.9948931755770354 -1.0873412508682625 4.076106778646724
85.43000000171244 2.0389944663364927 -1.1156647974539817 3.6733426101277975
85.44000000171278 1.9803573824552614 -1.1620638762119406 3.2169209054518153
85.45000000171311 2.0833947282538943 -1.344891906784153 1.4414337520528127
85.46000000171344 2.0929656921120063 -1.338512678257419 1.4984359780862042
85.47000000171377 2.126588909756816 -1.1776341691794792 2.8995376391739818
85.4800000017141 2.0220860784661445 -1.3127192589918353 1.6702184378704148
85.49000000171444 2.0886429513651437 -1.2779222934732464 1.936387127975566
85.50000000171477 2.018700390542899 -1.178762062507271 2.9539383973693276
85.5100000017151 2.1115302542816146 -1.0195679924916514 5.268676616268123
85.52000000171543 2.182010821588331 -1.124906206588902 3.751422103236007
85.53000000171576 2.2486218294543274 -1.048031826602177 5.6529490727708165
85.5400000017161 2.019194033906103 -1.0748272666062157 4.184480634690757
85.55000000171643 1.8889753333761523 -1.1979644176385382 3.016816631817983
85.56000000171676 1.8684302722622355 -0.9751621683191709 5.550388490509335
85.57000000171709 1.982605030136115 -1.160326950388646 3.230739977166687
85.58000000171742 1.99567030740607 -1.1456250430760946 3.35489751450298
85.59000000171775 1.8957634984739946 -1.3044953061783613 1.872614985216038
85.60000000171809 2.0297765274051485 -1.3874690452950107 1.2694187267144177
85.61000000171842 2.220872875672665 -1.163404197514707 3.4207269914435656
85.62000000171875 2.001239480552342 -1.0317950320941764 4.849234666593756
85.63000000171908 2.143238514656759 -0.9222911299545012 7.074889056989281
85.64000000171941 2.3880949999235264 -0.7804233603713856 10.647040136926192
85.65000000171975 2.486950615595326 -0.9464027064732174 7.82781902154344
85.66000000172008 2.4781178554419103 -0.9460349555797363 7.824905903674702
85.67000000172041 2.515838790435603 -1.022391074250423 6.404568298224224
85.68000000172074 2.4483537380501166 -0.9981083118045702 6.768829117969476
85.69000000172107 2.574823869887375 -1.1724069837221551 3.6764832282123323
85.7000000017214 2.76068718489928 -0.8201213846811317 9.41705565323291
85.71000000172174 2.6739798663149514 -0.6716131599901188 12.443789988730991
85.72000000172207 2.7755699360160127 -0.47619022382781473 14.907886275435299
85.7300000017224 2.860872068432341 -0.5025201121192546 13.584922922542054
85.74000000172273 2.7545458476180036 -0.5133781369413795 14.89328693412855
85.75000000172307 2.6131441504860176 -0.4052043419385911 17.331919934929672
85.7600000017234 2.5863183477302982 -0.5765187710026317 14.64804647768609
85.77000000172373 2.5959684270023913 -0.6518017527179778 13.255451932889855
85.78000000172406 2.632741830991692 -0.9669534159847861 7.441171344769312
85.7900000017244 2.430802856186605 -0.8371396459349766 9.594083026645544
85.80000000172473 2.39372398819067 -0.6099898976841801 14.074957956555727
85.81000000172506 2.3592022678371527 -0.6378735016050224 13.238478050624872
85.82000000172539 2.316949639996296 -0.7554400079013469 11.14347716815319
85.83000000172572 2.385583930695814 -0.6626731497153032 12.798937178400692
85.84000000172605 2.4194946716497148 -0.5410971449139211 15.648616959646121
85.85000000172639 2.266085706277448 -0.5735905819514793 14.209033349281743
85.86000000172672 2.1662081345468778 -0.6162090336112361 12.644636297369235
85.87000000172705 2.0188445617608974 -0.503293344246024 13.714068624510952
85.88000000172738 2.128136189439258 -0.6919005339770073 10.755236763520426
85.89000000172771 1.9509007205161335 -0.7400716522455688 9.13650004066639
85.90000000172805 1.729429657799308 -0.895306742417637 6.037361127354057
85.91000000172838 1.5049866426839622 -0.8727267163326345 5.413443104292234
85.92000000172871 1.48149427349303 -0.9529171011570631 4.5881192926381855
85.93000000172904 1.3609090419419798 -1.1022277853994895 3.0089450502270605
85.94000000172937 1.4259449106238682 -1.0544676298815445 3.416199810104157
85.9500000017297 1.472904559052472 -1.1149934312025764 2.957082002670523
85.96000000173004 1.4465750256919696 -1.195474798564165 2.0961865740199705
85.97000000173037 1.437274678793293 -1.3317853697252797 1.143135347564137
85.9800000017307 1.3532442372809674 -1.3141220765183763 1.2559975077975079
85.99000000173103 1.2656850453080728 -1.3710065551313861 0.9537542542236568
86.00000000173137 1.2134074973369815 -1.3696888844887418 0.9537421798586119
86.0100000017317 1.218786283348131 -1.3099576456830284 1.3019351700144823
86.02000000173203 1.1942904934851235 -1.1892536104156468 2.2721763566379956
86.03000000173236 1.2973826236351222 -1.1989449288662088 2.2068541241014317
86.0400000017327 1.384528813707248 -1.0574409674104293 3.4029489918298195
86.05000000173303 1.2544410712783973 -0.8543428809591921 5.1343757574721245
86.06000000173336 1.0967475549621513 -0.8153029645782103 5.551406798953394
86.07000000173369 0.949018743336451 -0.924948610453518 4.919611428877938
86.08000000173402 0.856157472544466 -1.1663537610202388 3.2060814056073106
86.09000000173435 0.7670905138241679 -1.1093605626927274 3.855572037638799
86.10000000173468 0.8218605730972499 -1.1169613256775046 3.6793438737837914
86.11000000173502 1.1831897841758616 -1.0557406124812287 3.4875953026248006
86.12000000173535 1.1581057580099383 -1.0199408781979145 3.855834278546691
86.13000000173568 1.1475513311976973 -1.0551274469863092 3.5287796112038583
86.14000000173601 0.902419018637548 -1.050572086250825 4.004652121460376
86.15000000173634 1.006211798738105 -1.1922719664661288 2.5259337426428425
86.16000000173668 0.9792178564924741 -1.2415604327747638 2.1466362486514705
86.17000000173701 1.0865075053901543 -1.1332462525017988 2.8972931333772545
86.18000000173734 1.0554102036976405 -1.0810330033659006 3.5105630828285155
86.19000000173767 1.3228771058142552 -0.9059701253571452 4.639736711956566
86.200000001738 1.554733231524527 -0.9400974929599809 5.01843120284333
86.21000000173834 1.7533423021201053 -0.8773132779346138 6.267927540836317
86.22000000173867 1.6972599990917905 -0.9576846595929851 5.389675049695938
86.230000001739 1.7325867957314647 -0.8303142107794875 6.602247942896994
86.24000000173933 1.8226614154623535 -0.8066815124091705 7.44801763980856
86.25000000173966 1.9695704980699908 -0.97751214327835 5.631318448796572
86.26000000174 1.9874453542835793 -0.8668448767609125 7.379504082818844
86.27000000174033 2.0247228478311086 -0.8935814693788505 7.0796298201376
86.28000000174066 2.0632115605497776 -0.9924715751107624 5.569678426516149
86.29000000174099 2.178999870224933 -1.0766627822023576 4.60353984621525
86.30000000174132 2.2077401702814425 -1.276916489473251 2.198845964608719
86.31000000174166 1.958957936826604 -1.1359941899049486 3.529975096048484
86.32000000174199 1.9878175069537294 -1.2783400601548913 1.9166550973227596
86.33000000174232 1.670470074827426 -1.176499149628655 3.0541923517394434
86.34000000174265 1.6721155617381827 -1.2362940084392733 2.4544631900230645
86.35000000174298 1.7317375852654522 -1.341308009719926 1.595431568996864
86.36000000174332 1.8580124283704296 -1.1519283415600357 3.6179423303599276
86.37000000174365 1.8253230028956215 -1.1074461372145894 4.101168346478353
86.38000000174398 1.8439091747661425 -0.9471772224692342 5.860041407709342
86.39000000174431 1.7021935608169207 -1.106410532626419 3.839287066908306
86.40000000174464 1.6720903654454133 -1.0500227103544573 4.367785409816216
86.41000000174498 1.722912314452668 -1.1205823212212596 3.7496686289912438
86.42000000174531 1.7046566811330472 -0.9391347944143622 5.565846345538333
86.43000000174564 1.9657373613195674 -0.8207323466068496 8.092038761398078
86.44000000174597 1.7111001469119653 -0.8151033890213915 6.6520761213541295
86.4500000017463 1.8745569049027977 -1.1363553420912966 3.719804644803378
86.46000000174664 1.8680176146603036 -1.108424497563026 4.057626086822014
86.47000000174697 1.7847388465320508 -1.1404264843804905 3.6767548437288182
86.4800000017473 2.0197015708107404 -1.1626342239357865 3.1313414723761777
86.49000000174763 1.9606780177463823 -1.1029176937059406 3.9380708008350247
86.50000000174796 1.942034272450585 -0.8148940787059923 8.030306674824267
86.5100000017483 1.9899815537668033 -0.9993231742226825 5.302355080610375
86.52000000174863 2.090533743229055 -1.0508884564013026 4.714100635844137
86.53000000174896 2.0799146590113597 -1.0591617368111004 4.543886945535781
86.54000000174929 2.0762826466308995 -1.0031136207232174 5.418981801189918
86.55000000174962 1.9479588999793385 -1.049237974418534 4.57064258462633
86.56000000174996 2.0685406471698373 -1.0615304662357232 4.474360632928346
86.57000000175029 2.128173093117985 -1.048090809183353 4.883156257214479
86.58000000175062 1.8276694083395322 -1.2487367923247117 2.6163420381058247
86.59000000175095 2.044484319816163 -1.1912839114178082 2.7431550710802273
86.60000000175128 1.9612140560580409 -1.0250144136679877 4.852358945835106
86.61000000175162 1.9523366594231237 -0.9566836521530546 5.8646173566833175
86.62000000175195 2.0829510270545892 -0.826507709663193 8.319307536231252
86.63000000175228 2.037791734099323 -0.7981874917003158 8.57457801431012
86.64000000175261 1.9890138267966586 -0.9444704061175978 6.225832301907767
86.65000000175294 1.9710534047497061 -1.0046378510578466 5.1693162130357235
86.66000000175328 1.953502237870984 -1.1739549668746037 3.1363980202413453
86.6700000017536 2.0875499814257124 -1.1090058731475403 3.736185626912719
86.68000000175394 1.9961497854071413 -0.9854172088889879 5.573538503695436
86.69000000175427 1.9724744750697982 -1.0203557319556502 4.950650062615075
86.7000000017546 2.1108251947850265 -1.0159622540142803 5.321340122673901
86.71000000175493 1.8565768334381119 -1.1260835663666797 3.8993305477573923
86.72000000175527 1.8226544672681362 -0.9739840760338043 5.575465455671814
86.7300000017556 1.8070834613069995 -0.9322893385492749 5.912438492976852
86.74000000175593 1.6135544297960793 -0.9556729764782508 5.117949133036978
86.75000000175626 1.5110490030248365 -1.0235188118920522 4.1003097797317185
86.7600000017566 1.5575596745484228 -0.9962270513036474 4.506283933413859
86.77000000175693 1.5776502758243565 -0.8487119382441668 5.847612222894547
86.78000000175726 1.485618175536124 -0.9290349729649791 4.810769572531027
86.79000000175759 1.412070074007685 -0.8554440334272295 5.093280031581623
86.80000000175792 1.2308254649606045 -0.6078948855473791 6.449125048189427
86.81000000175825 1.311390181269985 -0.5443868131352401 6.576765844220718
86.82000000175859 1.537077449879074 -0.9618972467051168 4.783882968690899
86.83000000175892 1.6028748080296376 -0.8587162931436164 5.882436597108706
86.84000000175925 1.511887186035084 -1.1247167215993104 3.0508501370183803
86.85000000175958 1.3057893556326228 -1.2751479288633458 1.531533746884332
86.86000000175991 1.3657829524105252 -1.243950798804768 1.769475900568998
86.87000000176025 1.3689964752928079 -1.1734642316852835 2.379233819833534
86.88000000176058 1.4195209201156715 -1.2865062407422747 1.4070237074112182
86.89000000176091 1.5961949407418123 -1.240321337255847 2.194487702645986
86.90000000176124 1.4444614314399573 -1.3571150929399323 0.9873754299175694
86.91000000176157 1.6340083281051072 -1.359138086889561 1.3108421639620507
86.9200000017619 1.6767932212829346 -1.0610952661953297 4.239348665410423
86.93000000176224 1.5758070191687028 -1.0721076395792932 3.7379229991775205
86.94000000176257 1.6992865336559055 -1.1059932209041432 3.8364775311738795
86.9500000017629 1.7349491615379693 -0.8713419110839721 6.255185868064664
86.96000000176323 1.8124559851343953 -0.9807344936293104 5.488739282467735
86.97000000176357 1.6719308084070932 -0.9590411621570244 5.317485385528685
86.9800000017639 1.7716684159372442 -0.7635728891480089 7.6262306584205595
86.99000000176423 1.7102435147661035 -0.915304788236924 5.791880440184508
87.00000000176456 1.7820090415097503 -0.9641307776874467 5.576985823466281
87.0100000017649 1.8015107356450186 -0.8933933437733691 6.259884849178249
87.02000000176523 1.6912762322315888 -0.8647187015472803 6.176456648655415
87.03000000176556 1.7361132529335643 -0.9689476846513159 5.403778340643133
87.04000000176589 1.9176829743222166 -0.8047229836269962 7.974436280996013
87.05000000176622 1.9798266110880718 -0.8151366318659531 8.253746975092975
87.06000000176655 2.0112713474980612 -0.7210541275665601 9.676803671023098
87.07000000176689 1.9943241461631904 -0.8496901431309903 7.675068503938426
87.08000000176722 1.981748996391826 -0.9616752952967518 5.947589090577487
87.09000000176755 1.9539210542678558 -0.738790961326954 9.17030926960933
87.10000000176788 2.0015123665240915 -0.7797707601038527 8.804948899837365
87.11000000176821 2.04810013777959 -0.6907346719421367 10.408687530227795
87.12000000176855 1.865914731461018 -0.396774280051462 11.989478054324119
87.13000000176888 1.9163949763506087 -0.5427773244636378 11.503515895070713
87.14000000176921 1.6193941086429886 -0.5156458363174601 8.417808451219608
87.15000000176954 1.586660536445231 -0.7219732424639506 6.807675138264484
87.16000000176987 1.5861359539454392 -0.5948791500728356 7.700885908317636
87.1700000017702 1.7070786919911176 -0.41165343219468176 9.386761763774143
87.18000000177054 1.8464368317153588 -0.3470704474343056 11.809189860015104
87.19000000177087 1.5219019845122808 -0.37115805471356444 7.661439736925097
87.2000000017712 1.5687918202272637 -0.18807112198891685 8.144515215371054
87.21000000177153 1.6003320838911885 -0.3465271416202007 8.249823773687877
87.22000000177187 1.5700476316875132 -0.3565956874044669 7.873133891391035
87.2300000017722 1.6698670848109272 -0.34769651408388014 9.01463903848907
87.24000000177253 1.6179025361876747 -0.2353471619932357 8.636979642919007
87.25000000177286 1.5505323365841839 0.03901903467431278 7.491422907563071
87.2600000017732 1.6087296740806745 -0.17984595672241988 8.62828305463108
87.27000000177352 1.408727469101398 -0.1556720185199455 6.80238541756256
87.28000000177386 1.5679334898125146 -0.14302868873593155 8.16200113173439
87.29000000177419 1.743936481326966 -0.0718283912680725 10.028655232463723
87.30000000177452 1.6156602608573738 -0.07103134921628929 8.473336318492649
87.31000000177485 1.7076412100376164 -0.07329468434794839 9.532146192734679
87.32000000177518 1.7117603999997197 0.040728772622573683 9.528563015113534
87.33000000177552 1.8822103313970429 0.30562061427883447 12.036163234981295
87.34000000177585 1.7805397855739682 0.06637740485501886 10.74667028843025
87.35000000177618 1.6567501348111726 0.1653818507267667 9.01057578582056
87.36000000177651 1.5500940780756598 0.2848328679675718 7.757617749972361
87.37000000177684 1.4557061480647322 0.45663933565206527 6.44134434528358
87.38000000177718 1.6226892960715502 0.6609971981360634 6.192352059006534
87.39000000177751 1.5507831851327634 0.5435791933192152 6.408926476516644
87.40000000177784 1.5044627081844095 0.8353034507503958 6.31380839672576
87.41000000177817 1.6064828317677378 0.8818781788613053 6.26032210147881
87.4200000017785 1.6577043316488653 1.0461223862538442 5.822091118903391
87.43000000177884 1.617868962590951 0.918824073554341 6.146960349818566
87.44000000177917 1.5760805376330176 1.1115668337293076 5.703448755968079
87.4500000017795 1.3076729885215248 0.9594368118090313 5.68647856042508
87.46000000177983 1.2090217389195637 0.9043795828837033 5.547094156997913
87.47000000178016 1.077459938340767 0.903424742905155 5.295607696076001
87.4800000017805 1.1661708930986774 0.6984903276002409 5.7380108062207364
87.49000000178083 1.1312082713226106 0.6970587315091262 5.671044641406521
87.50000000178116 0.994285100114305 0.5947862082433425 5.6817218479250755
87.51000000178149 1.272538493391706 0.339985611222889 6.856186026049729
87.52000000178182 1.0110323744204492 0.2963185732346419 6.782896800710337
87.53000000178216 1.4300755372101084 0.33099662907019106 6.917340813150124
87.54000000178249 1.4058269751728552 0.36872229074239715 6.788271464201972
87.55000000178282 1.4968356651856947 0.4420869386919836 6.6471512785895115
87.56000000178315 1.2523943865649143 0.3915305932154199 6.676519617585895
87.57000000178348 1.127507938248294 0.7130834179356257 5.627543743307083
87.58000000178382 1.0049215581654831 0.6583587164994181 5.578299348677904
87.59000000178415 0.9334290530256335 0.6599031706055067 5.492270502802734
87.60000000178448 0.8188002116216416 0.8038519741430762 4.97850006693414
87.61000000178481 0.7153160563986352 0.9614266311479716 5.032203418963475
87.62000000178514 0.4702223548888011 0.9394666000452728 5.138349631731041
87.63000000178548 0.5351087287343516 0.8338179152908486 5.273768904174224
87.64000000178581 0.5894966374316344 0.9289849734103041 4.770030498359963
87.65000000178614 0.6996504771305428 1.1174856466569403 5.158619503056291
87.66000000178647 0.755528965971007 1.303714715461449 5.078817831754636
87.6700000017868 0.9812785623159979 1.2943464574433459 5.341261033226508
87.68000000178714 0.9832786667938447 1.1711050921859685 5.427696101783084
87.69000000178747 1.020271222326199 1.2195153360000455 5.501981745057284
87.7000000017878 1.1907341387644514 1.1149719416192951 5.543135105214021
87.71000000178813 1.1547561626479228 1.120076030145226 5.522345091742027
87.72000000178846 0.8319777428433528 1.3259001971201274 5.1628521751764715
87.7300000017888 1.0659485088965523 1.4099185241300498 5.633133900379184
87.74000000178913 0.9410969591210184 1.2540085660309142 5.2754197210457825
87.75000000178946 0.9030644656585264 1.18722838460287 5.395827719697281
87.76000000178979 1.010133789363517 1.1009408151852156 5.3963380936188186
87.77000000179012 0.9247248598798545 1.1802818095097676 5.404799894643656
87.78000000179046 0.8244375617115437 1.2781471251327496 5.137766207001345
87.79000000179079 0.7070483327478185 1.3616036249920782 5.01416126644108
87.80000000179112 0.7819530899607298 1.6335395400064465 5.649105953893116
87.81000000179145 0.7918869653673417 1.7404426785191123 5.978322113529124
87.82000000179178 0.8105193753299591 2.041847137200721 8.254647599966365
87.83000000179211 0.8462798423820642 1.9365460408471076 7.026918200372734
87.84000000179245 0.7084836430404189 1.8239771061477419 6.1997985009754695
87.85000000179278 0.8431802077212098 1.9430676043804431 7.076704167510524
87.86000000179311 0.7209891733746472 1.6720339816806669 5.820142166966476
87.87000000179344 0.5823808937799544 1.7429519224401369 5.481359554369296
87.88000000179377 0.950637224730019 1.862929457655753 6.948252120805576
87.8900000017941 0.7417311201812593 1.77681404612189 6.084059817851697
87.90000000179444 0.7847776831687774 1.9153158498336196 6.576797791989501
87.91000000179477 0.8316637855956963 1.7692959804207415 6.042718905767519
87.9200000017951 0.8500959205070613 1.4757643305805215 5.382232890618278
87.93000000179543 0.8106902403467313 1.3010485828890075 5.1377830517674905
87.94000000179577 0.9359531001483115 1.2327990253726437 5.319571908670344
87.9500000017961 0.9027264442766216 1.3159440570167524 5.279227488146702
87.96000000179643 0.8523260980158578 1.3409000996214513 5.183216075868161
87.97000000179676 0.9617229979649492 1.2054260971592055 5.399974742548158
87.9800000017971 0.8896593999135344 1.3016236098058012 5.248481391778616
87.99000000179743 0.8977038548324032 1.4601346915573112 5.43639951604589
88.00000000179776 0.7347969609696519 1.6219721599817638 5.555477735283781
88.01000000179809 0.8683157741696192 1.476967541975109 5.411402761724522
88.02000000179842 0.9950509979113586 1.5741823066335812 5.673637341491185
88.03000000179875 0.8745023232416366 1.4870901671860077 5.4207773035144236
88.04000000179909 1.0004119613169347 1.471376247978105 5.588814518184503
88.05000000179942 0.7677667376437846 1.4018013118763823 5.149854741429923
88.06000000179975 0.6988084515392006 1.2297998391470348 5.0514128591177885
88.07000000180008 0.6617031472757362 1.0659417689673916 4.981517628175977
88.08000000180041 0.5233607757543797 0.8817286212337071 5.140332129812694
88.09000000180075 0.6092497271541621 0.8360798227003015 4.709763794616341
88.10000000180108 0.6891920997907874 0.8481739044461428 4.821293141316916
88.11000000180141 0.6754697979062225 0.9533824801470189 4.9461417724860555
88.12000000180174 0.7900506735038488 1.0871691308864517 5.186661261457857
88.13000000180207 0.5655789565446063 0.8949972511041555 4.732094833004048
88.1400000018024 0.5040463986992492 0.8663930297632565 5.339573401604481
88.15000000180274 0.7376871747151524 0.9278612147152115 4.968386652269976
88.16000000180307 0.64176214777856 1.1600999196880268 5.004683061042599
88.1700000018034 0.8259396102918827 0.9671932237684815 4.9819922661187235
88.18000000180373 0.5999441914157004 1.1817060027019948 4.872997739179317
88.19000000180407 0.5773137615614197 0.9403715086125117 4.772098857816372
88.2000000018044 0.5425682743757061 0.9366889060741375 4.748610442362796
88.21000000180473 0.5263800407139736 0.6235777122725491 7.5252308333922
88.22000000180506 0.5381804330126148 0.5596212509536977 8.119972843585838
88.2300000018054 0.5182939280480571 0.49731164097890257 9.090241998708777
88.24000000180573 0.5162830837726304 0.5618855183883454 8.210832600730903
88.25000000180606 0.28504994429098063 0.5936270633939313 9.592770472561998
88.26000000180639 0.22881159486452793 0.43233490136260966 12.481106361023613
88.27000000180672 0.5014286326082374 0.3798598974353591 10.455372828490589
88.28000000180705 0.4959747054116023 0.3243782437703563 10.866646484112291
88.29000000180739 0.47412539041120283 0.16466075328471963 12.204633249941887
88.30000000180772 0.5598540840444222 0.051254947102251314 11.21489835967208
88.31000000180805 0.5915638463338212 0.2528814339524187 10.053633565496789
88.32000000180838 0.36745431063955863 0.182532861094431 13.160509454084828
88.33000000180871 0.3327586016034088 0.0942898925746567 13.594851075750173
88.34000000180905 0.3172112506009764 0.15893653450451128 13.623371749362182
88.35000000180938 0.3417574104952834 0.07258357844815888 13.61122921262036
88.36000000180971 0.38280832311334984 -0.16488697211317083 13.380245786823236
88.37000000181004 0.24602793858576563 -0.09237918457714545 14.74508448513831
88.38000000181037 0.08067292796208447 -0.16359583737102856 14.945643584925474
88.3900000018107 0.06867106677231821 0.06508808010104905 15.19470638293347
88.40000000181104 0.02548311756622438 0.10793146471199921 15.180917258572538
88.41000000181137 -0.21442305712354237 0.14088544270172254 14.215197589131414
88.4200000018117 -0.4717174912297649 0.17976578468241677 10.9222579896263
88.43000000181203 -0.48194220758981904 0.2903599095926995 10.49018760849272
88.44000000181236 -0.5887400816302234 0.2743891756632525 8.800657086746769
88.4500000018127 -0.6708088489016844 0.15237742562413104 7.625012195941222
88.46000000181303 -0.6786438435765708 -0.04911615563827065 7.228688241655309
88.47000000181336 -0.6238329288177727 -0.11687878533942841 7.945653875634992
88.48000000181369 -0.5884091648966863 0.008894319208982648 8.346554642356827
88.49000000181402 -0.5683046635820889 0.04748708413747427 8.775512965645515
88.50000000181436 -0.5357985986768549 0.07459605133939362 9.449637416861934
88.51000000181469 -0.7313321779573898 0.27142298807621723 6.794949459589005
88.52000000181502 -0.7947345151695852 0.2940871885209646 6.022831349770722
88.53000000181535 -0.8037613225821667 0.23395082316051952 6.008797263884066
88.54000000181568 -0.8472622394799364 -0.22580299678114035 5.367547605259331
88.55000000181602 -0.7243866787800433 -0.04044192092573873 6.698546070858919
88.56000000181635 -0.6784938915167964 -0.011172272116638737 7.217970617793728
88.57000000181668 -0.5681298229598533 -0.07617075347149616 8.631560536874195
88.58000000181701 -0.6632618780996214 -0.07042129139820541 7.416213200780318
88.59000000181734 -0.5094835337043229 0.0438707508160191 10.040869496510762
88.60000000181768 -0.6956480595874361 0.36172837554789683 7.075231749539982
88.61000000181801 -0.7641173531702476 0.4879481372028117 5.289939922658883
88.62000000181834 -0.7067066660771684 0.6472033189735544 5.037054862148767
88.63000000181867 -0.7498271139379813 0.40629142652179207 6.015466581391375
88.640000001819 -0.6939994562600995 0.39131150212885824 6.903982021731982
88.65000000181934 -0.753178577685552 0.7371895204351394 4.08962283896082
88.66000000181967 -0.6125995270416325 0.5372366165695653 7.053122884592959
88.67000000182 -0.8225621370241498 0.5238279030044448 4.27588459927777
88.68000000182033 -0.6862328407599438 0.35994258619285946 7.206408054456164
88.69000000182066 -0.7084447111322358 0.5019910431898648 5.937156115052066
88.700000001821 -0.7878521907987575 0.5858243293020949 4.40976562174201
88.71000000182133 -0.8551992603425687 0.5467798203889203 3.678758171116753
88.72000000182166 -1.0642255432249201 0.4310364125442788 2.128372499595235
88.73000000182199 -1.1214090028377495 0.3761388895633673 1.9028816620048599
88.74000000182232 -0.8973290405941874 0.41456739528798126 4.127192097240846
88.75000000182266 -0.9523452561702579 0.41055176171048696 3.3666288911726663
88.76000000182299 -0.9887693713151788 0.5236589447106689 2.4713915132648654
88.77000000182332 -0.9406332824361398 0.36418472872692076 3.8074713979128574
88.78000000182365 -1.040989653174413 0.37947171601095053 2.640987193986892
88.79000000182398 -1.0187998921868697 0.47268233749942623 2.435868601481729
88.80000000182432 -1.2111933346871346 0.41185298658697533 1.3546563518982526
88.81000000182465 -1.3029024745723317 0.4756470811936312 0.9116094337832573
88.82000000182498 -1.1562920895604878 0.5116247582441966 1.455475867673292
88.83000000182531 -1.1279847350017165 0.4521595686960289 1.7236188511779547
88.84000000182564 -0.9145022944194408 0.25268878287427865 4.5056047721971595
88.85000000182598 -0.7532132188897418 0.4952214554165343 5.38249240207673
88.86000000182631 -0.6711201977490073 0.6217830244681313 5.6736937369012015
88.87000000182664 -0.725660420392243 0.8265217597619068 4.298334840343341
88.88000000182697 -0.8249436795734202 0.8753401718350888 3.4775111556914635
88.8900000018273 -1.1998860232827888 1.0823834267658636 0.0
88.90000000182764 -1.1723334382054742 1.3447333253666447 0.39076971310227204
88.91000000182797 -1.0565361545257597 1.476417189587655 0.5464345542975177
88.9200000018283 -1.0005232609067418 1.4994964947079867 0.7175148593091835
88.93000000182863 -1.0660000262195861 1.4026550471293526 0.6079339295667171
88.94000000182896 -1.286173418653452 1.5180377099384825 0.0
88.9500000018293 -1.2284550066378606 1.3881884096839876 0.19021182097083963
88.96000000182963 -1.2595537191008555 1.4710646801336846 0.012985898860040418
88.97000000182996 -1.0628819902179139 1.7202800212700127 0.338787667505743
88.98000000183029 -1.0105228012650969 1.715239027358436 0.49397534774383867
88.99000000183062 -1.0747768602812182 1.7648706446578386 0.2547244879089281
89.00000000183095 -1.0025810201900776 1.8433026017704028 0.37217450101550104
89.01000000183129 -0.837447372087298 1.7993519004243614 1.1978038886398377
89.02000000183162 -1.083651344391047 1.8995206488444738 0.11838604691764296
89.03000000183195 -0.821308685217254 2.0480287581660033 0.7460855757506499
89.04000000183228 -0.7091342702850499 2.113750837453846 1.0353967643408946
89.05000000183261 -0.8337060743344846 2.0303118894102608 0.7223017320970754
89.06000000183295 -0.7111712763299958 1.9906283371773572 1.170452707356413
89.07000000183328 -0.698365602662564 2.2529490042618905 0.8361312038397919
89.08000000183361 -0.7623352945131829 2.2012107984020437 0.6276809902532866
89.09000000183394 -0.9792776182412131 2.1609389049126713 0.24626963131612348
89.10000000183427 -0.9322802902429618 1.7394223494607044 0.7729712287570255
89.1100000018346 -1.2252611885509 1.6970293412770068 0.0
89.12000000183494 -1.368493230753269 1.5357954423883982 0.0
89.13000000183527 -1.3065098758931084 1.3047940135442933 0.02240545440589037
89.1400000018356 -1.1317594575198329 1.3243925471624893 0.5134214410081074
89.15000000183593 -0.988634741216204 1.0813343655828513 1.0570048977321005
89.16000000183627 -1.0950169952994004 0.9667160331669572 0.23494428311011878
89.1700000018366 -1.1294824610576464 0.7411442981808892 0.7947460798898275
89.18000000183693 -1.2420629858837464 0.5447348419072898 0.9464947813535963
89.19000000183726 -1.3039627169614119 0.6707500097615015 0.35369021597208544
89.2000000018376 -1.1789537148746199 0.6462052314463173 0.9731483850501068
89.21000000183793 -1.2802084268304952 0.8917707500595039 0.0
89.22000000183826 -1.2838066199668408 0.891773109312901 0.0
89.23000000183859 -1.23011793501842 0.7359029511206224 0.373949306203764
89.24000000183892 -0.952092882144884 0.5014122893830569 2.9780578209489077
89.25000000183925 -0.8119042761617645 0.5267449051432102 4.392048727433776
89.26000000183959 -0.8009571170429114 0.6058688075411843 4.128358668435843
89.27000000183992 -0.714433478376387 0.6866208686774423 4.52747666514596
89.28000000184025 -0.5559654989336186 0.6483110288470422 7.11595656332712
89.29000000184058 -0.5894325525326172 0.7537900846408166 5.445444830982542
89.30000000184091 -0.7212432254299475 0.771649183962451 4.263516706921695
89.31000000184125 -0.5055012889240063 0.9915858372678814 5.5759252956585375
89.32000000184158 -0.516660369877093 0.9150918797393821 5.7900201313076645
89.33000000184191 -0.7227131560624445 0.9537492197050665 3.9097413692237293
89.34000000184224 -0.8338854273777814 1.1377387848575942 2.116568431505709
89.35000000184257 -0.8738564137075369 1.0004054016732402 2.487074990937591
89.3600000018429 -1.082220006118368 0.9108121749251585 0.5328432170254517
89.37000000184324 -1.113296282811099 0.7879904459312195 0.7742104153848359
89.38000000184357 -0.949014311621821 0.733261828075934 2.283239566622212
89.3900000018439 -0.9601288822685079 0.8277012565385395 2.2046082382803975
89.40000000184423 -0.994536868930741 0.6703045758501097 1.998525388436848
89.41000000184457 -0.7988549429495948 0.6301801758753034 4.015839825553301
89.4200000018449 -0.8613493630997886 0.769840274968455 3.1692674829492296
89.43000000184523 -0.9966365880358428 0.6888640813899446 1.9013797739024525
89.44000000184556 -1.164803716543914 0.7075602927350371 0.781386578177789
89.4500000018459 -1.168261468131515 0.5109107026795376 1.4021822619896647
89.46000000184623 -0.9067118815503323 0.498813717450177 3.457973176021207
89.47000000184656 -0.6715246858819327 0.33056042870718794 7.514015356529758
89.48000000184689 -0.6807781396216045 0.2539226360568143 7.446619778814065
89.49000000184722 -0.5139049522458065 0.13678663444570027 10.019511584151795
89.50000000184755 -0.5819294050428615 0.13953143087304137 8.854478119515582
89.51000000184789 -0.6843437785440466 0.2658429152949843 7.3760875553754595
89.52000000184822 -0.8330829059572782 0.3350614242135499 5.464177821825236
89.53000000184855 -0.895243959873415 0.32225616227705056 4.6747928633113816
89.54000000184888 -0.7796338789233266 0.09337956715170315 6.217185840402964
89.55000000184921 -0.6945656691259265 0.042006231252224135 7.0739292408969465
89.56000000184955 -0.5793004212730968 -0.2142323240798255 8.556296051989628
89.57000000184988 -0.7875824726837888 -0.13670444800724701 6.045771957189741
89.58000000185021 -0.8432832847212234 -0.24371643181930164 5.445606454261767
89.59000000185054 -0.4365874093613804 -0.2920629907818661 10.16108818174412
89.60000000185087 -0.29615765476304534 -0.18529187105486078 12.742277828869993
89.6100000018512 -0.31701969753257175 -0.11720208107894525 12.928835981109726
89.62000000185154 -0.28985433185072795 0.04513733674248277 13.619212224118025
89.63000000185187 -0.0985132584817012 0.08087471355310116 15.007068615055337
89.6400000018522 0.11950147912118159 -0.09409705251948286 15.102088391861002
89.65000000185253 0.27283120636397495 -0.2856058348032542 14.206906047387116
89.66000000185286 0.2514492523724025 -0.197908892479007 14.468751569405562
89.6700000018532 0.4165651253220024 -0.3089449066191925 12.663859829979657
89.68000000185353 0.3558944136195614 -0.37706707057942035 12.779100953275389
89.69000000185386 0.35724491290252747 -0.25445382978602005 13.509051279041069
89.70000000185419 0.41922702277445845 -0.27478129725992717 12.796494736023332
89.71000000185452 0.4718152730064764 -0.3850421388460944 11.793028177769562
89.72000000185486 0.3887961179402819 -0.3432133726030391 12.632211869224982
89.73000000185519 0.48739441084047025 -0.4538583466907524 11.364295023773273
89.74000000185552 0.40097718751217076 -0.17035405748137555 13.188018435069768
89.75000000185585 0.34137791030337516 0.05513216947475985 13.66240140666881
89.76000000185618 0.2837461407388806 -0.045595381482777975 14.329989103632775
89.77000000185652 0.21135173565004323 0.18118456172837472 14.474361291479049
89.78000000185685 0.10007719259713158 0.1952372528152762 14.827780439974605
89.79000000185718 0.021979527705534213 0.48393720363946624 12.914592981176856
89.80000000185751 0.1589321722068558 0.49313761186850896 12.234446302310415
89.81000000185784 -0.0002483377367977456 0.4221675225836378 13.437014362078518
89.82000000185818 -0.11434825860798416 0.27370965488287147 14.282697178557637
89.83000000185851 0.040858415975248946 0.7242250325506067 9.742646247771237
89.84000000185884 0.016159797972903026 0.6572784309234015 10.740330273578559
89.85000000185917 0.19907179094861938 0.6499517108493422 9.696810440145017
89.8600000018595 0.10940068448040847 0.738541897297025 9.062422208864433
89.87000000185984 0.11966356433196224 1.0758164329342395 6.089897962918263
89.88000000186017 0.2646283877520472 0.9116309101841935 6.171221835784718
89.8900000018605 0.2994365402272163 0.7156579031979853 7.933169240601721
89.90000000186083 0.2285084576063704 0.7735144446333974 7.765094856296712
89.91000000186116 0.19185437923638843 0.6102643748357449 10.365235491691266
89.9200000018615 0.4215643449900553 0.4488253689327113 10.2637891141245
89.93000000186183 0.32071847348842075 0.47033585431279706 11.063350910805333
89.94000000186216 0.3078457080835318 0.5478821819879807 10.015400025298035
89.95000000186249 0.6022861873449155 0.6257645202162129 7.174055815134493
89.96000000186282 0.5078867079614533 0.6210368957834315 7.631678571256624
89.97000000186316 0.49130250073971415 0.719021933072032 6.748813787791622
89.98000000186349 0.5498861518169336 0.6756738896423996 6.974186411666115
89.99000000186382 0.5714041445222319 0.5856706003544383 7.734046947281383
90.00000000186415 0.5159232971362928 0.7604811548825192 6.17884504690415
90.01000000186448 0.49849238609837593 0.7688820993662896 6.183153708706887
90.02000000186482 0.5174049693174528 0.7586932461453639 6.193576071865286
90.03000000186515 0.43417482294856413 0.8546293002753121 5.75014272443618
90.04000000186548 0.4747722460083299 1.0777880064228131 4.625173456306651
90.05000000186581 0.33091795898672133 1.0533140420280762 4.98947508401416
90.06000000186614 0.3210104985207607 1.0214387938133067 5.227800363276914
90.07000000186648 0.4079203873198113 1.0840522391684688 4.667964204106486
90.08000000186681 0.4401790648679044 1.1897306802877154 4.575294918794201
90.09000000186714 0.34849203239510806 1.0973626122346567 4.73373939294453
90.10000000186747 0.2999866213064931 1.0785022342843682 4.962472243999988
90.1100000018678 0.4108592538430159 1.205618051366609 4.488656313593802
90.12000000186814 0.4260341195694612 1.2680837703743948 4.332756777521768
90.13000000186847 0.3760506534427784 1.4882214668017515 4.158219277137591
90.1400000018688 0.4173838650671864 1.755665326869752 4.627852752582605
90.15000000186913 0.47065523391310715 1.9114123539168815 5.547153202249849
90.16000000186946 0.33666192405413825 2.0571638667376764 5.42877427350232
90.1700000018698 0.2935107692898795 1.9514456167877745 4.775138185099641
90.18000000187013 0.4678401748019299 1.9808330080448986 5.872678124205951
90.19000000187046 0.3036241000881927 1.9760468014566417 4.917198032132697
90.20000000187079 0.42613731857848786 1.9764310278432207 5.637780874058396
90.21000000187112 0.2987334658449502 1.966151960604392 4.856622171232229
90.22000000187145 0.6512012399650562 1.9129342904781608 6.393858436801953
90.23000000187179 0.6357196372315976 1.9632123109824255 6.56991959243747
90.24000000187212 0.8781477168117973 1.8836102476592294 6.726807503582435
90.25000000187245 0.8945813723959267 1.9476863124704709 7.406458455769962
90.26000000187278 0.9497773043487326 1.9063462284191157 7.297661459710513
90.27000000187311 1.0287855123701466 1.9161064669148056 8.177563013927422
90.28000000187345 0.9851126164443923 1.9731874518170638 8.458456846367591
90.29000000187378 0.8479675001952846 2.0973136450089904 9.115379796426488
90.30000000187411 0.850350447765615 2.2012990620343933 11.138123080603895
90.31000000187444 0.992004208603884 2.279654809101715 14.177426805105158
90.32000000187477 0.9864256536720035 1.913640370648777 7.640368291102864
90.3300000018751 1.1526304078679908 1.7001127204690345 6.756260967549391
90.34000000187544 1.25820498446307 1.5392556609448962 6.104777179623969
90.35000000187577 1.240089584049146 1.598538268366387 6.465742129264221
90.3600000018761 1.2983336085195816 1.6180798995920358 6.613139165871047
90.37000000187643 1.3939183599179041 1.6294454437649866 6.700558928478199
90.38000000187677 1.4652926876716692 1.5284344412750301 5.869175522569405
90.3900000018771 1.4428869141745255 1.5376498578117346 5.875205191718338
90.40000000187743 1.5272517596105992 1.4776218071804923 5.777911394758323
90.41000000187776 1.4615832313388923 1.3141999663778763 5.5053983399941915
90.4200000018781 1.5048465602029253 1.409542569633214 5.5990231804276975
90.43000000187843 1.5717879124701928 1.4408522565942685 5.722430937281609
90.44000000187876 1.7611228174037366 1.1434813338776375 5.692335470713678
90.45000000187909 1.479580922294666 1.1379288555964409 5.606210067282915
90.46000000187942 1.5025004485606297 0.9266644034286746 5.979728648796303
90.47000000187975 1.5142567693848212 1.2092130471731162 5.584625621997056
90.48000000188009 1.356446736107171 1.2876295615572713 5.703233660935796
90.49000000188042 1.3110453880775024 1.175555361049562 5.7217684554294115
90.50000000188075 1.5244378033820862 1.0987888910638075 5.670068575374915
90.51000000188108 1.4523289302871245 1.1208655923969166 5.5688248641320675
90.52000000188141 1.4691682828648436 1.1810048270805518 5.588455978839599
90.53000000188175 1.2012524350137859 1.1573008764116335 5.620260040379636
90.54000000188208 1.0633492499582684 1.0562707246575842 5.454800527049192
90.55000000188241 0.9955972414685009 1.2051078917007443 5.448379454544925
90.56000000188274 1.121123043737542 1.2569788603749106 5.4838091412390035
90.57000000188307 1.0804937339582323 1.090601072672067 5.48998894527614
90.5800000018834 0.5714483981995776 0.9598891242401434 4.783944324866162
90.59000000188374 0.4270595199648301 0.9339781627598193 5.317903704623789
90.60000000188407 0.5548074161065808 0.9446733931451954 4.762093849203162
90.6100000018844 0.527322476206645 1.1137565806309704 4.761607219177917
90.62000000188473 0.6201019482935517 1.1657682138633578 4.93847955280337
90.63000000188507 0.6035252656373881 0.9230518727293778 4.787733961157297
90.6400000018854 0.48469887781367565 1.0367779321431727 4.644726249297794
90.65000000188573 0.4382806989211338 0.9945000538761682 5.003224189711365
90.66000000188606 0.47620011528216866 0.9234616890458911 5.175644629768772
90.6700000018864 0.6141310485474794 0.8989456542084305 4.778970725861774
90.68000000188673 0.6309985773082417 0.7624009356231557 5.506219959053009
90.69000000188706 0.6066826189281687 0.8076531449957074 5.047481505048505
90.70000000188739 0.5540650347512027 0.8804266636814787 4.89464959793748
90.71000000188772 0.5746921892931862 0.8439879697435533 4.844769475289935
90.72000000188805 0.5425699235356728 0.5956043229400347 7.767840032833764
90.73000000188838 0.42198234346246927 0.7890659822596655 6.337749907289335
90.74000000188872 0.44208399319552383 0.6498589905445717 7.6524455312662365
90.75000000188905 0.4497420782199739 0.6238385748639861 7.82340062361645
90.76000000188938 0.44388521637618883 0.5480185861246358 8.859073680403142
90.77000000188971 0.410401842916215 0.5257853370792296 9.474367886540175
90.78000000189004 0.4843561654230761 0.5565848160694787 8.467590728182646
90.79000000189038 0.45012709009638524 0.3834938165313471 10.790689558053451
90.80000000189071 0.32499031470572987 0.4599000266967236 11.10461776948306
90.81000000189104 0.4136448097884894 0.5533962603166485 9.00863289434383
90.82000000189137 0.6324916564029902 0.6050951829482303 7.198867291217635
90.8300000018917 0.5792550060478172 0.7429584055037608 6.056536028710333
90.84000000189204 0.6072568820382063 0.6877047751417106 6.572838884516242
90.85000000189237 0.6163289883152725 0.6534799643372606 6.868004045087366
90.8600000018927 0.6723423649850626 0.9046877689125654 4.862672857692949
90.87000000189303 0.4572903797167864 0.8330328513159967 5.745335033789981
90.88000000189336 0.8753704632440907 1.0922868030937378 5.217636233076689
90.8900000018937 0.8042750993506801 1.1497179345688393 5.275058204727279
90.90000000189403 0.6419358998613236 1.076431665421133 4.944148643165226
90.91000000189436 0.5088827784197705 0.8986382617857699 5.125429127572897
90.92000000189469 0.4759459539241768 0.9493840322972965 5.0765099956292215
90.93000000189502 0.5471118515060488 0.9174130695136375 4.773061208642035
90.94000000189536 0.7045568668458975 1.09322232628241 5.138133304691401
90.95000000189569 0.6368982296995814 1.1750139197925802 4.991614378521296
90.96000000189602 0.3869479497869081 1.0108518081002684 5.057015997118025
90.97000000189635 0.38229829056983966 1.1648858682884211 4.552112950516659
90.98000000189668 0.3846541423186316 1.236926645221302 4.3738210051725375
90.99000000189702 0.5027815034784727 1.0159174496529708 4.696519257000178
91.00000000189735 0.41718034992452757 1.272421433008111 4.321769165142148
91.01000000189768 0.5585189803031008 1.2895227374805338 4.571028762333737
91.02000000189801 0.494399774626688 1.2445398225241064 4.512849805603503
91.03000000189834 0.604372219430538 1.3453408494448826 4.64864085684915
91.04000000189868 0.6498768264668076 1.4548941897948762 5.020954425699512
91.05000000189901 0.4968149358683551 1.5982982556840004 4.608559219114714
91.06000000189934 0.6155080399819665 1.6402572394090784 5.272869700174125
91.07000000189967 0.6781789062171086 1.7916726896645412 6.025472950436277
91.0800000019 0.7075836978858221 1.565113371240711 5.298106356236287
91.09000000190034 0.4809993491445389 1.4875105587353845 4.46388758036849
91.10000000190067 0.431717751243774 1.4270480678394013 4.294601152911181
91.110000001901 0.46619303792929423 1.208889287878715 4.559768637868495
91.12000000190133 0.2538340443819489 1.2363883664226771 4.770142653169506
91.13000000190166 0.3262299333841099 1.197717989321583 4.7169923138630585
91.140000001902 0.24131934705777658 1.532693907483916 4.19540357172775
91.15000000190233 0.6146482675876465 1.5580675570131077 4.94276788632759
91.16000000190266 0.415335393056224 1.4562354107395583 4.253600120742224
91.17000000190299 0.3481081391859375 1.5986409724186548 4.06782538834181
91.18000000190332 0.3827530623307082 1.4917484955300564 4.146506261293057
91.19000000190366 0.37576710431340277 1.5321355065525304 4.084189291841742
91.20000000190399 0.4322612206959193 1.587039898783621 4.282834898223461
91.21000000190432 0.2750889418098443 1.8012437900996077 4.2219328800885805
91.22000000190465 0.1888588105178638 1.6813640133083299 4.054649673073421
91.23000000190498 -0.03207459007075636 1.8411766210991458 3.8153297381429905
91.24000000190532 0.06059692018807422 1.89279332476863 3.862858148992742
91.25000000190565 0.13342746370801017 2.024310586909809 4.100198182977596
91.26000000190598 -0.11509162983908461 2.247093865412354 3.0628059983101936
91.27000000190631 -0.15428849002002287 2.0396161134275466 2.849226465450033
91.28000000190664 -0.058364110622481924 1.9146459235887359 3.64402561999492
91.29000000190698 0.03281288478087807 1.8848564712072524 3.8116383203203474
91.3000000019073 0.020045684047627632 1.8299776839860873 3.8746343347502044
91.31000000190764 0.08196355289768892 1.7097801564560537 4.076103587167775
91.32000000190797 0.2640458052710901 1.7563813880635015 4.045388291274124
91.3300000019083 0.5116068701217893 1.622770871318273 4.770942268848874
91.34000000190863 0.5411392605342874 1.4926209830009127 4.6871822187433025
91.35000000190897 0.30319891999530113 1.1947501657027284 4.793619779421972
91.3600000019093 0.32149502101018324 1.223005364462828 4.642393043943839
91.37000000190963 0.2751216805741592 1.3428503575119428 4.603932329932417
91.38000000190996 0.30207618091998656 1.2928779721747845 4.575403121061038
91.3900000019103 0.31677567904460324 1.3321384687046764 4.523998094007669
91.40000000191063 0.1818713869526581 1.344796494639656 5.036199770431009
91.41000000191096 0.2254589722499573 1.1269519916951063 5.163475735843609
91.42000000191129 0.3186752279696492 1.0637990445629844 4.9738768883135975
91.43000000191162 0.24498554331142924 1.0166967873528667 5.640011370108182
91.44000000191195 0.44122997662750313 1.1584385935327082 4.5823945379602335
91.45000000191229 0.50535651798364 1.219062083271703 4.625930383273244
91.46000000191262 0.4537627695949123 1.3122841719474139 4.363629287951573
91.47000000191295 0.4816973838981752 1.0524210356130859 4.632840496871382
91.48000000191328 0.5770833260798207 0.9688951573609597 4.794372551434812
91.49000000191361 0.8455775534591865 0.9034336832487111 4.780510369632003
91.50000000191395 0.7802609027669991 0.8414106970976185 4.840871928615658
91.51000000191428 0.8383933548239614 0.7568339098305716 5.180265076691827
91.52000000191461 0.8984167847600648 0.6468153335497544 5.511463854750092
91.53000000191494 0.9026742971160971 0.580455200860839 5.892082190257242
91.54000000191527 0.6854232625997037 0.7638610899486425 5.2802934034202895
91.5500000019156 0.7984245984647059 0.9258627731454148 4.912460657423147
91.56000000191594 0.8022460526920476 0.7611902407792254 5.209939566954401
91.57000000191627 0.8927341347863946 0.8724449824061251 4.824260380541389
91.5800000019166 0.9538895466787511 0.8376162977519807 4.980896960733411
91.59000000191693 0.944907890282353 0.6282862970086268 5.545811139318085
91.60000000191727 0.7005465234896164 0.8456105004345701 4.828015717481512
91.6100000019176 0.9789764301942545 0.8992309174662785 4.977412592414099
91.62000000191793 0.7600050610779008 0.7663490355753102 5.248431602887319
91.63000000191826 0.6439624221095258 0.651524017782539 6.722642880857643
91.6400000019186 0.9739707624637365 0.544819213370442 5.815994291562516
91.65000000191893 1.1859824081502777 0.6166905478683523 5.849408709513704
91.66000000191926 1.3651462023158496 0.6853948695730094 6.075902129540281
91.67000000191959 1.4635519826196906 0.7026330983923023 6.038151752962304
91.68000000191992 1.6772328754660295 0.6230663771733376 6.613270474075691
91.69000000192025 1.753304576688563 0.7700352464961215 6.277695479277776
91.70000000192059 1.8105577166276343 0.9179498174122127 6.357283908334238
91.71000000192092 1.7722142783149102 0.891100419017648 6.382643990001691
91.72000000192125 1.9291930601456442 0.6439563767477967 7.946499333457933
91.73000000192158 1.69579406968132 0.4365453413732985 8.404962314900345
91.74000000192191 1.6479700555361063 0.44433288735161347 7.864112855094938
91.75000000192225 1.500358627839465 0.5986160063704996 6.22469168833617
91.76000000192258 1.8621435785451288 0.6957194434116079 6.554527859905322
91.77000000192291 1.7216264824660734 0.7115724186404697 6.191893758195859
91.78000000192324 1.6895672827371446 0.5606607353541044 7.458475090828955
91.79000000192357 1.6398407947054428 0.5789899709133837 6.7310576269485445
91.8000000019239 1.6556769641045335 0.5833472579509206 6.800644689739292
91.81000000192424 1.6286804859015946 0.6676507407831235 6.182549179163655
91.82000000192457 1.6370206984139408 0.7964683237201501 6.289629575439631
91.8300000019249 1.793489519390397 0.42601523702996197 9.169944251984262
91.84000000192523 1.7062966704667915 0.5619472652652509 7.587406384511393
91.85000000192557 1.8803812306566061 0.7674071946565898 6.359035800260288
91.8600000019259 1.8728080671182328 0.5879581734304119 8.369900561620693
91.87000000192623 1.90278909774475 0.4973566100918898 9.534485946489866
91.88000000192656 1.8371517706983034 0.6673498325628131 6.775368810103613
91.8900000019269 1.6921478996681438 0.5822176636657107 7.156236674712994
91.90000000192722 1.922897930241193 0.706498456521869 6.982813646334448
91.91000000192756 1.8275739067369146 0.46876270080256105 9.02771688894496
91.92000000192789 1.7288735202539895 0.3185740676548089 9.60699523617619
91.93000000192822 1.6898491938495455 0.33247062497751334 9.242328386122127
91.94000000192855 1.6799967655493548 0.44731074369901014 8.162991081159266
91.95000000192888 1.8702219043697181 0.699547544474935 6.584824569236061
91.96000000192922 1.9173886632831822 0.7308430974657759 6.582147119023489
91.97000000192955 1.957657137804362 0.6314596870968313 8.417681830141476
91.98000000192988 1.8799965486505974 0.6171491698873349 7.855111088544183
91.99000000193021 1.8312117547452376 0.7181064224145112 6.27833745320069
92.00000000193054 1.7743732944949313 0.6061362004245253 7.2702222446217055
92.01000000193088 1.7821858273420417 0.510124370588816 8.455606574113727
92.02000000193121 1.8159192215224098 0.6496077493947763 6.860528446313951
92.03000000193154 1.9124231127497453 0.7223864250641687 6.648454047843645
92.04000000193187 1.8505166485621647 0.8234285435346135 6.582090785571799
92.0500000019322 1.8444675580306453 0.8504523758995388 6.583388233041207
92.06000000193254 1.8573962905155563 0.7212135441389962 6.340761727291161
92.07000000193287 1.9591599474852723 0.6566915070782218 8.104747208329051
92.0800000019332 1.9219403322848088 0.510784883606281 9.65147319781028
92.09000000193353 2.0583466500912535 0.6832829007749642 8.52819104837745
92.10000000193386 1.8945850825973638 0.8330357455297579 6.684326454685766
92.1100000019342 1.9977852160623555 0.9302862969249106 6.505267072674884
92.12000000193453 2.193121113501382 1.0027363942836425 6.3015262109639405
92.13000000193486 2.222796897441013 0.8910391551482205 7.574821769307739
92.14000000193519 2.1905093539148695 0.7965783420071505 7.990401386528028
92.15000000193552 2.1415357460030044 1.1009735688046136 5.630759951529717
92.16000000193586 2.0063628732897074 1.0806648244753787 5.746158353887886
92.17000000193619 2.0753990958137702 0.9728279550248743 6.186439812220603
92.18000000193652 2.120555764265544 1.0468029663930287 5.831072683551842
92.19000000193685 1.9029527848602115 0.9607028023958921 6.199603955070295
92.20000000193718 1.9450510061294335 1.4734932913454362 5.343387712175787
92.21000000193752 2.079557261509161 1.239267255285434 5.099113882150988
92.22000000193785 2.138860239423341 1.1713290555704334 5.426933793425364
92.23000000193818 1.9937732261054986 1.5169176804919726 5.407083786596047
92.24000000193851 2.0140114967741294 1.701282296549003 6.511049774179877
92.25000000193884 2.1904285298902715 1.5592565934481653 5.332005234995933
92.26000000193918 1.9948936160184005 1.5893395622142488 5.8072467051701855
92.27000000193951 2.3009803635517527 1.6836398377641102 6.058042176317049
92.28000000193984 2.3194397710272674 1.5745305416695845 5.629393613765901
92.29000000194017 2.297313374963411 1.6335843373585515 5.867676606361648
92.3000000019405 2.1605351417806995 1.6362790956374127 5.948954398677264
92.31000000194084 2.117835393682084 1.4209976967068825 4.893681355869569
92.32000000194117 1.9773903521901184 1.7646087265598989 7.113747303772145
92.3300000019415 1.8836068777238248 1.6723407667771784 6.602221168189671
92.34000000194183 1.9713797726249156 1.7265982553178272 6.762930262135486
92.35000000194216 2.0014537937257546 1.5441481072716794 5.478646583439139
92.3600000019425 2.246078208263831 1.606333571328609 5.733333951739096
92.37000000194283 2.1029371794416747 1.4614857837288937 4.922312292662463
92.38000000194316 2.364965238643398 1.6023286816854505 5.765180001033523
92.39000000194349 2.3166045615340485 1.6394416568986512 5.911607028310941
92.40000000194382 2.4029454728680704 1.7610003635719433 6.413120226542583
92.41000000194416 2.5427855533212234 1.6357212478317313 5.772239520632188
92.42000000194449 2.5308530871275488 1.4944666117049248 5.243818524167303
92.43000000194482 2.4984107273985203 1.5124299284336327 5.3054402665785965
92.44000000194515 2.1745357349115797 1.3039743524590657 5.059971737085359
92.45000000194548 1.8875257012479798 1.1777132725713573 5.534163901850008
92.46000000194582 1.951296875273771 1.4096795759959906 5.2051593940098355
92.47000000194615 2.055407590771694 1.3573839094922278 4.870362837694113
92.48000000194648 2.029738270936904 1.2790872526986008 5.029404478229601
92.49000000194681 2.05546446656709 0.9935969005050582 6.019615776220602
92.50000000194714 2.0769822832701985 1.0704137641469789 5.702866512030899
92.51000000194747 1.9855278590433434 1.0771453478239228 5.81424603726396
92.5200000019478 2.028004843591442 1.2067696324510941 5.272541004696186
92.53000000194814 2.047575552995298 1.0625283740205558 5.711276026481954
92.54000000194847 2.215941670726982 0.9024014209017442 7.4360770256823585
92.5500000019488 2.0392738602041818 1.0774273063313222 5.667017581435998
92.56000000194913 2.0130964542811123 1.0326520588102917 5.93079206243168
92.57000000194947 1.7834280290447848 0.8532612069901153 6.464701127473246
92.5800000019498 1.8188304881972468 1.10930995579377 5.719751755188263
92.59000000195013 1.818983033720231 1.0536341565581786 5.878081942725097
92.60000000195046 1.9199617129239057 0.8682211339647146 6.653564252256113
92.6100000019508 2.087350103246656 1.1031840791625587 5.562383120925459
92.62000000195113 2.151627820509093 1.1932541956374143 5.38138858173804
92.63000000195146 2.3905685575342357 1.3093523592757428 5.1911137167214365
92.64000000195179 2.4326562047794753 1.042842213091641 6.386317925376496
92.65000000195212 2.4350692369788276 0.9744819737777897 7.194676419455649
92.66000000195245 2.3912128993173485 1.0989934201046194 5.989349369445583
92.67000000195279 2.1582456011634434 1.1131496749954897 5.598935569439647
92.68000000195312 1.9538274382603413 1.2288418257781037 5.328424752140133
92.69000000195345 1.9444300704929427 1.1482822388948877 5.564998586297796
92.70000000195378 2.1321176655177574 1.3126471391092727 4.952351116898681
92.71000000195411 2.039038405914252 1.2589393008871204 5.02166253575894
92.72000000195445 1.9021019068434417 1.5828143446166894 5.940604446666218
92.73000000195478 1.9518001619870113 1.490579598627645 5.415920124987628
92.74000000195511 1.820619806129403 1.4276764029095343 5.573885514843381
92.75000000195544 1.6137537812807174 1.4091188372616086 5.672016780724377
92.76000000195577 1.5630714531861483 1.3630235423027774 5.618414828608575
92.7700000019561 1.611846882249493 1.4774130923321183 5.776689001355031
92.78000000195644 1.5534191216163293 1.579512242745099 6.36487461177603
92.79000000195677 1.599611979832883 1.6084124245174398 6.492631313641033
92.8000000019571 1.7183042206320966 1.5684880417452662 6.118104418549082
92.81000000195743 1.7362938331763345 1.7351269233413928 7.601625598479898
92.82000000195777 1.7601314930593612 1.889713278710003 10.608418232039472
92.8300000019581 1.5374511638172026 1.8534088404581066 10.921697785374606
92.84000000195843 1.3494213671699282 1.8979763574801916 11.092526482905019
92.85000000195876 1.3573487013440355 1.9333303896998455 12.110539829469618
92.8600000019591 1.465637938043192 1.786569421392575 8.983437801666106
92.87000000195943 1.337063818876166 1.988104071483749 13.515193543947632
92.88000000195976 1.6201037140000485 1.8875521343222803 11.489476910303232
92.89000000196009 1.5772776939041302 1.873520473848831 11.301606916115322
92.90000000196042 1.675568207087625 1.9059570941095503 11.821318055741719
92.91000000196075 1.7914960387827572 2.07283673008536 15.93392863478655
92.92000000196109 1.9338063508321204 2.106976753403251 15.720992667512732
92.93000000196142 2.0056346411410737 1.9835697901769793 11.703916728210354
92.94000000196175 2.0586277245417746 1.8819233703240128 8.954442738015972
92.95000000196208 2.1098999797248466 1.8506744631034417 8.235960742209608
92.96000000196241 2.1824231808078256 1.7489018442494442 6.883288855454803
92.97000000196275 2.2098587979941313 1.550977064341851 5.311550670572396
92.98000000196308 2.0675848238644767 1.5946212443871381 5.500277216000624
92.99000000196341 1.9048889355069245 1.5382733566277067 5.683992013542877
93.00000000196374 1.965509836826187 1.5344202698237401 5.5800632995221715
93.01000000196407 2.0749837552184522 1.4889332960819033 4.931217280597363
93.0200000019644 1.8916645219249886 1.4717633063351432 5.434330514822868
93.03000000196474 1.936819073720353 1.769983537508611 7.375392495911563
93.04000000196507 2.011798519150384 1.9459159429380954 10.726151470965757
93.0500000019654 1.9853567859384353 1.8041541085240893 7.79753006892987
93.06000000196573 1.890193416017012 1.7493259809622466 7.191746148989317
93.07000000196606 2.04174855526997 1.7885888460193062 7.168623381860268
93.0800000019664 1.9587553071332218 1.8116222153440473 8.047128377157208
93.09000000196673 2.060636899152372 1.7135276526347836 6.442033559152214
93.10000000196706 2.0142517994705513 1.578452138651152 5.627595244504633
93.11000000196739 1.9494998273009638 1.7059504834523702 6.677602424402979
93.12000000196772 1.9627172075365649 1.9527761883781736 11.14149677118421
93.13000000196806 1.962666710498859 2.140190499131265 16.263718835646763
93.14000000196839 2.181718800512014 2.0642770456117834 12.576528533901755
93.15000000196872 1.9379239917243025 1.9806780917743292 12.12382772380677
93.16000000196905 1.9706147286285882 1.9422925617350724 10.89791636929521
93.17000000196938 2.1656166014873617 1.899892241637938 9.161493346585004
93.18000000196972 1.911217652554677 1.7503346641373256 7.0643705940288575
93.19000000197005 1.8952618974627058 1.6013046224660057 6.05375268357023
93.20000000197038 1.951558344822235 1.4743106364798064 5.34118743961613
93.21000000197071 1.8723176731358555 1.435567126737383 5.469434209038541
93.22000000197104 1.954988034524537 1.3564194297987004 5.188819607443094
93.23000000197138 2.111096067868588 1.4229052651139527 4.879557142086775
93.24000000197171 1.8878012835136877 1.3424100896744764 5.341411121562537
93.25000000197204 1.9611484621942874 1.7325892395653735 6.7932235608108815
93.26000000197237 1.8273020530785338 1.4779356994936046 5.603231860951485
93.2700000019727 1.9631466355883869 1.2639408798734488 5.218059831152517
93.28000000197304 2.068598092917372 1.2982544452603129 4.938419773968299
93.29000000197337 2.0664733321301623 1.2188003047129046 5.177400414958519
93.3000000019737 2.262378929462063 1.2632390770548445 5.416982505455216
93.31000000197403 2.0675424907935502 1.1492910649413073 5.4102338052347525
93.32000000197436 2.275115921789075 1.1396969968183364 5.745972181363402
93.3300000019747 2.400319765256123 1.2843649210969108 5.29160772423063
93.34000000197503 2.456639082813748 1.2441133798281645 5.488850346579142
93.35000000197536 2.716262364055566 1.325137042629718 5.323711215554416
93.36000000197569 2.7893103293466255 1.3978261578384499 5.200025694818459
93.37000000197602 2.935432052913276 1.4433243954466213 4.614426624139943
93.38000000197636 3.1257746511357984 1.329425580597283 4.40224126454487
93.39000000197669 3.339251837096723 1.1992029374014181 3.2310645668783238
93.40000000197702 3.304645405759911 1.0715816935681048 4.4072906602864865
93.41000000197735 3.1503237234672086 1.1509963094560938 5.215549918209857
93.42000000197768 2.962118661334352 1.086285823066912 6.191510625351826
93.43000000197802 3.060560356550088 1.1502204411394434 5.487624892428842
93.44000000197835 3.158726052459919 1.0918536582405727 5.502330426030911
93.45000000197868 3.173238768582261 0.8137307928547568 7.158770925776218
93.46000000197901 3.126871617648603 0.9137030174915615 6.807335529868409
93.47000000197934 3.1769805672962192 1.1864173030958705 4.8840775560324525
93.48000000197968 3.194472244883596 1.1567150095001262 4.9220166612882394
93.49000000198001 2.9702797256811975 0.9785367360901922 6.888070596224756
93.50000000198034 3.0666996665680184 0.8126475731362655 8.129602190729958
93.51000000198067 2.958195454562039 0.9022110239677281 7.98581678858211
93.520000001981 2.840244492869091 0.8739565997300209 9.07686838058449
93.53000000198134 2.935811700024541 0.7534214088693797 9.679872843883409
93.54000000198167 2.9613261738221643 1.0112583363086631 6.638173417083669
93.550000001982 2.7515092687937823 1.013539283771065 7.974686224246327
93.56000000198233 2.8850711481087155 0.8648725946732059 8.894728852810655
93.57000000198266 2.6356315004979995 0.9675795181550104 8.460284961450688
93.580000001983 2.6152725819815608 0.9771839438067289 8.193313160807666
93.59000000198333 2.3350777143695316 0.861069637401702 8.478018746798465
93.60000000198366 2.4113281923884773 0.9597727345717312 7.400583999778735
93.61000000198399 2.638241190715043 1.035589372302303 7.564719719720406
93.62000000198432 2.797507681300345 1.2810429840919693 5.701454855853365
93.63000000198466 2.9629140912174634 1.2810029746258267 5.187921251914556
93.64000000198499 3.092535651009982 1.4154820374936312 4.169571686759671
93.65000000198532 2.766879238034887 0.9219575161269337 9.328636003097657
93.66000000198565 2.8595257986909597 1.1040660127277846 6.429230163830792
93.67000000198598 2.92596993627538 1.033216919282993 6.65876857453432
93.68000000198631 2.974332456193169 1.2677936656547013 5.183693354466461
93.69000000198665 2.925004469258176 1.3225309784062336 5.147755169163618
93.70000000198698 2.940094257303323 1.1915517520689176 5.829490013659139
93.71000000198731 3.0360304698033804 1.3280348274898168 4.610043607528171
93.72000000198764 3.0580522801359473 1.2736405336003174 4.818428203327834
93.73000000198797 2.943490062674239 1.3922702806989133 4.763355467088957
93.7400000019883 3.0311957742784426 1.1533011800880568 5.548870064206847
93.75000000198864 2.763717820960139 1.3176051835031868 5.498958656194998
93.76000000198897 2.734450505720927 1.4107486948854453 5.172349527574685
93.7700000019893 2.7006591838559446 1.3975752464309903 5.143586023835859
93.78000000198963 2.922093377064927 1.6743336612257804 4.3171908018335845
93.79000000198997 2.8878731247998335 1.4852196998350915 4.6300752456068786
93.8000000019903 3.0100336228040954 1.5684568998939994 3.87678131306723
93.81000000199063 3.1055605078339905 1.3211121523029001 4.525497210175546
93.82000000199096 3.0856501885837333 1.3770042459195222 4.334161425242944
93.8300000019913 3.163592491082408 1.1790536888294232 5.0070669062198485
93.84000000199163 3.1331621783116095 1.3382240097374272 4.338572580119219
93.85000000199196 2.968300050991547 1.1409920104976206 5.88516633816553
93.86000000199229 2.8170946538145856 1.0985226579311909 6.638382782938257
93.87000000199262 2.7967776620562455 1.0766695887145716 7.087784318729025
93.88000000199295 2.8456552865407247 1.2749729618442505 5.5251594584505295
93.89000000199329 2.984701851646736 1.4091685315643703 4.495191315149689
93.90000000199362 3.1383619840807384 1.3856319705446485 4.134382007041392
93.91000000199395 3.0602385957341136 1.4563051849725022 4.058898634886888
93.92000000199428 3.023260295371021 1.564473705391927 3.824079896666296
93.93000000199461 3.251798508526207 1.5312767078174194 3.312570161848888
93.94000000199495 3.325099786915677 1.2518888215034678 3.100663905129114
93.95000000199528 3.207522906341518 1.2447792624009772 4.298787539598999
93.96000000199561 3.2090740505256523 1.1890308621990195 4.641722302408507
93.97000000199594 3.251704333072556 1.176146176920752 4.36001359913992
93.98000000199627 3.042110816701891 1.1700995748443555 5.431295612766623
93.9900000019966 2.8631667345725167 1.1580335738867817 6.193932557534043
94.00000000199694 2.7344915889309895 1.0315498882177028 7.686636899391196
94.01000000199727 2.887869690028178 1.0327033464204305 6.787119748647205
94.0200000019976 2.7847090556155045 1.0278332627062188 7.760544173024734
94.03000000199793 2.582827548140834 0.7821279432631281 10.74608765032951
94.04000000199827 2.5404035650518755 1.002241074332593 7.512601427954991
94.0500000019986 2.5615328642469595 0.8819733801371483 9.286448084663409
94.06000000199893 2.5128396693805004 0.9423610426000937 8.22807135597007
94.07000000199926 2.431227835818189 0.7465101630213915 10.156438664272063
94.0800000019996 2.398270277133128 0.5660301703863577 14.203520851770884
94.09000000199993 2.5192642197635666 0.49247114825291155 15.926488577795228
94.10000000200026 2.632389742629428 0.1456870361337802 19.46778198005812
94.11000000200059 2.6218234531437905 0.019362342397019616 19.4783243061316
94.12000000200092 2.517360887272908 -0.014649631324094803 20.018608280260324
94.13000000200125 2.5819904212269096 -0.17525644462904622 19.36206047652878
94.14000000200159 2.5998877438081043 -0.015086036203513675 19.73056467714345
94.15000000200192 2.648176355724793 0.0631627384225888 19.30162675110773
94.16000000200225 2.9495963809001435 0.13017290565096018 16.192464829474368
94.17000000200258 2.945304975914945 -0.03145191485672327 16.23834862828032
94.18000000200291 3.104805730394941 -0.030930569275865682 13.709562902360613
94.19000000200325 2.9065455796273882 -0.2800932725894455 15.506869888958734
94.20000000200358 3.0250900075153577 -0.46013274008684846 12.432299586854606
94.21000000200391 2.817513122512218 -0.2828085304134025 16.596539833258944
94.22000000200424 2.7195577328085587 -0.13128593594364313 18.720018313926477
94.23000000200457 2.8007816459634163 -0.3284873161376691 16.38005071875981
94.2400000020049 2.542416311747887 -0.3058097674824102 18.709980098671252
94.25000000200524 2.5334387461108157 -0.3164679377079205 18.58643027045668
94.26000000200557 2.3614048968133305 -0.42772216654168793 17.234960721668767
94.2700000020059 2.531907181351031 -0.6709866001871334 13.18698420325258
94.28000000200623 2.660789815479067 -0.7199905251171237 11.691169903698349
94.29000000200656 3.0505846283888456 -0.6524878646540405 8.137186180549673
94.3000000020069 2.8609740165133926 -0.7356131909844125 9.700101374953945
94.31000000200723 2.858530572494808 -0.6688326158863933 10.768410187834338
94.32000000200756 2.847020363880649 -0.49915472862737487 13.718915857339177
94.33000000200789 2.972542150462959 -0.6351254196327232 9.822835787797038
94.34000000200822 2.949044922216864 -0.7199160050874653 8.975783314627009
94.35000000200856 2.986487748204076 -0.6263807870748463 9.801116449509639
94.36000000200889 2.9948601003187356 -0.6124432678144383 9.958929040393148
94.37000000200922 2.8055330839102446 -0.5012216540979235 14.328098539469606
94.38000000200955 2.8651979783634687 -0.38819500004390717 14.60929976207533
94.39000000200988 2.819214314419041 -0.4077711913853159 14.723056965875164
94.40000000201022 2.773674874418216 -0.25968868537350787 17.35198702419797
94.41000000201055 2.552866602487956 -0.10344879942951535 19.790826479871782
94.42000000201088 2.2600869714148093 0.022119868874635462 19.183424532944482
94.43000000201121 2.4977622607307386 0.11009941388513456 20.21145313062262
94.44000000201154 2.2782296190353097 0.1751671174782573 18.90284908414387
94.45000000201188 2.4568626149372017 -0.08132936505402244 19.862808613312694
94.46000000201221 2.4516808555486747 0.12689593787790632 20.10770136415667
94.47000000201254 2.507179156059989 0.20233337400406837 18.917459370970274
94.48000000201287 2.3390598675165593 0.26892648683630527 18.307798750021494
94.4900000020132 2.451845090650856 0.12542484691790812 20.10254808011381
94.50000000201354 2.2778750404414314 0.2204609661637693 18.26808939809429
94.51000000201387 2.5565084742865096 0.26818117230539196 18.619689380746987
94.5200000020142 2.2995203403310622 0.34962527910152796 17.073949143424212
94.53000000201453 2.359036144033941 0.2649369600054302 18.583389801749973
94.54000000201486 2.233259556547459 0.2561328899352747 17.50531149433788
94.5500000020152 2.251314551390296 0.44001688133309835 15.109816128171733
94.56000000201553 2.309311202834028 0.41562885974966524 16.0519579824377
94.57000000201586 2.307057127919453 0.39616812230340925 16.41691979158457
94.58000000201619 2.3208652837639803 0.4189897026843634 16.09788363347123
94.59000000201652 2.246327785657834 0.499452143066842 13.939450607385826
94.60000000201686 2.4431729444555574 0.3480607524899773 17.875575984281866
94.61000000201719 2.1318387521274116 0.6359004077491983 10.199193365229755
94.62000000201752 2.125495115642862 0.6008291594165148 10.981304003169383
94.63000000201785 2.189272509273749 0.6834939894157426 9.727882712860238
94.64000000201818 2.219350139794297 0.6766097338602649 10.176157315181538
94.65000000201852 2.1035418001943973 0.6739846438643263 9.062427449190345
94.66000000201885 2.0439969130780606 0.5607756626542985 10.46054994782475
94.67000000201918 2.016078794176673 0.7580509942841145 7.341762733057078
94.68000000201951 2.1691521304700863 0.5916321751558447 11.7024644110158
94.69000000201984 2.2422457285159476 0.43004966993879723 15.236251628079323
94.70000000202018 1.9742058808088339 0.40613628879277297 11.55227488016734
94.71000000202051 2.079229892959378 0.3611963732013922 14.534622789818942
94.72000000202084 1.9744080612339523 0.46078844259571033 11.089846875262134
94.73000000202117 1.8198751456647704 0.6583007520394597 6.778533535769288
94.7400000020215 1.6366955889919848 0.6067557900584803 6.522269773627078
94.75000000202184 1.6604166478356348 0.7340377674617247 6.173026180953734
94.76000000202217 1.7092757165475796 0.7902867807876335 6.340607024917563
94.7700000020225 1.8752821475823835 0.90230272242549 6.522651836969475
94.78000000202283 1.6633455600430755 0.6301982011103833 6.5068820611889855
94.79000000202316 1.5882418812508101 0.7854018943887692 6.246332231056735
94.8000000020235 1.4065401070927834 0.5263160538559252 6.303948888027868
94.81000000202383 1.4181070795129842 0.35184825793635977 6.847322203221301
94.82000000202416 1.3773654357621559 0.33251749970086575 6.882594327563224
94.83000000202449 1.4575069494279667 0.19988500878790139 6.905271742361137
94.84000000202482 1.6221558536494276 0.3480739968442955 8.439503150907573
94.85000000202515 1.5580390701612366 0.1383551578072083 8.2059042776465
94.86000000202549 1.492727098667878 -0.01798677949838101 7.072070077951681
94.87000000202582 1.6045098972519038 -0.07324609553603412 8.342836360428825
94.88000000202615 1.522061013482024 -0.16924430287524972 7.762094185320805
94.89000000202648 1.205031473670284 -0.32364543316506356 6.999085896443841
94.90000000202681 1.2793302431624234 -0.3529270381238102 7.077496526815441
94.91000000202715 1.2529209507490033 -0.6893055570222608 6.164329078465349
94.92000000202748 1.1257241801111082 -0.7505842784586108 5.919505728108188
94.93000000202781 0.9664210834767473 -0.4296609959991001 7.142823043302953
94.94000000202814 1.0181496278419107 -0.32502170950753284 7.13944481011429
94.95000000202847 0.9243609002608273 -0.4321746632739381 7.3223960107385615
94.9600000020288 1.0203041047530543 -0.575268868623757 6.651356743219764
94.97000000202914 1.0653454326656107 -0.6748049308799999 6.314096743879926
94.98000000202947 1.0730187402859572 -1.1386922305921732 2.8797873478929414
94.9900000020298 1.0885448132536297 -1.2546095939378281 1.8108759998271409
95.00000000203013 1.1478635394012744 -1.447353689394574 0.5733364916689722
95.01000000203047 1.1674619504063628 -1.4571686729283173 0.511735182587153
95.0200000020308 1.0444499524532969 -1.505251282200013 0.5870499858290057
95.03000000203113 1.3497390053029759 -1.4540919219977837 0.4944775327712682
95.04000000203146 1.4523656168896124 -1.5084808428540535 0.21945993657178026
95.0500000020318 1.5897212615426088 -1.6672696330980514 0.0
95.06000000203213 1.3870997427798875 -1.3968609519087511 0.7785131066912553
95.07000000203246 1.6464904879561297 -1.414005269602361 1.0025700945049714
95.08000000203279 1.4946178684366727 -1.154556724238873 2.674555705062886
95.09000000203312 1.6016179996258062 -0.9874215303373893 4.757845373635455
95.10000000203345 1.5802021968978126 -1.1782226173697496 2.736096661958143
95.11000000203379 1.547562276403801 -1.2710574026902302 1.767030907112349
95.12000000203412 1.73491318379287 -1.2993936352109654 1.984239615889149
95.13000000203445 1.403054814466015 -1.284400067378345 1.4165353064801243
95.14000000203478 1.2267286863459073 -1.318372225815182 1.256167592522533
95.15000000203511 1.1239765612659425 -1.1640350840492837 2.5106988242027573
95.16000000203545 1.0204017302154578 -1.4291498306730182 0.7676236392702122
95.17000000203578 1.1147708856711611 -1.3271848868462928 1.257997048127766
95.18000000203611 0.6797393989687878 -1.5091002178648973 0.9369861007608198
95.19000000203644 0.7312640017227221 -1.4953382355661877 1.0252824224663757
95.20000000203677 0.7929281831741911 -1.663281648595547 0.04523486360096966
95.2100000020371 0.7779419465912931 -1.5370485475833082 0.6618843792684951
95.22000000203744 0.5104715590298377 -1.545730581888171 0.3548924477673333
95.23000000203777 0.5356294145232754 -1.5037552965242085 0.5412987213120368
95.2400000020381 0.45739793779219173 -1.479191776422435 0.4077043822843955
95.25000000203843 0.4609269689018872 -1.1911935756864114 2.6837361588503224
95.26000000203877 0.5077927016865509 -1.105650837296853 3.6386011055290406
95.2700000020391 0.6213796901081752 -1.2133125431873837 3.095415496753872
95.28000000203943 0.7856256634094168 -1.4730028088483094 1.0122774051345538
95.29000000203976 0.6412061907648864 -1.5003257698132937 0.9179685288732666
95.3000000020401 0.8672669034518319 -1.560194311463099 0.3843969744393176
95.31000000204043 0.8272869531796524 -1.476966982395568 0.8764017993665151
95.32000000204076 0.5679624675050046 -1.441764719798547 1.1291299287686902
95.33000000204109 0.41976934779081104 -1.4283245758828793 0.5352156922495837
95.34000000204142 0.243425823722312 -1.2561537035568557 1.6084355750230332
95.35000000204175 0.12384181123229526 -1.3147518456105398 0.8649613816409811
95.36000000204209 0.05736592581429206 -1.2220149277201122 1.5616242985303654
95.37000000204242 0.24439941865977183 -1.3524280981957073 0.7366760236783149
95.38000000204275 0.2943114006834041 -1.2717290022068923 1.6208577513019362
95.39000000204308 0.3644792701554902 -0.9167611317745821 5.972196033077597
95.40000000204341 0.4302089620189219 -0.9373560201053567 5.60811403288788
95.41000000204374 0.3334773898417519 -1.197879443647504 2.446425906253856
95.42000000204408 0.2858971121753956 -1.1027225076305194 3.393232089838962
95.43000000204441 0.03587670692089168 -1.1517759125935476 2.1596310325821366
95.44000000204474 0.10750715836434938 -1.1361742199682388 2.513545429449965
95.45000000204507 0.10972034513791895 -0.9761147057551903 4.687908147124654
95.4600000020454 0.33005183886626377 -1.0246716103688915 4.36594631733428
95.47000000204574 0.14317461152228828 -0.9924344885567332 4.426089245289527
95.48000000204607 0.21257174799856055 -0.8173685466000806 7.328706417592607
95.4900000020464 0.2735051207315167 -0.7158523050589869 8.887073366311489
95.50000000204673 0.3068150515444432 -0.4793109353543421 11.931936331467796
95.51000000204706 0.23786728012766756 -0.6276128819457103 10.09015503068228
95.5200000020474 0.2315646698856726 -0.7440237162477804 8.512133096116486
95.53000000204773 0.32561922879151267 -0.7263916918464797 8.734930665917322
95.54000000204806 0.2924198467002093 -0.6953145144175776 9.19944943782089
95.55000000204839 0.3349903244624408 -0.6987663749167423 9.109659423694772
95.56000000204872 0.293850320901653 -0.6817520271991137 9.381148477799005
95.57000000204906 0.39397450797576256 -0.6473462012210229 9.483342407255094
95.58000000204939 0.41788764539498924 -0.4844519527047507 11.27284407492498
95.59000000204972 0.6525108323073652 -0.4172420202810039 9.565846661451262
95.60000000205005 0.46724179187644843 -0.6260507213061817 9.709450456726074
95.61000000205038 0.6145964817677573 -0.5757109014324695 8.904032155298882
95.62000000205072 0.5383850285514483 -0.6188523765836552 9.239086394729329
95.63000000205105 0.5253228022871959 -0.8739649541194151 5.910566187913682
95.64000000205138 0.7563392210439768 -0.8516821314572853 5.673716576399678
95.65000000205171 0.8886783188994194 -0.7186675153708342 6.478814845901692
95.66000000205204 0.5091965998600432 -0.855805622397154 6.250560231325474
95.67000000205238 0.660407289138168 -0.6605687865177347 7.556252578505495
95.68000000205271 0.6888260476763188 -0.8790763679448406 5.609612431383375
95.69000000205304 0.7679025400549004 -1.0423173051235575 4.365522477777644
95.70000000205337 0.8821868204302331 -1.157505309645111 3.1677672759092768
95.7100000020537 0.5901910806492374 -1.2312764795800446 2.875451230902663
95.72000000205404 0.8106521402722824 -1.3383244393798588 1.9661010396523317
95.73000000205437 0.669017852332575 -1.3040804804676818 2.458588361539067
95.7400000020547 0.8074390725676639 -1.3647125482929359 1.77318312561624
95.75000000205503 0.6559296264009196 -1.3343739926339688 2.223038379602246
95.76000000205536 0.5209368041162558 -1.109160200525121 3.6505286140647017
95.7700000020557 0.6233293231408805 -1.2349193278281794 2.9307269550711412
95.78000000205603 0.558125880964744 -1.3190729270328583 2.055847590210343
95.79000000205636 0.5952817316130419 -1.3966709056439957 1.5789428587808012
95.80000000205669 0.8215312436741828 -1.2728030432020225 2.4274363828806322
95.81000000205702 0.8095676248139598 -1.1873530802602248 3.149247493527448
95.82000000205736 0.7690717374048903 -1.2248418703461015 2.9600697796813265
95.83000000205769 0.8032793719104266 -1.2778289730109882 2.426973745040434
95.84000000205802 0.7816224802983214 -1.190131444089604 3.192330565298632
95.85000000205835 0.548011761079948 -1.2859236499405213 2.259441515137623
95.86000000205868 0.5467444968061358 -1.1568245614762223 3.328454285991622
95.87000000205902 0.38578105269703733 -1.091420510361623 3.5083940314844053
95.88000000205935 0.4986564718935405 -1.1111070362827753 3.5581824346366036
95.89000000205968 0.37336965830900115 -1.2405303810331314 2.0075329462802123
95.90000000206001 0.4139387760434762 -1.290328374160715 1.619954368729394
95.91000000206034 0.40754044858019317 -1.2381041231160508 2.0802448322447358
95.92000000206068 0.4993616243185487 -1.195551743942167 2.8281324462900277
95.930000002061 0.6199356667210844 -1.0426915131682537 4.468499192236849
95.94000000206134 0.4184028580933452 -0.7655855966348912 8.06099874464059
95.95000000206167 0.2493396678542415 -0.5792010709394011 10.703663520065403
95.960000002062 0.1443042180745756 -0.6348983230923273 9.954154977984619
95.97000000206233 0.2066610455596312 -0.623149925523833 10.185964386322972
95.98000000206267 0.22015012502154063 -0.7506141076217261 8.414301931021757
95.990000002063 0.021092432324225835 -0.6795183727445182 9.15318389272194
96.00000000206333 -0.026058712205158346 -0.9362800145868595 5.00750669658548
96.01000000206366 0.09170873814470917 -0.8651358267813014 6.382864153870038
96.020000002064 0.09168566178935283 -0.8969158991934614 5.933089265221928
96.03000000206433 0.12183920763955192 -0.8265268515470104 7.091895796297158
96.04000000206466 -0.00555057327313932 -0.7261495166506318 8.376459385520825
96.05000000206499 -0.026946495806396492 -0.7597554312224933 7.849822446435747
96.06000000206532 0.06852027516781517 -0.8421951207353269 6.753457648599116
96.07000000206565 0.22438793053622053 -0.989924101706756 4.604273268927796
96.08000000206599 0.23288419636882493 -1.1194303104079912 3.0262885318311223
96.09000000206632 0.4057388725505535 -1.1764330104730418 2.654670257446183
96.10000000206665 0.32658226100331916 -1.0723934478671668 3.8123604618478955
96.11000000206698 0.24869242074261755 -1.2422587642537568 1.7551470973075092
96.12000000206731 0.35189977932927247 -1.0235644267458066 4.427017905795156
96.13000000206765 0.24273154999759194 -0.9359551169554132 5.510401694695454
96.14000000206798 0.16471389825302252 -1.0556149262563155 3.6055059403312937
96.15000000206831 0.18745903350918658 -0.9328619615770362 5.413739098234947
96.16000000206864 0.42027519028933297 -0.8665530960876202 6.553587952185932
96.17000000206897 0.23588038749768356 -1.0789578395465167 3.517517801365376
96.1800000020693 0.014950197860231496 -1.1623068422171798 1.9873610301475313
96.19000000206964 0.14086160802053538 -1.1007984552841021 3.0402116014713525
96.20000000206997 -0.018358857009407703 -1.0343789052110144 3.4583053042413243
96.2100000020703 -0.10236164647513202 -0.9167898974925353 5.018277109721756
96.22000000207063 -0.4267390601086085 -0.9291107563558151 1.4121550984738636
96.23000000207097 -0.37485691075561645 -1.0046109245709312 1.5581824984643289
96.2400000020713 -0.4895564870679505 -0.8314824591624205 2.2629624067067207
96.25000000207163 -0.5363953250351515 -0.7897680683433388 2.5211553012010492
96.26000000207196 -0.45093026111105816 -0.919612864444604 1.1621154255479564
96.2700000020723 -0.44761499932884996 -0.9576140079734482 1.013893820899124
96.28000000207263 -0.6321420764588533 -0.8963258519299516 0.5225241337101539
96.29000000207296 -0.40848892079166194 -1.076844138512864 1.0530326822551106
96.30000000207329 0.0026853503818148883 -1.1654830376206249 1.912139313774506
96.31000000207362 -0.032701572600991824 -1.2594089145301943 1.0173901340761462
96.32000000207395 -0.11360224516973055 -1.0625964359303306 2.6197219873835564
96.33000000207429 -0.033536022603370186 -1.1229378448744072 2.2497933429728936
96.34000000207462 -0.3200762482985757 -1.3122539631298902 0.24254977887335863
96.35000000207495 -0.009722926640605534 -1.0951953269729966 2.6007924702503638
96.36000000207528 0.05481518154655407 -1.0774581514889792 3.0904196627392477
96.37000000207561 -0.3012875609655077 -1.172235335452977 0.9240945849969988
96.38000000207595 -0.18693084033518587 -1.1889879886498482 1.0180000089285255
96.39000000207628 0.039239640357514705 -1.106486477515944 2.7005753738737317
96.40000000207661 -0.00533295823187746 -0.9733203412080844 4.45358328915208
96.41000000207694 0.04574885015814473 -1.1108486047559194 2.6773094459725
96.42000000207727 -0.020735059330905414 -1.0547933352878376 3.1329429203130625
96.4300000020776 0.17061742305585498 -1.3477630904691247 0.657976657293254
96.44000000207794 0.3614618745466395 -1.4389672752834715 0.4448469683357308
96.45000000207827 0.5697912480215668 -1.4543592371132485 1.0463246787850642
96.4600000020786 0.6515205153276569 -1.4130595352711457 1.5900217078790275
96.47000000207893 0.5009854900051571 -1.3609994475952574 1.4730646659523328
96.48000000207927 0.5583527607668696 -1.444968918883475 1.069072370884934
96.4900000020796 0.5381453112167175 -1.3592419375411602 1.6628512673680622
96.50000000207993 0.5475959815039146 -1.107681111626352 3.751277508572527
96.51000000208026 0.455850919220781 -1.2343553191041163 2.275462337307734
96.5200000020806 0.3950524437495414 -1.2482155839005675 1.9396426729471736
96.53000000208093 0.1875508502357099 -1.1013661246904187 3.1140053620034887
96.54000000208126 0.11186053956596323 -0.8376016797857384 6.888768178196424
96.55000000208159 0.020123854991717344 -0.7058416812583073 8.759192767105626
96.56000000208192 0.22427613876420646 -0.724228115124965 8.788246392042948
96.57000000208225 0.24193605595572115 -0.8675722766390146 6.5436421210752975
96.58000000208258 0.24261514825160607 -0.8208012642783616 7.3152112629687664
96.59000000208292 0.14305567947362385 -0.6392876597032308 9.86430722086306
96.60000000208325 0.0074436614326360145 -0.4681217426315015 12.41589135258605
96.61000000208358 0.08627111429962084 -0.3203155689594275 14.249291006368939
96.62000000208391 0.10819438136026402 -0.08369116517217179 15.138699001687833
96.63000000208424 0.1925667131181828 0.21009117323087545 14.51510535122322
96.64000000208458 0.17695008276830354 0.05075724951504934 14.907003769058008
96.65000000208491 0.05688429102311065 0.30078546448226895 14.639856297938243
96.66000000208524 -0.21915361718821705 0.2335397544053066 14.069799632489648
96.67000000208557 -0.31311462676246943 0.08625929056626858 13.389379229969757
96.6800000020859 -0.38053558985325653 0.2606532583223138 12.05289247871567
96.69000000208624 -0.4296870025321964 0.26962908998932855 11.127486526757053
96.70000000208657 -0.33053829454324707 0.26694664359778464 12.817530736460522
96.7100000020869 -0.48132652489869004 0.1300256944087318 10.637992325970007
96.72000000208723 -0.5545139639355402 0.0756273817304588 9.08903241861027
96.73000000208756 -0.601768929347128 0.11376641437477741 8.41691955752905
96.7400000020879 -0.5640635980792943 0.05535111824689709 8.873842466367682
96.75000000208823 -0.5405110796483126 0.299731701116968 9.54630125493243
96.76000000208856 -0.548060425766589 0.17464661974815732 9.517830659542703
96.77000000208889 -0.6752607078331374 0.29332601602613306 7.4904682913652225
96.78000000208922 -0.4984364112727684 0.4068464995050779 9.713028810094904
96.79000000208956 -0.5221819474992508 0.42806100660688895 9.216059397663452
96.80000000208989 -0.6652019818694506 0.20223333881382632 7.778909245177264
96.81000000209022 -0.6293592206721527 0.07848140597811515 7.932083904764547
96.82000000209055 -0.7106804264343412 -0.05043618209898326 6.8748142834541515
96.83000000209088 -0.5743508479984611 0.09133997801479343 8.748284198839926
96.84000000209122 -0.47854661862270675 0.07294968809829794 10.696167485056542
96.85000000209155 -0.47913470621008036 -0.02717349622091203 10.474504646812724
96.86000000209188 -0.4892453349209996 0.008926723933866954 10.359772990778959
96.87000000209221 -0.6395511801992246 0.1233321841475663 7.963408541908582
96.88000000209254 -0.5844474568064968 0.2987189752603976 8.902579658485303
96.89000000209288 -0.7303795866540256 0.6502832305277348 4.6875251979946215
96.90000000209321 -0.668068226207287 0.3927758510643735 7.230642250888485
96.91000000209354 -0.6274697916105156 0.4744798124209507 7.2565328104597535
96.92000000209387 -0.34289119587518746 0.6479023001425054 9.642937140503292
96.9300000020942 -0.09485368665286899 0.5302637463040718 12.142775347139096
96.94000000209454 -0.07036534267185433 0.4306395385099384 13.363114198285867
96.95000000209487 0.19274459972680977 0.32664156180589965 14.020937602904691
96.9600000020952 0.2738128418196439 0.3938350179668081 12.493646118187401
96.97000000209553 0.36813734077226595 0.6735472667243393 7.92329742703229
96.98000000209586 0.39909656695648493 0.5213297375637761 9.578330172122792
96.9900000020962 0.46341609624507973 0.4277664923052561 10.384959128286212
97.00000000209653 0.3377328958213601 0.5196074859105891 10.086590690841843
97.01000000209686 0.3211471979148709 0.6976044785437869 8.028156963163688
97.02000000209719 0.5386986624004239 0.6447273720363578 7.306412607054405
97.03000000209752 0.5081841350430645 0.5144371282473615 9.010295893341699
97.04000000209786 0.6037009397907281 0.23914420172941597 9.960890026843673
97.05000000209819 0.5242938340243422 0.4389447042377964 9.72649891847733
97.06000000209852 0.4519797100600873 0.48869276787124905 9.892176009304832
97.07000000209885 0.26586235416773274 0.7600000428231599 7.515062479287153
97.08000000209918 0.2577176599309033 0.9706740027624523 5.817712813536156
97.09000000209952 0.23822460240684828 0.8326341135766243 7.178857951322062
97.10000000209985 0.2220325818002435 1.0097432668653719 5.900766020257287
97.11000000210018 0.26727202058446703 0.7546596288011086 7.58932628217966
97.12000000210051 0.25551670045836583 0.7086901583146182 8.223892675030486
97.13000000210084 0.28652918962360907 0.7801363226783482 7.239697158058136
97.14000000210117 0.16749396478778322 0.5044101599615417 12.05538841758311
97.1500000021015 0.2006791112305935 0.5642319228463248 10.941725754530758
97.16000000210184 0.20767969920517912 0.6751113665297428 9.176287819245541
97.17000000210217 -0.02089114113320356 0.5682040117296234 11.916611712568567
97.1800000021025 0.2939323961614789 0.6505750137393298 8.75308587338289
97.19000000210283 -0.029834284850023207 0.6838859903360641 10.416330777346476
97.20000000210317 -0.2697283460652494 0.48117370778970925 11.36076719352327
97.2100000021035 -0.04998985752529754 0.47582623949876607 12.968187877100137
97.22000000210383 -0.008073945211568541 0.2954139423710206 14.722219302243282
97.23000000210416 0.20846657341680258 0.2272036507804167 14.399112312413916
97.2400000021045 0.18063909217485566 0.06496418481285415 14.893444723593136
97.25000000210483 0.22316863122768424 0.37118931617721695 13.299433588724039
97.26000000210516 0.3123148150048064 0.7213156425191372 7.800191118142705
97.27000000210549 0.19333991404431283 1.0576457515352207 5.748863196550175
97.28000000210582 -0.08499084870371357 0.8520777587348218 9.166237536162924
97.29000000210615 0.059361486751679016 0.68994505958001 10.151343603252187
97.30000000210649 0.144943590802608 0.5995751954126959 10.820860807185698
97.31000000210682 -0.11731195133318542 0.5893179072016769 11.153155851293914
97.32000000210715 -0.2767618391049759 0.5424214245259615 10.608401087545888
97.33000000210748 -0.215690942206822 0.464579484648575 12.111239135630779
97.34000000210781 -0.32584111043293396 0.46896572587512125 11.009360092127801
97.35000000210815 -0.29670739659966705 0.7398482446531707 8.94052416076729
97.36000000210848 -0.5111527601860303 0.7134395635049936 7.097957269707144
97.37000000210881 -0.5702810774081115 0.6115207633638623 7.238483659706909
97.38000000210914 -0.5442669644348785 0.4391368724725404 8.76161229774018
97.39000000210947 -0.8014465792960036 0.47710012968664367 4.824769836566944
97.4000000021098 -0.969733630737902 0.24955578988875093 3.8114838953421413
97.41000000211014 -1.0294975159458375 0.25666421040386267 3.1499587774108826
97.42000000211047 -1.028545474891956 0.32172235273438493 3.0504613693203293
97.4300000021108 -1.1570442783842823 0.460893608990209 1.5690466049937664
97.44000000211113 -0.975637712931291 0.33817318359450743 3.571697995677379
97.45000000211147 -0.6564618111421456 0.08864958545263013 7.642117772120235
97.4600000021118 -0.7319903389500617 0.2916278575275727 6.750529452396264
97.47000000211213 -0.6572178921114671 0.11732398052362059 7.720166308743647
97.48000000211246 -0.8110842960664246 0.07544545546972259 5.748093556869215
97.4900000021128 -0.6847063645950929 -0.07076933220320514 7.166329006012088
97.50000000211313 -0.4936671445662575 0.10599981406713721 10.422949083301118
97.51000000211346 -0.7376139302631735 -0.07386393101953148 6.521860916675883
97.52000000211379 -0.5641374045734074 -0.061197664600727286 8.72180353226442
97.53000000211412 -0.7549458283288637 0.0528508786745886 6.363492210241027
97.54000000211445 -0.6785005635719799 0.5976451142785464 5.7296772126901665
97.55000000211479 -0.7017740336537123 0.8030946373790888 4.457610873752817
97.56000000211512 -0.6539666891509154 0.6573542600462061 5.625396253983054
97.57000000211545 -0.7337877087809457 0.8999297102927102 4.037297399512036
97.58000000211578 -0.7142097281309563 0.7460944688339066 4.365632854061129
97.59000000211611 -0.8954433481891736 0.7812403601739395 2.8455511809375116
97.60000000211645 -0.9474501137086626 0.7318364378106095 2.299714649141672
97.61000000211678 -1.041476180237305 0.4448937016918524 2.3148051601733286
97.62000000211711 -1.2297092416740574 0.41504003051609195 1.274903707782735
97.63000000211744 -1.187922209477876 0.3771893522396843 1.5552542422799884
97.64000000211777 -1.0116885782092275 0.562532649369776 2.1472824721379733
97.6500000021181 -1.0022707310176866 0.5532398804659893 2.2155879916442296
97.66000000211844 -1.1611141500373965 0.6368989207515878 1.093152683511147
97.67000000211877 -1.2839432476040518 0.7168745579036505 0.23807421783271618
97.6800000021191 -1.2986765928502748 0.7004352135663361 0.25091771570374083
97.69000000211943 -1.3249754363796855 0.7870394872685946 0.0
97.70000000211976 -1.3013193880686664 0.7665793278812971 0.0
97.7100000021201 -0.9979606985768785 0.8946613753258863 1.4888178109153212
97.72000000212043 -0.9295204327502302 0.8994769131315151 2.2766602199052084
97.73000000212076 -1.100278816322873 1.0873698180996225 0.24170689836166395
97.74000000212109 -1.0790776873182013 1.0419806764901258 0.36531799299325574
97.75000000212142 -0.9628062438698439 1.0718833438659399 1.3060537862060686
97.76000000212176 -1.2825925650098446 1.2535290998510782 0.0
97.77000000212209 -1.1863215239551559 0.9206825899080093 0.0
97.78000000212242 -1.2074904390189793 0.9431104258520355 0.0
97.79000000212275 -1.3041704915947137 1.1069954745491948 0.0
97.80000000212308 -1.177633262182324 1.0675423086124347 0.028877564256637882
97.81000000212342 -1.025504176409278 0.9970599301021974 0.8281989373013292
97.82000000212375 -1.13782918992417 1.0127811156075741 0.03864111298875925
97.83000000212408 -1.1951112971781281 1.0193836026068852 0.0
97.84000000212441 -1.0187460317081656 0.9462008356065238 1.016060591137757
97.85000000212474 -1.0129658654880027 0.807594585826859 1.6264745179480942
97.86000000212508 -0.9581146222725203 0.9502026000860377 1.7132153577170033
97.87000000212541 -0.9549182630680857 0.9499149382017733 1.7504745171914178
97.88000000212574 -0.9143076258603489 0.9945524745887864 2.0309848725710244
97.89000000212607 -1.0287397486190974 0.9078447828872178 1.083232810684197
97.9000000021264 -1.0385088764755412 0.8903036996183522 1.062311465740566
97.91000000212674 -0.9503006995623315 0.7432795142682138 2.247229692359601
97.92000000212707 -0.8513944052026488 0.8362983278418198 3.4175842172620143
97.9300000021274 -0.8876022484249675 0.905455732790517 2.7712725590031484
97.94000000212773 -1.0443888936485024 0.9866993535783135 0.6608527532669001
97.95000000212806 -1.117700928460929 0.9438991842697868 0.14766201724686231
97.9600000021284 -1.074195763656623 0.6891036961788886 1.3403999571239253
97.97000000212873 -1.144102264430287 0.6651644315425045 1.0540577271458
97.98000000212906 -1.05483804281827 0.6893407058303407 1.4662554816387003
97.99000000212939 -1.1073002170780035 0.6729388827043207 1.2369752520636053
98.00000000212972 -0.9717738954278307 0.6190920491865042 2.4032371117664746
98.01000000213006 -1.0475708128361896 0.5546348544230699 1.9456993492083958
98.02000000213039 -0.9193930891170778 0.5662649911568156 2.978636274991506
98.03000000213072 -1.047223261399435 0.5051253485684051 2.1237703531369374
98.04000000213105 -0.9292911405164528 0.4491887435442153 3.4412500066296348
98.05000000213138 -0.8044358492570147 0.631166202249031 3.9388542328999123
98.06000000213172 -0.6590801476412105 0.4521931640651067 6.960660399807791
98.07000000213205 -0.6703882234505579 0.31881375531365663 7.543891221675791
98.08000000213238 -0.5988337538131733 0.2959396106660963 8.6481194422253
98.09000000213271 -0.6573971722258443 0.29104533677737854 7.7835278608241225
98.10000000213304 -0.8058065050096053 0.2780688322065994 5.898531024026189
98.11000000213338 -0.7593671212967269 0.08529354649428578 6.420870023105316
98.12000000213371 -0.9229032350535884 0.2382127510697637 4.391297360739345
98.13000000213404 -0.8624600929982823 0.1893084231661999 5.3364894217316365
98.14000000213437 -0.9105510321798467 0.13606155143854787 4.633386746018002
98.1500000021347 -1.0698505250813102 0.04535045701729079 2.5209619753581545
98.16000000213504 -0.9723103677453937 0.13294007214554177 3.719643816246049
98.17000000213537 -1.0283270828056756 0.28133677329740725 3.1320768238883545
98.1800000021357 -0.8513247668486547 0.23978547777902326 5.422544229433394
98.19000000213603 -0.870938091722853 0.09484747391196535 5.0580998523495175
98.20000000213636 -0.9374952648989308 0.12898139385627166 4.189242974461929
98.2100000021367 -1.0434286553679217 0.2526535379544078 3.0068069772495307
98.22000000213703 -0.8650361060077628 0.36723014402555243 4.867350543249137
98.23000000213736 -0.9253595427381403 0.1712981896153143 4.419411838920979
98.24000000213769 -0.7973361964856309 0.237588489016478 6.095225747314673
98.25000000213802 -0.868695117594681 0.10823352802639485 5.134353096100971
98.26000000213836 -0.7621071942816133 0.09757743899566496 6.432743168849566
98.27000000213869 -0.7770991698630021 0.32656177083145443 6.170593366025043
98.28000000213902 -1.0397772131266052 0.5389665254116723 2.052344300718458
98.29000000213935 -1.0387167906091483 0.3454480795049111 2.869008340444707
98.30000000213968 -1.280285881993329 0.3850487576618734 1.1243073353582196
98.31000000214001 -1.295480607409988 0.3734448292610184 1.0981430610252332
98.32000000214035 -1.1605308817996263 0.09432027940988763 1.7359633383472775
98.33000000214068 -1.0025903519308128 0.006541323816432021 3.2400915587587806
98.34000000214101 -0.8223857728834163 0.09193250313000045 5.682509811316077
98.35000000214134 -0.5627927861835521 0.09918279376670458 8.948833156080333
98.36000000214167 -0.7267402480738301 -0.01490828384647136 6.654526701491669
98.370000002142 -0.6730046470645417 -0.052681719244252134 7.285132414224773
98.38000000214234 -0.9064948702681898 0.030900847849062774 4.423310004391789
98.39000000214267 -0.8228572763254149 0.06589897523101307 5.578078610266569
98.400000002143 -1.0531526019101585 0.013519754063749168 2.7241960942369374
98.41000000214333 -1.1763519743060404 0.16078966635865632 1.7204999370393117
98.42000000214367 -1.1932391263283504 -0.03449275746238967 1.4714147672846967
98.430000002144 -1.0944613103641758 -0.09504134529586972 2.451399768972376
98.44000000214433 -0.9206059424865227 -0.11317253224059487 4.318887907246957
98.45000000214466 -0.9893890898371036 -0.36208624137533213 3.6000561006866376
98.460000002145 -0.7730120021902879 -0.20981017901318377 6.240905481233128
98.47000000214533 -1.026095971826322 -0.1264527186630714 3.196527456251124
98.48000000214566 -0.8857510261479867 -0.17535348317777238 4.85310744649711
98.49000000214599 -0.8689236350535715 -0.19493989502396136 5.082144591078497
98.50000000214632 -1.030164631042974 -0.2936718538952482 3.24864963486391
98.51000000214665 -0.9749787085990367 -0.2967544669032316 3.801279482803201
98.52000000214699 -0.767909534266588 -0.38879818709187064 5.975282000312937
98.53000000214732 -0.6108874667033 -0.28474091635985666 8.125724167702078
98.54000000214765 -0.5180418422303317 -0.38367645814405604 8.80384533798037
98.55000000214798 -0.8065897472937282 -0.33422667052731403 5.800390500322263
98.56000000214831 -0.6747146626971726 -0.1141430849761792 7.309124870088215
98.57000000214865 -0.7010193755140189 0.07706329376165744 7.078642789242082
98.58000000214898 -0.6981971262966662 0.0189723098587683 7.024179130097238
98.59000000214931 -0.9076794511304106 0.14933599916175677 4.692616324277633
98.60000000214964 -0.6432324076102531 0.018302704099911082 7.684903966559691
98.61000000214997 -0.7657216416814872 0.03658165184775575 6.242618729101103
98.6200000021503 -0.7056021498614848 0.23490239295460763 7.215288231293361
98.63000000215064 -0.6193027581685723 0.3098541625409029 8.357162500135134
98.64000000215097 -0.5252111733664341 0.31756140784765324 9.855016269526189
98.6500000021513 -0.5780321542906073 0.44810550850251174 8.214162533534028
98.66000000215163 -0.7837632740740856 0.5034060898799362 4.935888557336346
98.67000000215197 -0.6489677232149588 0.7273193924911173 4.963706916230473
98.6800000021523 -0.6765993766720628 0.7325253908187069 4.693366788821476
98.69000000215263 -0.33146745015707735 0.44707967080893685 11.031010090070287
98.70000000215296 -0.1733319602147301 0.38732316965731517 12.963940745833801
98.7100000021533 -0.5198212842550601 0.4162453851978327 9.317260013322281
98.72000000215363 -0.6446454077815015 0.33012208912749785 7.979691313357044
98.73000000215396 -0.7376151313721272 0.5046801344446181 5.5046047101752045
98.74000000215429 -0.68866607474051 0.5523493803209931 5.836933713523499
98.75000000215462 -0.7076058870126177 0.466340038058899 6.190152516967922
98.76000000215495 -0.934994930449297 0.42042849622244893 3.524696891308902
98.77000000215529 -1.1672376492446495 0.4447574150641679 1.5378407334964341
98.78000000215562 -1.131549809830826 0.22271881947705552 2.118062802740483
98.79000000215595 -1.0175967522786271 0.441776188327885 2.5569749121156713
98.80000000215628 -0.876250775204341 0.5600203979522831 3.396621904184821
98.81000000215661 -1.0172363636273778 0.8033450815160552 1.593350842709678
98.82000000215695 -1.1958422331806475 0.9004911549042673 0.0
98.83000000215728 -1.1571844594657676 0.955333169095301 0.0
98.84000000215761 -1.0991189773736938 0.9473567236455362 0.23927034056467847
98.85000000215794 -1.0925337680043081 1.1226153226494908 0.29388364447025567
98.86000000215827 -1.1250484540563703 1.2588551568400606 0.3746205783569562
98.8700000021586 -1.051936457473702 1.2169568593857596 0.6051855174135747
98.88000000215894 -1.0020826309939903 0.9555865728960801 1.1384411796026743
98.89000000215927 -0.8616411353785065 0.7869503966878876 3.2264106729853608
98.9000000021596 -0.5969601050081986 0.6530047815776323 6.431302980383052
98.91000000215993 -0.6902733732777764 0.7026861741672006 4.675474039164076
98.92000000216026 -0.5292334732202837 0.6254648547203636 7.724221481735734
98.9300000021606 -0.4626517997973928 0.6346885526126265 8.602759898510227
98.94000000216093 -0.639142979997685 0.606507748399225 6.254540752568488
98.95000000216126 -0.6814647891901211 0.7838476147333054 4.579820685625673
98.96000000216159 -0.6108500881299366 0.646762533353101 6.283197331179978
98.97000000216192 -0.9140095779527821 0.5889641454084109 3.008645225197259
98.98000000216226 -0.943717495019534 0.2854099539806917 4.02938976781624
98.99000000216259 -0.9314688618530096 0.4157576522385329 3.612296790721712
99.00000000216292 -0.6960210862261251 0.5770818224031837 5.628946889347163
99.01000000216325 -0.6278186787156266 0.6613031154429101 5.93753160896986
99.02000000216358 -0.5897680109695662 0.9205539024176235 5.131866449421517
99.03000000216392 -0.5863800846941409 0.9843374044985249 4.902835368227144
99.04000000216425 -0.8266792292973746 1.1180732214502842 2.224846983041425
99.05000000216458 -0.7384079842552677 0.995150061004427 3.5932288098889273
99.06000000216491 -0.730764105976375 1.0263788250296142 3.5223185797689425
99.07000000216524 -0.7606203940742127 0.9061064336522634 3.8291908968756045
99.08000000216558 -0.7639475917174073 1.0674336345563975 3.048292341876338
99.09000000216591 -0.8007852642466031 1.1589822361791118 2.308001526183439
99.10000000216624 -0.6057090252568271 0.9930905212207427 4.675869218075782
99.11000000216657 -0.8434572147808347 1.005366682589819 2.7404928205526873
99.1200000021669 -0.8350622345695244 0.9417701800375977 3.106974021208661
99.13000000216724 -1.288626138239597 1.1885649111363719 0.0
99.14000000216757 -1.1703189234683875 1.0994958213589687 0.05636638012669375
99.1500000021679 -1.1634541318502867 1.0221631305497052 0.0
99.16000000216823 -1.381860446329312 1.008118244539824 0.0
99.17000000216856 -1.4733260437783617 0.8495076543088096 0.0
99.1800000021689 -1.365994064640549 0.6305267678116568 0.2844131561852867
99.19000000216923 -1.1380598562577 0.7933965868160292 0.5609389221666086
99.20000000216956 -1.1824704064640486 1.2827614219516843 0.27869874101081593
99.21000000216989 -1.0120253278518416 1.3826285059518477 0.8166105847550879
99.22000000217022 -1.0217430899429285 1.353151546492344 0.8252971879839119
99.23000000217056 -0.9638597616037293 1.203812960832984 1.1798204916904766
99.24000000217089 -0.8589061986136489 1.3210820872128173 1.9457839276832392
99.25000000217122 -1.010233750252339 1.3467465111228714 0.8699131388325381
99.26000000217155 -1.0399969768879869 1.0364421317492067 0.7058166319490329
99.27000000217188 -1.0822286161945374 1.292860116627616 0.5791369359858066
99.28000000217222 -1.3414829176349041 1.4294375622094848 0.0
99.29000000217255 -1.2854461537331916 1.3981165266562585 0.03960631615257693
99.30000000217288 -1.3703776188306742 1.349061250717853 0.0
99.31000000217321 -1.2786858067031366 1.2243749624521953 0.0
99.32000000217354 -1.227345764338539 1.2424697423971724 0.10312971046680941
99.33000000217388 -1.1681419156333153 1.319144402192423 0.40442560979733017
99.34000000217421 -1.06089853827653 1.270864774432463 0.5877527180942059
99.35000000217454 -1.2580719731641348 1.3785986345573704 0.12466295414141337
99.36000000217487 -1.2814981655495363 1.3181422106827898 0.10694251720674801
99.3700000021752 -1.2969751960875016 1.1865769086957654 0.0
99.38000000217554 -1.2637482581313564 1.1968472391234235 0.033861564090706286
99.39000000217587 -0.8959789627897583 1.304612805584123 1.6838468996692888
99.4000000021762 -0.9884524208014482 1.3294782106604839 0.9664940223021629
99.41000000217653 -1.0050109676065246 1.5459563707316608 0.6905522512360618
99.42000000217686 -1.1649535867270249 1.4083031434592794 0.33379803627220916
99.4300000021772 -1.2592234292771296 1.4400136778696937 0.049225760042183896
99.44000000217753 -1.084769085822708 1.3137366393908916 0.6218469371562229
99.45000000217786 -1.0389228858658277 1.3657567337349383 0.7522759132335906
99.46000000217819 -0.8256419520547604 1.2534384804554912 2.0017443616921313
99.47000000217852 -0.8231594915503153 1.1946061935071703 2.139471278010847
99.48000000217885 -1.0424835545598101 1.174684693181797 0.6198735813120484
99.49000000217919 -1.2183521766749386 1.1767588433298943 0.12988041912917023
99.50000000217952 -1.3709529567146725 1.2123441496598042 0.0
99.51000000217985 -1.454929717130371 1.1691818277800503 0.0
99.52000000218018 -1.3657587458546387 1.020355412332696 0.0
99.53000000218051 -1.0512361457276407 1.1080970799350873 0.4652638645163184
99.54000000218085 -1.050342226320165 1.1668012805352195 0.5683831564618597
99.55000000218118 -0.8831437414001004 1.2201970640146307 1.797066532673212
99.56000000218151 -1.0533496901280648 1.0905047336164364 0.4867340241288881
99.57000000218184 -0.8122232447722156 1.153660959314987 2.2363868734746144
99.58000000218217 -0.7110836606267357 1.230116410769551 2.69363693443913
99.5900000021825 -0.7826299738263955 1.202726535640417 2.2674473396854666
99.60000000218284 -0.7321775819776618 1.2167053860851063 2.582689794419098
99.61000000218317 -0.7628888234820932 1.3300866368273756 2.300406367439673
99.6200000021835 -0.6986463241694074 1.253201647334705 2.6566610662749603
99.63000000218383 -0.8694437546553351 1.1248247053926508 1.956320491951372
99.64000000218417 -0.911060623366651 1.2303112205611513 1.5546565509916055
99.6500000021845 -0.9811982317446659 1.4477644755221621 0.8231572771808869
99.66000000218483 -1.0785746564265106 1.1477863011079168 0.41661484915336916
99.67000000218516 -0.9695729566297067 1.007987532381843 1.3193785057420069
99.6800000021855 -0.9936874530905133 1.1864549718248918 0.9592154416970022
99.69000000218583 -0.810329724166254 1.0485296005476814 2.781114498646989
99.70000000218616 -0.7770243600462212 1.1752315795605595 2.4503166717460174
99.71000000218649 -0.8281311062916272 1.2687358049818833 2.0031291500785824
99.72000000218682 -0.8109405302835364 1.5723385637616598 1.7727622414694615
99.73000000218715 -0.93575447761987 1.5314927068752362 1.0441919850040076
99.74000000218749 -1.0545057088585736 1.4587112624148797 0.5695177633249885
99.75000000218782 -0.8825601056039982 1.5120547508940185 1.5036029345176374
99.76000000218815 -0.702228988923507 1.5295916605372952 2.165383969794102
99.77000000218848 -0.487912487674228 1.4274496036081954 3.8607135762993825
99.78000000218881 -0.6912831203290661 1.2132178096560602 2.9545622457413514
99.79000000218915 -0.7489077765089761 1.17855068104865 2.652811352155866
99.80000000218948 -0.8723185891311397 1.187227182191356 1.9463442950763943
99.81000000218981 -0.6777539831230052 1.2376847049889728 2.91702210462746
99.82000000219014 -0.6708182735694053 1.3186964410249198 2.7320030151163843
99.83000000219047 -0.724685555472107 1.4365074087983585 2.2350511704825142
99.8400000021908 -0.6691931306432665 1.286019795960879 2.8204077258133164
99.85000000219114 -0.8156490723723291 1.268939133521552 2.0517435010299376
99.86000000219147 -0.9554788458649215 1.4616429785131124 0.9925235113392062
99.8700000021918 -0.7490066267206208 1.6910755189358888 1.754801672606902
99.88000000219213 -0.6968752129698987 1.6005426376776941 2.1301121790090107
99.89000000219247 -0.8151940358456642 1.6658031480855247 1.6133487814781284
99.9000000021928 -0.8320039180276988 1.6950064906495583 1.485684900357806
99.91000000219313 -0.8774390442170439 1.6947101651054324 1.2844495236274034
99.92000000219346 -0.9472497168538974 1.8983768053352996 0.46581939660775007
99.9300000021938 -0.8061264412364404 1.7189116426956408 1.5280003782181713
99.94000000219413 -0.6259759536444383 1.760110482420908 2.024512661084284
99.95000000219446 -0.5943341810727767 1.8187917954832458 1.9902560731386687
99.96000000219479 -0.5452206699891986 1.8801926005790695 2.1104828289485784
99.97000000219512 -0.6175211016974395 1.5445050918579417 2.451991821249776
99.98000000219545 -0.7192372979346321 1.7320543937707427 1.75960231865935
99.99000000219579 -0.7344658906744702 1.7513838481246 1.6530794644910574
100.00000000219612 -0.9004126382748507 1.7838415004315058 0.9045130858866843
