0.0 0.0 0.0 0.0 0.0 0.0 0.0 0.0 0.0 0.0 0.0 0.0 0.0 0.0 0.0 0.0 0.0 0.0 0.0 0.0 0.0 0.0 6.338175587104336 6.166896625482631 3.50366659676189 -3.769057857548347 -9.118583365793228 8.950062889574802 14.54145840858561 16.214537911131817 3.5154866564763108 -2.662669833273009 -11.09043354204912 -12.503806579019036 -14.719064668350303 0.4947423161196778 -3.8170516511871755 10.589417678999947 -1.3490434259498918 -13.823716849794845 -18.916856783147857 10.501005618397885 8.721440211241339 9.086863777776452 3.7838620623305075 -2.629636425632561 -3.142828215129016 -3.2063108484282 -3.9185757994546453 -2.454588037859681 -3.3672868509550984 4.4690358837154855 -3.1329915869827185 -9.640503834294798 -3.7093689870903157 0.0 0.0 0.0 0.0 0.0 0.0 0.0 0.0 0.0 0.0 0.0 0.0 0.0 0.0 0.0 0.0 0.0 0.0 0.0 0.0 0.0 0.0 0.0 0.0 0.0 0.0 0.0 0.0 0.0 0.0 0.0 0.0 0.0 0.0 0.0 0.0 0.0 0.0 0.0 0.0 0.0 0.0 0.0 0.0 0.0 
0.0 0.0 0.0 0.0 0.0 0.0 0.0 0.0 0.0 0.0 0.0 0.0 0.0 0.0 0.0 0.0 0.0 0.0 0.0 0.0 0.0 14.436177618059052 3.331161195004882 11.370552255045904 8.095978856113751 1.7873501659006878 -1.6319093668822773 2.613387991682681 7.771144992255712 -0.3232522483808275 0.6339144982027323 -5.121284512492551 -4.096477707877918 -13.282902703625444 -21.416258536985644 4.7350074360082 -4.541563348763837 9.731872681108479 -0.9836119672493178 -10.21267465812383 -14.83086143011556 8.345050879524504 9.523049837274401 11.402269747942645 4.2552327928133655 -0.8630865709533064 -4.399897537296677 -5.497137484181938 -5.587885340891626 -4.371267300828116 -4.805051832833746 2.8029522340813364 0.9945294040995629 -4.776996021777082 -5.650996815241774 -5.601741460891371 -8.024192940923937 10.27322630268499 -5.819038522231091 -5.204943666872006 -8.112449561684976 0.0 0.0 0.0 0.0 0.0 0.0 0.0 0.0 0.0 0.0 0.0 0.0 0.0 0.0 0.0 0.0 0.0 0.0 0.0 0.0 0.0 0.0 0.0 0.0 0.0 0.0 0.0 0.0 0.0 0.0 0.0 0.0 0.0 0.0 0.0 0.0 0.0 0.0 0.0 
0.0 0.0 0.0 0.0 0.0 0.0 0.0 0.0 0.0 0.0 0.0 0.0 0.0 0.0 0.0 0.0 0.0 0.0 0.0 0.0 25.25876031347518 8.571715473700985 8.177221835517498 9.940676311320791 10.981240253215981 6.202423072428033 2.3722649487037186 1.7637041205834698 4.357433444205748 -3.609997714885234 -0.5724914172953612 -0.6399428930759479 0.765806473945724 -10.669652453161124 -15.188722941873127 -12.58814704404913 5.337666843680141 13.075791831036705 2.299181822767199 -7.437556757487347 -11.791316004738754 8.1165142900482 9.331533676006352 10.233595516716623 0.9738857186356604 -3.4108531126176036 -5.008425057881704 -6.741958019959164 -7.276731031878817 -2.6315255850608263 1.548513480463205 3.1892698915035136 -6.932178570814074 -9.977639052415753 -7.762847427053002 5.200225698047511 -3.9875379011958376 -0.8270899820368736 -8.344994946388887 -4.622559458252822 -7.490137259193183 -18.14566667164862 0.0 0.0 0.0 0.0 0.0 0.0 0.0 0.0 0.0 0.0 0.0 0.0 0.0 0.0 0.0 0.0 0.0 0.0 0.0 0.0 0.0 0.0 0.0 0.0 0.0 0.0 0.0 0.0 0.0 0.0 0.0 0.0 0.0 0.0 0.0 0.0 0.0 0.0 
0.0 0.0 0.0 0.0 0.0 0.0 0.0 0.0 0.0 0.0 0.0 0.0 0.0 0.0 0.0 0.0 5.972594004150717 -4.8433246789121664 20.451797956909846 4.071491098757882 21.08621734337903 -11.397562935895733 -3.0697809181916202 5.418833827253826 14.001406274736036 9.883118209669519 4.326346578342392 5.941711342295125 -2.889279796993836 -0.24483405460912833 4.359172881902551 1.166031153115884 -0.07529663103865558 -12.60628775507302 -25.100921320002584 4.81192136042109 -7.266997423625692 32.51701216329927 10.688126608470006 -4.611050580046235 -7.20032865834937 1.0546548189410447 -4.43894798562809 7.204868464510228 -0.408758623319633 -3.141414528276327 -3.9321934181362272 -5.838617040853292 -7.6976559732458165 -4.1096503913322735 3.52507233316705 8.028948268926012 -0.9579900304850386 -16.389028739635055 -19.960246961810046 6.028725129503783 19.190074102761447 2.211657944905773 -6.5508404137446234 -9.035712097462207 -10.563166785862295 -12.795468551354464 -17.73863408885114 0.0 0.0 0.0 0.0 0.0 0.0 0.0 0.0 0.0 0.0 0.0 0.0 0.0 0.0 0.0 0.0 0.0 0.0 0.0 0.0 0.0 0.0 0.0 0.0 0.0 0.0 0.0 0.0 0.0 0.0 0.0 0.0 0.0 0.0 0.0 0.0 0.0 
0.0 0.0 0.0 0.0 0.0 0.0 0.0 0.0 0.0 0.0 0.0 0.0 0.0 0.0 14.916534747827889 -0.7567124096615601 7.319551893852931 1.421343777648235 21.89215346079916 4.966523067880871 16.95844197484452 3.5277763113746325 -12.610311672383776 -3.8880996908438394 13.333240004102159 20.047507664518633 11.694486578308318 2.9076057839685054 -1.2679774684481604 4.104993357312205 5.600741248320934 5.622451138917209 -1.1259528298716028 -11.07856521762289 -11.953346911706525 1.9530009939086315 -2.768391231438749 -1.2231811706473164 15.315650494138133 1.2629280955122821 -3.5689693475927244 -0.005247966673158744 4.022644996880134 -4.448021316028646 0.4510529608416518 -3.123836451986521 -1.8751420805923589 -4.147833566711226 -9.178439007830525 -6.63534572414626 3.112892410941693 9.283241220796182 1.5125815808122685 -9.656850859013506 -17.33487083784192 6.132504348465254 9.752120041004527 0.3034259023882022 -5.922346993910404 -4.954871042400345 -12.025270467923246 -17.87655575591647 -15.27909510601815 -19.202947972075787 0.0 0.0 0.0 0.0 3.112018574951223 -6.875783953674695 0.0 0.0 0.0 0.0 0.0 0.0 0.0 0.0 0.0 0.0 0.0 0.0 0.0 0.0 0.0 0.0 0.0 0.0 0.0 0.0 0.0 0.0 0.0 0.0 0.0 0.0 0.0 0.0 0.0 0.0 
0.0 0.0 0.0 0.0 0.0 0.0 0.0 0.0 0.0 0.0 0.0 0.0 0.0 14.978314046367252 9.810911290352154 0.9696329133633705 13.508093897707585 1.096184059616109 22.277065612934592 2.414379107475914 18.853105198862814 1.9656494087802812 -14.01914957901659 -11.840343337004036 17.410435775971518 12.982993608063923 10.353678015469042 -1.309558589235543 -5.317467386332355 0.9016888097584222 0.9917412260584005 7.970165418374871 1.0691755042721358 -7.780719421972354 -5.462744907292046 -37.08617298048174 -1.013142781987771 46.19950949227828 12.15780580538464 5.418359495493084 1.6106691400939994 1.394536853998499 6.196194710730911 -0.7717732215298134 -15.593285263209326 -1.3279737170367578 1.1022670537393227 -2.5001126699230687 -11.494046512033963 -8.591736354019384 4.524965415496928 8.267579495882158 1.3851101760853202 -0.13857465858669205 -18.64548061768647 1.6632690680192923 1.956600813678286 -7.770709427499007 1.2524081848592312 -7.011787055202693 -12.626690642887802 -18.839303863205505 -13.841570884420467 -12.324087394178846 0.0 0.0 8.950210120356203 18.966968760217803 -0.5911295793270366 3.527290590141815 -23.9079431829894 0.0 0.0 0.0 0.0 0.0 0.0 0.0 0.0 0.0 0.0 0.0 0.0 0.0 0.0 0.0 0.0 0.0 0.0 0.0 0.0 0.0 0.0 0.0 0.0 0.0 0.0 0.0 0.0 0.0 
0.0 0.0 0.0 0.0 0.0 0.0 0.0 0.0 0.0 0.0 0.0 0.0 26.75292075767254 11.176647294742963 8.665700547627997 11.20822573229093 11.320687209869 -1.0372234801092646 17.4315813276445 -0.8650840304800858 4.773725821195164 3.9382297180466503 -11.215418054014716 -0.5483526193334665 2.8387115704358195 26.6628939468577 7.523437766205722 3.303819016943267 0.3937695843996414 -2.914071372667464 17.73521987113808 1.8757987162277385 -4.6180219507347084 -2.469931734548853 -0.6735291567167323 -11.227564063243445 0.3987673798232021 -1.1953070564335322 -5.202952348454032 9.351399396897651 5.170027995529537 4.341952969343234 8.041151200005123 -7.967434357030582 -8.82714390915664 -2.454180297827495 18.75116667377178 2.238883539774997 -12.478532980672167 -9.542767846732314 5.412054796844224 -4.062822156491338 13.6087328675186 14.272933521633025 -12.398015169254741 -0.1768744286165298 1.5806083754307845 -8.460260494584105 -8.552285779939751 -10.054145599888768 -17.906760560194343 1.6552364017854624 -7.943451711343366 -17.1852333878404 -6.4702615186757 -1.4581630218630424 -0.03757357037894993 13.342382940036508 11.752669863632143 6.124377540493818 -21.819420617714183 0.0 0.0 0.0 0.0 0.0 0.0 0.0 0.0 0.0 0.0 0.0 0.0 0.0 0.0 0.0 0.0 0.0 0.0 0.0 0.0 0.0 0.0 0.0 0.0 0.0 0.0 0.0 0.0 0.0 
0.0 0.0 0.0 0.0 0.0 0.0 0.0 0.0 0.0 0.0 0.0 0.0 24.765498566630832 8.391469924229698 21.93285771866092 10.277494908991283 8.92942288318421 15.199990428466005 10.055883042686338 -5.483128951653341 8.419068030770982 -22.722488884262326 15.712140314490316 1.506545059801697 3.2548526904083603 22.62329962719037 6.22351985205472 -1.602688408025167 -5.661285745070829 -8.484102832392912 -12.761274942518371 14.079803294829908 -0.3860025767378773 -7.240264392236577 7.547057410122193 16.023257134491207 4.046866727806656 -9.376430128683323 -17.61184304034782 14.591011494248608 9.164023568919378 7.731788436915025 2.1076996148290554 7.585674635861684 -8.807340241070586 -15.0275120477409 -6.575618880042811 7.773942833342047 -13.072602833049887 -8.946261480280993 2.357906102827647 9.107542488171031 10.017955029885321 22.799343770950266 -17.40317543721362 -47.68203453740924 0.696871770118733 22.1470452632743 -5.922268463665119 -11.099461247849037 -14.813709209750275 -1.8095344998218583 -10.71669425372039 -4.374921168783182 -5.952015986261077 0.08042699956498733 -2.213664177629612 -12.314994211565443 0.6095017606119129 -7.324767989801518 -12.390067036726172 0.0 0.0 0.0 0.0 0.0 0.0 0.0 0.0 0.0 0.0 0.0 0.0 0.0 0.0 0.0 0.0 0.0 0.0 0.0 0.0 0.0 0.0 0.0 0.0 0.0 0.0 0.0 0.0 0.0 
0.0 0.0 0.0 0.0 0.0 0.0 0.0 0.0 0.0 0.0 0.0 37.01826164739487 14.51401782195603 18.042284105996373 13.20169708273745 7.603503554006974 -8.056155417424415 7.257833919271972 4.07549349898903 -8.051921457512695 12.309965390213497 -10.418854854149673 26.292457541225822 12.476842749820939 0.42534379512351883 -4.733287492901303 5.934292245389499 1.4052042486131189 -7.49798173652939 -16.300884194872836 -2.1756709276099837 -1.4301768269544932 1.563539145515426 -5.891395963773897 -7.548253691300318 -2.110458907794586 6.192129975924367 -14.872055201477332 -6.474815463096813 5.221325509584926 8.901688383056982 9.1353592569194 -33.01696981218387 4.821493224773539 -10.927137936010793 -15.61185420376609 41.539271770361275 -2.056757543843034 -13.841674537399497 -6.173375880145561 0.629905245709281 5.54197676723084 3.2551525267893444 15.276609566013839 -40.28611291417413 -14.193728596881307 -2.5116942829592768 8.139921688818763 5.722512838946084 -7.779424864790229 -11.583850663840686 -17.922349618646642 -12.028480629863028 -2.6277297461387823 3.1011475042049397 3.6015950299477897 -8.00705723971916 3.16952995869155 0.44844102958369236 -6.911290940810782 -23.29856471159499 0.0 0.0 0.0 0.0 0.0 0.0 0.0 0.0 0.0 0.0 0.0 0.0 0.0 0.0 0.0 0.0 0.0 0.0 0.0 0.0 0.0 0.0 0.0 0.0 0.0 0.0 0.0 0.0 0.0 
0.0 0.0 0.0 0.0 0.0 0.0 0.0 0.0 0.0 23.355548640950882 13.605752810733382 20.38447830995623 6.496526707947671 7.00630670137067 13.60183188898769 -0.793014124149324 6.072863938499664 9.465688001644429 6.75296947444434 -3.2370792036583675 14.14362202745782 -2.4280590199128187 1.7505168050707502 8.00200812992651 34.92546075325303 -5.152491691212293 8.792855626995468 5.061624553202618 -1.9687658606381846 -11.95753341802024 -23.402129092247566 35.275774423541144 0.06998702738688989 -4.783793419270925 7.200667014580624 19.65248251732387 5.957060834797462 -14.044623585239663 -16.155749224535622 -8.475015580951313 3.6099026251607684 3.390394361161445 13.16941550436242 -0.1524907561396387 -11.771873544175588 18.467258250108344 -3.6067155999350975 -6.324662278589112 -19.463318297832764 -1.9237596149962477 7.4998159412050915 0.4210715877477069 37.25979067663556 6.181447431716839 -26.76143565210895 -7.2303159807594755 -5.296812624506963 2.2988755481930845 5.381652881818859 -4.527221220127809 -7.751104941383033 -12.280977715645282 -10.142113581827665 -7.470996062203949 2.6063649300330516 -4.631194706192222 -11.960624526751152 -3.3570126553063226 -10.68334109356595 -11.053732043565722 -22.693235802296975 -8.840937143802307 0.0 0.0 0.0 0.0 0.0 0.0 0.0 0.0 0.0 0.0 0.0 0.0 0.0 0.0 0.0 0.0 0.0 0.0 0.0 0.0 0.0 0.0 0.0 0.0 0.0 0.0 0.0 0.0 
0.0 0.0 0.0 0.0 0.0 0.0 0.0 0.0 -4.80367182006813 31.320755838432113 23.86417593002966 18.250495621906367 4.51741364337419 6.581878106186119 8.18007807460544 0.9070199948989406 11.310562454772988 4.431664148851756 6.3210219203352915 -3.9236614405029373 28.404270443879554 -0.14428061266906234 -3.159955590878682 4.359718564362161 11.740582337820028 -7.8079287091022245 6.283771659121606 11.633937649174939 7.499519304168826 -5.037227025524069 31.63515433922654 -0.7307116566727481 -8.63411697448922 -1.323211146448889 11.945897189012067 6.690851643887877 8.55352223778379 -21.815588094909764 -17.052762756757243 -23.674381216783065 3.923973501317083 -1.2086418214338663 6.148821873474491 -8.496887001778116 10.705448600282946 -4.466729879645573 -11.114822372815023 1.2919299436615246 -1.7319044859960613 -21.268343577546702 6.810209892514604 9.281846279750784 0.5448420509157179 2.2110043709554525 -8.022102821572702 -19.36341929231364 8.731384812230502 10.506261367208742 -2.6034802074453367 -8.532468585116657 -2.765065515142328 -9.283944482774722 -1.5634007010398225 2.799686937772643 0.9783873709266317 -10.66056311443958 -17.897652595464567 3.7793533828016956 -6.185659581128734 -10.28340520050034 -7.568662980199279 -11.803501374861735 0.0 0.0 0.0 0.0 0.0 0.0 0.0 0.0 0.0 0.0 0.0 0.0 0.0 0.0 0.0 0.0 0.0 0.0 0.0 0.0 0.0 0.0 0.0 0.0 0.0 0.0 0.0 0.0 
0.0 0.0 0.0 0.0 0.0 0.0 0.0 14.440269440692115 -12.184022933327224 22.440470877236937 22.752060616326975 16.897746475899986 2.0370463778644208 8.853188585734912 13.98655023988906 23.465657179031812 3.080992761976276 3.120756076790878 3.5256538749950126 0.10124590503397424 -14.872663177049244 5.518329069533871 8.044183993483722 6.209340965498235 1.3333913567655706 -10.494843038479019 0.21454596557227523 0.7343959553855663 16.2655404138067 7.396467410609908 -3.3168145704473218 -9.371476342565366 -13.038287833517595 9.427109866730314 24.125629853330793 16.875773578400107 9.516009059530294 -27.1506198100991 -18.415966284357545 -25.8220136791536 3.9889495673681163 -1.2572989185314771 -2.8572629494515103 11.829257685110672 2.856550832419247 -7.2888961619424855 -9.212685604737615 -7.9131421249471305 5.969562961509181 -11.282355157556548 -2.3798323553119225 8.19384471178927 -6.8089938907609096 2.5104647768861748 -6.024560048520178 -1.1332549629802513 4.038791025595756 3.0281852105550904 -12.32238732863004 -1.6111758629600041 -1.7394684766284785 -11.682737871780342 2.865664011005129 3.063601401153392 -2.7336036014204317 -15.717997824883353 -5.672174931509071 9.919661255905455 -9.0648455966058 -28.262977661979544 3.1515016785915053 -7.699517387024658 -30.761308668018245 0.0 0.0 0.0 0.0 0.0 0.0 0.0 0.0 0.0 0.0 0.0 0.0 0.0 0.0 0.0 0.0 0.0 0.0 0.0 0.0 0.0 0.0 0.0 0.0 0.0 0.0 0.0 
0.0 0.0 0.0 0.0 0.0 24.539223261860343 14.609395776393473 19.782544051076975 2.974453631836779 14.99274249346118 134.38618805183805 13.606199300828578 -7.602485126473076 8.635269685833304 12.581644617502416 14.352320641918727 2.3250813050308046 3.0835076202833585 15.343946107888607 -0.7941517177662105 -6.4929828621576045 2.0446876036363943 11.808948154068153 6.787445002236097 -0.0942550162746354 -11.271033017818183 1.7682950984510635 10.430257229108836 4.212896809802702 0.37659640481880696 -6.499684115021671 -21.05289048981908 -7.347139533099302 9.80488904630042 30.462106903093474 14.946248868018543 -6.338252251548532 -18.598751123329016 -20.054099852955108 -24.979446903347043 -1.757792368476214 -1.3958638373793688 -17.67223215427225 -1.200088275040617 3.2232982714228937 -17.711691426538934 -3.6322457616082406 15.81899807018236 3.1615089948471873 -3.8428756779572333 -1.0854811830096311 6.391469939291252 -0.1419361929093519 -5.449724353693688 -3.9423087161632475 -3.679985698491863 12.988976682897619 2.4939645982052063 -11.093560932594485 -1.1701858329933295 1.872229608905132 -18.284224704780318 1.9300119219197225 5.863838026993118 -4.536212667474047 -18.71310381839681 -6.074465677373709 -1.127947440727815 -19.502576604789667 -13.018835595387698 2.805816825854226 -0.2899030367548625 -35.28056081544882 -6.737234066215006 -2.953460744829913 0.0 0.0 0.0 0.0 0.0 0.0 0.0 0.0 0.0 0.0 0.0 0.0 0.0 0.0 0.0 0.0 0.0 0.0 0.0 0.0 0.0 0.0 0.0 0.0 0.0 
0.0 0.0 0.0 0.0 0.0 24.85312729890753 11.815984990251723 20.885030110335794 10.490612132109492 26.849517605604074 -10.374644359002055 9.452040076902337 0.762458051565519 7.930264381118299 13.093535620799495 12.669451522813832 3.0444780957827735 1.0071804322308087 11.470298866729589 -3.290188897035314 -3.981904551910323 6.703761334610052 3.3974950720028994 17.049892791627304 2.0957020122942853 -6.588841344783967 -12.993056395187327 4.395668949175633 -0.6389942896752145 -4.029163492935464 -6.490122995393331 -22.762151152043813 -10.398439741687486 49.74743306691588 22.838423153761983 11.947947876409936 -6.944227989090489 -12.629339142913913 -21.02276350739156 -18.245877094152206 -4.872942857003215 -1.9271683968488729 -18.50362172100926 -12.674347320710027 9.190350448560704 11.384014298408665 6.875388345001946 -12.698811618993536 8.245235440254103 -2.2128062569992313 -2.5906884756253388 19.008985603649204 -3.144964534284998 -11.950892624782822 -10.995484584326583 -1.3908397249968845 1.5468654477445667 4.372668781858767 -12.250950766435553 6.85393225342905 8.200647524305309 -2.3752622828036367 0.24385557801743962 -4.052863521734309 -0.8234990990352942 -13.92381471327956 -16.884241571023313 -9.176384612629072 -3.6990175754044863 -12.006634912391146 3.0095335770278115 -15.932018992280433 -39.432341588866684 -6.356971017601952 7.098225664121481 1.2790187234818533 0.0 0.0 0.0 0.0 0.0 0.0 0.0 0.0 0.0 0.0 0.0 0.0 0.0 0.0 0.0 0.0 0.0 0.0 0.0 0.0 0.0 0.0 0.0 0.0 
0.0 0.0 0.0 0.0 16.819727391112796 15.794856436855916 24.910582292826014 14.703827856386116 19.745646621736814 39.75332899987002 1.742683150248526 19.332249704876965 18.750447850352764 6.114016480938108 16.138250884050727 11.684017804203616 3.1906024622424707 -1.8022108708801239 6.107182745097962 -7.503221618097625 -4.678173855661944 11.876989309915725 12.381727202144909 -0.8158548272428527 9.30783929128406 0.1804873062847503 -7.462170867261449 3.5065228375274686 -2.8028880242057834 -12.012897447845756 -5.740020789268236 -7.186271016962242 -12.16334039461582 27.289162812357834 17.45243036841498 16.312643330245223 -4.719695027038306 -25.593124615596974 -32.47064997171244 -12.90396861979379 -3.725219619390084 -4.239212924387079 -9.765687224052007 -11.188954443805411 6.5240299476194465 7.456339033401164 3.532928254582348 -9.453353521048683 9.749868225319535 -0.27352926437929703 -4.734810623454543 14.923996988875892 -6.327933545922967 -15.479934461697749 -16.75231038654145 -2.476728957398116 6.834006450461456 -8.493687591933158 -17.33489434295667 6.888216405679071 18.509992345665744 3.8957962132085244 -19.269869898364163 -12.890175880067677 -7.499497510541254 -7.799589103789343 -18.620032797303463 10.736824194256684 0.0006916838778412426 -7.741778045848912 3.4474748830343334 -14.692512452702106 -26.422093543679328 10.57545663469761 1.3197876812951688 -10.121448946378536 -35.15443178008807 0.0 0.0 0.0 0.0 0.0 0.0 0.0 0.0 0.0 0.0 0.0 0.0 0.0 0.0 0.0 0.0 0.0 0.0 0.0 0.0 0.0 0.0 0.0 
0.0 0.0 0.0 15.79006957173317 6.595678241891717 19.956106708373603 11.632326285433395 26.048955410451043 12.350537267836199 26.015145214537952 1.1683900417460595 19.404004136432665 25.904588295451216 24.444317566930657 12.425915009473478 -7.973600273399911 3.2959305737825777 21.12802536891795 0.8367933942707815 -7.042109257357573 -0.9309254555105475 19.402810882730215 12.125554765791387 -6.370361126580894 33.554763281116784 -0.38072774720508895 3.4853078125970445 2.589539157979811 -5.59895730750048 -13.905824374230777 -9.361936617936529 -8.308467758757416 -3.675533618051473 15.544723354775797 10.878506884644988 27.2697618046776 -2.1594094679265297 -30.319719683665458 -14.438501577081578 -15.38123658743769 -15.707359973756944 -6.641687632353118 -4.49036124744369 0.6101639713747886 0.35001879332738284 16.805003151941662 -2.4294838870110986 -29.73249172857286 7.263808069231408 1.4367566597284256 -6.465809169024181 9.693902918295672 -11.19989554812748 -16.53445467836949 -14.636671389557591 -7.910305414336031 13.926349270289892 -7.413688627736592 -0.7482799873641426 3.678634525248971 15.419199688705994 9.449410760422726 -13.107516643969205 -19.99179102265773 -9.828552481461834 -6.834431560881248 -14.004413124985719 4.856883520829891 2.5692102763690796 13.820444159985698 -8.7938162871883 -18.48721502591662 -8.726803858542194 8.8237527387132 5.159680033433165 -15.05799881233372 -37.1769107125117 0.0 0.0 0.0 0.0 0.0 0.0 0.0 0.0 0.0 0.0 0.0 0.0 0.0 0.0 0.0 0.0 0.0 0.0 0.0 0.0 0.0 0.0 0.0 
0.0 0.0 0.0 19.623961345486705 17.267592032137557 35.58630915470556 7.787290950069495 42.609125875291916 -1.4181503856804905 6.622503606904287 13.494123774877004 21.688282772864753 -5.375197802437032 23.82419840005896 14.267850493120516 0.8231098343049008 7.273049696210439 14.121437235337833 4.989637505869753 -19.435978146116756 -1.171709352326574 19.760432463906056 10.059611936217692 -14.966834522349718 21.545413743956882 1.0891221131903983 4.07422515173603 7.564327699441793 -1.3301570254739368 -14.820609282081486 -13.02369462943517 -15.050562108296019 -3.816558601528484 15.708735870910484 20.92691149665836 8.275421633688707 -5.858324583463064 -23.533922019913998 -28.122148805318545 -12.628005270277601 0.4978741419730184 6.089959897766508 -10.368459877372304 -4.342932057606936 1.0643529190381216 5.87095476986773 -8.755772130645 -4.235424128252668 5.72651211724842 -0.344522560351157 14.723226492873883 5.742615186602629 -17.25020321418967 -2.6466486600585766 -11.48691702115736 -11.283555494650322 13.97214086134221 -0.1945845208201007 -14.41934258081148 9.020731595337335 13.213809854703054 8.865438304354623 -9.2623342702606 -23.56670796195337 -14.843144307641271 -6.264237344536214 -6.930950208535463 15.056885119532108 7.815551388354046 -7.198833541185482 -13.959084281050128 2.7934048994389595 -10.551817244834657 -8.305131333616858 3.2165183686124665 -19.018219877610804 -26.22058599321389 0.0 0.0 0.0 0.0 0.0 0.0 0.0 0.0 0.0 0.0 0.0 0.0 0.0 0.0 0.0 0.0 0.0 0.0 0.0 0.0 0.0 0.0 0.0 
0.0 0.0 6.645630663526312 13.338478967019089 22.371924210981227 20.71881106026744 5.705662759448134 32.24790695062552 2.3175157159768665 1.7358196246970987 20.199695128525263 20.095210300243124 21.47142894885322 19.904187944511904 26.425718843070456 4.703564857246267 7.517570215004046 7.369019284775843 2.3488541462199977 2.08577642246623 -8.287510123808197 21.857592896991854 10.40458810506222 -2.417480223768731 9.325092506769685 0.17287780660312957 8.021048566490188 7.442937478365805 1.8582075774007898 -13.382162067058404 -27.199164078926824 -8.794727869032577 -3.628956554765272 13.462913882644543 10.524056940841428 -10.886960896250494 -6.929847447643075 -19.58891253270817 -26.1016318194202 -12.57508637292872 8.598886281140114 -3.4346728762402785 -3.6612455291420503 -5.4442419937136055 2.598738935939 -9.97171382744116 -3.3981962809439272 -3.9115153655566877 0.6078473489533855 -6.411681872931384 -6.930706109540043 8.58868843789456 -12.756538033561942 -3.196068695597326 -12.408498027376748 0.9570378134458513 6.070943442036546 -9.802346561920706 -20.050116863893127 6.817983083751393 14.319230178134468 4.265014811466303 -8.3574090240007 -19.445241601121793 -12.972983158269518 -0.26495558227448 -0.794761317214423 12.903021744192841 4.441037764615815 -15.447683882244135 -8.01880012077963 1.6871732414474767 -15.16434390602545 -11.674379787697676 5.510825834377373 -11.088525663289866 -28.476507677822834 0.0 0.0 0.0 0.0 0.0 0.0 0.0 0.0 0.0 0.0 0.0 0.0 0.0 0.0 0.0 0.0 0.0 0.0 0.0 0.0 0.0 0.0 0.0 
0.0 17.11117239760634 3.227744823170804 7.536149799196451 14.152342578711705 9.065713479444742 5.390575636913904 26.41882105410854 5.345838951422413 4.533797902080682 11.800618304929513 15.307400611257805 31.54498352728241 37.62390850434502 17.686525360754334 1.4904068890876694 -21.396955245517482 6.390461184206121 8.40670660623718 12.797537087617485 -5.139579853493828 25.178298215160474 19.15217446870384 -4.551812219458045 1.43799475526121 4.044354795346093 1.4884735368456283 0.49326667320698603 3.4773615024848397 -5.551279889925213 -16.302565499792546 -15.933867522241135 -7.40200733303871 -1.106589753331852 7.226766039209634 -5.849896533870429 -17.586195895770004 -13.318064514684462 -25.28295042219725 -7.708518004632015 8.600070225575188 -12.91934529476395 2.025126440791582 6.300154998619563 -10.434575651889002 3.1059237919547353 13.831517178989264 5.735511282307462 -4.7444900854827035 -9.96925720451407 13.809376984784947 8.83591945691157 -8.159656886681327 -17.3450455074912 22.203741736098515 -1.7346723662171533 12.33759045474741 -16.018983946102555 -23.4278428385825 6.223643896087902 11.875484314058776 2.7777387577639603 -8.83949697180424 -3.3293318935970966 -11.743564060858695 -0.9697363927563303 4.681544513614676 -27.62388215923669 3.9373050406866716 -11.359564129885413 -14.98431639013672 -5.8348044655109685 -21.63593948042395 -13.567537039207224 1.3224837742424547 -11.321679328755357 -21.716489362808836 0.0 0.0 0.0 0.0 0.0 0.0 0.0 0.0 0.0 0.0 0.0 0.0 0.0 0.0 0.0 0.0 0.0 0.0 0.0 0.0 0.0 0.0 0.0 
20.927019229604156 12.178160628410534 14.55649763723925 6.642216709160277 9.58065761704039 -2.3948755278396963 33.426411712970754 7.433336137512001 10.795362197023344 31.860070549251308 3.607970788008119 21.617140854285534 15.386262083636872 40.720083370064316 16.186772333613774 1.5660255213721719 -17.63117450127127 13.520858784261417 2.659938299987562 14.153561052857567 -15.625456649288763 33.49085067710097 26.983977372523526 8.5148927060363 -6.304346215482669 -0.37736867204000024 -10.250733322535075 -11.771191411130252 7.889024323471471 3.4092429043681287 -6.004735782794635 -10.623648588182236 -12.91178895337273 -12.955329246290752 -0.8034134961803411 -5.662129175216465 -8.745669731612004 -21.856920951849993 -23.755257161115154 -0.3267207166395142 7.6522901709217335 -14.004324912747629 3.3133172773417234 5.067478422766444 -16.144005600641513 3.384237505862761 4.308685974298448 14.610594594115707 -25.067426141220785 -12.478001244944657 6.5988556062680335 9.325762361255844 -12.800039836547231 -32.95528426355688 19.997164278308645 -5.771102314796723 -15.25016276905053 -9.05843122565255 -27.891103524196936 5.790980253019348 11.30109455905372 0.3609601540602405 -8.177431585603731 0.9101908404037347 -16.313896019349375 -7.2828655577387575 6.87256484901791 -5.524132939945786 5.954022503510527 -4.130536766475831 -6.5412460067007085 -8.85311428558655 -16.308100553857148 -14.590297694231731 1.9312939526486668 -8.527388506529283 -9.376986888566757 -15.258191564137693 0.0 0.0 0.0 0.0 0.0 0.0 0.0 0.0 0.0 0.0 0.0 0.0 0.0 0.0 0.0 0.0 0.0 0.0 0.0 0.0 0.0 0.0 
15.124039376468074 11.016299326561072 2.155569042447888 12.282938361615523 12.404606224586667 2.7876082634290587 11.88168620159708 5.603685081966875 57.62555443939895 31.295401857275447 9.99552076540638 6.001835278851625 25.566527843411443 38.63811218726507 15.907966884972558 1.7855308224847017 -23.735239441882737 12.84255299327937 10.632564587002864 18.018702672147224 -15.930828426086341 17.445737615179944 34.88061775331037 16.762998554893525 -2.688161838087013 -22.687682503336003 -2.925088295906516 -6.250279228586409 -2.8578039032827096 -1.7766613969108884 -6.233728604018619 -5.643973943378169 -10.153531098451024 -13.639726669889937 -5.862281780514969 -8.402542764717484 -7.173201286706128 -15.331919301329531 -36.21591043959996 -11.022142141882105 7.470120362540012 -8.817454913280079 -26.51125002653429 -1.805317016369217 -20.57481491789051 -1.1548417188970452 5.091041689211503 20.740056281047643 -12.833290697329664 -15.714707787684823 2.387090421000879 9.716193768122366 -23.637447825670524 -52.88804205109248 25.173343962602157 -1.908505471773342 -13.086398995821002 3.188603278355334 -19.414703808631188 1.9205577029455208 5.280980522443002 0.7358714314524999 -7.151263932759738 0.6269517430537517 -23.644280185876596 -12.392412097359365 8.583516593671177 2.2658020113227932 8.18601737676319 0.20082318536698565 -4.176217382755 -6.303682238467598 -7.234211254816814 -4.359303962579528 -3.9034609412385963 -13.167461252266001 -6.417307058070197 -16.652608745901368 8.258592955338093 2.0661877693731285 0.0 0.0 0.0 0.0 0.0 0.0 0.0 0.0 0.0 0.0 0.0 0.0 0.0 0.0 0.0 0.0 0.0 0.0 0.0 0.0 
10.717926542251165 9.686707569007428 3.221598427266247 -0.20616920435837255 11.931178713204377 2.514898534937071 -8.05754951845489 -1.2689969063023199 48.48180375475546 34.395324138863565 15.283141125392465 5.288078929252405 17.39141160135612 25.798800038093198 13.880069145990626 1.1085126286450286 -21.445767964059367 25.990295062104806 17.149942634619865 18.06259372847329 -13.795743922354443 27.789788447647833 20.649327708854894 8.08273638249956 -1.9107163620179577 -10.083409513452914 -2.7269931330892336 -3.592141131051909 0.5801729837799168 2.3653691780035517 -5.216378012640703 -22.945633855849387 -10.01305993009671 -2.9260787505804577 -17.824313698160108 -4.070923626717393 -9.464127619048917 -12.986490785719491 -27.66791436538759 -0.3431183298761542 7.208370801338926 -2.260361431411968 -14.215909659254454 -6.475090201698123 -23.230504601092925 -4.3416129058142205 3.6654198826942155 11.0785471459649 -6.282570235221095 -15.142996689384862 0.27250545532908443 12.523288912418092 -17.51431731059241 -17.923825019965502 -2.8874602085853227 -0.30684419364039606 -10.6722433156026 6.303040127002609 -6.4909748157109775 -7.6947051122923895 -3.8058590618152683 -0.5362777214473944 -6.9372654930520845 -1.7872665289346914 -26.903142921396206 -9.979967695907913 11.276582682234892 5.271468465534479 -3.314088053415972 -7.817635787940948 -4.505006459462567 -3.9094522399694687 -1.3088724040481834 -0.251568616394791 -7.3679829606072555 -3.7032930712641874 -11.219584462852806 -19.299752288097647 -9.595859368917978 0.0 0.0 0.0 0.0 0.0 0.0 0.0 0.0 0.0 0.0 0.0 0.0 0.0 0.0 0.0 0.0 0.0 0.0 0.0 0.0 0.0 
5.515773113142497 5.992405829860926 6.400387503964181 5.9769708023366235 14.700214190778153 3.0388323065571603 15.807454306058487 45.35679445430652 35.74065407764564 29.563700566115543 10.910044743225402 -2.8677696001253192 -12.75620097196614 21.140691690437826 12.084826953003871 -0.4695210848016047 -9.724433364603117 6.6400806621762785 18.62084049751637 21.91734330637556 -5.278655658149462 22.887714104537697 15.734737667740747 6.384637462680315 -3.7857946407899874 2.6117796567511746 -0.9969691165740131 -0.7551524510952188 0.4623387048751455 2.8044923691584995 -0.17454280061009708 -16.426325608865202 2.2239824720142813 -8.91218698170352 -19.527580343257792 -6.305204743055463 -14.724376367471745 -19.47807939955932 -23.670744678991365 -10.94262506481633 8.760586465371151 -1.6439915799427265 -0.22374541247007063 -13.557276841293852 -31.662490527972043 -4.827346113892614 -0.09022354388659526 7.618525345663791 -8.258226117563108 -13.689858176180444 -1.2755514024867538 19.08213552243819 -3.7744019858496216 2.963211999936071 2.5316375054706053 -11.356753903284853 3.452797736405727 -8.392771643735909 -12.844155299094975 -6.400997048869126 -5.81030984125739 1.7111076706588608 -6.115799671560151 -3.7603691676766577 -21.784453103868373 -3.436432260659006 10.958055052201919 4.669677463426503 -3.4520094144672 -2.886072505144162 -9.267985351214655 -8.62302581799163 -7.644842372005413 -4.613926791098428 -0.3251233885786653 -6.560525916998542 -15.316612150932931 1.5750369497197552 -22.751612970229363 0.0 0.0 0.0 0.0 0.0 0.0 0.0 0.0 0.0 0.0 0.0 0.0 0.0 0.0 0.0 0.0 0.0 0.0 0.0 0.0 0.0 
8.376209022923176 4.106284957615344 6.474433438606629 6.980410127879168 16.184827513081505 9.263361988854632 29.924693101837292 21.238000898402284 31.991179966599997 23.509882271467006 6.881875606933468 -7.946029860431953 5.150728083483295 19.869026246391037 17.965442496558687 7.340987399263211 0.15321232664176376 9.515100942454694 18.74684317719377 23.270128577077674 1.9379768333112595 -8.315391843040466 12.429442754691863 -0.48742481082622824 8.829359107460661 2.6334888660412252 -1.6675041384813385 -2.4295446304154256 12.650623716593946 -2.6905879637875536 -1.759595408282653 -5.416144501306598 5.901933760675654 -5.848076654881924 -23.092399712008046 -28.92573631918523 -13.492583316601351 -23.113578524855953 -23.032769732269518 4.638818222077177 6.493305009120435 -28.84257803583985 -9.725863781076725 -21.300569625327167 -14.445681815875204 -8.638767670418382 6.4949318226452055 3.8400796825735797 -10.281363873206509 -23.401231422640247 -0.718363614287794 20.56943808744891 -5.270999976182523 17.509754134148178 2.7729547093482 -12.669877140232286 -4.808724220192822 -25.60495821195401 2.2878487296734877 -2.4931067207840742 -6.443459537135501 10.43422623655048 -2.104502411904594 7.870724975243739 -15.087552303781287 -7.440829113754971 1.8591275495342712 9.128113114675863 3.6430184821967044 -9.37966455346665 -5.852351812072001 -11.228713915112735 -4.5695805511063865 -3.864080676426373 -6.113856774356787 -11.575492962024587 -9.822908940241604 -18.3634043446789 0.0 0.0 0.0 0.0 0.0 0.0 0.0 0.0 0.0 0.0 0.0 0.0 0.0 0.0 0.0 0.0 0.0 0.0 0.0 0.0 0.0 0.0 
10.339402528710696 20.589806384752542 12.71866123767419 11.6843233063788 -1.5807539828533295 11.618708326009457 41.468622884506615 17.079646755305706 36.929537883218046 12.755152703165644 7.5077958768434225 -7.409430945190511 -5.637742009617487 10.835036280489604 15.400337315865608 11.325707523666344 6.2313056484727944 11.431165140416462 17.060442619208562 5.214025506449098 7.36194034502555 15.658349116259025 -22.746536531745857 13.738374657525465 7.676212102798071 0.10698939462247292 6.5254436406630365 7.12776268473671 -2.153171236930092 -8.331221679401658 -12.385554250059293 -0.44753245466832503 -39.88343301783043 -4.244214463891291 -11.51747243152751 -17.49603460429608 -12.424479862921125 -27.159385527909045 -26.19130835376985 4.1449144339891095 11.502960015320157 -2.994248546836595 -17.7220967256632 -18.894380720059484 -25.535904801594736 15.23399889634948 11.089407430096824 -0.9285356094780983 -7.617534639979997 -12.251591125211863 -5.510739086493495 14.406773554089057 -26.217540257938637 16.76479159717974 5.859771751556925 -9.602984884083162 6.100677388128492 -7.938612102078107 1.3825565858561608 -3.608708447281441 1.8885757496399123 -7.927495313495173 6.618563023152581 -11.72862118856766 -16.59147936893691 -1.2512516413698989 4.747055828350285 0.6338431619728202 -2.964191989242037 -4.5395905544098785 -16.015135681878665 -7.906608899298426 -5.226114233287725 -7.82413485632959 -1.926851208575842 -8.105522409330415 -14.973121106190709 -30.768412017227124 13.668577701502514 -10.027928027971065 -10.96416963745783 0.0 0.0 0.0 0.0 0.0 0.0 0.0 0.0 0.0 0.0 0.0 0.0 0.0 0.0 0.0 0.0 0.0 0.0 0.0 
5.266800944834129 23.922870295441705 17.431851308703582 4.6015978574312655 0.4361672936812431 8.95999315726742 37.0811258648985 13.716340799674134 31.590786088712765 14.248959598176643 10.868063923259776 7.515053079309931 -6.588256855396092 9.85309794341711 9.633679879176938 9.566913508248687 -6.449164873592701 17.788926273594633 19.104775042297113 17.339013543850996 7.789262092877156 -0.9607575341212704 -6.57473924824058 9.152118965778952 13.418964911218742 5.463535165296554 -0.33073457028564635 4.83804967790892 -2.854743373259102 -11.984229953242318 -14.788466171743092 -0.818118526486955 -11.65494894785214 -0.22735861581447026 -7.49236288526096 -15.642479249307687 -12.700729394357388 -33.38922023587491 -33.54499458740932 -21.779671389020898 22.332571775010663 -5.42039092781783 -21.418494796147428 -6.809664076617306 -12.192927868477414 3.344314712813442 5.429240226728336 -2.173343845845664 -8.67430852402941 -7.273899450580082 -9.598238300518052 5.754958382077777 -24.77566853442447 10.192051699962782 11.103788005025738 -6.649170631039609 11.92667342750798 5.013598651993853 1.4155224238110495 12.824558569654032 4.004468037423363 -9.089751694672538 1.985459962788923 -13.364263381302257 -15.492303554023733 2.095243614349305 8.408565923642064 -0.17916571327118191 -10.05243204535493 7.663014385906515 -4.6456957057167365 -20.306373790861326 8.106450140320923 -13.000417419447356 -1.7061744952502718 -5.801885643690652 -14.863641994813408 -30.304002237737397 -2.9804517419441057 -5.998104665901113 -9.182248592650073 -23.229468439952065 0.0 0.0 0.0 0.0 0.0 0.0 0.0 0.0 0.0 0.0 0.0 0.0 0.0 0.0 0.0 0.0 0.0 0.0 
1.4075663829507936 22.516027556439962 19.903047610189336 5.752504993635258 1.5760895890271538 13.158521872194873 25.548795531793054 3.7809574609523398 37.71834278871543 24.118511622357147 24.278901024235818 5.474055107813236 -2.113991815714079 -0.5708366069827964 54.566578176182276 4.756906754528782 0.44885078083902963 14.739765033735988 17.509514940169325 17.466243399199886 8.551886533369007 2.1864674223663316 -9.716443792204288 11.453317298046024 9.686131365790818 3.685348154489356 0.8183396935201033 6.742712952242684 0.018250724277810687 -12.68480581792646 -15.844205728220542 7.020206991330241 -7.555851263933198 14.945613275138676 -8.060884002063267 -23.51581544858623 -14.73121876087125 -33.36333844057487 -29.14912000410377 -23.62268008915336 10.253220928833704 -5.437551355598637 -20.26145057737437 3.4339651758369154 -2.7627322916699644 -1.5879104762180973 0.9211897677331322 -3.039388324080477 -8.706033655102878 -8.142245491590234 -10.571381348973887 -13.664583501213698 -8.390577947074984 -5.904956095874846 13.713153802178358 -10.409018129204824 -6.16405963507599 6.9648196296532205 2.1898904141610407 21.50419689566489 3.259153281157916 -10.95815875488369 4.815794729248168 -5.372849504032268 -9.447723624300153 6.36995649695252 8.31124791497333 -0.014364913476041075 -7.962330883381564 15.787058073185888 0.29500838644013205 -17.84118921790718 3.7558072211910662 -15.500225606953432 -3.2849093057911958 -1.8423496172903788 -9.521017996071935 -17.31773425541597 -1.7656089080142086 0.5060243021422637 -7.145929555093299 -22.523261898080474 0.0 0.0 0.0 0.0 0.0 0.0 0.0 0.0 0.0 0.0 0.0 0.0 0.0 0.0 0.0 0.0 0.0 0.0 
2.4167251927949445 9.87079068623424 19.45042988558389 6.740671120047233 -2.581197931958807 3.774397811938875 6.775650776952572 20.140010377481197 42.945784648668614 22.90818620125188 37.89706354900915 9.28571832765136 3.4181480512095614 -2.426869507020095 63.28502973235292 4.6663944274346205 7.526955506671503 11.170358358246023 15.790693322482433 8.123002959449941 10.02732904873474 6.06614024350878 4.1433902830000955 -9.725194834823826 7.901863272553852 3.355075708221744 3.7837398043861814 8.08746901292112 0.6234412540595431 -12.51926494943548 -15.211440677623784 7.934141932250546 28.85180956187099 18.87619963506545 -2.540331578842645 -15.779037600135386 -19.68391453965229 -35.328070286632894 -24.51434910012853 -14.608278304928962 -5.753764411946683 -22.717018139409284 -4.009049469846792 2.114571058930515 -2.3762739619013624 -5.813910481111635 -3.497780961199382 -4.993537899802418 3.016096229777722 -10.199826194900524 -11.401731026646495 -13.092506567521516 7.310773015452552 14.847684387105492 28.508767869131546 -5.95349384294037 -12.605526600619083 12.667766989811195 3.9814246833254203 -2.3438483551353744 -1.2867063754991492 -13.566495893464722 -15.321209244839558 -1.613435788752597 -5.660997654046659 6.993192714855473 4.57469987948728 2.255466178764333 1.6868976936410767 12.644597305544464 -1.443527937501396 -14.347028872364398 -12.789527133146432 -5.3811162756720705 -5.720825700770773 -9.565017808180555 -3.2339806143239485 -8.711970226974575 -25.494356405627485 4.317238239728072 1.7676007430085008 -22.348588961864195 0.0 0.0 0.0 0.0 0.0 0.0 0.0 0.0 0.0 0.0 0.0 0.0 0.0 0.0 0.0 0.0 0.0 0.0 
5.608115934206683 18.79336293305581 16.505044350163384 7.790612891575898 7.383866166534622 15.895459794492755 -31.07785292318869 52.99240120320042 35.783248771860315 16.201046456924722 12.15227989267723 16.13712999498075 5.401488856363579 -5.333125371144 21.350106536981826 10.037142681459704 10.05663502261772 8.222993157067078 12.433624509954685 10.115612265566469 9.539567674368978 1.9861645484281398 9.575376597872538 2.6606922018738794 -0.4274924963171265 -7.909769424633794 7.565373465815691 -1.5817992058055064 -1.4823215995979018 -14.498266296834602 -14.148388387665946 1.1395155011565437 27.148321509553732 -32.15215631853583 -1.1677246397303218 -14.857672850554918 -20.071131376513968 -22.58865348852479 -55.82840540760286 -15.330775144076679 -15.65741629477262 -17.79528201609093 -3.1791972891569387 0.44652842218154487 -2.0557707231823277 -9.416161609770217 -7.897778556309574 -7.984902673821501 -4.68895134631543 -4.169580839708047 -7.817172931765343 4.159827822957741 -9.047531508363807 19.41926103662509 16.588412791997577 -14.110177376657736 -6.543567433429059 13.3384756570556 -8.234592928133434 -12.582585681957362 8.504726970576435 -15.002066517891329 -11.76276838599181 -0.8443938344642399 2.7159178183217163 6.993032417455113 0.770454295707123 -0.11129791423722946 6.7811360617582235 8.878279385609007 8.44504324319462 -4.551876012729626 -9.948496556192252 -3.971838510220115 -6.271489629090263 -5.8672293247484335 6.32676251487079 -4.349642712845693 -30.0828692257684 9.41685901463055 -8.102552722263024 -10.069609277724659 -32.632599239691295 0.0 0.0 0.0 0.0 0.0 0.0 0.0 0.0 0.0 0.0 0.0 0.0 0.0 0.0 0.0 0.0 0.0 
7.069964194547602 14.820405556235103 12.940332180946266 6.187404725990707 -3.661724410213153 -8.396856234085487 24.385080269991555 18.75887369465522 26.227084035442694 14.297586650649503 1.2606211517791153 17.68761272007177 3.117062809263013 -7.768676292334273 -4.667502937360663 12.559769984244928 9.938574835212606 5.400541497228495 6.9659255557777175 12.315849162854638 10.135909571183273 8.419519367464938 11.626182982075022 3.978637840403505 1.0960830133339572 -12.420979749724745 4.869579142797469 5.554038628980038 -9.033215732570731 -20.4064170450297 -14.563433976510881 -3.5960366258673315 23.376584026325393 -7.094084992362331 -3.3512628226919685 -21.330341603845703 -12.198214811150189 -20.967688331720435 -11.036883578044144 -9.150027710047077 -17.192548164699243 -18.293405790529736 -38.137554479978874 1.58709092290196 -4.109390820668068 -14.857464638905991 -14.0749938489567 50.61453252706961 9.086559060982799 3.6281299684584276 -0.06009664306624796 -3.655896007833403 -5.999041085787203 11.324624284406955 5.942509131054923 -6.615695784270787 -1.1501671841213428 17.688662298987495 4.701659131781441 -11.300483296034967 -12.179144435150194 -11.33716923858583 -11.937796823464874 -4.3935483704377445 -2.39856348771272 -2.443705927433091 -2.5856890402637527 3.5121907053261094 0.4063530121159018 32.5443433115229 4.835122426030531 -3.3564848131883442 22.591254650036667 -5.219078344912381 -3.6098160197997116 -1.5105630207498981 13.378425026098416 1.7325052587527576 -25.018738578306937 -2.76952330064134 -17.054653908557732 -4.033532811045478 -21.81209170658738 -16.259211421688143 0.0 4.044155086391886 -23.166624733087342 0.0 0.0 0.0 0.0 0.0 0.0 0.0 0.0 0.0 0.0 0.0 0.0 0.0 
11.91551580226422 9.616526892012994 8.154143383555743 11.678447677121628 10.518707442992458 24.283364604357534 13.366852941789865 9.82355326482633 22.401139432983022 15.960944476186205 2.617808552920393 16.60730728237148 -3.645480451101145 8.693682307011322 7.961645650100475 21.565608619071853 12.877574081354844 5.888321481356059 9.740174431279993 12.3368655757256 12.552481983610226 8.796530619184065 10.771645058034562 2.9748363813102423 -2.1866741942816157 -10.189855795641714 1.2450149359671447 0.27527654994777073 -3.258525207465339 -19.864123382692725 -15.075991751469068 -5.053167374943528 15.779629234157946 -8.299880945664015 -10.329748993558509 0.6071385227646999 -9.709812938640349 -22.25537430727828 -35.75823989645984 -1.3497528187473335 -12.918366405114357 -14.090812290882326 -18.731251456630822 2.645924348931407 -10.014286771581382 -21.665291984435978 -19.47058898132444 3.788940751834765 10.029088747193411 7.694817347599244 1.5291861249590473 -4.375627371590097 -6.998892967969274 19.28226934055305 2.6073411865444736 -7.107571545092867 -0.9149071952067938 16.90617374991104 4.97195578379247 23.6400305120838 -18.193624807320603 -11.895448959484373 -10.15782746247237 -0.5355797464150578 -1.826292149653454 -0.8084894858189671 1.2665702922631072 0.4104543379644112 -3.114986946357549 23.317029851020393 6.1491075541637175 -13.3377124672066 7.878906567716145 -5.497222777726569 -0.3821336198491023 -0.21400845736769186 20.027664629371962 4.062697828827673 -19.179722684571537 -16.972215814376884 -16.484580597334563 -20.147437133055853 -20.81815297177854 0.0 0.0 0.0 0.0 0.0 0.0 0.0 0.0 0.0 0.0 0.0 0.0 0.0 0.0 0.0 0.0 0.0 
10.176846207851948 3.924707113611292 10.981977144312964 -4.070544202923677 7.324913456760518 15.48072153549 10.513104970411776 5.7691530189833635 23.174316572118567 21.811687205705095 7.364311803807929 5.425389109611493 -2.200519639130845 -14.330922418487601 5.575056646055465 38.08509515750256 18.266857470755113 6.203679937001016 5.824086461464381 15.791592052575332 14.267994006692437 6.704290946760849 6.740501110204517 0.4731172559585701 -17.653739229207392 -12.766030162870155 -3.3045097154986474 -0.6494353573247267 2.6157013996619884 -21.186493272697533 -14.393717263304023 -2.373640768219936 10.386185783125365 -7.3178249563947455 -10.475979361383452 -6.33997938650578 -12.495777687739782 -22.09117712725631 -35.41093551997226 4.212444145142284 -8.917214283327311 -14.17628220563091 -6.375663658536023 3.904255657581882 -13.48471608454819 -28.310363155736283 3.0883741548223647 -0.7037734842553274 14.232160347079024 9.525452208695388 -0.5297205844458284 -9.081529644032706 0.3140083075315608 19.875386593292518 4.2941548731850006 -5.530156804191658 -1.6609363753901696 12.106430860361034 2.190327805767314 2.697478054844334 -37.400110634903115 -16.527662758495243 -3.654134662580189 -0.8893506069325315 -2.0594514746183794 -2.3720241871506618 3.7830055742898447 3.661278812704146 4.057081189987491 20.822279518521228 -6.813043579200002 -13.792181508011664 0.9471034365950564 -4.280645103452057 0.8270174651884363 -3.3463065293656844 13.975032586699966 2.589468394611372 -14.694500937512657 -16.073880021157173 -18.81708123155112 -22.57659211305004 -43.21390048303734 0.0 0.0 0.0 0.0 0.0 0.0 0.0 0.0 0.0 0.0 0.0 0.0 0.0 0.0 0.0 0.0 0.0 
15.667129438135937 5.956366996972642 13.047838262181326 11.010578682649513 4.90846762561876 12.040537304266405 6.232601003095426 6.52953025974203 15.392858460812226 26.764412277940714 27.868660407805613 7.914178084330104 6.118846193632188 4.83726320730991 -9.017544005458078 22.828295785701094 15.762301939503379 5.509368316428293 6.7654619155707465 20.420316292628673 15.810915111861103 -0.6037491981691618 -0.616831542031532 -6.907154465617355 0.5748327070527622 -15.138553544821706 -1.1026516135780664 0.5595231432235579 17.54624723757269 4.948523542396479 -6.908034837660301 -11.104738224886706 0.2031646286140134 -4.005164757514495 0.5430373488832902 -10.718507112962394 -14.62448914782869 -28.52305955360137 -32.24444526486079 -24.486136001551337 -10.682334965905863 -7.540475495455527 0.30960891324171846 5.781104475872476 -13.993466999866593 -5.69645398071305 -15.529478096033802 7.9873492350463335 -0.3385498725344025 9.498015202627013 -2.5777483070584144 -12.985140503637032 -0.512382733496769 17.729410353728575 7.6206436115938665 7.742051753073494 1.3802818828653438 3.1917862627533555 4.616817555687604 6.6003512754748765 -1.4100679494493116 -10.309773854473397 -1.9439762007587214 0.604785488055262 -2.7741881944338154 4.051186973459359 3.7096339302130295 -0.48947930149110175 5.100997324842034 9.949776168406046 -8.695200839560046 -8.925492153511025 -7.39940134868873 -16.758227156832014 1.6790437816094363 10.983523760433467 2.938202347134393 -0.18014057599884836 -12.340033362131145 -36.48615708727681 -20.842333546545692 -17.446527805342605 -37.16793097448315 0.0 0.0 0.0 0.0 0.0 0.0 0.0 0.0 0.0 0.0 0.0 0.0 0.0 0.0 0.0 0.0 0.0 
12.690403755255174 7.306895603939389 8.657527256163533 7.5759968804205915 16.124487923961215 20.994971248632147 8.242912921180665 8.083622171009807 11.681500968388573 14.100847158995325 12.658643833180426 9.223750334643723 17.135078774330196 24.008260018727636 6.065827923676674 8.33645767328554 6.743864137408612 0.5304359458966131 10.370882223814684 27.97295751031278 16.36838825372111 -4.792138861317408 -10.191448256578278 10.593199660174452 -3.2543393764445003 -6.252722697566633 -1.1288302761614397 5.009075604294823 -15.697209012898341 35.100820116631226 -1.208754801862782 -10.83124223554153 -5.328795780719169 -0.06460816851671414 -5.704698861003003 -15.097991469585667 -7.315400403581284 -20.354961074666498 -29.025562094406386 -8.969680031135887 -12.436411896767495 -11.114708832301023 -6.995732872408017 6.643309672328815 -15.06763633052402 -12.447599053817669 -8.186971683750379 8.157508188503556 8.724873941354833 -5.508575649397125 -2.3604092273500212 -7.470660610375093 1.1568749510536969 7.193343555778663 8.82322367752005 11.628290238772129 3.5924814705275168 -1.6924105249787245 8.63263726011063 -4.264298586562544 1.3983733481775402 -11.18731757891756 -10.532689280906727 6.216756079353175 -2.003672844706246 -2.634662433772788 -0.19139442884123614 4.304606186646788 9.290401470194325 -4.515914521348625 -9.865540446694776 -8.299757892469607 -6.878780192371426 -7.842974879819009 4.779037121581866 1.3661026521213127 0.7171575078022503 -1.7199638990798087 -14.526837747598725 -37.85891008318586 -22.720870846204154 -14.709135639032727 -26.532647627015084 0.0 0.0 0.0 0.0 0.0 0.0 0.0 0.0 0.0 0.0 0.0 0.0 0.0 0.0 0.0 0.0 0.0 
18.616824070937525 7.517201684017949 4.23721134261388 2.8384399536345892 20.57099351968361 13.66044372465524 2.294951932249292 11.911385367476358 6.10635678760148 0.7999727556655982 4.648964661410463 26.842419554363953 27.078912474967005 3.6294491647360836 20.012906905573438 4.144253688766582 -6.56577927511827 10.923120925338555 2.2034972592119635 38.693147513748784 14.115725595354748 -8.226739443504092 -15.517498391603393 7.296613386660327 -7.515890761563902 -12.203308642008071 -1.049140964789057 13.948234598068503 -6.6706796231465235 -7.780302764787439 -23.446593840376277 6.340508667162303 11.334932280190213 -10.083800375888345 -28.08357624179353 -22.111249373461614 15.183152527573439 -9.518054278627545 9.343374725979473 0.49784038817646437 -7.915327981897177 -12.591105666729211 -6.049696811700889 -10.890051042526371 -16.87851715110552 -16.424762920808508 -6.196117677194196 11.135248678025256 9.15922604202423 0.13228683476391412 -2.174917107451132 5.078771285502196 -3.1688232567612857 12.462222614661705 6.997303306167808 13.329436101962196 9.182519780423272 4.392709310124239 7.847934115302242 -3.4397664642536396 -4.680556357593421 -14.91324289674474 -7.412681392874933 9.14266291414743 -2.704630264635874 -22.362517853680632 10.206708297054002 8.439094668291563 -3.394661439521907 -0.784038165426967 -9.87459346487583 -12.283901680468512 -14.619231777383922 -6.69565204011117 10.86845057503372 7.960373862867014 -0.5307158102482692 -1.7872396608437482 -16.917226621783854 -38.25769960457678 -22.62510372792832 -13.88241012260363 -19.778391280774038 -22.502424522709667 0.0 0.0 0.0 0.0 0.0 0.0 0.0 0.0 0.0 0.0 0.0 0.0 0.0 0.0 0.0 0.0 
20.681644774050245 7.515107481548538 1.83929320108856 -0.8706776358986152 15.534718501807374 9.688241426150539 1.8625500649181777 18.00346543271948 5.875653349272292 -3.722263353023039 9.994916564797752 13.398497850779705 8.787372923504423 7.9600461179160416 4.8910058756165915 8.796940417175726 20.170898254701505 14.416543232702637 -3.26716895875439 20.561647218614336 8.188639295942606 -7.171893503926093 -12.59101363106076 -3.6796340501733 5.49273689648358 -0.4580279503749365 -0.14437920382971736 -0.7949721396750284 -6.018376117851857 -1.022499157933689 -12.046224746065441 -4.443083467524598 5.39829422009074 -12.980173944648795 -31.838842296031757 -23.85948034852862 13.744883152906656 -9.379102844129335 12.608354918620586 0.55296694792741 -5.107531915670836 -13.550033813047566 -2.60076873977299 -23.381068497152423 -1.6755414659048018 -15.195365177623145 -14.440754171231406 13.340685450166927 5.535955940830879 0.41678707648919944 1.071550465842107 -3.6108047312846843 -14.732890952548402 19.39454508959171 9.427077013002899 14.393964736924849 10.834168516069589 8.782639403741593 9.826531009746123 -5.548955113181645 -2.350411768811455 -11.652066218569985 -6.983705511227453 2.5948581957111885 -9.605402119690993 0.1904251375950985 8.47182873470732 3.3188698048999195 -1.219054222262001 7.670479266936651 -4.418161889307369 -10.178613071007316 -12.869660457543711 -9.81180966258724 -7.196151562485917 15.986884489724199 2.832595040410908 0.313215613778842 -17.057352303218 -36.320044400049014 -11.66145560856188 -13.859125834263786 -23.969404222155895 -20.0679791928933 -14.543658570010065 0.0 0.0 0.0 0.0 0.0 0.0 0.0 0.0 0.0 0.0 0.0 0.0 0.0 0.0 0.0 
24.31392599900777 8.851538936517835 1.889518584994562 -1.9233199812117254 23.616667678333055 9.333481113155951 7.955071242423952 22.678163548304326 6.284938458915582 -0.2851100714715544 7.562736751090152 7.484704864140857 6.199922164162403 8.320332550443021 -4.740969212252435 17.607510983145605 12.91932877519892 15.647029276013157 -0.40504532741669763 2.799017948679415 4.289027073010446 -0.08731944543989822 -11.320874674524811 -4.5757740840487635 7.764433561343165 -3.6028393970479162 -13.950896687080714 -13.402508340799937 -8.83035293751593 10.36619306415389 -1.1769454675310147 -7.068180830683765 -3.4268102653462327 -9.572180691722023 -17.202524517406736 -22.509058846366806 5.4260959655021495 -11.837705915118416 8.74291782196149 -2.587010425031934 -4.3829625270416726 -7.22222668455311 -14.9927850939637 -14.947644420908032 0.15280784555721327 -9.42941459667821 -9.970747166262095 3.145733910952441 -2.406200910139511 1.1453676952617802 17.8344418022402 -17.26448285777382 6.872290627471194 8.699804304625173 10.710486996013145 11.131562896226528 8.61758147515746 7.705224935617995 4.602552665427214 -9.956329251200298 -24.366348400192827 -5.124072243922732 -3.08322606782961 0.21572625143472557 -9.743392413444358 5.9117111054799025 12.990993078862719 6.046519903246339 -1.6733291660345695 3.31675819821593 -6.3389516463186775 -10.409365094114271 -10.97719756988965 -7.58308967535569 -8.286662485848364 -15.976730487505787 -3.0866313520901127 -4.937364870912745 -13.030989123084273 -32.15762043816792 -19.19988238794573 -18.284889821523215 -24.098316276815297 -16.788261023625633 -16.546850812307753 0.0 0.0 0.0 0.0 0.0 0.0 0.0 0.0 0.0 0.0 0.0 0.0 0.0 0.0 0.0 
3.6556928351477485 13.20145042158091 3.3154899378620897 2.112368587930445 18.551310628830965 11.926045569304733 10.93895504793671 23.486690362086964 7.00358906906629 -22.355060893572624 9.712184915670434 10.074467352376676 21.285607558567975 4.312227987066679 -4.020442017057462 16.822738183334444 12.28078541299919 24.102786215161267 11.03001696357273 -4.870245874192835 2.2102457395116333 2.2527716401709466 -14.44066451650383 -1.4956132700490143 8.945726634108874 -4.592154820522712 -15.457631849266214 -23.969772891626846 26.289196756650934 -3.491030928097654 -11.94984028507035 1.5701396558986112 -2.704067811650985 -12.537689056647945 -7.913389060083438 -21.879052063200536 9.077121781821196 -8.943891382096103 1.0318836355816563 -2.9563586330671776 -3.3230443748505643 -6.5142426233463535 -12.173503458468062 -7.685661018671955 -4.8572536134726185 -4.186880125726219 -10.891694739751156 0.8563078139490261 -5.371397428717188 8.111226696791814 5.970537483214382 -13.036962688516986 4.770389619231587 6.473046955924325 10.458333741018906 11.303254639694197 6.588487040851962 7.742517455649373 1.1419341125005307 -12.873074815429352 -6.308156823779807 3.1130805234317473 -7.122687599943696 2.3346411451267652 -3.3653101116811874 1.4809795599541493 15.974660710958316 8.115682143901887 12.386765845826043 -2.8895767087294093 -9.39593158357827 -9.79955895431548 -8.234468896608433 -5.201646986893471 -9.676536813918425 -8.736936927750683 -9.129715152427535 -0.10042227452675423 -11.176511498273891 -25.36297802228084 -12.214800310409425 -17.358268370273258 -12.124024665406596 -30.587290115302128 -18.83327845985254 -33.16492456702102 0.0 0.0 0.0 0.0 0.0 0.0 0.0 0.0 0.0 0.0 0.0 0.0 0.0 0.0 
4.248057822815306 21.631213426343535 8.966236688157556 2.9010207865993385 3.3271281533912216 4.88878319768092 14.223196293178399 18.790810710152286 10.401566135877031 -18.985256747541865 11.424203462268167 24.418039797210888 20.23238407176558 2.596754403634957 -6.8522469215372706 12.001155435427368 9.05163877952933 45.895782252720586 10.0160693750184 -3.0379465587662677 3.6943476227918466 -3.6285164269515917 -34.27774216622558 -7.150463816909572 16.421889223200075 -1.5517729324306084 -10.112599429732143 -9.624195029940976 -3.5377497083789424 -15.610238002691949 13.520074385486758 -3.3872461345409057 -7.109917139499199 -7.8284336784651485 -23.692166387224646 -18.265360489269877 3.6355659456774596 12.334861882567514 3.0418560731318767 -5.354828202209963 -9.223574003935726 -7.4426254444661435 -7.933329015511746 -0.33603562650570407 0.26138077033283125 -8.151496756222905 -11.138548183650693 4.710664887424265 -4.190398156648353 44.6004634716917 0.8590761951432846 -20.359671203689306 3.5248099379815843 42.430818500395915 9.455647815444813 12.329260628827424 3.462413464861957 11.323862245823351 2.1478417749065084 -14.42234579995343 1.5531152504235015 -0.27330219985131343 5.723685150812529 6.463728192739795 -0.38412835489100283 5.846350410066169 12.901135804961223 10.976283357154266 0.7430841367044358 -16.74535000378069 -13.40997153048199 -8.239327786750263 -5.909705294042031 -1.834577545474441 -8.249828767904408 -4.506861750855862 -16.070688248629683 -2.1967783002211814 -7.494160873613233 -15.44855481978264 -9.82417604446756 -17.693344040905387 -15.750326285602181 -33.61550869653298 -16.53403936523721 -41.990635050436836 0.0 0.0 0.0 0.0 0.0 0.0 0.0 0.0 0.0 0.0 0.0 0.0 0.0 0.0 
5.549059095235835 5.419992485164642 9.623269615509068 5.402614986089235 8.052448933332478 9.54916688362226 18.369323204811636 14.68074561246929 4.1305895045343775 -18.391380903634897 16.007818193048752 26.015035093780646 4.853935726436782 -2.2175541162712715 -13.353891266923128 15.959781222470472 6.548794518691924 -7.252743580549825 11.501000599689759 3.344177898628427 8.76991749081914 1.7320188122089633 0.9905072420140304 -12.579036632378127 7.535807820851344 5.405882184649187 -6.604223635753613 23.54101652187913 -3.6151114783245877 -2.3800952227202923 -4.802842409309708 -12.109780564707062 -13.23481351795239 -3.40263941822699 1.370546351490185 -10.312554506772123 -1.3094112935408255 -5.2781174636902 8.004614970411833 -7.012049517157925 -13.09888603647665 -9.34954845060788 -7.8643121789641235 6.348768275146097 4.644422176063646 -10.297022986299105 -10.228819356407321 6.829203452688361 -1.7079170350431014 38.727837243283076 2.49994083492118 -24.16910318663916 14.163356251769141 35.059108529648 11.594834469966708 9.20812075071295 -3.9808294801183193 9.905942467724689 3.8633888381312667 6.748556858206233 -2.396877349975652 13.56602644910607 10.365222467069865 5.348591428201146 -4.397561295745824 3.131562616899455 14.657723875282898 8.864030840051988 -2.8864466917906464 -19.369969967076727 -20.645392537517466 -2.6886748660825717 -1.2855259639751973 -4.550887239904606 -14.352228053153793 -10.588255600018927 -22.45138054837607 -32.63406431344749 -2.635955626178855 0.18111818846637306 -1.5953194776672097 -18.615149178583984 -19.578124408588415 -42.526219235913956 -12.293741082161006 -44.72760956548193 0.0 0.0 0.0 0.0 0.0 0.0 0.0 0.0 0.0 0.0 0.0 0.0 0.0 0.0 
5.863950473931846 15.955140475987589 9.510219273360061 11.42752103217088 12.648094191818082 6.448071179892539 17.39940421089433 16.455420781666685 3.767237755048627 -16.947286750614406 11.380162872571574 25.727708426501938 5.882480122581354 -5.516371485128249 -8.049598770596267 22.29200119425739 4.595552462975784 -11.73724453303689 21.185376620831896 6.372624885596439 2.894832996792739 -3.2849582333941356 9.725418804981866 -17.293112457509714 13.13777420214589 5.7751422667216925 -8.655513226568754 25.003971847698473 -12.326279850174306 8.380007919855553 -1.3144943065220884 -12.9551783821356 -16.811102644866473 -8.431298101408327 17.393443548583193 1.74337933386119 -5.321015445850065 -8.445483768479747 -10.882526466646894 -5.98562509575752 -15.697845060435455 -5.65524264471304 11.49374832484501 16.69234858153454 -2.959182768370355 -6.159038033871968 -9.986589613857797 5.4111562951313585 -4.447144996047159 25.422147831584475 -8.8554545996471 -6.0396429776651885 -16.45470886304923 29.44497954613431 30.428739451866072 -3.5630929809394374 -13.157038778315497 5.027595059403753 18.362545642882043 7.0481345730880625 12.85612088177171 13.365070086671755 10.630530687280006 4.846892011316202 -5.327661279345153 1.4041413173445627 17.78096392873329 8.856477145937989 -5.537889156148448 -22.753109967118217 -21.77405258731554 -2.5802843426374373 -3.452352141738701 -9.007593449083707 -17.725797821781086 -11.63503042275156 -30.639937420052764 -17.179283051627507 -31.321391643692394 -8.1768232217866 -0.25662777034523776 -25.294227852830602 -24.554496163214203 -31.89281805490723 -6.8285081320901995 -30.3646224157541 -15.995393296138174 0.0 0.0 0.0 0.0 0.0 0.0 0.0 0.0 0.0 0.0 0.0 0.0 0.0 
5.675351400722744 8.967317078331158 3.4307627859413468 8.84996409163425 9.892607373089561 3.3212277891455124 6.316615196787886 30.072728746564596 11.646691137390356 -10.677883217948896 10.037310592971416 21.320164997522294 1.855541090743432 -18.346794644077242 16.55265510738311 14.765784283418071 -0.4449645806531173 -10.242234314800463 24.08873585599041 27.43978563684387 12.513362559032378 -14.495461005130755 -45.49549716726072 -12.256948203932106 24.47096219773548 3.1807412821725722 -13.151814943475964 16.57563266116055 -1.7713776926495526 -30.760544082349128 -1.8961889740921856 -0.480000284132883 -18.953214266354088 7.559351755122851 10.893165838854898 -5.515768189750652 -12.942026883378187 -8.737956106384994 -7.764144074304462 -3.784417341610224 -3.395307792258698 -11.889725772947521 8.734802627239063 34.59077917113453 -8.815178068719124 5.652395922162118 -8.72162561686303 3.040234743032077 -6.296799063015973 15.415742238272786 17.213506897798517 -0.7694022794128479 4.122128567856711 16.68262675128305 -53.383889982453354 4.952976211962139 -3.577879398890159 5.177163464377317 3.3224990514291672 8.61324829372109 18.399550835638806 12.498088796151269 8.11068579399275 13.147377333904073 6.59059315060149 6.436623447097688 9.415825843132145 -1.8117025189604599 0.09757922432901056 -18.337055928362574 -13.679007150562867 -8.867065262277093 -3.4376985393222554 -7.978257281295386 -10.47677681984947 -1.1811725211466553 -7.352557466512085 -13.044590410961261 -19.480339460452466 20.754352580824523 -8.227474577103894 -12.843186142487243 -12.734127962990394 -15.091266911720904 -34.771542614235486 -16.426625552546334 -62.96481021454165 -18.943857707932906 0.0 0.0 0.0 0.0 0.0 0.0 0.0 0.0 0.0 0.0 0.0 0.0 
33.56568573068536 9.939983003954936 2.5611841594316163 5.053718560604297 3.7404036483767027 6.619403167247586 10.485207656022464 36.3683634186382 18.18115928158339 -0.36828205757091537 9.140165239142654 14.407273711933016 -9.987886938681374 -0.3802364359381252 -1.4882414661547791 11.490916483219324 -8.523775112454405 -6.617036627101835 16.853496564998647 31.674847410743727 12.912758305553332 -18.176973691449085 -23.587756527014214 0.8948375890428744 -0.7051186855944156 -1.9575915891251385 -22.620481939769356 12.39055698644439 -10.83030483173918 7.6682864930785595 3.059006961032419 0.8406319709544547 5.649990323951719 6.310917589566659 5.1270080918600724 -13.027020665805956 -16.30390446668377 -9.76110641181158 22.919832044348347 -0.8932464754528278 -1.7043123476699367 -7.734513203123235 4.728003429769558 -0.35384180858284475 -6.5339646943576 -10.566272839044284 0.5247698468022683 3.458894653936145 -3.894691942457005 12.259415111998855 15.663706583151717 6.148397938355035 -9.275800958120659 0.29607125361446934 22.567502380171817 5.400654853684477 0.7556856634809925 13.754244994870266 0.496008725022566 4.749212031694684 17.312579047002085 18.136120932392465 10.67318875494549 5.53497341049785 6.333852457546293 10.004770920540729 9.284615394473738 -6.129613371251254 0.38477306995601257 -19.372988852267245 -21.522620925802343 -2.756392471973894 -4.371042829028149 -2.9091670633090274 -8.924512544626735 -23.575632698783643 -5.346225780191154 -12.679667020730474 -17.908919073300485 -14.531134849323179 -28.13371968962301 -17.35794665513533 -13.476205800537201 -11.280222961658687 -18.220223058113426 1.0491862906736378 -23.51991862069809 -60.80766554894346 -23.593685777794434 0.0 0.0 0.0 0.0 0.0 0.0 0.0 0.0 0.0 0.0 0.0 
31.805721981120932 11.716463842924998 2.862699060588388 5.824204696983156 8.987200461607644 -3.6899596495161022 4.030443505745435 23.6742462488668 19.81216955552436 3.3144186313370123 -0.6687658510958895 20.817085109329945 -6.140031714460127 -23.275905853809178 29.750828237134087 9.141925060493673 9.797005153589964 21.369231128495283 8.120887518445636 20.324561572192923 -5.756078483762214 5.002407173868403 -9.550601157404206 18.794927016109543 0.9961199105549381 -20.89089602574399 -24.996251208276618 11.480657535254014 -5.3061762822089715 -27.43183487766756 -29.885688259637227 -0.6111537671947231 -6.757415654145919 4.265537763251165 -0.7854158768781199 -5.421607261394251 -10.282409447485005 -6.020033202096224 7.826707011414508 -6.175727473168736 -1.800485377855904 -3.84347724789843 -2.245574992876236 -17.22574191210376 15.693095225788413 -7.545402528641688 9.65956757909133 9.81451174390833 -6.5415484473383145 3.103714386250253 13.14624044295211 -1.338558231437026 -1.6346337955139227 18.684832775798498 2.4232897372743234 10.98904946238634 27.764962547029082 14.13495867077794 -1.7779057534933589 4.403025693695778 30.44413073086957 15.728042526374637 9.250544786879725 3.7713831798960955 2.62223853710993 6.513643097270428 6.396797693516885 -3.1916632712234922 -18.0721133248191 -8.791069554352402 -3.6109397314814116 -3.4509469325239883 0.9645868700693097 2.6429419018127067 -6.986588445936549 -25.391881215148665 -18.210037809754116 -23.998026747904163 -20.003718233192433 -19.541969304215097 -22.511460897073334 -18.790863092494952 -18.6543590215559 -11.384848831801147 -10.784108571272077 -4.808736804171193 -19.54606514885791 -26.101068615451222 -35.476924469495 0.0 0.0 0.0 0.0 0.0 0.0 0.0 0.0 0.0 0.0 0.0 
41.76254037841496 12.565685131054465 -25.633555089731775 6.242910143331932 13.025532968139473 6.763515297866162 5.037162085015288 7.170398906167652 17.523951738718896 4.852597023679188 -0.7241704372351818 15.571992421191215 -1.4241369060209843 -21.99414463340341 17.186271068386684 9.742039133408735 10.126700455155628 7.58818594837052 -7.773566729805354 -26.258190990314777 20.513213267984455 6.476831998448937 -4.735927837404534 2.527051540110379 3.0537357774864846 -28.553014949401042 13.675382456271864 4.004506709469446 -1.5631567710931167 -20.30384415950433 -6.318622884602368 1.3712059383524995 -4.520555499162338 -3.416432542392692 53.31604073352888 -6.64096294315602 3.392575363715351 -3.4796241777869907 -4.777077289784264 -17.866656705390785 -5.352476320649368 -6.54049390083269 -9.284045646501983 9.652740487864168 26.11422661575535 -4.919073834313038 -32.37195071490241 25.09182607605268 -16.38490023182559 36.674033478324205 2.896936357315959 -19.20428492316443 25.836621449177304 25.65400639996946 15.504458556197562 5.5062237322629315 10.869391789535715 14.26542169191928 4.035586183218679 22.22318952972402 44.23770113014221 14.168151731459169 13.202514565262817 6.161971012561775 5.985960390633858 2.3808243423648587 0.15752694835328707 -4.531559372735343 -10.552247801897138 -4.9714293623038275 -21.17164740725144 -7.044655101697709 2.792998973062052 6.89086541029921 -4.806953564975373 -26.720207612374875 -21.134530655894267 -5.252099269120778 -17.7269402138792 -25.200015892923382 -19.421626856325723 -26.973938046782692 -12.874363038893843 -14.758596804307 -25.614902956718996 -6.256651802508548 -20.45671464814421 -11.780184715863534 -23.94856715093424 0.0 0.0 0.0 0.0 0.0 0.0 0.0 0.0 0.0 0.0 0.0 
37.34831879782232 15.408196118678385 -9.348851862549708 4.64893696028167 13.747098928065546 10.666356532178419 10.274975704333407 3.645451565043344 16.537785412280574 6.472517306079638 -4.847389663858027 15.972268954781855 1.2492387452207696 -26.1066525901619 12.108405327627155 10.668245844511489 1.7417804888666915 -34.073294831373914 -7.278472560807777 0.187538882692472 16.223563476478798 9.563879647723176 -3.9630292007423655 52.77591313860717 2.274105933916518 -13.99085679769976 14.734102854733093 0.6183691826723647 -0.057358187941310534 -9.795301706259854 9.932500364523873 -4.230550148064395 -18.285195215055488 9.902543507037752 27.110328389703028 -1.3008679653381396 10.907085386921896 -7.790100994017367 -16.8376351842945 -33.99743158200265 -8.6416204926531 -15.772600932267046 3.72350457648208 -15.488008478772166 35.69536503072564 -2.8732053814549285 -30.753361014675207 35.98184022304336 8.772431299431448 21.946341693410847 1.7384178127675232 -17.824920865261717 -6.619251284585179 13.417032000663053 23.046546312514472 4.113287485305744 4.359221254186644 22.404752034698824 -7.323909203801447 20.982965119192503 41.82451503341004 11.492276224766961 22.146303857304108 16.866428946832777 2.997429307811481 -1.1488687227856318 -2.677248460641634 -9.20856720791843 13.852177039995972 -1.0876924719711782 -23.289173582850896 -12.710252726906083 0.625592168693565 3.585437256393866 -8.609925214748241 -35.232220522602766 1.7080040348490466 -6.323778259376718 -18.7084149183359 -22.8570220577212 -27.041235112386474 -13.297804492191107 -7.323200238081185 -19.102363708295172 -25.588552453386512 -7.2289921002097515 -21.609347622689313 -28.884221837586335 -20.47625301076846 -52.16953476531029 0.0 0.0 0.0 0.0 0.0 0.0 0.0 0.0 0.0 0.0 
20.58109466900593 17.521559960103463 -2.5771658605011254 -46.36713258221637 10.93630576964249 11.854794869296015 9.54324248370191 8.078968773025627 26.091939018358506 10.366181133180788 -5.996835814378544 11.664063281184342 -0.21500716753029936 -45.15268974762647 -5.207394074740402 21.86714024848108 59.65369476597986 0.7967385537037548 -19.01965383940382 -8.516413596895415 23.55570611303001 3.8427485325173225 -3.7779191003346337 33.9350939111344 -4.09509509807304 -28.29254445512268 7.224389683226222 2.4250034266610934 -20.577285009823456 5.573846573254651 -2.4106145882294716 -0.19969535596851662 9.559749333673446 2.1763940712756744 1.5621342267812657 11.15562228260174 -1.5850967894127104 -11.698879200832042 -19.81363905002302 -41.19167166785054 -11.558629055321099 -15.924888953893422 13.189893355812323 -13.779708919163648 6.747048586811783 -0.8155209774864369 -22.156163541093765 26.940307176463307 3.027086456194029 9.977181074653743 4.109904267504064 -5.635164945722039 3.684613641628302 -0.8295752813422737 15.136366076995227 6.052139925127399 1.568325442692903 15.314751864831772 6.484372071887653 23.111122409232436 12.443670644402395 15.847354721607493 40.06921579017494 3.944185376913774 3.9894018838322283 5.999978128474398 -2.2105114476045973 -22.901123620961943 14.163494667941096 4.935505060630715 -14.854353247786708 -17.971942008389785 -12.28786457266882 -1.7541903873138098 -5.8519068223654696 -28.03563165783944 -1.5334092006160889 -2.072847344908327 -17.283060441917694 -19.77836905664326 -19.677585619383706 -29.713546062104985 -3.4320709078763496 -12.923149977008327 -25.737052373186938 -27.11028574010291 -21.59962241953957 -24.102416679379782 -28.49898033259336 -46.104180567590284 0.0 0.0 0.0 0.0 0.0 0.0 0.0 0.0 0.0 0.0 
16.31047823485203 17.649377555029595 4.126973310493131 -5.72519840435354 -24.430714918242856 3.90441624172336 10.285743424718792 3.896614774205389 38.041108717455145 3.119396432301241 -27.490329272654098 45.00820751733987 9.642320294489734 -25.350775049408366 2.8090051963386657 10.802960184687198 38.923568458790555 0.9193242491239774 -15.672270019404166 -2.534057145053013 5.923297926526229 2.63337355549642 -0.7316502338221225 -8.183339164221831 14.688951704447245 -40.13072451209147 -16.02124272184485 14.418432524603052 12.669732321476127 5.758825688010145 -1.110363810951274 -11.87590646921762 42.643134223125685 -3.415543063288691 11.017553396553854 1.1345189928280703 -9.763064111326496 -4.634322094992768 -7.1981211714557425 -25.00181584092612 -9.496176061145412 -12.406876068942115 2.9885278417732777 17.65241135548593 20.148475379939697 -16.36376797318018 -12.132912119206521 31.8912074886893 6.848801087963013 -21.269098026764865 3.999251796615431 25.320078975978664 5.525806013961251 1.336145735429937 -4.119806192334534 10.24541706761686 20.038034542403732 19.416919050268596 24.555052471483744 13.07044644166105 0.5091561114742351 14.793444961843338 26.184609538615508 10.81750192385042 -0.7933706172160115 13.27468259329421 -5.359627169922413 -31.244387145386806 10.496571859562758 21.02339514446043 -2.9405598177377477 -17.741200190098898 -21.50297654772029 -6.556156252567925 -6.987175901140793 -23.018806195712358 -25.69332780501472 1.0009664785667545 -15.386420026899472 -22.77988326651795 -24.070525041373898 -30.69129824019256 2.4496314827282544 -8.795718334826564 -18.22246056011386 -21.294802997078698 -17.98792465854735 -25.75880804613533 -33.877707198842536 -47.82781826484679 0.0 0.0 0.0 0.0 0.0 0.0 0.0 0.0 0.0 0.0 
11.361768367439463 15.301533897996721 8.25102401376877 8.022764831370493 4.66306076112567 -5.028258696724668 2.380059643818413 9.602488522153713 31.57917741266178 0.9748993773323544 -16.581734614602823 23.30841256075868 5.9261268600140085 -12.965629344019572 3.3635114794815952 -61.12229489558599 56.203409300252 1.7677212124641744 -21.446886462365914 -1.929826655066371 32.16522288318611 0.04467419453046917 0.4550878840539758 -7.163392499249941 19.840070219941843 -21.4690214434137 57.36439196572763 -13.760104002616876 13.606137709210653 3.1045589412162533 -3.066462381973504 -4.647633214704565 -21.45138543649714 -0.3558915775567515 -1.2403734138587792 -14.236617809206702 -0.3476270234439563 -14.33047165632854 22.528247859258634 -8.823928299505708 -5.334794686849051 -1.935123061962855 -7.871580778345937 51.306661476739215 -4.1070720202671644 -9.138821827808867 8.748710149160525 11.221547029753207 3.597816340251793 -6.544277201001369 -4.463896779666189 0.6853043128195875 3.823022010105338 2.163139212090444 8.450741005985632 17.47979456185102 41.03908511758463 30.106689560428585 15.356901530915662 4.0946800172247935 16.268678381963635 13.424634349737685 15.64180867291384 25.278621808750124 12.82028538331057 5.628164337119983 -5.9479285400293485 -30.478233431040962 6.0307408572170695 6.522472917455396 3.217466804292743 -19.161021455330218 -12.737595723308381 -6.080214387327533 -10.663625959869622 -22.69988432692464 -20.67402577134077 -37.40057418713598 -12.109852843949298 -21.933284623674346 -25.220435091203388 -30.53459662777037 -10.136317432533302 -9.438722907618091 -16.523157808937118 -14.380825996310888 -14.651553880057074 -22.225424689982024 -31.05459066678282 -44.36948533886206 0.0 0.0 0.0 0.0 0.0 0.0 0.0 0.0 0.0 0.0 
16.57763775604249 9.96052260153576 5.645434160901921 17.175900417439934 13.293655385228732 0.4307219722997959 -12.694809685999823 5.695505721687198 25.088250727711863 6.183974985087284 1.5408481864498915 11.367802268172364 0.19925308278257714 -0.9946312536675754 9.445117256605696 -18.83006927651761 2.6474035889935372 4.396994491500502 -2.3682544532240275 1.8216312751313262 22.035273446786796 8.088724984095817 -43.98578864264424 -2.329538619052191 18.174949862088013 -6.39690555688094 29.68764516331623 -2.4589966898788607 13.817430331620638 0.563995900959182 -6.047113915688981 -9.640914706455355 -20.286358290990048 -4.708581858709666 -0.136720839356391 -9.609278137150692 -1.751965372582233 17.519160119170692 -3.2914996021066543 -9.30030020680913 -22.338315648043764 -2.701313666358279 -7.336040152574787 38.76347223244346 8.743189910915335 -10.073443558080282 -10.776744213069597 -8.368135478008332 -2.722089024890338 0.8971112399911476 12.91832259192003 6.468539041734268 3.1470950990699924 -1.8784846386542133 8.04331915219775 36.09992354595529 41.83991287520472 25.014227523440237 6.895248640470554 24.127644255283744 17.276629470929844 15.518525069201658 19.440274968220987 10.888900443441711 11.09676807021598 18.89982112204011 -1.2646364904310428 -32.05918882180606 11.222432277786906 24.092486181352584 7.392971201943924 -12.304727748551644 -19.647270552601597 -14.514281804181303 -12.4673124491837 -27.58174641968512 -20.724314261566185 -18.15790335230688 -18.57416842734311 -18.460714627946608 -23.908027808356973 -29.763755256899866 -37.72359790433832 -22.058375166601305 -22.510430366151507 -21.21644702793328 -21.402358419455847 -15.665530152471757 -23.857041663540436 -35.6873200697076 0.0 0.0 0.0 0.0 0.0 0.0 0.0 0.0 0.0 0.0 
11.432295538157375 7.039785090613748 -1.169723644589265 10.37904032535636 19.01872877427394 6.1671784031337 -9.109982963185058 17.72906082672213 18.244396943113422 12.635822290047285 8.26226413316276 5.767268548487193 -5.3206498896361945 -10.113682600367374 19.006152439926872 -3.2254736106330744 -15.98087214898292 -8.18587413509437 1.2119057000987414 4.806670511357176 14.043641952149395 -3.34580042444839 -19.604975024390793 15.250549380706646 4.124348773990672 -0.836721612912714 20.21156365329935 7.875109211309044 -17.26564655176484 -0.5203681262146298 -3.186162917744804 -28.080026634829707 79.47740966751108 -13.219891086529422 15.672328174432913 4.195515293587689 6.464799368437681 -3.773203568755641 -6.269324631617554 -9.228013674658495 -14.798548805496665 -6.415695577638933 7.240694102601688 34.898607731394506 12.558791767766252 -6.515016888779469 -12.300988243346684 -10.649366406690675 -5.693711767041169 8.810386100065955 16.480989920243513 10.898338877369842 2.7103958491530085 1.3469399200647159 3.7088998944096723 16.521376932594986 35.36108950835943 25.34333744943437 10.027175680477505 20.31384763312042 15.434021561172978 15.240244455787083 21.17802619153164 -0.3353365730022282 17.550121262803525 29.893246821063705 7.096541228267763 -4.422470652056186 -10.110255208186407 12.024883241174278 5.05246414947373 -12.52963197106753 -17.75023355853874 -12.479142114718876 -18.73169433514286 -7.072480511314743 -17.4846291820812 -7.309690151903479 -33.930056138703485 -13.506836348247841 -20.176081769576804 -27.44398406572495 -37.5846058019006 -25.03586694635922 -35.88992970127775 -27.597050955506806 -29.177384688339163 -7.2373055761269995 -13.412013308083186 -23.682129906616186 0.0 0.0 0.0 0.0 0.0 0.0 0.0 0.0 0.0 0.0 
0.6104141332739619 9.657221248798685 4.255918138913601 0.14082832195613548 10.476410303209393 10.392883905343293 -3.784503396554011 18.106288699924598 16.40888974468496 10.800797180818964 13.333787250345226 5.400488653489664 -3.65126591192499 0.16611095268327247 12.158520902709176 0.7319781850785048 -5.765204532099419 8.28285625260012 -6.880962878165437 -5.741350335371308 5.220636287279715 -4.027067413642115 -8.91852680356219 20.763902461976908 -2.1264561521496033 -2.9583268175281283 -4.544698436345188 11.101809382998352 -7.95664181058545 -17.986459391628205 1.6706786487963967 -4.000957281642757 -8.231615499273959 -7.03240620514941 2.7953231609545144 -2.212071135026134 7.633862932503524 0.8801238122133049 -4.164907477672198 -7.512082678212362 -13.332321744956483 5.813384433987838 5.847464155263821 31.679180443246597 12.450609472645741 -1.6999697657859212 -7.72950099110985 -4.629708325009753 -1.6009684499758627 -3.0976056952310156 22.696258984754135 8.851988591607565 3.187613987604249 28.17941608135303 16.054474253320166 29.070675882771102 16.936960221320376 24.279715935611048 11.587595282249286 22.448052799657255 19.729202546074283 20.38188157493853 14.063192424334849 18.25689697723325 -17.314945915916724 24.46361549716837 11.102370528858371 6.8940750608128125 2.0234342348616954 -0.24701096347873996 5.772066673406638 -10.600772227976485 -15.969404339705449 -13.407455293787468 -16.24745439312669 -16.362151471167262 -16.140493445164484 -29.511753148611387 -31.330478327116527 -6.998767623471544 -15.103082959441073 -25.209798259176406 -36.93427260992327 -26.482478618285377 -23.810366359891088 -39.79760573891901 -28.358010374859393 -52.10673063465263 2.4551366119056337 -23.59178878891367 -44.140076114540626 0.0 0.0 0.0 0.0 0.0 0.0 0.0 0.0 0.0 
-4.823252461834322 7.762574093656614 12.386900049850333 5.911808917774234 12.539455574077051 14.442617504947815 0.5437504485245448 1.390208980182551 2.8267139741791905 10.54305394028857 6.520548071119282 9.719006691228858 9.615717211224345 4.860762839482506 0.32445737899956395 -2.9417934820910565 -5.510720477729714 4.784501445362053 -5.061186056808914 -4.4309744312800765 17.10702495529987 -3.4012946084374396 1.8612877466570534 11.75229151065601 -10.211444841852504 6.5741042178651705 2.1094243710461376 -1.2398461775174061 4.211076543165433 -5.401233829078931 -10.360429269361807 -12.215574931372728 -4.092504633442284 -15.568080062682677 3.8422234909562465 9.947906980688492 10.30264658908135 6.508796825950826 2.9145652692898767 -3.891638442424768 -8.957493629775794 0.8915341453905334 4.391077092869139 15.70702986377002 8.182824993674073 -3.029425566124244 -5.058782543075289 6.660972281581443 6.244171617702094 -1.944793353205732 -6.923415577641684 -1.0052172592057826 16.067480487246062 24.148482078007603 18.169376659775168 29.438576818003813 5.320915351599815 12.089075973913731 8.761848740382733 24.90524711468087 24.99049393618258 23.231795562991074 28.615882517814246 20.473587237276863 1.9255695382908107 -1.6031917245958067 -0.084459365773485 6.908636147418687 -0.1632768470626702 8.630964352699895 -5.923423966882231 -3.0773823731198213 -7.908214107149975 -11.630916548036508 -13.302595356743621 -23.250312493514386 -27.96510225838162 -23.780613983832136 -27.99932671506858 -22.640789674997126 -13.150003145658898 -26.00285964987374 -38.61929974405961 -17.049074121369696 -19.883893391898734 -40.07252424877675 -23.16318287135733 -41.08581407642211 -18.86449669879045 -15.24730211771841 -40.926368448079444 0.0 0.0 0.0 0.0 0.0 0.0 0.0 0.0 0.0 
-18.22270242477098 -3.8037524204395226 4.433620319046081 21.61416974279835 21.679158361926184 19.396751744179653 0.8188579457023657 -0.8314806664555725 -1.1196118795650667 1.159983439258402 12.867870231089455 8.890181618421897 4.708078401377413 1.7781062534316217 3.6152966407293445 -6.2700519688747836 38.093337805569995 -0.7281398242096877 9.013194209302604 4.190257279997151 3.161367726417363 -5.01225658573321 8.558423014341209 17.469565812357494 -8.220214816245637 -8.636159171381113 1.4658347170282469 -4.625041937273153 1.8741818513608075 -0.49504265247060353 -21.331396098635675 5.185328113602703 -0.09840672391996996 -3.5239257211899413 -5.86866461350769 -8.73764552797255 17.01468917818759 12.074955969280701 7.448197317894049 -1.0889624981370485 -4.320238650995448 8.647945856417792 -2.3471758363469544 7.41161740748318 -0.3911394146046061 -17.745696974808833 -3.13496087996446 8.538048344162409 30.470737593079683 4.673076882525913 -14.230689076247314 -27.176017166569814 31.39528050048848 6.21689627105634 -3.498434594234744 30.824191952506503 26.162240302740685 -0.5405005826755989 29.812798311404478 16.74564786842623 27.72924475077024 21.54927201020647 29.490014498326847 23.41228773343082 6.536602537465183 -0.7240644344983005 -7.420579630951778 -6.152162310644223 2.8724118134450842 -4.062258891726286 6.2751754449353925 3.1806292158526235 2.611811453372054 -9.250082265068823 -10.698636593468208 -19.753045150914915 -23.219665501542128 -18.950653178457895 -22.2967174240258 -32.2551880549575 -26.981129421458746 -16.043028320642343 -29.195565395700015 -35.06786494153999 -21.13686299526699 -42.7617169516504 -35.28556293206662 -35.23029668012709 -19.63500923642392 -9.39104474056652 -42.430069357753894 0.0 0.0 0.0 0.0 0.0 0.0 0.0 0.0 0.0 
-20.027491418094343 -2.607623948983246 4.853448317197156 -6.591928551866015 10.426217324685606 25.932910512853017 0.8369934897718361 8.642670393201414 4.370371944664512 10.567292864759315 21.858814175264296 -0.00415444128375686 -10.997646296090437 2.7373259294135988 27.155705962488746 -3.0700650773250886 8.546401230704213 -11.158954040259049 11.52865652849335 -2.547630096445668 -2.139225192650468 4.784342277907657 4.183350592743218 14.455837151042587 -9.311014846851856 -30.214577939568763 -19.00423607857125 -21.696596194675784 7.537477659047178 -1.3473840298169573 -3.77522030334538 -3.493973757430517 0.5032689872827119 0.07321930474601723 -9.961757905867145 -20.847790250833068 16.07207908234076 17.269412095163062 10.315250487144858 0.5569943851927786 -4.449141658769767 8.995839462528796 -6.0352651639167965 -2.471627633360101 2.2734981866996558 -25.041013757481622 -4.671519752594948 12.36976103045574 11.901425971106407 16.72507899801531 -13.626284571351254 14.315051097505945 5.2749824111187085 1.3095546918525933 29.855484220693633 24.70899836922443 24.54916850802735 18.252994226246688 25.63722021251533 10.813528223442278 32.10563748331302 40.22629319635555 30.921502431605703 23.453910004270842 7.246069867156004 -4.845858379842557 -8.359634435245823 -18.65047999804736 6.776144206598179 -0.9675052860403823 -0.636195661416218 -5.783931993623831 2.3218215235065696 -10.783826366132413 -4.476426331116669 -13.850769269936407 -17.733312756688406 -14.12495349565059 -19.45948586490697 -28.64410895791313 -32.07059484327523 -43.28879619226271 -28.005226172697995 -34.76518177838237 -20.563772762924366 -40.39868567301535 -32.917563657647555 -32.82615540300799 -14.960948772794678 -29.316325973499097 -44.59979330988618 0.0 0.0 0.0 0.0 0.0 0.0 0.0 0.0 0.0 
7.990532278924257 1.1553522295122196 6.523166549919177 -12.343295867175623 8.768218604113326 6.259701647635751 19.630947556314663 19.536134095933264 14.144640552843656 11.680513779263894 15.661534338724802 -9.510023343375867 2.8806514260494165 4.87302845459422 60.085270811796995 2.2774997623420035 -7.592789656151974 20.20499863031528 7.997299857106862 -5.167281559172824 1.9970862788805943 13.610005000503673 22.362303473385477 11.917999168157825 -5.946949705126644 -28.07646209774117 -7.525645487334515 -2.8589727323609773 -15.744045101823675 30.45564054308689 30.754561249354243 -1.0496478465501848 3.04623074915535 -3.8371037197018656 -16.264894387728873 -51.26129918083798 12.61532847063586 17.546927942429335 11.198131905606214 1.9656356763825462 -4.314994833934657 12.46870120864595 -17.46627558871688 -1.7357038936356535 18.906830021499765 -23.36535105512779 4.230833109251266 8.353010936200729 0.3995004746457802 42.80133438120005 -3.3873155827448826 -32.26504306833397 7.5533415089805285 -0.19663172145381758 12.697864847468061 26.4691168193179 39.24719611586856 23.950407058531294 27.580764286522616 15.753734121548348 13.512558116569869 39.919301230346996 24.817058003903917 10.348511489003062 5.700535325915725 -1.9494417641558375 5.308757729077883 -6.794611886816484 9.264097270856153 -1.4522154198311479 -3.819936735228486 -13.05211539615633 -15.453973504076835 -3.2952044785598003 -10.004566793835739 -1.513561716859899 -24.7366815028985 -14.802781409998818 -22.961524028010487 -39.86623557448082 -7.102718736933877 -49.16237828239241 -27.91327075532415 -34.82541979059457 -20.499400614438546 -38.71480579734489 -23.04625404121787 -27.303706233310695 -15.330664585922094 -29.37694241520819 -52.275854958114586 0.0 0.0 0.0 0.0 0.0 0.0 0.0 0.0 0.0 
10.293012081505335 4.895184493252351 10.986861395730681 -15.350695920591885 9.515643501247368 8.178196972077101 5.41106498697221 18.486999519534624 17.274429372663977 32.199420630150186 17.301821843823262 6.241609150195254 -16.92565786382259 -3.664275296298292 15.926040316054639 -1.9332872178718423 3.164836386729694 17.682556970325773 -0.2433287071059489 4.440826555340697 -8.589717605394274 26.211129192434367 22.89935333024924 1.1969030452337215 -11.551627699243637 -11.264042977097116 -58.703916563340236 -19.74437307770645 -14.739539942649738 9.100989044017716 28.17009447460979 -4.932625402638493 -12.766506865754657 6.0082860115335714 -15.212252928315467 -77.54749177505865 7.739779499839347 12.744838533868892 9.054459916547291 2.6672432327978943 -2.280770520742469 20.976330170902695 -20.2238840748539 0.620881224767166 2.723727729388245 -24.355695795882447 8.535431779504236 8.639035751546103 -3.3672703408504594 -6.7209519361994 12.631771700480986 -0.0378124185238784 -3.1556078681301196 21.16337350072455 7.6873440091154555 4.177367452219698 37.206642481503785 28.20628317766423 31.18664191575209 20.211286303166446 43.959700590740226 39.48111057463706 22.149326581232557 5.649214645144506 -7.289181983744465 1.2151940714188658 9.75484333431415 2.866017584400888 -19.618140813618787 -1.02104008287939 -1.1468314479038357 -17.30435292436764 -3.4403962819860148 -6.991596174254443 -9.253422668309451 20.37029857853349 -19.745882477884223 -29.81204286461291 -23.369854940699614 -22.03902819106638 -11.050763737366452 -15.968946895133236 -27.685590932000594 -34.46807335789799 -20.841771108282824 -23.26495071784872 -32.304491109359375 -36.74347439054189 -15.468193645200884 -27.78821330666943 -50.367244083319335 0.0 0.0 0.0 0.0 0.0 0.0 0.0 0.0 0.0 
-1.8903705731565374 7.126103423625283 18.625678922312883 -15.824714566940626 11.239735493785588 11.482827581607905 27.371166525898154 5.918327294925565 8.135930147204443 38.11510108862939 27.17757110660265 13.187878101892501 -2.5034577364310833 -3.631336395167364 6.973581033600177 5.052569806069917 13.561015275677534 2.5478463282734776 19.30345674196367 1.857990508762477 -15.099890586133643 57.678603723459965 3.692622050732228 5.744107400086074 -4.107197965292167 -16.88354561262127 -20.582345861197457 -10.626779930662742 -10.21810954973908 7.793286981656449 1.3692296583951418 4.477517425582476 -9.887812706938757 8.930597823848194 -11.466835114147052 -58.18559410307931 7.266058348785451 10.573542539898039 6.053706323666814 2.6807074892160827 -0.5536141860127397 21.241917341998256 -17.695184102920855 -1.776403316419038 9.360070038492907 -22.04274138732888 1.3311646210885237 6.138610790112404 0.021825196207124975 -3.721510462686508 -3.994093264077838 10.678148444641415 39.01943378949004 16.873929417232645 -3.2415770993756174 6.408542212190771 34.50837450649192 33.73192258748825 37.075402017445235 23.452299121740797 35.45302273085843 38.11757953110352 20.55935007335723 0.9317707173822727 -13.15818607952859 -4.161501809478516 5.200344807980584 12.246459946078954 10.108687971797307 1.9455715718185298 -6.071738256088271 -10.692040307017784 -9.162466031184547 -14.106019987651832 -11.211006823110814 -13.156483014390666 -21.75403826659942 -44.59239493709662 -24.3243743297778 -26.265363867503652 -26.88663013902303 -19.324045737070925 -26.120408760278966 -32.94998021384664 -20.884873861850764 -23.248601591315293 -34.00768569117945 -32.98073185853439 -21.671800310233003 -23.30862221146528 -46.62681032473137 -32.36072711094518 0.0 0.0 0.0 0.0 0.0 0.0 0.0 0.0 
5.658607168842307 -4.278552915943766 25.233522497771435 -10.613922952427194 26.530196637981152 23.527319013701238 12.298759876505063 -2.2001578624499367 -12.300208707042717 20.958520093278977 37.41555659175605 22.624068292837123 5.126868189601354 -1.6872883702404171 6.2070442964904515 8.947013063196781 23.29136260854582 5.689497194463778 2.891952896882752 -4.13589266675837 -8.395786426526456 24.19191088247996 -23.89482007829351 5.442819293198655 -2.4960054285788567 -13.63134015310728 1.628873216746006 -37.18295389936712 -14.01132206276599 12.209659933172624 4.976451219063456 -3.115608860048396 -11.687942565633424 -15.647763976568323 5.534540737065855 -36.90613730367672 0.4195883148765436 17.52159696997195 5.9503323080574795 1.6787995940713312 0.8088083808623328 10.352492455935655 -5.201910732898672 32.84332259328558 10.320031267795706 -13.660021979114589 -21.060868851418512 1.0812111773270567 1.5741321647993693 1.2730679470021258 12.593817546828719 -0.763273555440044 24.860014838100838 16.543863019094204 -9.359226060430087 14.861757852185452 26.028371656572133 50.37066621046945 46.29636094092732 24.308433646465367 25.762131360194097 35.84862002132721 21.120352671539756 1.2280954580410552 -15.591374302231557 -10.863496437700839 11.266606352549225 14.66047675853099 7.00745653006871 5.215529072924536 -12.922094340221296 -8.891922714138625 -13.573831108317483 -15.097203410682187 -13.045970270580241 -14.830483385619058 -24.21817084197941 -44.75959450820813 -20.006913376355 -29.410805319686386 -35.719567673166544 -20.623228214532038 -22.922907625453362 -31.261600432726464 -20.96348209195593 -22.996858439222645 -30.614766997184145 -25.286547983779148 -25.292161188946622 -32.7417845347809 -20.001311410419216 -29.027788935586255 0.0 0.0 0.0 0.0 0.0 0.0 0.0 0.0 
7.987985216095984 3.464749174608087 24.972814443141065 12.177044009291007 8.500290006063155 19.010143004226332 16.90088587093227 0.6439730328074091 6.599220257137488 9.793452452357293 1.8447275596183355 34.4973133660131 20.52779039095558 10.113504750651373 8.821902191516791 8.722574930664978 27.221473747796637 11.870016703174088 -9.44265537392151 6.709890573797395 20.82361099955395 -7.529178881339642 5.653080470577174 14.596992920322421 2.941021524053115 -10.84614351206003 0.4756270992836886 -18.511919074677756 7.236458077508301 2.8276841076849983 -20.40067254407882 -12.632260296207402 -14.948199589236022 -17.346797056392383 -20.178976998609215 -19.608645553517885 7.787833709037336 9.54097767734981 -3.993044640685075 -3.2367530151821207 21.0350497139436 4.3447097277069515 -2.8522246710334502 46.756129641016095 4.090842468288972 -18.427280721862697 -9.834824903385204 -6.814001399651913 0.9020865117681272 8.246619831847537 -0.7373575455450854 15.930405638144068 17.12682294347044 41.563935458908674 -4.532726350256139 -18.679908290016407 25.74312009687989 55.67339052628113 54.82096837209569 27.202202857589146 8.203271982424448 32.94378277041728 22.454787726457603 25.36259731724772 -6.003384560229348 2.4449372907374354 14.566957279565683 -2.8667463715848513 1.106908050767029 -1.0296412769109402 -10.350001679721977 -1.9724791576442642 -22.87592334105097 -16.202798259631322 -7.018979292294581 -9.555112989387098 -27.408042620402693 -28.274611887320265 -20.046120950184317 -30.94298222075343 -35.32960036105816 -18.038097630510148 -21.969883158548633 -31.959134999044977 -21.616627455991637 -27.50266505713589 -25.247488228351735 -31.603543713678164 -13.210331970346376 -20.988304331680126 -23.954690628920115 -36.1302957512992 0.0 0.0 0.0 0.0 0.0 0.0 0.0 0.0 
5.615823919089327 26.202514174689284 29.23467882860465 20.362648358955436 13.299751006615994 9.280526409857176 3.847374971084088 -5.820708594038114 -10.15544367682354 16.682155579005244 4.963659711013127 9.62619455207042 23.747277812383075 12.01664247613087 3.1002031036600926 13.139667194073455 4.933676704090538 22.17143577131049 -6.571283130349106 7.43307420292534 12.627309086805234 -12.382076738732648 -1.4271607883806894 3.1035547695517707 10.57744996124638 -10.42899282968218 0.891481486483491 -22.605119666305015 -18.096110337721782 0.12901467549104595 -21.70124456307093 -23.657093373623823 -30.665700613902235 -17.97924699367585 -8.00993304020887 -4.349846431338609 14.539599118423864 13.577297842158409 -5.650409020657255 -14.257909080951558 3.210837098192334 10.036894627765355 -6.848633537133466 16.109536071357976 -11.683312819797232 -11.079544711767696 1.3016851279152748 -18.299419716797363 -3.1636923818931377 12.951613208424906 2.4183268666871394 -14.190771640423154 5.890504781377885 26.330130907351478 -0.29453762020596974 0.952468559480794 25.453508806446195 20.657903506810136 50.11172151234692 24.86979329424611 -2.547546952670932 18.131805159134565 27.47770708650454 53.363798860202444 10.143455907051745 10.577887734572077 0.2771979968921878 -1.4823532396878996 -43.25819240962897 0.1502203781650966 20.935172316245133 10.205518496190546 -21.749697075897323 -4.923399445298231 -7.460634139416475 -19.887742181231744 -28.23131771779979 -19.22530668957495 -22.872415861688005 -32.85783172068794 -35.36481637136244 -17.831383566231022 -16.462804292725068 -30.791727690544498 -19.02877274142499 -27.080578264578165 -18.790309860506884 -40.48882711050297 -15.622952041322304 -20.783080254193543 -21.057056785795478 -32.50256076464964 0.0 0.0 0.0 0.0 0.0 0.0 0.0 0.0 
0.15675615108385504 26.017879310401206 38.004173317259024 20.17757648798101 7.5430699936455685 0.20135927791631847 -1.9739357367982278 7.758079943498666 6.7989326780420845 12.432327766751746 4.444089286934441 26.276866128864484 30.379463940142784 16.868201482592998 4.598158463529698 39.85621805373099 39.15526994688627 14.400845974806751 -3.116565666546892 5.305129210131139 8.712050851343065 -13.46436842405376 0.4789138716286585 22.081305379378485 -4.118128350387045 -1.478907757496761 3.193226331574609 -4.910975698849574 -2.9983484994646967 -2.8831200270144026 -15.955552917731564 -40.070391728018464 -29.057398833168264 -8.630959441293054 5.012098603777005 -5.830555407276751 12.54088374452926 3.559538304066513 -9.894501073598764 -14.910964584392078 5.533387252512673 3.29387874441623 -2.418836870415101 0.7083353038927309 2.8549804262055467 1.8002929633097375 -17.916292932852343 -16.14508907536542 10.655167496437052 10.590703985022277 5.363297843993154 4.83917436644612 10.013553296017427 26.756053560079998 4.9682314450650775 6.017252264036954 23.175721354611348 24.78704325351257 40.598302982733955 29.97224086556761 1.0919930702913803 9.98051428077531 26.922259413392204 53.97791894312401 20.829261237184983 7.311665484099743 -13.843813145534952 -0.4081355683068788 -47.50765186256179 1.7908547608974743 39.788907316816605 -5.39253069063989 -15.78649610462108 -6.267398047086578 -22.70027386285379 -22.63448291891686 -23.55096932209177 -11.420610828877829 -23.533375937180875 -35.80608409579939 -38.99435938005622 -17.421900526456703 -16.754119582376163 -11.66588125559186 -18.806236537690076 -27.998218908744203 -17.62870849477239 -42.505517881647236 -16.686532711198968 -31.710371477880713 -44.06079843179461 -32.17232074406206 0.0 0.0 0.0 0.0 0.0 0.0 0.0 0.0 
17.13230018249186 29.3418521392685 53.99799947134422 16.08381583287173 -2.733220454246492 9.187545359216099 2.4006394818086907 16.89737965640751 18.172791429665747 13.325802960684909 8.797528532012084 23.994194702524048 13.790163471147904 13.915146828465172 6.612846511059736 36.25765406600913 28.28875254782132 10.679692638433192 0.08063110621392067 -12.047601241038354 8.592565284663813 -11.847572309580173 3.9425797861692145 4.643247802305802 -30.54966030130696 9.404148237992333 -0.46455970817212755 -21.580476330703988 7.698154280660955 -7.303041695260295 -23.49531980517097 -29.351260375983152 -22.595040554624223 -9.481069229406334 -3.1752376264373767 -8.917673361044653 -4.441761098394691 1.5750661247421602 -10.852851423970066 -6.426868556422206 6.321671479275224 7.197261835205142 -1.1380288400883305 -8.867093380792605 7.04662617935535 3.393421933841772 -15.85715289178044 -9.973610076188725 -10.594761315272141 6.952388911638278 5.14809287625584 2.4509454131594888 3.0021913957445516 25.63018729784188 22.864496316737533 10.829314078297944 -5.26955466525173 25.12913092729811 62.74627952856734 32.88282929305563 6.11115459751908 1.151739762456467 28.09151056540086 42.77305864118538 27.059637493985196 4.7053929973186115 -9.89109629270694 2.0238015353937455 -15.251904485827762 13.866503691819721 7.634989987094283 2.2737626214919935 -15.858700911599838 -50.48253304964365 -7.070349013750738 -23.577590791530447 -23.999825247422123 6.8563897860831515 -26.828649255273753 -36.81665069532309 -21.636407656026478 0.20166776478012027 -21.887912259959464 -13.44045980461791 -17.07310468751119 -22.714397820146264 -16.574300880190336 -41.169027663867425 -15.17211311308645 -26.25647234271367 -34.77766267681623 -50.65685720789694 0.0 0.0 0.0 0.0 0.0 0.0 0.0 0.0 
18.339878449517407 31.025076436578495 58.8486651687691 9.135972397342659 -22.141581109656258 11.34415670846216 3.5887219526468694 23.190124053438918 18.700641747467536 16.99533245570635 30.79045194817128 36.86265509727288 8.886309391298287 7.541992147710277 12.498226417018 11.629884229025901 22.109477899356786 12.798507149982312 5.99273800559799 29.046402080744453 8.55292286043457 9.416415835619135 9.883412709740362 -21.33225781994253 -6.268589149246319 -26.716874420863693 -4.656946184962006 24.16975377520824 -2.444807940735509 -15.68021608645171 -27.405849805959555 -21.264329731152245 -28.608538866906244 -5.164046570370518 -6.550502775838341 -16.888664273231008 -3.236376418636679 6.836194732903122 -8.07613702285849 -9.428031443406688 -0.0540438952215645 4.843416871426801 2.0356628507221575 -3.2421638928782435 12.661986474785424 -7.165580070541607 37.18663698034203 -10.307080163536664 -17.088357904034552 4.429912636304185 5.832559223855341 -0.9450284405301674 -10.541422577058842 26.921674968290898 26.68753500929908 15.424226421168337 -2.6773837020572757 31.19090524260837 13.240741035848181 34.2372302146291 8.52389874602389 2.8171557219404457 23.791326692842553 37.94790959417498 30.80405244618378 4.9703382092959885 -1.1415655082488803 -12.587445546484762 -17.23725392203086 15.482572522502217 12.90227112965042 -2.1117973060757005 -0.9444383032959145 -18.446636931958636 -30.456979032894594 -11.025106608891035 5.495357205751685 -15.88890558438237 -21.59694587861783 -37.87058400436201 -3.4957780502630555 -19.096818734702474 -32.96420775058261 -19.53323675718914 -15.56098066999957 -16.122827409706957 -16.922237289945635 -42.3133741498822 -11.611435789392402 -18.857901167664565 -28.49189779942281 -44.9953338949495 0.0 0.0 0.0 0.0 0.0 0.0 0.0 0.0 
8.308533384223612 21.851549858955263 26.397559984770552 -1.2472243295576302 11.20307243337107 13.740937429901965 4.811427657326344 26.045903362879436 19.176785940037544 36.3197603667015 41.074482480857455 16.077055086707848 -0.9710664769898623 0.1743623373489014 20.492108332402633 25.774422168286613 6.377355903650902 18.16572635147363 12.377709182516057 28.920205843068413 6.503788734717397 12.983572171785628 11.64474379451535 -12.897475635917953 -0.8495171660834868 -4.5785348842843785 -9.77059392773106 -10.044544170407573 -13.901134088471126 -0.17261493646683101 -8.95752946000952 -11.975049945193836 -23.03006394917124 -28.436911978004446 -22.529131594552368 -25.516211670552167 -4.717435726459522 10.390777341329413 -7.348837219550129 -7.339231251869675 -2.7777418759163703 -29.36335383113992 -10.593684110442883 21.380166886745734 -16.991672268329957 -2.04052316674138 6.945180462019897 -12.031088536346566 -20.761456664090314 2.0851005042907023 12.867816447672048 1.9579690544253017 -26.789941017247425 21.062864398220622 24.992670695861005 13.287502994758658 4.33451740941554 12.307076074664252 17.952590892506898 33.289960760407524 10.70340156379132 18.36337878113676 21.192746963280825 32.56746213086703 18.499425437674443 3.9658201483801 -9.073735894177439 5.769390774978983 -3.5468333261281164 -7.468995595959633 -8.117578578957742 8.079648630215173 -3.863026769921416 0.44798461681775237 -18.752837192254567 -15.215474615824512 -23.96342504892561 -28.582010072337944 -25.467300588185758 -4.553694715817364 -21.820406028906234 -26.602311085404732 -23.32500377253288 -14.784479304018129 -22.31702258375482 8.303655679441045 -16.120892206240615 -38.213836997692034 -7.107357990411038 -12.731356377686692 -24.499048459202502 -44.04585771491723 0.0 0.0 0.0 0.0 0.0 0.0 0.0 0.0 
29.50453353454028 18.849457503136755 4.814221090186647 2.3004890434320835 11.606590603931904 15.741050117154861 20.69174138271133 10.64297185124145 23.19679767471633 36.858662220062506 24.21428087625273 3.1168393337800175 16.154906674862957 8.947085914726008 8.276698645943743 29.331714379671478 12.06153497884775 18.65828364809149 25.012322963740548 30.577952839581176 6.487194138243527 7.396908380530485 4.94159321203804 -7.068641595764707 1.1714006576482097 0.9413842931912599 -10.283762861650612 -15.669617395083682 -18.688997066730135 4.475229240231545 -0.49229439059867364 -14.129986088871656 -16.63991570287272 -13.343667818729584 -23.7614671432413 -37.90492675136362 -21.282893934269968 2.522693370123127 -3.3922774932030233 -2.3758945575089 -4.846092914025794 -59.453561324174856 -4.17119605318173 0.9065557012844296 13.822851935687817 1.3371587779954677 -0.3623399910633003 -19.26157592437437 -24.336684161939754 7.710192827567996 24.490653547625413 6.011784190907916 -21.003935506835084 23.65242766148895 12.336998877520415 5.702775635591562 19.984678885121458 -1.0816231024741894 -7.613503204602944 19.53156861782719 18.653063521119243 26.229209970447513 24.338270787848632 34.88894988190725 10.980468133323207 -7.573657806021863 11.196219087856814 7.24061741815961 -0.6759816161572072 -14.856428115699739 -13.325242998881517 -4.905140396350092 15.460340321834593 31.551127805690427 -6.423531477335112 -26.409385568839625 -25.62593840237967 -30.134421748860113 -15.631068724252174 -20.285756320240473 -31.294409615504584 -23.55435972750071 -15.815191879187896 -14.826585963480365 -25.97265503809553 -10.837531324184212 -10.217726533008097 -25.132472201632492 -3.1227582714499835 -10.927929683371696 -22.942146292177952 -37.79850374364114 0.0 0.0 0.0 0.0 0.0 0.0 0.0 0.0 
37.62634702151877 24.603183638208915 8.000998350912514 3.365131491805871 6.481758711648139 21.448689197249188 20.593023320160114 8.156702388074388 29.18472317951212 38.846172697414175 22.790340214597535 0.9220708616142179 21.227438205055975 15.229607271658756 12.93210060533318 20.394335466080875 18.655247303463078 25.338775428316623 19.96766399726389 13.761585787082899 -2.8256251642764907 18.648241608258473 11.052452276575366 -4.255973481374378 2.094679412686585 -3.308908266026697 -10.052857606081272 -11.825745463170511 -19.55613364226617 6.8470356451580265 1.5991575838737246 -4.45639754695278 -18.066731426303864 -21.36932630839612 -27.038775810469794 -39.86530822981334 -25.232577958860464 -16.531740648723893 1.49634734668658 -7.952986801364386 -9.59926367731927 -22.815617797352484 -7.8009093148569555 9.556072201434667 7.639986226720959 -0.6623932825903314 -6.7805753508465525 -16.476626830481987 -15.956546607491019 10.171946768953058 11.013696770140823 10.075904844973739 -2.2855548256753133 14.68235277133535 5.503002265172311 -11.860735851406146 22.4717634573862 22.831361976116014 -5.256767705102947 24.289279774055647 23.01806256552812 26.35757809267693 27.5286665488119 21.112492834708462 7.5036130824574 -7.445481742337161 -24.0515561889603 -2.6295939463014997 -9.376528738073915 -9.92566416008778 1.5187772451909702 -16.521143567020758 13.95474361752693 13.311899084911188 22.346882310768812 -17.854224401265665 -23.454931809554754 -22.500739194585606 -33.356451980013816 -18.746103088368773 -32.61159881891755 -14.544865781714146 -12.457859440871559 -14.144535974889328 -28.66266494972001 -15.275811793703323 -23.700187821809028 -3.034657555236681 -0.8785396638589384 -8.414714956129819 -29.583158651277593 -40.36209030040456 0.0 0.0 0.0 0.0 0.0 0.0 0.0 0.0 
29.86816963679421 42.59963471200444 16.695023034975616 2.9753567210322283 18.696445335286455 21.50845788548259 4.295542718961315 11.107175933599123 34.61072467270647 13.811961708412197 16.334427057283797 9.757918361393749 25.68293859336512 18.80043516919807 11.959631937420284 54.41461625044043 16.072236321750065 20.949242713100464 13.760817299822799 0.9091970499132702 -24.240732287953715 23.357445440828418 13.275639076486033 -5.603258666849468 1.456924032758086 -5.657772804043759 8.850758936769106 -4.891814427321508 -15.200665181417758 -7.332741165805399 -11.872135136092746 1.9952207499397594 -16.040384854373386 7.845752054373702 -32.13142563734041 -34.70697429899755 -28.210303095412833 -7.420515960159337 -0.0763816701620037 -11.237830113283168 -13.019049311669427 -0.2717862323706015 -3.300712696489926 -7.010921600862723 1.532868275664125 4.575115546149089 -4.883424085721125 -11.747225135174167 -7.59542783288071 3.5471050269541577 8.656522114158378 17.824168469695053 4.653997300955563 55.885540070184476 -15.92459381699588 21.12429784905015 19.653107488101142 0.703979273611716 4.444989329722226 33.198293449724424 14.114918395354435 28.310159594632893 25.8324903627811 18.29327853593373 7.6390582579470685 -4.9715134914806445 -19.841724476261696 -39.97413660888776 -8.032981274041584 0.4552192968497639 21.250243609117643 -31.770195000758303 10.372519817700654 -12.541452635158894 -10.741726902924542 -2.5821734190865797 -14.85574845130519 -13.580458685801448 -21.328771603037584 -17.089608878266286 -28.29195020778592 -28.45684530125171 -21.98165873336695 -13.938967841315304 -7.606363376104371 -19.617028879194493 -27.379128967328583 -19.370799581514405 1.8377303551339388 -13.993131289740623 -31.066545850016315 -47.347237518752785 0.0 0.0 0.0 0.0 0.0 0.0 0.0 0.0 
0.0 56.97949644320843 18.951998033562006 -6.595470812269412 52.57725748247194 27.628157194594355 3.7560411681512686 -31.958734443179694 24.73932259101108 28.58141334106761 20.905610747711624 23.656273889433336 10.314576605867709 18.257398570331592 11.28844233915062 24.206164203543786 12.444725100645616 15.481022117212 5.783695329089187 4.346986573880402 23.721046145977922 26.226351888363766 16.713398711731468 -4.0405908175636975 0.6436544019701853 -6.791308897784562 6.7418112895234685 -1.7477325032522977 -16.520358287091565 -11.655380486810285 -20.235385286681282 -14.534100877999444 -11.12871121884578 -7.5128487856695205 -15.917609071751462 -35.09400433311402 -39.90820300148577 1.219673670362476 1.444376886058187 -2.5235586416590774 -14.893003264706053 1.1703355816299212 -6.129290624086545 -21.610900248823228 8.919081620926159 -0.18087782187402812 -9.073628921916121 -9.213095241932185 -2.598176784769006 -6.047495736563867 -2.868074678088966 15.886291143354574 13.013288757232235 47.438101374221574 -13.226523938953552 37.52409678233586 18.215470977467973 -0.9864562748156684 2.862363813593264 40.76549501477541 13.46179301117046 19.670276467661267 27.322504778507458 18.818517197256384 9.03623436962964 -1.638409574452554 -17.94172046403781 -13.888708980090792 -23.692122812229016 -6.359903143743485 20.60183697822643 -25.17308161284164 5.801080595062712 -14.035492897108275 -15.486129085974618 -28.089604686498863 -13.28532920811318 9.35741112577373 -10.416067520716997 -25.048659035478178 -21.07625249576646 -29.816719803076264 -36.803053580764264 -11.36052596028399 -5.475278414957846 -25.311350828644155 -16.56469155019285 -11.148920111575961 2.762917809418432 -17.16724923502746 -35.019985499918 0.0 0.0 0.0 0.0 0.0 0.0 0.0 0.0 0.0 
0.0 59.040211076113096 17.30772141073937 -44.44874816436526 46.84477051668627 28.157685142725317 6.263133011308499 -3.459237110975633 13.953372576489455 25.325514234303593 27.120879074637596 28.673860881476376 24.014333322892444 12.47012224078281 18.282015187380058 17.36305430930976 22.451914309946112 15.085868217516026 9.498973531013903 -2.1283867625408983 -10.81937435453079 21.602183087456226 16.61709556006566 8.107198019766944 -13.036807711779861 9.662255425409075 3.70657391546891 -22.399885623403275 -21.210638089996383 -14.451742207353144 -27.475481704171628 -12.542063099000686 -8.307342187257127 1.8508141732148644 -6.312918007154685 -33.7826302316479 -49.17297715941379 1.295722160744364 4.002474435747329 0.604552259038762 -14.129010145911241 -7.128126523546504 -11.695630888152975 -27.148066317702778 13.642972066726278 -6.11251601051495 8.500332613291516 2.5837678460165305 3.9241299018941103 -6.994714029803053 -30.924587851696334 -26.746395076046074 4.314000452164231 16.75964057140554 -0.8334356726127581 38.29966208407764 20.329295300054934 38.77435645805214 1.366114339454834 35.92834103024309 6.965512344140038 16.83070194548202 23.431939514382925 16.02890157622011 5.968777004660938 2.341725493945522 -10.98527878940101 -4.685334325416878 -15.587935794717096 -23.392682467823175 14.354181749038611 -7.756463560304158 1.421183005796415 1.6642285974440796 -18.4471433314402 -19.276773635448897 -21.298420457437395 21.756928787109345 -5.007756367678462 -5.610586376543246 -18.75667878362886 -35.86594767707758 -46.51069122689507 0.8895795583195993 -9.141829096974872 -32.5827972768307 -21.961466729103424 -15.015013406732212 -1.3113661340585403 -22.551537609842754 -43.943970126922764 0.0 0.0 0.0 0.0 0.0 0.0 0.0 0.0 0.0 
0.0 56.362943206978045 15.713648344427648 73.76446901041695 38.45711385465404 31.18335161324101 5.7816431371969905 -4.829979793975169 18.669150112888353 19.118868226744883 28.775497496697454 27.531751784687625 24.67303503500355 10.543230184263033 11.59811300843654 22.205328612393913 32.04295493003374 18.02932897281977 8.168798475151965 -3.269521818694364 17.84581501786403 -6.948798563010986 17.069114740809205 3.1380777519314247 -11.237126290935537 5.647036986302824 -0.6611438184254996 -27.485364479915987 -15.41206968238573 3.2001867790081135 -25.64659955638711 -45.22534944788436 -3.0745208040429155 7.3751913134224 -25.579702049481646 -35.47417643694192 -38.09812933515066 -17.99146727387116 -9.36347862639108 -2.8634803210432676 -15.17178013620746 -24.87604502351087 -16.28153753895704 6.192138867707322 10.40098810201058 -1.829934667179801 -17.392330309439927 -17.991788270054826 15.591306291450433 4.286085168325673 -10.516486352116981 -12.1583572198332 10.384725950257792 18.008193955729443 6.730487298788196 -11.335677561994222 38.47256067203879 24.386976362733797 14.180995235357969 -9.027320294543047 13.334432576075706 9.410193642739877 14.227188023639322 19.71134452173231 6.252580488923659 3.737686586523332 -4.462430249582048 -10.143371391895025 -15.901661107374576 -6.4790465768571845 7.8886462489362374 -16.769499898821444 -11.785738526989924 3.8303474536307807 4.66447918300659 -17.61959398599 -19.22586088509823 -12.44560856739568 -16.504245863966872 -6.641900897352653 -15.423156278010737 -19.053189745519127 -36.615139985006145 -6.340486560672631 -15.0598017668528 -12.620544777229583 -23.42457213053312 -16.0495322914335 -7.307875456228201 -23.064401067244322 -39.96710928722535 0.0 0.0 0.0 0.0 0.0 0.0 0.0 0.0 0.0 
0.0 59.84711179828959 29.21881919190385 28.997493893923487 31.594429536360643 34.50114278073016 3.5741038192319685 -1.9661638159635664 27.35825760877729 25.608295415768133 18.53938033358903 1.6663502046064682 5.88759362700249 19.897925909914363 24.383241005473057 34.81623543850223 32.91247027428594 17.84839581069607 7.970393553538411 1.5702838678237674 23.493915048017946 22.124058676889504 11.527851670817292 10.79019698860353 2.2157556780419383 10.373874957770127 -5.6200434733829745 -23.32874351999415 13.76231438592654 -6.224742587276369 -29.632461696581654 -30.19955970308083 -1.2579388663927205 -2.661431020636357 -11.50660917871875 -22.3770093457201 -52.83127962636475 -24.686998649166384 -6.645913891985913 -2.8989217322575733 -14.457197450813794 -20.44957050572526 -8.1579718781545 -16.231843746089567 11.139354918047216 0.5767857127929132 -15.87073221037933 -37.78817971039876 9.903584798081756 17.64917589405688 -3.0545133687146784 -8.346793158196858 7.535997954754933 20.190365269436057 12.81809113785727 3.939447468941089 1.3761493843704187 31.017973205173266 11.346499977579565 -8.771761727205694 -2.61162980551477 4.358270433290607 11.518102030302682 24.41230689106655 3.6027320403276537 5.567071222022671 -2.2711141179828136 -7.671394268582546 -17.05656509014162 5.3798195153936135 9.1441685972133 0.042766984996062796 -0.7079942361813103 -3.792566277844939 -4.204388096641919 -11.670758649483979 -24.261639620611902 -27.969981434761007 -8.791777011307577 -16.83764026439858 10.413221504855308 -11.857159232996661 -34.3975363911939 -13.575089966583297 -14.415323943466293 -19.629145772939527 -21.156972118804564 -13.69777216634968 -13.852384095645567 -26.496740756393923 0.0 0.0 0.0 0.0 0.0 0.0 0.0 0.0 0.0 0.0 
0.0 59.260393975838696 32.77045151824952 4.347848701019107 26.051012884293247 34.92804064006535 8.551460243585613 2.6167013238197363 30.822171582496296 24.62423176634711 18.90037750450643 -7.76820253249286 23.23993423867726 24.536196494765292 22.53601066217399 22.741471836033814 22.218688051904024 18.662025915701197 14.113662404607672 11.240766399181904 13.380135489021715 23.940615541122394 15.659848512517508 12.545448485700643 0.8161456072317237 7.829946919583321 -8.602105080138742 -4.988646346505657 1.024085776454295 -9.005316864922785 -19.391943533642856 -19.48386566703543 -14.967448285339735 -15.777770909849622 -18.272386102739027 -20.088864725337604 -61.70427150801065 -30.487974600610396 -6.060742290829989 -3.804464371366535 -15.457039768704796 -19.28161514384141 -7.634768763669761 -11.064379657967269 11.253796099874851 6.0933900985915574 -3.0144429211164336 -14.941598593962654 -13.539519094102184 60.49078522048357 1.1123563508825054 -9.590173930321173 -1.537084298117962 11.740817716487047 12.850155283438115 8.837571777023527 3.527920945155136 10.241600189558598 32.740683568356374 5.109546981663509 2.068375337198499 -9.572216673514879 2.1215841551522256 7.693102129453978 1.0095503457137571 -2.0074084447115066 -12.709175031269181 2.8041574252852906 -21.927816801925008 18.771399056375984 1.5678050072193983 0.3671391207910033 -1.9469789856067976 -5.288737837474253 -9.198287060541979 -13.761418128077244 -19.863995162325878 -24.335729780589823 -20.167917275915155 -5.4452360045367945 1.015661803773103 -10.569943222601673 -29.236664683078075 -15.438418666097053 -11.839464287435916 -18.339536967472192 -16.932145831121254 -12.382036232011131 -13.138134006600593 -18.177775421848803 0.0 0.0 0.0 0.0 0.0 0.0 0.0 0.0 0.0 0.0 
0.0 0.0 37.61764522455599 21.915060564578862 26.3222791997114 22.85292005653276 13.518089717071243 36.667005309341455 38.192162505184555 22.578005551896066 7.887726475146177 12.720737357728673 23.406210745341255 22.039123876588494 16.83652082234708 15.41953963850081 15.046309233017034 13.176466004799474 16.624776804006814 22.16407765691785 21.053864109307288 10.355979054431401 1.582433274794427 9.396813246161008 -0.5946190039118275 3.7836399673326016 -5.404379893199932 -7.743904819778596 -0.4477949916739514 -3.2962326341633785 -11.764054277035665 -17.487583709090863 -19.222320911118747 -23.265483347274767 -21.915385854530708 -20.082736751942214 -37.96598498478859 -15.768478070248026 -6.764638441076983 -4.43986220521905 -16.820171491371973 -18.722923423392842 -1.619143439519703 -24.64197981124181 5.464152993494233 4.902313524039506 -1.9587360597037886 -3.32697726307444 -17.287830285684024 -16.561167368609595 4.810779670602656 1.7904210642372531 -8.046371602127916 -3.6771983423531385 -4.384533819763058 23.704032095705198 13.905199272010003 7.809038447613511 2.5199840067713346 32.4359807186556 5.091032538063201 -5.033192439388497 1.556089376488476 8.656540031539922 -7.8061277232521675 -8.982284270281196 -31.441668556551676 5.215085309778244 -8.377945917208079 24.033329782859724 5.728757351385789 -4.3011497894871225 -1.7448751271288314 -3.5371234175853195 -5.561264732410159 -9.911147892624141 -22.799775750600777 1.7554519356832952 -5.44405187659207 -20.08460363644515 -11.639065230141625 -9.45893684739294 -25.01520468697711 -17.398694727329058 -13.241753445183818 -20.55097393229518 -20.930680941837302 -6.734188408919721 -12.29992928938813 -17.149937349727207 0.0 0.0 0.0 0.0 0.0 0.0 0.0 0.0 0.0 0.0 
0.0 0.0 41.06727715974354 27.086365931155107 26.853997785058716 22.821869172205535 40.04648487004779 35.053424376846905 11.071446393453144 21.861792464382013 5.6379404534688025 12.47553776106295 24.887930570189603 24.13971896366833 14.569868180783727 20.038595519594175 12.116463352010218 10.770140827575826 19.499271010464597 24.887301703608063 21.475206814591328 12.301245193387132 6.481849593473945 2.243965589940557 5.752046137609252 0.954974264623651 -4.906898903123435 -8.253328882865212 -8.437888473809066 6.1358714002315295 -6.8310217572058445 -18.070856806132845 -20.543318943740978 -25.764995458486688 -9.247098928157476 -13.302217204521938 -8.36169801254243 -17.189208838327936 -11.631183147000755 2.049041226226093 -13.199611979245606 -14.993357627971234 -15.80606661438657 -0.9556118637033895 -0.7567501367195524 -2.7196984211172923 1.740583419192177 -0.8779026054936026 -12.694179134224004 -34.83891171125547 7.336292473870264 -5.670746441408272 7.2295703093099934 -28.698534879988223 10.22514679303041 6.6657846115356145 -0.496682509385709 10.762815860085993 -7.873951260730972 2.176230800955717 19.297796772687256 0.9737382266364882 2.674860896674277 6.429483266599487 -11.690334657215114 -15.907287661798751 3.5419753525193274 1.4216376143864984 -4.993097896551048 20.846165265357996 -6.2804630786942806 -1.8187885267290638 -4.679618290450158 -4.8198799552936435 -5.5789388526494825 -11.212583198555564 -24.818129506667717 12.658299826941864 -7.766235926621666 -30.020635124975446 -23.312489829603102 -8.881928767596351 -24.518372309836877 -23.76896411026595 -11.326855982614969 -14.013156062301404 -1.9273310640666255 -5.522299450913016 -10.56148290747764 -26.396191257815232 0.0 0.0 0.0 0.0 0.0 0.0 0.0 0.0 0.0 0.0 
0.0 0.0 27.982009574474922 31.81166218712952 27.897276385327565 18.56949959900325 39.89799577175629 21.06331662577823 10.986309757986263 22.65275443243999 6.593947290435551 -7.267970695730144 26.206594215779173 39.322027797461544 16.602526690097278 22.188081613081778 -2.120498185168528 17.03391832464256 20.164113465283062 17.962451915308325 15.59058245734648 26.412569538471693 5.061189776823637 -2.333132982808528 8.905567464665685 4.014078018029065 -6.476213583996827 -14.058327248053793 0.08526039043306977 -0.6150092656231028 -1.5342969672456537 -15.517868640453429 -20.75771168799234 -28.57817479412784 -12.407708177742881 -3.332770276960275 -2.088152882433687 -23.04718311024347 -20.111805033399637 5.511718918672695 -8.24749040598666 -13.566006515043917 -17.10776593843312 -1.9359459288785317 -6.304469743564184 -5.294305032144606 2.969853766019008 -0.9329806435080661 -11.442590712835276 92.94541501211599 6.048164788923825 -4.022468600872712 12.350348801471416 -32.13521347431291 9.359969771728249 4.072805133267535 9.811244289547489 18.083680128737875 -21.583014979005913 -1.2303212584076708 10.094929125517828 32.259930032732825 9.102194556139077 8.806529521234445 -2.566469991369413 -27.75614491878012 0.27427642846104483 1.4186941262565052 -3.4122386442587307 11.208369146909716 -3.7997895217427526 4.07958946182525 -10.112044485548651 -14.36635116095734 -12.011052229182926 -8.426452168489238 9.77669385149057 4.662141683315674 -3.8436248108698674 -29.082179878406812 -36.977611155363824 -23.17480523370075 -12.679120722887145 -23.803069283137145 -9.198555818220655 -9.321618327124632 -0.9541229618585662 -4.91874308775402 -9.388425515663956 0.0 0.0 0.0 0.0 0.0 0.0 0.0 0.0 0.0 0.0 0.0 
0.0 0.0 23.255017655290313 18.8214445500732 27.916952063010584 22.053158625665024 36.491265457873375 44.543897544728104 14.128320905363346 30.136055946386556 13.149237535171075 7.1719318226002695 24.45902059094987 6.98186367279366 26.726768129147707 13.322963531830846 -8.070558883308696 31.587378907024704 23.476550889256977 10.090211585296167 12.389966867897375 23.21431612108024 2.19874523159597 13.178021564308954 6.031586248935426 4.814718603204499 -2.9639563067827592 -7.639589561678198 4.748377652111781 -0.12285868041976578 -12.21159294412347 -4.781722934149725 -17.990054234911 -28.54058454445308 -18.203544624802536 7.960737759456891 -0.09704488876465689 -31.36567989767093 -23.721081478723445 -6.103425817806019 -11.291869911224246 -16.171975658913404 -9.391792642644313 -19.50884107862118 -11.794895751757899 -3.1527374648039084 6.175611391861038 -3.3721244404107686 -14.345807928329595 9.663353499868943 -6.392205302257957 16.885620706257512 5.3562488852639225 -8.224633837809197 2.063356165874168 5.062886933919752 7.2300433757104905 16.240806052036906 -15.259456699402703 -5.578661337236884 -8.68829570149499 -4.71750116762034 17.25134746799653 14.823527181029766 -0.8352431464716563 -18.504375613440015 -0.5649600995879882 5.362566191818732 2.113843359808154 5.098069675205437 -2.957909748626678 2.1127578505498263 -12.447017937091122 -18.18952627157321 -10.378166171122034 -3.0988005804180934 -4.090232393839987 10.851218846932614 -2.87767698806722 -13.27018466441594 -36.588838355941974 -17.74849881933386 -25.530094745055408 -14.685415618103109 -38.563517033928406 -1.6681808229698953 0.0 0.0 0.0 0.0 0.0 0.0 0.0 0.0 0.0 0.0 0.0 0.0 0.0 0.0 
0.0 0.0 16.31961844250294 24.027086228322318 45.90993842689316 17.66872829556841 37.61596885652158 37.71592954016593 15.585731656249829 -15.673559519764186 15.944333866341463 22.133214304854217 31.874112625278926 9.146501309148203 12.794602112554765 15.137661982668325 25.572847853867376 11.669091123832327 34.40920903921383 5.629860671094871 3.241352710135727 17.839921064228573 -3.6347434522580144 25.25998501884354 6.667870429421399 9.96226199478657 -2.0798646839253405 -4.252498586543837 -32.45060704381106 -0.2575633845707097 -12.177974163976213 -19.234537134852403 -8.39218451133523 -12.672136413140175 -25.67442055979088 -6.063018899837246 -7.656607495704903 -33.139271697066114 -13.994990870855455 -10.277760044125886 -11.534012906876224 -14.834977899712918 -24.89245311377094 5.143523567976073 -20.541002797714803 -27.487115562800284 6.6802705948126615 -6.427133524970998 0.8859521920052028 0.3263216683269372 14.644274534930918 11.117577193286161 -2.886839336360348 -32.086187273015675 0.7681705350059138 -0.9681951651820526 3.2991443776133673 8.504932367279244 -7.1942316792063306 -13.174501136005539 -7.084716003970767 -9.460240672389828 -1.98455107324124 5.78319964947078 2.5928387317234685 -5.869092630637313 0.1276369883433377 10.204333590560985 6.871218929185213 -8.318171254507543 3.028466219478622 0.24081454006365322 -14.858848539947369 -8.479175694937425 -1.4045435901035357 -6.6386868286317124 -18.20733651015014 5.621304440038699 -0.8662424402706419 -23.591063889799642 -17.728404439980526 -23.093675856001813 -45.938394092740786 -14.875595558778102 0.0 0.0 0.0 0.0 0.0 0.0 0.0 0.0 0.0 0.0 0.0 0.0 0.0 0.0 0.0 0.0 
0.0 0.0 18.645862750762397 37.42883842265382 16.83952521199403 14.658714003563379 43.42786848874665 35.778242259715725 13.533450229539685 -7.121654501631019 22.6646366209442 16.790621485269536 10.209327980028323 4.3968961378566505 11.204865627664763 16.845230091886613 -18.1451049157482 14.07187426142989 38.52682129694796 12.543873745783046 2.316110769926708 8.737322512580677 -1.7111378668611454 20.557241033011966 14.064796179595367 9.290335059206889 -7.430344447532391 -6.485785453553607 -20.410015099402294 -0.736018274807943 -10.429791060163687 -17.599006015870316 2.1840167424351726 -11.261037692743932 -34.361444308120504 -13.697412944735106 -6.638768666045463 -16.569520249135273 -14.016914577348656 -7.715958357262222 -8.575827425841458 -37.18715879347011 -4.955173045822077 -5.865733581580908 14.61743482755567 -6.151540058162873 9.394051339210653 -4.933389185199902 -10.909904020059702 -2.3773816137577706 15.005582105196119 9.871732644085023 -4.446758281870499 -22.03388417852221 0.5098000497585836 -12.525663534339635 30.839835946141253 2.380208702478852 -9.504727228028589 -9.282046746862171 2.2405928812894533 -0.4725346215496357 2.4908471793492666 6.444879660992191 -1.814757861782343 9.906255380357525 4.584263626686167 -2.2579335458213867 4.683054076903396 -14.053344777086876 -4.074246409777675 7.763599108670203 -1.8416129181997478 -13.02269643673362 -5.864087123204072 -9.04719651450501 -3.5740681463801423 0.30389108147401966 -0.9485662849612675 -19.95184883356508 -15.482487019718821 -25.10923422637947 -42.17332753693588 0.0 0.0 0.0 0.0 0.0 0.0 0.0 0.0 0.0 0.0 0.0 0.0 0.0 0.0 0.0 0.0 0.0 
0.0 0.0 0.0 48.590664872323515 23.140515420813912 17.158905112986133 40.88987098461283 29.676840633052308 11.35034212271846 -12.719491551147794 28.275521229969765 12.726337112238369 8.40746399149916 11.471119557863227 16.797705519266817 13.713635266817654 -4.523382824079478 12.629274504704492 42.688649916097084 11.588638097792872 2.278335836873357 21.055641496343622 -1.8770919737680043 10.094285635265402 9.462246291848327 11.581373913374874 -8.882214615273563 -9.15394639817754 -13.926824037315352 -12.59939962916733 -11.471123460576454 -2.0906880414855094 -7.403744230729883 -12.19033781193906 -19.392226281257177 -9.852179986116438 -10.592320296587161 -16.521351970858895 -11.598686891388196 -7.029359668072269 -7.4474611244319915 -2.2278951772911144 -3.625589202616041 -6.49845321943374 -36.9960519964824 -2.552557749151156 40.91514776726845 -0.46093872628913646 -10.836860655424315 -8.792050009387909 11.319634387861603 9.61338641278278 1.3292143188399788 -13.969909311623075 -13.789072635598792 -13.171492121670681 18.46173884639359 -5.028417095251425 -10.437699787563584 12.177975614435793 2.430914782071708 1.1113570611587849 1.707999993961085 5.8753038034623 4.054973910079203 -3.2019634797597876 -15.713793114430361 14.701523463678125 -1.8529060329859082 -16.178358739068084 -4.367619465900294 -4.94448337240895 -10.700464030576207 -31.905033441447724 -1.605328362540237 -10.364870253224456 7.221120495399128 -38.99219506692434 -0.13774033196525792 -10.254664728862076 -6.246611003227098 -22.35240725627397 -42.30513638023903 0.0 0.0 0.0 0.0 0.0 0.0 0.0 0.0 0.0 0.0 0.0 0.0 0.0 0.0 0.0 0.0 0.0 
0.0 0.0 0.0 48.991133913911085 20.391938939253297 28.93591680439144 56.993905824694 27.08863864615005 4.414433703477049 -1.5625015669332623 26.837007219305242 5.635972635500789 14.826332038731772 86.4115584960996 18.497897811534163 5.69986634490628 4.4343058832913105 4.714295523280892 38.78555551472032 13.702815777501606 -21.187899970913936 26.968997779646546 19.23275744423875 0.33889734803251925 20.872801039989827 14.012798756262207 -9.95562704137307 -9.128392640333951 -13.27106837721147 -12.486933297695 -12.601066302780502 -10.13512573572258 -10.431521161112652 -4.597084688203296 -14.045841051570584 -2.160997785445291 -17.501933223374046 -15.402028236443083 -11.413692082509968 -5.292097859061352 -12.523034441805377 -3.307280346369131 -1.3746878650049075 -10.636546317100196 -7.735456561062913 -2.1547192387446805 -7.131059777745319 70.20942524914858 -6.915757382728984 -10.656535366856078 8.704207222347602 8.77211900965759 3.8398689771037806 -6.296625949779251 -11.708836806959214 -8.383893790379792 0.03943301737777194 -13.261114999029582 -13.47959065224456 -5.303997618948553 3.9189829231019044 -1.8424925899951732 -4.7222846711211375 0.2911654265246275 5.432615649783013 -3.379465917918381 6.900930616515885 3.5110162599648755 -4.354042381784293 -9.762493996563311 -7.570375416160537 -8.871752662933527 -18.84306963688998 3.2765606322808867 -2.3128379016046923 -8.308517061923844 -19.37716231390253 13.741122061980025 -15.981309758017462 -19.466946192351475 0.0 0.0 0.0 0.0 0.0 0.0 0.0 0.0 0.0 0.0 0.0 0.0 0.0 0.0 0.0 0.0 0.0 0.0 0.0 0.0 
0.0 0.0 0.0 0.0 46.44879798314266 45.96979047148755 31.710532469544255 27.853797134960157 13.198208465902145 10.274483664003451 22.486085686890775 12.755857505785473 22.485816504864587 22.18284682194904 9.797245562257444 15.203851450827322 30.990129914801773 29.016619291178742 19.879282035057834 21.583686773550664 -21.304587912011964 24.86035516317335 10.960552819094643 -0.31706906765587645 7.849131830532134 5.053696247874142 -21.22121271582869 -2.7525200727990393 2.5878321374138142 -4.493227360653622 -2.5016778147257757 -12.660804438373686 -28.27090020109136 3.839884802372827 -8.828418775242689 10.634042795150968 -11.463126390928998 -9.111173123494364 -6.880001409650207 -8.71707878941537 -15.282326931526935 -3.713398766707468 2.6001699191408023 -11.394657212589681 -5.809304684644939 -5.58210204652157 -7.03558028354527 -9.728145548802075 15.247519763252347 -3.5185508895756623 7.996759011223563 5.553168124608993 2.740077073450732 -0.7609093299748206 -9.213495642391416 -23.308558212264124 3.03133812326846 -16.914921321758346 -10.48654890487011 -3.688322666154824 7.344225659121171 -5.145721522217719 -11.12024820230746 -7.6713571352606635 1.8940447177241464 -5.2429091537710235 3.4745014891005117 -2.0640044010751035 4.772474930147452 -2.2533887487224176 -12.851380766364695 -7.936978793805645 -32.57384291331347 6.1996017452712415 -2.120472008542009 -6.688138610669231 -21.645216473511788 3.2687561585373164 -5.349272534907918 -23.465629401150302 0.0 0.0 0.0 0.0 0.0 0.0 0.0 0.0 0.0 0.0 0.0 0.0 0.0 0.0 0.0 0.0 0.0 0.0 0.0 0.0 
0.0 0.0 0.0 0.0 59.240596682380676 15.776754409297405 63.9065092923737 32.38255223525561 8.16122970546811 28.119958989773448 26.169601009794214 20.090832973251725 12.368487783413311 6.554137786084722 -4.103007906660922 17.144185682055937 11.511067376135859 39.317073239222246 16.451562505136415 22.546258243842058 -25.438020928698528 20.776160219063676 14.712141616389017 2.1579655754431943 -3.680048163021299 -10.881282689739015 -2.5816213370453216 -1.5046640134194234 26.50626590918693 -0.2226768678296259 -20.744543685018392 -16.41761365515122 -23.363226049230022 5.297058344877557 -11.57520844485693 -56.18237369625593 -1.552161461421746 -17.441080627890177 -0.8558099284567566 -9.819871319062788 -18.145080122859262 7.434186929775118 -0.6169865705773869 -13.834313652831144 -7.228622467260351 -10.560778398828457 -8.098287587801785 -8.04672629658775 -26.484776047785072 3.8984995911264555 6.678002735772041 1.2608648989826126 -3.3128161527832622 -5.260391077954627 -17.444984436371314 7.0365923116666345 -1.7616907007590807 33.301163667635464 3.023632045401208 -14.180837324818553 5.113803174295371 -5.664019229106697 -12.000547710723273 -11.792189407686662 -0.7482544706690484 2.71423087732216 -2.4283627868662405 -5.196493480582083 2.0958550203552715 -0.2650898495124565 -9.657618520929088 -15.49719396775522 -20.751430917010083 9.362413086318853 -2.394804468207898 -6.39544614242082 -19.066506492533335 -3.7107542084859633 -12.554472542548137 0.0 0.0 0.0 0.0 0.0 0.0 0.0 0.0 0.0 0.0 0.0 0.0 0.0 0.0 0.0 0.0 0.0 0.0 0.0 0.0 0.0 
0.0 0.0 0.0 0.0 57.82559484494699 15.522937307096594 36.95536634375325 35.21499194703908 13.861816511358127 -6.379628103616814 43.18580132736766 22.619249192521558 10.145488069707644 -5.385026239012241 18.15465973417501 23.218404955391158 -5.464447393019465 26.677750566284445 15.21949650397771 15.842699496652134 -9.997144775148152 15.139483083298781 22.735804575432 2.0343677715013433 9.042968052208575 -10.518041269309649 -28.880733068421517 23.735046070441754 15.585054407109201 -3.2889739887274354 -34.092746449010676 -15.080976293623984 -15.320146738947141 9.339924061573743 -12.72021924034998 26.073554154368765 -6.004668833045959 -19.33050358037024 4.458416827372314 -12.032711087214372 -22.40910235685827 1.8846467133803841 -9.022779230111901 -20.577072995071035 -13.371678165752957 27.82118529075356 -4.464184015506808 -7.8710909678297565 8.803120616628819 2.2572477453371835 1.8148507475288869 -5.047140943981431 -11.900312334203708 -13.717913269480965 22.927134191802523 14.681489941363301 -7.111287312541153 -9.518043462175083 8.22227642968049 -10.295846225338295 -1.5598155584363251 -3.580595445124123 -6.8337969678903825 -12.115026248398404 -4.167609044026288 1.7236999263295396 -0.40132580010454394 -16.181869810901645 3.8511254597689426 10.835561693756052 -3.9819514257596405 -15.473671700180923 -9.212042100248258 11.592834335334734 -3.5355821913020122 -9.839240125717733 -10.610817648933427 -28.108146933892773 0.0 0.0 0.0 0.0 0.0 0.0 0.0 0.0 0.0 0.0 0.0 0.0 0.0 0.0 0.0 0.0 0.0 0.0 0.0 0.0 0.0 0.0 
0.0 0.0 0.0 0.0 57.545470046356506 19.59814248267109 10.577168262572439 17.971850068839363 39.69542120368 10.523905394500236 25.665339134249756 17.069792607699767 -0.32124699118370836 33.84856369832067 19.3941969433478 32.27263053066589 5.548906613512447 5.454441259597701 13.849703899617428 7.2476045197307135 -1.3333031857371185 15.464584237648241 18.703160319360816 9.179013474453912 7.299493992715385 -2.797782606367913 -9.657586329123925 3.076890064711657 7.4964376461225 -2.903354225838424 -27.752162000431753 -10.204291304723082 -14.517162906913715 -8.41809205824432 -10.674577502483714 -27.24810681976375 -8.992036111321799 -20.24991047328987 -6.628100314282557 -15.981007890282966 -18.45887850684167 -6.176674159741603 -23.867174858335158 -0.05650700781391538 -18.0264614670823 2.3311609628252565 2.088591352323073 11.548827356445864 -3.1057419410893887 -0.8033996317729097 0.038254451968958936 -14.492641310540098 -14.816671966683494 -30.201363408209104 15.493903539166157 16.71588227288344 -15.755678161086202 3.3939625328136414 21.54308386644255 -10.069175321010452 -8.660325738943907 -6.908181357818266 -4.477086622154358 -10.394679468341904 -3.7514559988354854 6.619070270611782 -8.486839857599987 -29.66637524897779 -0.5432694418570883 24.49127498413507 0.3375412797545634 -12.584442019998022 -2.809337620822551 10.560505381572058 -3.325111441897988 -12.006282578418977 0.28918816793984226 0.0 0.0 0.0 0.0 0.0 0.0 0.0 0.0 0.0 0.0 0.0 0.0 0.0 0.0 0.0 0.0 0.0 0.0 0.0 0.0 0.0 0.0 0.0 
0.0 0.0 0.0 0.0 0.0 30.396967595131297 24.31513861142943 26.309152357070733 8.169126159465527 17.43899325948339 21.351853353771368 12.45801757308866 -17.874387714020774 9.047708469960998 18.56237670695385 2.04181895777697 42.44709394874121 14.784155189401446 6.471223163754866 -1.7231757340808913 -9.351805703050367 13.5118271337959 8.193868210602957 -12.054961705953115 -1.522369009699861 3.412730460643849 -7.451015934895557 -5.869429150272294 6.387427393533558 7.849027591909581 -4.438341353220258 -9.435016346039296 -7.3621395476106475 3.5270371030814722 -10.569943478052195 -15.471544937674361 -9.218581928665886 -9.970666938339797 -4.109357740280499 -7.138514935791384 -23.640462006793783 -7.270678910642404 -14.50964933273435 -8.470211065501582 -14.718282367597755 0.7804152711778345 -6.913000765849741 -11.163758124687185 -1.4149832209512052 4.216685876019498 8.949253495856606 -9.934112356804846 -22.998178507286134 3.0337989254320217 14.761969183541137 6.3637558642934335 -44.109652906380454 -6.249577082938735 16.966704905366388 -4.753812721348938 -15.910978112281127 -10.480747131491029 -2.851521362003076 0.561533348078546 -2.5773599304402404 -5.8845760799716125 -14.353965873686832 -21.99592646383502 -36.847433859607534 4.381952894400921 -27.38679950462295 0.0 0.0 0.0 0.0 0.0 0.0 0.0 0.0 0.0 0.0 0.0 0.0 0.0 0.0 0.0 0.0 0.0 0.0 0.0 0.0 0.0 0.0 0.0 0.0 0.0 0.0 0.0 0.0 0.0 
0.0 0.0 0.0 0.0 0.0 19.953785390155005 52.06293402651793 28.71010990291086 7.588405422618647 33.96449864703143 6.776264171477072 6.040321022784179 13.64625984130723 8.948246782153365 15.440006233431255 0.23617488160882516 5.4944890272212605 23.784817269366556 10.174350680609148 -0.6374073187188979 -8.154237326417151 0.9125267764777205 7.018392233978496 16.45928597878148 -2.026334947666334 10.913808029642848 -16.941808729241718 -2.933766566379326 -5.313037755810447 29.25779079160053 -1.509620407449641 -4.518603368110647 -4.968534896336063 -8.509002121325953 -5.98571864583205 -5.200851902243871 -10.083094504798803 -16.08418409132202 -15.942148295443602 -6.330641574894148 -18.142870198877226 -3.0690642535128805 -1.4287415981549034 -5.568452001796312 -23.167020660754094 -3.458979070028792 -6.99116060554526 -10.625197727390951 -0.6900078551618254 3.5420883800856524 11.107885490142657 -10.947963712769049 -42.76445191067203 -6.015607097444275 6.305753441722581 -2.3970706137735887 -5.951041741406753 -9.741881462893096 4.26798698642461 -8.002700315057323 -13.889445930397736 -7.047939587488431 3.98320124695328 4.367788583204791 -7.902714506958081 -5.315930957319304 -6.586277039144737 -11.244144389080683 6.405740365618751 -12.644194764646778 0.0 0.0 0.0 0.0 0.0 0.0 0.0 0.0 0.0 0.0 0.0 0.0 0.0 0.0 0.0 0.0 0.0 0.0 0.0 0.0 0.0 0.0 0.0 0.0 0.0 0.0 0.0 0.0 0.0 0.0 
0.0 0.0 0.0 0.0 0.0 0.0 55.086959453507994 31.778925369085453 -16.808634943190462 24.205138622554298 18.786921837578387 16.455412550901876 10.0932586618942 11.152776776913417 13.79414606443724 -1.1458226678505326 4.945927912368879 8.003764310350553 11.94519909915564 -3.67989130749004 0.7092774475896126 -0.6414803558195499 14.590745215904636 20.181021650972777 2.0789554255103457 21.34547839379111 -26.313748078873253 -5.989653194640287 -11.768895384037455 -36.20694404900231 15.041718356421157 -0.11650884840669917 -9.277723000352005 -4.854042155276587 -12.776980065570712 -5.559997215775272 -10.63788142503997 -21.26162915288758 -16.455599717173868 -5.013574906474663 -9.523576537874993 -2.692492148693389 6.320951510173144 -9.190893609798316 -18.004795110015895 -2.118383128032116 -3.7089151858846154 -7.7930583428104505 2.9599460442287273 1.871219534262887 10.070602476642945 -10.924620818705664 -67.66882173855329 -7.3622274695630985 -6.494180346616332 0.725235056830404 -6.304347137924299 -14.337814587278524 -4.718181041148861 -16.382275138533835 -20.72609669610386 -1.166884599735484 -2.5028485953929422 -3.5705867566659646 -9.855866940972401 -12.44645867837455 28.08113968063709 3.439841235317484 -51.099939188132716 -27.80334491377542 0.0 0.0 0.0 0.0 0.0 0.0 0.0 0.0 0.0 0.0 0.0 0.0 0.0 0.0 0.0 0.0 0.0 0.0 0.0 0.0 0.0 0.0 0.0 0.0 0.0 0.0 0.0 0.0 0.0 0.0 
0.0 0.0 0.0 0.0 0.0 0.0 43.237507642988724 28.936902059953667 16.066793403491143 -3.5167536041402494 35.46241072842817 14.345657157930956 7.726544331099527 15.13936015953828 3.5632914039110606 8.78921969712792 10.481231605752567 2.603316461389579 6.53359819689694 15.5764858880008 6.859768125170824 2.1019631862186694 -8.531930432701193 40.40264811389371 9.122002886672224 50.520936136671054 -20.490138165232 -5.461930834376069 -10.334422744726442 -20.30268007111942 23.057666708688856 2.6907326961168816 -3.326982044836133 -20.583009395466764 -19.885632872374323 5.78038163926366 -9.220740701144235 9.136473397221916 1.8589950661493795 -5.674806868462747 -8.95118917209654 1.859751695273597 8.847821758050713 2.4749524581366646 -33.38452070771913 -1.534946093265331 -2.6634497625304507 -6.309477465200011 14.24010337055601 3.1789888483859317 8.0071373910342 -2.804038279081405 -40.09184457164891 -16.99911105504537 -20.05980582845191 7.1508426889939045 5.146113735629908 -12.255093025316594 -11.856027306092805 -32.39763860047313 -18.19583333347489 11.968483827214955 -1.0237020024539927 0.0 0.0 0.0 23.73079321878471 22.480458910271935 -23.52230795188157 -16.960535285885218 33.374234851719 -4.872052021207572 -6.7962043396453335 6.188691188889031 -8.165299204848901 0.0 0.0 0.0 0.0 0.0 0.0 0.0 0.0 0.0 0.0 0.0 0.0 0.0 0.0 0.0 0.0 0.0 0.0 0.0 0.0 0.0 0.0 0.0 0.0 0.0 
0.0 0.0 0.0 0.0 0.0 0.0 34.56603541794357 28.601249028912022 16.69984550751373 6.1342307392161315 8.869699278434334 10.482238381151959 17.375662016234184 34.70994504674372 6.635445763217403 -3.840117052725678 16.077474132507728 3.9766213474241536 -8.0565694507321 11.882550387510063 6.444987044340099 5.258388298881546 -4.002882841713821 -52.64970756794332 17.154065524530623 2.8197537121751237 -1.6350672071123449 0.5852827651559855 -3.290079416050235 -6.756384813774966 34.71301121525365 1.7598215321404078 -15.926918089612853 -6.280395947951367 -12.334205230947948 -15.036849391378592 -23.43748320722677 12.429328546185697 -8.099056492937065 -4.017418702982848 -18.37331958852354 7.138156055390856 11.965884578110746 4.793492415952667 -43.0796122201366 2.5027163245266113 0.6868756876775215 -6.8721609047770364 -9.23868624772191 11.034192248002823 8.770432802167136 0.750399319300826 -23.23206852555381 -55.68287568732508 -35.98030924350487 4.83442797763733 4.776515458718073 32.03575497496436 -24.90234343796615 -9.753915952847503 3.4871750548520737 -4.657102193740885 0.0 0.0 0.0 0.0 0.0 62.238438156306785 -0.7359860869960982 4.642695881529643 -25.3570860215668 -10.884271955787899 -9.650492073420617 -4.308367915178473 0.0 0.0 0.0 0.0 0.0 0.0 0.0 0.0 0.0 0.0 0.0 0.0 0.0 0.0 0.0 0.0 0.0 0.0 0.0 0.0 0.0 0.0 0.0 0.0 0.0 0.0 
0.0 0.0 0.0 0.0 0.0 0.0 0.0 31.63033111333509 20.375318620101073 8.937080338571285 30.217430197553554 -5.181902923062964 -0.45069226394599715 57.493960420567156 13.526157921917932 -7.469327311660891 17.71566826703802 9.796152376391658 0.26821177360136805 -1.1791336803903931 -5.007179646716865 21.013678926869442 -8.202634697995858 -13.622269680247264 2.4626873813555155 5.7584414140776845 2.094946710472668 17.44849046828499 -0.17407016213789017 -3.9828255243212816 -7.4662545115450865 -3.2319452754180915 2.7538652451775083 -3.887396352855996 -12.490151740617389 -12.730430564944342 -36.80220612813247 15.844701679706954 -7.690102028442427 -0.27380570685701855 -28.99486855547356 21.548267702481667 -1.6168078237508858 -1.7804502485962193 -56.720129173810406 8.794067606821004 7.781801964961199 -8.84359381528575 -17.732874357237673 21.336558899931536 14.746118629224375 2.8165403895103243 -24.97300835014103 -22.77305981882808 -20.034559211471286 -38.97604358682564 18.112883964843974 1.4388536710002207 -43.69554478725937 -9.405248529355418 -5.5563919034291995 0.0 0.0 0.0 0.0 0.0 0.0 0.0 17.2297296611056 13.351386637964684 -20.171131548280066 -21.941365157077342 0.0 0.0 0.0 0.0 0.0 0.0 0.0 0.0 0.0 0.0 0.0 0.0 0.0 0.0 0.0 0.0 0.0 0.0 0.0 0.0 0.0 0.0 0.0 0.0 0.0 0.0 0.0 0.0 
0.0 0.0 0.0 0.0 0.0 0.0 0.0 37.400524130009856 30.24726900671791 23.399963281023076 10.178283759532055 -31.800713408022013 14.01137895198086 18.082443495433026 32.61632632792056 0.12621058007095254 19.009455882318697 6.386513164600802 -1.4537066692928735 4.293895478994282 12.06796937104047 25.072771936341105 -17.409837773171905 -2.425812132735559 -42.20843173019156 9.17319362601945 1.8256069852493915 -7.905107605240961 9.209068537777878 -7.898068954135221 4.522516993993211 -0.5098121464901189 -6.587053593730393 5.429634470488887 -10.472114412380584 -18.05170590531386 -0.03836191994110982 -5.9839698394791165 -10.348112517245099 11.66718052452336 -20.890158011879944 -0.5800925435092883 7.825053493033796 -0.08713403918328311 -21.77799849655296 10.014697885095753 6.502606838901661 -7.316021665084986 -15.439857408301544 12.304907575534548 4.552370606205306 -0.655958142090445 -22.34092866263836 -9.036074088593804 -13.451892351227846 -17.64996656207368 -21.747506327539945 -5.24632169035903 -25.51068950013945 0.0 0.0 0.0 0.0 0.0 0.0 0.0 0.0 0.0 28.0613320266655 9.102983620524066 -16.279818667315347 0.0 0.0 0.0 0.0 0.0 0.0 0.0 0.0 0.0 0.0 0.0 0.0 0.0 0.0 0.0 0.0 0.0 0.0 0.0 0.0 0.0 0.0 0.0 0.0 0.0 0.0 0.0 0.0 0.0 
0.0 0.0 0.0 0.0 0.0 0.0 0.0 0.0 25.15779431697647 9.663085957433166 24.430360638485055 -5.615695004961685 15.753619424302464 16.27696764445558 17.319343934611638 11.356667640842161 23.563980612419222 7.277617037036869 0.6868797519261054 0.6979112864337873 14.77298514343379 25.872739129566277 -19.32203946877303 -6.988779034006548 -42.159377776170906 12.31110721271201 3.844870303673278 -3.2649253522728325 26.151162374088088 -12.234522933353935 2.4280805447742084 -2.918454517458506 -8.832978201122522 20.87394553899831 -1.9446601676362814 -15.964838661892486 0.2842346457352758 -7.259248866672365 -15.086421997476105 9.986224133561853 -9.9943090040796 -50.66209677509772 19.870751763020536 1.3831314820898921 -17.795013101593398 4.055514703615623 7.939755261019191 -8.169455306741222 -16.407517382171363 -0.272083242394658 6.358090415574527 -0.6583815698051713 -12.266947728703265 -22.306641899250533 -9.775656847857121 -11.431947519761913 -23.3106376543848 -3.8271054736566104 0.0 0.0 0.0 0.0 0.0 0.0 0.0 0.0 0.0 0.0 0.0 7.937224977388849 -19.401489816442353 0.0 0.0 0.0 0.0 0.0 0.0 0.0 0.0 0.0 0.0 0.0 0.0 0.0 0.0 0.0 0.0 0.0 0.0 0.0 0.0 0.0 0.0 0.0 0.0 0.0 0.0 0.0 0.0 0.0 
0.0 0.0 0.0 0.0 0.0 0.0 0.0 0.0 29.182329381623013 10.77807801894164 -0.4670903023750408 10.008809780147725 4.031587547134791 4.037619162544292 16.864717291866647 2.5463682905342293 0.8910582755963388 11.655476783562062 3.8745027089495476 1.939131959916402 13.01785974711179 20.307194988593963 -2.389426535506715 2.122596805644818 -27.846389728541965 6.315980454972884 11.36179288641697 1.5545452494905876 27.568317911149638 -30.263740225312944 0.7509015570897715 -6.267200993718884 -12.557389280611853 -1.1223781605693217 5.817203743390773 -4.814509238210919 -7.22265188727274 -7.713828689049986 -5.338997763144198 -7.6806718191034715 -1.4040162103510738 -14.178120253550526 20.97873655582446 -6.747121369578068 -16.04852492713757 7.825797944684488 -7.171250623002208 -11.802691811845056 1.851004014205484 1.6871967304088438 0.7047219188470348 -6.181733844642527 -4.651873663977492 -3.4445060209254215 -16.369723945187307 1.1253534767295894 -6.288495123470703 -19.47075960254648 0.0 0.0 0.0 0.0 0.0 0.0 0.0 0.0 0.0 0.0 0.0 0.0 0.0 0.0 0.0 0.0 0.0 0.0 0.0 0.0 0.0 0.0 0.0 0.0 0.0 0.0 0.0 0.0 0.0 0.0 0.0 0.0 0.0 0.0 0.0 0.0 0.0 0.0 0.0 0.0 0.0 0.0 
0.0 0.0 0.0 0.0 0.0 0.0 0.0 0.0 0.0 11.864109063047938 -0.2834979190622018 12.786900844041325 16.321206525596047 7.351424343100858 18.38500085338658 4.026661657648244 -12.087219842424114 10.80788145275107 6.343185437332533 9.645201285872043 7.602994694102979 4.90584893708272 10.34381235475394 18.26142344123707 3.26609534754218 5.154530888531491 6.82509739772726 1.7076682841166233 19.45942699325861 -28.536635522825417 -34.74757849146483 -9.658808444222174 -9.1471169399825 2.0813341141594472 -2.134489156061409 -0.05137210773935941 1.4176518851773499 -7.515315303861725 -11.221087386647266 -2.1045199660772855 4.860614673941722 -12.005906352642882 11.69123470899654 -23.156755972742612 5.242782851795549 -0.4934419132104999 -51.89214678222212 -11.908091113750276 -12.463840677011472 17.84234657804308 -2.228454009750221 -18.401847369836116 -17.408704914184398 0.0 2.5233326871633324 0.0 0.0 0.0 0.0 0.0 0.0 0.0 0.0 0.0 0.0 0.0 0.0 0.0 0.0 0.0 0.0 0.0 0.0 0.0 0.0 0.0 0.0 0.0 0.0 0.0 0.0 0.0 0.0 0.0 0.0 0.0 0.0 0.0 0.0 0.0 0.0 0.0 0.0 0.0 0.0 0.0 0.0 0.0 0.0 0.0 
0.0 0.0 0.0 0.0 0.0 0.0 0.0 0.0 0.0 12.618668346383522 15.418425486868804 10.587755786545689 8.629775015990877 45.66693463543869 8.770127607398782 4.533344676576209 -16.428234350769067 -24.295994549340556 5.5770761627830865 28.01757783924729 11.92443428594181 -1.8609013577529263 -17.7072930684707 18.944779166702524 -12.61136413011994 -19.773595572445743 8.78436671189996 28.37213344412707 2.3950565516784104 -4.678925645098473 -28.10481370107614 -3.765899279265172 -8.240675559982048 2.443456121809744 0.5818147212687288 -1.6982391400032584 -1.5947947192659928 -4.401458278795362 -11.113571603364099 -19.103822067566632 3.468955767586518 20.20549809861261 3.6216700655123883 -8.49108335862823 -24.314219489896715 -19.39023898557918 -2.5721725545250957 -10.989963222652896 0.0 0.0 -6.471280185233244 -5.0931626740331115 0.0 0.0 0.0 0.0 0.0 0.0 0.0 0.0 0.0 0.0 0.0 0.0 0.0 0.0 0.0 0.0 0.0 0.0 0.0 0.0 0.0 0.0 0.0 0.0 0.0 0.0 0.0 0.0 0.0 0.0 0.0 0.0 0.0 0.0 0.0 0.0 0.0 0.0 0.0 0.0 0.0 0.0 0.0 0.0 0.0 0.0 0.0 0.0 
0.0 0.0 0.0 0.0 0.0 0.0 0.0 0.0 0.0 0.0 12.777975601983709 10.789114259497914 -0.7501903231501776 -2.7156549911888357 15.434743508606669 3.5414594027197923 -14.74861206147629 -24.827310709129833 6.999601553659423 29.43740983110127 8.302131232359582 -0.5388049182251438 15.40707769056045 -7.450613557502358 -1.7168895820754235 4.397992448278194 8.222602022843366 11.366444085554555 -3.628665292061676 -6.00213256733044 -27.234792998830557 -4.193749804906788 0.5949184412450277 -1.4890410953516473 -1.7722661654968523 -0.05317045691023892 1.2188626892492793 -1.9797385882662666 -10.302546040206444 -23.357634495084834 -0.8371825410589704 21.704886532432607 -27.22682598892724 7.354574316434341 -56.024600564240075 -35.39874318014438 0.0 0.0 0.0 0.0 0.0 0.0 0.0 0.0 0.0 0.0 0.0 0.0 0.0 0.0 0.0 0.0 0.0 0.0 0.0 0.0 0.0 0.0 0.0 0.0 0.0 0.0 0.0 0.0 0.0 0.0 0.0 0.0 0.0 0.0 0.0 0.0 0.0 0.0 0.0 0.0 0.0 0.0 0.0 0.0 0.0 0.0 0.0 0.0 0.0 0.0 0.0 0.0 0.0 0.0 
0.0 0.0 0.0 0.0 0.0 0.0 0.0 0.0 0.0 0.0 0.0 0.0 1.1490451581279935 -4.483581478324732 18.753283097838214 9.24530411836651 -8.93078856727381 -0.11703906788069274 6.1449897366040105 15.759050765430045 6.657632226974919 -10.299158684670621 -3.592286943395806 -4.484174051599151 7.42189702503717 4.898252214910214 3.324308952311347 7.248895186973569 6.58229666298844 -6.305363019433257 -26.192564166200967 1.5840480049560508 -1.79798814792484 -5.775101320243655 -6.6134165287104825 -1.4617683993336108 3.945493485378643 0.7513494258730695 -9.396483641445647 -24.73286461475036 0.0 18.431314956975683 -14.23248227616602 -0.03915289093049412 -2.5160922262905627 0.0 0.0 0.0 0.0 0.0 0.0 0.0 0.0 0.0 0.0 0.0 0.0 0.0 0.0 0.0 0.0 0.0 0.0 0.0 0.0 0.0 0.0 0.0 0.0 0.0 0.0 0.0 0.0 0.0 0.0 0.0 0.0 0.0 0.0 0.0 0.0 0.0 0.0 0.0 0.0 0.0 0.0 0.0 0.0 0.0 0.0 0.0 0.0 0.0 0.0 0.0 0.0 0.0 0.0 0.0 
0.0 0.0 0.0 0.0 0.0 0.0 0.0 0.0 0.0 0.0 0.0 0.0 0.0 0.0 0.0 0.0 -0.6885934314087185 0.0 8.448774145565837 13.00866388250267 5.702343179220711 -11.941534754896612 -0.6891574127876705 -9.237607087499683 37.61234697763026 1.9178536255773295 3.8068233832303147 10.010951709437732 2.6616330387223903 -10.401915784457326 -30.143060443696072 0.12355870796514345 -3.252936823775732 -8.166830628196784 -10.250456579862378 0.0 0.0 2.434487882315814 0.0 0.0 0.0 0.0 0.0 0.0 0.0 0.0 0.0 0.0 0.0 0.0 0.0 0.0 0.0 0.0 0.0 0.0 0.0 0.0 0.0 0.0 0.0 0.0 0.0 0.0 0.0 0.0 0.0 0.0 0.0 0.0 0.0 0.0 0.0 0.0 0.0 0.0 0.0 0.0 0.0 0.0 0.0 0.0 0.0 0.0 0.0 0.0 0.0 0.0 0.0 0.0 0.0 0.0 0.0 0.0 0.0 0.0 0.0 0.0 0.0 0.0 
0.0 0.0 0.0 0.0 0.0 0.0 0.0 0.0 0.0 0.0 0.0 0.0 0.0 0.0 0.0 0.0 0.0 0.0 0.0 0.0 0.0 0.0 0.0 0.0 0.0 0.0 0.0 2.3042888760862477 0.0 0.0 0.0 0.0 0.0 0.0 0.0 0.0 0.0 0.0 0.0 0.0 0.0 0.0 0.0 0.0 0.0 0.0 0.0 0.0 0.0 0.0 0.0 0.0 0.0 0.0 0.0 0.0 0.0 0.0 0.0 0.0 0.0 0.0 0.0 0.0 0.0 0.0 0.0 0.0 0.0 0.0 0.0 0.0 0.0 0.0 0.0 0.0 0.0 0.0 0.0 0.0 0.0 0.0 0.0 0.0 0.0 0.0 0.0 0.0 0.0 0.0 0.0 0.0 0.0 0.0 0.0 0.0 0.0 0.0 0.0 0.0 
