5.640194200593174e-9 6.539658689917861e-9 7.4455261128292665e-9 8.295920906199616e-9 9.00051059656841e-9 9.985230678612385e-9 1.2477917953343833e-8 1.7916212190042613e-8 2.782287249316169e-8 4.3957886725554935e-8 6.914236273659098e-8 1.0769002646664237e-7 1.637411389468668e-7 2.40282988259536e-7 3.376700931489854e-7 4.554089810686181e-7 5.998578284129846e-7 7.840205372514106e-7 1.0232641094782337e-6 1.3223401205514403e-6 1.6579620630822733e-6 1.9846334667263605e-6 2.2547917627975742e-6 2.42536952529137e-6 2.47497041930915e-6 2.4183121039198424e-6 2.3003582822981354e-6 2.164236566894288e-6 2.0340921163689006e-6 1.894406521373669e-6 1.7225219970884648e-6 1.5137491476389998e-6 1.2779677408093353e-6 1.036057643049867e-6 8.092437399807933e-7 6.127237169972523e-7 4.537072077915452e-7 3.330516712251593e-7 2.458302149315346e-7 1.846807441580591e-7 1.4270349400571307e-7 1.1402170000587929e-7 9.370823976219111e-8 7.834939011281866e-8 6.618720636365604e-8 5.562572357362291e-8 4.545301126364538e-8 3.5184833324746883e-8 2.581964171206874e-8 1.921754203013716e-8 1.6730492772166894e-8 1.883352209688648e-8 2.5018405519266245e-8 3.349194832910025e-8 4.147345211110925e-8 4.741702493840594e-8 5.202471675888309e-8 5.8271563128481786e-8 6.986947145662402e-8 8.861230185386719e-8 1.1479983625146342e-7 1.4830666248530263e-7 1.8890875017476765e-7 2.3571702028233936e-7 2.867521582164829e-7 3.4136368726600934e-7 4.0074440746877273e-7 4.674521901023807e-7 5.408276084151448e-7 6.144149052882659e-7 6.810006392795245e-7 7.347387987322233e-7 7.726714910997118e-7 7.945714214200691e-7 8.023938485146649e-7 7.953959981324825e-7 7.681710062636249e-7 7.107061339645713e-7 6.235310309364957e-7 5.252927491745805e-7 4.343263096480295e-7 3.6070367420946763e-7 2.978010904982632e-7 2.3705867178333096e-7 1.7883597361605128e-7 1.2700349040743716e-7 8.546778405393548e-8 5.429490428658174e-8 3.2181947910435404e-8 1.7766442421317868e-8 9.464521439143027e-9 5.252169535226755e-9 3.2181006123698873e-9 2.1691626826253517e-9 1.5143377661014454e-9 1.0102083535676228e-9 6.089305339687188e-10 3.243002072730984e-10 1.491434849539194e-10 5.772158557112243e-11 
5.161652601453241e-9 6.488095804329591e-9 8.066780754883764e-9 9.800349759159038e-9 1.1613913336505966e-8 1.4200910982999308e-8 1.9386486815159576e-8 2.9520791386197578e-8 4.7533879704110694e-8 7.757708696018437e-8 1.2664432247772418e-7 2.060698856167114e-7 3.2872753935835653e-7 5.067412512839866e-7 7.471006421926465e-7 1.0516724658961352e-6 1.4343190811431694e-6 1.9212054721724075e-6 2.5384736748191066e-6 3.277447003608093e-6 4.058305301857757e-6 4.768425851243734e-6 5.313103291614447e-6 5.625258626935981e-6 5.681688987150003e-6 5.512309303633991e-6 5.204146777392701e-6 4.846223864202474e-6 4.497880478784435e-6 4.1411620577771385e-6 3.7375667731103896e-6 3.2758058026931674e-6 2.768331866711604e-6 2.2468938871681284e-6 1.7493502762869953e-6 1.3109126815399883e-6 9.535654794134839e-7 6.843409026339927e-7 4.92923898395078e-7 3.597541427084881e-7 2.677244518913713e-7 2.040005391133145e-7 1.587497243478648e-7 1.2518695439440584e-7 9.955577905796776e-8 7.898900309457613e-8 6.151553450664644e-8 4.621985482863714e-8 3.395081375363586e-8 2.627665663597815e-8 2.3949852469340204e-8 2.6866441827698062e-8 3.413931034272599e-8 4.412993529989843e-8 5.462632494846018e-8 6.460657458628003e-8 7.52162972603078e-8 8.995995471159808e-8 1.1341358103350092e-7 1.483103585510196e-7 1.9557814656187338e-7 2.556937795001226e-7 3.2937606488542606e-7 4.173545838485805e-7 5.197845034029269e-7 6.386329094083043e-7 7.769938012764025e-7 9.369138295473289e-7 1.1116974416010446e-6 1.2862190510090643e-6 1.445346073916287e-6 1.5754885905569952e-6 1.6657988761728423e-6 1.7124288330101798e-6 1.7227331570561726e-6 1.6996127415791509e-6 1.6337692137330451e-6 1.5005484470062612e-6 1.2978262420838243e-6 1.068662289689243e-6 8.577879457580555e-7 6.920531339988502e-7 5.589205985705179e-7 4.3824268963650677e-7 3.2715129393002586e-7 2.3059123593837278e-7 1.5448318777885506e-7 9.826382451443869e-8 5.8857886969420453e-8 3.322191420003025e-8 1.8247929499817942e-8 1.0384994509882826e-8 6.4572716992782e-9 4.419757429397836e-9 3.1738220845882938e-9 2.2119734633840917e-9 1.402277073517053e-9 7.847842339727062e-10 3.782602232652983e-10 1.523017188287693e-10 
4.281861711025844e-9 6.0824358717022094e-9 8.474577936065873e-9 1.142499518284797e-8 1.5108484044992842e-8 2.0842100151507792e-8 3.152179620376019e-8 5.110063121404202e-8 8.502956581116023e-8 1.419609322155345e-7 2.3756392033080707e-7 4.0045296977300416e-7 6.691263201513202e-7 1.0881067223693513e-6 1.6986345037501972e-6 2.5314445309446124e-6 3.634990528553761e-6 5.0558387995803105e-6 6.791334254392424e-6 8.686861560510297e-6 1.0421020909290386e-5 1.173815753801915e-5 1.2539167351358831e-5 1.2853017905701851e-5 1.2733013030010817e-5 1.2213896675840657e-5 1.1424239491729345e-5 1.0523211997132367e-5 9.648586802704548e-6 8.802169492094032e-6 7.926340399690784e-6 6.983220160043445e-6 5.96257380341655e-6 4.885777423990074e-6 3.8140440706583236e-6 2.8374304300655305e-6 2.0273710388503114e-6 1.418391872564677e-6 9.937196690117562e-7 7.043181860908329e-7 5.070285572901193e-7 3.717593037919522e-7 2.771087390756231e-7 2.08523878101351e-7 1.574483203529201e-7 1.183250626870806e-7 8.775072660783924e-8 6.392945795929408e-8 4.6959502306454335e-8 3.734236354621919e-8 3.468472436338761e-8 3.810899266755517e-8 4.64420462667091e-8 5.846216521076696e-8 7.280832061713613e-8 8.936618381498881e-8 1.1024023597057555e-7 1.4021159926989e-7 1.8571797430055456e-7 2.5150410559393475e-7 3.396313601288685e-7 4.5108761614659375e-7 5.87273512021588e-7 7.519088320649454e-7 9.527791270043635e-7 1.2012207834870267e-6 1.505534883489218e-6 1.8635564977620341e-6 2.2530453093048656e-6 2.6505586568207898e-6 3.0404075834721995e-6 3.4020033042678516e-6 3.695358365474351e-6 3.87049087818028e-6 3.9188846110469934e-6 3.850985991335948e-6 3.6659281882786617e-6 3.3256894820323295e-6 2.8249348011111593e-6 2.2590014064067792e-6 1.7346840397709811e-6 1.3260936339590359e-6 1.0203212744936526e-6 7.74237262169476e-7 5.692436432057491e-7 4.0171494764140285e-7 2.7249519208055163e-7 1.7649180354756513e-7 1.079053211848739e-7 6.212988533413e-8 3.454952481324763e-8 1.9594160488244913e-8 1.1985008599376399e-8 8.106231651903179e-9 5.862839252455711e-9 4.1917827276395575e-9 2.745134303885318e-9 1.586283751007877e-9 7.876152167938703e-10 3.251191599172171e-10 
3.557627725181411e-9 5.956617907062603e-9 9.484556954543067e-9 1.4347659522380898e-8 2.126562204537543e-8 3.2654241548968945e-8 5.33652610837431e-8 9.041819127126208e-8 1.5416142250366437e-7 2.621863615995483e-7 4.4849030309533277e-7 7.824016463705988e-7 1.369811897730654e-6 2.351590656713243e-6 3.894302084194663e-6 6.1769823015346e-6 9.418074949198923e-6 1.3718016231807219e-5 1.886844716899928e-5 2.4019046046736138e-5 2.7909132990856547e-5 2.9909280483967643e-5 3.0162680925283637e-5 2.9370767594743303e-5 2.8122905562384962e-5 2.650210857839956e-5 2.456376881861307e-5 2.2453713489623923e-5 2.040070359097395e-5 1.8510877427510572e-5 1.6729004637770116e-5 1.4914754050995555e-5 1.2929342744731084e-5 1.0703804940136347e-5 8.361347595034856e-6 6.160969549499369e-6 4.317109097234879e-6 2.9404719427609364e-6 1.9992584128362125e-6 1.3739013096388361e-6 9.579305040763673e-7 6.791867162334102e-7 4.884820361781177e-7 3.5360297064060585e-7 2.555923097577326e-7 1.8329259433434104e-7 1.3018378344834764e-7 9.224309777216464e-8 6.743092857105905e-8 5.397467060160427e-8 4.970689800780991e-8 5.287230107664307e-8 6.224930977399304e-8 7.734755032443888e-8 9.790742453527835e-8 1.2531796156685743e-7 1.6379783927536183e-7 2.2132410957943065e-7 3.086305887778986e-7 4.3425794827011996e-7 6.010429317465634e-7 8.085113338850553e-7 1.056421831911103e-6 1.3536724166602604e-6 1.728041069240507e-6 2.2151870775133727e-6 2.8360447629076144e-6 3.5785959564472826e-6 4.397431121059245e-6 5.296436111007011e-6 6.315569206510532e-6 7.44656373959979e-6 8.533119422754522e-6 9.270963205419847e-6 9.503376521344971e-6 9.26081766728942e-6 8.64476391621303e-6 7.688653724704213e-6 6.400347929580899e-6 4.968855898662874e-6 3.6301525263916447e-6 2.5794421873536414e-6 1.8367980919198355e-6 1.3158181957370006e-6 9.428546109786487e-7 6.70373462497014e-7 4.6737125475294985e-7 3.1244631442021574e-7 1.9632138431504347e-7 1.1511901063360346e-7 6.426396139055555e-8 3.595370371363683e-8 2.1347276474564113e-8 1.3974808507688849e-8 9.921691305529028e-9 7.0936335766514396e-9 4.692604723847905e-9 2.7491445527152428e-9 1.3849799090687157e-9 5.796464185004604e-10 
3.4290113324336562e-9 6.731216002373254e-9 1.2072538162379078e-8 2.0195381904225458e-8 3.2829672138834826e-8 5.430542674915866e-8 9.313958455518589e-8 1.62392959829608e-7 2.823999788169462e-7 4.896827747084697e-7 8.589295674396607e-7 1.5543676432610203e-6 2.8484202977661637e-6 5.142572053642853e-6 8.996707674898336e-6 1.5162573437755073e-5 2.4545022492780885e-5 3.745265900694745e-5 5.289940826134624e-5 6.751986479769837e-5 7.684693658176622e-5 7.914607337086856e-5 7.561209034660613e-5 6.949397902055418e-5 6.345243513236168e-5 5.792793725694257e-5 5.272465772312243e-5 4.77717328513965e-5 4.329090999455067e-5 3.942117045886824e-5 3.593154414875307e-5 3.2356712225130584e-5 2.8260502124416655e-5 2.3440562392499313e-5 1.8238447033595407e-5 1.33111441254497e-5 9.177552640647014e-6 6.1008374956212684e-6 4.017187873470973e-6 2.6629280607950773e-6 1.7901839108587e-6 1.2263071919455145e-6 8.531111765064947e-7 5.967436681492998e-7 4.1576025827217953e-7 2.869893758684385e-7 1.969320244012317e-7 1.3640087704780906e-7 9.88248097185208e-8 7.854591721638581e-8 7.094559027406854e-8 7.331750502021592e-8 8.460440066835803e-8 1.051807549500133e-7 1.3601011776557383e-7 1.8099436170736216e-7 2.488860366570814e-7 3.550700368171244e-7 5.197241409108845e-7 7.576664466461899e-7 1.0694512015842757e-6 1.446869820398001e-6 1.8815031031690748e-6 2.3902969682898236e-6 3.042333461089524e-6 3.923568130910915e-6 5.0836138160650505e-6 6.505622181768376e-6 8.156826650610368e-6 1.0239226482924869e-5 1.3059199078978644e-5 1.6684414232076576e-5 2.05228817917268e-5 2.3251022091855365e-5 2.4060507608266672e-5 2.3073149497493477e-5 2.0921334294475048e-5 1.8151685344308305e-5 1.4856921360357622e-5 1.1311800992891805e-5 7.957863133121772e-6 5.264807823714342e-6 3.4099854996498348e-6 2.2406901593155824e-6 1.5294519592898452e-6 1.0887451151910169e-6 7.823066787509388e-7 5.412644993533077e-7 3.495353567305704e-7 2.084732456329851e-7 1.1698007413990444e-7 6.501322018513948e-8 3.770993936875222e-8 2.3709298522279972e-8 1.6099656008670303e-8 1.1123611199959489e-8 7.201557107427427e-9 4.171904072092482e-9 2.091474213923697e-9 8.760879224804107e-10 
4.1322390826901e-9 8.867033768534385e-9 1.7127001584050958e-8 3.0695342783542733e-8 5.322644381504077e-8 9.264172360736401e-8 1.644592426263872e-7 2.9392517411508415e-7 5.230518794051467e-7 9.321020570316056e-7 1.6919079290512482e-6 3.1840476968792906e-6 6.059250337652137e-6 1.1343884375484792e-5 2.064738488925404e-5 3.6492826757854075e-5 6.204011634151095e-5 9.842617788016738e-5 0.00014258049401049173 0.00018396952661601618 0.00020883375574143483 0.0002117281189859577 0.0001962325345929654 0.00017252680366877364 0.000149814056710116 0.0001308308661944501 0.00011554160225571344 0.00010349903766260224 9.445185297693237e-5 8.75823023807873e-5 8.109377458207283e-5 7.333530978604655e-5 6.344708870348674e-5 5.173298492308609e-5 3.959834384520022e-5 2.8533657458147117e-5 1.945745754495627e-5 1.2726087921815255e-5 8.139956665293985e-6 5.181582087064148e-6 3.3267209494963722e-6 2.1816094203825166e-6 1.4610899812639192e-6 9.882492378158671e-7 6.679018616090471e-7 4.4836121226531997e-7 3.0030487747142563e-7 2.0412535826239404e-7 1.457533098173383e-7 1.139916119246093e-7 1.0103515171379011e-7 1.0300728924321674e-7 1.1899043241959946e-7 1.5010566799987233e-7 1.9868621735076127e-7 2.7271469972669626e-7 3.8929823160860324e-7 5.779345827479845e-7 8.764763871083582e-7 1.3096364350023468e-6 1.8704216278250655e-6 2.5324050397326817e-6 3.266990643422429e-6 4.098045624925814e-6 5.158826079073749e-6 6.620553554473098e-6 8.599881685220635e-6 1.1139216122027097e-5 1.4411767525008584e-5 1.9321818115501732e-5 2.6986664836069338e-5 3.766538495576732e-5 4.9406688851041876e-5 5.773650617181618e-5 5.98229906910148e-5 5.6216730784043276e-5 4.949627051850361e-5 4.215278418044062e-5 3.442767287065281e-5 2.6289268647876912e-5 1.8330159155904678e-5 1.1625551294361942e-5 6.954997237691797e-6 4.143709620048663e-6 2.60738657390629e-6 1.7974204576117254e-6 1.2982060619884768e-6 9.137011256451802e-7 6.000249352030115e-7 3.6281927504965877e-7 2.0596115939511559e-7 1.1555952445476678e-7 6.681591255076386e-8 4.079393889299506e-8 2.6243182411368086e-8 1.707100325195302e-8 1.049324264279878e-8 5.8561908138731135e-9 2.861731822332031e-9 1.1854521727133462e-9 
5.951671149649108e-9 1.2956974199793555e-8 2.5837076319712288e-8 4.8235793416053994e-8 8.735537514160502e-8 1.5786418139446423e-7 2.887388651671187e-7 5.303614438335414e-7 9.726387733838107e-7 1.796616976818569e-6 3.3944490557221217e-6 6.620666381661782e-6 1.2914905508316013e-5 2.4624036187799895e-5 4.56834827409659e-5 8.279852577903369e-5 0.00014454387558396133 0.00023433627195334675 0.00034507282184165975 0.0004511526135692215 0.0005182916299177203 0.000530502664526775 0.0004934773620158904 0.00042999162272247266 0.00036416682315415104 0.000307195649026055 0.00026307004451666776 0.00023287403412528392 0.00021557820608842756 0.00020545406719890653 0.0001935062711714797 0.00017416081269979708 0.0001466442098358061 0.00011516872977986302 8.531699999307475e-5 6.018113040350939e-5 4.062264348712182e-5 2.6344963847522012e-5 1.6507835565104892e-5 1.0128188162285492e-5 6.187448667312279e-6 3.850821312708951e-6 2.464761428466178e-6 1.6086998879330676e-6 1.0588667872014882e-6 6.969547766101833e-7 4.5937691801126566e-7 3.070956982838337e-7 2.1486287284419914e-7 1.6412615583491712e-7 1.428848147188285e-7 1.4560581456730884e-7 1.7132883420327572e-7 2.2195825405535318e-7 3.0190892319744533e-7 4.2547302180169705e-7 6.225433718706676e-7 9.442097595939623e-7 1.455790360797809e-6 2.199369422451323e-6 3.1602704249173794e-6 4.285557831216607e-6 5.510296687350404e-6 6.8509098568537864e-6 8.517913882687457e-6 1.0811942442348466e-5 1.3995250919138807e-5 1.8335552686077005e-5 2.4623666927452942e-5 3.534898973148415e-5 5.3333222337958394e-5 7.915802025342779e-5 0.00010784762562048982 0.0001279872102398191 0.00013232121585326226 0.0001226810108618021 0.00010648290245697208 9.092857994509217e-5 7.594569212606466e-5 5.9672412152549523e-5 4.244758130652651e-5 2.6785258521218117e-5 1.544106746549638e-5 8.580107352400779e-6 4.934806685881477e-6 3.158918169679853e-6 2.1906559934173284e-6 1.5184491906605325e-6 9.957863637244948e-7 6.066346374207988e-7 3.49714091384338e-7 2.0005553879885622e-7 1.1678996813451774e-7 7.013184135482451e-8 4.303005563082114e-8 2.626916287077953e-8 1.5175651572887926e-8 8.067593346615352e-9 3.808994372100547e-9 1.5585918136073747e-9 
9.344215547721689e-9 1.9924341958254408e-8 4.011252470418245e-8 7.67838981100752e-8 1.4343233244682316e-7 2.6703200941034756e-7 5.017728048431631e-7 9.478043756751796e-7 1.7941084342717872e-6 3.4354271137179017e-6 6.733751471776236e-6 1.3510421228808964e-5 2.676262932838209e-5 5.142846092058392e-5 9.603348958579392e-5 0.00017553105679086076 0.0003089079495595474 0.0005044161398807834 0.000749007712255738 0.0009923029776026156 0.001163409623807627 0.0012210355301010846 0.001165780006416763 0.0010349076279466494 0.0008792247745786519 0.0007329476136448399 0.0006168746062719934 0.0005416748552433553 0.0005068445216817357 0.0004919936207382592 0.000466718420471657 0.0004152031030370413 0.00033887082365600734 0.00025514489071436425 0.00018164564373117088 0.00012452424347761517 8.288179902238216e-5 5.340732614594975e-5 3.3026453127555286e-5 1.970718602942058e-5 1.152478261306473e-5 6.806027830727373e-6 4.1497526647824466e-6 2.6078199015489882e-6 1.6724643337936516e-6 1.0821127986531666e-6 7.036028014908744e-7 4.6235273761657835e-7 3.1563915091998173e-7 2.3428363885126165e-7 2.0014769165839222e-7 2.0510301006996372e-7 2.4802572239644596e-7 3.324789226569707e-7 4.671413922220281e-7 6.760245824797273e-7 1.0062534569653128e-6 1.5371976068562545e-6 2.372564236160673e-6 3.5903931402021254e-6 5.186710518762181e-6 7.084998606007481e-6 9.161228253899503e-6 1.137787315178675e-5 1.4014056522862866e-5 1.75646147138504e-5 2.257766691950559e-5 2.982072660283314e-5 4.1249477508444194e-5 6.196166600847143e-5 9.75042475969942e-5 0.00014892574898534727 0.00020626184093688166 0.0002464869151802144 0.0002548379171042516 0.00023570010370864045 0.0002053741153095613 0.00017948291718381413 0.00015590590354949476 0.00012753635949375506 9.360084713653861e-5 5.992035947551926e-5 3.438075555664284e-5 1.8544148483056028e-5 1.0017691613883931e-5 5.901616244878369e-6 3.808208487997825e-6 2.52678615878531e-6 1.6263509900776734e-6 9.907595072274384e-7 5.790543312910054e-7 3.373261242575579e-7 1.9867444628329202e-7 1.177731619018e-7 6.95593327463815e-8 4.0291583918401294e-8 2.2079410020512706e-8 1.1262418670643075e-8 5.179341555026349e-9 2.11813227181941e-9 
1.5024970609955775e-8 3.1214882531906873e-8 6.315134252467369e-8 1.2340016425413063e-7 2.3649906894344212e-7 4.515468871318958e-7 8.686918727453924e-7 1.6809303268552718e-6 3.266449804116827e-6 6.436103056698084e-6 1.2979501108612605e-5 2.6609877372622067e-5 5.334242320832189e-5 0.00010307363471858735 0.0001928896982102288 0.0003522695425591787 0.0006173850012741948 0.0010055545300209823 0.001498317337689921 0.002014310300393339 0.0024277817904190093 0.002641488873780804 0.002623671859359075 0.002410566096554552 0.002091652640680389 0.0017558679174279692 0.0014739860708081645 0.0012887584088025227 0.0012060825536555182 0.0011713928623234044 0.0011043433979122867 0.0009669211541541106 0.0007680249131354779 0.000557997137968273 0.00038276806926765386 0.0002543488261134108 0.00016607139418571364 0.00010605851698326853 6.49515367872304e-5 3.802389348813661e-5 2.1517450793011197e-5 1.2154638262147215e-5 7.082656870180891e-6 4.285138851082121e-6 2.6712518917942546e-6 1.692338230162981e-6 1.0804179565600084e-6 6.948866206455403e-7 4.6143091054419123e-7 3.319912123884034e-7 2.777866590371993e-7 2.8621708011522017e-7 3.56238922031269e-7 4.959018897063242e-7 7.234459913488944e-7 1.0787107355243263e-6 1.6308399868412224e-6 2.4931936753816486e-6 3.823158890471004e-6 5.7809783066855335e-6 8.43408495281231e-6 1.1708376261607161e-5 1.5379067235524355e-5 1.923646463028736e-5 2.3585036823639683e-5 2.9237699227957837e-5 3.726618681463691e-5 4.926379401306242e-5 6.867700210906152e-5 0.00010360814683464732 0.00016283049427101722 0.0002480932624706281 0.00034369999751401024 0.00041220351626017397 0.00042877706111391165 0.00040119045955214064 0.0003578663282506865 0.0003257618746998454 0.00029692510837286094 0.00025331024818125005 0.00019189126140794384 0.00012538209401211873 7.270183547021565e-5 3.9067761781777846e-5 2.0484708711626127e-5 1.1343168649992153e-5 6.80608616635796e-6 4.2745916369947126e-6 2.672673024122397e-6 1.616736667926197e-6 9.510070318533383e-7 5.579999673813155e-7 3.2779336027999903e-7 1.9074637905751518e-7 1.0885156670370787e-7 6.053331232774243e-8 3.1999957706108395e-8 1.5944862371819827e-8 7.28266608240567e-9 3.027515707265557e-9 
2.377222901248359e-8 4.859336087333871e-8 9.949173936489051e-8 1.9936221219886164e-7 3.9265831042827016e-7 7.68869816389947e-7 1.5099567162453107e-6 2.9691025215657064e-6 5.8522649214654395e-6 1.1707738721003627e-5 2.402765370119895e-5 5.009799203393168e-5 0.00010177476387895308 0.0001984516579756737 0.00037286170162023337 0.0006783966102665165 0.0011775280732789475 0.0019058390225441186 0.002850224498908777 0.003907817777762255 0.004880296753519223 0.00554765548264561 0.0057682020913943 0.0055140942081302975 0.004919270581045309 0.004196601314409259 0.003543583031103165 0.003086316795911144 0.0028511547820088126 0.0027174487059322956 0.0025111827104386626 0.0021552416971479713 0.0016759319587139859 0.0011885778935676041 0.0007937558457971073 0.000513616040976975 0.00032827679802044894 0.00020684507080899708 0.00012534930235636802 7.236187890112344e-5 4.004996148010434e-5 2.191874288064437e-5 1.2327352128035556e-5 7.21105885968311e-6 4.36061864066352e-6 2.685737494954936e-6 1.667110951629407e-6 1.0404772811003324e-6 6.688148827887203e-7 4.656360374535739e-7 3.8120237290008005e-7 3.9416172071018744e-7 5.038512924150882e-7 7.286428711724227e-7 1.1071577731694978e-6 1.7074861438513077e-6 2.6304208293493222e-6 4.035575151859582e-6 6.169106380229595e-6 9.375835191930752e-6 1.3923595382291788e-5 1.9791584754212605e-5 2.6558356445817827e-5 3.3588798543812995e-5 4.113766918124848e-5 5.0623160070316586e-5 6.405927249478924e-5 8.41183043705726e-5 0.00011512465633641003 0.00016658995227681957 0.00024944182818769414 0.00036666441046469863 0.0004999431288724042 0.0006011828431196264 0.0006353845732629158 0.0006117734158726512 0.0005688583912816042 0.0005437947755226006 0.0005182509132144515 0.00045750064293976177 0.0003556726054585644 0.0002371956143822084 0.0001398311912751936 7.591671761735138e-5 3.962456241475599e-5 2.129890426123939e-5 1.2189023589844318e-5 7.332971597134952e-6 4.4653427676022515e-6 2.6729705047389353e-6 1.5664088499626076e-6 9.114042047210053e-7 5.260514730819052e-7 2.9781459028948073e-7 1.641173706004052e-7 8.81685400834761e-8 4.546686329206992e-8 2.2382230044421378e-8 1.0269154830893413e-8 4.3612041571014315e-9 
3.6177972466542835e-8 7.379952121880713e-8 1.5422898224874296e-7 3.1850272206475495e-7 6.469493730023738e-7 1.3027107409752346e-6 2.6117464706511546e-6 5.190016368229862e-6 1.0276740744090066e-5 2.0656645251367894e-5 4.28341240626001e-5 9.077327297555132e-5 0.00018755858273102754 0.00037040862096620453 0.0006996996661397337 0.0012673762803795193 0.0021815055986855823 0.003526628525610797 0.0053397629662455814 0.007541769600516753 0.009832223346257753 0.011709206854182766 0.012722397256435118 0.012604058907541817 0.011522622906439978 0.009977670882449403 0.008469986023440028 0.007319347145629871 0.006599270711882346 0.006080638361452204 0.005447331540464134 0.004565212266433724 0.003490468022245523 0.002441840264315006 0.0016073132352020648 0.0010225112189347378 0.0006415233738543451 0.00039741577437331843 0.00023742021908813496 0.0001352236743795442 7.368397758263632e-5 3.952358756759797e-5 2.1684615872795427e-5 1.2339953987411745e-5 7.246347165207783e-6 4.32445090281577e-6 2.5929052347373036e-6 1.5573596077476813e-6 9.611591946621254e-7 6.435346626619245e-7 5.135959845415985e-7 5.318361841857809e-7 6.968678163233982e-7 1.0464483174871652e-6 1.6584108928998251e-6 2.6536203732005503e-6 4.189110434639376e-6 6.504934266267565e-6 1.0007127106706236e-5 1.5384893009025295e-5 2.328637768026066e-5 3.380305118187834e-5 4.6166555197617547e-5 5.8971844897277766e-5 7.244083616449339e-5 8.931056637640976e-5 0.0001134495273507517 0.00014900510321616572 0.00019928758463714455 0.0002706227450068565 0.00037235082874842993 0.0005087432915967967 0.0006658760270072352 0.0007967235883003032 0.00085988738773701 0.0008609630768912514 0.0008396064291140911 0.0008368769994137915 0.0008222346054782867 0.000742416808319739 0.0005888702843590611 0.00040079788566174267 0.00024101177671124877 0.00013319287314840907 7.031528077689332e-5 3.772133822986807e-5 2.1255305198548324e-5 1.2536573186723803e-5 7.517753060697887e-6 4.456629937397895e-6 2.5845063344058574e-6 1.4769212901706165e-6 8.311514859406869e-7 4.56397357506143e-7 2.433079031431338e-7 1.2669357344065666e-7 6.394199506120882e-8 3.10998228572049e-8 1.4302341491315129e-8 6.166912160914975e-9 
5.2347494430417586e-8 1.078845245045112e-7 2.3081604540788003e-7 4.906781521137583e-7 1.0273329963000868e-6 2.1290946346964084e-6 4.367612545604165e-6 8.786981370236696e-6 1.7493481872806228e-5 3.533693772120036e-5 7.406335114324886e-5 0.00015969611615673733 0.00033564774749835044 0.0006705011710836655 0.0012713110392451544 0.0022944442110062286 0.00393952651950121 0.006415634069671371 0.00991467956014886 0.014477280218660023 0.019646746486404985 0.024333842116072632 0.02737752322364588 0.02788592257606378 0.025987259598622903 0.022770324833870356 0.019388102921165086 0.016578948071746577 0.01453552269128077 0.012893301174737798 0.011161680286516677 0.009130335726187249 0.006888870834300103 0.00478914979700457 0.003138028463646211 0.0019821435510718835 0.0012283588817942478 0.0007483547726189311 0.00043960927593604527 0.00024672471043757816 0.00013268039771963634 7.019316757461575e-5 3.779997392178701e-5 2.0998342709172813e-5 1.1993583836793168e-5 6.942814617024822e-6 4.024647743313481e-6 2.323276243777743e-6 1.369833928515472e-6 8.755177392134119e-7 6.763435124446074e-7 6.985592290384695e-7 9.361048368443468e-7 1.456456675642558e-6 2.402442857739254e-6 3.987774011682356e-6 6.4756853308293575e-6 1.025731256930957e-5 1.6005869434072148e-5 2.4920897650532205e-5 3.818730780475427e-5 5.605693829216732e-5 7.729964736832655e-5 9.95163379923227e-5 0.0001231844838051003 0.0001537451301264715 0.00019878768789486875 0.00026527071676711616 0.0003531334536244473 0.00045794850870970187 0.0005799233129443785 0.0007219306783836079 0.0008820253876232484 0.001031347137974782 0.0011309605937709446 0.0011777925979095734 0.0011999078855845387 0.0012314578070247097 0.0012299614869790516 0.001125536686262057 0.0009074367466444277 0.0006303164730267034 0.0003866898135651627 0.0002175765153521334 0.0001165579674957599 6.312600153347728e-5 3.565239095566445e-5 2.0938498990812335e-5 1.2474388463014288e-5 7.342485041340829e-6 4.212760451676483e-6 2.364688961707545e-6 1.3001606336770672e-6 6.955148575101867e-7 3.6082799274442216e-7 1.829102354877407e-7 9.040858576814684e-8 4.3301869018379325e-8 1.9829258171211227e-8 8.625656038549879e-9 
7.171393177366003e-8 1.5072237990546392e-7 3.2969085885003973e-7 7.182861831230884e-7 1.5471700312743913e-6 3.3028007013571056e-6 6.9646350867642946e-6 1.429143845431402e-5 2.885527348084089e-5 5.9040940532172615e-5 0.000125640496909435 0.00027548770603499 0.0005863892823686255 0.001179012899004681 0.0022376498337446887 0.0040326857212562486 0.006950817209842195 0.011468811913993543 0.018117362553241406 0.027213108589495147 0.03806955014667836 0.04853434058546345 0.05605564814306829 0.05839949268059315 0.055392804746576124 0.049139377264362856 0.04202235936500142 0.03561488042526133 0.03042887132309955 0.02603315221548846 0.021797761073440867 0.01742131414309378 0.013003379922821133 0.009023575321638541 0.005922793330825684 0.0037415696204209726 0.002304490890506331 0.0013847075701007958 0.0007999178023255473 0.00044214746448434416 0.00023476694588840533 0.00012274942728570892 6.497512329794504e-5 3.520983610356509e-5 1.9529798627601238e-5 1.096403129124758e-5 6.16139820030671e-6 3.430128531322806e-6 1.9325518802696714e-6 1.1734921214780995e-6 8.699350542174378e-7 8.900701055489124e-7 1.2149422888720404e-6 1.949795220568102e-6 3.3310506696236575e-6 5.722479678883791e-6 9.581635900297095e-6 1.5579819187679548e-5 2.48101779856556e-5 3.909985952966504e-5 6.0218026856353626e-5 8.859914031981768e-5 0.0001225936723822295 0.00015896332699554084 0.00019913131741985704 0.000253422429910831 0.00033641818642074305 0.00046125655757776955 0.0006231990857005132 0.0007970234944683148 0.0009612962249635753 0.0011096242098499885 0.0012568779098422634 0.0014124121558911715 0.0015545434371763628 0.0016691066856891902 0.0017580577847383407 0.0018319194160916663 0.0018348928305930443 0.0016853130745792388 0.0013729340351997482 0.0009697157979903844 0.000604302260867789 0.0003442085248132103 0.00018608014290614897 0.00010161227027548876 5.7732691465906663e-5 3.392091747294273e-5 2.0142001680060826e-5 1.1791881761483783e-5 6.7095081661146206e-6 3.7152406485348806e-6 2.0076474764686315e-6 1.0536844041376942e-6 5.359729627809373e-7 2.6610203848721755e-7 1.2904097909351958e-7 6.081159648344677e-8 2.7619355309196518e-8 1.2109890342464229e-8 
9.279563138821637e-8 2.001157251494789e-7 4.4596946670175376e-7 9.911816271368334e-7 2.1952614264724098e-6 4.840481775831791e-6 1.05697119283857e-5 2.2375961080091394e-5 4.642725334917646e-5 9.7328551015855e-5 0.000211333790562728 0.0004693580241343548 0.0010033904737019588 0.002016057998219642 0.0038182562140039846 0.006888458000330883 0.011969677186252947 0.02002305118453472 0.03216983685869371 0.049208834500520514 0.0701864443519286 0.09132890763024265 0.10774782943676806 0.11470181840688484 0.1110133660691566 0.10013456362864226 0.08642615800463069 0.07296921619804429 0.06109201786927976 0.05066227123622781 0.04114444705578138 0.032171697036371134 0.023785822189977587 0.0165106066635642 0.010888754603555078 0.0069059939514144845 0.0042455221882909955 0.0025256167925096933 0.001438576365365399 0.0007843475013635134 0.0004115782177688098 0.0002127782565772435 0.00011061400979747626 5.826173751567497e-5 3.1197190136620254e-5 1.6891832211324906e-5 9.192537090220168e-6 4.9537479086296125e-6 2.6798717548260877e-6 1.548258841526289e-6 1.0947711901014366e-6 1.0989173987026826e-6 1.5155748962661885e-6 2.4876156536796343e-6 4.366441063499205e-6 7.735808543426149e-6 1.3385871845151091e-5 2.2485901313303413e-5 3.677742362221641e-5 5.875029765358439e-5 9.062880195316986e-5 0.00013303691367329152 0.00018426501848241847 0.0002410445433556141 0.00030677952064689845 0.0003993169052805177 0.0005449259700936631 0.000769356018650527 0.0010653091752675658 0.0013759726574490588 0.0016409027861582924 0.0018305533713895282 0.0019774505150230754 0.0021505165706901357 0.0023638789419608724 0.002590708343238684 0.002787925665444645 0.002914358184837603 0.002890513546067439 0.0026313951278647304 0.0021401999722366004 0.0015207761262192151 0.0009534648027875178 0.0005444329574711001 0.00029390308213399853 0.00016019405997463694 9.087568841693584e-5 5.317439748122829e-5 3.1395671134335437e-5 1.826924243771029e-5 1.0323781534665313e-5 5.658280517554488e-6 3.0184979600267643e-6 1.5621711055976465e-6 7.836319066052596e-7 3.835135089442629e-7 1.832570635042991e-7 8.536535274280941e-8 3.8580541733882715e-8 1.7175278541046983e-8 
1.142896537997572e-7 2.5367548529024596e-7 5.753170604217311e-7 1.3053332468557192e-6 2.9869869709743012e-6 6.843870596183524e-6 1.5597993627433557e-5 3.4399467532086797e-5 7.404834698475781e-5 0.00016006032234051442 0.00035462876695089337 0.0007920597207073834 0.0016844247896996534 0.0033554798129153667 0.006312656655236741 0.011385785736780082 0.019905753306570895 0.03357232611924669 0.05436794683392486 0.0838139612372187 0.12081296893085951 0.15961140125715956 0.19202641442349977 0.20928832747339832 0.2077567751710079 0.19188525391704098 0.16850349146999014 0.14299457183482187 0.11845951936457365 0.09606292077945122 0.07608158764594079 0.05831159916828545 0.04268777339386791 0.02960236958383771 0.0195801652859479 0.012445020315669872 0.007632177119634468 0.004504710182838798 0.0025407429402666826 0.0013731105113669033 0.0007152758298073037 0.0003667341289519319 0.00018745347452066427 9.575164906250306e-5 4.9137802210433146e-5 2.538507887500724e-5 1.3270216303411814e-5 6.9165279404620996e-6 3.612230882719893e-6 2.000173759270576e-6 1.3503419093111528e-6 1.317867654870367e-6 1.8146254216877242e-6 3.012140338495638e-6 5.3872490248886695e-6 9.820808286366623e-6 1.7623260273180592e-5 3.078165304236726e-5 5.203538331341534e-5 8.456598166788965e-5 0.00013085836267896734 0.00019187796156545922 0.00026675862758427987 0.0003538708332406302 0.00045973279018466376 0.0006117401844137083 0.0008524925032994879 0.0012283998703885822 0.0017350123550487328 0.002274031587232528 0.002728249155031377 0.0030322204538370074 0.0032416609451280313 0.003509112341194755 0.0038947528048304298 0.004342562624325119 0.0047268093661117574 0.00490881023849324 0.004769595072606522 0.004247880220069982 0.0033999262004184225 0.002400366200321004 0.0015027393116828144 0.0008567488678831266 0.0004601883927781197 0.0002483873392542551 0.00013912251368301508 8.026374440660384e-5 4.677410632668706e-5 2.692298762303646e-5 1.5067993461051781e-5 8.165421938494986e-6 4.301054484321119e-6 2.1984730682552126e-6 1.0917593460929652e-6 5.303368245173114e-7 2.5163860828313895e-7 1.170661310966765e-7 5.322693214211564e-8 2.434771553765988e-8 
1.3810328205941652e-7 3.167119535425741e-7 7.348619834113249e-7 1.7172256402026318e-6 4.102257799940735e-6 9.832654566317629e-6 2.3443095157457417e-5 5.3734138364097304e-5 0.00011924199891962466 0.0002634102597411989 0.0005903522210078907 0.0013179002304963428 0.002775983242482089 0.005458141330590182 0.010139684259323961 0.018139520647221005 0.031619840655817896 0.053329168544888506 0.08649602848796416 0.1337841013578494 0.1942945056444323 0.26017847521294807 0.3191051895106223 0.3565603521154682 0.364205882316918 0.3459978508103677 0.31091556983014357 0.26724627642323084 0.2213058622501023 0.1774699457836108 0.13828324733538308 0.10433251287788858 0.07556645445211968 0.05209649267814658 0.03428545097344968 0.021636633707293518 0.013136486767972869 0.007673606030023462 0.004297130823936405 0.0023148741025618112 0.0012049940304510462 0.0006160987448446014 0.00031102705867469224 0.00015456264367589507 7.596302728040527e-5 3.7215407438212836e-5 1.8550305549565613e-5 9.328360882998702e-6 4.722004847406415e-6 2.5277167274422733e-6 1.6385685077758662e-6 1.5459253761102384e-6 2.1030222418557097e-6 3.5024957526588254e-6 6.365332966295768e-6 1.1955110548930195e-5 2.229941657426236e-5 4.053791983836483e-5 7.079279005951086e-5 0.00011707830183060611 0.00018233952944204072 0.0002688154274593004 0.00037861945773354287 0.0005145993517170048 0.000687445808877995 0.0009348034281375928 0.0013184189536319898 0.001911449283950635 0.002715988896395302 0.003581973228284802 0.004323095857473744 0.004836007028285707 0.005217924239634837 0.00572531517730931 0.006447382137962265 0.0072557598736730095 0.007889329785334867 0.008074290990246025 0.007658890317523141 0.006655448607734705 0.005226904874927784 0.003660635194788734 0.0022936575686981707 0.0013125046427723188 0.0007048175090518926 0.0003757533367635804 0.00020571502671151677 0.0001156389403869011 6.582988836571245e-5 3.72093373424464e-5 2.054026490678296e-5 1.0989024574728905e-5 5.718619075507855e-6 2.8936239302174773e-6 1.4288210793741238e-6 6.939889488864714e-7 3.2980849561703217e-7 1.5513898761149268e-7 7.175516344811183e-8 3.3872230119071274e-8 
1.6953545843950105e-7 4.0301168698341196e-7 9.637153901817617e-7 2.3412203545683473e-6 5.873950382135549e-6 1.4729122827143907e-5 3.648339715759336e-5 8.572605251501049e-5 0.00019255405870011736 0.00042649076071173315 0.000953288993412894 0.002117201539804149 0.004423311309225999 0.008599937290069332 0.015753726237648397 0.0277759680331272 0.047892323328029826 0.08037040554270537 0.13043948199996575 0.2028526336181834 0.29752358108189914 0.4042127585175486 0.5051993414214313 0.5779565172519459 0.6064784038919927 0.5915723575594063 0.5431697440285208 0.47299876680523567 0.39292203804620285 0.3137451046388012 0.24240116563221442 0.18108204099261044 0.12992055004967829 0.08869843520923229 0.05762303648992888 0.03574771594126799 0.02128909496837357 0.012244231842411253 0.006802691014236063 0.0036604288266849586 0.0019103449673029472 0.0009772266729833033 0.0004893927756394608 0.00023817835009951006 0.00011292824783891551 5.2716984778997e-5 2.508696621089156e-5 1.2191396398680498e-5 6.010729357571662e-6 3.1374186390607464e-6 1.9672016242194395e-6 1.7901544873864742e-6 2.3912738573730695e-6 3.984855390167902e-6 7.37038913373609e-6 1.427022805575792e-5 2.757133693527426e-5 5.180366678067297e-5 9.279904004738792e-5 0.00015585319284492323 0.0002455558140256956 0.0003677547237652431 0.0005312597831720674 0.0007469083682831451 0.0010299186155232783 0.0014275994052702547 0.0020216092642581446 0.002914542344155258 0.004114428308351174 0.0054103286639859 0.006543528005227523 0.007381541990124055 0.008084570473667405 0.009012291780355296 0.010230934353265008 0.01148106796573103 0.012327807229945836 0.0123762657467326 0.011493203739414853 0.009809813768573079 0.007620502130761328 0.00533362406949618 0.0033667728663165897 0.001944021449009421 0.001046617291513658 0.0005500173741970328 0.00029248467713863214 0.0001588942819214207 8.765998394122947e-5 4.837779239888772e-5 2.6278721675837963e-5 1.3893044163458529e-5 7.166082403979645e-6 3.6053041536464002e-6 1.778516870228039e-6 8.685101560430893e-7 4.1559169459216013e-7 1.9924571094683674e-7 9.412428781332642e-8 4.557299809630726e-8 
2.163866940394189e-7 5.325504306050309e-7 1.3162819617351762e-6 3.3294710384971645e-6 8.729829395069633e-6 2.272198445864104e-5 5.7817139471307596e-5 0.0001372166250723717 0.0003064807093676446 0.0006681930179213112 0.0014683777323815919 0.00323080135256258 0.006719567989283017 0.012993133159728321 0.023556000272288005 0.0408801098029645 0.06947709113237886 0.11591278257705062 0.18890299796882493 0.2973316690984854 0.4430678467983214 0.6123883435654109 0.7795509371550557 0.9101561573949448 0.9764455223049813 0.9723024855364649 0.9067998905137119 0.7962147470714236 0.6622104469882258 0.5273696794045468 0.4056682276622807 0.3013859185191936 0.21464318029794688 0.14485681347609447 0.09241202486900646 0.055921157695001396 0.032379358145062286 0.01820385836835989 0.009989454578832997 0.00535688855808676 0.0028007318904518727 0.0014340737274557624 0.0007145723017046819 0.000342949409272635 0.00015853017972320267 7.135344988350773e-5 3.272072187765861e-5 1.547518938895908e-5 7.485700115547377e-6 3.8439251861327684e-6 2.349946619168187e-6 2.065750603227055e-6 2.7081451848721652e-6 4.524121484578314e-6 8.532828236090658e-6 1.6949332281910445e-5 3.3544790791584826e-5 6.429433766912075e-5 0.00011697427885315118 0.00019914994274046607 0.0003196983337466934 0.0004921058429032757 0.0007369435424088659 0.0010761450182830436 0.0015284282194844468 0.0021493976982178754 0.0030399789277633085 0.004331720815565958 0.006034558338662113 0.007874665027309314 0.009529439765531358 0.010849710838530723 0.012060759051529545 0.01358143864574472 0.015371978003127017 0.016992300474065435 0.01784692587568608 0.01752281788855951 0.016009833819410547 0.013561486546009449 0.010554611434601974 0.007461347912919192 0.004772886765635071 0.002785359996404774 0.0015014188044793959 0.0007764881007263763 0.00040073120683619946 0.00021004177096416792 0.00011194847737716908 6.0125481792684596e-5 3.211173543133595e-5 1.6824680249524634e-5 8.648632521967938e-6 4.352020015362348e-6 2.1537603841974183e-6 1.0595415977143662e-6 5.105562287579599e-7 2.4951662673059944e-7 1.1988455740397638e-7 5.880727482559126e-8 
2.8346793606767133e-7 7.17020814086251e-7 1.8226262181648046e-6 4.758205279800479e-6 1.286209718510268e-5 3.438254128326014e-5 8.913624346015081e-5 0.00021214805708390943 0.00046729685861013695 0.0009922379542045704 0.0021201668507242746 0.004600068342943389 0.009558121471894356 0.018524530182222824 0.033527771929255545 0.05762905159279692 0.0968729125870946 0.16127372717616992 0.26548222419701617 0.42625975769335867 0.6498083801789892 0.9166843977370784 1.1878131324287406 1.4095746636299382 1.5359451966342124 1.5489079915619501 1.4551234521735108 1.2785245058168464 1.0585471909987638 0.8382921348036079 0.6418814337346639 0.47502353747946946 0.33641446567978545 0.22453262265822085 0.1404895531860699 0.0826369188802985 0.04622448623492022 0.02518617112687049 0.013527257816708603 0.007170002320452769 0.003732145793982942 0.001907914445786319 0.0009480676688529853 0.0004521487587848353 0.000206436962102281 9.111892094285761e-5 4.09098040748136e-5 1.905681630066115e-5 9.133855149233086e-6 4.655575081943324e-6 2.7982222610898566e-6 2.389755538556294e-6 3.08495640168684e-6 5.176768025621284e-6 9.90880388962473e-6 1.9941874228231515e-5 3.983915154852195e-5 7.696073496645003e-5 0.00014132436393375283 0.0002443186088891406 0.00040258274777675806 0.0006415342213191505 0.0009976682194489733 0.0015048745022842231 0.002183412705545933 0.0030966660504969405 0.004364904564672397 0.006148643314642881 0.008461836017764741 0.010986339294102195 0.013354411760431397 0.015395762630370832 0.017346013727944313 0.019584545894958602 0.021891658018508956 0.0236474598776397 0.02417809785038212 0.023214645340602393 0.02098519911411148 0.017810047494270967 0.014030722212097523 0.0100801406234121 0.006535089869530752 0.0038409354335080127 0.0020663155833340434 0.0010550137566667326 0.0005339051837566634 0.000273184440277751 0.00014175548817498492 7.420490410492414e-5 3.8912856805979636e-5 2.021007490178689e-5 1.0374056439511152e-5 5.233018065784044e-6 2.597926157846268e-6 1.2822431873196203e-6 6.186562119607606e-7 3.051488276477665e-7 1.4763819602245356e-7 7.259208061661184e-8 
3.647579780370948e-7 9.400045918286033e-7 2.433877711159065e-6 6.461012971214511e-6 1.770246442423772e-5 4.8044666622297317e-5 0.00012625065577739385 0.0003017044701927445 0.0006581925054291662 0.0013661701199602545 0.0028378861462917348 0.006062548582121482 0.012614184743464502 0.024659126627380002 0.04497367451014035 0.0773398037508682 0.12954875011969047 0.21612244639409992 0.3602398545153353 0.5912558352097099 0.9239786371598812 1.3319731518918831 1.756664764070552 2.11503260724221 2.3322541289785224 2.370349345795951 2.23152653503731 1.9522659999020626 1.6014456554966827 1.2551743305173322 0.9526217425516408 0.7002031537563577 0.4927713929655265 0.3258493712466096 0.20073660971795176 0.11525287839582013 0.06235675618821376 0.03274767067253573 0.017010016014202854 0.008782189456300642 0.004494631726228951 0.0022823967241715963 0.0011349858788502031 0.0005433951036519047 0.000248919628151409 0.00010987371980718208 4.917106827907797e-5 2.284298258103286e-5 1.093680402929119e-5 5.5602796965782524e-6 3.3035875983826354e-6 2.762334411476572e-6 3.5251059179102217e-6 5.935902545759507e-6 1.1415005371822063e-5 2.2978776591864335e-5 4.590426977083237e-5 8.898479075523938e-5 0.000164966001438972 0.0002902587102162168 0.0004905695304272192 0.0008037810748605707 0.0012817947711357875 0.001969749912264078 0.002891774853795312 0.004122274806474654 0.005802988771585489 0.00812674089381088 0.01113139590523665 0.014500875872509884 0.01784066718827055 0.02091925925427807 0.02386073723092477 0.02688494902879913 0.029586296066584267 0.031228290549935134 0.03115266368169986 0.02932213005061565 0.02625458159631556 0.022311693948066466 0.01774361557910922 0.012893905215653345 0.008431014056561196 0.0049816940141777285 0.0026891640607084833 0.0013788013348023857 0.0007019510827085361 0.00035969533760437874 0.00018491844615574511 9.476112493584022e-5 4.849842320769326e-5 2.4736031253157507e-5 1.2559996472015125e-5 6.30139441575987e-6 3.11794088278237e-6 1.5326246420427144e-6 7.360080142626327e-7 3.6187159466454775e-7 1.7491323709733704e-7 8.591596287729134e-8 
4.472354260019992e-7 1.1675813156131372e-6 3.0528021251389335e-6 8.123283795848885e-6 2.2210289077136668e-5 6.047506274551879e-5 0.0001603126758288625 0.0003864619418904266 0.0008447239816542238 0.0017396491346487897 0.003553887336563414 0.007499178996490325 0.015625188662555634 0.030854560719577304 0.05697833882113601 0.09879904333795025 0.16592230273442393 0.2774707921262296 0.465865281459488 0.7755236052865824 1.234475133145957 1.813098475935326 2.4335289015285264 2.9780918136387093 3.330305049693604 3.415853640753417 3.224525860446966 2.8083588137418474 2.2791685054602597 1.761660765805193 1.3180680070988675 0.9569349904577938 0.6673278850842721 0.4381963216516621 0.26782712098291916 0.15184343803448141 0.080382766672223 0.04084764152558012 0.020373187307004853 0.010091042224729256 0.004996197859093753 0.0025013191758324702 0.0012489877266672969 0.0006064980652964411 0.00028285760132058075 0.00012701435463716013 5.752808805553652e-5 2.6916158419098116e-5 1.2919442117528242e-5 6.543353299776905e-6 3.838902631444408e-6 3.155218505859875e-6 3.994160055445391e-6 6.736852121589865e-6 1.2923081069545957e-5 2.5829183884132997e-5 5.141046924103802e-5 0.00010003813015471615 0.00018768004201835057 0.0003359448661941372 0.0005771985020716695 0.0009569129384637177 0.0015363161260938943 0.002371513721564032 0.0035005724845384827 0.005015875351819779 0.007081533025964061 0.009923373646083141 0.01363510055829396 0.017971109815419998 0.022532852317340302 0.026971803171877272 0.031148157090596408 0.035001925168892854 0.03798291983249579 0.03932374352514791 0.038440572129578986 0.03550413756255981 0.03132249601774206 0.02638526711508339 0.020931161709701048 0.015245787430666059 0.010026846827214197 0.005988513818950316 0.0032946670333148373 0.0017395921022718914 0.0009156257887523709 0.0004807905405733128 0.0002486463192021875 0.00012541260992632221 6.23613505870421e-5 3.0893421385737377e-5 1.530565369921697e-5 7.539998493621474e-6 3.6833386932032604e-6 1.791456822108788e-6 8.528199266487095e-7 4.151027061430068e-7 1.9955054059899053e-7 9.77156852830603e-8 
5.192496174025206e-7 1.3702020024107192e-6 3.600803100183684e-6 9.510268853430577e-6 2.563847162250523e-5 6.926487370300382e-5 0.000184415581033715 0.00045120870014316906 0.0010020602505066202 0.0020861676288630644 0.004260128147133406 0.0089193550298086 0.018547174193487614 0.036860647255803465 0.06892346109027533 0.12104861360146543 0.20464494630510077 0.342224181583946 0.5730624705756315 0.9541925905952249 1.5290403388697618 2.27460647252437 3.1048500185129995 3.8740248368710595 4.413418839087226 4.586378050343943 4.353262526473272 3.7803581276043063 3.036213825725162 2.310804553774428 1.6983532646549402 1.2125769757406195 0.8358786171934982 0.5465236529437034 0.3343635097049721 0.18987647324866053 0.10003962185748323 0.04982316862254968 0.023930991243414825 0.011278487322628612 0.005321171778907855 0.0025997705302681336 0.00130358317352587 0.0006459461069605963 0.0003094918634074284 0.00014284625733210782 6.60918835218686e-5 3.132643025632308e-5 1.5075724949793938e-5 7.5778930607974075e-6 4.370281894797544e-6 3.5273248930288327e-6 4.440618023022696e-6 7.489685407509917e-6 1.4300704414208902e-5 2.829500350171823e-5 5.602611322014783e-5 0.00010950242192460575 0.00020819112475342367 0.00037835818271386316 0.0006543921444236218 0.0010813082702352472 0.001720444920071089 0.0026392938853822493 0.0039050646094560527 0.0056360631278539255 0.008014167221964193 0.011286562847874843 0.01562575596427819 0.02093194471708728 0.026846557831608178 0.03287559703456519 0.03848714504205188 0.04322513834385954 0.046425921613734274 0.047353419519089925 0.04551596528738086 0.041211924060660904 0.03553564722887466 0.029285950177462286 0.022862068704742052 0.01656046058469034 0.01096857595684752 0.006691812189849027 0.0038242226993072297 0.00212498984148411 0.0011753004603815656 0.00063888943606471 0.00033479296422749027 0.00016718692961654376 8.094522870970025e-5 3.882104115567629e-5 1.8628436676569838e-5 8.930076088373404e-6 4.2746282888701254e-6 2.0487472628343305e-6 9.63656196111989e-7 4.6393737117888616e-7 2.211614788202041e-7 1.0747213701287852e-7 
5.749294033886067e-7 1.5342618601299827e-6 4.053728529769396e-6 1.0595040404021164e-5 2.7990174758580475e-5 7.435644009954102e-5 0.0001980467654196254 0.0004951940969694588 0.001133585487362239 0.002429484080353936 0.005037510169645466 0.010496737726150795 0.021628007595002247 0.04289680438177409 0.08085895450975235 0.14403288830319882 0.24575530091738867 0.4095556387114185 0.6756687379889634 1.1044604880482105 1.7508568792851438 2.6117636112926195 3.615754921432158 4.612124532163314 5.379249245796826 5.687791114092881 5.444008645915826 4.721708577715951 3.7570538002546043 2.8176591829331596 2.0338077323011317 1.4264145872136016 0.9716390390039946 0.6349757631220724 0.39257352256817096 0.22662667462842692 0.12109277329708108 0.060254277009403626 0.028330305424012592 0.012821346506346679 0.0057532449982803146 0.0027180619873722204 0.001356800964998055 0.0006814839470120653 0.00033387912246225435 0.0001580053439225576 7.467535903326346e-5 3.587993620258541e-5 1.7281290709918262e-5 8.602606271691543e-6 4.861523380907866e-6 3.8374131504768875e-6 4.812234209196335e-6 8.101923173340596e-6 1.5432439811414136e-5 3.0197775318839795e-5 5.9276624952495725e-5 0.00011599488134934766 0.0002230618200857864 0.0004108846730663226 0.0007122581877463147 0.001165206251915448 0.001823463159081235 0.002766316974500276 0.004103985604053842 0.0059858177225319085 0.008597730333249471 0.012173907127120645 0.01694836920915058 0.02302193764295001 0.030156836736120244 0.03776372775959757 0.04488394793623815 0.050567078585652285 0.054000675064700784 0.05447945214431975 0.051593463977941255 0.0457172309935822 0.03826374496741003 0.030525536384133044 0.023211816211488802 0.016660833320237864 0.0111759398731427 0.007054266767331061 0.004251169918472036 0.0025087858632173903 0.001459072425390518 0.0008195733120067024 0.0004355670729298961 0.0002165873944282533 0.00010290147355340635 4.809162782996105e-5 2.244782727498138e-5 1.0486132940045808e-5 4.914706071037412e-6 2.3207680891362127e-6 1.0751118148407714e-6 5.139090749389303e-7 2.4216773946436735e-7 1.1575702248444556e-7 
6.168143411598256e-7 1.6685463214631091e-6 4.452607089358888e-6 1.1586791380043547e-5 3.0168035823245076e-5 7.890124108059958e-5 0.00021045985409837256 0.0005402313005233977 0.0012821986570520332 0.0028438163141669115 0.006009372734538917 0.012450217588383905 0.02526561014553945 0.04965446889408387 0.09390120680964087 0.16952806622100014 0.292349846862333 0.4847731515412451 0.7812166529998222 1.232278121839515 1.892949170834682 2.786176023322542 3.876324130496993 5.037738275360133 6.013527279687423 6.471951993412316 6.2502408869286965 5.421086607913672 4.28623018984238 3.1849040749501807 2.2731418254298017 1.5760787487638352 1.0658591771472374 0.6996017082227438 0.4401037390485041 0.2606342733894461 0.14292147588642845 0.07221678725241971 0.03399330460269914 0.015170797800405948 0.006617312177515242 0.0030308860117587108 0.0014822430253087543 0.0007378300369248582 0.0003617659431899902 0.0001725500045094236 8.238522864360983e-5 3.9895586442391e-5 1.9187839664210867e-5 9.491079933775617e-6 5.2839654196684155e-6 4.078582742406073e-6 5.100879703163868e-6 8.549446202257008e-6 1.6299665645592883e-5 3.150072739690006e-5 6.0829478330232624e-5 0.00011800989602998105 0.00022781028410635428 0.00042460197652490015 0.0007402946813786708 0.001206363876164415 0.00186865352764487 0.0028180250410279515 0.00421200710661925 0.006231731377897247 0.009049544895005378 0.012835534476775651 0.017808190585063645 0.024255608519048576 0.03214345006547274 0.04091281817961811 0.04928480714153792 0.055812403188442015 0.05948320762846546 0.059585126326925794 0.055770138089355215 0.048482438277683323 0.03945719280402948 0.030494111923924875 0.02260418563242247 0.016127493730746737 0.01101360603069372 0.007216977646313334 0.004571379120235199 0.002832313589595007 0.0017097066409014644 0.0009839963987734726 0.0005293776537423335 0.00026341868352939516 0.00012406515359791366 5.7291637900238075e-5 2.6441359853761054e-5 1.2225452596306958e-5 5.6727134762162866e-6 2.6549967960322447e-6 1.2099923331688443e-6 5.765870109018885e-7 2.6749362499462726e-7 1.2459505478309826e-7 
6.417984675095231e-7 1.7691617871417757e-6 4.780011531070354e-6 1.247200162361336e-5 3.241423810802501e-5 8.440802439754745e-5 0.0002270633103447911 0.0005977047911826317 0.0014603131927409193 0.003319469165861948 0.0071010472785159205 0.014643414849935801 0.029403424590007308 0.05746730470610357 0.10913797091101074 0.19945075286832184 0.3471683515261032 0.5723801781708877 0.8990126289550452 1.357191550814431 1.9883627214078181 2.835189436856234 3.902971159778347 5.1099209233077785 6.195942845412862 6.758752850689947 6.579506667434615 5.722400993756088 4.527714711406615 3.370960718973502 2.4109706188600972 1.6730775316795767 1.1321461338179057 0.7486519157976264 0.47921525799127357 0.29067648005601493 0.16344795114606128 0.08423993485685703 0.040235033145519336 0.01812871244585092 0.00791450224858666 0.003575308187484226 0.0017039393750815314 0.00082544819080134 0.0003962310869554371 0.00018656917406903337 8.853575050017135e-5 4.2767669704002926e-5 2.0469607901013954e-5 1.0117260718016561e-5 5.611148613352238e-6 4.261980563618683e-6 5.330589994636424e-6 8.879723731861571e-6 1.700490554328781e-5 3.246968313079732e-5 6.12015495844164e-5 0.00011607723197486143 0.0002217960620639212 0.00041564536680947865 0.0007316935241219446 0.0012007599659021445 0.0018674884645979183 0.002834162066490188 0.004298720951147644 0.006470021809868867 0.009496773167279145 0.01345083622322004 0.018447161577066724 0.024867987140902985 0.03287910535735288 0.042046939125819166 0.05096635423660988 0.05787358870246247 0.061633348454656144 0.061542893290540454 0.05729533310604042 0.04933892464144827 0.03955640653367727 0.03003931612700836 0.021973018772352686 0.015683385122650727 0.01087936860200252 0.007309892096728295 0.004762179068807203 0.0030224009205420776 0.0018576895914380843 0.001082771780838429 0.0005869572198665756 0.00029298225818683694 0.00013814441769964 6.409149212235282e-5 2.989465797112299e-5 1.3996158042882783e-5 6.54455976108796e-6 3.065649196642635e-6 1.3769535203390417e-6 6.55242234641921e-7 2.9761602131167886e-7 1.3373059522938662e-7 
6.402815026228841e-7 1.8149086060141953e-6 4.959855372652788e-6 1.3002502415257423e-5 3.4044716573445e-5 8.90490135049061e-5 0.0002424548663670834 0.0006498045712024169 0.0016140744831398884 0.003715140272911808 0.008000687452756994 0.016530258964112532 0.03327788951679742 0.06542923972349984 0.1254347049044136 0.2316262665958078 0.4052683624067988 0.663263783065485 1.0169644283860368 1.4711873868389451 2.0452588795438476 2.7900267463673707 3.743155424554972 4.86908812911082 5.935729681081408 6.527568756134355 6.402955635969122 5.611693868643549 4.4880917867207835 3.3927274590238055 2.46520964576741 1.7316130643476009 1.1795352366715746 0.7855250438826505 0.508762198321884 0.3133340083760854 0.17904639362215743 0.0936282429050759 0.04541617657492989 0.020833918962662745 0.009250438527248956 0.004191899200091727 0.001963942562951358 0.0009257226515943635 0.00043210057800616185 0.00019876957223178887 9.272579133550083e-5 4.4310168262179005e-5 2.1036585725140813e-5 1.042797840862065e-5 5.811949523967692e-6 4.373371691521346e-6 5.484382285019e-6 9.065465165159608e-6 1.7471036832523362e-5 3.3076755524242466e-5 6.080383497649432e-5 0.00011180057140076463 0.00020864268996888616 0.0003895685617620741 0.0006930274575804591 0.0011552579207685268 0.0018272743408765694 0.0028208197647177735 0.004356816893090552 0.0066588030506037265 0.009849934614001988 0.013907288082717104 0.01880521229324728 0.02490042805665543 0.03246114592575426 0.04118710981007936 0.049745130143536036 0.056365212664534634 0.0599886203660326 0.0599961683740749 0.056091760859779 0.04856969740008096 0.03912025898221387 0.029801071648416624 0.021847714821659224 0.015649245854788014 0.010908765356652911 0.007356012554845253 0.004796230689908529 0.0030388282253119045 0.0018653650016921697 0.0010873256333130525 0.0005902748998125394 0.00029582563455220597 0.00014091518185976144 6.67021769483131e-5 3.2035901585362696e-5 1.5452863606601837e-5 7.373424845091206e-6 3.4817059669728757e-6 1.545279351534533e-6 7.351491143951168e-7 3.2541288969297655e-7 1.3963947498557455e-7 
6.058319222257358e-7 1.7847311691999272e-6 4.917127149628565e-6 1.2910683820789773e-5 3.410616795706867e-5 8.959313053446988e-5 0.00024586199488875265 0.0006642278242776984 0.0016600938833201753 0.0038415985432442897 0.008327469367260119 0.017424198421442782 0.03572474383447289 0.0715595717802095 0.13921701039386736 0.2591787327873781 0.4535734969185529 0.73526749983701 1.103541659226029 1.540107285553138 2.042111691945241 2.6582305976352094 3.442526502809589 4.394078050074347 5.328776205346966 5.877894080259793 5.8157966931156135 5.173148666313308 4.230644053226987 3.285642058888808 2.4476672029114996 1.7497279373238848 1.2015828188901072 0.8032658675277584 0.5222389689086427 0.32306006426478656 0.18546257754565199 0.09747474628407968 0.0477181204218343 0.02224087452633512 0.010081311569795356 0.004629617513984298 0.002159600295201332 0.0010014035081159663 0.00045764487310036734 0.00020614767139085172 9.442163779967398e-5 4.452132158129063e-5 2.093787882697573e-5 1.0415966712985344e-5 5.8508359415221795e-6 4.378055136949374e-6 5.500331108137468e-6 8.987949796517942e-6 1.740390430532046e-5 3.2867746021672906e-5 5.946580803779874e-5 0.00010652254793801294 0.00019337742593785256 0.00035688357633291423 0.0006396767615865795 0.0010862129686396939 0.0017579039337702643 0.0027712407039496424 0.004345673828407324 0.006697197258929831 0.009925899776442428 0.013952476474964023 0.018642917707416513 0.02423065742100158 0.03093805280782301 0.03853154845866091 0.04590278464413061 0.05161157297129865 0.0549088723490499 0.055347472690166696 0.05260060124268037 0.04660865886826701 0.038483470081577126 0.0299442874799807 0.02221952879564941 0.015915730418978417 0.010987086584720005 0.007283882751595155 0.004646205777103094 0.0028774429903158233 0.0017333918909621423 0.000997691480579529 0.0005387341761256891 0.0002713141355040475 0.00013178809284230105 6.449495091323922e-5 3.228453622941788e-5 1.6167295704103547e-5 7.90358375273233e-6 3.7730165415456763e-6 1.6592563564345544e-6 7.904169871035534e-7 3.405295263510573e-7 1.3828669519642522e-7 
5.45276652485251e-7 1.6753084294115122e-6 4.6330390693455205e-6 1.2107325630148569e-5 3.201617656627042e-5 8.348671259841923e-5 0.0002276051472872926 0.0006123745545877781 0.0015303190303839638 0.003559466554116306 0.007817613506459143 0.016787348735054722 0.03552305324579284 0.07307578026627123 0.14453775499998076 0.2705410977252132 0.4716439511345552 0.7561115807958493 1.1141680633963271 1.5130605513191424 1.9359464636846415 2.4242132889677497 3.033013385133476 3.778611041165718 4.528586851038194 4.997721602672386 5.001605595843921 4.548158415783314 3.833769283911752 3.0697374304991882 2.341508402966804 1.696937753920222 1.1704399286398766 0.7821356374274212 0.5073573642290187 0.3128531902592311 0.17892347822958404 0.09373808335711306 0.04595190416992207 0.02162258855919597 0.009976835984625917 0.004660935923014335 0.0021864983346261383 0.0010099550162478447 0.00045756958907570587 0.00020410794317414596 9.262651021114417e-5 4.3333881826060245e-5 2.024569011793374e-5 1.0085833851024972e-5 5.69089393331273e-6 4.2354604976704635e-6 5.287665287581599e-6 8.466571931187109e-6 1.6353259857383418e-5 3.101056750601814e-5 5.6230094251216324e-5 0.00010027430633069881 0.00017961243286219815 0.0003278508323892846 0.0005889532446397229 0.0010134759431120824 0.001671321362420969 0.002677075983790209 0.004225102802733438 0.0064987407938752306 0.009576500098429407 0.013372500678223166 0.017720591700146043 0.022694534334296763 0.02835810173266743 0.03446969976580386 0.04022427047772476 0.04471702434214702 0.0476248608009292 0.04870415777804722 0.04756428946759085 0.04368423429838455 0.037380598217569935 0.029882312653516048 0.022415122651594368 0.01592757179668933 0.010770070126177481 0.006943784406168803 0.004289844025304361 0.0025723719355423905 0.0015059398174577115 0.0008489967424510306 0.00045430576388355717 0.00023052833544446468 0.0001150667088245797 5.852985107302868e-5 3.0499801378528123e-5 1.57617935849692e-5 7.853251487009356e-6 3.7867411357672424e-6 1.6573152221315363e-6 7.92591987858768e-7 3.342505708106186e-7 1.282708298008441e-7 
4.796641112829413e-7 1.5085591927493788e-6 4.159401954998233e-6 1.0756391467959909e-5 2.8138431104709894e-5 7.178630986559119e-5 0.0001909749346035739 0.000505305757792497 0.0012574689111390488 0.002948599896216852 0.00661695264738127 0.014728259082765814 0.03233813291116781 0.06834411412269562 0.13715359257016188 0.25755528188242804 0.44679443697438154 0.7092436229418501 1.0309375628287896 1.375415960552505 1.7210646251385768 2.098749549998604 2.5537206473169354 3.105715770900016 3.6692715470306623 4.0498834808757245 4.10919493721566 3.831947341200501 3.3277062048538824 2.7298969873473076 2.1127984768706924 1.5394436184097875 1.0609509559010915 0.7064390628625615 0.455996762222949 0.27964984018431227 0.15908776186887394 0.08302982863319898 0.04072834819680808 0.019324070232911036 0.00906434617854405 0.00431051331022246 0.0020416622843143547 0.0009451998383700229 0.0004276796359159473 0.00019054167017609194 8.649793550149849e-5 4.0444703052130274e-5 1.887042319625797e-5 9.398567150984341e-6 5.3155762122818435e-6 3.9506079985188224e-6 4.843889529593345e-6 7.519666954030607e-6 1.4317771011454944e-5 2.737564952795458e-5 5.0628588231594765e-5 9.201061573542636e-5 0.0001658855597113631 0.0003011079752935351 0.0005389114385652992 0.0009312083999251144 0.0015516690067374724 0.002509038125386717 0.003962980850683014 0.006054224879602779 0.008842506471366383 0.012262813504909369 0.016164412559699175 0.02047595622982956 0.025086334771051513 0.029723726537268146 0.03387422379871385 0.03713559502479373 0.03954233552163099 0.04103506969334916 0.041211888510166834 0.03922402764506038 0.03469524658183314 0.02836275706011105 0.02139769893910196 0.015020753578443211 0.009925529370707559 0.006223167723013539 0.0037318927130391114 0.0021745781870574506 0.0012410040333876158 0.0006873430778811314 0.00036603604576884203 0.00018816339172440593 9.670318296117205e-5 5.077436336311937e-5 2.7138500720472504e-5 1.4249056629890712e-5 7.165143805852603e-6 3.482254942021476e-6 1.5294661590725256e-6 7.362257972139896e-7 3.0796762508260904e-7 1.1429946678217491e-7 
4.2266822343865944e-7 1.314082420554342e-6 3.5788773705348513e-6 9.1223675697377e-6 2.340637676162437e-5 5.794984984641929e-5 0.00014845595620025385 0.0003817712233056247 0.0009412498836903869 0.0022276668144790316 0.00513400122340548 0.011884090341923132 0.027022592901926594 0.05842917125555464 0.11859094189149479 0.22325776381136847 0.3859394875830626 0.6086516108504914 0.8775969502046406 1.1602475324872596 1.4356831186912646 1.7228314582689146 2.0527731557572135 2.4425605600675557 2.844934965165515 3.141209170665819 3.2309684324311316 3.081359734421989 2.7359981364594947 2.2753464499282146 1.7696039385414335 1.287692348508406 0.8838239528927656 0.5854178780753477 0.3757501571752476 0.22941021823561403 0.13030626142996204 0.06820854802314787 0.033727474049581194 0.016224766737747545 0.007749626019223162 0.0037451266468198343 0.0017893252113619057 0.000830630181341054 0.0003759180341117265 0.00016773567859521045 7.650382950496119e-5 3.588529882720797e-5 1.678856216123447e-5 8.367767607159447e-6 4.761788883743719e-6 3.573826994070058e-6 4.282898554437992e-6 6.410561807209951e-6 1.1867832660260894e-5 2.2819605959713453e-5 4.3337289825894263e-5 8.107452575639918e-5 0.00014847507874525683 0.00026854194037130233 0.000476347880059503 0.0008202507824418626 0.001372113089338893 0.0022324999311896182 0.0035300503722262948 0.005371564453248111 0.0078060172313666396 0.010793927075249652 0.014206793269274293 0.01787425524566378 0.02156688938475863 0.02499514982188969 0.027840100529298743 0.029997595911618304 0.031696890274059336 0.03303824242696575 0.03373576676718127 0.03290884854594007 0.029805109157288887 0.024751735982705705 0.01874106614166204 0.013028183535271808 0.00845558652241172 0.005190524671223754 0.0030469663848221645 0.0017429353635854557 0.0009804683685510807 0.0005394920551561569 0.0002888121519807384 0.00015131137205287644 7.979711621637978e-5 4.2701346286323126e-5 2.300015387700136e-5 1.207955408455689e-5 6.074873866194697e-6 2.9702909699063684e-6 1.3219063770985999e-6 6.416509084402851e-7 2.7031913070548826e-7 1.0028746374097805e-7 
3.762110862397423e-7 1.1183981066571788e-6 2.980302920536031e-6 7.471856631820805e-6 1.8735986141910734e-5 4.5043596678782936e-5 0.00011055802965150346 0.0002735775095046958 0.0006628062132402227 0.0015769050982608471 0.0037265258730194923 0.008929552007295664 0.020862009771930947 0.045826162215925115 0.0936890884536813 0.17671325219758616 0.3050125018325549 0.4796791906607829 0.6897499938077687 0.9102212733612782 1.1231974609634188 1.3368859243157067 1.5693356698188272 1.8336441716179759 2.1093951110553784 2.3297238932073427 2.421454726216445 2.3442324169943043 2.1049478750483925 1.7557482995118383 1.361916225381865 0.9859778738965843 0.6733462252552549 0.44360851639315413 0.2833269769632568 0.17275422317853756 0.09869734044927013 0.05242648633838432 0.02645556467867831 0.013011856622500914 0.006336221705013908 0.003097257445656284 0.0014867863971934965 0.0006908463976810518 0.00031262877072725027 0.0001397810969149014 6.412255006361036e-5 3.0202598548800753e-5 1.4209576555975496e-5 7.113452921957906e-6 4.107864880612021e-6 3.159017779574327e-6 3.714024944234221e-6 5.368993546736958e-6 9.531193941417153e-6 1.8207905455425796e-5 3.5259487655444314e-5 6.760093449872256e-5 0.00012552603004630325 0.00022595350480993613 0.0003960796450812485 0.0006769580694147039 0.0011329924393356401 0.0018532500111778606 0.002942729535605447 0.004489042763001111 0.0065388983801414014 0.009072155712711069 0.011973369410019346 0.015032630761697323 0.017984987077358724 0.020549691995463457 0.02248832357209305 0.02376779822632448 0.024650443992279253 0.025358918106716588 0.02582213159524293 0.025394692126472877 0.02328958345385517 0.01954777843753204 0.014873956167483502 0.010309374500690947 0.006633870500087323 0.00402813381247184 0.002340231025536173 0.0013301577790559144 0.0007479560926611847 0.00041473131465536795 0.0002257358312094158 0.00012100995233965377 6.507123189967348e-5 3.507043618870945e-5 1.8783279607354644e-5 9.76012705343514e-6 4.8774783943439535e-6 2.3955730304782e-6 1.089497105814332e-6 5.334694686257999e-7 2.294477480421976e-7 8.788494792455343e-8 
3.3521161229558604e-7 9.403815598470731e-7 2.4400977364068972e-6 6.022634165616569e-6 1.4804367393297446e-5 3.4952078704281956e-5 8.30125126874173e-5 0.00019746050022169262 0.0004654587571277039 0.0010981757195372558 0.002622044469938829 0.006394693458697347 0.015116707430562067 0.033373295978176676 0.06829865014845586 0.1287553498665577 0.2220122135576794 0.3490285534508227 0.5024381833192756 0.6650280503824517 0.8225925034639896 0.9762244674045081 1.13500183719532 1.3085091529210051 1.4908668136955474 1.644521325743913 1.7165996888559607 1.6704933272422136 1.501213267721686 1.2468409449233884 0.9616439359169037 0.6929522978738951 0.47202640264857243 0.3101115954978527 0.19771755596584514 0.12107644976528478 0.07026046578669809 0.03837635844533796 0.019992162305796084 0.010104064889262972 0.00499966740619751 0.002452056699846969 0.0011765818724084746 0.0005467591187269437 0.0002478277663405631 0.00011125190476197698 5.133769597547552e-5 2.427948365893893e-5 1.1517805332866327e-5 5.827442817405419e-6 3.449644794135846e-6 2.7478228913886123e-6 3.1994891836300327e-6 4.507023906424532e-6 7.608244908693548e-6 1.4127891258719638e-5 2.7257129003924544e-5 5.25768376628326e-5 9.797690056423458e-5 0.0001751430762638222 0.0003037388204985217 0.0005156663804312967 0.0008631539613462917 0.0014190428686410047 0.0022690054838337597 0.0034910442140207196 0.005133019676120822 0.007185258257247102 0.009539529733930418 0.012002602549281649 0.014347605617618348 0.01633284245180831 0.017727667543330775 0.01842994140085443 0.01862964386911955 0.018607625949442125 0.01850251516913412 0.018011066106481385 0.01654207900922032 0.013988813632802034 0.01074596663751897 0.007506531013827727 0.0048518785976525685 0.0029510747007826083 0.0017155770075783544 0.0009781144640856453 0.0005552106499924787 0.00031308476502300543 0.00017423241601012055 9.552930648961846e-5 5.211385543159481e-5 2.8170095705005647e-5 1.4970269584868293e-5 7.691464274675176e-6 3.818044675698893e-6 1.8812719750870853e-6 8.769175679437227e-7 4.3204078060409693e-7 1.9113156221585692e-7 7.713005494858743e-8 
2.9341759687303723e-7 7.8280860875862e-7 1.9869543014542205e-6 4.849687401002443e-6 1.175046885861329e-5 2.755756617566178e-5 6.430850848739913e-5 0.0001482771382717522 0.0003382691317127567 0.0007783777121731774 0.0018355570252902968 0.004450758861287841 0.010453048067796117 0.022900703993598923 0.04649560288343653 0.08705509392017874 0.14942339562971857 0.23460653359211658 0.3385313660087454 0.4508194470140877 0.5614152118991715 0.6679899906699682 0.7737922253017141 0.8842453740520666 0.9984428767380714 1.0955049525233307 1.1410358104678142 1.1090076549479269 0.9936489649418534 0.8213616432203238 0.6310649944938282 0.45424715036187346 0.31009963099510146 0.2043144720613683 0.13090738115583522 0.08115524852692305 0.048263183959079 0.02731619263173002 0.014736330248858235 0.007630356100621598 0.0038075727473189627 0.001858808826140295 0.000888825216024403 0.00041405129615091875 0.00018905631635817365 8.570907031253794e-5 3.98940496763575e-5 1.899005928744281e-5 9.125044268915344e-6 4.696934897206137e-6 2.8611642501074766e-6 2.3523182597138435e-6 2.717677267848802e-6 3.7541227837783538e-6 6.027770167603026e-6 1.0676503293297896e-5 1.9984861612351657e-5 3.794764721174908e-5 7.019480203557524e-5 0.00012471906119978168 0.00021538541041525502 0.000365234180586413 0.0006123943371834086 0.001010289467903641 0.001624740578401415 0.0025222297867579487 0.003746210306184082 0.005289234944963105 0.007054344060654073 0.008898178522044276 0.010671437622232447 0.012201618951861726 0.013274390392862408 0.01371357129900137 0.013599469386649014 0.013180388134962895 0.012687857988689067 0.01208059803213597 0.011019506499152756 0.009369815827738008 0.007300174663689689 0.00518972731044944 0.003407133096820521 0.002096483058980374 0.0012283169035730128 0.0007050526269277461 0.0004046162823723526 0.00023187967910533611 0.00013151303778784497 7.339567104630604e-5 4.049927712797375e-5 2.2000769626231834e-5 1.167888467309586e-5 5.985143807524751e-6 2.970831433514461e-6 1.4685258745895913e-6 6.991481915423236e-7 3.4487819644809146e-7 1.571341652905951e-7 6.716547431653586e-8 
2.4749621102721e-7 6.36883881662837e-7 1.5967027231002312e-6 3.877672815228938e-6 9.303473943090677e-6 2.1761325088612517e-5 5.028859889724478e-5 0.0001133789323306453 0.0002506224787145044 0.000556920868475364 0.001272580095628077 0.003004081889137082 0.006898651780846476 0.014831320284210664 0.029620333318216337 0.05469499761645071 0.09300933952175644 0.14558885770121954 0.210863771873959 0.28372337313750334 0.358015135448123 0.43023697004792527 0.49978479173807594 0.5678055901081033 0.6337960436125661 0.6874702360769134 0.7103897435665235 0.6877065124129873 0.6152035112761538 0.5080573006893814 0.39052329913649003 0.2819963121928875 0.1938586387444845 0.1289527106320296 0.08370441809010293 0.05295512310622063 0.03245651941720782 0.019060026218354956 0.01062085763222509 0.005608793971065871 0.002810334747069845 0.001361828835983617 0.0006486336778212184 0.00030365915388995586 0.0001403380573045844 6.46184914020317e-5 3.049314902227763e-5 1.4697420776653531e-5 7.199374614626922e-6 3.784916035524126e-6 2.358564191887507e-6 1.9677998985609707e-6 2.2367356489291357e-6 3.029662128697678e-6 4.6609156321255825e-6 7.842118615133314e-6 1.4021294797228146e-5 2.5773024606080345e-5 4.6890607745261146e-5 8.296577973626e-5 0.00014380787305743294 0.0002452028641506095 0.0004125591860146847 0.0006809734267084837 0.0010961667671886212 0.0017077817618588254 0.002547633510750628 0.003605514947600069 0.004802237251074413 0.006050864763030452 0.007282404193193295 0.008404688794597645 0.009254271697556576 0.00963277047630905 0.009519163173132585 0.009068282454259242 0.008491029036458273 0.007878642486643286 0.007098131603598155 0.006053304611898885 0.004792510722492369 0.0034865334601244667 0.0023408029551297443 0.0014668839437052032 0.0008709500214411303 0.0005045632977341519 0.0002921972830736134 0.00016913898705967972 9.693283649630224e-5 5.46217091005759e-5 3.0369293189955214e-5 1.660491793596956e-5 8.863916064740433e-6 4.574863204713231e-6 2.2899713214476914e-6 1.1376308975621506e-6 5.502726209824124e-7 2.708810127069558e-7 1.2685840447039233e-7 5.735317859549141e-8 
1.9893275930846372e-7 4.99801431851183e-7 1.2486911913308533e-6 3.0334813344742073e-6 7.2317680422201335e-6 1.685101259488899e-5 3.857405390435457e-5 8.54222995127897e-5 0.00018370226069889633 0.00039355625313963657 0.0008624202671694272 0.0019530790940544837 0.004333429869671045 0.009066563240906472 0.01770258322482045 0.03207590072603789 0.05386121684602549 0.08399811495056472 0.1223968832374093 0.16727283522581576 0.2154227958403309 0.2634497892000232 0.30874558168952354 0.34945802240099727 0.38424482485386446 0.4091870871197709 0.4170588596541624 0.4014160445852793 0.3596369668156162 0.2983209027818713 0.2305909885929446 0.16774253903521366 0.11658285498712234 0.07873009028192988 0.05210709241038182 0.033805728466151444 0.021372691985146637 0.012978320425010707 0.007439303224399334 0.003999724113576202 0.002016247175984025 0.0009735834522834409 0.0004629695829716209 0.00021805444660507383 0.00010214050700698305 4.7927448344898144e-5 2.3079603460644946e-5 1.1360505304749523e-5 5.707793172153921e-6 3.0649611235949953e-6 1.9304799150788965e-6 1.601423808242401e-6 1.7719891168861286e-6 2.3472679116873348e-6 3.4939474757163612e-6 5.626889912619476e-6 9.579617026802029e-6 1.6870026541514693e-5 2.9925551505973664e-5 5.2706138426823904e-5 9.215326067828036e-5 0.00015865940707254122 0.00026790399134333804 0.0004405839503686614 0.0007047925832161105 0.0010919858189588141 0.0016202821380963332 0.0022768853390187577 0.0030046341135573184 0.0037633389517102846 0.004542826915987872 0.00531556814428692 0.005979679173392078 0.006357930423080407 0.0063643723265740925 0.006056537821137697 0.0055755231710424395 0.005050467587577384 0.004478763625583828 0.003817876752729838 0.003068629159909287 0.0022881807253681023 0.0015764795533318898 0.001011229986387671 0.0006121719664411954 0.0003595688658601153 0.00020998678083381596 0.0001220044503414383 6.99957767356185e-5 3.9476257869773874e-5 2.2013716398487693e-5 1.2111525208999252e-5 6.526176685759715e-6 3.413069492216351e-6 1.7327270816901716e-6 8.669050394196136e-7 4.240961604734486e-7 2.0841108903234518e-7 1.0004068048910133e-7 4.7536266279700856e-8 
1.515735056167251e-7 3.7492641635224607e-7 9.386458568437052e-7 2.288158901259643e-6 5.433067680579072e-6 1.2574693402145244e-5 2.842403246829079e-5 6.18902254837026e-5 0.0001300793275913666 0.00026991814361127344 0.0005670976225951018 0.001225122259482807 0.002611212941231426 0.005298573601846423 0.01010313299094667 0.017967656946863184 0.029820847454086603 0.046408655762346526 0.06819663857370331 0.09495964845053727 0.12529147131821508 0.15657535587454108 0.18583898679488525 0.21007300193692147 0.22731828167492635 0.23660295406712803 0.23661900760735813 0.225757418655461 0.20279295629445504 0.16959438942812277 0.13232126417488368 0.09721735280761082 0.06838816190349176 0.046945773401168074 0.031712218120178166 0.02107323239459489 0.01367858844705492 0.00853271557820705 0.005012666635442348 0.0027491110395566603 0.0014053915160285343 0.000683314818456338 0.00032619845385374716 0.00015454397404403107 7.320729150327882e-5 3.50206501251113e-5 1.7319462304001113e-5 8.780586036633e-6 4.5420854882275046e-6 2.48373846297764e-6 1.5622612300327643e-6 1.2678835545021817e-6 1.3552864555795159e-6 1.7506363156434517e-6 2.5443159582453473e-6 3.977600495045306e-6 6.507871146456019e-6 1.0979047208920026e-5 1.8872090962483417e-5 3.292140051411016e-5 5.7917983423276645e-5 0.00010047911908210718 0.000169743162154987 0.0002767595384777712 0.00043652467411954343 0.0006654663036387208 0.0009708621980160793 0.001340359614991979 0.00173877178159992 0.002156203686485537 0.002611886392158429 0.003113679903050942 0.003608210688094264 0.003960139341730625 0.004063151142030678 0.003910663937126211 0.003576618892174664 0.003177489019989788 0.0027702790384875266 0.002351934758311467 0.0019125492508211255 0.0014591286761434373 0.0010325482071312855 0.0006807560655312637 0.0004231120944914442 0.0002537802054368829 0.00014988985463334145 8.719144780044859e-5 4.976722087030828e-5 2.7895559400880818e-5 1.5533173479651514e-5 8.584654624939863e-6 4.671367398630021e-6 2.4787512488103967e-6 1.2779483128636837e-6 6.448612143541083e-7 3.1834896998148324e-7 1.5694320627745502e-7 7.712116173301e-8 3.818278045960921e-8 
1.1012805193461387e-7 2.691020277463731e-7 6.747794905343302e-7 1.6491239201138895e-6 3.903162569644878e-6 8.964664122920067e-6 1.9998431030376316e-5 4.288809423678138e-5 8.857526001660711e-5 0.00017959730114965443 0.0003652460467469424 0.000757507398334299 0.0015557812099346062 0.0030692620720430166 0.005735116995230069 0.010053917744263195 0.016542192897893923 0.02569586326845279 0.03797597331642724 0.053602271288041035 0.07207604269116585 0.09177070425141133 0.11037170369242522 0.12512139741630376 0.1339466077664463 0.1365420127595934 0.13359266458569197 0.12557406557356596 0.11246425883001294 0.0945571682130791 0.07438832736860007 0.05514333530873098 0.03916162384912504 0.02722079809270793 0.018683461546031132 0.012647587361886457 0.008375574898359887 0.005336689832497372 0.003207210823612237 0.001801219244176127 0.0009429024798122908 0.00046739288257947116 0.0002257212950797981 0.00010769619688172786 5.147688539494576e-5 2.5084270081591063e-5 1.2788117898417158e-5 6.707030066214355e-6 3.573016222192592e-6 1.984885415555178e-6 1.2423176330813548e-6 9.837197961571808e-7 1.0168150869792248e-6 1.2787528358219712e-6 1.8178167395518448e-6 2.7777981731678548e-6 4.411905258434655e-6 7.182304667797776e-6 1.1952651695174621e-5 2.0479885689011994e-5 3.586184947613939e-5 6.212765491999781e-5 0.00010438613851776278 0.00016810092467499295 0.000260313408992457 0.0003882415767171311 0.0005536171445940995 0.0007475043983488573 0.0009519010934725253 0.0011708366239701516 0.0014287400695093028 0.0017419825767202948 0.0020833187210214455 0.00236019344898833 0.00248117826328328 0.002417475391284973 0.0022025688495668754 0.0019236171350888271 0.0016482579768176174 0.0013904683559918698 0.0011408940841162894 0.0008890358808945091 0.0006465656305171682 0.0004396507124795928 0.000282277003408023 0.00017421122140713543 0.00010474921612842933 6.12660418081437e-5 3.484833262312931e-5 1.940325371573674e-5 1.0776474623848258e-5 5.9756674767956735e-6 3.27784233355233e-6 1.7595630955764008e-6 9.185827702702869e-7 4.6790012553463283e-7 2.336953854736401e-7 1.1679199286923065e-7 5.898930499791611e-8 3.021032842589135e-8 
7.762307985499928e-8 1.8697799660110636e-7 4.662043969913474e-7 1.1356497030636627e-6 2.6741160561338733e-6 6.098049655000985e-6 1.347068259676675e-5 2.8598334971002612e-5 5.8459394953952034e-5 0.00011704656121177419 0.00023367238920511885 0.00047217252282842864 0.0009445909799740234 0.0018233228260859915 0.0033490565227795826 0.005786320848079096 0.00939666403268723 0.01445103952376853 0.02125215566847767 0.030066362188329573 0.04082708422429504 0.05271107825474627 0.06424644793115011 0.07340407816351183 0.07835132139513977 0.07869490355968954 0.07535935960206402 0.06939369261151497 0.06144899059877648 0.051592614391376225 0.040742507336968735 0.030375556922252665 0.021704745640575587 0.015212358559871332 0.010560008357143137 0.007244531361339111 0.004867706810887888 0.0031526685003504425 0.001933928422761905 0.0011139673231026488 0.0006003298874291673 0.00030582812352194356 0.0001504680101982291 7.261456688342938e-5 3.5097160797842055e-5 1.7432717247118193e-5 9.157738145868402e-6 4.960605631804325e-6 2.716364768046777e-6 1.536581891745944e-6 9.658862834541158e-7 7.554055446236084e-7 7.609683738062702e-7 9.289664972644944e-7 1.280280571068201e-6 1.89807490931084e-6 2.9255333940833065e-6 4.619540475632741e-6 7.4675691899622195e-6 1.2506703997995633e-5 2.1576078232620182e-5 3.6979694579554584e-5 6.144737566004617e-5 9.751815268605402e-5 0.00014815293363170805 0.00021612210665677872 0.00030136778200224766 0.00039883513653215597 0.0005009428967598586 0.0006148422548556064 0.0007592512141280168 0.0009472815397537997 0.0011646825411503726 0.001354254066145066 0.0014516886012857445 0.001428474199676964 0.0012975208731788683 0.0011160997519025027 0.0009398001398198496 0.000785841258324075 0.000648386716019394 0.0005147016123305565 0.00038445758358178906 0.00027004444053037297 0.0001797344501428637 0.00011473485326889216 7.067726736415562e-5 4.18514672550815e-5 2.387662093955123e-5 1.326885859712501e-5 7.367806109738124e-6 4.101797734398665e-6 2.2657853435799095e-6 1.2275986721229131e-6 6.479533076455657e-7 3.344923920318918e-7 1.7070010248777622e-7 8.795207763062412e-8 4.615541695237878e-8 2.437979753831159e-8 
5.460845506545142e-8 1.2823172369144166e-7 3.134495140888838e-7 7.530679226993103e-7 1.7547971840788216e-6 3.967622410429588e-6 8.70494167345907e-6 1.839723809556585e-5 3.748598766772947e-5 7.477323827039724e-5 0.00014828387023697008 0.0002963060075927548 0.0005852105605234644 0.0011151496722718224 0.0020199663192292452 0.00342718936507049 0.005435788291168189 0.008156493599559752 0.011750870487938573 0.016442061163962997 0.02235151061155143 0.02915642951988089 0.03603418837337489 0.04166054811415714 0.04462675956361321 0.04445922349796784 0.041830908593190566 0.037700583648332314 0.03285353636901182 0.027408343774061435 0.021651485896427663 0.01620358406097374 0.011633943663865843 0.008202807899707525 0.00573564614827791 0.0039649373090112575 0.0026852654011683967 0.00175716838261457 0.001095818030291486 0.0006464298913280971 0.0003589437548709724 0.00018853608330063998 9.499311850698736e-5 4.666421306649276e-5 2.2940936555928287e-5 1.1643196268019005e-5 6.284002051826013e-6 3.5003158899884562e-6 1.969172149710777e-6 1.1437465616462073e-6 7.353200193503292e-7 5.790826635670552e-7 5.740022562913805e-7 6.776439052267551e-7 8.946374117329067e-7 1.2699459777224763e-6 1.8859484521352195e-6 2.889923505411698e-6 4.552412664673904e-6 7.438564502164865e-6 1.25461972210437e-5 2.109952476221536e-5 3.4481330597534744e-5 5.380229975494406e-5 8.014922645345845e-5 0.00011444115765524754 0.0001563908989293703 0.00020377250591092642 0.0002541995701069986 0.00031348428892391533 0.00039321558556161085 0.0005017208040030487 0.0006322714782177366 0.0007528955938302899 0.0008228930615198653 0.0008198609415624875 0.0007462464142273381 0.0006357381641903068 0.0005269780768503144 0.0004351168746782739 0.00035829051835623894 0.00028759892609710977 0.0002196605562326758 0.0001591541670409783 0.00010988836145433015 7.272271890345562e-5 4.6064810717441955e-5 2.776005487730752e-5 1.597946946167764e-5 8.908813027250336e-6 4.9587261927387895e-6 2.774434638746575e-6 1.5442809181652131e-6 8.454646474533211e-7 4.528502716321767e-7 2.391337718475781e-7 1.2652429209802554e-7 6.841134203098158e-8 3.769991360349784e-8 2.055649384808154e-8 
3.948994191424362e-8 8.876275024398035e-8 2.087975090439316e-7 4.87786513159857e-7 1.114575369435407e-6 2.4853141610258097e-6 5.4117337960667746e-6 1.1416200825418458e-5 2.327964246237741e-5 4.647226906513019e-5 9.206523184929964e-5 0.0001835294247936416 0.00036145911887983193 0.0006854185369646977 0.0012289989060670758 0.0020423926966761613 0.0031337335534819934 0.004521868958503192 0.0062791242971205865 0.008575794883083956 0.01158913544732678 0.015248624242862906 0.019135086116866505 0.022450403814998764 0.024235204981309783 0.02408863492413061 0.022418831239456948 0.019892485034575507 0.01711425558394473 0.014198430397611959 0.011221894601264427 0.008434794551768418 0.006090660552350935 0.0043162833624427605 0.0030269385302541607 0.0020930825217474924 0.0014163514084952456 0.0009288601424350464 0.0005851504103388814 0.0003519280392605529 0.00020081318202168748 0.00010876586428427051 5.635824902590886e-5 2.8398679800307326e-5 1.431359222332848e-5 7.447899816823864e-6 4.115420680908713e-6 2.349529991212269e-6 1.3629968425645145e-6 8.241597261984323e-7 5.534653908246163e-7 4.467533261792552e-7 4.390365557249998e-7 5.004392123627579e-7 6.283474102528807e-7 8.453338657057078e-7 1.199213398640581e-6 1.7768555779792734e-6 2.727801904320312e-6 4.339476666087227e-6 7.107157641818742e-6 1.1633977725428733e-5 1.8583977586822096e-5 2.8418727274067617e-5 4.1450687438274726e-5 5.79163415921814e-5 7.767662590114994e-5 0.00010006062423908047 0.00012476653833986835 0.0001554152420351122 0.00019843798312545646 0.00025892047179907403 0.0003347962434093214 0.00040995125287870477 0.0004599002174834786 0.00046822646266692476 0.00043232112103683095 0.00036980834110553803 0.0003046005482514182 0.0002482456462778698 0.00020189015086900447 0.00016155872735719744 0.00012472342264935644 9.249456729084235e-5 6.591774394658677e-5 4.509584741588702e-5 2.935870477708703e-5 1.8041888026783383e-5 1.0515621531610037e-5 5.900975509568162e-6 3.2959170021068775e-6 1.8535052377140572e-6 1.0411067667765148e-6 5.783997072178278e-7 3.169034179072086e-7 1.7318024772827434e-7 9.612062636459592e-8 5.497399886444088e-8 3.185816510397648e-8 1.794595633433594e-8 
2.9800980573473516e-8 6.3171107959556e-8 1.4092116858446678e-7 3.1588893280725395e-7 6.996333210385626e-7 1.5229261332833839e-6 3.2665128716452127e-6 6.8489215394927335e-6 1.393942594561495e-5 2.7773557553657862e-5 5.47909655563308e-5 0.00010882280007623199 0.0002141319571355616 0.00040557619476812946 0.0007227220313069829 0.0011793726722885722 0.0017491629804041952 0.002413533531301043 0.003198128136689256 0.004221218352525888 0.005643582472847103 0.007490278939858701 0.009559195516233224 0.011395207263456416 0.012413227743926444 0.012364326692588632 0.011489525473102004 0.010178384121191172 0.008771198295523665 0.0073096014575294 0.005812472484803179 0.004399531004554695 0.003198640906167129 0.002275565655081346 0.0015928746617900882 0.0010936440904996902 0.0007332019371146199 0.00047807780853932396 0.0003019190282990119 0.00018375012548244761 0.00010702127248346426 5.954768965266469e-5 3.1798678691762325e-5 1.6548984730555797e-5 8.612490315624009e-6 4.606166064198608e-6 2.5988001590336406e-6 1.5212161998667544e-6 9.181541378028444e-7 5.874906881628961e-7 4.1886455521475947e-7 3.4954382969429344e-7 3.41579053674941e-7 3.769733997957195e-7 4.5189908098306285e-7 5.77361333751523e-7 7.808992800147521e-7 1.1136657488452992e-6 1.6582835630921195e-6 2.556400560650253e-6 4.041043177105713e-6 6.397651203076029e-6 9.940420191946574e-6 1.4861932399187333e-5 2.1194240097816622e-5 2.8935604440135303e-5 3.803648222066436e-5 4.842683400068463e-5 6.037109373305526e-5 7.586603287175723e-5 9.844612927042252e-5 0.00013145187996627903 0.00017528411665343666 0.00022251544547568258 0.00025870283647524956 0.0002723365975158184 0.00025914860914582217 0.00022713961654382485 0.0001895515508154921 0.00015418486607806747 0.0001235660593865055 9.730095210080791e-5 7.467886256499471e-5 5.576272164951242e-5 4.040844366443718e-5 2.8234942110725947e-5 1.8752235158654708e-5 1.1717049077669329e-5 6.914424726407055e-6 3.908680334738553e-6 2.18947213847903e-6 1.2364873277498683e-6 7.019829291269851e-7 3.9790463182286816e-7 2.2498042240656744e-7 1.2828845179407167e-7 7.481514814237366e-8 4.4933269203209715e-8 2.7107087495821632e-8 1.572027733509623e-8 
2.2857036416702205e-8 4.574131549205869e-8 9.668643576919509e-8 2.0683156244886037e-7 4.3995508237889174e-7 9.243961013272876e-7 1.9287343304800556e-6 3.973435150067448e-6 7.993396956143907e-6 1.5759149880943905e-5 3.070212875602264e-5 6.030865978049912e-5 0.0001180381732447886 0.00022310469477068335 0.0003960819249226506 0.0006383982971878644 0.0009221090633359361 0.0012229218742060978 0.0015452935416206829 0.0019600183312396082 0.0025814324155906147 0.003455043836023026 0.004490240813901967 0.005443785510029849 0.005991150811606581 0.006006171896613511 0.005627032703790485 0.005052770390178016 0.004431591415928519 0.0037501931701050756 0.0030144163610677194 0.0022975868882393457 0.0016775130676370377 0.001194124432003383 0.0008320104369492784 0.0005663598595741741 0.00037617409445380676 0.0002439987912843522 0.00015435004102738425 9.479207050578607e-5 5.612625895371161e-5 3.198331244020369e-5 1.7613531519471654e-5 9.498856356433246e-6 5.120326419506265e-6 2.820510530516515e-6 1.6297952301753012e-6 9.855165487941624e-7 6.259092420788754e-7 4.2770252500585787e-7 3.239126658642492e-7 2.7805174924118524e-7 2.6965384484781995e-7 2.8971478790840956e-7 3.354594906613162e-7 4.119891589601881e-7 5.341136636462272e-7 7.300982691008289e-7 1.0442567664227423e-6 1.5463717275072516e-6 2.34600909182088e-6 3.5806089724447076e-6 5.406110351901942e-6 7.913536482059127e-6 1.1060309910925623e-5 1.477410635845527e-5 1.9018952643059954e-5 2.3856535901982146e-5 2.9555524650141837e-5 3.712257358636802e-5 4.848127645154542e-5 6.579692372033945e-5 9.020514820724816e-5 0.00011859855777220977 0.00014300455041034327 0.0001562075967092463 0.00015444857151628483 0.00014060488838485321 0.00012096878418663819 0.00010002794872102635 8.016571625755392e-5 6.249778042989013e-5 4.7512616817346415e-5 3.532877781299395e-5 2.56520113081169e-5 1.805504631119426e-5 1.2120234053363031e-5 7.667396626479638e-6 4.579306404000526e-6 2.6134327185171714e-6 1.4720131648041667e-6 8.363987134588645e-7 4.809463641736025e-7 2.79030826107743e-7 1.6334960540281217e-7 9.71209994918907e-8 5.894743191001685e-8 3.6505676374309145e-8 2.2498699151056327e-8 1.3266345823007836e-8 
1.7327009935240903e-8 3.2939347547571195e-8 6.630269821174983e-8 1.3539935199102453e-7 2.755684240680196e-7 5.555816437475349e-7 1.1178711290875325e-6 2.239942603003553e-6 4.412174633427566e-6 8.536890900416373e-6 1.630142815205889e-5 3.1424471483933746e-5 6.077751242359895e-5 0.00011421887158340346 0.00020202163653946134 0.00032303156310705495 0.00045802545526348504 0.0005885194975935785 0.0007114767441709662 0.000863185794638387 0.0011115150782411562 0.0014937747502023419 0.001974670096931517 0.002436754641855523 0.0027175663483585064 0.0027598964543327845 0.0026338235171118156 0.0024272929618593415 0.002189467829148247 0.001892674659154534 0.0015412138954885258 0.0011823120500794964 0.0008648725977169452 0.0006144950919712547 0.00042599536062524525 0.0002883171698731322 0.00019086559590064287 0.0001240480490214487 7.904795806105535e-5 4.9129409023493356e-5 2.958788828843807e-5 1.7257627230167918e-5 9.802047219760674e-6 5.48187815786e-6 3.067111176617941e-6 1.7500385715160847e-6 1.0465119072041266e-6 6.609833116743774e-7 4.443858545245907e-7 3.230227985185182e-7 2.5664868771102197e-7 2.2417956523250247e-7 2.1504989872419632e-7 2.2579634795022147e-7 2.548778888579477e-7 3.0410692844153034e-7 3.8026158117119643e-7 4.972416857165703e-7 6.775880792002217e-7 9.563353794840033e-7 1.3874517228319774e-6 2.041776442843211e-6 3.005123637532872e-6 4.334128059428188e-6 5.9914968547236075e-6 7.90766295256422e-6 1.0046600356601795e-5 1.2452045322997614e-5 1.526017829720194e-5 1.8898307747387938e-5 2.434523484298595e-5 3.288761894993486e-5 4.555159743346314e-5 6.1206812776783e-5 7.587467038760883e-5 8.559436226827928e-5 8.785575012070197e-5 8.328180117984457e-5 7.434408957585873e-5 6.32036459041852e-5 5.143992074891181e-5 4.0272627103748226e-5 3.054825271828199e-5 2.261543847719253e-5 1.637072540058124e-5 1.1535379933490614e-5 7.795524994265465e-6 4.9888860227895034e-6 3.024274555634467e-6 1.7544593037923605e-6 1.0029716381520475e-6 5.779929099177131e-7 3.381195785714323e-7 2.0090958701662784e-7 1.2138199210397792e-7 7.465910233813115e-8 4.650078829773933e-8 2.9097036838299244e-8 1.790437402787813e-8 1.0497431458354508e-8 
1.3121926228383908e-8 2.358490069116264e-8 4.496784412716493e-8 8.734724340891455e-8 1.69821073231361e-7 3.2853131209115995e-7 6.365319609804154e-7 1.235068424112219e-6 2.3687048365129636e-6 4.4727771383373085e-6 8.323508141195326e-6 1.561817454059734e-5 2.956661979046051e-5 5.4830600789066197e-5 9.62678230252873e-5 0.0001529341400860519 0.00021418059641023217 0.0002688630043991071 0.0003128446095838913 0.0003619847092672581 0.0004507327236176706 0.0006022692063121859 0.0008060552892940013 0.0010127329871407837 0.0011502498323782775 0.0011940820911946308 0.001173328517271134 0.0011199981763234986 0.0010439807201431488 0.0009241983619951003 0.0007644635479657425 0.0005920794948690225 0.00043497836580653386 0.0003088356044735744 0.0002134557259540913 0.0001442960722729428 9.591496430762076e-5 6.298402716812283e-5 4.07037203845703e-5 2.5711727141561066e-5 1.57825655569124e-5 9.426096514431417e-6 5.5201622189196415e-6 3.2032575017480205e-6 1.8680353229214246e-6 1.1149675740900201e-6 6.991734025519051e-7 4.6513452411014693e-7 3.3034774829907344e-7 2.5229371226074423e-7 2.070864535420167e-7 1.8243933214829008e-7 1.7291534044715984e-7 1.7772197529542569e-7 1.9608968517772448e-7 2.281350462189974e-7 2.762081063134829e-7 3.4621112389877414e-7 4.488788275283225e-7 6.019004427042308e-7 8.331148150023777e-7 1.181348242586179e-6 1.6978117244260998e-6 2.4247176154874297e-6 3.34791176867139e-6 4.423970777311587e-6 5.623541450379798e-6 6.955580345464305e-6 8.450658885272962e-6 1.0238376988579116e-5 1.2769904418121733e-5 1.67384665826168e-5 2.283551472051493e-5 3.07336294202131e-5 3.864899076015769e-5 4.465698397635078e-5 4.735159390932789e-5 4.660950560006216e-5 4.3163569722073764e-5 3.785573448507985e-5 3.1507927387950364e-5 2.496583620187205e-5 1.8996161276193737e-5 1.4042218700584695e-5 1.0150932643089696e-5 7.1742656953077345e-6 4.893152086930282e-6 3.1787421887055114e-6 1.966508186264849e-6 1.1696038440888732e-6 6.863712612782847e-7 4.0533842916811335e-7 2.4259668496128896e-7 1.4759401085391038e-7 9.145429726150504e-8 5.755038089390655e-8 3.6224930578257196e-8 2.2476232987130102e-8 1.3505151525799584e-8 7.680472176327727e-9 
1.0102785722391793e-8 1.7023193379194388e-8 3.026579121552293e-8 5.529995471604788e-8 1.0243923206563795e-7 1.9097435905659734e-7 3.584331584150897e-7 6.753817585679055e-7 1.261244747755286e-6 2.321721910099255e-6 4.203022706858519e-6 7.62813664674647e-6 1.3972259575801533e-5 2.5259914308752064e-5 4.364142476229672e-5 6.869702136735386e-5 9.538966734729509e-5 0.00011803856300185314 0.00013369940144307467 0.0001483140656109913 0.00017699715293557235 0.000231559189827585 0.00031034640490143337 0.00039579592996545924 0.00045994956822194397 0.0004922753207897486 0.0005016530444395604 0.0004969468913406796 0.00047767077302240604 0.00043325378666786657 0.0003660607848888527 0.00028889662471993406 0.0002151770097912306 0.0001536753261477498 0.00010642086330518137 7.219976770711178e-5 4.84303585492096e-5 3.226302658509354e-5 2.1196006671096535e-5 1.362680985779164e-5 8.533275251205381e-6 5.222808514555785e-6 3.156708676294628e-6 1.9067576440259372e-6 1.1678457504791208e-6 7.374955785317263e-7 4.900594864242593e-7 3.4442386510001347e-7 2.5664964166352e-7 2.0315403805400073e-7 1.7017023083938682e-7 1.5057223217518238e-7 1.4137597338122223e-7 1.4242756480149626e-7 1.53153097895786e-7 1.7306249813153365e-7 2.0271027211692133e-7 2.4441865325134633e-7 3.030424621448686e-7 3.8717402969311266e-7 5.111615652787709e-7 6.964228352947673e-7 9.736331822544368e-7 1.3735533169961742e-6 1.8985165582138617e-6 2.5297769780136517e-6 3.2495058445702175e-6 4.049868367220043e-6 4.915086057662242e-6 5.856644695055895e-6 7.063326731120913e-6 8.877079934459035e-6 1.1690653285982671e-5 1.5442843860996487e-5 1.9399087675819403e-5 2.27059671647235e-5 2.466268789071168e-5 2.502863024662788e-5 2.3911192952131962e-5 2.155197204251555e-5 1.8306846301597033e-5 1.4663267056247493e-5 1.11868538465184e-5 8.27225843436522e-6 6.001168149101575e-6 4.286379076609874e-6 2.9735488417452548e-6 1.9739705448890606e-6 1.2541479100651709e-6 7.702984746652942e-7 4.6821948406936514e-7 2.858552305193684e-7 1.760317136761934e-7 1.0972675134036891e-7 6.933759667883865e-8 4.41214089094387e-8 2.7625810178899107e-8 1.6698125566914538e-8 9.595791155576464e-9 5.163036796219335e-9 
7.893084253605863e-9 1.2517739676197922e-8 2.0500815505534154e-8 3.477159887422089e-8 6.113711456934298e-8 1.1044357483989824e-7 2.0258393913250102e-7 3.7300387967377634e-7 6.802258815846132e-7 1.2224138332428245e-6 2.1557073026487323e-6 3.7773114319448812e-6 6.63842822860812e-6 1.1556327027669956e-5 1.9420974668367842e-5 3.0091073494542656e-5 4.1432876044465376e-5 5.089971089087206e-5 5.6934090593945086e-5 6.16045423172167e-5 7.095615182757481e-5 9.016280613571573e-5 0.00011948017238734171 0.0001532433231706632 0.00018153540684447041 0.00019995927064958682 0.00021042747244227208 0.0002147849408604885 0.00021175036985784094 0.00019720275595346977 0.00017176560239482068 0.00013992183043555408 0.0001069845823248484 7.75599763647063e-5 5.413634492028556e-5 3.6965512427665e-5 2.500818193275316e-5 1.68386177386126e-5 1.1192528402919353e-5 7.297056937826e-6 4.656895228514154e-6 2.928315408414537e-6 1.8379074483433701e-6 1.1664102608703375e-6 7.582524287609016e-7 5.110684690494406e-7 3.6153078959700824e-7 2.684779223754177e-7 2.0880350042831222e-7 1.6978877764356083e-7 1.4418660397860917e-7 1.2819659338754632e-7 1.1996076871221564e-7 1.1878907790331939e-7 1.2386143929865914e-7 1.3474475994749045e-7 1.517768208591145e-7 1.7624968333763307e-7 2.1039557806766632e-7 2.579694609328502e-7 3.259515173028028e-7 4.2554193677932745e-7 5.737863557383629e-7 7.898145727604723e-7 1.0807390284668968e-6 1.441788039733025e-6 1.8650149696021408e-6 2.3414021160973823e-6 2.850364618207533e-6 3.3793814431957374e-6 4.006551107581054e-6 4.892504674214451e-6 6.237224430790029e-6 8.04515765581533e-6 1.002321215126596e-5 1.1800599461249088e-5 1.3033384949939418e-5 1.3520511631423655e-5 1.3193288519648042e-5 1.2086423156164093e-5 1.035966147388898e-5 8.305484312123872e-6 6.315272838216372e-6 4.66955175696107e-6 3.418212810211178e-6 2.490944673020627e-6 1.7742292813280733e-6 1.2114704072864628e-6 7.932792852612447e-7 5.040082392792707e-7 3.179884172101339e-7 2.0148481798689845e-7 1.282394997816438e-7 8.209041370891599e-8 5.2724859632715766e-8 3.3558981917722956e-8 2.0574235249421413e-8 1.1914335795126863e-8 6.4295297190318536e-9 3.202038698582839e-9 
5.944401058447746e-9 9.111378986947824e-9 1.3952313197533629e-8 2.20527608943738e-8 3.685053078925036e-8 6.47127451279016e-8 1.1632929880660781e-7 2.0925117019394668e-7 3.7165595930455264e-7 6.50007069166199e-7 1.1151418058727377e-6 1.886431108999008e-6 3.1726204436668932e-6 5.282815374604411e-6 8.563609479337583e-6 1.2984044778485163e-5 1.772240871888213e-5 2.1748639211144115e-5 2.4369225422266563e-5 2.6275578179782766e-5 2.9724703899659265e-5 3.671830532022154e-5 4.7548352856187275e-5 6.0453508894127825e-5 7.214090183416279e-5 8.090508739266088e-5 8.694650117615006e-5 9.055804920194746e-5 9.120798226523288e-5 8.75366728153891e-5 7.921027540692633e-5 6.713610314077407e-5 5.3030853208522516e-5 3.9223047112767836e-5 2.7699861029473327e-5 1.907085410927371e-5 1.3003428592503524e-5 8.83000268659187e-6 5.927583278430404e-6 3.919540081586093e-6 2.558626201883666e-6 1.667162914787121e-6 1.1005839275253647e-6 7.436354597155265e-7 5.180624177044102e-7 3.746588887372092e-7 2.8305103007797993e-7 2.2264825851334263e-7 1.8065261748894388e-7 1.50491898005464e-7 1.2934848042154243e-7 1.1577137480547014e-7 1.0848758935399148e-7 1.0595995788254283e-7 1.0698533136922816e-7 1.1137394254705557e-7 1.1970607004445932e-7 1.330933337217865e-7 1.5263106761291412e-7 1.7989449573002464e-7 2.1844916009948153e-7 2.741427756275657e-7 3.557836067330702e-7 4.732951467537995e-7 6.323749114142739e-7 8.334234781366468e-7 1.0737502684141813e-6 1.3470906255888344e-6 1.639114140883883e-6 1.9396556973571632e-6 2.281549142939891e-6 2.7375959726260302e-6 3.403526711446808e-6 4.297723099069659e-6 5.312237038492232e-6 6.286702880190207e-6 7.044111295450772e-6 7.431408017646711e-6 7.347202975430751e-6 6.777366692923802e-6 5.812463968520703e-6 4.642141566465365e-6 3.5191570060824674e-6 2.613619611491393e-6 1.944210352537143e-6 1.4555883635056174e-6 1.0695434613971819e-6 7.522149967855394e-7 5.066129628029507e-7 3.314867511487046e-7 2.1618515124610637e-7 1.420433754664878e-7 9.36192686632173e-8 6.162011830317436e-8 4.010235702415948e-8 2.529997997845947e-8 1.5003740284511577e-8 8.225965543757802e-9 4.1198287095477e-9 1.8747870849925587e-9 
4.136782759661588e-9 6.345529572659551e-9 9.437970689081893e-9 1.4288532338778994e-8 2.29643756367907e-8 3.9269137105837455e-8 6.895404070332843e-8 1.2046182463543422e-7 2.0694525488516817e-7 3.5011801802373653e-7 5.828340825560679e-7 9.54223800050264e-7 1.5423126374382377e-6 2.460615514789939e-6 3.840101216690348e-6 5.683822019482084e-6 7.701646794376987e-6 9.510488604198397e-6 1.0832345647169788e-5 1.1880078597127584e-5 1.3421343121778378e-5 1.6127975684136186e-5 2.011270062515168e-5 2.483300222085143e-5 2.9269318587991668e-5 3.283973638027077e-5 3.553152501159742e-5 3.743320460186883e-5 3.845143621769357e-5 3.813061280968206e-5 3.592254244197118e-5 3.1679096423769013e-5 2.5841919960465705e-5 1.954099539097253e-5 1.4016576091969728e-5 9.76959109622946e-6 6.736303209535115e-6 4.628964702221779e-6 3.1531897401785924e-6 2.1295543000845544e-6 1.4371393529990853e-6 9.84262900265598e-7 6.935869562334942e-7 5.04134047281429e-7 3.7831271255206447e-7 2.943655251838967e-7 2.3825112331494266e-7 1.990326642655909e-7 1.6868902027945812e-7 1.4413541199756354e-7 1.2547780116375738e-7 1.129397392348947e-7 1.0576248277350442e-7 1.0195024976690618e-7 1.0008426599342373e-7 1.0006025459840725e-7 1.024827798079618e-7 1.0826081346367273e-7 1.1803628577469529e-7 1.328507612295572e-7 1.5512562773501433e-7 1.8822101132767206e-7 2.3640534108242787e-7 3.0387490234347094e-7 3.9404021693759675e-7 5.08535019551331e-7 6.466388038977033e-7 8.039254619645426e-7 9.70982736723461e-7 1.141706617917657e-6 1.3298179904164395e-6 1.5675462298323296e-6 1.8996532160502294e-6 2.3443337370931046e-6 2.8684387539727574e-6 3.4034872505734267e-6 3.855144260707587e-6 4.115757018832412e-6 4.100213665497214e-6 3.7927118355158015e-6 3.25170003156711e-6 2.5978392656203152e-6 1.980559165454785e-6 1.491779279206171e-6 1.135217164808646e-6 8.73884938536785e-7 6.6010264139381e-7 4.756857783391092e-7 3.2749720823816753e-7 2.1925276139921287e-7 1.4692827062223853e-7 9.966263864364197e-8 6.77345567403894e-8 4.556082692036403e-8 2.97985355992635e-8 1.847546153507322e-8 1.0532983879450995e-8 5.447206843384045e-9 2.5247967664391716e-9 1.0466665039782296e-9 
2.7234849582354066e-9 4.306156728502704e-9 6.478884018563826e-9 9.740701757009764e-9 1.5311626266555543e-8 2.5438509543425587e-8 4.314987152636669e-8 7.225105589485933e-8 1.1853559123926176e-7 1.9202672192460433e-7 3.0885708887029147e-7 4.914425491029908e-7 7.708437499428846e-7 1.1896913181690325e-6 1.797295353599206e-6 2.602540328276417e-6 3.514475866072036e-6 4.4052011223562055e-6 5.1739483891168065e-6 5.8712070638604064e-6 6.709921469672419e-6 7.864142844437902e-6 9.35324590621109e-6 1.1020563821845706e-5 1.2583886156661374e-5 1.3862261729248665e-5 1.4852582008693355e-5 1.562380347886108e-5 1.6220266834635148e-5 1.6485228578213766e-5 1.6026872150014177e-5 1.4588481342173308e-5 1.2242382962653065e-5 9.484380949984258e-6 6.9491895658826876e-6 4.940150423551826e-6 3.4738278651338645e-6 2.4401461102774417e-6 1.7080579391147738e-6 1.1967262101708462e-6 8.502887611636994e-7 6.228366159267304e-7 4.7369944442841413e-7 3.716283507075407e-7 3.003327594323656e-7 2.5119865323003886e-7 2.174327463681693e-7 1.9218953307325443e-7 1.6975279399401642e-7 1.489742425898907e-7 1.3154872526037805e-7 1.1871177964064403e-7 1.1028698768828042e-7 1.045649859308771e-7 1.0032746105982128e-7 9.732674989065776e-8 9.576978875997484e-8 9.606497823219508e-8 9.872166525427151e-8 1.0507925529551575e-7 1.17386212489837e-7 1.3781168086166731e-7 1.6804879522329548e-7 2.090284133206694e-7 2.6249972885666016e-7 3.302082256218442e-7 4.1225722309869363e-7 5.054826183552085e-7 6.032070190087545e-7 7.011637515774703e-7 8.046634622083557e-7 9.279418950679334e-7 1.0923662538018012e-6 1.3121079474736558e-6 1.5811950971452616e-6 1.8708719056437114e-6 2.1303927319946974e-6 2.290018213164791e-6 2.29151095537826e-6 2.1257503918763612e-6 1.8300557981468493e-6 1.476293367424552e-6 1.1455212455373551e-6 8.830470584263795e-7 6.882851329189957e-7 5.406364057313715e-7 4.151615226391583e-7 3.03638820614723e-7 2.1216580326004213e-7 1.4446092625162213e-7 9.87919398850536e-8 6.854022963299314e-8 4.745390342236786e-8 3.216274569229042e-8 2.086501094119668e-8 1.2604127252390246e-8 6.888652529686185e-9 3.3645203018511706e-9 1.4476403730536991e-9 5.489765747674178e-10 
1.900131093599077e-9 3.077541956801166e-9 4.761405780861997e-9 7.2873815412235486e-9 1.1379742450433818e-8 1.8307798811084528e-8 2.952483560985316e-8 4.648838012350948e-8 7.152567335224465e-8 1.0939428125007758e-7 1.6898015431319273e-7 2.624379375640054e-7 4.0419635851324543e-7 6.118191538904019e-7 9.043173526543737e-7 1.2882217695746935e-6 1.739806445004735e-6 2.2226249271029234e-6 2.703835492538506e-6 3.184102403716813e-6 3.692502685658935e-6 4.247379518394067e-6 4.844848620735302e-6 5.453284480537332e-6 6.010616436727781e-6 6.455201957078871e-6 6.781678971603556e-6 7.026797236321959e-6 7.236129909730632e-6 7.361754901288471e-6 7.221164390527571e-6 6.675117941115025e-6 5.723537923515446e-6 4.553404795976013e-6 3.4344800187969738e-6 2.517815098752194e-6 1.8298193790262596e-6 1.3347781465694537e-6 9.786365714311637e-7 7.271050983714411e-7 5.551048169142442e-7 4.400084869600474e-7 3.61228657610127e-7 3.042601962640664e-7 2.6340951814943456e-7 2.3532260911000598e-7 2.158242254572464e-7 1.9973425303868333e-7 1.8278882562336036e-7 1.6479737050664393e-7 1.4786098625588082e-7 1.335747510343644e-7 1.2239033628294238e-7 1.1364603596329257e-7 1.068415940152758e-7 1.0147493716380422e-7 9.702414309012581e-8 9.310854914760218e-8 9.020359658685245e-8 9.024422544383148e-8 9.565592533133675e-8 1.0801040901665557e-7 1.274787040154994e-7 1.531187204992292e-7 1.855630846750233e-7 2.2641668087689275e-7 2.763356834668158e-7 3.3339163093819993e-7 3.9277921935725454e-7 4.51045660646474e-7 5.098382630995975e-7 5.754999762691135e-7 6.585097448179126e-7 7.680881031516226e-7 9.058551229434818e-7 1.0600639120888872e-6 1.2041691257101244e-6 1.296709031288292e-6 1.3020041173342665e-6 1.2150383636924977e-6 1.0575375897384454e-6 8.693657222119084e-7 6.921890070108847e-7 5.472822136181358e-7 4.340196491786729e-7 3.43100673071041e-7 2.6395328402488787e-7 1.9393421364013382e-7 1.367059176105698e-7 9.419940821764733e-8 6.517144336414426e-8 4.555618735593912e-8 3.150735360213027e-8 2.107932008686839e-8 1.3327042020349711e-8 7.75871249245573e-9 4.0516960980442815e-9 1.872842318433492e-9 7.524284656628097e-10 2.6363644474489276e-10 
1.7027852800480403e-9 2.602409035105722e-9 3.959431564205777e-9 6.103696535539364e-9 9.535111398666925e-9 1.4881883780097227e-8 2.2567627380808812e-8 3.2827443955700557e-8 4.644716825099469e-8 6.598402404861663e-8 9.702198858366997e-8 1.469406213793547e-7 2.2327405341270603e-7 3.338740755708306e-7 4.861719605758066e-7 6.835389186492049e-7 9.212600784061935e-7 1.1909300610978291e-6 1.4826291532488165e-6 1.7873300138610845e-6 2.090105318840876e-6 2.37534392360119e-6 2.6346132656431486e-6 2.863926004644449e-6 3.0533611645230213e-6 3.192059919751978e-6 3.2933638215198686e-6 3.3783494439452843e-6 3.457089357463162e-6 3.4902908790798925e-6 3.403413460409548e-6 3.1511619075765817e-6 2.740428692364287e-6 2.241798800100771e-6 1.7552704885427256e-6 1.3438180586330451e-6 1.0245073647438355e-6 7.88864364702222e-7 6.175453568365432e-7 4.960667826395577e-7 4.117996730471824e-7 3.531481642997393e-7 3.104499541768081e-7 2.786368136351904e-7 2.5664882667088645e-7 2.4242787358228607e-7 2.324741128664432e-7 2.225640099605545e-7 2.097043956527433e-7 1.939588076119691e-7 1.7692146039431705e-7 1.600562819685734e-7 1.444989680197227e-7 1.3121957439448243e-7 1.2087178317429646e-7 1.1274834474348619e-7 1.0550345240949364e-7 9.78601395336617e-8 9.023737734385388e-8 8.511847851728617e-8 8.519180956651078e-8 9.176827114146491e-8 1.0413297298566937e-7 1.20097163058326e-7 1.3927505326017476e-7 1.6297321179155211e-7 1.9231947774046882e-7 2.2674888914830103e-7 2.633174596104864e-7 2.9951984912430744e-7 3.354720674901394e-7 3.7362569524315155e-7 4.1851945414239576e-7 4.7498055182743946e-7 5.457459601466017e-7 6.266856329906842e-7 7.049378480447589e-7 7.575597776005678e-7 7.633944848335124e-7 7.185625540566701e-7 6.345071441044326e-7 5.327159846076674e-7 4.348818049973032e-7 3.5096310406115117e-7 2.807757263162642e-7 2.2106663078675174e-7 1.6877901601598043e-7 1.2388942989826444e-7 8.787443070019957e-8 6.104642614830197e-8 4.227365276665928e-8 2.919757163035212e-8 1.9680522441306795e-8 1.2670776226538746e-8 7.632978901260115e-9 4.216880730554669e-9 2.0892511401874293e-9 9.132307037167119e-10 3.4390211541522764e-10 1.122101109241263e-10 
1.9432251558986885e-9 2.617999518148716e-9 3.678738684924726e-9 5.552031498633124e-9 8.685584931122332e-9 1.3243793863140264e-8 1.8887180138431584e-8 2.5178636934953154e-8 3.227943328753796e-8 4.194069575321592e-8 5.8080442346194724e-8 8.516195070838454e-8 1.2674741107138876e-7 1.8565040803398825e-7 2.6399452621850954e-7 3.637229779136858e-7 4.870939656642627e-7 6.360895440629921e-7 8.106369211707319e-7 1.0039482059624159e-6 1.1974552180022615e-6 1.3725772034073447e-6 1.5219223898429428e-6 1.6484915362873474e-6 1.7552015753561918e-6 1.8284618548522973e-6 1.8574260555310365e-6 1.844584767799188e-6 1.8059229445496983e-6 1.752455688434164e-6 1.6718358028105592e-6 1.5471165634290262e-6 1.3728436098196754e-6 1.1648658225634969e-6 9.567775812336743e-7 7.749774994318307e-7 6.298423795816391e-7 5.212305980735912e-7 4.428088475920063e-7 3.8786140274060086e-7 3.491880311043572e-7 3.209623940799686e-7 2.9959596190027476e-7 2.849042266504947e-7 2.771222444348325e-7 2.737768795262745e-7 2.7140652114383683e-7 2.6655606093806863e-7 2.5722453926032353e-7 2.4312090422356955e-7 2.2486855118748562e-7 2.037159660461654e-7 1.8172321537077295e-7 1.6183632279362455e-7 1.46015390401927e-7 1.334849392703882e-7 1.2226545652463572e-7 1.1039550676708936e-7 9.824066485174368e-8 8.857993857851972e-8 8.425676417903303e-8 8.646388055682208e-8 9.39721892788018e-8 1.035952474021761e-7 1.1386889912682134e-7 1.2578624790465915e-7 1.4102601957740118e-7 1.6047186651471503e-7 1.8270072318167837e-7 2.0565607730216364e-7 2.2852680588388724e-7 2.5181549746388147e-7 2.7736958066336647e-7 3.0774173073055814e-7 3.450901137475961e-7 3.8790002159460505e-7 4.296956970208665e-7 4.580406058883534e-7 4.611553549448197e-7 4.3657130327883574e-7 3.903319359336829e-7 3.33967211506662e-7 2.787468414523543e-7 2.2898388782985366e-7 1.8452311504418617e-7 1.447300999475403e-7 1.0978424155170039e-7 8.065794822131132e-8 5.765202432282793e-8 4.031959719840866e-8 2.7746157044893368e-8 1.868261675952021e-8 1.2056870520863725e-8 7.313118853004109e-9 4.097270629168357e-9 2.0982577303558177e-9 9.683981214064297e-10 3.951546888273794e-10 1.3833439004094036e-10 4.187279114259596e-11 
2.2736565472804373e-9 2.761673089655555e-9 3.550352461725913e-9 5.168394578524784e-9 8.061521962289318e-9 1.2069730355393513e-8 1.6373867818054156e-8 2.0253267895449706e-8 2.3719077671359337e-8 2.830103116453793e-8 3.7044717260453e-8 5.282442624186662e-8 7.738860580890401e-8 1.116437458091495e-7 1.5602431916387775e-7 2.1144822784836091e-7 2.795736692657357e-7 3.6190324381827013e-7 4.586066127232896e-7 5.658453372461391e-7 6.736012333244668e-7 7.71590726207757e-7 8.537094868123508e-7 9.174740526091535e-7 9.612375516732762e-7 9.845661421966974e-7 9.924322609372849e-7 9.89661185916726e-7 9.771596011821858e-7 9.482740652754545e-7 8.985710957142592e-7 8.301358480748196e-7 7.490059899570128e-7 6.636421047067153e-7 5.817096959073148e-7 5.08734769089232e-7 4.483014859582563e-7 4.024048043453095e-7 3.7110321625428766e-7 3.515692355028458e-7 3.3913882499974666e-7 3.308285602374891e-7 3.2601072052061536e-7 3.2649177298772526e-7 3.3215453543273945e-7 3.3948437647404825e-7 3.4472991694818245e-7 3.4486712494232234e-7 3.384487262391582e-7 3.2448289112627483e-7 3.025545181267983e-7 2.739213304658192e-7 2.4198059574990197e-7 2.119680471226828e-7 1.87179536749384e-7 1.6694416987988985e-7 1.490049839485849e-7 1.311660552935261e-7 1.1386728154792797e-7 9.982085972710476e-8 9.162869647341218e-8 9.01994921499918e-8 9.394339924826295e-8 9.901915775398662e-8 1.0309070810001907e-7 1.0684642612547358e-7 1.1237080157381077e-7 1.2171402745398273e-7 1.346762839237956e-7 1.4958279190258577e-7 1.6505261259453842e-7 1.8038594863590563e-7 1.95807351975397e-7 2.123262615692173e-7 2.313149695911041e-7 2.52566612770374e-7 2.7339395964791594e-7 2.8774221606859707e-7 2.8903151542821516e-7 2.750129751485561e-7 2.484107104350686e-7 2.1544008241890838e-7 1.8253254381599413e-7 1.5178524886069983e-7 1.23057294480824e-7 9.651057049334519e-8 7.316672956114937e-8 5.408798089258082e-8 3.912501558235097e-8 2.7669374633300506e-8 1.905908639605674e-8 1.2653175128668638e-8 7.921320458245804e-9 4.5696824175731645e-9 2.3770830409688606e-9 1.1069370124634496e-9 4.608996663550593e-10 1.688738768970572e-10 5.269728931482007e-11 1.4301024724235462e-11 
2.3485715299785027e-9 2.692204091296279e-9 3.2595521970280495e-9 4.606083546669603e-9 7.145782187030102e-9 1.0538807250137883e-8 1.3787055096371986e-8 1.6144248824939928e-8 1.7637063601757178e-8 1.964958727835544e-8 2.4600647980557613e-8 3.443661344173974e-8 4.995019314121386e-8 7.107105400721282e-8 9.732522888026204e-8 1.290729088434513e-7 1.6759161704532184e-7 2.1392757183773135e-7 2.682164186763094e-7 3.285496675258674e-7 3.9055279618381673e-7 4.4906860643949894e-7 4.998106007545718e-7 5.393335136136112e-7 5.653037243149194e-7 5.781889393976173e-7 5.81591964833093e-7 5.782968774548169e-7 5.682884932319099e-7 5.48349945388306e-7 5.192975500711965e-7 4.86382996162733e-7 4.5535795545235087e-7 4.298495793244096e-7 4.089158100105605e-7 3.9086518131944963e-7 3.7632346735017634e-7 3.6735444135286967e-7 3.6598603504354864e-7 3.710055806673066e-7 3.791847680523421e-7 3.892031186421278e-7 4.0200090437336315e-7 4.2003473081661143e-7 4.419766080093629e-7 4.624066055767093e-7 4.7654769224533865e-7 4.813810307739928e-7 4.7626380884949654e-7 4.5988163805618774e-7 4.3066178452996144e-7 3.897367330409012e-7 3.41947590168796e-7 2.953567579041772e-7 2.5511259392310047e-7 2.2112205501475306e-7 1.9132971557234432e-7 1.63783234880403e-7 1.3917497577872333e-7 1.1973506135461706e-7 1.0715574571353787e-7 1.0158421436010401e-7 1.0101687379545063e-7 1.014658035283072e-7 1.0026553486802098e-7 9.793475221986565e-8 9.672976550755768e-8 9.931628868892115e-8 1.0618115938629259e-7 1.158192279650501e-7 1.2647105139808102e-7 1.3675392680389963e-7 1.4607943869816825e-7 1.546900849120548e-7 1.63439578180999e-7 1.7272278141607185e-7 1.8184883393131927e-7 1.8826207575239785e-7 1.8823955317330015e-7 1.796487681628907e-7 1.6337815425447974e-7 1.427657808961147e-7 1.218176290971912e-7 1.0187708686019035e-7 8.293221067571951e-8 6.5261327447477e-8 4.97444232472743e-8 3.7148642112041113e-8 2.7277076531713118e-8 1.9669219440303147e-8 1.3877469691335625e-8 9.48870002931485e-9 6.1246162405124025e-9 3.6118113643853787e-9 1.8821871279205216e-9 8.47853942802384e-10 3.306668381786483e-10 1.1036321951220391e-10 3.042851017565122e-11 7.278219746813044e-12 
2.0362764236883583e-9 2.2771822892887126e-9 2.6888924898063086e-9 3.758579620204289e-9 5.817859097622212e-9 8.480722070758987e-9 1.082532868621739e-8 1.2244729433926693e-8 1.2821783410476766e-8 1.3722758027431521e-8 1.6804108479561644e-8 2.3472797218977074e-8 3.40837997910671e-8 4.809509306419179e-8 6.44123956078649e-8 8.29471610138548e-8 1.0512443636362847e-7 1.323778585294102e-7 1.6544346445906896e-7 2.0343575961401436e-7 2.4409025813029267e-7 2.8419855645286237e-7 3.2129018578037757e-7 3.540154503512925e-7 3.819636776766878e-7 4.005852670999173e-7 4.0389898630869177e-7 3.9047561942109997e-7 3.6602853383155795e-7 3.413919998419781e-7 3.235572290233629e-7 3.1499364492454713e-7 3.156218666331911e-7 3.237504748502464e-7 3.364926725623928e-7 3.515218169044003e-7 3.689394922162511e-7 3.9031695367861043e-7 4.173584044629108e-7 4.4882892009691193e-7 4.818589880839994e-7 5.159575032183488e-7 5.530752745445843e-7 5.961733544442191e-7 6.421680060538617e-7 6.819299069193336e-7 7.081531585265263e-7 7.173315233873338e-7 7.108680772580516e-7 6.882879590776774e-7 6.466454580577018e-7 5.86387718769994e-7 5.135294272685309e-7 4.396682149943605e-7 3.7291798157135153e-7 3.147017749585275e-7 2.638815508692143e-7 2.193097628863339e-7 1.8220456591384386e-7 1.5394023778668963e-7 1.3447015683631565e-7 1.224909659382803e-7 1.1539362153848109e-7 1.0967884826319102e-7 1.0307014656916482e-7 9.59801995708659e-8 9.032692862037588e-8 8.844611171125844e-8 9.084152368715159e-8 9.623604822969655e-8 1.0293523958671206e-7 1.0938861962043972e-7 1.1456725815228414e-7 1.1818521084592032e-7 1.208039996075907e-7 1.2322048648821566e-7 1.2588978755522194e-7 1.280768583461859e-7 1.2745150445857802e-7 1.219145469041483e-7 1.113350467846871e-7 9.745401372117248e-8 8.298334024696012e-8 6.914576007742956e-8 5.618102954757151e-8 4.4318684893741196e-8 3.402042985813808e-8 2.565938878572732e-8 1.9150507204614462e-8 1.426875198671129e-8 1.0697977965330413e-8 8.00412324646648e-9 5.7239907208922836e-9 3.7272561098456684e-9 2.1230745372251483e-9 1.026133337725055e-9 4.244960935571898e-10 1.5067567569999814e-10 4.484888835476092e-11 1.1698769091383514e-11 
1.4259254859918314e-9 1.59685249196093e-9 1.9117117691432585e-9 2.725377417790156e-9 4.257250991499591e-9 6.170837723695211e-9 7.770331833376398e-9 8.664853774666821e-9 9.00062541090656e-9 9.696735230291715e-9 1.212334392626554e-8 1.7433285596464997e-8 2.6071199138606085e-8 3.77565308340518e-8 5.1489225218474964e-8 6.648034881231071e-8 8.247354545858518e-8 9.914368579887331e-8 1.1596854689892767e-7 1.325026277854839e-7 1.491346659220623e-7 1.6604018887778367e-7 1.8154095468888757e-7 1.9180523670128182e-7 1.9304993831863562e-7 1.903667962964659e-7 1.9407212420938275e-7 2.087605830696228e-7 2.286735584883879e-7 2.4059014982575683e-7 2.4274727273776393e-7 2.4401972145891655e-7 2.545532730152743e-7 2.7980860200081445e-7 3.1643788201510793e-7 3.59884506365418e-7 4.091603361124936e-7 4.654983821328532e-7 5.302386049577707e-7 6.009107660648176e-7 6.730926344240229e-7 7.458208751914347e-7 8.218294413394924e-7 9.056268223589261e-7 9.9208452532428e-7 1.0650391635811432e-6 1.1115966395106074e-6 1.1263534494902306e-6 1.1143867342433858e-6 1.0782810118877148e-6 1.0146433772783788e-6 9.232885093783857e-7 8.111470237951418e-7 6.935686785672129e-7 5.82784089577772e-7 4.831597665531028e-7 3.9563460412695984e-7 3.2069586717082563e-7 2.6049947779928193e-7 2.1537760655284582e-7 1.8277714471710483e-7 1.5920700693163478e-7 1.4114042606869015e-7 1.2612353246553785e-7 1.1288285092775264e-7 1.0157604851039611e-7 9.299490902150492e-8 8.791971505184986e-8 8.616411895952992e-8 8.703029187739728e-8 8.959821474546944e-8 9.269213868909159e-8 9.482182879284904e-8 9.480827932316156e-8 9.29123114848709e-8 9.048764720610297e-8 8.911063138011568e-8 8.92369564091206e-8 8.892735931560715e-8 8.569111821019113e-8 7.861662360095197e-8 6.853634673757564e-8 5.759651321989318e-8 4.7198894604379016e-8 3.784913645694457e-8 2.9711073973675977e-8 2.286218094146445e-8 1.735404078721738e-8 1.3223931323669978e-8 1.0422012174743348e-8 8.668080213129205e-9 7.39600313502895e-9 5.987422518581084e-9 4.333364966192159e-9 2.7116825498618e-9 1.4351210325805743e-9 6.559373297039082e-10 2.621498243796286e-10 9.007244676181406e-11 2.681988310506266e-11 
8.050416009705498e-10 9.246533390775632e-10 1.1682447529718876e-9 1.7550211894486094e-9 2.8035092038154257e-9 4.0639624212274675e-9 5.082389263233581e-9 5.651951702425496e-9 5.938675019607655e-9 6.6072562074816185e-9 8.597355312837643e-9 1.273575671992796e-8 1.923931171941992e-8 2.7575597199555138e-8 3.63796983367107e-8 4.474228385075803e-8 5.3365201342966535e-8 6.347914566806934e-8 7.620114607487777e-8 9.168620449559191e-8 1.0940187580424706e-7 1.281248927019295e-7 1.4692665987612213e-7 1.6555301502758307e-7 1.8433147293559604e-7 1.9955907554683891e-7 2.0543826165448447e-7 1.999751004942852e-7 1.8775394308181873e-7 1.7896521214465932e-7 1.8089769895565788e-7 1.9652329204349572e-7 2.264700579222612e-7 2.7039100959871146e-7 3.282206561090049e-7 4.009103797387709e-7 4.901592411898056e-7 5.972697907236468e-7 7.214753257556607e-7 8.571333579412283e-7 9.957003527919475e-7 1.1342904200551504e-6 1.2768194242193444e-6 1.4318718037858548e-6 1.5922238686010668e-6 1.7289936778308937e-6 1.8172081376948772e-6 1.8445700181989504e-6 1.819448765590954e-6 1.7517357484541187e-6 1.6437100939104439e-6 1.4984703245663818e-6 1.3247058287486202e-6 1.1391231493479768e-6 9.5744645540584e-7 7.888561332214234e-7 6.384902255886384e-7 5.099885280667047e-7 4.068557561572869e-7 3.284930134947817e-7 2.6956998511903904e-7 2.239651794492221e-7 1.8679490674383173e-7 1.5663150650171088e-7 1.3322662247272126e-7 1.1612207130435133e-7 1.0431581749690638e-7 9.613027746481018e-8 8.99546061532518e-8 8.544229115618798e-8 8.27085460735377e-8 8.149025347566964e-8 8.047433041142905e-8 7.798777706084463e-8 7.386666762652972e-8 6.9300207529408e-8 6.590635328964616e-8 6.436316694335168e-8 6.320603923302066e-8 6.042395959547531e-8 5.5131030322638227e-8 4.7720768435079367e-8 3.963425643038088e-8 3.200487153617533e-8 2.534232263767894e-8 1.9767085106802958e-8 1.5209131990109127e-8 1.162126387309546e-8 9.159831051017683e-9 7.860475134600828e-9 7.420189825671243e-9 7.152569439869344e-9 6.354563709482907e-9 4.9566091444745754e-9 3.341506810684134e-9 1.9346840796294824e-9 9.866164350490408e-10 4.456668925476694e-10 1.7385300968476743e-10 5.699431756156626e-11 
3.6918239013913747e-10 4.471618263458979e-10 6.209866982926071e-10 1.009007167445824e-9 1.666814007027507e-9 2.443762227137428e-9 3.1038538185381434e-9 3.5930518431076614e-9 4.0866498493748505e-9 5.033740686373192e-9 7.016714820904935e-9 1.0631651303683507e-8 1.615510245499652e-8 2.3365418329768292e-8 3.131237845466429e-8 3.894959847314358e-8 4.597079943345087e-8 5.252509345056152e-8 5.901432740292979e-8 6.594891106266712e-8 7.413268012995932e-8 8.390306330889984e-8 9.442071271740253e-8 1.0361969211520435e-7 1.0935742756526681e-7 1.1308395015595968e-7 1.1870387633140129e-7 1.28438031474295e-7 1.4118606198770814e-7 1.5369909768586628e-7 1.6805223103152854e-7 1.9087569177866128e-7 2.2931204369086623e-7 2.8896571715657907e-7 3.7283422737062955e-7 4.846997960702275e-7 6.291037025889113e-7 8.093172056439154e-7 1.0242084143719662e-6 1.263425863561668e-6 1.5113576866521553e-6 1.7627337198771324e-6 2.0246901459742827e-6 2.313050107028177e-6 2.6159821569060416e-6 2.8816612026431796e-6 3.0601040806912103e-6 3.1193210820302564e-6 3.0644483435988772e-6 2.9215861821496764e-6 2.718053228486622e-6 2.473641812933922e-6 2.201627762211091e-6 1.910273741659419e-6 1.6136224482682284e-6 1.3292330099965492e-6 1.0715441679118744e-6 8.506729286770664e-7 6.708431630537563e-7 5.300205384979332e-7 4.2054368696573086e-7 3.340571399277453e-7 2.6407257428094286e-7 2.0924695258530403e-7 1.693862705321721e-7 1.4255939354437155e-7 1.25249071580582e-7 1.1271952378907532e-7 1.0151433308332331e-7 9.132451946808575e-8 8.313280807124696e-8 7.753608025688994e-8 7.343720346962722e-8 6.868185101642489e-8 6.266145783871745e-8 5.642124778532974e-8 5.1646726447264754e-8 4.915957757726934e-8 4.75668497239862e-8 4.49234022292454e-8 4.0361290115367475e-8 3.421888899313367e-8 2.777637605641924e-8 2.196625457927217e-8 1.7109940763416128e-8 1.3195573925196093e-8 1.0084322557906762e-8 7.752025216761679e-9 6.4018309840114515e-9 6.0550051756204465e-9 6.373598635538215e-9 6.654408876415704e-9 6.253453002452204e-9 5.155919796841412e-9 3.7344958213636505e-9 2.387416000730161e-9 1.3642815958737146e-9 6.868455998505374e-10 2.9424245297292296e-10 1.0248446789326603e-10 
1.3388748740288296e-10 1.8018609509906413e-10 2.9216818284283416e-10 5.30528778227225e-10 9.281835097372858e-10 1.4297936272515668e-9 1.9708447458414203e-9 2.596677749058881e-9 3.4478005088533685e-9 4.7339338704527876e-9 6.660221119706475e-9 9.548909179602715e-9 1.3693368144549353e-8 1.916477467860637e-8 2.549530165992481e-8 3.178790522012186e-8 3.735948647705567e-8 4.196726362214562e-8 4.5854806558351685e-8 4.987737402861466e-8 5.533119330974366e-8 6.283338140609753e-8 7.163927254263536e-8 7.968029167457239e-8 8.484498743289741e-8 8.868868438488087e-8 9.525979339917551e-8 1.070511621976458e-7 1.2345497065556638e-7 1.4189584604443782e-7 1.6497242461819692e-7 1.99889869486173e-7 2.5493890396912414e-7 3.3824135432086813e-7 4.5754497483104874e-7 6.232236152493663e-7 8.460637375396069e-7 1.1335964298945707e-6 1.48491499065043e-6 1.8837789181136088e-6 2.309318971782369e-6 2.7594977984557785e-6 3.2494006088624e-6 3.7984485034382203e-6 4.373113967068076e-6 4.880046367967179e-6 5.22794359706879e-6 5.350076153895557e-6 5.2377164946955874e-6 4.945102912177879e-6 4.556125984033755e-6 4.129686128236554e-6 3.688317989769398e-6 3.2149945838284716e-6 2.715377000204563e-6 2.2258821071690844e-6 1.7825711593406607e-6 1.4088625759086131e-6 1.1050603915050997e-6 8.618713880840264e-7 6.677337488117098e-7 5.12554122559481e-7 3.889231276765588e-7 2.94520851802288e-7 2.275881220343602e-7 1.8353070894715794e-7 1.55631856168456e-7 1.3581394444514923e-7 1.184457716560457e-7 1.0237583059701919e-7 8.860355730951695e-8 7.813964677953516e-8 7.038422415560892e-8 6.333697777792884e-8 5.611371577079299e-8 4.929081626062551e-8 4.405984518625171e-8 4.0945098416922016e-8 3.8621249814096576e-8 3.542228357371513e-8 3.0748405991827504e-8 2.510986931096727e-8 1.9734809005130677e-8 1.5271440280009213e-8 1.1741531858557512e-8 8.96845434454968e-9 6.785974594690884e-9 5.2252130339429335e-9 4.482726824353643e-9 4.548422579574826e-9 5.107165431726396e-9 5.566626263370892e-9 5.443653777210115e-9 4.748930525813823e-9 3.731115851474712e-9 2.6463674080885213e-9 1.6720881194276213e-9 9.114752726878278e-10 4.140061111998863e-10 1.4913859729766505e-10 
4.1680116763812724e-11 6.997047770032381e-11 1.4593485048331424e-10 3.125160433243806e-10 6.142399548602194e-10 1.0787761343556707e-9 1.756731398895079e-9 2.730560096235516e-9 4.051254867080375e-9 5.6525841101997995e-9 7.3473793781331485e-9 9.190065607387768e-9 1.148386120815476e-8 1.4557015805505604e-8 1.837681139244685e-8 2.2364272512572725e-8 2.6096066696802498e-8 2.9674832700306723e-8 3.376705623314784e-8 3.949238074656367e-8 4.778170527709491e-8 5.850890964337307e-8 7.133447922241386e-8 8.616963873457918e-8 1.031949065244098e-7 1.189020737923837e-7 1.2822326634145262e-7 1.3014679553105835e-7 1.3046864804421125e-7 1.407274632684543e-7 1.6978636256413384e-7 2.229903424864519e-7 3.0517148644640957e-7 4.240710760639999e-7 5.938660291259902e-7 8.350596124532711e-7 1.1683254895713302e-6 1.608713908981922e-6 2.1584254946977014e-6 2.7987865793950895e-6 3.513920233960583e-6 4.316868801336073e-6 5.233394674940286e-6 6.265017605944681e-6 7.312748097178405e-6 8.213141064376459e-6 8.823260730393452e-6 9.039411965260385e-6 8.834291750885888e-6 8.29635131661723e-6 7.592701376167208e-6 6.844059892264246e-6 6.092168687299663e-6 5.285873247117459e-6 4.424854303409099e-6 3.5838271669106027e-6 2.8383591580912154e-6 2.2326390115615945e-6 1.7520118530672858e-6 1.3653845279753813e-6 1.050211544691824e-6 7.931808425425117e-7 5.876165897584063e-7 4.310797117084862e-7 3.1985656704411194e-7 2.45980654926212e-7 1.988731736976981e-7 1.6656576217788157e-7 1.4062071820797082e-7 1.1786891898071325e-7 9.817957487537315e-8 8.226584912627928e-8 7.012698834101709e-8 6.050552814074488e-8 5.2442608356912085e-8 4.579358712603533e-8 4.078488547131241e-8 3.7284103241833824e-8 3.4079603852349324e-8 2.998007699810515e-8 2.4790248840606785e-8 1.924594213295814e-8 1.4514203543377835e-8 1.0973105163444512e-8 8.378708491515168e-9 6.404269324772217e-9 4.836387470819782e-9 3.7033564184276423e-9 3.1591628100041384e-9 3.2009859863707333e-9 3.615364835191926e-9 4.009872816213252e-9 4.0855449240786096e-9 3.829318443262618e-9 3.308998184516474e-9 2.5978896744455048e-9 1.7796962160356243e-9 1.024501518142142e-9 4.822710300166517e-10 1.770759041961019e-10 
1.6217576301155497e-11 4.405304727104263e-11 1.2840181358565682e-10 3.2741495481387946e-10 7.232335295210445e-10 1.4069114300066092e-9 2.4759249004492916e-9 3.9830108719857064e-9 5.849527731600482e-9 7.750742199472919e-9 9.205012401836319e-9 1.0200798676669025e-8 1.1356870413723848e-8 1.3653886457858653e-8 1.7852359248081e-8 2.342906714581585e-8 2.8643045002936298e-8 3.187634942659786e-8 3.2303430704535595e-8 3.0916809789995846e-8 3.010692494256323e-8 3.193736938999856e-8 3.653869273560469e-8 4.1817325466187576e-8 4.473106676864789e-8 4.8380351748232116e-8 6.045276695902504e-8 8.540902518872106e-8 1.2135860040852828e-7 1.6216856481706636e-7 2.1141036136576947e-7 2.820620578852929e-7 3.9063382183800547e-7 5.557482767639887e-7 7.982240641887851e-7 1.1462117842735238e-6 1.6315122830329764e-6 2.2819769687329336e-6 3.112872265680069e-6 4.117602472572194e-6 5.306931806601633e-6 6.723362572709224e-6 8.395120963386246e-6 1.0254515440372027e-5 1.2058576260792528e-5 1.3536510048246957e-5 1.4500329647955986e-5 1.4835470249881582e-5 1.4505938022223316e-5 1.361916074325853e-5 1.2424856723850038e-5 1.1121327926325015e-5 9.796190816475977e-6 8.388053835323032e-6 6.913733700283317e-6 5.5101862096166515e-6 4.3075687423988386e-6 3.3726639144705633e-6 2.6593906995194753e-6 2.0927762044102974e-6 1.624145208917471e-6 1.2301541233891805e-6 9.054756226097757e-7 6.521145959581946e-7 4.680661245850848e-7 3.4332446468470313e-7 2.6309317926296185e-7 2.0993661770950582e-7 1.7088451090212763e-7 1.392671276560173e-7 1.1268374959046772e-7 9.074766135218518e-8 7.366842619335089e-8 6.086665159031529e-8 5.1345975895608544e-8 4.4382950683024034e-8 3.9439874333235924e-8 3.587740289168761e-8 3.242890578707346e-8 2.799537872200202e-8 2.249052404700276e-8 1.675947894573106e-8 1.2070785303673255e-8 8.811850501145215e-9 6.653244329042266e-9 5.156264548923115e-9 3.983430276218947e-9 3.0450015218197687e-9 2.427904480310552e-9 2.1884916996254157e-9 2.26504715163073e-9 2.4741788535554567e-9 2.6447734167509153e-9 2.7056303152095465e-9 2.5768545047473074e-9 2.200011665699977e-9 1.5933284723275633e-9 9.480150599851173e-10 4.5524155697865456e-10 1.688522522511356e-10 
1.5130446602834276e-11 5.976928550071392e-11 2.0057871802571215e-10 5.373018537337647e-10 1.2071060575116701e-9 2.327892767683344e-9 3.9364842988967455e-9 5.946694273522032e-9 8.09452520352883e-9 9.859858458439112e-9 1.0645005620375519e-8 1.043092083221639e-8 9.851990498837566e-9 9.898149410511689e-9 1.13598581027012e-8 1.4031373294602005e-8 1.7041835437853216e-8 1.9729533776277683e-8 2.198817177552583e-8 2.4642185480252904e-8 2.8890368897362296e-8 3.545349277147701e-8 4.5045063860828594e-8 5.867783717388835e-8 7.730501211160505e-8 9.840749063861033e-8 1.1796465185704316e-7 1.353211534310438e-7 1.5588163995516754e-7 1.912725253897526e-7 2.5391794453205797e-7 3.5644543646027655e-7 5.138889837740487e-7 7.480911587345584e-7 1.0906841617915138e-6 1.5827532270738712e-6 2.2713133902421793e-6 3.2044819054365446e-6 4.428203190686284e-6 5.979913355950684e-6 7.929893040687015e-6 1.035641438685152e-5 1.3257609406838147e-5 1.6410654148996822e-5 1.9326995156691496e-5 2.159476968449014e-5 2.3012868193720477e-5 2.3513274804227476e-5 2.3067825004548724e-5 2.1739995759663543e-5 1.9816517249638156e-5 1.758854668922912e-5 1.526035397453175e-5 1.2846155247409514e-5 1.0423623064510676e-5 8.198799670519517e-6 6.349018107564689e-6 4.952488993749834e-6 3.923749809181143e-6 3.1294887018658958e-6 2.4736449520160995e-6 1.9053009457991118e-6 1.412540636519856e-6 1.0089795181988897e-6 7.050373042791951e-7 4.944469092933375e-7 3.590842522570945e-7 2.727780362105122e-7 2.1378630117163583e-7 1.6909151400329567e-7 1.3266026345509301e-7 1.025364479556648e-7 7.918322914887909e-8 6.276568083149938e-8 5.201567502076358e-8 4.5134739645099465e-8 4.02667181630341e-8 3.601536203688681e-8 3.1503920167257326e-8 2.631871270227305e-8 2.0677152074142593e-8 1.5307538474701393e-8 1.1094997464286815e-8 8.247340572021983e-9 6.449753775681018e-9 5.2793528605341216e-9 4.3399110330506954e-9 3.4013678331522644e-9 2.5123265797004173e-9 1.8451748743274654e-9 1.5042755797154694e-9 1.4615768367546787e-9 1.5825575172358574e-9 1.7318154284651947e-9 1.764824314225931e-9 1.5814238581937545e-9 1.1771282371070273e-9 7.107581594308812e-10 3.441116781984316e-10 1.2812383726721134e-10 
2.2204014316630388e-11 9.415369988786129e-11 3.2176389489068665e-10 8.606048005226173e-10 1.9068974408900508e-9 3.5623724047899543e-9 5.70750447102686e-9 8.056990319035447e-9 1.0192625476189628e-8 1.1581585133620421e-8 1.1774183423583866e-8 1.0914086626763378e-8 9.734540859908908e-9 9.306727830827264e-9 1.0548804482465753e-8 1.3363203900858259e-8 1.6597005422459553e-8 1.9023570826712154e-8 1.9863315171689848e-8 1.95891210024367e-8 1.9743082471112115e-8 2.205410831728464e-8 2.7732454566352307e-8 3.734903686866744e-8 5.0835935088636236e-8 6.91983259305234e-8 9.490270941610978e-8 1.3038295041429908e-7 1.7801921997741848e-7 2.4185291127859584e-7 3.3327450652585177e-7 4.722446484945537e-7 6.859868688530986e-7 1.011922940547559e-6 1.4957867902007609e-6 2.188139782442739e-6 3.149010046791814e-6 4.4538223970097556e-6 6.205640314698478e-6 8.536245981642543e-6 1.1616709382092408e-5 1.555345320331591e-5 2.025535893135733e-5 2.5236147425053455e-5 2.9671328844471287e-5 3.3011311833730177e-5 3.510333587736978e-5 3.5982783326969514e-5 3.558437193268688e-5 3.3777406213918194e-5 3.0831284166913724e-5 2.719807856103774e-5 2.334726513165581e-5 1.948236081499194e-5 1.574495623925414e-5 1.2368594080409157e-5 9.551184535071306e-6 7.391645338753535e-6 5.811361430192131e-6 4.63965545302513e-6 3.7093590141183087e-6 2.904800208718601e-6 2.176626465514999e-6 1.5501956649589e-6 1.0621692556983648e-6 7.186177868102058e-7 4.994517682188523e-7 3.644208108173455e-7 2.7659494955447944e-7 2.1314115044448208e-7 1.631340288147592e-7 1.2260380167202966e-7 9.167596435145955e-8 7.039374503774972e-8 5.6856647773091544e-8 4.840025557686063e-8 4.2363780020601235e-8 3.703738868388631e-8 3.18091307269344e-8 2.6459316434556205e-8 2.1093188291396598e-8 1.6102714823973498e-8 1.2072547750210948e-8 9.216116725314536e-9 7.376900000347671e-9 6.227782045300358e-9 5.3398751289860614e-9 4.319169959626192e-9 3.144813629974797e-9 2.084758654920874e-9 1.3772194433932625e-9 1.0939546252486624e-9 1.0796277161989284e-9 1.1440018961596206e-9 1.1445023436861894e-9 1.0066173199610007e-9 7.377391660102973e-10 4.4100155841324616e-10 2.1198831099950596e-10 7.856627636110549e-11 
2.9229404971569296e-11 1.258915254834028e-10 4.318491466459426e-10 1.1502703435283119e-9 2.5194966634351097e-9 4.589258398380753e-9 7.042037168172124e-9 9.396517003901275e-9 1.115412030505759e-8 1.1936412167609497e-8 1.1603167729601171e-8 1.0451831158975422e-8 9.13199845182522e-9 8.50165176383619e-9 9.322628561339806e-9 1.1609288805546141e-8 1.4386361519993632e-8 1.6477393688257858e-8 1.7003872521407843e-8 1.6229459928553757e-8 1.551527933261099e-8 1.6657686994306088e-8 2.109947559852573e-8 2.980529166510698e-8 4.334305384020901e-8 6.430975889714514e-8 9.719299899839224e-8 1.4576545319151577e-7 2.128035570303981e-7 3.024088824950144e-7 4.2814000077406357e-7 6.168627110575272e-7 9.085159886883818e-7 1.3607921392132047e-6 2.0419292797584823e-6 3.0145299341003057e-6 4.347557935674281e-6 6.143412741445339e-6 8.579854838644983e-6 1.1933934378578554e-5 1.6527591701962295e-5 2.2492750107699564e-5 2.9588151596817126e-5 3.694937567634252e-5 4.334187273065226e-5 4.813741146821338e-5 5.132474912914523e-5 5.307240509178891e-5 5.311739047154496e-5 5.09158973826755e-5 4.675061243293687e-5 4.140297326979228e-5 3.578744611262711e-5 3.0271457985280615e-5 2.4887412110239652e-5 1.980858549863407e-5 1.5292789615881024e-5 1.1612639146734443e-5 8.868247078525024e-6 6.911791131991261e-6 5.466515523341453e-6 4.28424596296793e-6 3.216809596267365e-6 2.2815358686697906e-6 1.5427535922944709e-6 1.0202495388006049e-6 6.895017796230536e-7 4.89646547932352e-7 3.6280049072849595e-7 2.73671171796389e-7 2.0549552470076317e-7 1.5178765067172562e-7 1.1153158093643323e-7 8.38109947078466e-8 6.58754336678726e-8 5.434224731622341e-8 4.600026049288866e-8 3.894292786733171e-8 3.275459341364294e-8 2.7274719324574182e-8 2.234025641279746e-8 1.7842785643270616e-8 1.3944951021814228e-8 1.0866942784276612e-8 8.710840390124956e-9 7.353855907452975e-9 6.4158554142837345e-9 5.346364757285702e-9 4.000934900896339e-9 2.6877938318381225e-9 1.7354184158029464e-9 1.2806528234794838e-9 1.1230140728923702e-9 1.0226245043049444e-9 8.723521201512191e-10 6.597673091866102e-10 4.302338035852886e-10 2.382345168613265e-10 1.0858922310994686e-10 3.8946052293277527e-11 
3.1581897740841477e-11 1.3831523146186207e-10 4.774644209164734e-10 1.270983412978643e-9 2.7660696582684755e-9 4.946892652939252e-9 7.3360991883664314e-9 9.33287478945015e-9 1.045507462827812e-8 1.0571570531031231e-8 9.87169359521987e-9 8.710807385527328e-9 7.461187040342485e-9 6.493606166310898e-9 6.129572422979426e-9 6.520845568290523e-9 7.60826153696311e-9 9.300472154325213e-9 1.1614130617915666e-8 1.484048939787425e-8 1.9232381498614033e-8 2.5099239796138925e-8 3.3896271628701376e-8 4.87444537816036e-8 7.364781160037296e-8 1.0799109383332372e-7 1.4870281981505974e-7 1.971135826637496e-7 2.6324839974362944e-7 3.666599620947623e-7 5.29682269112747e-7 7.842933141259183e-7 1.1812455998075571e-6 1.8025147015273796e-6 2.7511242287768775e-6 4.1094558074449605e-6 5.950377621890301e-6 8.393706896016675e-6 1.1690216433384744e-5 1.629281702227784e-5 2.2722337472106914e-5 3.115315793460157e-5 4.116399591863733e-5 5.1426925180369014e-5 6.0237421227149765e-5 6.695422067989894e-5 7.177984807576356e-5 7.500113104191908e-5 7.595865612553042e-5 7.356266267118953e-5 6.82972732863724e-5 6.149833766801546e-5 5.4598195683708144e-5 4.780445478560005e-5 4.0605580408665135e-5 3.299993993778994e-5 2.5486134715483275e-5 1.8903923506719758e-5 1.3874426353410262e-5 1.0364597230091353e-5 7.929370920083603e-6 6.092531270686141e-6 4.521656145042953e-6 3.1790802391251243e-6 2.130892783357116e-6 1.3946437541178052e-6 9.307712751626561e-7 6.509180980847084e-7 4.736135660287881e-7 3.506994266170779e-7 2.592746075589592e-7 1.8960444448745415e-7 1.3826986948427402e-7 1.0248597210091618e-7 7.854858573384175e-8 6.25517345926117e-8 5.0926132055258886e-8 4.1528433845492395e-8 3.40101121040613e-8 2.823429105108412e-8 2.3729961321735938e-8 1.9796757888087086e-8 1.6024456584819047e-8 1.259024503528499e-8 9.924936351098244e-9 8.204067690397396e-9 7.174585257564935e-9 6.146667882308881e-9 4.797410820632726e-9 3.409409384110964e-9 2.3570083655914453e-9 1.824003536155523e-9 1.5652380478745115e-9 1.2937114714882505e-9 9.45875597509379e-10 5.830162385623041e-10 3.045998274095271e-10 1.3868912133657908e-10 5.310525655753743e-11 1.6685463217755798e-11 
2.737288937660618e-11 1.2314120569462982e-10 4.299571257619757e-10 1.1487436888296244e-9 2.4972592668998552e-9 4.413280429311728e-9 6.3800158555459226e-9 7.817322067745071e-9 8.3573490461473e-9 8.107656697695505e-9 7.486952639443647e-9 6.902201796053629e-9 6.659164393471635e-9 7.034722927341729e-9 8.309361030474582e-9 1.0473977773376541e-8 1.2865542530926621e-8 1.4654856752494817e-8 1.5231071270769343e-8 1.48731701962185e-8 1.4565128991160344e-8 1.5812836814492636e-8 2.0039828751274328e-8 2.8552771284937768e-8 4.283950453540642e-8 6.801940263918805e-8 1.1249743613179991e-7 1.8413303673834133e-7 2.9009290762592567e-7 4.398018453215643e-7 6.554942611462339e-7 9.837579517933595e-7 1.502230690734711e-6 2.333706836140156e-6 3.6284580305321617e-6 5.497119167325705e-6 8.011924414058522e-6 1.1292867489977418e-5 1.563622543375776e-5 2.165755134245047e-5 3.009977514175171e-5 4.122303255998434e-5 5.446689419431197e-5 6.805045917932037e-5 7.977067944585882e-5 8.894272135389893e-5 9.591859352305016e-5 0.00010100690337392883 0.00010308178658608827 0.00010071886427361541 9.500021927211226e-5 8.79888149074133e-5 8.141786812347854e-5 7.461182347995448e-5 6.580521484261777e-5 5.4689810358203166e-5 4.234900134952354e-5 3.085141293291096e-5 2.1866867131812854e-5 1.5604382511226234e-5 1.1389615283377572e-5 8.418062399652607e-6 6.082439466251251e-6 4.211472840830457e-6 2.8049339605542407e-6 1.834894979070163e-6 1.223860717283155e-6 8.493601709407449e-7 6.083847212240911e-7 4.4234491956931544e-7 3.225327796453779e-7 2.3475346282472805e-7 1.712007014696016e-7 1.259600528265835e-7 9.423434224336966e-8 7.206245629229097e-8 5.6123778098388166e-8 4.426982233287552e-8 3.57909999226478e-8 3.0044786020363936e-8 2.59883514747123e-8 2.2337064252474595e-8 1.8315143310685086e-8 1.4214376668330805e-8 1.0832018018533618e-8 8.631280111703358e-9 7.471040260785805e-9 6.5368839796173485e-9 5.3088911942942014e-9 3.9914098569177966e-9 2.9609725627917145e-9 2.4312405525063868e-9 2.128496131706848e-9 1.7272722507190709e-9 1.200889857057938e-9 6.759499988430976e-10 3.070629089947265e-10 1.1680780518290757e-10 3.514392906511438e-11 8.280295787775526e-12 
1.918341172406172e-11 8.993916087990404e-11 3.1898061294509235e-10 8.577874275274778e-10 1.8697631068273657e-9 3.2775418924645137e-9 4.6376494870385114e-9 5.483696024605635e-9 5.572700653516467e-9 5.119484707396567e-9 4.581826878704575e-9 4.291283238349541e-9 4.341894137530582e-9 4.6750184806218125e-9 5.195091100455759e-9 5.8976167796272954e-9 6.975937906023478e-9 8.76128585234388e-9 1.1688700486368386e-8 1.6137588300419978e-8 2.1908395092327882e-8 2.874718544544098e-8 3.775481220810422e-8 5.21258790080034e-8 7.687914428487317e-8 1.1414152964840394e-7 1.6480999199139068e-7 2.3460899648860242e-7 3.390214782868091e-7 5.05407060562039e-7 7.687122203973298e-7 1.1860398611353476e-6 1.8538870452172973e-6 2.9335020372891953e-6 4.634748693136007e-6 7.115984662909459e-6 1.0454938295065416e-5 1.4755260236593102e-5 2.0309683765722216e-5 2.782860961018549e-5 3.824211400920049e-5 5.1945517493158905e-5 6.837617410081556e-5 8.550642751290448e-5 0.00010071378270948582 0.0001130037618866503 0.0001224865225496034 0.0001292237335755338 0.00013188498253969533 0.00012951994878887869 0.0001243410256966373 0.00011909803285352547 0.00011525537433787853 0.00011039896344344103 0.00010080868510011641 8.567886309973189e-5 6.695589360518492e-5 4.8568835937919844e-5 3.381169922766243e-5 2.3339326412602203e-5 1.6277094735010825e-5 1.1466302987100393e-5 7.976131224514243e-6 5.403837097595554e-6 3.574896982085252e-6 2.3469161872491953e-6 1.5705267158353831e-6 1.0826527803499687e-6 7.626783800699356e-7 5.435640403245161e-7 3.9005990019888566e-7 2.816685247926573e-7 2.0467953206222466e-7 1.4956413418660976e-7 1.1018787695444188e-7 8.220838285832734e-8 6.2136868313397e-8 4.7466185105846235e-8 3.7216643046391694e-8 3.0674611315091505e-8 2.6585179357001293e-8 2.3239522993087435e-8 1.934877517352805e-8 1.5073492109659953e-8 1.1371624645722968e-8 8.882188200308201e-9 7.569968456556596e-9 6.621959237201117e-9 5.45170782067881e-9 4.209083491546172e-9 3.243991763851504e-9 2.7625242861580368e-9 2.4734033979029297e-9 2.0260743799416803e-9 1.4097485238990097e-9 7.866550607543598e-10 3.484673154943773e-10 1.2649178397199434e-10 3.456835130127038e-11 6.69156147208683e-12 
1.1095091778391533e-11 5.500070247706161e-11 1.987747991052241e-10 5.389524285657105e-10 1.1810077296823387e-9 2.0596697836904415e-9 2.8660543432815148e-9 3.2911388544225525e-9 3.2052226322055966e-9 2.830001600932819e-9 2.5552090642500216e-9 2.671154454419692e-9 3.2817915816323976e-9 4.358027378230153e-9 5.79358714373499e-9 7.457385683689862e-9 9.322106182917286e-9 1.1507858340583715e-8 1.4289010118496e-8 1.8032992568365544e-8 2.2789324258067467e-8 2.874020985028501e-8 3.68983019470241e-8 4.9631930915345e-8 7.094971390972294e-8 1.0573154965418198e-7 1.604063409744671e-7 2.4451631268389116e-7 3.7414736540087753e-7 5.756668641599709e-7 8.905827479292649e-7 1.3935338502575258e-6 2.209448996844505e-6 3.544326126604802e-6 5.670197349002499e-6 8.805374026894327e-6 1.3044374584335798e-5 1.8466687706306804e-5 2.531389586257584e-5 3.4305539472927136e-5 4.6498249980326635e-5 6.246738304580049e-5 8.183520106006934e-5 0.00010267696113327699 0.00012218593539613427 0.00013867102569692044 0.00015130528452483085 0.0001593320923339875 0.00016147443816980628 0.00015829795825478691 0.0001537112120517875 0.0001511129861741426 0.00015129662454469432 0.00014982349112592497 0.00014077473836070537 0.00012245296125413797 9.740896425277031e-5 7.143805313451063e-5 4.979367177177551e-5 3.39038902864675e-5 2.2923950289849297e-5 1.5476514316604173e-5 1.0351602095803338e-5 6.840438054877266e-6 4.482762641357439e-6 2.946222816035514e-6 1.97113077017294e-6 1.3450488487137593e-6 9.305139884428192e-7 6.502703009744614e-7 4.596047093846909e-7 3.29087979200809e-7 2.378608712516509e-7 1.7249710389835276e-7 1.2534287312750475e-7 9.163231921269216e-8 6.773368625091919e-8 5.073763082706586e-8 3.906997062556571e-8 3.164933555143896e-8 2.7033005195931694e-8 2.3412023902602804e-8 1.942303453628943e-8 1.5160272215720206e-8 1.1464705638899433e-8 8.885005125796266e-9 7.374309599687354e-9 6.257590905162589e-9 5.054477112055231e-9 3.8936159230486615e-9 3.0597025599609864e-9 2.697368296643257e-9 2.50217982733708e-9 2.1140141290821263e-9 1.5152458352124674e-9 8.729999726341556e-10 3.999752878085319e-10 1.5000159253224279e-10 4.25241811385729e-11 8.58359103264789e-12 
5.324965616021052e-12 2.7992371179270612e-11 1.0332756799536638e-10 2.830026171604806e-10 6.241878460256235e-10 1.0855402428414816e-9 1.4905516346078119e-9 1.6706757719174134e-9 1.5731039865312326e-9 1.3675540795974952e-9 1.3385067078928147e-9 1.736792817763336e-9 2.7029331785832816e-9 4.273779313045799e-9 6.3643974886702636e-9 8.763407894667395e-9 1.1258203392807083e-8 1.3773902099330262e-8 1.6433119265584663e-8 1.9618436021641984e-8 2.3704288688100335e-8 2.930578116111223e-8 3.743906862923013e-8 4.993317964631911e-8 7.019892567968815e-8 1.0526662423197305e-7 1.6556035548540703e-7 2.6327584962560534e-7 4.149241339771085e-7 6.469092545642154e-7 1.0083669728818951e-6 1.59092479339642e-6 2.545000678129607e-6 4.116467652639362e-6 6.639535369831575e-6 1.0410458661931874e-5 1.556039484444953e-5 2.214498232209729e-5 3.031760930307303e-5 4.0755565806948994e-5 5.464691588667995e-5 7.281141795529124e-5 9.519741066671858e-5 0.00012022710470592867 0.00014515289832294748 0.00016732915115887385 0.0001842828312858999 0.00019362631912884997 0.00019390550242554707 0.0001879157084094757 0.00018195113627222318 0.0001804630736641182 0.00018384768756504944 0.0001860538185624163 0.0001790463307268009 0.00015955042910341497 0.00012988777830114413 9.708823704883385e-5 6.84468900341164e-5 4.6576134384020495e-5 3.100225652484354e-5 2.0339663996331716e-5 1.318853473883721e-5 8.517650083661801e-6 5.51866581585796e-6 3.616325632609133e-6 2.4084209883961514e-6 1.6225021939600478e-6 1.1022340512722798e-6 7.562048828461169e-7 5.266304439124531e-7 3.7287840364832216e-7 2.6667133316887583e-7 1.911005553515522e-7 1.3694875242983393e-7 9.871282141877945e-8 7.22027980129773e-8 5.37541810842579e-8 4.100823673453552e-8 3.2533101535558736e-8 2.6917207314523595e-8 2.2599037977510327e-8 1.8433013012389976e-8 1.4425464530815452e-8 1.1069829208813771e-8 8.630055305420962e-9 6.966754706264282e-9 5.620792769465074e-9 4.334900004034084e-9 3.2565862565039986e-9 2.5976239992159813e-9 2.414105457977097e-9 2.3795787279990845e-9 2.123167171335063e-9 1.6023251099450137e-9 9.740375364995072e-10 4.725980720742971e-10 1.8720781299172485e-10 5.6924958958344485e-11 1.2808614961697585e-11 
2.373562738241688e-12 1.1915770356404613e-11 4.478683783689496e-11 1.2442686560791886e-10 2.7497833488718403e-10 4.775897920061222e-10 6.466169425442501e-10 7.052791888779174e-10 6.398703682456319e-10 5.592104739097968e-10 6.660592056887048e-10 1.1537347772222937e-9 2.085230407271891e-9 3.3603458507474663e-9 4.6995056085668055e-9 5.950211849461002e-9 7.477951082551518e-9 9.946634341955399e-9 1.4137755036810725e-8 2.0553331795104946e-8 2.90592342069811e-8 3.9335002573183154e-8 5.2438776751972106e-8 7.179635841620247e-8 1.0346732473771971e-7 1.5173784949365402e-7 2.2045676381041962e-7 3.193105151751134e-7 4.705242606473152e-7 7.146716470203244e-7 1.1138182302107684e-6 1.7701218728414647e-6 2.8476422064068423e-6 4.620231736730358e-6 7.485024235840901e-6 1.1841019787266095e-5 1.7883321577241525e-5 2.5652774813054195e-5 3.5196315298616575e-5 4.7156535369491666e-5 6.296248983887432e-5 8.37739017020154e-5 0.0001098985433207415 0.00014005382777604352 0.00017157374309138444 0.00020078237017590408 0.00022312243740053324 0.0002338690654078655 0.00023079726495850816 0.00021916070971312766 0.000208356996093537 0.00020466191898926313 0.00020886823426835446 0.0002140576318717641 0.00021027699401297996 0.00019192785188516638 0.0001600801215224954 0.0001220975298687777 8.722408624900809e-5 5.962070798799096e-5 3.946235629087905e-5 2.5502514171759556e-5 1.621108038045897e-5 1.0285015848350434e-5 6.588343105869618e-6 4.294566562838462e-6 2.8432979603500234e-6 1.8923396115572345e-6 1.264856045994359e-6 8.532988082314143e-7 5.852564500027103e-7 4.0823799713521763e-7 2.8713348763539404e-7 2.0226810504111533e-7 1.4286398598342717e-7 1.0221950334786078e-7 7.495760099911956e-8 5.620863277995444e-8 4.2820368853270095e-8 3.325671116570468e-8 2.6423350759215867e-8 2.1249078618171076e-8 1.6890640370857163e-8 1.3223965330627808e-8 1.0345215465456126e-8 8.20293925128768e-9 6.538747028095709e-9 5.056393622391808e-9 3.7069647915884534e-9 2.6860582314264104e-9 2.1709313679463225e-9 2.157389313745506e-9 2.29049441971392e-9 2.175135050632215e-9 1.7327875397302764e-9 1.1083032177960826e-9 5.655163319681778e-10 2.3361608288469207e-10 7.476888377015443e-11 1.8169915227142054e-11 
1.3948314946352316e-12 4.210442105548151e-12 1.6133182656558257e-11 4.6815167540634244e-11 1.0198445936732625e-10 1.7958904026566933e-10 2.4525127028489365e-10 2.808928783047441e-10 3.0835960751218816e-10 4.238973583614025e-10 8.279842846811008e-10 1.7491781982214928e-9 3.3249301759110824e-9 5.553421666242957e-9 8.228180339503645e-9 1.1087793193114482e-8 1.3871478950355934e-8 1.6424430871078512e-8 1.8801950316443207e-8 2.1498922497942017e-8 2.5496450323258726e-8 3.220961343502577e-8 4.313920106063559e-8 6.009536278824844e-8 8.595664736931465e-8 1.286671088236047e-7 2.0134360063098416e-7 3.190565959451877e-7 5.015665543376302e-7 7.812690927601271e-7 1.2228500685573332e-6 1.9401150169863967e-6 3.1130767405688942e-6 5.041978806265617e-6 8.186689803798597e-6 1.3070069700578427e-5 1.9980592733751508e-5 2.8965658302115637e-5 3.9978079249305586e-5 5.3691511320523436e-5 7.196944315716652e-5 9.642678381958164e-5 0.00012762444603765723 0.00016411074569521925 0.00020282845801928646 0.0002390780524949424 0.00026637035398050017 0.0002776990527915078 0.00026980653618522966 0.00025025195726026547 0.00023183403160721464 0.00022312779889696697 0.0002258648980499934 0.00023270924583093297 0.000232089333831768 0.00021592750680038547 0.0001835684296728864 0.00014208780119817432 0.00010239791778992266 7.025585188973044e-5 4.647419337988347e-5 2.9892774324093723e-5 1.882173514077804e-5 1.1800607064893784e-5 7.487514501835819e-6 4.858528090926788e-6 3.207617344921489e-6 2.1196182403533983e-6 1.4003321652107095e-6 9.311382863394479e-7 6.287880696124065e-7 4.312915095098094e-7 2.977115460096462e-7 2.0581497828402817e-7 1.43189372702853e-7 1.0188809093820551e-7 7.540522794321953e-8 5.7822211761216305e-8 4.5113085219680555e-8 3.536698951145979e-8 2.7656890127731025e-8 2.1435643668598657e-8 1.6385752049588345e-8 1.2508142795821343e-8 9.73228327511449e-9 7.808812307676397e-9 6.3284072213890746e-9 4.934243843756396e-9 3.602111572125638e-9 2.566494149055159e-9 2.043393117590632e-9 2.060599634654408e-9 2.2611767121226045e-9 2.223062495189114e-9 1.8280130108537812e-9 1.2032574449999187e-9 6.312088531502525e-10 2.6601107993075423e-10 8.73038133015824e-11 2.207631422047336e-11 
1.2798212752661868e-12 9.887477722833047e-13 4.216862936226115e-12 1.4927393227912998e-11 2.9681428200956756e-11 5.4313900343919843e-11 7.304585607380188e-11 9.018733468330586e-11 1.4416546207245348e-10 3.378797543990363e-10 9.035799374840406e-10 2.064816720809064e-9 3.818878682110749e-9 5.8782586863096045e-9 7.678906913340237e-9 9.023298466590916e-9 1.0417171631000733e-8 1.2634843793503578e-8 1.6494774023610885e-8 2.2501258393103657e-8 3.080106637856406e-8 4.1607756173402844e-8 5.637097299592795e-8 7.853616715950741e-8 1.1362903455727046e-7 1.6660903956292668e-7 2.438604654627498e-7 3.5813491037131247e-7 5.35462582270469e-7 8.225993524403154e-7 1.2937546995993727e-6 2.0630073342669315e-6 3.3084504968567507e-6 5.339554661177011e-6 8.671713656149288e-6 1.3958459087948508e-5 2.160595459123305e-5 3.1704850252725045e-5 4.4162894980656054e-5 5.9747595716824376e-5 8.087181789759177e-5 0.00010966159707594722 0.00014675364786609214 0.00018988436943451082 0.0002346873875306656 0.00027536897913078883 0.0003044466481800674 0.0003141295040192416 0.00030122830486067973 0.00027522858983251316 0.0002510919482238592 0.000238442263334539 0.00023900586440758463 0.0002449872119282467 0.0002445092631580877 0.0002286164919524622 0.00019573387865270083 0.00015241224011889158 0.00011022621377719102 7.582025886761124e-5 5.0287804329380445e-5 3.241440709222014e-5 2.0361186386357327e-5 1.2675373555900725e-5 7.985051999610622e-6 5.168853871268509e-6 3.4192318302999275e-6 2.25924219023767e-6 1.4850400637294207e-6 9.772939192533433e-7 6.502750433394033e-7 4.380927892684867e-7 2.9640915948145206e-7 2.0117625181716173e-7 1.3848325953215212e-7 9.895099770227154e-8 7.470637226875416e-8 5.882016770080994e-8 4.6872190470382984e-8 3.706683533698422e-8 2.8825865133044487e-8 2.2006461496607102e-8 1.650659465344254e-8 1.2369744135922901e-8 9.55520683782614e-9 7.810294550094077e-9 6.645754176449872e-9 5.492509438710947e-9 4.188122819067804e-9 2.988717339199401e-9 2.2122221536300568e-9 2.0148389127352406e-9 2.0992811799270684e-9 2.0440973450540505e-9 1.6910293046584522e-9 1.124039999641388e-9 5.96413328149331e-10 2.5301075563850494e-10 8.391028290863294e-11 2.1686051489532866e-11 
1.247354592259109e-12 3.23533161074673e-13 8.050310238368849e-13 4.395453655679465e-12 5.6785844978566745e-12 1.369390043683356e-11 2.051706458197602e-11 4.3117147316892585e-11 1.3573695734347352e-10 4.2253501303426865e-10 1.1784696342213564e-9 2.656564410142118e-9 4.816751963515078e-9 7.267473457396298e-9 9.305784869549033e-9 1.0732328213124951e-8 1.2181722558862563e-8 1.453483219953942e-8 1.8621502518546923e-8 2.478178362739423e-8 3.294932476009726e-8 4.3361842342073366e-8 5.746013190047826e-8 7.842008105458078e-8 1.1111850370856731e-7 1.6123658979317234e-7 2.374586861108655e-7 3.544264897198251e-7 5.387785799648238e-7 8.364268053086659e-7 1.3210835414640612e-6 2.103828581560551e-6 3.357543283336581e-6 5.389784528855608e-6 8.742149347042895e-6 1.4158075731240915e-5 2.21529018317035e-5 3.2896156341877e-5 4.63257088290834e-5 6.331161662108494e-5 8.669641851148458e-5 0.00011899452340983241 0.00016075523521238928 0.00020859527566526235 0.0002563124102195908 0.00029727452989281267 0.0003244731348218655 0.0003315102885226842 0.0003167951296348538 0.00029059022222255575 0.00026721627337117007 0.0002547198301673358 0.00025301389898361575 0.0002539562548366057 0.00024784768391307893 0.00022792742467696173 0.00019344047581121312 0.0001502902734630639 0.00010886144007969793 7.522054334368325e-5 5.0219106835990956e-5 3.257334860086244e-5 2.0498005765524986e-5 1.2722239591293675e-5 7.98474339399049e-6 5.170746721809816e-6 3.439247035372717e-6 2.2846725083355107e-6 1.504076251163602e-6 9.860646250276862e-7 6.500704440070622e-7 4.3224896256346407e-7 2.8798227641935395e-7 1.9252614861294596e-7 1.3116305310954378e-7 9.374542502103681e-8 7.173263061893205e-8 5.77785764838005e-8 4.722395181859005e-8 3.817293520580186e-8 3.012334659099434e-8 2.3132843081586404e-8 1.731040194166769e-8 1.2848244601802588e-8 9.853050513392805e-9 8.159921193955612e-9 7.258630475026157e-9 6.369308530516962e-9 5.115037463411948e-9 3.706985132732984e-9 2.546010801665043e-9 1.953965395429375e-9 1.7677731698611985e-9 1.617755231920565e-9 1.3138171818983474e-9 8.709336195874223e-10 4.6374260095275707e-10 1.9675610244987385e-10 6.558333421866742e-11 1.7270858028802933e-11 
1.0386888088662396e-12 4.914883593080247e-13 4.496613346649267e-13 1.799399968548756e-12 6.200270499719648e-13 4.7016416597836094e-12 1.0353834565919938e-11 3.889259440942129e-11 1.4975922718949398e-10 4.753421822840048e-10 1.3014365550770424e-9 2.8961118814312834e-9 5.227781271849694e-9 7.91065425513333e-9 1.0253160605879797e-8 1.2076678072938696e-8 1.4000741827598816e-8 1.6839916056427453e-8 2.1291193686582584e-8 2.7481929321152358e-8 3.5095880093971185e-8 4.4326021519317355e-8 5.641997240410976e-8 7.400259569723089e-8 1.011892583992645e-7 1.4517995014266447e-7 2.1779536289665628e-7 3.3501847416499526e-7 5.211750841510402e-7 8.157662424320512e-7 1.2855458157950267e-6 2.0327849113338566e-6 3.2178683653836183e-6 5.131032833775569e-6 8.301027149156476e-6 1.3491369907589263e-5 2.1282328751482102e-5 3.193259212450688e-5 4.5474847020060345e-5 6.284090856107439e-5 8.697628587824263e-5 0.00012046226025210397 0.0001636260306666424 0.00021221113335628456 0.0002586648889712381 0.00029640441574412695 0.0003202668613358708 0.0003266911836998728 0.00031606221434165926 0.00029738898266603496 0.00028148861264595256 0.0002727579043600495 0.00026834224316954556 0.0002603484161571735 0.00024338917537958975 0.00021550477577966947 0.00017832542696232255 0.0001371242579592854 9.94063115791465e-5 6.920670733514701e-5 4.6680039047274996e-5 3.054310788171534e-5 1.9316862171441746e-5 1.201457619550344e-5 7.553471109163071e-6 4.910228311143368e-6 3.2876911309334084e-6 2.1999607160234513e-6 1.4564845132677336e-6 9.57173891645321e-7 6.298867162733949e-7 4.164238216528438e-7 2.7485041715975664e-7 1.814538140417537e-7 1.2190604990041405e-7 8.620216299207471e-8 6.587780484080395e-8 5.3660701253005526e-8 4.479228597681801e-8 3.7144358588975195e-8 3.006591976692916e-8 2.35910252518097e-8 1.794005480469766e-8 1.3441084629122331e-8 1.0349652497192523e-8 8.629028007545442e-9 7.845906628812821e-9 7.154759991059956e-9 5.990659681336102e-9 4.445252292988775e-9 2.9283702747023895e-9 1.901112251264691e-9 1.3828921597216019e-9 1.0986307096034554e-9 8.407432435210371e-10 5.470146950612703e-10 2.9049151903447105e-10 1.2266090889034498e-10 4.1024408860318227e-11 1.1067559331143969e-11 
6.326432558342635e-13 3.3645779273004016e-13 1.6045127045451093e-13 7.423853605186589e-13 3.5216313035244716e-14 4.995247433510651e-13 5.015974082577137e-13 1.3765735018103608e-11 8.458943259426391e-11 3.233186099367445e-10 9.708551585541599e-10 2.2479286508728167e-9 4.067203459333294e-9 5.9789427190947846e-9 7.251275854913817e-9 7.842918095109928e-9 8.98164941375828e-9 1.2246757949615168e-8 1.8982870759694566e-8 2.924438538936464e-8 4.151815048291368e-8 5.419535541598521e-8 6.796200292724117e-8 8.68808469304452e-8 1.1821965453440034e-7 1.6674332613889627e-7 2.3670562864391622e-7 3.390092425547034e-7 4.984329007089078e-7 7.58714968366287e-7 1.18108163710107e-6 1.8517536581684844e-6 2.90799641170482e-6 4.6068674643010444e-6 7.428879995529512e-6 1.208195297367534e-5 1.9141409503025733e-5 2.892866328967597e-5 4.159633489047401e-5 5.8068031194038645e-5 8.097177257590716e-5 0.00011251259985889518 0.00015269339859410588 0.00019710670141950644 0.0002383407381435647 0.0002712526473415021 0.00029330402351348254 0.00030373102414896783 0.0003035604338283933 0.000298136019793805 0.0002931320862891013 0.000289033822004015 0.000281018567830616 0.00026245776611766726 0.0002328625723181977 0.00019576550361596299 0.00015572590066454626 0.00011754125482952744 8.515530058550804e-5 5.9842626212461186e-5 4.0864097413416154e-5 2.7009324293989003e-5 1.7236722341018667e-5 1.0825388145841366e-5 6.870629139066551e-6 4.498349558722164e-6 3.0253181717315375e-6 2.033547034039048e-6 1.3538513872366951e-6 8.951831406869593e-7 5.920562244528504e-7 3.9209215511695296e-7 2.5779557076013294e-7 1.6823473227851368e-7 1.10791204752646e-7 7.643898127495785e-8 5.730181018038824e-8 4.6425725108430994e-8 3.9129103215248306e-8 3.315054392755164e-8 2.763434941654067e-8 2.241181032918341e-8 1.7609295469964416e-8 1.3561086248788915e-8 1.0606786473620527e-8 8.850251562886746e-9 8.03791635439031e-9 7.45317519297227e-9 6.436800824844303e-9 4.915237537515547e-9 3.2199783830992043e-9 1.876357257418227e-9 1.083903382913463e-9 6.765942386848687e-10 4.484324796706744e-10 2.7645401807949867e-10 1.444634388699751e-10 6.042306177058185e-11 2.0215406975598337e-11 5.553576806108689e-12 
9.266184574388788e-14 2.1182738817251382e-13 2.3806117286547514e-13 1.0380656905671935e-13 7.60631150200922e-13 1.0923015509360068e-12 5.88178119764234e-12 2.6293877853575632e-11 9.666067678048578e-11 3.0731287822658914e-10 8.400497595355133e-10 1.9195290827186204e-9 3.606651934763546e-9 5.749217670876067e-9 7.986184718243679e-9 1.0216487555360591e-8 1.2933239223660905e-8 1.6831881673821903e-8 2.2535169719281285e-8 3.007442679692411e-8 3.8588065301522546e-8 4.746823719959372e-8 5.73113456133573e-8 7.040875265895139e-8 9.111124241651211e-8 1.2687290068300606e-7 1.885235780288625e-7 2.887284050917446e-7 4.4449015716342904e-7 6.822372169273744e-7 1.0492571819248203e-6 1.623147070583227e-6 2.5293388179031605e-6 3.996085604359232e-6 6.435204297575763e-6 1.0442762345604769e-5 1.6519694218819287e-5 2.4993948523952842e-5 3.610547562214205e-5 5.070074642286325e-5 7.078306448828794e-5 9.782522650546139e-5 0.0001314587181198228 0.00016791138369140143 0.00020160447159388434 0.00023000221111266368 0.0002530349360556068 0.0002713688232871874 0.0002845033401508466 0.0002926438129633315 0.0002967312559131105 0.00029504113681762045 0.00028298761421025655 0.0002561323350281498 0.00021744449819504328 0.00017415378289456891 0.00013283472086774063 9.795763551432458e-5 7.066151365742965e-5 4.9979774178504836e-5 3.448822899288908e-5 2.3052805529380668e-5 1.4940711423536842e-5 9.56448010198387e-6 6.172048436158211e-6 4.071005649023773e-6 2.7330565705539654e-6 1.8315823261745138e-6 1.2196184076711863e-6 8.100723644356948e-7 5.399470904683352e-7 3.603086414545254e-7 2.3754526996755377e-7 1.5377629172196208e-7 9.87794808359822e-8 6.533626347456569e-8 4.696628658950637e-8 3.7530917350749075e-8 3.2307266341447006e-8 2.8510585659245355e-8 2.4814732209608998e-8 2.079994605113131e-8 1.6707113689119796e-8 1.3026628080870122e-8 1.0176741586447788e-8 8.346873383664117e-9 7.430058767797917e-9 6.91023157154613e-9 6.114049675796379e-9 4.812076002723789e-9 3.2055522169743523e-9 1.792016578963611e-9 8.909489456042608e-10 4.270073006116824e-10 2.1881293045442823e-10 1.1909741154682503e-10 5.842877377369883e-11 2.4498424155118124e-11 7.982178115711034e-12 1.8623073657190675e-12 
1.5092242937771409e-13 7.302842192243174e-13 1.0846037579636052e-12 -2.233691410889026e-14 1.2291917661840665e-12 7.063612737046379e-13 1.6786488786647917e-12 5.811061663118769e-12 3.155963431833531e-11 1.4323484929574678e-10 4.5881461987894645e-10 1.163192413159498e-9 2.3087672108596324e-9 3.7636251139486245e-9 5.212484575396019e-9 6.578344698489138e-9 8.587456887620274e-9 1.2301699694275285e-8 1.8745716070055895e-8 2.811429001156753e-8 3.906737809474498e-8 4.987962731909465e-8 6.061603073091846e-8 7.422117711442643e-8 9.689609007602881e-8 1.3366517081133899e-7 1.8875242439285893e-7 2.698550027178193e-7 3.9301017360428685e-7 5.871194307596446e-7 8.968593111568965e-7 1.392241770013166e-6 2.1841474471482467e-6 3.468859983136643e-6 5.584888830645514e-6 9.002451414540604e-6 1.4115081095270284e-5 2.120406036846066e-5 3.052281355045873e-5 4.2779132643254905e-5 5.930403596083817e-5 8.081473981625209e-5 0.00010667271662460334 0.00013412354826457623 0.00016002956340398295 0.00018439886372697948 0.00020875390272505443 0.00023394153175132257 0.00025726003992050526 0.00027458355068341397 0.0002837323399142801 0.0002824427906593934 0.0002677322531944806 0.00023747578792975024 0.00019616225929791484 0.00015222538923730637 0.00011272737469618235 8.16677687818272e-5 5.861949609352744e-5 4.156570303204642e-5 2.888755271983306e-5 1.955989127399395e-5 1.2955387880717278e-5 8.500442569130212e-6 5.581897907136499e-6 3.691993157284775e-6 2.455544689170591e-6 1.6272514374287981e-6 1.0751230455000547e-6 7.12265277475111e-7 4.7592155735525364e-7 3.19019879660664e-7 2.107108129268697e-7 1.3550969922120635e-7 8.526629047560921e-8 5.4347581741731426e-8 3.750577246956016e-8 2.9401244994165563e-8 2.557476652395802e-8 2.318350917836089e-8 2.0753832795688385e-8 1.7743717555220415e-8 1.4409449894675197e-8 1.1258258550577004e-8 8.70992049815769e-9 6.979114526003026e-9 6.04870936091357e-9 5.5931165396785e-9 5.020651737312965e-9 4.041749379555248e-9 2.743843600575076e-9 1.5200416044921563e-9 7.075639787031899e-10 2.825634240599266e-10 1.0689220086124179e-10 4.71775379820722e-11 1.8588093393129928e-11 8.682893713345938e-12 2.8770506176400657e-12 2.9333921574921527e-13 
2.943522630641965e-13 1.1871766629068588e-12 1.7081403341256128e-12 1.1792489060254964e-13 2.3211729651776313e-12 3.7793520787517606e-13 2.35552079604107e-12 5.924989457884002e-12 2.035686006509124e-11 9.723571834953568e-11 3.161328081956666e-10 8.481412362739711e-10 1.7839344796296162e-9 3.0848962552791304e-9 4.560374382100261e-9 6.099337717664127e-9 8.189429715503384e-9 1.1614425705242211e-8 1.7194645542499098e-8 2.5200817824415424e-8 3.465193796569077e-8 4.415724569029624e-8 5.362275084981096e-8 6.515862837368793e-8 8.359073246268344e-8 1.1330487636651067e-7 1.584662450992058e-7 2.2584790465519406e-7 3.28702502842501e-7 4.912993626401082e-7 7.55151467418453e-7 1.1888248741468713e-6 1.8952230615728333e-6 3.0417862413381506e-6 4.892031877269162e-6 7.795135543310451e-6 1.2035255325701075e-5 1.7816858316895914e-5 2.5335148230462844e-5 3.511344561457873e-5 4.796351030302334e-5 6.411906498516062e-5 8.291185786071831e-5 0.00010258042331191201 0.00012187956670677529 0.00014223520749623726 0.00016566211837312758 0.00019267035429267312 0.00021939671979792906 0.0002398090577472633 0.00025041222833470833 0.00024914600973708256 0.00023452672016769448 0.00020607800702554508 0.0001683735348312304 0.00012919319510302395 9.482300704395088e-5 6.850800840703364e-5 4.924148534132145e-5 3.50107970970203e-5 2.446668548030249e-5 1.678450863777243e-5 1.1362390145424103e-5 7.615695702215317e-6 5.058326555372275e-6 3.335564974691152e-6 2.189404440410498e-6 1.4294650264438654e-6 9.319877476846263e-7 6.110959687302895e-7 4.057955326704092e-7 2.7148148499508396e-7 1.7929562597517917e-7 1.1490561708878776e-7 7.136454037056555e-8 4.4266163341960134e-8 2.957233572590724e-8 2.2905563099007302e-8 2.0211398311605008e-8 1.8703943734413824e-8 1.6910652020935157e-8 1.4346589563278211e-8 1.1419554971403175e-8 8.682572395363188e-9 6.49901150396411e-9 5.016176268035763e-9 4.199474852933858e-9 3.838241685222913e-9 3.475086590409983e-9 2.8468384681753087e-9 1.9671380621256204e-9 1.0932381927373535e-9 4.992388666260208e-10 1.8244386909195823e-10 5.463766611569174e-11 1.944131041653028e-11 3.6951866496012975e-12 3.178014207241036e-12 1.5136695695997547e-12 1.172331369978091e-13 
2.616174857479715e-13 1.1916427190205962e-12 1.5697542785380996e-12 8.354226659630853e-14 3.377872049659405e-12 1.2793909772653492e-12 7.49650887099778e-12 1.9793324727600765e-11 4.293218847931186e-11 1.2050471973252984e-10 3.1356437777273123e-10 7.817490228194826e-10 1.6577306759446829e-9 3.0085047186572183e-9 4.792024530767181e-9 6.884051773999924e-9 9.368139639273415e-9 1.2467075261754649e-8 1.6479800694590474e-8 2.161929460373826e-8 2.76160091827482e-8 3.412117421129426e-8 4.1141070005393085e-8 4.9391668186224663e-8 6.09583995897049e-8 8.0484340459278e-8 1.1507591486027802e-7 1.725097862955404e-7 2.6265401426975177e-7 4.0219879717991363e-7 6.289457291100737e-7 1.0112165995065e-6 1.644710547759425e-6 2.6678196503198913e-6 4.271633319732347e-6 6.700612513936587e-6 1.0146113403337443e-5 1.4730435294827313e-5 2.055094015401231e-5 2.793594987874362e-5 3.739905970463929e-5 4.903897331614136e-5 6.239434834163395e-5 7.645041657573356e-5 9.084534027894878e-5 0.00010708585113630435 0.00012679916389380614 0.00015015254628558564 0.00017364948264918782 0.00019182796920089455 0.0002013223939289865 0.00020043266769949406 0.00018843031918825984 0.00016558904390377835 0.0001357293343343556 0.00010494456114725928 7.801191686594686e-5 5.723172413296956e-5 4.163478507813548e-5 2.9824172243854356e-5 2.0976473449161803e-5 1.4547758218306943e-5 9.997001230949473e-6 6.776946738324021e-6 4.513064481728091e-6 2.955035477791455e-6 1.915555688085499e-6 1.2341114245685634e-6 7.931814397601422e-7 5.119942039629947e-7 3.349020683158191e-7 2.2176853909167835e-7 1.4590882861106825e-7 9.34418468012951e-8 5.789607919597615e-8 3.562973302556731e-8 2.3576270257531545e-8 1.8292661781441705e-8 1.6298383735504527e-8 1.5092506279939965e-8 1.3398857266039321e-8 1.0921577512841591e-8 8.227351990486597e-9 5.878299839958363e-9 4.128105566744106e-9 3.0051036472104374e-9 2.4004114083316138e-9 2.1533357486967354e-9 1.9567985881704823e-9 1.625153596694846e-9 1.140868445949357e-9 6.384931813326748e-10 2.923220558591042e-10 1.0384491506381483e-10 2.7856378008692593e-11 9.392170341987505e-12 1.2456331181229385e-15 1.6620891423224724e-12 1.2337233239258882e-12 3.3143866779344013e-13 
1.4998785400544362e-13 8.45124824163726e-13 1.012383834071944e-12 3.0742284317490747e-13 4.720421874872745e-12 7.427497755671973e-12 1.578377460771535e-11 2.3478110194203823e-11 2.6599119727161086e-11 4.707358549724106e-11 1.2671381218202406e-10 3.6199298013568336e-10 7.900684551999996e-10 1.3624039809375796e-9 1.9534247826874915e-9 2.589384619756105e-9 3.806225240332228e-9 6.296336721802302e-9 1.0687397457895026e-8 1.7108402890979785e-8 2.4882187884717732e-8 3.290030884934527e-8 4.104567921904192e-8 5.098726778217844e-8 6.649122012051998e-8 8.887692426355681e-8 1.1776944222359351e-7 1.564347789428276e-7 2.1636051453809144e-7 3.212280462569052e-7 5.100741226597133e-7 8.439766435064889e-7 1.4015595810451258e-6 2.286755846064899e-6 3.6275505130019513e-6 5.586636425300889e-6 8.287013249449606e-6 1.1786106303619008e-5 1.609330373168607e-5 2.1380733174952484e-5 2.8042937146012437e-5 3.6272465147166757e-5 4.591420504742873e-5 5.6397032534470746e-5 6.741847428050495e-5 7.97410431325513e-5 9.423161351184941e-5 0.00011090778516726871 0.00012757057014303502 0.00014063954658010043 0.00014763953622327837 0.00014722490075107724 0.00013885219980827026 0.0001229101265961594 0.00010215106830208176 8.070647017257394e-5 6.170218045488999e-5 4.6544302642782824e-5 3.4577145896514574e-5 2.51132280913002e-5 1.782853098678982e-5 1.2460089712640106e-5 8.609647351189796e-6 5.841629528186615e-6 3.8745788934935895e-6 2.5178325911479453e-6 1.6188881744256166e-6 1.0348420124972415e-6 6.581613936290359e-7 4.182328091995099e-7 2.682259930574755e-7 1.7458542840155502e-7 1.1385205254353232e-7 7.295110404350681e-8 4.572815818850933e-8 2.8864249592065915e-8 1.9728277917764207e-8 1.545409486390892e-8 1.3372098507211341e-8 1.1753826841106762e-8 9.819345398396283e-9 7.490905601243693e-9 5.238305215041171e-9 3.449578042581581e-9 2.229089255996505e-9 1.5104580178358898e-9 1.1431669288142218e-9 9.970356939737725e-10 8.996079789989516e-10 7.501959119596371e-10 5.312106060427844e-10 2.9856480411400726e-10 1.3751260372597536e-10 4.8455536170920034e-11 1.2370183583776212e-11 4.427441351556223e-12 1.3060275445289473e-13 1.052071465759088e-12 6.713205502546138e-13 2.1702452520458264e-13 
9.526988644109037e-15 4.368495687722904e-13 1.2126481664911659e-12 3.5929101471682493e-12 1.3296552511361722e-11 3.278922894265213e-11 6.823749130590206e-11 1.1439585457336726e-10 1.6389035200191444e-10 2.2344346251542203e-10 3.318430346523368e-10 5.81120165374601e-10 1.068280310986833e-9 1.890733591103872e-9 3.1399475339257873e-9 4.8727111391518776e-9 7.026935993660521e-9 9.417090263696505e-9 1.181122236192379e-8 1.415008459568321e-8 1.6797347595315762e-8 2.0475045580190213e-8 2.5653919094031066e-8 3.237766466006899e-8 4.0486755380261984e-8 5.231883530527787e-8 7.321597391787219e-8 1.091149867801667e-7 1.6703700256373303e-7 2.5877422446298287e-7 4.147525515006713e-7 6.895221916708725e-7 1.1500832604642226e-6 1.8742321683710542e-6 2.940283213911131e-6 4.447551336015251e-6 6.472233938033565e-6 9.03875012377803e-6 1.2122370261363297e-5 1.5816201693457938e-5 2.0461049741038094e-5 2.6339082812805065e-5 3.349994217874611e-5 4.158861981024629e-5 5.013414141960354e-5 5.9176254019450016e-5 6.898189954227183e-5 7.955168053208602e-5 8.985902544193581e-5 9.796778444652004e-5 0.00010228011676391314 0.00010183519361744714 9.625409536303927e-5 8.593483947039242e-5 7.26636555885306e-5 5.889863081638377e-5 4.642930581958694e-5 3.6024922906866346e-5 2.7359903698922667e-5 2.0206849121373748e-5 1.4520036487086108e-5 1.0218345839690247e-5 7.069633775331804e-6 4.784034316677117e-6 3.158939502044204e-6 2.0437580635897584e-6 1.3102833922357395e-6 8.35932902434208e-7 5.293761098033748e-7 3.3323744321841727e-7 2.1076704644798713e-7 1.356507718914968e-7 8.83652200278014e-8 5.722973319110687e-8 3.6751676486698137e-8 2.4127335837785927e-8 1.72511385107108e-8 1.3798501852212094e-8 1.1733812103682253e-8 9.870297678092888e-9 7.762708491502155e-9 5.483590087966562e-9 3.461263560405883e-9 1.9975590787516193e-9 1.1006309654704224e-9 6.390425821728215e-10 4.3221655657087563e-10 3.5950792863433883e-10 3.247689715895994e-10 2.754664351523621e-10 1.9844090090807936e-10 1.1288566966100268e-10 5.240161244892941e-11 1.8530454723034583e-11 4.6913454088444485e-12 1.6433882784534774e-12 5.0393693870933847e-14 3.865543198068129e-13 2.40371861293955e-13 7.556842207265304e-14 
1.115862437450089e-13 4.65236226981687e-13 2.635957705533472e-12 1.090864587546525e-11 3.4687353587051214e-11 8.88257953807143e-11 1.7868014968352514e-10 2.8499307177538e-10 3.752437601080316e-10 4.258856237943634e-10 4.768274426391329e-10 6.011854594050543e-10 8.31010178229569e-10 1.1675243836821932e-9 1.630717254137173e-9 2.394827395218604e-9 3.6934175970490992e-9 5.615169884676794e-9 8.094904093481585e-9 1.1003148762382495e-8 1.4482321645587669e-8 1.8832542790418073e-8 2.4532444243809232e-8 3.236724519636151e-8 4.343751970219265e-8 5.8029396435700106e-8 7.642287613648305e-8 1.0111994760249103e-7 1.392347030690492e-7 2.052986651993104e-7 3.2585514744276123e-7 5.423625613939231e-7 9.029047582269633e-7 1.4598490357409938e-6 2.259467440848489e-6 3.3605156130327726e-6 4.8124596149921385e-6 6.634052713302789e-6 8.813655503885769e-6 1.1424921010584058e-5 1.4746379030776445e-5 1.9046225758681914e-5 2.4426138278057576e-5 3.063195706398912e-5 3.713656703217165e-5 4.3629195636642694e-5 5.00965306414761e-5 5.6578972788664915e-5 6.272578377184927e-5 6.748682860702906e-5 6.977522959676735e-5 6.895209857718164e-5 6.489489447533811e-5 5.8108578340372554e-5 4.9736023111165996e-5 4.111339654707878e-5 3.316509940559795e-5 2.6280657199648142e-5 2.0332150154221743e-5 1.5268442575101293e-5 1.1123016289752672e-5 7.89243448550306e-6 5.473736527521748e-6 3.70358467641364e-6 2.4444597866608484e-6 1.5822576792307796e-6 1.0159604501777028e-6 6.496285148323695e-7 4.119401422537658e-7 2.589013075387727e-7 1.6298913361383573e-7 1.0455797340145472e-7 6.843332798135635e-8 4.512138870097138e-8 3.0161155067597604e-8 2.115075290565558e-8 1.6136672502265238e-8 1.2999772224568163e-8 1.039854236829438e-8 7.941702647322272e-9 5.637105368726898e-9 3.636193366513672e-9 2.0954668628446544e-9 1.0822263437250498e-9 5.139745110179855e-10 2.5254767191549546e-10 1.4932301783150613e-10 1.1352393457787419e-10 9.891960496607649e-11 8.285441044573831e-11 5.924470026642038e-11 3.3928912444091556e-11 1.5594667591785425e-11 5.579928523294092e-12 1.479755877780681e-12 3.4485600779121865e-13 7.521671356237063e-14 6.732210419421389e-14 6.507689190920945e-14 5.5946519267235485e-14 
2.8887134811885495e-13 1.0096426263273133e-12 5.9512937885552316e-12 2.4761963868627295e-11 7.73059428309821e-11 1.97162716613757e-10 3.9463516220056703e-10 6.277747635487198e-10 8.246155280756217e-10 9.26161282061618e-10 9.971337098232226e-10 1.1476088787481363e-9 1.397565573639438e-9 1.7010920828322029e-9 2.041702503791892e-9 2.645135362813742e-9 3.760312617181944e-9 5.405160780282308e-9 7.385026700451187e-9 9.486766372137036e-9 1.197459353972751e-8 1.5392019570739068e-8 2.0347462069118363e-8 2.751883701727909e-8 3.754591611329136e-8 5.023067833291077e-8 6.54144567310785e-8 8.488495883544928e-8 1.1419591827615714e-7 1.6443493550453063e-7 2.5481993406843897e-7 4.146087616175869e-7 6.771018806782706e-7 1.077255061217401e-6 1.6426723286051821e-6 2.4074281890482878e-6 3.406390908674846e-6 4.664084118329398e-6 6.1972092339918735e-6 8.079635412247771e-6 1.0511250562538269e-5 1.3679500101243973e-5 1.7653897392471607e-5 2.224455411833714e-5 2.70067893060042e-5 3.157824786957105e-5 3.588007179454894e-5 3.998799095279053e-5 4.382988148386912e-5 4.6705140530898896e-5 4.776515576128081e-5 4.6595732440508835e-5 4.331389278530778e-5 3.854785289610286e-5 3.307776394561035e-5 2.7603428316876896e-5 2.2564039407082262e-5 1.8131885825532866e-5 1.4243286466542054e-5 1.0868123966885763e-5 8.032078232161362e-6 5.754709651203085e-6 4.011682006793437e-6 2.724819078730841e-6 1.8060041030940705e-6 1.174664121626303e-6 7.579152115582993e-7 4.871763509933121e-7 3.1068613383557867e-7 1.963322528825042e-7 1.2425517911772817e-7 8.033501870471626e-8 5.3388589349480176e-8 3.6198981233476263e-8 2.5387647481526397e-8 1.8990803276153048e-8 1.5258176408944453e-8 1.2330358513875365e-8 9.408761633275686e-9 6.629540133361944e-9 4.27201974058197e-9 2.511307488885551e-9 1.3210950436924368e-9 6.120067349107872e-10 2.4813441037552997e-10 9.773347235964745e-11 4.618545309481739e-11 3.025854510324951e-11 2.413332128655669e-11 1.9039583500915503e-11 1.3245758487398854e-11 7.743894306146842e-12 3.36192420574473e-12 1.2615455889139672e-12 4.2220685557051705e-13 -2.6261936263076133e-14 1.3463278179882512e-13 8.206124647094565e-15 4.776840760162684e-14 8.827540015671425e-14 
4.3418132206808723e-13 2.0562567640463674e-12 1.1516487565601274e-11 4.623443289045677e-11 1.426255240419847e-10 3.584033660457956e-10 7.111378300564548e-10 1.1270321508737664e-9 1.4824051685838795e-9 1.6808755216665603e-9 1.8378693049888456e-9 2.152580153149973e-9 2.6862944511898526e-9 3.3993093526398614e-9 4.2775598667807085e-9 5.53079281785569e-9 7.134642364582461e-9 8.685431186078831e-9 9.55860304077833e-9 9.435235967452619e-9 9.023720798130567e-9 9.71700933239811e-9 1.2322407627676934e-8 1.6557937552402183e-8 2.100039541060716e-8 2.6676104077978343e-8 3.7608123934168905e-8 5.753076984261425e-8 8.879263824523779e-8 1.3322851642720792e-7 2.0045196261250837e-7 3.102689888907973e-7 4.866085252969895e-7 7.544105695871386e-7 1.1317181609891428e-6 1.6391548323546658e-6 2.3031183231520976e-6 3.152181788476486e-6 4.220762877553768e-6 5.575571809692209e-6 7.338618253152787e-6 9.6108752525803e-6 1.2418350460074252e-5 1.563211348632631e-5 1.8950420526368624e-5 2.2092535052311946e-5 2.4993957888348044e-5 2.773292679485352e-5 3.0310399474328175e-5 3.217200516698525e-5 3.2618556135952934e-5 3.1376463989786716e-5 2.868484000877588e-5 2.5197347930670395e-5 2.149106830487936e-5 1.7950715971015672e-5 1.4771946507553012e-5 1.1998578676889416e-5 9.5576118649596e-6 7.402660650177242e-6 5.5454083090496385e-6 4.012922703933733e-6 2.8176527256283655e-6 1.9266411669871783e-6 1.2858658809785566e-6 8.422210143508669e-7 5.468921353931351e-7 3.5382993197568995e-7 2.2735188280542542e-7 1.4494695199173756e-7 9.272790246608696e-8 6.084092785227796e-8 4.136034382787347e-8 2.9034521189759568e-8 2.137173542665119e-8 1.6831673263523454e-8 1.3989066053358445e-8 1.139766503280151e-8 8.615171288270815e-9 5.9371204414006965e-9 3.6934953068830735e-9 2.0634397831436556e-9 1.0129435769858918e-9 4.240067142859766e-10 1.423419513190735e-10 3.5658740039200166e-11 3.292142007723201e-12 -1.8560339329704e-12 -1.1702617142162339e-12 1.6240056601805096e-13 1.2838089246769823e-12 1.2855851319255553e-12 5.640472488401011e-13 2.6961824011665e-13 1.640937245985132e-13 -1.6576478347601054e-15 1.0913205361492432e-13 2.034785447606169e-14 5.866843536680261e-14 8.738782289480387e-14 
6.395746215208185e-13 3.672227957605033e-12 1.9460763730666453e-11 7.481604930061891e-11 2.2488995185600668e-10 5.501781342289788e-10 1.0654265611123057e-9 1.6488622065647966e-9 2.1108939966634917e-9 2.3148615091164043e-9 2.4357552439584432e-9 2.7383708156124854e-9 3.211696250223137e-9 3.6096141289747583e-9 3.6610068116480792e-9 3.629879967231838e-9 4.041804965671203e-9 5.158300948465443e-9 6.907482979626799e-9 8.976701864946355e-9 1.1278608739865739e-8 1.3791313921366641e-8 1.6864690699386425e-8 2.1488323204882858e-8 2.926230739490563e-8 3.959493011964381e-8 5.0275794934435776e-8 6.11073717579154e-8 7.59150813011438e-8 1.0250810113497436e-7 1.4866028437998799e-7 2.2360957215019033e-7 3.3868083535696893e-7 5.082971494401418e-7 7.46821940272321e-7 1.0706164602234957e-6 1.5005320041790152e-6 2.0613646679512e-6 2.784728353909541e-6 3.7165602680451587e-6 4.9221862167252025e-6 6.451636657823273e-6 8.31500737317463e-6 1.0439869321074207e-5 1.2642473535270022e-5 1.4724227513635114e-5 1.6628715851918393e-5 1.8407749083917032e-5 2.0082937927261867e-5 2.126457740493438e-5 2.1440330877689672e-5 2.0427856232819465e-5 1.844735604305058e-5 1.6032935796749025e-5 1.3604231508338001e-5 1.1386298546627582e-5 9.45654894458778e-6 7.788381083891464e-6 6.29831049835287e-6 4.945914906594599e-6 3.7473609968255e-6 2.7353726591040564e-6 1.9339043742561307e-6 1.3302969319881103e-6 8.92782400864e-7 5.878146290967202e-7 3.835565292407759e-7 2.493205720148114e-7 1.6096202230554705e-7 1.0311942236385212e-7 6.630095071599336e-8 4.378831363741963e-8 3.0194161303684394e-8 2.1900912666612584e-8 1.7033585952699813e-8 1.4266503639512681e-8 1.235199446561463e-8 1.0195751326571873e-8 7.656365142985894e-9 5.153171753859189e-9 3.0678051376246287e-9 1.604555933158383e-9 7.287664243273342e-10 2.832279401073192e-10 9.504238712908759e-11 3.493571962750722e-11 1.8491816383101457e-11 1.2035487837374393e-11 7.558804181918802e-12 3.951323590058863e-12 1.5739639412214195e-12 5.761509774791372e-13 9.45904875286472e-14 2.2280992764341242e-14 4.301485126688735e-14 9.212628848197149e-16 4.477590285849213e-14 7.115069030502586e-15 2.3576165304336206e-14 3.54297188021687e-14 
1.0485272401966324e-12 6.0552973458213775e-12 3.0179991414456856e-11 1.1029671007322333e-10 3.187399847075412e-10 7.512661542922083e-10 1.4081862224202389e-9 2.122643098655633e-9 2.6580248725064233e-9 2.8687408190998965e-9 3.0022722075877576e-9 3.4291784050869662e-9 4.237687589159226e-9 5.280523941047253e-9 6.36707149914187e-9 7.653562116479077e-9 9.134850853232215e-9 1.0428846017807024e-8 1.0924766822896669e-8 1.0304869207568446e-8 9.126874284931283e-9 8.475984077122506e-9 8.939426350351596e-9 1.0192776765518873e-8 1.098577083028956e-8 1.2327360552751057e-8 1.7834903812045447e-8 3.0519046538546994e-8 5.1202456338611046e-8 7.792194259425917e-8 1.1145577961330708e-7 1.5777120320980541e-7 2.260510798441076e-7 3.2790993769191317e-7 4.7425641535565175e-7 6.767883280920376e-7 9.4997587620007e-7 1.3107797933486907e-6 1.7796689756788256e-6 2.3815530583924223e-6 3.149114277113581e-6 4.110018586410985e-6 5.274166557561961e-6 6.608020245644813e-6 8.002497546589433e-6 9.317478666049743e-6 1.049808451420874e-5 1.1568316371976012e-5 1.256337940324797e-5 1.3267785006802143e-5 1.3360194268846253e-5 1.271385209860109e-5 1.1456979312561217e-5 9.937537894370423e-6 8.439813734070913e-6 7.106558525714696e-6 5.9705473115868075e-6 4.9879425656735405e-6 4.08752245132257e-6 3.245460662709887e-6 2.4817360705776588e-6 1.8262660894874674e-6 1.3003339368003082e-6 8.994934522679299e-7 6.063548041895613e-7 4.0073916291124144e-7 2.623589562933933e-7 1.708805705884901e-7 1.103609755261514e-7 7.073394414146654e-8 4.570415108356468e-8 3.0698905517322555e-8 2.1919497707275812e-8 1.6676846904592613e-8 1.3508499059797753e-8 1.153437252653464e-8 1.0095014733478618e-8 8.681767442418422e-9 7.104591403825459e-9 5.362769881511344e-9 3.597963268614263e-9 2.0526719880182226e-9 9.734717304759014e-10 3.7399789245394343e-10 1.062357962829922e-10 1.9569556032410202e-11 2.1063356773663537e-12 1.1746265978107985e-12 1.1266299238938767e-12 4.887131040697193e-13 1.9571281789025805e-13 6.157302193643635e-14 1.6995619215769854e-15 1.4666963390037422e-14 2.172967878613806e-14 -3.246926968003111e-16 1.626588073722424e-14 2.38724560086096e-15 8.922075882468559e-15 1.3454416102239179e-14 
1.6078876056048253e-12 9.058236640115208e-12 4.2821193467665886e-11 1.4926036148741334e-10 4.135348116038595e-10 9.331880545339088e-10 1.6739200230285661e-9 2.4163412508863314e-9 2.8837665079563037e-9 2.937436823900458e-9 2.879753067384664e-9 3.1221712480799866e-9 3.762473366317161e-9 4.629502453708387e-9 5.472404945596044e-9 6.395615314418244e-9 7.504406990275466e-9 8.65777835265784e-9 9.541248841989771e-9 9.975230652214561e-9 1.0174533038540017e-8 1.0400280332930049e-8 1.0899004011658067e-8 1.1984688379405161e-8 1.4121998331705428e-8 1.7322468226241784e-8 2.1780164409921313e-8 2.8132377420293782e-8 3.771059620746951e-8 5.2529849526162146e-8 7.391312212753461e-8 1.0377737610402926e-7 1.4563850992328504e-7 2.0575748170198433e-7 2.9276641801241975e-7 4.1629314075501323e-7 5.858534155690534e-7 8.106479523972873e-7 1.1000577151015663e-6 1.464906770833672e-6 1.92212853472025e-6 2.490274405354052e-6 3.181024202350273e-6 3.981513075014868e-6 4.826308347957474e-6 5.618176157510406e-6 6.3081129128219185e-6 6.902947785967195e-6 7.44337274309494e-6 7.843069413078896e-6 7.927274346838357e-6 7.60495339868538e-6 6.916859820531533e-6 6.04675308634722e-6 5.1722622189877924e-6 4.390355315272851e-6 3.7238264458925363e-6 3.140883525932716e-6 2.594467867436722e-6 2.074420302729534e-6 1.5977720390268822e-6 1.1854295768708278e-6 8.508352803425346e-7 5.923207998827171e-7 4.011774206390682e-7 2.659827318618459e-7 1.7435987074368763e-7 1.1332888007164619e-7 7.281236326969073e-8 4.644258595909045e-8 3.010711509959719e-8 2.068312930759151e-8 1.546741565086953e-8 1.244770808809559e-8 1.0514588785187427e-8 9.141674832214435e-9 8.07991670914147e-9 7.1769797400360285e-9 6.208406403268127e-9 4.96410293014706e-9 3.4792200927463907e-9 2.0246476512321907e-9 9.640630387011901e-10 3.707994191619132e-10 1.1042149605754272e-10 2.9263639004973473e-11 1.0705093805275027e-11 6.721323162622288e-12 4.258240078079631e-12 2.0365148033094387e-12 7.403571272579452e-13 1.7542821949916434e-13 1.3200547646741675e-14 1.2682591597496512e-15 8.005532441789989e-15 -3.238912979442727e-16 3.70132768045129e-15 6.543652214089792e-16 2.2253674363811544e-15 3.234068521347229e-15 
2.128004639564713e-12 1.1742795873024935e-11 5.361702583961266e-11 1.8073002999773279e-10 4.846501675695676e-10 1.0550147256143796e-9 1.8199922442731818e-9 2.5218697150048454e-9 2.8670213109457414e-9 2.740385923958159e-9 2.4760272134941383e-9 2.4956594226730635e-9 2.931419787700629e-9 3.6686620177976775e-9 4.500456626159592e-9 5.463351329760969e-9 6.5840861870273486e-9 7.743607238267688e-9 8.745631059025626e-9 9.537901471800317e-9 1.023311520089023e-8 1.0771926891296709e-8 1.123971301358197e-8 1.208013844299767e-8 1.4154413127230147e-8 1.7507530591833553e-8 2.035460357785528e-8 2.2284392504442146e-8 2.544167507718951e-8 3.269332151960941e-8 4.558799031630697e-8 6.444733265118427e-8 9.012644232839074e-8 1.2564672936192139e-7 1.7713024457543047e-7 2.516128694520213e-7 3.54502397569409e-7 4.894964722840113e-7 6.59089628752857e-7 8.672462928004397e-7 1.1243181097409983e-6 1.4443607426549079e-6 1.8385522406630735e-6 2.3024502148925614e-6 2.795908096002901e-6 3.254525904686052e-6 3.6403691676691793e-6 3.952764143786757e-6 4.227755127929604e-6 4.448831303576477e-6 4.533260134045606e-6 4.417935236808822e-6 4.093768437663234e-6 3.6371209315181907e-6 3.1491390838246574e-6 2.6955210998119512e-6 2.297990536669445e-6 1.9431886656979096e-6 1.6074710044627431e-6 1.2886298288177271e-6 9.976020647952261e-7 7.457804826165625e-7 5.39497711340277e-7 3.779653418402708e-7 2.571906314996789e-7 1.7096469523490794e-7 1.1199717861908117e-7 7.237489588562446e-8 4.60671765766009e-8 2.9220206013067693e-8 1.9202962486777868e-8 1.3861695841564847e-8 1.1187844737024959e-8 9.594643767727995e-9 8.288057182539582e-9 7.098286093414301e-9 6.1556568083205325e-9 5.569914093198199e-9 5.064870398586497e-9 4.2679048650712895e-9 3.113720408064168e-9 1.8532743966196597e-9 8.928967431532054e-10 3.4623695123251043e-10 1.0502972640637704e-10 3.037093812315928e-11 1.3328587645009668e-11 8.484730410167463e-12 5.2543684605390834e-12 2.5751461802416903e-12 9.299467068345427e-13 2.293949853733102e-13 1.8310968159664594e-14 -4.797595004691802e-15 4.785549074533319e-15 -2.4529126193918474e-16 2.003028052241307e-15 3.307776772635945e-16 1.0650535876148972e-15 1.5842998253770057e-15 
2.3671618210057783e-12 1.2884922546206963e-11 5.764763575914052e-11 1.9033840838968763e-10 4.996631589190691e-10 1.0614117221168515e-9 1.781448870500558e-9 2.397767403225747e-9 2.6344556511059714e-9 2.411795788459753e-9 2.0645016035771903e-9 2.00077740302426e-9 2.4204533855659474e-9 3.35915218815066e-9 4.781112200116369e-9 6.636332524861342e-9 8.522709114167107e-9 9.876752409025738e-9 1.0192211093529458e-8 9.474681512340625e-9 8.257580998440191e-9 7.2227397917612325e-9 6.582613061217849e-9 5.757451522050903e-9 3.3898436327505226e-9 1.0019585381696311e-9 4.4180406236785595e-10 3.7008909813808526e-9 1.1783435601535795e-8 2.0694593271908743e-8 2.9474907652201874e-8 3.967274897740081e-8 5.3861404543300225e-8 7.5131974299753e-8 1.0681131245884013e-7 1.5237113029934076e-7 2.1398985423919157e-7 2.9247414565401386e-7 3.8762414269899913e-7 5.010494650950296e-7 6.402383407759433e-7 8.158745746948747e-7 1.0367472414099744e-6 1.3008244082895408e-6 1.5832232902083251e-6 1.844255065007149e-6 2.0586268721707467e-6 2.223523702414625e-6 2.3632936576021524e-6 2.4846161978309513e-6 2.5528575419475484e-6 2.529673850776487e-6 2.393745865021573e-6 2.169043713827238e-6 1.9069529624849649e-6 1.6475515648083978e-6 1.4086759312584365e-6 1.1890529456261937e-6 9.808881768739863e-7 7.857925442932814e-7 6.097409077253703e-7 4.5786113813026805e-7 3.325338058313274e-7 2.3355203932865178e-7 1.5914239052074873e-7 1.0577116647092554e-7 6.904294287435106e-8 4.421264931508463e-8 2.7817265054046643e-8 1.7626016259313023e-8 1.2001705881167494e-8 9.45374461923998e-9 8.429616712179145e-9 7.62509493612547e-9 6.5151585947995585e-9 5.243694929690092e-9 4.259337220498525e-9 3.869035882764339e-9 3.754705059971264e-9 3.4067271280918508e-9 2.643265179428732e-9 1.6446519694175757e-9 8.170753952050384e-10 3.20627190490283e-10 8.963634135141167e-11 1.4119834021795518e-11 4.1096471764151396e-13 1.552329543053604e-13 4.0289377260623046e-13 1.1511924314017845e-13 5.61799656167649e-14 1.2952291524868018e-14 -1.131621115520697e-15 1.118136324791451e-14 1.343251356680775e-14 -7.094718629170944e-16 5.155365969032368e-15 8.679271382730258e-16 2.9513757020407025e-15 4.4718748093590006e-15 
2.123209065010416e-12 1.1500336566857578e-11 5.091170719537815e-11 1.662369232976589e-10 4.3125173543736385e-10 9.026559637812721e-10 1.4869393503649157e-9 1.9551839155480035e-9 2.078556311392603e-9 1.8083412583487022e-9 1.4357890009749543e-9 1.2719227759890495e-9 1.4072122888509258e-9 1.752159779073666e-9 2.1468025147819215e-9 2.587772751307502e-9 3.1926630237779988e-9 4.129018941684054e-9 5.595700961308816e-9 7.738100568431491e-9 1.024041237304545e-8 1.2130658000522566e-8 1.2917973604858912e-8 1.3230531416854542e-8 1.5133480372278102e-8 1.8170988808066405e-8 1.9318760964433906e-8 1.6804925547527844e-8 1.208217292523594e-8 1.004607011976535e-8 1.3547817819027958e-8 2.1906160203165795e-8 3.3465064669993025e-8 4.759898185279316e-8 6.66102698694624e-8 9.357361601195097e-8 1.2976489785201606e-7 1.747508784563751e-7 2.2700398012246351e-7 2.870034741220361e-7 3.602963463291329e-7 4.546642016296503e-7 5.762715335086138e-7 7.236424328098729e-7 8.816197969971238e-7 1.0276229325311054e-6 1.1467366899801897e-6 1.236077678577867e-6 1.3085496542929141e-6 1.3730028898879222e-6 1.417309088538785e-6 1.4221448163751467e-6 1.3711884073230578e-6 1.2682752026224644e-6 1.13552227185648e-6 9.935926157930245e-7 8.540575849872363e-7 7.202121664705348e-7 5.923235351680629e-7 4.7362101594541255e-7 3.674006482718826e-7 2.75810242586411e-7 1.9975187949991918e-7 1.3956819765411664e-7 9.447442044424075e-8 6.225863617253111e-8 4.0123363084178096e-8 2.520181867434788e-8 1.5509156123003613e-8 9.695598887318758e-9 6.706713146929542e-9 5.557549030891745e-9 5.236946259336487e-9 4.91486368362968e-9 4.290193478601491e-9 3.4825802547316235e-9 2.7882469327268178e-9 2.3950845786629524e-9 2.1464002584801986e-9 1.8091511855124774e-9 1.3181722453571716e-9 7.780275340025022e-10 3.7155321537541517e-10 1.451384165876662e-10 4.9014388761806035e-11 2.129251404994022e-11 1.4483850901316771e-11 1.0810037978407767e-11 6.881837503913916e-12 3.4039880376227927e-12 1.2279762249409275e-12 3.011937971475632e-13 2.461391791231636e-14 -9.324518695734849e-15 2.4747647751049216e-15 -2.8569845770380455e-16 1.812373313976432e-16 6.540183726178454e-17 7.480226386762433e-17 9.57974318630678e-17 
1.5314476622032843e-12 8.259973202817256e-12 3.6394318545550844e-11 1.1823985237774791e-10 3.050968793462469e-10 6.348146556486581e-10 1.0399825115667795e-9 1.365332369388438e-9 1.4660648831428738e-9 1.3377229669361243e-9 1.2186763658723013e-9 1.3510544779433425e-9 1.8262582132047561e-9 2.628787636529408e-9 3.7104667173517554e-9 5.013102035873495e-9 6.271131281075146e-9 7.215943351427588e-9 7.727062734311892e-9 8.04759827141549e-9 8.426972228432303e-9 8.786501298105264e-9 8.770243376057322e-9 7.609031319154048e-9 4.375184060287716e-9 3.380164125897596e-9 3.4532629569384313e-9 3.1948101862431627e-9 3.7180829215228542e-9 7.164321904693485e-9 1.0431271793389224e-8 1.4014263559846461e-8 1.9723127093338417e-8 2.872448919894247e-8 4.164247846062312e-8 5.897616359987922e-8 8.070775443747145e-8 1.0617013107629925e-7 1.3416589981754555e-7 1.648614394195259e-7 2.0220669139765248e-7 2.515159462478359e-7 3.1669722146226267e-7 3.963355847345471e-7 4.814098098883127e-7 5.601227962113521e-7 6.246897452068531e-7 6.730536254191701e-7 7.107694141379275e-7 7.437316539198722e-7 7.691766194097911e-7 7.790571082857929e-7 7.640133494356363e-7 7.215524130836222e-7 6.587658951331124e-7 5.845847145202294e-7 5.056208029760023e-7 4.261521562255085e-7 3.495178765642258e-7 2.789912179829179e-7 2.162720414842843e-7 1.6207769188119955e-7 1.1676222100584077e-7 8.093329170937115e-8 5.426138237488263e-8 3.533223855584897e-8 2.237203788659848e-8 1.3688222506681635e-8 8.172072809764672e-9 5.031304676703991e-9 3.606524734422321e-9 3.251275745121969e-9 3.2809642567056214e-9 3.1285841639729446e-9 2.6282447694049767e-9 1.9488317728406346e-9 1.4009123934471412e-9 1.1892701040161962e-9 1.1788782041965302e-9 1.122501767648755e-9 9.078767353923832e-10 5.799409546954594e-10 2.9359448228146615e-10 1.1645277197315956e-10 3.044569188141205e-11 2.413383965360253e-12 2.4189616752933654e-12 1.7637171554089171e-12 9.673938527158147e-13 5.160003895581977e-13 1.7899511889232546e-13 4.4498644758461025e-14 2.6459885527304776e-15 6.7391229907324944e-15 1.04189334316621e-14 2.5174616827687623e-16 2.2376905695986297e-15 3.645177016362466e-16 1.332522469860473e-15 1.9824318851658874e-15 
8.89192078812598e-13 4.7930100885455555e-12 2.106318676274797e-11 6.823794357265799e-11 1.7554535462978148e-10 3.638629237139628e-10 5.936440662034315e-10 7.791850981874996e-10 8.505585203202958e-10 8.36353754182634e-10 9.208873568466655e-10 1.2594919878648263e-9 1.854728643603724e-9 2.5956910617746688e-9 3.339355809442317e-9 4.018173948387674e-9 4.560489305575853e-9 5.006291166756333e-9 5.582388523192208e-9 6.722575051004401e-9 8.446963686244295e-9 9.95156562504606e-9 1.044079054774904e-8 9.477001792505057e-9 7.491159594545383e-9 7.248258487747789e-9 7.116248408816376e-9 5.602833270829893e-9 3.6562930116028225e-9 3.760529530578729e-9 5.313398329047154e-9 8.271708035774305e-9 1.2841015333042021e-8 1.9083186793192717e-8 2.736503443275927e-8 3.8023391188201004e-8 5.090534482968998e-8 6.529779926598016e-8 8.005648210986986e-8 9.511755007660849e-8 1.1327366585016856e-7 1.3805152057612108e-7 1.717456258694421e-7 2.1294509772452407e-7 2.563341470774678e-7 2.9630974388976926e-7 3.2942575563812303e-7 3.54675371866471e-7 3.7402049761807535e-7 3.90519603518005e-7 4.0444539871029725e-7 4.1304224570155153e-7 4.1159359558682666e-7 3.965815180594208e-7 3.6871750912660517e-7 3.311559565999926e-7 2.875938091472845e-7 2.419886387405154e-7 1.9809971012144736e-7 1.5829322671805132e-7 1.2311966225598333e-7 9.253254173261306e-8 6.664039782357435e-8 4.6051004493296717e-8 3.065108840349408e-8 1.9638054868664267e-8 1.203819848926907e-8 6.995201955327744e-9 3.909914583197067e-9 2.2482483733657205e-9 1.5507595740833652e-9 1.405568102617508e-9 1.4447001982763362e-9 1.4000567988804857e-9 1.196010944625306e-9 9.028782747758517e-10 6.481812359009732e-10 5.114599563867612e-10 4.4989430090242325e-10 3.984825189993748e-10 3.2267842087299216e-10 2.2046919670544379e-10 1.1583810821452379e-10 4.5661356810588495e-11 1.1752095256386935e-11 3.4803613700062855e-12 6.5119387406435265e-12 5.805888065955891e-12 3.729494015817339e-12 1.87836545112655e-12 6.762658145320184e-13 1.6497973535351381e-13 1.2781183885169844e-14 -5.065521102065425e-16 6.818408434067944e-15 -1.0740925869229501e-16 1.3608384971094595e-15 2.293263547516916e-16 7.724081193010567e-16 1.333237050495071e-15 
4.057742561164965e-13 2.1900495010234588e-12 9.610764754838798e-12 3.108834830759143e-11 7.985498893088104e-11 1.6517451822099631e-10 2.6920381364875383e-10 3.571570286843375e-10 4.117635694953923e-10 4.809845498863331e-10 7.059590105701595e-10 1.1840774096248762e-9 1.8668924342969988e-9 2.5894201504091227e-9 3.1429028912323844e-9 3.4252452519996434e-9 3.458687415551477e-9 3.4637159089246126e-9 3.886760080435396e-9 5.299092658650509e-9 7.623635254074758e-9 9.72658103642564e-9 1.0572513964856875e-8 1.0081721517512301e-8 1.023165012384929e-8 1.1669198208125194e-8 1.1981960377789564e-8 9.299301007426217e-9 4.4683294837148625e-9 2.001081963923701e-9 2.5293108514641917e-9 5.187971881349813e-9 8.944129396051899e-9 1.3224527733091922e-8 1.842468167215405e-8 2.4937527414151263e-8 3.258422891758448e-8 4.066422671311065e-8 4.81667736391089e-8 5.50193591303122e-8 6.324168527574458e-8 7.513252997503945e-8 9.192853157370155e-8 1.123060317664931e-7 1.331122328948717e-7 1.5194824264244054e-7 1.676825985399769e-7 1.8015796460520024e-7 1.9002823715513776e-7 1.986107243129679e-7 2.0649282987694746e-7 2.1272601125383985e-7 2.149400883396807e-7 2.1041255109244582e-7 1.9810999993345907e-7 1.7900981723133262e-7 1.5535233221681641e-7 1.3031833224447595e-7 1.0688161442122216e-7 8.620889414520642e-8 6.804268474352818e-8 5.195036296669056e-8 3.794408886941494e-8 2.653484092458731e-8 1.7740411311862775e-8 1.1224759023167429e-8 6.598006522519254e-9 3.5520519555028775e-9 1.7758053457905871e-9 8.734569019511708e-10 5.002057444080309e-10 3.902531763012949e-10 3.791548250876297e-10 3.8087466785417207e-10 3.67680249774017e-10 3.3134699048434587e-10 2.706075183245994e-10 1.8885332267522859e-10 8.877377494960806e-11 1.681546290848138e-11 -5.220898559219173e-12 5.907121751873696e-12 5.238706908554346e-12 1.1569828174540721e-12 2.4596119688621464e-12 7.93798220600887e-12 1.0144388142486901e-11 8.639681590887076e-12 5.609809544014481e-12 2.7946690232030342e-12 1.0100372312149557e-12 2.463395042706643e-13 1.9634481112810115e-14 -6.066504618456864e-15 4.02477987107355e-15 8.785179858737209e-17 3.0462347382429726e-16 1.1232113149332295e-16 1.8323382054299409e-16 4.0553210499473674e-16 
1.5009148741110241e-13 7.998281179754978e-13 3.5166234468672768e-12 1.1402714454483098e-11 2.9386567453635894e-11 6.144090509737662e-11 1.034713319095342e-10 1.506316288051349e-10 2.1462730841511618e-10 3.494395907421252e-10 6.646062372154395e-10 1.2494179029198805e-9 2.1193942553289003e-9 3.2339030271406077e-9 4.510218809302088e-9 5.755203612968926e-9 6.542808881826615e-9 6.560486154848488e-9 5.803815616856548e-9 4.817484749413523e-9 4.177902121579926e-9 4.0571155833609774e-9 3.911252838151049e-9 2.7170717873572774e-9 2.877665402350461e-10 -2.613457942969061e-10 9.498388014329863e-11 -6.918169075832346e-11 -1.1235045327769766e-10 3.3251491003728326e-9 5.193249780731067e-9 5.275396534186219e-9 5.620752732310864e-9 7.795111131045057e-9 1.1682083760671686e-8 1.6417224157151915e-8 2.125754154453018e-8 2.5594913298699393e-8 2.895274946526187e-8 3.1509562933027995e-8 3.4755700862232676e-8 4.014145512240452e-8 4.8255309545476586e-8 5.79868182177431e-8 6.747006966365014e-8 7.579249055713817e-8 8.284490948614645e-8 8.891194985847878e-8 9.427315632509926e-8 9.930796516097371e-8 1.0411282378841111e-7 1.0810256195545847e-7 1.1000336774875896e-7 1.0829560621787487e-7 1.0217778916159138e-7 9.210562721534929e-8 7.954136992014303e-8 6.670312585235827e-8 5.5434800829667953e-8 4.5927785390942075e-8 3.75041418563929e-8 2.9628108506000175e-8 2.232804825588827e-8 1.6054377091960673e-8 1.0940624494403896e-8 6.9467355139410756e-9 4.0063123506902085e-9 2.0710379959286502e-9 9.791895211037908e-10 4.735973237109131e-10 3.281369581555334e-10 3.553675281518909e-10 4.044812919773994e-10 3.752957282956853e-10 2.485100899479863e-10 8.7888851799442e-11 -9.233531096759775e-12 1.5275756382708246e-11 1.2584380739977968e-10 2.214261141294459e-10 2.405757141276003e-10 1.8157289646913982e-10 1.0156798395611343e-10 4.02734938729573e-11 7.948445975023644e-12 -9.869951954796217e-13 2.470048313183e-13 2.9756552144217517e-13 1.3061798944715908e-13 8.446261182759578e-14 2.741014481615878e-14 7.005545124198085e-15 -7.00346854047614e-16 8.589422634355892e-15 1.1360015044563788e-14 9.72581313448491e-16 2.0873829716808838e-15 4.398453355437971e-16 1.3452660595942598e-15 1.8816164588252223e-15 
4.154678002711803e-14 2.3170835319816266e-13 1.0106119753791898e-12 3.246910062678991e-12 8.284883457852982e-12 1.686750062861657e-11 2.6963461712018076e-11 3.788608817235946e-11 6.0054841831369e-11 1.3032943133924904e-10 3.202133450933004e-10 6.76825352536583e-10 1.1618116182584355e-9 1.6503752207347015e-9 1.9472672326020297e-9 1.8949933881545025e-9 1.5231442510885261e-9 1.102898440482889e-9 1.117888718152042e-9 2.072400264732425e-9 3.853693454518442e-9 5.401050935788764e-9 5.972373497592339e-9 5.866145148735241e-9 6.981876827308335e-9 9.56530507718014e-9 1.0752042879973216e-8 8.527723379270395e-9 3.8217505322298734e-9 8.0368303076781e-10 9.995285250045496e-10 3.2146117229833656e-9 5.628574920523365e-9 7.161013801383976e-9 8.501222102722335e-9 1.0425339236272305e-8 1.2885277973912972e-8 1.5262302555279455e-8 1.6762171318696166e-8 1.7441217523235797e-8 1.839768889716323e-8 2.0591234020325655e-8 2.4328058290166713e-8 2.8825374289298576e-8 3.3031641648753025e-8 3.6660626142033714e-8 3.9918754614868895e-8 4.3167751260775434e-8 4.653870727290026e-8 4.9952085869050715e-8 5.30628436612014e-8 5.528076907472823e-8 5.586037278606828e-8 5.426548352239562e-8 5.042346656600722e-8 4.482309660466508e-8 3.8418303466524433e-8 3.248994705727604e-8 2.7891432101846567e-8 2.428243847785203e-8 2.0901110514450323e-8 1.7269345588261855e-8 1.3452635373522734e-8 9.866453320362585e-9 6.7326613008605766e-9 4.167605250374388e-9 2.2502542774074863e-9 1.0254508595280828e-9 3.749848263165306e-10 8.421524462856241e-11 3.00525234023329e-12 1.6162581565284716e-11 1.7126664230435597e-11 1.7293308973539633e-11 3.965546640835511e-12 2.3750528284808072e-11 8.18440457003762e-11 3.162229978281401e-11 7.712310433980896e-12 7.279736377615991e-12 8.373928993462878e-12 5.769584704541243e-12 3.178399428594956e-12 7.30836198191813e-13 2.163982430834552e-12 7.588820571382266e-12 1.2198758892480046e-11 1.0671458169672956e-11 6.919323843643972e-12 3.460066724246062e-12 1.2495184203090137e-12 3.063202255947066e-13 2.5811353647081972e-14 -9.0138278963807e-15 2.4749935923639106e-15 -2.1007729455253448e-16 6.49085904395859e-18 4.616325676328128e-17 -2.4415644998672648e-17 1.6298794581750966e-16 
1.1411997652518903e-14 5.553430871647768e-14 2.4812955210538713e-13 8.172327231096081e-13 2.152246497655978e-12 4.788088693798304e-12 9.552919173902641e-12 2.0125782291643722e-11 4.736672774131789e-11 1.1692169516582213e-10 2.747163335989784e-10 5.704399773622092e-10 1.0380659392511927e-9 1.688478948938096e-9 2.4805127482360917e-9 3.23711180189219e-9 3.6475662245735335e-9 3.5117499981471026e-9 2.847189091921306e-9 1.996383857884758e-9 1.245428837392082e-9 1.1350470032529816e-9 1.4335110798693313e-9 1.4571007033288944e-9 1.784077457350123e-9 2.2486395786837604e-9 2.416274279699621e-9 1.832738724715798e-9 8.393818342464939e-10 2.3651981445625612e-9 3.614679792293537e-9 3.766679311663323e-9 3.4982479026988415e-9 3.860756228333292e-9 4.927659462495751e-9 6.395388752459258e-9 7.868841747085415e-9 8.945237696668622e-9 9.311793216079454e-9 9.139333201752028e-9 9.149242014531711e-9 9.901469074100885e-9 1.1537900353674374e-8 1.3588278232087201e-8 1.5524084824021826e-8 1.7297463729095426e-8 1.911136691437999e-8 2.120819355113522e-8 2.361568154735849e-8 2.6120023458294544e-8 2.820864394781216e-8 2.927513981509939e-8 2.880591310222611e-8 2.6823930355153927e-8 2.3829214385967625e-8 2.0425001660326815e-8 1.722553001066618e-8 1.4812889521805476e-8 1.3397269092830406e-8 1.248351997509082e-8 1.142782164095319e-8 9.872426782589876e-9 7.89678593087506e-9 5.862814663708474e-9 4.015583984050261e-9 2.493386754268373e-9 1.3697583684992239e-9 6.61223083809124e-10 2.82731897172574e-10 1.2560938514934445e-10 1.078314524592354e-10 1.5612481582734671e-10 1.9107197738760393e-10 1.7351146311755147e-10 8.543245713654933e-11 1.2811996443511406e-11 1.9645736331861106e-11 1.5273105851555874e-13 6.784683346025091e-11 1.4617749790008697e-10 1.696515866793647e-10 1.326171120376365e-10 7.541806743476973e-11 2.9663986269414475e-11 6.039013665696763e-12 8.185982605758308e-13 2.437071181600046e-12 2.1752999903173855e-12 1.3676795274821802e-12 6.967295628253109e-13 2.493867176905965e-13 6.10871794929877e-14 3.841178260556284e-15 5.373204485648528e-15 9.756625027605666e-15 6.48568743523602e-16 1.9080633375842597e-15 3.1719915553661007e-16 1.1365751895546128e-15 1.741473108264829e-15 
3.465635000895665e-15 9.277961976028032e-15 4.656157649467959e-14 1.6818853886626031e-13 4.890093789051841e-13 1.3534546442162957e-12 3.732194646604915e-12 1.0157832790765334e-11 2.5725997554512525e-11 6.014389500409366e-11 1.2972282712298697e-10 2.591891660233948e-10 4.834105588858075e-10 8.437202792368121e-10 1.3646156642672332e-9 1.962206246261024e-9 2.3897543199297725e-9 2.425583531443666e-9 1.917482587790979e-9 9.281424033675543e-10 5.048108380857778e-10 6.07926346088429e-10 7.874252297698431e-10 8.644892541274265e-10 1.7773308113146245e-9 3.3911619494785754e-9 4.313214225196374e-9 3.4170960965408375e-9 1.2587943505756006e-9 1.7416371217413943e-9 2.4007704872620823e-9 2.7620073387450737e-9 3.101700534045458e-9 3.1996966928822442e-9 3.3330434485108877e-9 3.6891051568045015e-9 4.200408704856448e-9 4.62299977449405e-9 4.657602909372612e-9 4.360318821758178e-9 4.144903624563663e-9 4.329175148582969e-9 5.0016336185204545e-9 5.942456046003731e-9 6.938584323099457e-9 8.010252364090857e-9 9.258538795080428e-9 1.076984413754756e-8 1.251151356379219e-8 1.4316273820691855e-8 1.572003677707217e-8 1.617668454830522e-8 1.5281449794146864e-8 1.3260348530862977e-8 1.0838266652988455e-8 8.625702719304525e-9 7.006484605611829e-9 6.150707015441545e-9 5.96096651174535e-9 6.0048343298874094e-9 5.8342802010992745e-9 5.218583858971645e-9 4.223757413774868e-9 3.115099198627834e-9 2.0895381446260773e-9 1.255495608936554e-9 6.588993133359569e-10 2.9739323706392955e-10 1.3544218065505399e-10 8.377890173850109e-11 8.667396167071819e-11 1.1336377787663866e-10 1.3758397079117324e-10 1.2572157610654323e-10 6.208128848384157e-11 1.6105994389240162e-11 3.2091396758691545e-11 5.376301253305762e-12 4.7866923846141065e-11 1.0214213790443293e-10 1.1756442898265513e-10 9.14598045008421e-11 5.192773787000696e-11 2.0257567040373924e-11 4.831605388405116e-12 3.162239623874092e-12 5.851966508531494e-12 5.1424878919633485e-12 3.3023758881746566e-12 1.659959823461968e-12 5.984799034926581e-13 1.475813092950129e-13 1.2273530803951368e-14 7.65396257035557e-16 7.364540152034737e-15 3.6474680380915095e-16 1.2776640637210427e-15 2.2123750797523708e-16 7.479079353748049e-16 1.2173351812531914e-15 
8.299726609265534e-16 -1.0484189096915763e-15 -2.27952600276984e-15 -3.9912722195559205e-15 3.985067454862097e-16 5.960018601756459e-14 3.1784510488285635e-13 9.386204928070844e-13 1.8263408254548073e-12 2.1875817508697797e-12 2.853409768140485e-13 -4.064758978513309e-12 -6.186108425204732e-12 3.861251915388987e-12 3.969433193811359e-11 1.0596013797435712e-10 1.7287736399401858e-10 2.2291516571577444e-10 1.7595996193112294e-10 -7.980704120246135e-11 9.071854810949072e-10 1.9267123761110837e-9 2.181285967379654e-9 2.357853618045557e-9 4.046056137702338e-9 6.961255032647469e-9 8.491281794168557e-9 6.806158313408026e-9 2.711765168735645e-9 4.973964453908622e-10 2.1683022235983411e-10 1.3643055114757927e-9 2.835981569751117e-9 3.0170712202437046e-9 2.454682526655109e-9 1.9708962506464155e-9 1.8582349190531432e-9 1.986515590601381e-9 2.00086570266363e-9 1.8302872390985783e-9 1.6697707634090685e-9 1.6887156961951737e-9 1.9545771414044916e-9 2.4016681054454874e-9 2.9804976319362476e-9 3.7161442209669528e-9 4.620304044073687e-9 5.67247184796969e-9 6.822233399501623e-9 8.00263245085213e-9 8.899797794297806e-9 9.098705298272421e-9 8.281012748162367e-9 6.662166473400131e-9 4.892415621752285e-9 3.463810794421632e-9 2.6030451601019024e-9 2.3031739993412123e-9 2.3954853158680424e-9 2.593201597950201e-9 2.638423170663872e-9 2.406018029690095e-9 1.938351597050541e-9 1.3922189712436772e-9 8.854959669686086e-10 4.796570481753432e-10 1.9818361160104893e-10 4.096348492261673e-11 4.540147353353081e-12 8.595220024525383e-12 1.8142430643027883e-11 2.857611679577878e-11 3.5588255335405076e-11 3.383638352834737e-11 1.068914874706648e-11 1.7193472046935584e-11 6.539598288533398e-11 1.95097685583202e-11 1.3317921286986224e-11 2.7242321638936707e-11 3.1971225157588204e-11 2.4981733827624698e-11 1.4256487106646292e-11 5.115914934568671e-12 2.768666510838793e-12 6.75482894453416e-12 1.0984979498553543e-11 9.60420828154395e-12 6.21763948740203e-12 3.110737636727073e-12 1.123679145404093e-12 2.7652420177819186e-13 2.3934824928093976e-14 -6.7107670839315744e-15 3.588638669701035e-15 -6.100811272982715e-17 3.282930086194454e-16 1.0528717420572364e-16 1.8038899073710477e-16 4.314997379054501e-16 
3.0368635720996527e-15 3.774000926684911e-15 2.5436083482339933e-14 1.1006596017780677e-13 3.6890320181112336e-13 1.2599234255263636e-12 4.102591730480382e-12 1.1475805859754112e-11 2.6845351237406204e-11 5.4334543742674025e-11 9.924817139867061e-11 1.7966588483324094e-10 3.4106177763475275e-10 6.554073606157472e-10 1.1966849144312094e-9 1.9155010488271276e-9 2.5267051929267587e-9 2.712202698732625e-9 2.1773020268319947e-9 8.714052882389293e-10 1.2082875045443152e-10 -5.0902258173200296e-11 -1.0711287225592452e-11 -2.0622058998919142e-11 -8.577573446904746e-12 1.1936845061338306e-11 6.362640015858439e-11 -1.5323984083508876e-11 -6.081425851313775e-11 1.9316750801187096e-9 2.738395323718845e-9 1.872262832854932e-9 5.830392941095117e-10 2.9489351246013856e-10 6.48690941811281e-10 1.00859531077471e-9 1.1249158255123697e-9 1.0247178111519999e-9 8.540816436965295e-10 6.867422323449513e-10 5.821009045304697e-10 5.776777874706195e-10 6.876160946520244e-10 9.017507760996651e-10 1.2322704446142337e-9 1.6975194643406261e-9 2.2733514432078784e-9 2.905595976625279e-9 3.552491147880099e-9 4.2122363764188005e-9 4.718967033996168e-9 4.815538150976849e-9 4.28787176109337e-9 3.268930476516771e-9 2.1886105896476648e-9 1.3602942738434793e-9 9.049510825867196e-10 7.780168275677848e-10 8.521921201857827e-10 9.751911388898505e-10 1.0251645615242162e-9 9.476342858757e-10 7.673568355943384e-10 5.626609238435274e-10 3.8988376599609883e-10 2.687768624365786e-10 1.9361952979967934e-10 1.4311329483574636e-10 1.0775874298507999e-10 1.0290859412308357e-10 1.3820904393868691e-10 2.0195045421264598e-10 2.491536924321983e-10 2.2668351698279143e-10 1.159890324377977e-10 1.28768718334935e-11 -4.223454489011765e-13 -8.596262776381658e-12 8.723294072072511e-11 1.888493358356686e-10 2.18618493001768e-10 1.7061409081218433e-10 9.689760075661687e-11 3.819144724059282e-11 7.240584972210348e-12 -8.624351025902245e-13 1.0229752928697405e-13 1.4694433634315586e-13 3.8983022315407366e-14 3.6137239054870346e-14 1.0363115285501529e-14 2.7940704253854737e-15 -1.133350072075752e-15 8.961321661608051e-15 1.1594525760517324e-14 9.514822379241688e-16 2.4092165984330958e-15 4.677947364491262e-16 1.5039634068998633e-15 2.163008535308929e-15 
8.821473247454803e-16 -4.857763676323702e-17 1.4135906204840763e-15 5.5295551063547976e-15 1.777483419383043e-14 5.817000694744268e-14 1.8626509493049373e-13 5.336333938717736e-13 1.3163866045175135e-12 2.8831913009596356e-12 5.8175565447633075e-12 1.1445824508144734e-11 2.2329049127555214e-11 4.19027666480675e-11 7.279853175877242e-11 1.1106267238128125e-10 1.3685553727606518e-10 1.4820682717336212e-10 1.0833519331579602e-10 -4.1872989066267074e-11 6.772253080283783e-10 1.482861398380519e-9 1.6964924750753954e-9 1.749517296642005e-9 3.5863597300474147e-9 6.950085114736281e-9 8.868759915959316e-9 7.112461526634769e-9 2.485218627853798e-9 4.167199327492093e-10 -2.3627707384456748e-11 5.37458643363054e-10 1.4874541571591102e-9 1.6927866397162072e-9 1.0832054149095732e-9 4.343213610609599e-10 1.2142934027684116e-10 1.2134461121914485e-10 1.8189405378271793e-10 1.9333901064632237e-10 1.7644080148015578e-10 1.7076053330791168e-10 2.0606634550865398e-10 2.9632681151019787e-10 4.6045519116186586e-10 7.048612732310794e-10 1.0039789322755427e-9 1.3158645287744547e-9 1.6190692806233318e-9 1.931275600401092e-9 2.179244618488137e-9 2.230519373499459e-9 1.966906474039171e-9 1.4523467088276252e-9 9.119575444036404e-10 5.070056223761119e-10 2.932891501882894e-10 2.3689782299597e-10 2.6754617946216806e-10 3.1712796268791537e-10 3.3653219483235627e-10 3.0489545781167093e-10 2.3124018321102272e-10 1.4212975568728165e-10 5.7655011549797886e-11 1.3919711102012653e-11 1.420770948731277e-11 9.671741172045747e-12 6.180880444468311e-12 4.963757127742758e-12 6.072962106021599e-12 8.66493219946914e-12 1.052905578905293e-11 1.1155688057747723e-11 -1.6896868777776406e-12 1.8244093529929576e-11 7.463555812635192e-11 2.370719530680382e-11 4.727429203645766e-12 7.807882467740049e-12 9.372302626515394e-12 7.263917976616563e-12 4.195697103799662e-12 1.0807086922085917e-12 2.339409156270074e-12 8.016778819618965e-12 1.2743573122208844e-11 1.111367913550223e-11 7.1969119917403805e-12 3.59789902850152e-12 1.3011702641058328e-12 3.2156082738939427e-13 2.9304994438498793e-14 -8.35895776633517e-15 2.630865268355211e-15 -1.90610020810058e-16 7.838821768376096e-17 4.659219082656119e-17 9.692585205949587e-18 2.3125992596366326e-16 
