#! FIELDS phi2 phi4 hhphi2phi4
#! SET min_phi2 -pi
#! SET max_phi2 pi
#! SET min_phi4 -pi
#! SET max_phi4 pi
     -3.141592653589793     -3.141592653589793    0.02277749172563158
     -3.141592653589793     -3.015928947446201    0.03464734127141739
     -3.141592653589793      -2.89026524130261     0.0458985000255924
     -3.141592653589793     -2.764601535159018    0.05424257424005778
     -3.141592653589793     -2.638937829015426    0.05873157904702188
     -3.141592653589793     -2.513274122871834    0.05989187616186318
     -3.141592653589793     -2.387610416728243    0.05908074974872907
     -3.141592653589793     -2.261946710584651    0.05760356100261359
     -3.141592653589793     -2.136283004441059    0.05606495712702175
     -3.141592653589793     -2.010619298297468    0.05441656269768787
     -3.141592653589793     -1.884955592153876    0.05262859793571112
     -3.141592653589793     -1.759291886010284    0.05108774886752906
     -3.141592653589793     -1.633628179866693    0.05010788786801403
     -3.141592653589793     -1.507964473723101    0.04922954716215565
     -3.141592653589793     -1.382300767579509    0.04735060494927775
     -3.141592653589793     -1.256637061435917    0.04359012758611339
     -3.141592653589793     -1.130973355292325    0.03787660356119689
     -3.141592653589793     -1.005309649148733    0.03078522303147694
     -3.141592653589793     -0.879645943005142    0.02311282158747477
     -3.141592653589793    -0.7539822368615505    0.01570457562389509
     -3.141592653589793    -0.6283185307179586   0.009406674223054972
     -3.141592653589793    -0.5026548245743667   0.004836935116641985
     -3.141592653589793    -0.3769911184307753   0.002095630927357618
     -3.141592653589793    -0.2513274122871838  0.0007700471302105859
     -3.141592653589793    -0.1256637061435919  0.0002587758118432855
     -3.141592653589793                      0  9.411688363988191e-05
     -3.141592653589793     0.1256637061435919  3.275928896326574e-05
     -3.141592653589793     0.2513274122871834 -2.310023930210522e-05
     -3.141592653589793     0.3769911184307753 -0.0001106188258165885
     -3.141592653589793     0.5026548245743672 -0.0002266192965554477
     -3.141592653589793     0.6283185307179582 -0.0003205661544701441
     -3.141592653589793     0.7539822368615501 -0.0003268024090678757
     -3.141592653589793     0.8796459430051424 -0.0002332610188235614
     -3.141592653589793      1.005309649148734 -0.0001019840844016786
     -3.141592653589793      1.130973355292326 -6.123111700814202e-06
     -3.141592653589793      1.256637061435917  3.187434974262493e-05
     -3.141592653589793      1.382300767579509  3.010709591982083e-05
     -3.141592653589793      1.507964473723101  1.019237994008722e-05
     -3.141592653589793      1.633628179866692 -1.044356574258923e-05
     -3.141592653589793      1.759291886010284 -1.773582130191494e-05
     -3.141592653589793      1.884955592153876 -1.209556799710055e-05
     -3.141592653589793      2.010619298297467 -5.172362203446729e-06
     -3.141592653589793       2.13628300444106  -1.54320300870566e-07
     -3.141592653589793      2.261946710584651  1.337080339893609e-05
     -3.141592653589793      2.387610416728243  6.179436192741314e-05
     -3.141592653589793      2.513274122871834  0.0002362689914075194
     -3.141592653589793      2.638937829015426  0.0008117459395837741
     -3.141592653589793      2.764601535159018   0.002411710997278615
     -3.141592653589793      2.890265241302609    0.00605930889346469
     -3.141592653589793      3.015928947446201    0.01279108746869679
     -3.015928947446201     -3.141592653589793    0.03268866791842295
     -3.015928947446201     -3.015928947446201     0.0491485998658956
     -3.015928947446201      -2.89026524130261    0.06448503454739145
     -3.015928947446201     -2.764601535159018    0.07552814179561845
     -3.015928947446201     -2.638937829015426    0.08105920074522706
     -3.015928947446201     -2.513274122871834    0.08196110014504054
     -3.015928947446201     -2.387610416728243    0.08024453522513576
     -3.015928947446201     -2.261946710584651    0.07777188034880092
     -3.015928947446201     -2.136283004441059    0.07537528748290762
     -3.015928947446201     -2.010619298297468    0.07295035759381575
     -3.015928947446201     -1.884955592153876    0.07038100082935402
     -3.015928947446201     -1.759291886010284    0.06811865340848929
     -3.015928947446201     -1.633628179866693     0.0666133618802439
     -3.015928947446201     -1.507964473723101    0.06541432290424457
     -3.015928947446201     -1.382300767579509    0.06323558018609106
     -3.015928947446201     -1.256637061435917     0.0589233837766906
     -3.015928947446201     -1.130973355292325    0.05217325182421692
     -3.015928947446201     -1.005309649148733    0.04344246494409221
     -3.015928947446201     -0.879645943005142    0.03357387629236834
     -3.015928947446201    -0.7539822368615505     0.0236472961721094
     -3.015928947446201    -0.6283185307179586    0.01487622677173988
     -3.015928947446201    -0.5026548245743667   0.008230691904607963
     -3.015928947446201    -0.3769911184307753   0.003999023045407153
     -3.015928947446201    -0.2513274122871838   0.001750085244466258
     -3.015928947446201    -0.1256637061435919  0.0007347549295436893
     -3.015928947446201                      0  0.0003224656539739512
     -3.015928947446201     0.1256637061435919  0.0001607004905254553
     -3.015928947446201     0.2513274122871834  0.0001060847676564889
     -3.015928947446201     0.3769911184307753  0.0001265680541577773
     -3.015928947446201     0.5026548245743672  0.0002678603490538501
     -3.015928947446201     0.6283185307179582  0.0006264449026486462
     -3.015928947446201     0.7539822368615501   0.001243037450423244
     -3.015928947446201     0.8796459430051424   0.001969634798586375
     -3.015928947446201      1.005309649148734   0.002490447240394744
     -3.015928947446201      1.130973355292326   0.002542687301612846
     -3.015928947446201      1.256637061435917   0.002120487645487179
     -3.015928947446201      1.382300767579509   0.001451366546673177
     -3.015928947446201      1.507964473723101  0.0008075422173548593
     -3.015928947446201      1.633628179866692  0.0003538685109019038
     -3.015928947446201      1.759291886010284  0.0001158171472273778
     -3.015928947446201      1.884955592153876   2.68936428500019e-05
     -3.015928947446201      2.010619298297467  3.949896712031884e-06
     -3.015928947446201       2.13628300444106  2.929401383045419e-06
     -3.015928947446201      2.261946710584651    2.3512075601275e-05
     -3.015928947446201      2.387610416728243  0.0001045969593517948
     -3.015928947446201      2.513274122871834  0.0003897835171926863
     -3.015928947446201      2.638937829015426    0.00129068340531119
     -3.015928947446201      2.764601535159018   0.003699054274220325
     -3.015928947446201      2.890265241302609   0.009025805602844465
     -3.015928947446201      3.015928947446201    0.01864496095572702
      -2.89026524130261     -3.141592653589793    0.04231549679817579
      -2.89026524130261     -3.015928947446201    0.06261302631430157
      -2.89026524130261      -2.89026524130261     0.0810518699677379
      -2.89026524130261     -2.764601535159018    0.09378432864650073
      -2.89026524130261     -2.638937829015426    0.09951337224338051
      -2.89026524130261     -2.513274122871834    0.09957389517933822
      -2.89026524130261     -2.387610416728243    0.09660253192461313
      -2.89026524130261     -2.261946710584651    0.09292179534238332
      -2.89026524130261     -2.136283004441059    0.08952025353746602
      -2.89026524130261     -2.010619298297468    0.08622440829417626
      -2.89026524130261     -1.884955592153876    0.08281067796589803
      -2.89026524130261     -1.759291886010284     0.0797225058831906
      -2.89026524130261     -1.633628179866693    0.07750924442628415
      -2.89026524130261     -1.507964473723101    0.07584959504485678
      -2.89026524130261     -1.382300767579509     0.0735228021463871
      -2.89026524130261     -1.256637061435917    0.06929198462450953
      -2.89026524130261     -1.130973355292325    0.06259431568468693
      -2.89026524130261     -1.005309649148733     0.0535461726040692
      -2.89026524130261     -0.879645943005142    0.04275248349568878
      -2.89026524130261    -0.7539822368615505    0.03130466943693769
      -2.89026524130261    -0.6283185307179586    0.02067393476144862
      -2.89026524130261    -0.5026548245743667    0.01219257222966217
      -2.89026524130261    -0.3769911184307753   0.006442636822981522
      -2.89026524130261    -0.2513274122871838   0.003118780999384435
      -2.89026524130261    -0.1256637061435919    0.00144056656388387
      -2.89026524130261                      0  0.0006719486865231952
      -2.89026524130261     0.1256637061435919  0.0003669265140101507
      -2.89026524130261     0.2513274122871834  0.0003477917980938014
      -2.89026524130261     0.3769911184307753   0.000619307577146477
      -2.89026524130261     0.5026548245743672   0.001319796025862164
      -2.89026524130261     0.6283185307179582   0.002622558782697793
      -2.89026524130261     0.7539822368615501   0.004490320548261017
      -2.89026524130261     0.8796459430051424   0.006439978009002634
      -2.89026524130261      1.005309649148734   0.007663480521758168
      -2.89026524130261      1.130973355292326   0.007554080238820473
      -2.89026524130261      1.256637061435917   0.006170697241181078
      -2.89026524130261      1.382300767579509   0.004171474953443876
      -2.89026524130261      1.507964473723101   0.002318129113661156
      -2.89026524130261      1.633628179866692    0.00104338358341299
      -2.89026524130261      1.759291886010284  0.0003727575740206716
      -2.89026524130261      1.884955592153876  0.0001046044543147875
      -2.89026524130261      2.010619298297467  2.319959828207187e-05
      -2.89026524130261       2.13628300444106    8.9546074336992e-06
      -2.89026524130261      2.261946710584651  3.698095035421804e-05
      -2.89026524130261      2.387610416728243  0.0001593576989190171
      -2.89026524130261      2.513274122871834  0.0005829064968655499
      -2.89026524130261      2.638937829015426   0.001869388982579761
      -2.89026524130261      2.764601535159018   0.005173425520601625
      -2.89026524130261      2.890265241302609    0.01223217270024163
      -2.89026524130261      3.015928947446201    0.02462720576588069
     -2.764601535159018     -3.141592653589793    0.05076323963522212
     -2.764601535159018     -3.015928947446201    0.07355277226572249
     -2.764601535159018      -2.89026524130261    0.09352567581969218
     -2.764601535159018     -2.764601535159018      0.106535959967643
     -2.764601535159018     -2.638937829015426     0.1114855610574264
     -2.764601535159018     -2.513274122871834     0.1102046972369111
     -2.764601535159018     -2.387610416728243     0.1057914979364406
     -2.764601535159018     -2.261946710584651     0.1008087943573805
     -2.764601535159018     -2.136283004441059    0.09629485614361848
     -2.764601535159018     -2.010619298297468    0.09204632155586592
     -2.764601535159018     -1.884955592153876    0.08778522577346926
     -2.764601535159018     -1.759291886010284    0.08389552049288408
     -2.764601535159018     -1.633628179866693     0.0809332153130262
     -2.764601535159018     -1.507964473723101    0.07873695408611085
     -2.764601535159018     -1.382300767579509    0.07635210308575752
     -2.764601535159018     -1.256637061435917    0.07269638016731236
     -2.764601535159018     -1.130973355292325    0.06704859874966616
     -2.764601535159018     -1.005309649148733    0.05907873034593739
     -2.764601535159018     -0.879645943005142    0.04889952211752557
     -2.764601535159018    -0.7539822368615505    0.03732505079742253
     -2.764601535159018    -0.6283185307179586    0.02586911257415706
     -2.764601535159018    -0.5026548245743667    0.01615092983558223
     -2.764601535159018    -0.3769911184307753   0.009111841316780181
     -2.764601535159018    -0.2513274122871838   0.004717960134582485
     -2.764601535159018    -0.1256637061435919   0.002300450381392762
     -2.764601535159018                      0   0.001106887491447649
     -2.764601535159018     0.1256637061435919  0.0006378526281971236
     -2.764601535159018     0.2513274122871834  0.0007111812557340111
     -2.764601535159018     0.3769911184307753   0.001421187914583362
     -2.764601535159018     0.5026548245743672   0.003072902580204157
     -2.764601535159018     0.6283185307179582   0.005960927648425829
     -2.764601535159018     0.7539822368615501   0.009897862395091071
     -2.764601535159018     0.8796459430051424    0.01382830219546816
     -2.764601535159018      1.005309649148734    0.01613522745894935
     -2.764601535159018      1.130973355292326    0.01567580115601316
     -2.764601535159018      1.256637061435917    0.01265803643814806
     -2.764601535159018      1.382300767579509   0.008473990285956211
     -2.764601535159018      1.507964473723101   0.004680407887235433
     -2.764601535159018      1.633628179866692   0.002115260640860088
     -2.764601535159018      1.759291886010284  0.0007740615784085482
     -2.764601535159018      1.884955592153876  0.0002279145443153739
     -2.764601535159018      2.010619298297467  5.461841383296724e-05
     -2.764601535159018       2.13628300444106  1.856815417594749e-05
     -2.764601535159018      2.261946710584651  5.329211068083375e-05
     -2.764601535159018      2.387610416728243  0.0002235619172665709
     -2.764601535159018      2.513274122871834  0.0008084270785263184
     -2.764601535159018      2.638937829015426   0.002525920938183025
     -2.764601535159018      2.764601535159018   0.006768216996903436
     -2.764601535159018      2.890265241302609    0.01549310493144559
     -2.764601535159018      3.015928947446201     0.0302920999305485
     -2.638937829015426     -3.141592653589793    0.05807769050744101
     -2.638937829015426     -3.015928947446201    0.08196516602571013
     -2.638937829015426      -2.89026524130261     0.1018873812128253
     -2.638937829015426     -2.764601535159018     0.1138581560006029
     -2.638937829015426     -2.638937829015426     0.1172749031041568
     -2.638937829015426     -2.513274122871834     0.1144385311896106
     -2.638937829015426     -2.387610416728243     0.1086384868210111
     -2.638937829015426     -2.261946710584651     0.1023903999954249
     -2.638937829015426     -2.136283004441059    0.09668599044240511
     -2.638937829015426     -2.010619298297468    0.09141009581940332
     -2.638937829015426     -1.884955592153876    0.08638763362280638
     -2.638937829015426     -1.759291886010284     0.0819550405588607
     -2.638937829015426     -1.633628179866693    0.07853510645507002
     -2.638937829015426     -1.507964473723101    0.07598477679112034
     -2.638937829015426     -1.382300767579509    0.07361478829411508
     -2.638937829015426     -1.256637061435917    0.07065753031277658
     -2.638937829015426     -1.130973355292325    0.06645013594863305
     -2.638937829015426     -1.005309649148733    0.06033519917957623
     -2.638937829015426     -0.879645943005142    0.05185814775668628
     -2.638937829015426    -0.7539822368615505    0.04132235503359924
     -2.638937829015426    -0.6283185307179586    0.03002996923499981
     -2.638937829015426    -0.5026548245743667    0.01973960850980093
     -2.638937829015426    -0.3769911184307753    0.01174868500623412
     -2.638937829015426    -0.2513274122871838   0.006390691366451695
     -2.638937829015426    -0.1256637061435919   0.003228868662820027
     -2.638937829015426                      0   0.001584468224582322
     -2.638937829015426     0.1256637061435919  0.0009559134991739308
     -2.638937829015426     0.2513274122871834   0.001201062087820287
     -2.638937829015426     0.3769911184307753   0.002576765995531057
     -2.638937829015426     0.5026548245743672   0.005653512653782711
     -2.638937829015426     0.6283185307179582    0.01090678247112075
     -2.638937829015426     0.7539822368615501     0.0179097657272637
     -2.638937829015426     0.8796459430051424    0.02473766364151564
     -2.638937829015426      1.005309649148734    0.02857221436239788
     -2.638937829015426      1.130973355292326    0.02750680451353853
     -2.638937829015426      1.256637061435917    0.02201887785154879
     -2.638937829015426      1.382300767579509    0.01461627541890645
     -2.638937829015426      1.507964473723101   0.008018142792672768
     -2.638937829015426      1.633628179866692   0.003619482003324108
     -2.638937829015426      1.759291886010284   0.001337551002055079
     -2.638937829015426      1.884955592153876  0.0004025103423107049
     -2.638937829015426      2.010619298297467  9.987901572779535e-05
     -2.638937829015426       2.13628300444106  3.235562968877378e-05
     -2.638937829015426      2.261946710584651  7.230369956738479e-05
     -2.638937829015426      2.387610416728243  0.0002964394655032505
     -2.638937829015426      2.513274122871834   0.001066430989076542
     -2.638937829015426      2.638937829015426   0.003265718614862846
     -2.638937829015426      2.764601535159018   0.008504226068179764
     -2.638937829015426      2.890265241302609    0.01885502439045613
     -2.638937829015426      3.015928947446201    0.03570353779752435
     -2.513274122871834     -3.141592653589793    0.06494153144193419
     -2.513274122871834     -3.015928947446201    0.08889735640665558
     -2.513274122871834      -2.89026524130261     0.1075862717729474
     -2.513274122871834     -2.764601535159018      0.117604389219902
     -2.513274122871834     -2.638937829015426     0.1190992218554689
     -2.513274122871834     -2.513274122871834     0.1147738897850955
     -2.513274122871834     -2.387610416728243     0.1078155982362148
     -2.513274122871834     -2.261946710584651     0.1004185327328602
     -2.513274122871834     -2.136283004441059    0.09347241712633457
     -2.513274122871834     -2.010619298297468    0.08712250567126185
     -2.513274122871834     -1.884955592153876    0.08151972938621975
     -2.513274122871834     -1.759291886010284     0.0770235249115942
     -2.513274122871834     -1.633628179866693     0.0737721032065351
     -2.513274122871834     -1.507964473723101    0.07136518070827218
     -2.513274122871834     -1.382300767579509    0.06916890263385124
     -2.513274122871834     -1.256637061435917    0.06674555102327964
     -2.513274122871834     -1.130973355292325    0.06373433800494553
     -2.513274122871834     -1.005309649148733    0.05944308134393653
     -2.513274122871834     -0.879645943005142    0.05297554592383952
     -2.513274122871834    -0.7539822368615505     0.0440225699152043
     -2.513274122871834    -0.6283185307179586     0.0334645040749862
     -2.513274122871834    -0.5026548245743667    0.02303486429659157
     -2.513274122871834    -0.3769911184307753    0.01433372377445901
     -2.513274122871834    -0.2513274122871838    0.00809797642028388
     -2.513274122871834    -0.1256637061435919   0.004195969558919136
     -2.513274122871834                      0    0.00208807727785945
     -2.513274122871834     0.1256637061435919   0.001314894986685013
     -2.513274122871834     0.2513274122871834     0.0018209728774714
     -2.513274122871834     0.3769911184307753   0.004106702586219826
     -2.513274122871834     0.5026548245743672   0.009118232932757753
     -2.513274122871834     0.6283185307179582    0.01757891116202444
     -2.513274122871834     0.7539822368615501    0.02872576720499588
     -2.513274122871834     0.8796459430051424    0.03944081238299424
     -2.513274122871834      1.005309649148734    0.04527868676997433
     -2.513274122871834      1.130973355292326    0.04332495489803639
     -2.513274122871834      1.256637061435917    0.03446116074991198
     -2.513274122871834      1.382300767579509    0.02272596507447497
     -2.513274122871834      1.507964473723101    0.01239584868739354
     -2.513274122871834      1.633628179866692   0.005583201306286702
     -2.513274122871834      1.759291886010284   0.002072904733426842
     -2.513274122871834      1.884955592153876  0.0006313276289951683
     -2.513274122871834      2.010619298297467  0.0001597690648815457
     -2.513274122871834       2.13628300444106   5.05987425239747e-05
     -2.513274122871834      2.261946710584651  9.430503220448212e-05
     -2.513274122871834      2.387610416728243   0.000379284604266837
     -2.513274122871834      2.513274122871834   0.001363221305042093
     -2.513274122871834      2.638937829015426   0.004112854907254332
     -2.513274122871834      2.764601535159018    0.01045583410707785
     -2.513274122871834      2.890265241302609    0.02250523792531119
     -2.513274122871834      3.015928947446201    0.04125040002379458
     -2.387610416728243     -3.141592653589793    0.07193672455053121
     -2.387610416728243     -3.015928947446201    0.09543787718712307
     -2.387610416728243      -2.89026524130261     0.1122801634348791
     -2.387610416728243     -2.764601535159018      0.119921184825752
     -2.387610416728243     -2.638937829015426     0.1194131867098854
     -2.387610416728243     -2.513274122871834     0.1137886028104408
     -2.387610416728243     -2.387610416728243     0.1059163473242771
     -2.387610416728243     -2.261946710584651    0.09749070915357817
     -2.387610416728243     -2.136283004441059    0.08929175181339971
     -2.387610416728243     -2.010619298297468    0.08188309507184845
     -2.387610416728243     -1.884955592153876    0.07593740136515516
     -2.387610416728243     -1.759291886010284    0.07191942341900456
     -2.387610416728243     -1.633628179866693    0.06957212889417259
     -2.387610416728243     -1.507964473723101     0.0679682278071134
     -2.387610416728243     -1.382300767579509    0.06624579234334155
     -2.387610416728243     -1.256637061435917    0.06418728894041308
     -2.387610416728243     -1.130973355292325    0.06188218219591397
     -2.387610416728243     -1.005309649148733    0.05889683195375899
     -2.387610416728243     -0.879645943005142    0.05411784840044358
     -2.387610416728243    -0.7539822368615505    0.04666113164018167
     -2.387610416728243    -0.6283185307179586    0.03688744418773598
     -2.387610416728243    -0.5026548245743667    0.02639114444432862
     -2.387610416728243    -0.3769911184307753    0.01701378489330009
     -2.387610416728243    -0.2513274122871838   0.009889781101469432
     -2.387610416728243    -0.1256637061435919   0.005216675023147683
     -2.387610416728243                      0   0.002622379488141736
     -2.387610416728243     0.1256637061435919    0.00171272802139074
     -2.387610416728243     0.2513274122871834   0.002551342558264975
     -2.387610416728243     0.3769911184307753   0.005945803104545667
     -2.387610416728243     0.5026548245743672    0.01330655676014703
     -2.387610416728243     0.6283185307179582    0.02565835801681401
     -2.387610416728243     0.7539822368615501    0.04182305655899906
     -2.387610416728243     0.8796459430051424    0.05722831369953443
     -2.387610416728243      1.005309649148734    0.06545915568374797
     -2.387610416728243      1.130973355292326    0.06239558517885018
     -2.387610416728243      1.256637061435917    0.04942789085935912
     -2.387610416728243      1.382300767579509    0.03245686763334121
     -2.387610416728243      1.507964473723101    0.01763618319289093
     -2.387610416728243      1.633628179866692   0.007930133404297806
     -2.387610416728243      1.759291886010284   0.002951844674664362
     -2.387610416728243      1.884955592153876  0.0009053401719826164
     -2.387610416728243      2.010619298297467  0.0002317682226466165
     -2.387610416728243       2.13628300444106  7.249536092000999e-05
     -2.387610416728243      2.261946710584651  0.0001190663165422237
     -2.387610416728243      2.387610416728243    0.00047170552207973
     -2.387610416728243      2.513274122871834   0.001696697091128298
     -2.387610416728243      2.638937829015426   0.005063835894607368
     -2.387610416728243      2.764601535159018    0.01263047385994045
     -2.387610416728243      2.890265241302609    0.02651044398917347
     -2.387610416728243      3.015928947446201    0.04717132751223646
     -2.261946710584651     -3.141592653589793    0.07887870134445418
     -2.261946710584651     -3.015928947446201     0.1018229589231334
     -2.261946710584651      -2.89026524130261     0.1167614807214766
     -2.261946710584651     -2.764601535159018     0.1220744760787889
     -2.261946710584651     -2.638937829015426     0.1197189689311307
     -2.261946710584651     -2.513274122871834      0.112995927508468
     -2.261946710584651     -2.387610416728243     0.1043843525711542
     -2.261946710584651     -2.261946710584651    0.09504856073265769
     -2.261946710584651     -2.136283004441059    0.08568737352154421
     -2.261946710584651     -2.010619298297468    0.07734999182239237
     -2.261946710584651     -1.884955592153876    0.07130287996579084
     -2.261946710584651     -1.759291886010284    0.06815942937421486
     -2.261946710584651     -1.633628179866693    0.06724478717419363
     -2.261946710584651     -1.507964473723101    0.06698611672371584
     -2.261946710584651     -1.382300767579509      0.066101947222858
     -2.261946710584651     -1.256637061435917    0.06443085298137596
     -2.261946710584651     -1.130973355292325    0.06248851263179155
     -2.261946710584651     -1.005309649148733    0.06023499586616132
     -2.261946710584651     -0.879645943005142    0.05653860181361542
     -2.261946710584651    -0.7539822368615505    0.05008467283205165
     -2.261946710584651    -0.6283185307179586    0.04075893390391844
     -2.261946710584651    -0.5026548245743667    0.02999219016618705
     -2.261946710584651    -0.3769911184307753    0.01982313989803952
     -2.261946710584651    -0.2513274122871838    0.01174715131051112
     -2.261946710584651    -0.1256637061435919   0.006268675846750076
     -2.261946710584651                      0   0.003172370233650185
     -2.261946710584651     0.1256637061435919   0.002126029047694425
     -2.261946710584651     0.2513274122871834   0.003316733189157662
     -2.261946710584651     0.3769911184307753   0.007874206785829166
     -2.261946710584651     0.5026548245743672    0.01769490426276216
     -2.261946710584651     0.6283185307179582    0.03411603184595471
     -2.261946710584651     0.7539822368615501    0.05552118189360437
     -2.261946710584651     0.8796459430051424    0.07581848540236101
     -2.261946710584651      1.005309649148734    0.08654185370069413
     -2.261946710584651      1.130973355292326    0.08231819747797421
     -2.261946710584651      1.256637061435917    0.06506824517861777
     -2.261946710584651      1.382300767579509    0.04263192368286046
     -2.261946710584651      1.507964473723101    0.02312011971370062
     -2.261946710584651      1.633628179866692    0.01038833583429281
     -2.261946710584651      1.759291886010284   0.003873224959144926
     -2.261946710584651      1.884955592153876   0.001192784903189429
     -2.261946710584651      2.010619298297467  0.0003073198913570242
     -2.261946710584651       2.13628300444106   9.53689197479926e-05
     -2.261946710584651      2.261946710584651   0.000144496908805927
     -2.261946710584651      2.387610416728243  0.0005663613086201076
     -2.261946710584651      2.513274122871834   0.002038222798793688
     -2.261946710584651      2.638937829015426   0.006035761016594266
     -2.261946710584651      2.764601535159018    0.01484462352479212
     -2.261946710584651      2.890265241302609    0.03056534667178484
     -2.261946710584651      3.015928947446201    0.05311656786888319
     -2.136283004441059     -3.141592653589793    0.08470834751724118
     -2.136283004441059     -3.015928947446201     0.1071950428010758
     -2.136283004441059      -2.89026524130261     0.1205819590455305
     -2.136283004441059     -2.764601535159018     0.1240142592511335
     -2.136283004441059     -2.638937829015426     0.1201831453115021
     -2.136283004441059     -2.513274122871834     0.1125982573174677
     -2.136283004441059     -2.387610416728243     0.1034189576497209
     -2.136283004441059     -2.261946710584651    0.09339073041789916
     -2.136283004441059     -2.136283004441059    0.08316839939699794
     -2.136283004441059     -2.010619298297468    0.07421582975218598
     -2.136283004441059     -1.884955592153876    0.06829329424801674
     -2.136283004441059     -1.759291886010284    0.06614357552051746
     -2.136283004441059     -1.633628179866693    0.06675962128169546
     -2.136283004441059     -1.507964473723101    0.06802300505214064
     -2.136283004441059     -1.382300767579509    0.06822697302991179
     -2.136283004441059     -1.256637061435917    0.06712326835763766
     -2.136283004441059     -1.130973355292325    0.06547295673790596
     -2.136283004441059     -1.005309649148733    0.06355965382288824
     -2.136283004441059     -0.879645943005142    0.06033587977579957
     -2.136283004441059    -0.7539822368615505    0.05425549407290934
     -2.136283004441059    -0.6283185307179586    0.04489384477433203
     -2.136283004441059    -0.5026548245743667    0.03357755538079593
     -2.136283004441059    -0.3769911184307753    0.02251235988066047
     -2.136283004441059    -0.2513274122871838    0.01348577179660668
     -2.136283004441059    -0.1256637061435919   0.007242381791836317
     -2.136283004441059                      0   0.003678896964414539
     -2.136283004441059     0.1256637061435919   0.002499820685140311
     -2.136283004441059     0.2513274122871834   0.003987775886929219
     -2.136283004441059     0.3769911184307753   0.009541391819921634
     -2.136283004441059     0.5026548245743672    0.02146680543937528
     -2.136283004441059     0.6283185307179582    0.04136227604597258
     -2.136283004441059     0.7539822368615501    0.06723491778188488
     -2.136283004441059     0.8796459430051424    0.09170289705457901
     -2.136283004441059      1.005309649148734     0.1045616951135349
     -2.136283004441059      1.130973355292326    0.09937039232243705
     -2.136283004441059      1.256637061435917    0.07848702825308077
     -2.136283004441059      1.382300767579509    0.05138902659992402
     -2.136283004441059      1.507964473723101    0.02785614032937915
     -2.136283004441059      1.633628179866692     0.0125177411235229
     -2.136283004441059      1.759291886010284   0.004672764144326763
     -2.136283004441059      1.884955592153876   0.001442265798268744
     -2.136283004441059      2.010619298297467  0.0003727567333675402
     -2.136283004441059       2.13628300444106   0.000115013089982544
     -2.136283004441059      2.261946710584651  0.0001665420188801076
     -2.136283004441059      2.387610416728243  0.0006483838346948689
     -2.136283004441059      2.513274122871834   0.002332134798481035
     -2.136283004441059      2.638937829015426   0.006867196270756356
     -2.136283004441059      2.764601535159018    0.01672760577813403
     -2.136283004441059      2.890265241302609    0.03399454632373963
     -2.136283004441059      3.015928947446201    0.05812156462504593
     -2.010619298297468     -3.141592653589793    0.08817348336082978
     -2.010619298297468     -3.015928947446201     0.1102739033867053
     -2.010619298297468      -2.89026524130261     0.1226136651520272
     -2.010619298297468     -2.764601535159018     0.1248212442064586
     -2.010619298297468     -2.638937829015426     0.1200440181284836
     -2.010619298297468     -2.513274122871834     0.1119320486971625
     -2.010619298297468     -2.387610416728243     0.1024718031999806
     -2.010619298297468     -2.261946710584651    0.09217237647177914
     -2.010619298297468     -2.136283004441059     0.0816585051285221
     -2.010619298297468     -2.010619298297468    0.07261153985457969
     -2.010619298297468     -1.884955592153876    0.06704332550080822
     -2.010619298297468     -1.759291886010284    0.06575631709491148
     -2.010619298297468     -1.633628179866693     0.0675809834253482
     -2.010619298297468     -1.507964473723101    0.07012850941990863
     -2.010619298297468     -1.382300767579509    0.07143047848236059
     -2.010619298297468     -1.256637061435917    0.07107550778949004
     -2.010619298297468     -1.130973355292325    0.06982084882821345
     -2.010619298297468     -1.005309649148733     0.0680648165185806
     -2.010619298297468     -0.879645943005142    0.06484656420322761
     -2.010619298297468    -0.7539822368615505    0.05858071151557365
     -2.010619298297468    -0.6283185307179586    0.04874939599013132
     -2.010619298297468    -0.5026548245743667    0.03668075751865606
     -2.010619298297468    -0.3769911184307753    0.02472510159578159
     -2.010619298297468    -0.2513274122871838    0.01487052043341599
     -2.010619298297468    -0.1256637061435919   0.008005019564881963
     -2.010619298297468                      0   0.004072432709592225
     -2.010619298297468     0.1256637061435919   0.002776947160245436
     -2.010619298297468     0.2513274122871834    0.00444554674280026
     -2.010619298297468     0.3769911184307753    0.01063678990717433
     -2.010619298297468     0.5026548245743672     0.0239080704602457
     -2.010619298297468     0.6283185307179582    0.04601511469347323
     -2.010619298297468     0.7539822368615501    0.07472347213324258
     -2.010619298297468     0.8796459430051424     0.1018428423419629
     -2.010619298297468      1.005309649148734     0.1160805608637555
     -2.010619298297468      1.130973355292326     0.1103152865612637
     -2.010619298297468      1.256637061435917    0.08715562009564379
     -2.010619298297468      1.382300767579509    0.05709270987450977
     -2.010619298297468      1.507964473723101    0.03096807708878031
     -2.010619298297468      1.633628179866692    0.01392748709897404
     -2.010619298297468      1.759291886010284   0.005204228241266261
     -2.010619298297468      1.884955592153876   0.001608074729802276
     -2.010619298297468      2.010619298297467  0.0004159878565880231
     -2.010619298297468       2.13628300444106  0.0001277432708411974
     -2.010619298297468      2.261946710584651   0.000181297164977087
     -2.010619298297468      2.387610416728243  0.0007032285488049532
     -2.010619298297468      2.513274122871834   0.002524933584547568
     -2.010619298297468      2.638937829015426   0.007403312386141406
     -2.010619298297468      2.764601535159018    0.01792040615643048
     -2.010619298297468      2.890265241302609    0.03612617915468833
     -2.010619298297468      3.015928947446201    0.06117002228338805
     -1.884955592153876     -3.141592653589793    0.08885663411479493
     -1.884955592153876     -3.015928947446201     0.1105151224043963
     -1.884955592153876      -2.89026524130261      0.122206254086241
     -1.884955592153876     -2.764601535159018     0.1237797711770843
     -1.884955592153876     -2.638937829015426     0.1185794388819338
     -1.884955592153876     -2.513274122871834      0.110336610016595
     -1.884955592153876     -2.387610416728243      0.101006896531822
     -1.884955592153876     -2.261946710584651    0.09102435326440544
     -1.884955592153876     -2.136283004441059    0.08095675613160511
     -1.884955592153876     -2.010619298297468    0.07245112016495203
     -1.884955592153876     -1.884955592153876    0.06748199930061351
     -1.884955592153876     -1.759291886010284     0.0668262625077256
     -1.884955592153876     -1.633628179866693     0.0693439602918615
     -1.884955592153876     -1.507964473723101    0.07270470234456264
     -1.884955592153876     -1.382300767579509    0.07491488508024469
     -1.884955592153876     -1.256637061435917     0.0753929328105746
     -1.884955592153876     -1.130973355292325    0.07467484440447325
     -1.884955592153876     -1.005309649148733    0.07303884193330888
     -1.884955592153876     -0.879645943005142     0.0695471290538115
     -1.884955592153876    -0.7539822368615505    0.06270488615380651
     -1.884955592153876    -0.6283185307179586    0.05209076895774083
     -1.884955592153876    -0.5026548245743667    0.03914583041082261
     -1.884955592153876    -0.3769911184307753    0.02635937618373048
     -1.884955592153876    -0.2513274122871838    0.01583940175922236
     -1.884955592153876    -0.1256637061435919   0.008523116546371726
     -1.884955592153876                      0   0.004336056458234412
     -1.884955592153876     0.1256637061435919   0.002944240129452581
     -1.884955592153876     0.2513274122871834   0.004663845791492441
     -1.884955592153876     0.3769911184307753    0.01109344900046128
     -1.884955592153876     0.5026548245743672    0.02486705756789866
     -1.884955592153876     0.6283185307179582    0.04778449061831916
     -1.884955592153876     0.7539822368615501    0.07752046240630911
     -1.884955592153876     0.8796459430051424     0.1056093755379181
     -1.884955592153876      1.005309649148734     0.1203890779944103
     -1.884955592153876      1.130973355292326     0.1144858500333057
     -1.884955592153876      1.256637061435917    0.09055282810283308
     -1.884955592153876      1.382300767579509    0.05940541901972535
     -1.884955592153876      1.507964473723101    0.03227466166820391
     -1.884955592153876      1.633628179866692    0.01453643409682645
     -1.884955592153876      1.759291886010284    0.00543712032918538
     -1.884955592153876      1.884955592153876   0.001680608732877172
     -1.884955592153876      2.010619298297467  0.0004344529252580063
     -1.884955592153876       2.13628300444106  0.0001327854529747287
     -1.884955592153876      2.261946710584651  0.0001878485399714879
     -1.884955592153876      2.387610416728243  0.0007273994489710023
     -1.884955592153876      2.513274122871834   0.002603887253655301
     -1.884955592153876      2.638937829015426   0.007606986449360255
     -1.884955592153876      2.764601535159018    0.01833501059248138
     -1.884955592153876      2.890265241302609    0.03678740333364249
     -1.884955592153876      3.015928947446201    0.06197435684169059
     -1.759291886010284     -3.141592653589793    0.08760443062517523
     -1.759291886010284     -3.015928947446201     0.1087234001749432
     -1.759291886010284      -2.89026524130261     0.1199550524335197
     -1.759291886010284     -2.764601535159018      0.121223119663209
     -1.759291886010284     -2.638937829015426     0.1159308494603259
     -1.759291886010284     -2.513274122871834     0.1078750862730115
     -1.759291886010284     -2.387610416728243    0.09907528853999248
     -1.759291886010284     -2.261946710584651    0.08997556871090348
     -1.759291886010284     -2.136283004441059     0.0810269472706195
     -1.759291886010284     -2.010619298297468    0.07362132474491087
     -1.759291886010284     -1.884955592153876    0.06946041255153729
     -1.759291886010284     -1.759291886010284    0.06922697200792439
     -1.759291886010284     -1.633628179866693    0.07196212477290538
     -1.759291886010284     -1.507964473723101    0.07566012930466433
     -1.759291886010284     -1.382300767579509    0.07851608435329353
     -1.759291886010284     -1.256637061435917    0.07982221116924706
     -1.759291886010284     -1.130973355292325    0.07976686311428356
     -1.759291886010284     -1.005309649148733    0.07832525104622307
     -1.759291886010284     -0.879645943005142    0.07448187903415111
     -1.759291886010284    -0.7539822368615505     0.0668657633477191
     -1.759291886010284    -0.6283185307179586    0.05526155679115009
     -1.759291886010284    -0.5026548245743667    0.04131733866191701
     -1.759291886010284    -0.3769911184307753    0.02769008517899899
     -1.759291886010284    -0.2513274122871838    0.01657512867226172
     -1.759291886010284    -0.1256637061435919   0.008900243009186256
     -1.759291886010284                      0   0.004524177680737067
     -1.759291886010284     0.1256637061435919   0.003044053894379807
     -1.759291886010284     0.2513274122871834   0.004724680990937411
     -1.759291886010284     0.3769911184307753    0.01112167556623039
     -1.759291886010284     0.5026548245743672    0.02482657437509624
     -1.759291886010284     0.6283185307179582    0.04760654878994977
     -1.759291886010284     0.7539822368615501    0.07714846879596909
     -1.759291886010284     0.8796459430051424     0.1050740323303283
     -1.759291886010284      1.005309649148734      0.119838665627419
     -1.759291886010284      1.130973355292326     0.1141030129594992
     -1.759291886010284      1.256637061435917    0.09041936303037894
     -1.759291886010284      1.382300767579509     0.0594567736639908
     -1.759291886010284      1.507964473723101    0.03238279624741843
     -1.759291886010284      1.633628179866692     0.0146156356849395
     -1.759291886010284      1.759291886010284   0.005472625250078427
     -1.759291886010284      1.884955592153876   0.001691290813151045
     -1.759291886010284      2.010619298297467  0.0004363758695156951
     -1.759291886010284       2.13628300444106  0.0001326353296769657
     -1.759291886010284      2.261946710584651  0.0001889291037579083
     -1.759291886010284      2.387610416728243  0.0007310715303552443
     -1.759291886010284      2.513274122871834   0.002606173246024439
     -1.759291886010284      2.638937829015426   0.007585685193260095
     -1.759291886010284      2.764601535159018      0.018221216480936
     -1.759291886010284      2.890265241302609    0.03644670833491308
     -1.759291886010284      3.015928947446201    0.06123960075061156
     -1.633628179866693     -3.141592653589793     0.0859191324606656
     -1.633628179866693     -3.015928947446201     0.1065277490925965
     -1.633628179866693      -2.89026524130261     0.1173810751409503
     -1.633628179866693     -2.764601535159018     0.1184324971035789
     -1.633628179866693     -2.638937829015426     0.1131370748575307
     -1.633628179866693     -2.513274122871834     0.1053962706238312
     -1.633628179866693     -2.387610416728243    0.09734853796625655
     -1.633628179866693     -2.261946710584651    0.08946670521449659
     -1.633628179866693     -2.136283004441059    0.08202111609522891
     -1.633628179866693     -2.010619298297468    0.07601039879453329
     -1.633628179866693     -1.884955592153876    0.07273061893993632
     -1.633628179866693     -1.759291886010284    0.07273257282743516
     -1.633628179866693     -1.633628179866693     0.0753194580060703
     -1.633628179866693     -1.507964473723101    0.07896249681797431
     -1.633628179866693     -1.382300767579509    0.08219442368154919
     -1.633628179866693     -1.256637061435917    0.08425980869874818
     -1.633628179866693     -1.130973355292325    0.08497234438336884
     -1.633628179866693     -1.005309649148733    0.08389335098988576
     -1.633628179866693     -0.879645943005142    0.07980825333366016
     -1.633628179866693    -0.7539822368615505    0.07141083783780156
     -1.633628179866693    -0.6283185307179586    0.05871438255379664
     -1.633628179866693    -0.5026548245743667    0.04364140982193784
     -1.633628179866693    -0.3769911184307753    0.02907516345169717
     -1.633628179866693    -0.2513274122871838    0.01731768195324089
     -1.633628179866693    -0.1256637061435919   0.009272796249193227
     -1.633628179866693                      0   0.004708242601456902
     -1.633628179866693     0.1256637061435919    0.00313348545996783
     -1.633628179866693     0.2513274122871834   0.004743952040200853
     -1.633628179866693     0.3769911184307753    0.01102362633636891
     -1.633628179866693     0.5026548245743672    0.02448328065667118
     -1.633628179866693     0.6283185307179582    0.04683394560379005
     -1.633628179866693     0.7539822368615501    0.07580837116391165
     -1.633628179866693     0.8796459430051424     0.1032300474463612
     -1.633628179866693      1.005309649148734     0.1178225388455788
     -1.633628179866693      1.130973355292326     0.1123642024865859
     -1.633628179866693      1.256637061435917    0.08925287126972281
     -1.633628179866693      1.382300767579509    0.05886082318458857
     -1.633628179866693      1.507964473723101    0.03215576785525036
     -1.633628179866693      1.633628179866692    0.01454919441848827
     -1.633628179866693      1.759291886010284   0.005453872999626149
     -1.633628179866693      1.884955592153876   0.001684621640041729
     -1.633628179866693      2.010619298297467  0.0004334550830477042
     -1.633628179866693       2.13628300444106  0.0001308688619367453
     -1.633628179866693      2.261946710584651   0.000188520193111868
     -1.633628179866693      2.387610416728243  0.0007292081581539642
     -1.633628179866693      2.513274122871834   0.002586929567887687
     -1.633628179866693      2.638937829015426   0.007500931241408152
     -1.633628179866693      2.764601535159018    0.01796145283124116
     -1.633628179866693      2.890265241302609    0.03584120490730863
     -1.633628179866693      3.015928947446201    0.06012550198113819
     -1.507964473723101     -3.141592653589793    0.08489006826095417
     -1.507964473723101     -3.015928947446201     0.1052419562033711
     -1.507964473723101      -2.89026524130261      0.115895179262241
     -1.507964473723101     -2.764601535159018     0.1168044074714009
     -1.507964473723101     -2.638937829015426     0.1115045677408216
     -1.507964473723101     -2.513274122871834      0.104054474068909
     -1.507964473723101     -2.387610416728243    0.09674919576460903
     -1.507964473723101     -2.261946710584651    0.09009394296362898
     -1.507964473723101     -2.136283004441059    0.08415101108835098
     -1.507964473723101     -2.010619298297468    0.07948601089906242
     -1.507964473723101     -1.884955592153876    0.07696163671056133
     -1.507964473723101     -1.759291886010284    0.07699243029094814
     -1.507964473723101     -1.633628179866693    0.07915817167189279
     -1.507964473723101     -1.507964473723101    0.08244089925630566
     -1.507964473723101     -1.382300767579509     0.0857743829654098
     -1.507964473723101     -1.256637061435917    0.08843636931275103
     -1.507964473723101     -1.130973355292325    0.08991364895025059
     -1.507964473723101     -1.005309649148733    0.08932293496674838
     -1.507964473723101     -0.879645943005142    0.08515685295599282
     -1.507964473723101    -0.7539822368615505    0.07608523397118758
     -1.507964473723101    -0.6283185307179586    0.06232069043160565
     -1.507964473723101    -0.5026548245743667    0.04608686418895842
     -1.507964473723101    -0.3769911184307753    0.03053501259297689
     -1.507964473723101    -0.2513274122871838      0.018098998656914
     -1.507964473723101    -0.1256637061435919   0.009663537293121546
     -1.507964473723101                      0   0.004901110654383463
     -1.507964473723101     0.1256637061435919    0.00322997141272439
     -1.507964473723101     0.2513274122871834   0.004777375327016279
     -1.507964473723101     0.3769911184307753    0.01096264483395766
     -1.507964473723101     0.5026548245743672    0.02422744867960171
     -1.507964473723101     0.6283185307179582    0.04623640237374529
     -1.507964473723101     0.7539822368615501    0.07476167240466916
     -1.507964473723101     0.8796459430051424     0.1017948618750046
     -1.507964473723101      1.005309649148734     0.1162780208027404
     -1.507964473723101      1.130973355292326     0.1110750309695388
     -1.507964473723101      1.256637061435917    0.08844029830891276
     -1.507964473723101      1.382300767579509    0.05849457978655741
     -1.507964473723101      1.507964473723101    0.03205145010374501
     -1.507964473723101      1.633628179866692    0.01453655958187032
     -1.507964473723101      1.759291886010284   0.005454394263263591
     -1.507964473723101      1.884955592153876   0.001683543244372839
     -1.507964473723101      2.010619298297467  0.0004318524876632855
     -1.507964473723101       2.13628300444106  0.0001294574563527148
     -1.507964473723101      2.261946710584651    0.00018866182417552
     -1.507964473723101      2.387610416728243  0.0007295699856672511
     -1.507964473723101      2.513274122871834   0.002576327546279697
     -1.507964473723101      2.638937829015426   0.007445393546517311
     -1.507964473723101      2.764601535159018    0.01778561639474692
     -1.507964473723101      2.890265241302609    0.03543677416097374
     -1.507964473723101      3.015928947446201    0.05940999386868862
     -1.382300767579509     -3.141592653589793    0.08452301779204578
     -1.382300767579509     -3.015928947446201     0.1050622555049822
     -1.382300767579509      -2.89026524130261     0.1159601859649498
     -1.382300767579509     -2.764601535159018     0.1170673864068226
     -1.382300767579509     -2.638937829015426     0.1119328110434262
     -1.382300767579509     -2.513274122871834     0.1047620149920356
     -1.382300767579509     -2.387610416728243     0.0980352214342049
     -1.382300767579509     -2.261946710584651     0.0923339474337853
     -1.382300767579509     -2.136283004441059    0.08756124550399783
     -1.382300767579509     -2.010619298297468    0.08390625979303062
     -1.382300767579509     -1.884955592153876    0.08185708484588049
     -1.382300767579509     -1.759291886010284    0.08172249937045663
     -1.382300767579509     -1.633628179866693    0.08332926680271274
     -1.382300767579509     -1.507964473723101    0.08609516889330045
     -1.382300767579509     -1.382300767579509    0.08929958802406425
     -1.382300767579509     -1.256637061435917    0.09227047795607653
     -1.382300767579509     -1.130973355292325    0.09424112645804254
     -1.382300767579509     -1.005309649148733    0.09395204525666508
     -1.382300767579509     -0.879645943005142    0.08962913545140706
     -1.382300767579509    -0.7539822368615505     0.0799119596448337
     -1.382300767579509    -0.6283185307179586    0.06519350759711355
     -1.382300767579509    -0.5026548245743667    0.04796798120137367
     -1.382300767579509    -0.3769911184307753    0.03161138196533103
     -1.382300767579509    -0.2513274122871838    0.01864923283763628
     -1.382300767579509    -0.1256637061435919   0.009928500062544789
     -1.382300767579509                      0   0.005029523991594446
     -1.382300767579509     0.1256637061435919   0.003291234340702037
     -1.382300767579509     0.2513274122871834   0.004783785912166202
     -1.382300767579509     0.3769911184307753    0.01086996286998937
     -1.382300767579509     0.5026548245743672     0.0239288315811535
     -1.382300767579509     0.6283185307179582    0.04558477719579078
     -1.382300767579509     0.7539822368615501    0.07365212072765019
     -1.382300767579509     0.8796459430051424      0.100284802505791
     -1.382300767579509      1.005309649148734     0.1146348097380629
     -1.382300767579509      1.130973355292326     0.1096562618272239
     -1.382300767579509      1.256637061435917    0.08748113617018495
     -1.382300767579509      1.382300767579509    0.05799567017897114
     -1.382300767579509      1.507964473723101    0.03185359225390361
     -1.382300767579509      1.633628179866692    0.01447310322730089
     -1.382300767579509      1.759291886010284   0.005433756097996028
     -1.382300767579509      1.884955592153876   0.001675709753850773
     -1.382300767579509      2.010619298297467   0.000428605230721655
     -1.382300767579509       2.13628300444106  0.0001276543511734884
     -1.382300767579509      2.261946710584651  0.0001880208781194751
     -1.382300767579509      2.387610416728243  0.0007272124680124965
     -1.382300767579509      2.513274122871834   0.002559462295063297
     -1.382300767579509      2.638937829015426   0.007383417701740867
     -1.382300767579509      2.764601535159018    0.01762701700713326
     -1.382300767579509      2.890265241302609    0.03513989622401094
     -1.382300767579509      3.015928947446201    0.05900988441553187
     -1.256637061435917     -3.141592653589793    0.08377018197285019
     -1.256637061435917     -3.015928947446201     0.1050071388109687
     -1.256637061435917      -2.89026524130261     0.1169062668990445
     -1.256637061435917     -2.764601535159018      0.118976663806098
     -1.256637061435917     -2.638937829015426      0.114530897552166
     -1.256637061435917     -2.513274122871834     0.1077908043883742
     -1.256637061435917     -2.387610416728243     0.1014464665053999
     -1.256637061435917     -2.261946710584651      0.096276742303826
     -1.256637061435917     -2.136283004441059    0.09216699438011557
     -1.256637061435917     -2.010619298297468    0.08905768720503265
     -1.256637061435917     -1.884955592153876    0.08716899180584464
     -1.256637061435917     -1.759291886010284    0.08676128610418242
     -1.256637061435917     -1.633628179866693     0.0878680132678592
     -1.256637061435917     -1.507964473723101    0.09019661992483199
     -1.256637061435917     -1.382300767579509    0.09319142113422735
     -1.256637061435917     -1.256637061435917    0.09612283690687036
     -1.256637061435917     -1.130973355292325    0.09800016625200811
     -1.256637061435917     -1.005309649148733    0.09734131642120031
     -1.256637061435917     -0.879645943005142      0.092313938946778
     -1.256637061435917    -0.7539822368615505    0.08169940440722726
     -1.256637061435917    -0.6283185307179586    0.06612736667949828
     -1.256637061435917    -0.5026548245743667    0.04827973145216541
     -1.256637061435917    -0.3769911184307753    0.03159176915439231
     -1.256637061435917    -0.2513274122871838    0.01852954922971994
     -1.256637061435917    -0.1256637061435919   0.009827714881213192
     -1.256637061435917                      0   0.004970116672003071
     -1.256637061435917     0.1256637061435919   0.003238303074359155
     -1.256637061435917     0.2513274122871834   0.004655238045418511
     -1.256637061435917     0.3769911184307753    0.01050739935668723
     -1.256637061435917     0.5026548245743672    0.02306799347127363
     -1.256637061435917     0.6283185307179582    0.04389327793985085
     -1.256637061435917     0.7539822368615501    0.07088897437124765
     -1.256637061435917     0.8796459430051424    0.09653220478485518
     -1.256637061435917      1.005309649148734     0.1104081304950224
     -1.256637061435917      1.130973355292326     0.1057199371120992
     -1.256637061435917      1.256637061435917    0.08445856147224799
     -1.256637061435917      1.382300767579509     0.0560843504797616
     -1.256637061435917      1.507964473723101    0.03085432200210405
     -1.256637061435917      1.633628179866692    0.01403525341271267
     -1.256637061435917      1.759291886010284   0.005270019745276596
     -1.256637061435917      1.884955592153876   0.001623514958254556
     -1.256637061435917      2.010619298297467  0.0004141371367742341
     -1.256637061435917       2.13628300444106  0.0001226418698904488
     -1.256637061435917      2.261946710584651  0.0001826682876738921
     -1.256637061435917      2.387610416728243  0.0007072857098953106
     -1.256637061435917      2.513274122871834   0.002485293564680011
     -1.256637061435917      2.638937829015426   0.007173509867455566
     -1.256637061435917      2.764601535159018    0.01716655282481492
     -1.256637061435917      2.890265241302609    0.03436378004076411
     -1.256637061435917      3.015928947446201    0.05804985898895045
     -1.130973355292325     -3.141592653589793    0.08107584632064488
     -1.130973355292325     -3.015928947446201     0.1033923619109934
     -1.130973355292325      -2.89026524130261       0.11719787556862
     -1.130973355292325     -2.764601535159018     0.1213157761052329
     -1.130973355292325     -2.638937829015426     0.1183987824049836
     -1.130973355292325     -2.513274122871834     0.1124381032450074
     -1.130973355292325     -2.387610416728243     0.1063535681006221
     -1.130973355292325     -2.261946710584651     0.1013099491620872
     -1.130973355292325     -2.136283004441059    0.09738159111460468
     -1.130973355292325     -2.010619298297468    0.09441189920994125
     -1.130973355292325     -1.884955592153876    0.09245841895225652
     -1.130973355292325     -1.759291886010284    0.09179744091744776
     -1.130973355292325     -1.633628179866693     0.0926469765899135
     -1.130973355292325     -1.507964473723101    0.09484984249119746
     -1.130973355292325     -1.382300767579509    0.09776193275883051
     -1.130973355292325     -1.256637061435917     0.1003677578189432
     -1.130973355292325     -1.130973355292325     0.1013949960595974
     -1.130973355292325     -1.005309649148733    0.09932335667357248
     -1.130973355292325     -0.879645943005142    0.09262254203337669
     -1.130973355292325    -0.7539822368615505    0.08056664690065622
     -1.130973355292325    -0.6283185307179586    0.06417237975316091
     -1.130973355292325    -0.5026548245743667    0.04619893734174458
     -1.130973355292325    -0.3769911184307753    0.02987616477504202
     -1.130973355292325    -0.2513274122871838     0.0173628424536542
     -1.130973355292325    -0.1256637061435919   0.009152721073105576
     -1.130973355292325                      0   0.004615267380546403
     -1.130973355292325     0.1256637061435919   0.002999114815633293
     -1.130973355292325     0.2513274122871834   0.004281349562308889
     -1.130973355292325     0.3769911184307753   0.009614880677555598
     -1.130973355292325     0.5026548245743672    0.02106190613105289
     -1.130973355292325     0.6283185307179582    0.04003971097265027
     -1.130973355292325     0.7539822368615501    0.06464829520472738
     -1.130973355292325     0.8796459430051424    0.08804755723811199
     -1.130973355292325      1.005309649148734     0.1007547277431105
     -1.130973355292325      1.130973355292326    0.09655705192393593
     -1.130973355292325      1.256637061435917    0.07722572043144203
     -1.130973355292325      1.382300767579509    0.05134954483503643
     -1.130973355292325      1.507964473723101    0.02828570569829625
     -1.130973355292325      1.633628179866692    0.01287668077595469
     -1.130973355292325      1.759291886010284    0.00483356685533482
     -1.130973355292325      1.884955592153876   0.001486936533664262
     -1.130973355292325      2.010619298297467  0.0003781259813752664
     -1.130973355292325       2.13628300444106  0.0001112564562898075
     -1.130973355292325      2.261946710584651  0.0001682928589055534
     -1.130973355292325      2.387610416728243  0.0006533297255102028
     -1.130973355292325      2.513274122871834   0.002295420050709648
     -1.130973355292325      2.638937829015426   0.006648233698162865
     -1.130973355292325      2.764601535159018    0.01601192261054171
     -1.130973355292325      2.890265241302609    0.03235360977368826
     -1.130973355292325      3.015928947446201    0.05533648819212404
     -1.005309649148733     -3.141592653589793    0.07515645881842876
     -1.005309649148733     -3.015928947446201    0.09850568228301948
     -1.005309649148733      -2.89026524130261     0.1148263805200966
     -1.005309649148733     -2.764601535159018     0.1219631933578369
     -1.005309649148733     -2.638937829015426     0.1214624011250334
     -1.005309649148733     -2.513274122871834     0.1167746464465597
     -1.005309649148733     -2.387610416728243     0.1110140699119395
     -1.005309649148733     -2.261946710584651     0.1058934737798745
     -1.005309649148733     -2.136283004441059     0.1018750821007044
     -1.005309649148733     -2.010619298297468    0.09884893914959826
     -1.005309649148733     -1.884955592153876    0.09680284229294159
     -1.005309649148733     -1.759291886010284    0.09608842741058107
     -1.005309649148733     -1.633628179866693    0.09709577917365268
     -1.005309649148733     -1.507964473723101    0.09965609454692848
     -1.005309649148733     -1.382300767579509     0.1027629298548836
     -1.005309649148733     -1.256637061435917     0.1048409079361128
     -1.005309649148733     -1.130973355292325     0.1042479867817732
     -1.005309649148733     -1.005309649148733    0.09963237908064179
     -1.005309649148733     -0.879645943005142    0.09019259975156194
     -1.005309649148733    -0.7539822368615505    0.07610884189826884
     -1.005309649148733    -0.6283185307179586    0.05895421823724081
     -1.005309649148733    -0.5026548245743667    0.04143167776107725
     -1.005309649148733    -0.3769911184307753     0.0262642584016726
     -1.005309649148733    -0.2513274122871838    0.01502901548767944
     -1.005309649148733    -0.1256637061435919    0.00783949641203416
     -1.005309649148733                      0   0.003932687890664367
     -1.005309649148733     0.1256637061435919   0.002550497850240613
     -1.005309649148733     0.2513274122871834   0.003620352802398458
     -1.005309649148733     0.3769911184307753   0.008086513247049221
     -1.005309649148733     0.5026548245743672    0.01766653722807784
     -1.005309649148733     0.6283185307179582    0.03354697958167094
     -1.005309649148733     0.7539822368615501    0.05414681107895099
     -1.005309649148733     0.8796459430051424    0.07375677355080558
     -1.005309649148733      1.005309649148734    0.08444937654980977
     -1.005309649148733      1.130973355292326    0.08100839915857547
     -1.005309649148733      1.256637061435917    0.06487506735013376
     -1.005309649148733      1.382300767579509    0.04320429621393434
     -1.005309649148733      1.507964473723101    0.02383415794598905
     -1.005309649148733      1.633628179866692    0.01085859455361522
     -1.005309649148733      1.759291886010284   0.004073319562675145
     -1.005309649148733      1.884955592153876   0.001250394836639577
     -1.005309649148733      2.010619298297467  0.0003165789241558158
     -1.005309649148733       2.13628300444106  9.226240759617029e-05
     -1.005309649148733      2.261946710584651  0.0001430582926997718
     -1.005309649148733      2.387610416728243  0.0005580778607656026
     -1.005309649148733      2.513274122871834   0.001962946146425362
     -1.005309649148733      2.638937829015426   0.005724886302868918
     -1.005309649148733      2.764601535159018    0.01395075095278313
     -1.005309649148733      2.890265241302609    0.02865196841458755
     -1.005309649148733      3.015928947446201    0.05003922349737164
     -0.879645943005142     -3.141592653589793    0.06568188026215996
     -0.879645943005142     -3.015928947446201    0.08927193831977984
     -0.879645943005142      -2.89026524130261     0.1078386551691947
     -0.879645943005142     -2.764601535159018     0.1182534431952418
     -0.879645943005142     -2.638937829015426     0.1207238085792848
     -0.879645943005142     -2.513274122871834     0.1178610311250282
     -0.879645943005142     -2.387610416728243     0.1127862700740234
     -0.879645943005142     -2.261946710584651     0.1077430370935769
     -0.879645943005142     -2.136283004441059     0.1036834653943833
     -0.879645943005142     -2.010619298297468     0.1006869032241285
     -0.879645943005142     -1.884955592153876    0.09879669001680001
     -0.879645943005142     -1.759291886010284    0.09850243184682084
     -0.879645943005142     -1.633628179866693     0.1003138225146097
     -0.879645943005142     -1.507964473723101     0.1038499631028263
     -0.879645943005142     -1.382300767579509     0.1074502094690641
     -0.879645943005142     -1.256637061435917     0.1087617151536297
     -0.879645943005142     -1.130973355292325     0.1058004609925006
     -0.879645943005142     -1.005309649148733    0.09768293419198466
     -0.879645943005142     -0.879645943005142    0.08475003610255301
     -0.879645943005142    -0.7539822368615505    0.06838623429428248
     -0.879645943005142    -0.6283185307179586    0.05076462784629907
     -0.879645943005142    -0.5026548245743667     0.0343476045974916
     -0.879645943005142    -0.3769911184307753    0.02108279098626344
     -0.879645943005142    -0.2513274122871838    0.01175863736323834
     -0.879645943005142    -0.1256637061435919   0.006024837214731225
     -0.879645943005142                      0   0.002995725859657804
     -0.879645943005142     0.1256637061435919   0.001941604542160754
     -0.879645943005142     0.2513274122871834   0.002745499271293673
     -0.879645943005142     0.3769911184307753   0.006093195718214687
     -0.879645943005142     0.5026548245743672    0.01326390816240826
     -0.879645943005142     0.6283185307179582    0.02514664197169598
     -0.879645943005142     0.7539822368615501     0.0405653862084468
     -0.879645943005142     0.8796459430051424    0.05526167962045062
     -0.879645943005142      1.005309649148734     0.0633144924806143
     -0.879645943005142      1.130973355292326     0.0608085279128296
     -0.879645943005142      1.256637061435917    0.04878316968954924
     -0.879645943005142      1.382300767579509     0.0325564995827046
     -0.879645943005142      1.507964473723101    0.01799662648295866
     -0.879645943005142      1.633628179866692   0.008207404425067712
     -0.879645943005142      1.759291886010284   0.003075497276349488
     -0.879645943005142      1.884955592153876  0.0009411264474493936
     -0.879645943005142      2.010619298297467  0.0002367498329177852
     -0.879645943005142       2.13628300444106   6.80046175438551e-05
     -0.879645943005142      2.261946710584651  0.0001096428287600095
     -0.879645943005142      2.387610416728243   0.000431234231167606
     -0.879645943005142      2.513274122871834   0.001521191132006094
     -0.879645943005142      2.638937829015426   0.004489111912452695
     -0.879645943005142      2.764601535159018    0.01114633684300484
     -0.879645943005142      2.890265241302609    0.02346855566944151
     -0.879645943005142      3.015928947446201    0.04225104169705117
    -0.7539822368615505     -3.141592653589793    0.05349764991989733
    -0.7539822368615505     -3.015928947446201    0.07577422390741688
    -0.7539822368615505      -2.89026524130261    0.09518877242318836
    -0.7539822368615505     -2.764601535159018     0.1080752241176416
    -0.7539822368615505     -2.638937829015426     0.1134468212542824
    -0.7539822368615505     -2.513274122871834     0.1128696370566231
    -0.7539822368615505     -2.387610416728243     0.1091037438383996
    -0.7539822368615505     -2.261946710584651     0.1046451991694899
    -0.7539822368615505     -2.136283004441059     0.1008867945173163
    -0.7539822368615505     -2.010619298297468    0.09824122228789708
    -0.7539822368615505     -1.884955592153876    0.09699133756881596
    -0.7539822368615505     -1.759291886010284    0.09783223678501153
    -0.7539822368615505     -1.633628179866693     0.1012683762354142
    -0.7539822368615505     -1.507964473723101     0.1064256444670495
    -0.7539822368615505     -1.382300767579509     0.1107074062659504
    -0.7539822368615505     -1.256637061435917     0.1109122492358295
    -0.7539822368615505     -1.130973355292325     0.1049512727030189
    -0.7539822368615505     -1.005309649148733    0.09281546640410746
    -0.7539822368615505     -0.879645943005142    0.07629229437304173
    -0.7539822368615505    -0.7539822368615505    0.05800847349022984
    -0.7539822368615505    -0.6283185307179586    0.04055854809190225
    -0.7539822368615505    -0.5026548245743667    0.02592922849723434
    -0.7539822368615505    -0.3769911184307753    0.01512504859076476
    -0.7539822368615505    -0.2513274122871838    0.00808450295433392
    -0.7539822368615505    -0.1256637061435919   0.004015707410025531
    -0.7539822368615505                      0   0.001966344211290024
    -0.7539822368615505     0.1256637061435919   0.001281934020904369
    -0.7539822368615505     0.2513274122871834   0.001825817914987564
    -0.7539822368615505     0.3769911184307753   0.004035823311300614
    -0.7539822368615505     0.5026548245743672   0.008755399087676053
    -0.7539822368615505     0.6283185307179582    0.01657260902179272
    -0.7539822368615505     0.7539822368615501    0.02671481040268666
    -0.7539822368615505     0.8796459430051424     0.0363868074507416
    -0.7539822368615505      1.005309649148734    0.04170609496297139
    -0.7539822368615505      1.130973355292326    0.04009901234233415
    -0.7539822368615505      1.256637061435917    0.03222704220665546
    -0.7539822368615505      1.382300767579509    0.02155781230957933
    -0.7539822368615505      1.507964473723101    0.01194414566046057
    -0.7539822368615505      1.633628179866692   0.005452783820684957
    -0.7539822368615505      1.759291886010284   0.002039949271414841
    -0.7539822368615505      1.884955592153876  0.0006216329342494726
    -0.7539822368615505      2.010619298297467  0.0001550865625179836
    -0.7539822368615505       2.13628300444106  4.370998751633747e-05
    -0.7539822368615505      2.261946710584651  7.451243489442545e-05
    -0.7539822368615505      2.387610416728243  0.0002968940712802414
    -0.7539822368615505      2.513274122871834   0.001054739370065274
    -0.7539822368615505      2.638937829015426   0.003172577529181248
    -0.7539822368615505      2.764601535159018   0.008098829779568054
    -0.7539822368615505      2.890265241302609    0.01764458589900209
    -0.7539822368615505      3.015928947446201    0.03302387565253258
    -0.6283185307179586     -3.141592653589793     0.0402793904706855
    -0.6283185307179586     -3.015928947446201    0.05944656530628779
    -0.6283185307179586      -2.89026524130261    0.07765032830016771
    -0.6283185307179586     -2.764601535159018    0.09138667985298525
    -0.6283185307179586     -2.638937829015426    0.09893603323009877
    -0.6283185307179586     -2.513274122871834     0.1007818792763804
    -0.6283185307179586     -2.387610416728243    0.09891413653651335
    -0.6283185307179586     -2.261946710584651    0.09564851140633589
    -0.6283185307179586     -2.136283004441059    0.09263885464711966
    -0.6283185307179586     -2.010619298297468     0.0907264800218693
    -0.6283185307179586     -1.884955592153876    0.09060748593093222
    -0.6283185307179586     -1.759291886010284    0.09322232654412679
    -0.6283185307179586     -1.633628179866693    0.09891485421403297
    -0.6283185307179586     -1.507964473723101     0.1060737083691763
    -0.6283185307179586     -1.382300767579509     0.1110290185710419
    -0.6283185307179586     -1.256637061435917     0.1098570080681451
    -0.6283185307179586     -1.130973355292325     0.1007209677447602
    -0.6283185307179586     -1.005309649148733    0.08482372110732225
    -0.6283185307179586     -0.879645943005142     0.0654529124209785
    -0.6283185307179586    -0.7539822368615505    0.04622320101838111
    -0.6283185307179586    -0.6283185307179586    0.02980745792506747
    -0.6283185307179586    -0.5026548245743667    0.01751278295919622
    -0.6283185307179586    -0.3769911184307753    0.00939378019884189
    -0.6283185307179586    -0.2513274122871838    0.00464888000584602
    -0.6283185307179586    -0.1256637061435919   0.002171524952564675
    -0.6283185307179586                      0   0.001031075836893974
    -0.6283185307179586     0.1256637061435919  0.0006938271813886515
    -0.6283185307179586     0.2513274122871834   0.001040055047349049
    -0.6283185307179586     0.3769911184307753   0.002325724739442516
    -0.6283185307179586     0.5026548245743672   0.005053873324625767
    -0.6283185307179586     0.6283185307179582   0.009571136719093749
    -0.6283185307179586     0.7539822368615501    0.01542196856208013
    -0.6283185307179586     0.8796459430051424    0.02098312091667428
    -0.6283185307179586      1.005309649148734    0.02402310416457244
    -0.6283185307179586      1.130973355292326    0.02308002297385212
    -0.6283185307179586      1.256637061435917    0.01854777591762006
    -0.6283185307179586      1.382300767579509    0.01241503497721178
    -0.6283185307179586      1.507964473723101   0.006884360402031997
    -0.6283185307179586      1.633628179866692   0.003142468438743735
    -0.6283185307179586      1.759291886010284   0.001172774691950226
    -0.6283185307179586      1.884955592153876  0.0003558397850309922
    -0.6283185307179586      2.010619298297467  8.812955094030647e-05
    -0.6283185307179586       2.13628300444106  2.443681692394599e-05
    -0.6283185307179586      2.261946710584651  4.442387404557984e-05
    -0.6283185307179586      2.387610416728243  0.0001805651788637782
    -0.6283185307179586      2.513274122871834   0.000652584866320937
    -0.6283185307179586      2.638937829015426   0.002023220842447339
    -0.6283185307179586      2.764601535159018   0.005365426343869214
    -0.6283185307179586      2.890265241302609    0.01219115630669204
    -0.6283185307179586      3.015928947446201    0.02382600350081805
    -0.5026548245743667     -3.141592653589793    0.02787411382903265
    -0.5026548245743667     -3.015928947446201    0.04270961495899672
    -0.5026548245743667      -2.89026524130261    0.05794616914718907
    -0.5026548245743667     -2.764601535159018    0.07083222906528387
    -0.5026548245743667     -2.638937829015426    0.07944693930057566
    -0.5026548245743667     -2.513274122871834    0.08335095861261459
    -0.5026548245743667     -2.387610416728243    0.08354454676496888
    -0.5026548245743667     -2.261946710584651     0.0818101807917629
    -0.5026548245743667     -2.136283004441059    0.07984047619295576
    -0.5026548245743667     -2.010619298297468    0.07888342394263617
    -0.5026548245743667     -1.884955592153876    0.08009378748355796
    -0.5026548245743667     -1.759291886010284    0.08462553614308733
    -0.5026548245743667     -1.633628179866693    0.09256514964156208
    -0.5026548245743667     -1.507964473723101     0.1015411719358215
    -0.5026548245743667     -1.382300767579509     0.1069690193996996
    -0.5026548245743667     -1.256637061435917     0.1045035593856791
    -0.5026548245743667     -1.130973355292325    0.09282240202790942
    -0.5026548245743667     -1.005309649148733    0.07435622554750611
    -0.5026548245743667     -0.879645943005142    0.05359862985018025
    -0.5026548245743667    -0.7539822368615505    0.03470689112561291
    -0.5026548245743667    -0.6283185307179586    0.02010209216363511
    -0.5026548245743667    -0.5026548245743667     0.0103551003619088
    -0.5026548245743667    -0.3769911184307753   0.004741259080777204
    -0.5026548245743667    -0.2513274122871838   0.001957709616454753
    -0.5026548245743667    -0.1256637061435919  0.0007614616114987859
    -0.5026548245743667                      0  0.0003254474440846781
    -0.5026548245743667     0.1256637061435919  0.0002594618220232138
    -0.5026548245743667     0.2513274122871834  0.0004885868329245166
    -0.5026548245743667     0.3769911184307753    0.00116852102331258
    -0.5026548245743667     0.5026548245743672   0.002591569401176868
    -0.5026548245743667     0.6283185307179582   0.004948297662239658
    -0.5026548245743667     0.7539822368615501   0.007980702875005342
    -0.5026548245743667     0.8796459430051424    0.01081830507254843
    -0.5026548245743667      1.005309649148734    0.01230781865325291
    -0.5026548245743667      1.130973355292326    0.01173708467840229
    -0.5026548245743667      1.256637061435917   0.009361675697870574
    -0.5026548245743667      1.382300767579509   0.006223624253067346
    -0.5026548245743667      1.507964473723101   0.003431369976886969
    -0.5026548245743667      1.633628179866692   0.001559100283634673
    -0.5026548245743667      1.759291886010284  0.0005799213923458141
    -0.5026548245743667      1.884955592153876  0.0001758470813708195
    -0.5026548245743667      2.010619298297467  4.373190917306828e-05
    -0.5026548245743667       2.13628300444106  1.225851866345919e-05
    -0.5026548245743667      2.261946710584651  2.299425642408095e-05
    -0.5026548245743667      2.387610416728243  9.632188378369418e-05
    -0.5026548245743667      2.513274122871834  0.0003622786680834051
    -0.5026548245743667      2.638937829015426   0.001177030841913714
    -0.5026548245743667      2.764601535159018    0.00327560403070103
    -0.5026548245743667      2.890265241302609   0.007789428465446523
    -0.5026548245743667      3.015928947446201      0.015867025454655
    -0.3769911184307753     -3.141592653589793    0.01768569471254276
    -0.3769911184307753     -3.015928947446201    0.02805340708332359
    -0.3769911184307753      -2.89026524130261    0.03960789916552604
    -0.3769911184307753     -2.764601535159018    0.05055552868348413
    -0.3769911184307753     -2.638937829015426    0.05913790018333649
    -0.3769911184307753     -2.513274122871834    0.06429536559338941
    -0.3769911184307753     -2.387610416728243    0.06612946507510589
    -0.3769911184307753     -2.261946710584651    0.06578686255866188
    -0.3769911184307753     -2.136283004441059    0.06483027979333671
    -0.3769911184307753     -2.010619298297468    0.06476972372440788
    -0.3769911184307753     -1.884955592153876    0.06709295173725877
    -0.3769911184307753     -1.759291886010284    0.07306006775221456
    -0.3769911184307753     -1.633628179866693    0.08251296953056622
    -0.3769911184307753     -1.507964473723101    0.09257384658447837
    -0.3769911184307753     -1.382300767579509    0.09818665635119347
    -0.3769911184307753     -1.256637061435917    0.09495383758575671
    -0.3769911184307753     -1.130973355292325     0.0820873693945786
    -0.3769911184307753     -1.005309649148733    0.06286813913373378
    -0.3769911184307753     -0.879645943005142    0.04242945446543818
    -0.3769911184307753    -0.7539822368615505    0.02501173504185397
    -0.3769911184307753    -0.6283185307179586    0.01261930804585317
    -0.3769911184307753    -0.5026548245743667   0.005218411680365522
    -0.3769911184307753    -0.3769911184307753   0.001595137118926517
    -0.3769911184307753    -0.2513274122871838  0.0002228140859468521
    -0.3769911184307753    -0.1256637061435919 -0.0001173434985831645
    -0.3769911184307753                      0 -0.0001064261936532002
    -0.3769911184307753     0.1256637061435919 -2.094782907596809e-06
    -0.3769911184307753     0.2513274122871834  0.0001702819795035084
    -0.3769911184307753     0.3769911184307753  0.0005242796986467156
    -0.3769911184307753     0.5026548245743672     0.0012446225704732
    -0.3769911184307753     0.6283185307179582   0.002436905676605997
    -0.3769911184307753     0.7539822368615501   0.003942379793969011
    -0.3769911184307753     0.8796459430051424    0.00528857744582864
    -0.3769911184307753      1.005309649148734   0.005904106193848258
    -0.3769911184307753      1.130973355292326   0.005495508322712937
    -0.3769911184307753      1.256637061435917   0.004265571058524701
    -0.3769911184307753      1.382300767579509   0.002758181458400251
    -0.3769911184307753      1.507964473723101   0.001483335681099528
    -0.3769911184307753      1.633628179866692  0.0006625825192505157
    -0.3769911184307753      1.759291886010284  0.0002457508744110547
    -0.3769911184307753      1.884955592153876  7.570735055998504e-05
    -0.3769911184307753      2.010619298297467  1.970215247014931e-05
    -0.3769911184307753       2.13628300444106  6.043041882643715e-06
    -0.3769911184307753      2.261946710584651  1.000935770192523e-05
    -0.3769911184307753      2.387610416728243  4.402184537064847e-05
    -0.3769911184307753      2.513274122871834  0.0001811495206619777
    -0.3769911184307753      2.638937829015426  0.0006321882504961155
    -0.3769911184307753      2.764601535159018   0.001861961483862629
    -0.3769911184307753      2.890265241302609   0.004625624817309845
    -0.3769911184307753      3.015928947446201   0.009753083738746962
    -0.2513274122871838     -3.141592653589793    0.01033141087267571
    -0.2513274122871838     -3.015928947446201    0.01705549701350375
    -0.2513274122871838      -2.89026524130261     0.0253015275615896
    -0.2513274122871838     -2.764601535159018    0.03406185229281099
    -0.2513274122871838     -2.638937829015426    0.04185705431080872
    -0.2513274122871838     -2.513274122871834    0.04733482805984537
    -0.2513274122871838     -2.387610416728243    0.05001610764918314
    -0.2513274122871838     -2.261946710584651    0.05054865166251468
    -0.2513274122871838     -2.136283004441059    0.05029988557583605
    -0.2513274122871838     -2.010619298297468    0.05085215754298331
    -0.2513274122871838     -1.884955592153876    0.05380856238201782
    -0.2513274122871838     -1.759291886010284    0.06040227032270307
    -0.2513274122871838     -1.633628179866693    0.07032458275266658
    -0.2513274122871838     -1.507964473723101    0.08058144542229302
    -0.2513274122871838     -1.382300767579509    0.08616707625934243
    -0.2513274122871838     -1.256637061435917    0.08292364016553784
    -0.2513274122871838     -1.130973355292325    0.07040373629623312
    -0.2513274122871838     -1.005309649148733    0.05216060538790326
    -0.2513274122871838     -0.879645943005142    0.03336856333887311
    -0.2513274122871838    -0.7539822368615505     0.0180362464615925
    -0.2513274122871838    -0.6283185307179586   0.007779063439080725
    -0.2513274122871838    -0.5026548245743667   0.002204659626109906
    -0.2513274122871838    -0.3769911184307753 -9.195271688404363e-05
    -0.2513274122871838    -0.2513274122871838  -0.000636861693471905
    -0.2513274122871838    -0.1256637061435919   -0.00052726423396741
    -0.2513274122871838                      0 -0.0003016870791016806
    -0.2513274122871838     0.1256637061435919  -0.000121319563845794
    -0.2513274122871838     0.2513274122871834  2.262490637422665e-05
    -0.2513274122871838     0.3769911184307753  0.0002254229038569716
    -0.2513274122871838     0.5026548245743672  0.0006186612206055227
    -0.2513274122871838     0.6283185307179582   0.001263491760851522
    -0.2513274122871838     0.7539822368615501   0.002044869566057299
    -0.2513274122871838     0.8796459430051424   0.002679324597183019
    -0.2513274122871838      1.005309649148734   0.002874601010226698
    -0.2513274122871838      1.130973355292326   0.002538295195482578
    -0.2513274122871838      1.256637061435917   0.001848488492424374
    -0.2513274122871838      1.382300767579509   0.001112936830256682
    -0.2513274122871838      1.507964473723101  0.0005583726945384247
    -0.2513274122871838      1.633628179866692  0.0002381962634420699
    -0.2513274122871838      1.759291886010284  8.903992673963291e-05
    -0.2513274122871838      1.884955592153876  2.949215182919971e-05
    -0.2513274122871838      2.010619298297467  8.903703616205379e-06
    -0.2513274122871838       2.13628300444106  3.319382131361382e-06
    -0.2513274122871838      2.261946710584651  3.125044183320456e-06
    -0.2513274122871838      2.387610416728243  1.538067218874109e-05
    -0.2513274122871838      2.513274122871834  7.921638461535222e-05
    -0.2513274122871838      2.638937829015426  0.0003107686574345238
    -0.2513274122871838      2.764601535159018  0.0009803729274384179
    -0.2513274122871838      2.890265241302609   0.002541524950535358
    -0.2513274122871838      3.015928947446201   0.005523606226758099
    -0.1256637061435919     -3.141592653589793   0.005666104795460408
    -0.1256637061435919     -3.015928947446201    0.01000439333937876
    -0.1256637061435919      -2.89026524130261    0.01594838264109215
    -0.1256637061435919     -2.764601535159018    0.02292468168877266
    -0.1256637061435919     -2.638937829015426     0.0296618684715829
    -0.1256637061435919     -2.513274122871834    0.03475412392507277
    -0.1256637061435919     -2.387610416728243    0.03749872133038255
    -0.1256637061435919     -2.261946710584651    0.03829108076505752
    -0.1256637061435919     -2.136283004441059    0.03833739034595345
    -0.1256637061435919     -2.010619298297468    0.03915748738052766
    -0.1256637061435919     -1.884955592153876      0.042286826157466
    -0.1256637061435919     -1.759291886010284    0.04883754779690434
    -0.1256637061435919     -1.633628179866693    0.05845691406781837
    -0.1256637061435919     -1.507964473723101     0.0683501997619142
    -0.1256637061435919     -1.382300767579509    0.07391196409926404
    -0.1256637061435919     -1.256637061435917    0.07132864130044954
    -0.1256637061435919     -1.130973355292325    0.06021761144944464
    -0.1256637061435919     -1.005309649148733    0.04391600976850724
    -0.1256637061435919     -0.879645943005142    0.02725817530996637
    -0.1256637061435919    -0.7539822368615505    0.01393272761935814
    -0.1256637061435919    -0.6283185307179586   0.005320746359191923
    -0.1256637061435919    -0.5026548245743667  0.0009120264920111761
    -0.1256637061435919    -0.3769911184307753 -0.0006838924661116247
    -0.1256637061435919    -0.2513274122871838 -0.0008761928413050493
    -0.1256637061435919    -0.1256637061435919 -0.0006176115584843674
    -0.1256637061435919                      0 -0.0003392434917316155
    -0.1256637061435919     0.1256637061435919 -0.0001489695956632867
    -0.1256637061435919     0.2513274122871834 -2.590627583506507e-05
    -0.1256637061435919     0.3769911184307753  0.0001089521654032951
    -0.1256637061435919     0.5026548245743672  0.0003526471487195234
    -0.1256637061435919     0.6283185307179582  0.0007379597940647413
    -0.1256637061435919     0.7539822368615501   0.001170972327863477
    -0.1256637061435919     0.8796459430051424   0.001467574749342816
    -0.1256637061435919      1.005309649148734   0.001477891099792242
    -0.1256637061435919      1.130973355292326   0.001201042114018071
    -0.1256637061435919      1.256637061435917  0.0007854134045322432
    -0.1256637061435919      1.382300767579509  0.0004123104967011433
    -0.1256637061435919      1.507964473723101  0.0001771842865909198
    -0.1256637061435919      1.633628179866692  6.839204902605017e-05
    -0.1256637061435919      1.759291886010284  2.778055049549607e-05
    -0.1256637061435919      1.884955592153876  1.170604724983512e-05
    -0.1256637061435919      2.010619298297467  4.720565075450311e-06
    -0.1256637061435919       2.13628300444106  2.060098803212092e-06
    -0.1256637061435919      2.261946710584651 -2.074914621994854e-07
    -0.1256637061435919      2.387610416728243  1.000638520114817e-06
    -0.1256637061435919      2.513274122871834  2.433534623598796e-05
    -0.1256637061435919      2.638937829015426  0.0001269851948591035
    -0.1256637061435919      2.764601535159018  0.0004518950701067376
    -0.1256637061435919      2.890265241302609   0.001252639676208966
    -0.1256637061435919      3.015928947446201   0.002864644894528607
                      0     -3.141592653589793   0.003126327573065212
                      0     -3.015928947446201   0.006307483766855578
                      0      -2.89026524130261    0.01111577136902852
                      0     -2.764601535159018    0.01706550170777666
                      0     -2.638937829015426    0.02292847484250651
                      0     -2.513274122871834    0.02734339896176936
                      0     -2.387610416728243    0.02964035836528215
                      0     -2.261946710584651    0.03020023362407501
                      0     -2.136283004441059    0.03017295879420462
                      0     -2.010619298297468    0.03099107011119694
                      0     -1.884955592153876    0.03405346977993836
                      0     -1.759291886010284    0.04033180072250757
                      0     -1.633628179866693    0.04949845650483058
                      0     -1.507964473723101    0.05907140151606251
                      0     -1.382300767579509    0.06489102427111686
                      0     -1.256637061435917    0.06337022465692768
                      0     -1.130973355292325    0.05394026899653421
                      0     -1.005309649148733     0.0394991138842394
                      0     -0.879645943005142     0.0244970304420942
                      0    -0.7539822368615505    0.01244314533785069
                      0    -0.6283185307179586   0.004691175347872663
                      0    -0.5026548245743667  0.0007714164306837682
                      0    -0.3769911184307753  -0.000620661500004397
                      0    -0.2513274122871838 -0.0007766788211417913
                      0    -0.1256637061435919  -0.000544914680484105
                      0                      0 -0.0002992980605090281
                      0     0.1256637061435919 -0.0001316702760562752
                      0     0.2513274122871834 -2.660222233018706e-05
                      0     0.3769911184307753  7.547947368552086e-05
                      0     0.5026548245743672  0.0002418150378573976
                      0     0.6283185307179582  0.0004813393348916252
                      0     0.7539822368615501  0.0007125261812684584
                      0     0.8796459430051424  0.0008187703938814439
                      0      1.005309649148734  0.0007430508677828849
                      0      1.130973355292326  0.0005321436940385208
                      0      1.256637061435917   0.000295240539183117
                      0      1.382300767579509  0.0001227743065773893
                      0      1.507964473723101  3.870797705820628e-05
                      0      1.633628179866692  1.395933732634038e-05
                      0      1.759291886010284  9.695624534934288e-06
                      0      1.884955592153876  6.543587475987421e-06
                      0      2.010619298297467  3.315872870214233e-06
                      0       2.13628300444106  1.255678362920361e-06
                      0      2.261946710584651 -1.809210221136874e-06
                      0      2.387610416728243 -6.079792127851601e-06
                      0      2.513274122871834 -6.146643545939905e-06
                      0      2.638937829015426  1.928499888490475e-05
                      0      2.764601535159018  0.0001369740658294315
                      0      2.890265241302609  0.0004934823351549367
                      0      3.015928947446201   0.001351441249498991
     0.1256637061435919     -3.141592653589793   0.002153496186542042
     0.1256637061435919     -3.015928947446201   0.005199290982495823
     0.1256637061435919      -2.89026524130261   0.009960018392441171
     0.1256637061435919     -2.764601535159018    0.01577026213972337
     0.1256637061435919     -2.638937829015426    0.02125258220375969
     0.1256637061435919     -2.513274122871834    0.02506752788484154
     0.1256637061435919     -2.387610416728243    0.02670692893746094
     0.1256637061435919     -2.261946710584651    0.02672055188078842
     0.1256637061435919     -2.136283004441059    0.02634561971774941
     0.1256637061435919     -2.010619298297468    0.02700296383530855
     0.1256637061435919     -1.884955592153876    0.02999912509629966
     0.1256637061435919     -1.759291886010284    0.03621332924102574
     0.1256637061435919     -1.633628179866693    0.04536588591977821
     0.1256637061435919     -1.507964473723101    0.05520589883191115
     0.1256637061435919     -1.382300767579509    0.06179462934648425
     0.1256637061435919     -1.256637061435917    0.06148031254668138
     0.1256637061435919     -1.130973355292325     0.0533164059134774
     0.1256637061435919     -1.005309649148733    0.03979705256544148
     0.1256637061435919     -0.879645943005142    0.02523171117629068
     0.1256637061435919    -0.7539822368615505      0.013254588699921
     0.1256637061435919    -0.6283185307179586   0.005407328935203693
     0.1256637061435919    -0.5026548245743667    0.00133079230521734
     0.1256637061435919    -0.3769911184307753 -0.0002330511921694923
     0.1256637061435919    -0.2513274122871838 -0.0005420022806152107
     0.1256637061435919    -0.1256637061435919 -0.0004197010251834559
     0.1256637061435919                      0  -0.000237551960909979
     0.1256637061435919     0.1256637061435919 -9.951041272878664e-05
     0.1256637061435919     0.2513274122871834 -5.316310428416589e-06
     0.1256637061435919     0.3769911184307753  8.581576105808238e-05
     0.1256637061435919     0.5026548245743672  0.0002163505966922823
     0.1256637061435919     0.6283185307179582  0.0003736366313682937
     0.1256637061435919     0.7539822368615501  0.0004806724236297816
     0.1256637061435919     0.8796459430051424  0.0004687508899104999
     0.1256637061435919      1.005309649148734  0.0003491211292083653
     0.1256637061435919      1.130973355292326  0.0001985156887628521
     0.1256637061435919      1.256637061435917  8.680011799408211e-05
     0.1256637061435919      1.382300767579509  3.283098591578886e-05
     0.1256637061435919      1.507964473723101  1.729656204583932e-05
     0.1256637061435919      1.633628179866692   1.50644916179271e-05
     0.1256637061435919      1.759291886010284  1.244858420462497e-05
     0.1256637061435919      1.884955592153876  7.550038049893796e-06
     0.1256637061435919      2.010619298297467  3.302628692175732e-06
     0.1256637061435919       2.13628300444106  6.525540446997463e-07
     0.1256637061435919      2.261946710584651 -2.636910606234459e-06
     0.1256637061435919      2.387610416728243 -9.675010936891575e-06
     0.1256637061435919      2.513274122871834 -2.398716470976224e-05
     0.1256637061435919      2.638937829015426 -4.489342142803988e-05
     0.1256637061435919      2.764601535159018 -4.455488452951672e-05
     0.1256637061435919      2.890265241302609   8.87127864976937e-05
     0.1256637061435919      3.015928947446201  0.0006459171462422884
     0.2513274122871834     -3.141592653589793   0.002413946314751303
     0.2513274122871834     -3.015928947446201   0.006160248189019113
     0.2513274122871834      -2.89026524130261    0.01181881009470313
     0.2513274122871834     -2.764601535159018    0.01834597529378828
     0.2513274122871834     -2.638937829015426    0.02403538605138707
     0.2513274122871834     -2.513274122871834    0.02749481737564279
     0.2513274122871834     -2.387610416728243    0.02843157387639576
     0.2513274122871834     -2.261946710584651    0.02770011661801988
     0.2513274122871834     -2.136283004441059    0.02677119708177904
     0.2513274122871834     -2.010619298297468    0.02717189508469892
     0.2513274122871834     -1.884955592153876     0.0302137793980227
     0.2513274122871834     -1.759291886010284    0.03676112882956301
     0.2513274122871834     -1.633628179866693    0.04657843690319027
     0.2513274122871834     -1.507964473723101    0.05747430314261429
     0.2513274122871834     -1.382300767579509    0.06539532431521777
     0.2513274122871834     -1.256637061435917    0.06628163122950817
     0.2513274122871834     -1.130973355292325    0.05867042718975634
     0.2513274122871834     -1.005309649148733    0.04481210741811203
     0.2513274122871834     -0.879645943005142    0.02923095341221916
     0.2513274122871834    -0.7539822368615505    0.01603417728870169
     0.2513274122871834    -0.6283185307179586   0.007145385973202868
     0.2513274122871834    -0.5026548245743667   0.002336848512344921
     0.2513274122871834    -0.3769911184307753  0.0003110511111291811
     0.2513274122871834    -0.2513274122871838 -0.0002692287316524908
     0.2513274122871834    -0.1256637061435919 -0.0002926017563396055
     0.2513274122871834                      0 -0.0001789734635819565
     0.2513274122871834     0.1256637061435919 -6.537312384742157e-05
     0.2513274122871834     0.2513274122871834  2.914465454799642e-05
     0.2513274122871834     0.3769911184307753   0.000131519833123962
     0.2513274122871834     0.5026548245743672  0.0002680071149228469
     0.2513274122871834     0.6283185307179582  0.0004079446035332611
     0.2513274122871834     0.7539822368615501  0.0004689129656284315
     0.2513274122871834     0.8796459430051424  0.0004063879243303217
     0.2513274122871834      1.005309649148734  0.0002734237039521137
     0.2513274122871834      1.130973355292326  0.0001633124604003226
     0.2513274122871834      1.256637061435917  0.0001151157428048236
     0.2513274122871834      1.382300767579509    0.00010097885571087
     0.2513274122871834      1.507964473723101  8.399006335869626e-05
     0.2513274122871834      1.633628179866692  5.667372429685809e-05
     0.2513274122871834      1.759291886010284  3.039704149655667e-05
     0.2513274122871834      1.884955592153876  1.322122124907589e-05
     0.2513274122871834      2.010619298297467  4.448809135660162e-06
     0.2513274122871834       2.13628300444106  2.809856381835975e-07
     0.2513274122871834      2.261946710584651  -3.02472134734056e-06
     0.2513274122871834      2.387610416728243 -1.119653980914389e-05
     0.2513274122871834      2.513274122871834 -3.327369256468527e-05
     0.2513274122871834      2.638937829015426 -7.718214060176978e-05
     0.2513274122871834      2.764601535159018 -0.0001242909856006345
     0.2513274122871834      2.890265241302609 -4.096872707003455e-05
     0.2513274122871834      3.015928947446201  0.0005713715592563029
     0.3769911184307753     -3.141592653589793   0.003726303716497683
     0.3769911184307753     -3.015928947446201   0.008856247118077854
     0.3769911184307753      -2.89026524130261     0.0161658447739599
     0.3769911184307753     -2.764601535159018    0.02407755002843848
     0.3769911184307753     -2.638937829015426    0.03042402069070069
     0.3769911184307753     -2.513274122871834    0.03371061547854253
     0.3769911184307753     -2.387610416728243    0.03390421351553151
     0.3769911184307753     -2.261946710584651    0.03226540346048867
     0.3769911184307753     -2.136283004441059    0.03060542885618189
     0.3769911184307753     -2.010619298297468    0.03064449816407808
     0.3769911184307753     -1.884955592153876    0.03377375234989464
     0.3769911184307753     -1.759291886010284    0.04090262742413779
     0.3769911184307753     -1.633628179866693    0.05183530420737597
     0.3769911184307753     -1.507964473723101    0.06430832474799895
     0.3769911184307753     -1.382300767579509    0.07390790160045516
     0.3769911184307753     -1.256637061435917     0.0759273859334304
     0.3769911184307753     -1.130973355292325    0.06830447766784689
     0.3769911184307753     -1.005309649148733    0.05317120720049663
     0.3769911184307753     -0.879645943005142    0.03551980318659816
     0.3769911184307753    -0.7539822368615505     0.0201717465974267
     0.3769911184307753    -0.6283185307179586    0.00956631999332404
     0.3769911184307753    -0.5026548245743667   0.003620957561835146
     0.3769911184307753    -0.3769911184307753  0.0009359213521586396
     0.3769911184307753    -0.2513274122871838  1.053562956704487e-05
     0.3769911184307753    -0.1256637061435919 -0.0001757088922895422
     0.3769911184307753                      0 -0.0001286630207482535
     0.3769911184307753     0.1256637061435919  -3.28482708263846e-05
     0.3769911184307753     0.2513274122871834  7.165931027985748e-05
     0.3769911184307753     0.3769911184307753  0.0002032079024048251
     0.3769911184307753     0.5026548245743672  0.0003801420171454001
     0.3769911184307753     0.6283185307179582  0.0005582587976418799
     0.3769911184307753     0.7539822368615501    0.00064214822535218
     0.3769911184307753     0.8796459430051424   0.000589807849278005
     0.3769911184307753      1.005309649148734   0.000470267850074999
     0.3769911184307753      1.130973355292326  0.0003804932552533584
     0.3769911184307753      1.256637061435917  0.0003384993547634685
     0.3769911184307753      1.382300767579509  0.0002947672212367794
     0.3769911184307753      1.507964473723101  0.0002179253035833732
     0.3769911184307753      1.633628179866692   0.000128036554762113
     0.3769911184307753      1.759291886010284  5.917698794085361e-05
     0.3769911184307753      1.884955592153876  2.215345924675364e-05
     0.3769911184307753      2.010619298297467  6.403810879649071e-06
     0.3769911184307753       2.13628300444106  8.351607638007978e-08
     0.3769911184307753      2.261946710584651 -3.089992218647082e-06
     0.3769911184307753      2.387610416728243 -1.114860018384811e-05
     0.3769911184307753      2.513274122871834 -3.564865733716505e-05
     0.3769911184307753      2.638937829015426  -8.25127951855065e-05
     0.3769911184307753      2.764601535159018 -0.0001158568695191092
     0.3769911184307753      2.890265241302609  6.915410645543484e-05
     0.3769911184307753      3.015928947446201   0.001042972349680524
     0.5026548245743672     -3.141592653589793   0.005815730925108363
     0.5026548245743672     -3.015928947446201    0.01276752472917767
     0.5026548245743672      -2.89026524130261    0.02214117468515977
     0.5026548245743672     -2.764601535159018    0.03172770442671528
     0.5026548245743672     -2.638937829015426    0.03885765886490113
     0.5026548245743672     -2.513274122871834    0.04195709097038328
     0.5026548245743672     -2.387610416728243    0.04130923750487464
     0.5026548245743672     -2.261946710584651      0.038632327292928
     0.5026548245743672     -2.136283004441059    0.03610218341172695
     0.5026548245743672     -2.010619298297468    0.03563438131370301
     0.5026548245743672     -1.884955592153876    0.03870144893726562
     0.5026548245743672     -1.759291886010284    0.04626834827513996
     0.5026548245743672     -1.633628179866693    0.05818544135109251
     0.5026548245743672     -1.507964473723101    0.07211018710850131
     0.5026548245743672     -1.382300767579509    0.08325890308465961
     0.5026548245743672     -1.256637061435917    0.08628001538041177
     0.5026548245743672     -1.130973355292325      0.078519218524054
     0.5026548245743672     -1.005309649148733    0.06198888589227605
     0.5026548245743672     -0.879645943005142    0.04214120263322482
     0.5026548245743672    -0.7539822368615505    0.02451400500592756
     0.5026548245743672    -0.6283185307179586    0.01208044967777802
     0.5026548245743672    -0.5026548245743667   0.004922864721587684
     0.5026548245743672    -0.3769911184307753   0.001543622117719641
     0.5026548245743672    -0.2513274122871838  0.0002667520791183025
     0.5026548245743672    -0.1256637061435919 -7.639327917474659e-05
     0.5026548245743672                      0 -8.852982890571138e-05
     0.5026548245743672     0.1256637061435919 -5.642369792264394e-06
     0.5026548245743672     0.2513274122871834  0.0001115015320217107
     0.5026548245743672     0.3769911184307753  0.0002749543441538794
     0.5026548245743672     0.5026548245743672  0.0004987784459579707
     0.5026548245743672     0.6283185307179582  0.0007293379861804793
     0.5026548245743672     0.7539822368615501  0.0008587709901768728
     0.5026548245743672     0.8796459430051424  0.0008398898436379077
     0.5026548245743672      1.005309649148734  0.0007446457765270861
     0.5026548245743672      1.130973355292326  0.0006664743715033734
     0.5026548245743672      1.256637061435917  0.0006081812559241622
     0.5026548245743672      1.382300767579509  0.0005115638565942843
     0.5026548245743672      1.507964473723101   0.000359604209664311
     0.5026548245743672      1.633628179866692  0.0002004830784760325
     0.5026548245743672      1.759291886010284  8.738002392694893e-05
     0.5026548245743672      1.884955592153876  3.060553805949225e-05
     0.5026548245743672      2.010619298297467  8.159945787069682e-06
     0.5026548245743672       2.13628300444106 -1.761203575562812e-07
     0.5026548245743672      2.261946710584651 -3.027538523193137e-06
     0.5026548245743672      2.387610416728243 -1.031598635294841e-05
     0.5026548245743672      2.513274122871834 -3.404505995743595e-05
     0.5026548245743672      2.638937829015426 -6.993295832843297e-05
     0.5026548245743672      2.764601535159018 -4.317366771380751e-05
     0.5026548245743672      2.890265241302609  0.0003615716650871019
     0.5026548245743672      3.015928947446201   0.001930358406495873
     0.6283185307179582     -3.141592653589793   0.008105478259231667
     0.6283185307179582     -3.015928947446201     0.0168430943686538
     0.6283185307179582      -2.89026524130261    0.02810664572498615
     0.6283185307179582     -2.764601535159018    0.03908788586949791
     0.6283185307179582     -2.638937829015426    0.04671530848968267
     0.6283185307179582     -2.513274122871834    0.04943317547640504
     0.6283185307179582     -2.387610416728243    0.04787173223274906
     0.6283185307179582     -2.261946710584651    0.04415918227897696
     0.6283185307179582     -2.136283004441059    0.04074284302361292
     0.6283185307179582     -2.010619298297468    0.03963762333135845
     0.6283185307179582     -1.884955592153876    0.04232314592830784
     0.6283185307179582     -1.759291886010284    0.04977527559171611
     0.6283185307179582     -1.633628179866693    0.06190015717413863
     0.6283185307179582     -1.507964473723101    0.07639670503219032
     0.6283185307179582     -1.382300767579509      0.088368575378373
     0.6283185307179582     -1.256637061435917    0.09211887845380701
     0.6283185307179582     -1.130973355292325    0.08455498839221781
     0.6283185307179582     -1.005309649148733    0.06745743703204725
     0.6283185307179582     -0.879645943005142    0.04643255042715669
     0.6283185307179582    -0.7539822368615505    0.02743327523106562
     0.6283185307179582    -0.6283185307179586    0.01381654713916146
     0.6283185307179582    -0.5026548245743667   0.005834134013395008
     0.6283185307179582    -0.3769911184307753   0.001966978381900531
     0.6283185307179582    -0.2513274122871838  0.0004401065748686147
     0.6283185307179582    -0.1256637061435919  -1.29595164842834e-05
     0.6283185307179582                      0 -6.485949409642503e-05
     0.6283185307179582     0.1256637061435919   9.60560478652613e-06
     0.6283185307179582     0.2513274122871834  0.0001337462076007405
     0.6283185307179582     0.3769911184307753  0.0003132341068859349
     0.6283185307179582     0.5026548245743672  0.0005569012580465909
     0.6283185307179582     0.6283185307179582  0.0008058436052575425
     0.6283185307179582     0.7539822368615501  0.0009494283238728066
     0.6283185307179582     0.8796459430051424  0.0009428057260839977
     0.6283185307179582      1.005309649148734  0.0008618799879891977
     0.6283185307179582      1.130973355292326  0.0007966954338364269
     0.6283185307179582      1.256637061435917  0.0007382516498917911
     0.6283185307179582      1.382300767579509  0.0006202401320002642
     0.6283185307179582      1.507964473723101  0.0004316758800237421
     0.6283185307179582      1.633628179866692  0.0002365512189495439
     0.6283185307179582      1.759291886010284   0.000100310049500029
     0.6283185307179582      1.884955592153876  3.390411360905786e-05
     0.6283185307179582      2.010619298297467  8.533089810020855e-06
     0.6283185307179582       2.13628300444106 -7.036298526910406e-07
     0.6283185307179582      2.261946710584651 -3.071766841981341e-06
     0.6283185307179582      2.387610416728243 -9.727474198304182e-06
     0.6283185307179582      2.513274122871834 -3.220854758291796e-05
     0.6283185307179582      2.638937829015426 -5.229554216021435e-05
     0.6283185307179582      2.764601535159018  5.404933210775365e-05
     0.6283185307179582      2.890265241302609  0.0007262806106569722
     0.6283185307179582      3.015928947446201   0.002963015716585899
     0.7539822368615501     -3.141592653589793    0.00976287158080575
     0.7539822368615501     -3.015928947446201     0.0195861731873256
     0.7539822368615501      -2.89026524130261     0.0318150807909256
     0.7539822368615501     -2.764601535159018    0.04327529532636842
     0.7539822368615501     -2.638937829015426    0.05075704046647025
     0.7539822368615501     -2.513274122871834    0.05285775358844073
     0.7539822368615501     -2.387610416728243    0.05049791564522463
     0.7539822368615501     -2.261946710584651    0.04602732607979487
     0.7539822368615501     -2.136283004441059    0.04195159311605921
     0.7539822368615501     -2.010619298297468    0.04021643469515562
     0.7539822368615501     -1.884955592153876    0.04219146268095036
     0.7539822368615501     -1.759291886010284    0.04878387977644812
     0.7539822368615501     -1.633628179866693    0.05995382807576608
     0.7539822368615501     -1.507964473723101     0.0736268831899923
     0.7539822368615501     -1.382300767579509     0.0852259966176417
     0.7539822368615501     -1.256637061435917    0.08924333513432148
     0.7539822368615501     -1.130973355292325     0.0824656560803487
     0.7539822368615501     -1.005309649148733    0.06630843175932895
     0.7539822368615501     -0.879645943005142    0.04602700746096005
     0.7539822368615501    -0.7539822368615505    0.02743564755811458
     0.7539822368615501    -0.6283185307179586     0.0139535203608887
     0.7539822368615501    -0.5026548245743667   0.005963033983250864
     0.7539822368615501    -0.3769911184307753   0.002045616280533851
     0.7539822368615501    -0.2513274122871838  0.0004757011261876378
     0.7539822368615501    -0.1256637061435919 -5.963058434749549e-07
     0.7539822368615501                      0 -6.181384762122784e-05
     0.7539822368615501     0.1256637061435919  8.693622928161574e-06
     0.7539822368615501     0.2513274122871834  0.0001289787584471788
     0.7539822368615501     0.3769911184307753  0.0002988677827373415
     0.7539822368615501     0.5026548245743672  0.0005205620170528416
     0.7539822368615501     0.6283185307179582  0.0007355939973160705
     0.7539822368615501     0.7539822368615501  0.0008443299480398159
     0.7539822368615501     0.8796459430051424  0.0008156228452817463
     0.7539822368615501      1.005309649148734  0.0007320201192782651
     0.7539822368615501      1.130973355292326  0.0006815465180411103
     0.7539822368615501      1.256637061435917  0.0006487182792805171
     0.7539822368615501      1.382300767579509  0.0005594058262996607
     0.7539822368615501      1.507964473723101  0.0003953477869875744
     0.7539822368615501      1.633628179866692  0.0002168859575853194
     0.7539822368615501      1.759291886010284  9.058940130842345e-05
     0.7539822368615501      1.884955592153876  2.987996011848948e-05
     0.7539822368615501      2.010619298297467  7.082433925838882e-06
     0.7539822368615501       2.13628300444106 -1.423570502163201e-06
     0.7539822368615501      2.261946710584651 -3.259497073482283e-06
     0.7539822368615501      2.387610416728243 -9.786288252132508e-06
     0.7539822368615501      2.513274122871834 -3.173706842795644e-05
     0.7539822368615501      2.638937829015426 -3.865172950787274e-05
     0.7539822368615501      2.764601535159018  0.0001353322012941746
     0.7539822368615501      2.890265241302609   0.001024189538841541
     0.7539822368615501      3.015928947446201   0.003761771374397695
     0.8796459430051424     -3.141592653589793    0.01006718124064074
     0.8796459430051424     -3.015928947446201     0.0197287389400054
     0.8796459430051424      -2.89026524130261    0.03143660230122589
     0.8796459430051424     -2.764601535159018     0.0420594221105622
     0.8796459430051424     -2.638937829015426    0.04861984392147445
     0.8796459430051424     -2.513274122871834    0.04998712862360707
     0.8796459430051424     -2.387610416728243    0.04721171616022389
     0.8796459430051424     -2.261946710584651    0.04256471989240567
     0.8796459430051424     -2.136283004441059    0.03833053883099074
     0.8796459430051424     -2.010619298297468    0.03619961951378945
     0.8796459430051424     -1.884955592153876    0.03731826275610466
     0.8796459430051424     -1.759291886010284    0.04244463674125197
     0.8796459430051424     -1.633628179866693    0.05157608865365401
     0.8796459430051424     -1.507964473723101    0.06302993962060793
     0.8796459430051424     -1.382300767579509    0.07298192322158435
     0.8796459430051424     -1.256637061435917    0.07669701905025531
     0.8796459430051424     -1.130973355292325    0.07124585070875722
     0.8796459430051424     -1.005309649148733    0.05761388863311022
     0.8796459430051424     -0.879645943005142    0.04019685025289915
     0.8796459430051424    -0.7539822368615505    0.02404580015746017
     0.8796459430051424    -0.6283185307179586      0.012238667454746
     0.8796459430051424    -0.5026548245743667   0.005206349584121292
     0.8796459430051424    -0.3769911184307753   0.001754164459161999
     0.8796459430051424    -0.2513274122871838  0.0003778097649867482
     0.8796459430051424    -0.1256637061435919 -2.952327937806901e-05
     0.8796459430051424                      0 -7.218561460585975e-05
     0.8796459430051424     0.1256637061435919 -4.103884744082993e-06
     0.8796459430051424     0.2513274122871834  0.0001010224212343023
     0.8796459430051424     0.3769911184307753  0.0002399053295201165
     0.8796459430051424     0.5026548245743672  0.0004096541423694149
     0.8796459430051424     0.6283185307179582  0.0005593431655260554
     0.8796459430051424     0.7539822368615501  0.0006109579494906754
     0.8796459430051424     0.8796459430051424  0.0005502629428237181
     0.8796459430051424      1.005309649148734  0.0004593794702417004
     0.8796459430051424      1.130973355292326  0.0004200681908772472
     0.8796459430051424      1.256637061435917  0.0004181533565145825
     0.8796459430051424      1.382300767579509  0.0003810468958577809
     0.8796459430051424      1.507964473723101  0.0002795165686394177
     0.8796459430051424      1.633628179866692  0.0001553505189153461
     0.8796459430051424      1.759291886010284  6.410117391398548e-05
     0.8796459430051424      1.884955592153876  2.065149849707558e-05
     0.8796459430051424      2.010619298297467  4.487478297062543e-06
     0.8796459430051424       2.13628300444106 -1.995123253088005e-06
     0.8796459430051424      2.261946710584651 -3.349786059449161e-06
     0.8796459430051424      2.387610416728243 -9.856127050212726e-06
     0.8796459430051424      2.513274122871834 -3.090998029758651e-05
     0.8796459430051424      2.638937829015426 -2.973671986941748e-05
     0.8796459430051424      2.764601535159018   0.000176969023355825
     0.8796459430051424      2.890265241302609   0.001146037207051004
     0.8796459430051424      3.015928947446201   0.004002271740979229
      1.005309649148734     -3.141592653589793   0.008850510261353939
      1.005309649148734     -3.015928947446201     0.0170451438345278
      1.005309649148734      -2.89026524130261    0.02676530118922725
      1.005309649148734     -2.764601535159018    0.03535344186679566
      1.005309649148734     -2.638937829015426     0.0404029623018486
      1.005309649148734     -2.513274122871834    0.04111222547165244
      1.005309649148734     -2.387610416728243    0.03845795109350102
      1.005309649148734     -2.261946710584651    0.03433370015251277
      1.005309649148734     -2.136283004441059    0.03056096073332016
      1.005309649148734     -2.010619298297468    0.02843793654182659
      1.005309649148734     -1.884955592153876    0.02881853382016937
      1.005309649148734     -1.759291886010284    0.03226330382652721
      1.005309649148734     -1.633628179866693    0.03878509044732129
      1.005309649148734     -1.507964473723101    0.04717334816366367
      1.005309649148734     -1.382300767579509    0.05461750045088089
      1.005309649148734     -1.256637061435917    0.05755669659678499
      1.005309649148734     -1.130973355292325    0.05368096929222746
      1.005309649148734     -1.005309649148733      0.043580848547608
      1.005309649148734     -0.879645943005142    0.03048379808332103
      1.005309649148734    -0.7539822368615505    0.01822785321251774
      1.005309649148734    -0.6283185307179586   0.009222831420072446
      1.005309649148734    -0.5026548245743667   0.003857381927904488
      1.005309649148734    -0.3769911184307753   0.001240361180211892
      1.005309649148734    -0.2513274122871838   0.000217553284107689
      1.005309649148734    -0.1256637061435919 -6.660757767064867e-05
      1.005309649148734                      0 -7.993444342022226e-05
      1.005309649148734     0.1256637061435919 -1.786299492543463e-05
      1.005309649148734     0.2513274122871834  6.426184363058473e-05
      1.005309649148734     0.3769911184307753  0.0001635042191103498
      1.005309649148734     0.5026548245743672   0.000275721699128637
      1.005309649148734     0.6283185307179582  0.0003633005563561728
      1.005309649148734     0.7539822368615501  0.0003730991145970708
      1.005309649148734     0.8796459430051424  0.0003014506891366783
      1.005309649148734      1.005309649148734  0.0002156353747246134
      1.005309649148734      1.130973355292326  0.0001820577393887362
      1.005309649148734      1.256637061435917  0.0001938703287247573
      1.005309649148734      1.382300767579509  0.0001943470261185536
      1.005309649148734      1.507964473723101  0.0001515996363455123
      1.005309649148734      1.633628179866692   8.60136460272517e-05
      1.005309649148734      1.759291886010284  3.479615892061358e-05
      1.005309649148734      1.884955592153876  1.082156416171528e-05
      1.005309649148734      2.010619298297467  1.975489029170095e-06
      1.005309649148734       2.13628300444106 -2.105658486765536e-06
      1.005309649148734      2.261946710584651 -3.056307364586056e-06
      1.005309649148734      2.387610416728243  -8.96790265048202e-06
      1.005309649148734      2.513274122871834 -2.709059207316368e-05
      1.005309649148734      2.638937829015426 -2.162648722964721e-05
      1.005309649148734      2.764601535159018  0.0001770655572814169
      1.005309649148734      2.890265241302609   0.001063309767237758
      1.005309649148734      3.015928947446201   0.003597027574076277
      1.130973355292326     -3.141592653589793   0.006611963638314924
      1.130973355292326     -3.015928947446201    0.01254739600673063
      1.130973355292326      -2.89026524130261    0.01946319635194919
      1.130973355292326     -2.764601535159018    0.02543895170432793
      1.130973355292326     -2.638937829015426    0.02880386922248735
      1.130973355292326     -2.513274122871834    0.02906636725275769
      1.130973355292326     -2.387610416728243    0.02697721504572296
      1.130973355292326     -2.261946710584651    0.02388337866069018
      1.130973355292326     -2.136283004441059    0.02103621977672588
      1.130973355292326     -2.010619298297468    0.01930225363373849
      1.130973355292326     -1.884955592153876    0.01923839095475014
      1.130973355292326     -1.759291886010284    0.02120629868696495
      1.130973355292326     -1.633628179866693    0.02521948617269017
      1.130973355292326     -1.507964473723101    0.03051613516046448
      1.130973355292326     -1.382300767579509    0.03530408921594093
      1.130973355292326     -1.256637061435917    0.03727242684784228
      1.130973355292326     -1.130973355292325    0.03486392058811819
      1.130973355292326     -1.005309649148733    0.02837807412540543
      1.130973355292326     -0.879645943005142    0.01986612521007826
      1.130973355292326    -0.7539822368615505    0.01184363763711777
      1.130973355292326    -0.6283185307179586   0.005931054889052551
      1.130973355292326    -0.5026548245743667   0.002416700925453208
      1.130973355292326    -0.3769911184307753  0.0007219675568436087
      1.130973355292326    -0.2513274122871838  7.957097831357192e-05
      1.130973355292326    -0.1256637061435919 -8.176377769974179e-05
      1.130973355292326                      0 -7.339387549946755e-05
      1.130973355292326     0.1256637061435919 -2.361788642566302e-05
      1.130973355292326     0.2513274122871834  3.304025428762446e-05
      1.130973355292326     0.3769911184307753  9.578561462403212e-05
      1.130973355292326     0.5026548245743672  0.0001622269634108093
      1.130973355292326     0.6283185307179582  0.0002095300671628144
      1.130973355292326     0.7539822368615501  0.0002061042740387916
      1.130973355292326     0.8796459430051424   0.000150690096462738
      1.130973355292326      1.005309649148734  8.598771834960836e-05
      1.130973355292326      1.130973355292326  5.650630443320369e-05
      1.130973355292326      1.256637061435917  6.323887015577151e-05
      1.130973355292326      1.382300767579509  7.311090877936256e-05
      1.130973355292326      1.507964473723101  6.207031791917558e-05
      1.130973355292326      1.633628179866692  3.583997960705103e-05
      1.130973355292326      1.759291886010284  1.373715231965654e-05
      1.130973355292326      1.884955592153876  3.927415650626095e-06
      1.130973355292326      2.010619298297467  3.836041766721045e-07
      1.130973355292326       2.13628300444106 -1.738993476403004e-06
      1.130973355292326      2.261946710584651 -2.349914313453196e-06
      1.130973355292326      2.387610416728243 -6.890374050368262e-06
      1.130973355292326      2.513274122871834 -1.998860039127118e-05
      1.130973355292326      2.638937829015426 -1.252966966754467e-05
      1.130973355292326      2.764601535159018  0.0001476421547167464
      1.130973355292326      2.890265241302609  0.0008322143146301229
      1.130973355292326      3.015928947446201   0.002738672083727205
      1.256637061435917     -3.141592653589793   0.004181752954119423
      1.256637061435917     -3.015928947446201   0.007826682468333668
      1.256637061435917      -2.89026524130261     0.0120069839326041
      1.256637061435917     -2.764601535159018    0.01554978603965966
      1.256637061435917     -2.638937829015426     0.0174698152884631
      1.256637061435917     -2.513274122871834    0.01751088715820251
      1.256637061435917     -2.387610416728243     0.0161530281104378
      1.256637061435917     -2.261946710584651    0.01420708976320371
      1.256637061435917     -2.136283004441059    0.01240469823767516
      1.256637061435917     -2.010619298297468    0.01124046206101091
      1.256637061435917     -1.884955592153876    0.01102670391482196
      1.256637061435917     -1.759291886010284    0.01196433072447644
      1.256637061435917     -1.633628179866693    0.01406259735316371
      1.256637061435917     -1.507964473723101    0.01690861438886906
      1.256637061435917     -1.382300767579509    0.01952375717034335
      1.256637061435917     -1.256637061435917    0.02062899989736813
      1.256637061435917     -1.130973355292325    0.01933503838582743
      1.256637061435917     -1.005309649148733     0.0157667925986064
      1.256637061435917     -0.879645943005142    0.01103807002648574
      1.256637061435917    -0.7539822368615505   0.006554263626041529
      1.256637061435917    -0.6283185307179586   0.003242043411175924
      1.256637061435917    -0.5026548245743667   0.001279834161960023
      1.256637061435917    -0.3769911184307753  0.0003461670500071772
      1.256637061435917    -0.2513274122871838   5.08184741036783e-06
      1.256637061435917    -0.1256637061435919 -6.934339773047849e-05
      1.256637061435917                      0  -5.39514598279507e-05
      1.256637061435917     0.1256637061435919 -2.034642030807784e-05
      1.256637061435917     0.2513274122871834  1.358082607548901e-05
      1.256637061435917     0.3769911184307753  4.870088187284036e-05
      1.256637061435917     0.5026548245743672  8.476906559955498e-05
      1.256637061435917     0.6283185307179582  0.0001107095461437659
      1.256637061435917     0.7539822368615501  0.0001101841178254368
      1.256637061435917     0.8796459430051424  8.087728454638909e-05
      1.256637061435917      1.005309649148734   4.28085196276395e-05
      1.256637061435917      1.130973355292326  1.981313795071545e-05
      1.256637061435917      1.256637061435917  1.680578643033193e-05
      1.256637061435917      1.382300767579509  2.068430170609021e-05
      1.256637061435917      1.507964473723101  1.873086020107735e-05
      1.256637061435917      1.633628179866692  1.049956263905607e-05
      1.256637061435917      1.759291886010284  3.276676567704009e-06
      1.256637061435917      1.884955592153876   6.26506156971627e-07
      1.256637061435917      2.010619298297467 -2.392108727211435e-07
      1.256637061435917       2.13628300444106 -1.149907450370125e-06
      1.256637061435917      2.261946710584651 -1.488146025131887e-06
      1.256637061435917      2.387610416728243 -4.337613246193471e-06
      1.256637061435917      2.513274122871834 -1.201779683668846e-05
      1.256637061435917      2.638937829015426 -4.569097023188572e-06
      1.256637061435917      2.764601535159018  0.0001046849759213692
      1.256637061435917      2.890265241302609  0.0005515012946738212
      1.256637061435917      3.015928947446201    0.00176435296522778
      1.382300767579509     -3.141592653589793   0.002229394349601918
      1.382300767579509     -3.015928947446201   0.004116613196893631
      1.382300767579509      -2.89026524130261    0.00624908572812063
      1.382300767579509     -2.764601535159018   0.008024508002284183
      1.382300767579509     -2.638937829015426   0.008953515219530835
      1.382300767579509     -2.513274122871834    0.00892500837225259
      1.382300767579509     -2.387610416728243   0.008195243535816667
      1.382300767579509     -2.261946710584651   0.007174947594095703
      1.382300767579509     -2.136283004441059     0.0062244713892312
      1.382300767579509     -2.010619298297468   0.005581485398923693
      1.382300767579509     -1.884955592153876   0.005393629219360281
      1.382300767579509     -1.759291886010284   0.005755564214016439
      1.382300767579509     -1.633628179866693   0.006672873153673014
      1.382300767579509     -1.507964473723101   0.007956560031583775
      1.382300767579509     -1.382300767579509   0.009155356567364518
      1.382300767579509     -1.256637061435917   0.009672180738052859
      1.382300767579509     -1.130973355292325   0.009079650097918231
      1.382300767579509     -1.005309649148733   0.007417320468878357
      1.382300767579509     -0.879645943005142   0.005194900429802292
      1.382300767579509    -0.7539822368615505   0.003074538666072904
      1.382300767579509    -0.6283185307179586   0.001503422632006911
      1.382300767579509    -0.5026548245743667  0.0005746276922593161
      1.382300767579509    -0.3769911184307753  0.0001379601192827298
      1.382300767579509    -0.2513274122871838 -1.571781343823131e-05
      1.382300767579509    -0.1256637061435919  -4.38147839349645e-05
      1.382300767579509                      0 -3.156379858880725e-05
      1.382300767579509     0.1256637061435919  -1.29202489448815e-05
      1.382300767579509     0.2513274122871834  4.339605137842574e-06
      1.382300767579509     0.3769911184307753  2.141988946428101e-05
      1.382300767579509     0.5026548245743672  3.901715454510514e-05
      1.382300767579509     0.6283185307179582  5.295850019931688e-05
      1.382300767579509     0.7539822368615501  5.602825818180815e-05
      1.382300767579509     0.8796459430051424  4.559229880688689e-05
      1.382300767579509      1.005309649148734    2.8126022354001e-05
      1.382300767579509      1.130973355292326  1.366029992072335e-05
      1.382300767579509      1.256637061435917   6.86626365623813e-06
      1.382300767579509      1.382300767579509  5.157738189795035e-06
      1.382300767579509      1.507964473723101  3.890827588656034e-06
      1.382300767579509      1.633628179866692  1.565333749689328e-06
      1.382300767579509      1.759291886010284 -1.452214614002346e-07
      1.382300767579509      1.884955592153876 -3.371200762877234e-07
      1.382300767579509      2.010619298297467    -3.028225191733e-07
      1.382300767579509       2.13628300444106 -6.198149826895527e-07
      1.382300767579509      2.261946710584651 -7.702404099479698e-07
      1.382300767579509      2.387610416728243 -2.213420393890555e-06
      1.382300767579509      2.513274122871834 -5.810473486699108e-06
      1.382300767579509      2.638937829015426 -6.567739000130316e-08
      1.382300767579509      2.764601535159018  6.274669718074739e-05
      1.382300767579509      2.890265241302609  0.0003083244844291869
      1.382300767579509      3.015928947446201  0.0009581510866928395
      1.507964473723101     -3.141592653589793  0.0009983287710194585
      1.507964473723101     -3.015928947446201   0.001818918415658435
      1.507964473723101      -2.89026524130261   0.002732435196505989
      1.507964473723101     -2.764601535159018   0.003479614395223023
      1.507964473723101     -2.638937829015426   0.003857091047734595
      1.507964473723101     -2.513274122871834   0.003826024964170647
      1.507964473723101     -2.387610416728243   0.003501094689185326
      1.507964473723101     -2.261946710584651   0.003056730674545606
      1.507964473723101     -2.136283004441059   0.002641134320073371
      1.507964473723101     -2.010619298297468   0.002348863232152035
      1.507964473723101     -1.884955592153876   0.002237352806179062
      1.507964473723101     -1.759291886010284   0.002343739788907181
      1.507964473723101     -1.633628179866693   0.002671383911985666
      1.507964473723101     -1.507964473723101   0.003149177323776479
      1.507964473723101     -1.382300767579509   0.003604447440165681
      1.507964473723101     -1.256637061435917   0.003804895867135064
      1.507964473723101     -1.130973355292325   0.003578492902231492
      1.507964473723101     -1.005309649148733   0.002931781450079246
      1.507964473723101     -0.879645943005142   0.002058048701781532
      1.507964473723101    -0.7539822368615505   0.001217521513627002
      1.507964473723101    -0.6283185307179586  0.0005911302596403524
      1.507964473723101    -0.5026548245743667  0.0002202322213287763
      1.507964473723101    -0.3769911184307753  4.700506172827215e-05
      1.507964473723101    -0.2513274122871838 -1.221025550310134e-05
      1.507964473723101    -0.1256637061435919 -2.120241091537083e-05
      1.507964473723101                      0 -1.466466497470388e-05
      1.507964473723101     0.1256637061435919 -6.299307655883246e-06
      1.507964473723101     0.2513274122871834  9.878770001129039e-07
      1.507964473723101     0.3769911184307753  7.956167210458787e-06
      1.507964473723101     0.5026548245743672   1.52139643557179e-05
      1.507964473723101     0.6283185307179582  2.158395627300943e-05
      1.507964473723101     0.7539822368615501  2.445750240595022e-05
      1.507964473723101     0.8796459430051424  2.213310628640893e-05
      1.507964473723101      1.005309649148734  1.582377622112309e-05
      1.507964473723101      1.130973355292326  8.823421598943724e-06
      1.507964473723101      1.256637061435917  3.836599503413148e-06
      1.507964473723101      1.382300767579509  1.352404798075597e-06
      1.507964473723101      1.507964473723101  2.498026440141027e-07
      1.507964473723101      1.633628179866692 -4.186209756836836e-07
      1.507964473723101      1.759291886010284 -6.280758035801523e-07
      1.507964473723101      1.884955592153876 -3.630519258828939e-07
      1.507964473723101      2.010619298297467 -1.938605962835917e-07
      1.507964473723101       2.13628300444106 -2.769192490283134e-07
      1.507964473723101      2.261946710584651 -3.249546444812674e-07
      1.507964473723101      2.387610416728243 -9.105593431396681e-07
      1.507964473723101      2.513274122871834 -2.240131031089633e-06
      1.507964473723101      2.638937829015426  1.218106744036195e-06
      1.507964473723101      2.764601535159018  3.146160215503812e-05
      1.507964473723101      2.890265241302609  0.0001446869748838843
      1.507964473723101      3.015928947446201  0.0004369593476250201
      1.633628179866692     -3.141592653589793  0.0003751522687155335
      1.633628179866692     -3.015928947446201  0.0006742555626170862
      1.633628179866692      -2.89026524130261   0.001001871863158975
      1.633628179866692     -2.764601535159018   0.001264561243674998
      1.633628179866692     -2.638937829015426   0.001392024603521477
      1.633628179866692     -2.513274122871834   0.001374018919952646
      1.633628179866692     -2.387610416728243   0.001253806089339225
      1.633628179866692     -2.261946710584651    0.00109337504179878
      1.633628179866692     -2.136283004441059  0.0009431639581916555
      1.633628179866692     -2.010619298297468  0.0008336528231333099
      1.633628179866692     -1.884955592153876  0.0007825952123364835
      1.633628179866692     -1.759291886010284  0.0008018174260292871
      1.633628179866692     -1.633628179866693  0.0008932726589182069
      1.633628179866692     -1.507964473723101    0.00103593356579523
      1.633628179866692     -1.382300767579509   0.001176395600053491
      1.633628179866692     -1.256637061435917   0.001240553020462534
      1.633628179866692     -1.130973355292325   0.001170672065301625
      1.633628179866692     -1.005309649148733  0.0009645442023765598
      1.633628179866692     -0.879645943005142  0.0006813450929938526
      1.633628179866692    -0.7539822368615505  0.0004051891203588918
      1.633628179866692    -0.6283185307179586  0.0001970451107024307
      1.633628179866692    -0.5026548245743667  7.273866173812737e-05
      1.633628179866692    -0.3769911184307753  1.446991634422033e-05
      1.633628179866692    -0.2513274122871838 -5.252448845421921e-06
      1.633628179866692    -0.1256637061435919 -7.913434313076929e-06
      1.633628179866692                      0 -5.387781807015957e-06
      1.633628179866692     0.1256637061435919 -2.395619945813407e-06
      1.633628179866692     0.2513274122871834  8.978689042782645e-08
      1.633628179866692     0.3769911184307753   2.35340728073912e-06
      1.633628179866692     0.5026548245743672  4.655925007220267e-06
      1.633628179866692     0.6283185307179582  6.764720537599111e-06
      1.633628179866692     0.7539822368615501  7.976699205305182e-06
      1.633628179866692     0.8796459430051424  7.635350649780097e-06
      1.633628179866692      1.005309649148734  5.786508225344542e-06
      1.633628179866692      1.130973355292326  3.283807263973322e-06
      1.633628179866692      1.256637061435917  1.189764602023787e-06
      1.633628179866692      1.382300767579509  2.879912050737001e-08
      1.633628179866692      1.507964473723101 -3.996856349568829e-07
      1.633628179866692      1.633628179866692 -4.994865353066505e-07
      1.633628179866692      1.759291886010284 -4.106275683299081e-07
      1.633628179866692      1.884955592153876 -2.063020330471938e-07
      1.633628179866692      2.010619298297467 -9.391445184931726e-08
      1.633628179866692       2.13628300444106 -1.044175345491347e-07
      1.633628179866692      2.261946710584651 -1.113964224657582e-07
      1.633628179866692      2.387610416728243 -2.991717846815472e-07
      1.633628179866692      2.513274122871834  -6.76926686961727e-07
      1.633628179866692      2.638937829015426  9.764999008022443e-07
      1.633628179866692      2.764601535159018  1.314823289122569e-05
      1.633628179866692      2.890265241302609  5.690710705552361e-05
      1.633628179866692      3.015928947446201  0.0001671919758976373
      1.759291886010284     -3.141592653589793  0.0001182789313933326
      1.759291886010284     -3.015928947446201  0.0002095457678171695
      1.759291886010284      -2.89026524130261  0.0003076685661899212
      1.759291886010284     -2.764601535159018  0.0003844886212287319
      1.759291886010284     -2.638937829015426  0.0004199011422355098
      1.759291886010284     -2.513274122871834   0.000412198437459104
      1.759291886010284     -2.387610416728243  0.0003751626226301993
      1.759291886010284     -2.261946710584651  0.0003271918184830926
      1.759291886010284     -2.136283004441059  0.0002823748927619797
      1.759291886010284     -2.010619298297468  0.0002484750436481986
      1.759291886010284     -1.884955592153876  0.0002296437625460017
      1.759291886010284     -1.759291886010284  0.0002288477730499847
      1.759291886010284     -1.633628179866693  0.0002470444689336755
      1.759291886010284     -1.507964473723101  0.0002796963899062891
      1.759291886010284     -1.382300767579509  0.0003139229100134559
      1.759291886010284     -1.256637061435917  0.0003307232397175078
      1.759291886010284     -1.130973355292325  0.0003140334722825135
      1.759291886010284     -1.005309649148733  0.0002614239148950868
      1.759291886010284     -0.879645943005142  0.0001869818592099098
      1.759291886010284    -0.7539822368615505  0.0001127018642051375
      1.759291886010284    -0.6283185307179586  5.557465122767415e-05
      1.759291886010284    -0.5026548245743667  2.081637357833639e-05
      1.759291886010284    -0.3769911184307753  4.232939587762642e-06
      1.759291886010284    -0.2513274122871838 -1.477979198389381e-06
      1.759291886010284    -0.1256637061435919 -2.274486383724348e-06
      1.759291886010284                      0 -1.557460025117058e-06
      1.759291886010284     0.1256637061435919 -7.143683832643523e-07
      1.759291886010284     0.2513274122871834  -4.39884789280895e-08
      1.759291886010284     0.3769911184307753  5.149787438715145e-07
      1.759291886010284     0.5026548245743672  1.026629902885534e-06
      1.759291886010284     0.6283185307179582  1.468727193577698e-06
      1.759291886010284     0.7539822368615501  1.727364050231766e-06
      1.759291886010284     0.8796459430051424   1.65546277739107e-06
      1.759291886010284      1.005309649148734  1.214624741305989e-06
      1.759291886010284      1.130973355292326  5.752730723549102e-07
      1.759291886010284      1.256637061435917   2.70749670241062e-08
      1.759291886010284      1.382300767579509  -2.50423398830347e-07
      1.759291886010284      1.507964473723101 -3.028804939608559e-07
      1.759291886010284      1.633628179866692 -2.617469132721184e-07
      1.759291886010284      1.759291886010284  -1.81487027078938e-07
      1.759291886010284      1.884955592153876  -8.68511877385297e-08
      1.759291886010284      2.010619298297467 -3.676532301542429e-08
      1.759291886010284       2.13628300444106 -3.336701579172677e-08
      1.759291886010284      2.261946710584651 -3.067456746350516e-08
      1.759291886010284      2.387610416728243 -7.647387238984661e-08
      1.759291886010284      2.513274122871834 -1.512783465971345e-07
      1.759291886010284      2.638937829015426  4.907755144403592e-07
      1.759291886010284      2.764601535159018  4.593016654923939e-06
      1.759291886010284      2.890265241302609  1.877870821998562e-05
      1.759291886010284      3.015928947446201  5.369098653408814e-05
      1.884955592153876     -3.141592653589793  3.104961456454622e-05
      1.884955592153876     -3.015928947446201  5.405865333528179e-05
      1.884955592153876      -2.89026524130261  7.833485688737815e-05
      1.884955592153876     -2.764601535159018  9.690880688175466e-05
      1.884955592153876     -2.638937829015426  0.0001050493437042083
      1.884955592153876     -2.513274122871834  0.0001026354952318729
      1.884955592153876     -2.387610416728243  9.323256378205627e-05
      1.884955592153876     -2.261946710584651   8.13308038722333e-05
      1.884955592153876     -2.136283004441059  7.019731083380973e-05
      1.884955592153876     -2.010619298297468  6.149127677962386e-05
      1.884955592153876     -1.884955592153876  5.603115375588394e-05
      1.884955592153876     -1.759291886010284  5.444499067204401e-05
      1.884955592153876     -1.633628179866693  5.702328317277987e-05
      1.884955592153876     -1.507964473723101  6.296441873477129e-05
      1.884955592153876     -1.382300767579509  6.970512328572569e-05
      1.884955592153876     -1.256637061435917  7.323579625449946e-05
      1.884955592153876     -1.130973355292325  6.989916750040087e-05
      1.884955592153876     -1.005309649148733  5.877090229851858e-05
      1.884955592153876     -0.879645943005142  4.257202040365487e-05
      1.884955592153876    -0.7539822368615505  2.603271068901949e-05
      1.884955592153876    -0.6283185307179586  1.304933810451679e-05
      1.884955592153876    -0.5026548245743667  4.995620454620253e-06
      1.884955592153876    -0.3769911184307753  1.076587001051028e-06
      1.884955592153876    -0.2513274122871838 -3.074112945378781e-07
      1.884955592153876    -0.1256637061435919 -5.195377248896515e-07
      1.884955592153876                      0 -3.610318938603482e-07
      1.884955592153876     0.1256637061435919  -1.64667479857424e-07
      1.884955592153876     0.2513274122871834  1.608954513192927e-09
      1.884955592153876     0.3769911184307753  1.636741028510136e-07
      1.884955592153876     0.5026548245743672   3.57554740387736e-07
      1.884955592153876     0.6283185307179582   6.03636448659356e-07
      1.884955592153876     0.7539822368615501  8.760355666951547e-07
      1.884955592153876     0.8796459430051424  1.080160200436776e-06
      1.884955592153876      1.005309649148734  1.101777324389472e-06
      1.884955592153876      1.130973355292326  9.096336751920393e-07
      1.884955592153876      1.256637061435917  5.974042731077876e-07
      1.884955592153876      1.382300767579509  3.044191221393747e-07
      1.884955592153876      1.507964473723101  1.082700490077243e-07
      1.884955592153876      1.633628179866692  8.967925046042749e-09
      1.884955592153876      1.759291886010284 -2.123396253408854e-08
      1.884955592153876      1.884955592153876 -1.558492489804898e-08
      1.884955592153876      2.010619298297467 -7.938538135429885e-09
      1.884955592153876       2.13628300444106 -7.714728469578283e-09
      1.884955592153876      2.261946710584651  -5.86901708825069e-09
      1.884955592153876      2.387610416728243 -1.173355159431757e-08
      1.884955592153876      2.513274122871834 -9.831207369624175e-09
      1.884955592153876      2.638937829015426  2.136832499938545e-07
      1.884955592153876      2.764601535159018  1.397694212718338e-06
      1.884955592153876      2.890265241302609  5.257367486449923e-06
      1.884955592153876      3.015928947446201  1.444616238553825e-05
      2.010619298297467     -3.141592653589793  7.494911277741107e-06
      2.010619298297467     -3.015928947446201  1.233081786539475e-05
      2.010619298297467      -2.89026524130261  1.739050207769985e-05
      2.010619298297467     -2.764601535159018  2.143203892930568e-05
      2.010619298297467     -2.638937829015426  2.355872279998084e-05
      2.010619298297467     -2.513274122871834  2.361037223639328e-05
      2.010619298297467     -2.387610416728243  2.207870333014346e-05
      2.010619298297467     -2.261946710584651  1.973166334690573e-05
      2.010619298297467     -2.136283004441059  1.728883122943519e-05
      2.010619298297467     -2.010619298297468  1.532457765931126e-05
      2.010619298297467     -1.884955592153876  1.429981914605763e-05
      2.010619298297467     -1.759291886010284  1.450424029657223e-05
      2.010619298297467     -1.633628179866693  1.584659602424661e-05
      2.010619298297467     -1.507964473723101  1.768894107618091e-05
      2.010619298297467     -1.382300767579509  1.897978116898658e-05
      2.010619298297467     -1.256637061435917   1.87170512752843e-05
      2.010619298297467     -1.130973355292325  1.647864035459159e-05
      2.010619298297467     -1.005309649148733  1.266374247302375e-05
      2.010619298297467     -0.879645943005142  8.275344897323054e-06
      2.010619298297467    -0.7539822368615505  4.393185782393068e-06
      2.010619298297467    -0.6283185307179586  1.684118121846778e-06
      2.010619298297467    -0.5026548245743667  2.289733959067123e-07
      2.010619298297467    -0.3769911184307753 -3.080075846096681e-07
      2.010619298297467    -0.2513274122871838 -3.660172818043227e-07
      2.010619298297467    -0.1256637061435919 -2.636891797521121e-07
      2.010619298297467                      0 -1.510712065356318e-07
      2.010619298297467     0.1256637061435919 -6.443511067515536e-08
      2.010619298297467     0.2513274122871834  1.815236737445459e-08
      2.010619298297467     0.3769911184307753  1.519593892592526e-07
      2.010619298297467     0.5026548245743672  4.082916538439377e-07
      2.010619298297467     0.6283185307179582  8.338511977529226e-07
      2.010619298297467     0.7539822368615501  1.380807951467862e-06
      2.010619298297467     0.8796459430051424  1.866786109083628e-06
      2.010619298297467      1.005309649148734   2.05552758738568e-06
      2.010619298297467      1.130973355292326  1.835883775871166e-06
      2.010619298297467      1.256637061435917  1.324419563921341e-06
      2.010619298297467      1.382300767579509  7.695155121077872e-07
      2.010619298297467      1.507964473723101  3.608090597279969e-07
      2.010619298297467      1.633628179866692  1.382260211110177e-07
      2.010619298297467      1.759291886010284  4.450524452698045e-08
      2.010619298297467      1.884955592153876  1.262189140148113e-08
      2.010619298297467      2.010619298297467  3.194174795023725e-09
      2.010619298297467       2.13628300444106  5.389493283540336e-10
      2.010619298297467      2.261946710584651  5.030902555681889e-10
      2.010619298297467      2.387610416728243  4.223266052211842e-09
      2.010619298297467      2.513274122871834  2.879739522203748e-08
      2.010619298297467      2.638937829015426  1.465068866561682e-07
      2.010619298297467      2.764601535159018  5.523172425624881e-07
      2.010619298297467      2.890265241302609   1.62015216770735e-06
      2.010619298297467      3.015928947446201  3.834262539932119e-06
       2.13628300444106     -3.141592653589793  6.676106110520004e-06
       2.13628300444106     -3.015928947446201  8.991780529275487e-06
       2.13628300444106      -2.89026524130261   1.14177676252554e-05
       2.13628300444106     -2.764601535159018  1.421629573101355e-05
       2.13628300444106     -2.638937829015426  1.729811713194125e-05
       2.13628300444106     -2.513274122871834  2.002308631972901e-05
       2.13628300444106     -2.387610416728243  2.161552105312902e-05
       2.13628300444106     -2.261946710584651  2.176429997160548e-05
       2.13628300444106     -2.136283004441059  2.089593810920394e-05
       2.13628300444106     -2.010619298297468  2.004441521001813e-05
       2.13628300444106     -1.884955592153876  2.044755363549981e-05
       2.13628300444106     -1.759291886010284  2.286080561359365e-05
       2.13628300444106     -1.633628179866693  2.673564425242948e-05
       2.13628300444106     -1.507964473723101   2.99865282291594e-05
       2.13628300444106     -1.382300767579509  3.005272334270646e-05
       2.13628300444106     -1.256637061435917  2.573176056382542e-05
       2.13628300444106     -1.130973355292325  1.813980765808604e-05
       2.13628300444106     -1.005309649148733  9.854257752863943e-06
       2.13628300444106     -0.879645943005142  3.162708633626438e-06
       2.13628300444106    -0.7539822368615505  -9.68238583215396e-07
       2.13628300444106    -0.6283185307179586 -2.733991727604902e-06
       2.13628300444106    -0.5026548245743667 -2.868748911964362e-06
       2.13628300444106    -0.3769911184307753 -2.197326980252931e-06
       2.13628300444106    -0.2513274122871838 -1.379251198048097e-06
       2.13628300444106    -0.1256637061435919 -7.571248573085577e-07
       2.13628300444106                      0 -3.824954319566176e-07
       2.13628300444106     0.1256637061435919 -1.725254383071266e-07
       2.13628300444106     0.2513274122871834 -6.351782784828879e-09
       2.13628300444106     0.3769911184307753  2.851020817666758e-07
       2.13628300444106     0.5026548245743672   9.14827895626623e-07
       2.13628300444106     0.6283185307179582  2.026324945082508e-06
       2.13628300444106     0.7539822368615501  3.491197973827399e-06
       2.13628300444106     0.8796459430051424  4.799817273863017e-06
       2.13628300444106      1.005309649148734  5.295263978369136e-06
       2.13628300444106      1.130973355292326  4.680861354030239e-06
       2.13628300444106      1.256637061435917  3.299399204028078e-06
       2.13628300444106      1.382300767579509   1.84538703839732e-06
       2.13628300444106      1.507964473723101  8.235815361636823e-07
       2.13628300444106      1.633628179866692  3.062668369212443e-07
       2.13628300444106      1.759291886010284  1.045834210746448e-07
       2.13628300444106      1.884955592153876  3.443177937967437e-08
       2.13628300444106      2.010619298297467  1.154350071169548e-08
       2.13628300444106       2.13628300444106  6.113019095240199e-09
       2.13628300444106      2.261946710584651  5.131429498662228e-09
       2.13628300444106      2.387610416728243  2.147959910826181e-08
       2.13628300444106      2.513274122871834  1.079259638382196e-07
       2.13628300444106      2.638937829015426  3.867056391665697e-07
       2.13628300444106      2.764601535159018  1.082400509857816e-06
       2.13628300444106      2.890265241302609  2.421699596544382e-06
       2.13628300444106      3.015928947446201   4.39110828616869e-06
      2.261946710584651     -3.141592653589793   2.78460496140313e-05
      2.261946710584651     -3.015928947446201  3.794135917305496e-05
      2.261946710584651      -2.89026524130261   4.79901764297966e-05
      2.261946710584651     -2.764601535159018  5.866602112810305e-05
      2.261946710584651     -2.638937829015426  6.986210483432441e-05
      2.261946710584651     -2.513274122871834  7.978431082822691e-05
      2.261946710584651     -2.387610416728243  8.609683351255039e-05
      2.261946710584651     -2.261946710584651  8.779428867726698e-05
      2.261946710584651     -2.136283004441059  8.604269937523507e-05
      2.261946710584651     -2.010619298297468  8.384318632797504e-05
      2.261946710584651     -1.884955592153876  8.499986849526486e-05
      2.261946710584651     -1.759291886010284  9.204832847628557e-05
      2.261946710584651     -1.633628179866693  0.0001033711716772221
      2.261946710584651     -1.507964473723101  0.0001121780428437885
      2.261946710584651     -1.382300767579509  0.0001100922317271086
      2.261946710584651     -1.256637061435917  9.345487972194922e-05
      2.261946710584651     -1.130973355292325  6.642421598518789e-05
      2.261946710584651     -1.005309649148733  3.773943004838385e-05
      2.261946710584651     -0.879645943005142  1.473106251805983e-05
      2.261946710584651    -0.7539822368615505  1.973078068202069e-07
      2.261946710584651    -0.6283185307179586 -6.654942152709423e-06
      2.261946710584651    -0.5026548245743667 -8.079852435048203e-06
      2.261946710584651    -0.3769911184307753   -6.5751289789891e-06
      2.261946710584651    -0.2513274122871838 -4.262907891812899e-06
      2.261946710584651    -0.1256637061435919 -2.374555136372812e-06
      2.261946710584651                      0  -1.20506975014325e-06
      2.261946710584651     0.1256637061435919 -5.613046694160024e-07
      2.261946710584651     0.2513274122871834 -9.587140647764314e-08
      2.261946710584651     0.3769911184307753  6.971849163069467e-07
      2.261946710584651     0.5026548245743672  2.472794624231719e-06
      2.261946710584651     0.6283185307179582  5.698825594638492e-06
      2.261946710584651     0.7539822368615501  1.002857152620964e-05
      2.261946710584651     0.8796459430051424  1.393738542712027e-05
      2.261946710584651      1.005309649148734  1.542559713465791e-05
      2.261946710584651      1.130973355292326  1.358903465102058e-05
      2.261946710584651      1.256637061435917  9.479519249889229e-06
      2.261946710584651      1.382300767579509  5.201493253538452e-06
      2.261946710584651      1.507964473723101  2.249884483637088e-06
      2.261946710584651      1.633628179866692  8.006262682456243e-07
      2.261946710584651      1.759291886010284  2.627132052954872e-07
      2.261946710584651      1.884955592153876  8.549479983211606e-08
      2.261946710584651      2.010619298297467  3.000562616692675e-08
      2.261946710584651       2.13628300444106  1.892951567499743e-08
      2.261946710584651      2.261946710584651  2.150210348945339e-08
      2.261946710584651      2.387610416728243  9.201802380996051e-08
      2.261946710584651      2.513274122871834  4.337039989367821e-07
      2.261946710584651      2.638937829015426  1.529615118943516e-06
      2.261946710584651      2.764601535159018   4.29308030280277e-06
      2.261946710584651      2.890265241302609  9.726496729562899e-06
      2.261946710584651      3.015928947446201  1.796676172629796e-05
      2.387610416728243     -3.141592653589793  0.0001194898639916132
      2.387610416728243     -3.015928947446201  0.0001724804549135125
      2.387610416728243      -2.89026524130261  0.0002241862025527045
      2.387610416728243     -2.764601535159018  0.0002710433948921564
      2.387610416728243     -2.638937829015426  0.0003108167450194479
      2.387610416728243     -2.513274122871834  0.0003403610624137846
      2.387610416728243     -2.387610416728243  0.0003568394668218971
      2.387610416728243     -2.261946710584651  0.0003603524853789651
      2.387610416728243     -2.136283004441059  0.0003545312020945834
      2.387610416728243     -2.010619298297468  0.0003459686269639787
      2.387610416728243     -1.884955592153876  0.0003435991501274233
      2.387610416728243     -1.759291886010284  0.0003546420926054298
      2.387610416728243     -1.633628179866693  0.0003760156921599991
      2.387610416728243     -1.507964473723101  0.0003900310740163023
      2.387610416728243     -1.382300767579509  0.0003740415519532726
      2.387610416728243     -1.256637061435917  0.0003184317268219653
      2.387610416728243     -1.130973355292325  0.0002350067790361887
      2.387610416728243     -1.005309649148733  0.0001473719302936248
      2.387610416728243     -0.879645943005142  7.471021584179235e-05
      2.387610416728243    -0.7539822368615505  2.450473505330808e-05
      2.387610416728243    -0.6283185307179586 -4.179669852971568e-06
      2.387610416728243    -0.5026548245743667 -1.573536555416653e-05
      2.387610416728243    -0.3769911184307753 -1.611692223082765e-05
      2.387610416728243    -0.2513274122871838 -1.162698643386359e-05
      2.387610416728243    -0.1256637061435919 -6.829254893300123e-06
      2.387610416728243                      0 -3.552003654992674e-06
      2.387610416728243     0.1256637061435919 -1.819418455656372e-06
      2.387610416728243     0.2513274122871834 -9.938850671349254e-07
      2.387610416728243     0.3769911184307753 -5.016352036525011e-08
      2.387610416728243     0.5026548245743672  2.397673214091059e-06
      2.387610416728243     0.6283185307179582  7.503335471301328e-06
      2.387610416728243     0.7539822368615501  1.488207910198862e-05
      2.387610416728243     0.8796459430051424  2.169630935714698e-05
      2.387610416728243      1.005309649148734  2.403997831954236e-05
      2.387610416728243      1.130973355292326  2.028278790210033e-05
      2.387610416728243      1.256637061435917  1.277745490537705e-05
      2.387610416728243      1.382300767579509  5.691532027571011e-06
      2.387610416728243      1.507964473723101  1.529284472958084e-06
      2.387610416728243      1.633628179866692  7.127397392024962e-08
      2.387610416728243      1.759291886010284  -1.15109280995868e-07
      2.387610416728243      1.884955592153876 -4.522559088705746e-08
      2.387610416728243      2.010619298297467  2.649401466378739e-09
      2.387610416728243       2.13628300444106  3.022953696468183e-08
      2.387610416728243      2.261946710584651  6.403718663807515e-08
      2.387610416728243      2.387610416728243  2.964453008661289e-07
      2.387610416728243      2.513274122871834  1.377925588778841e-06
      2.387610416728243      2.638937829015426  5.046649506369634e-06
      2.387610416728243      2.764601535159018  1.498317081759405e-05
      2.387610416728243      2.890265241302609  3.621410389959041e-05
      2.387610416728243      3.015928947446201  7.181039566043576e-05
      2.513274122871834     -3.141592653589793  0.0004343103222349887
      2.513274122871834     -3.015928947446201  0.0006493010087884677
      2.513274122871834      -2.89026524130261  0.0008578203186861675
      2.513274122871834     -2.764601535159018   0.001031930559933578
      2.513274122871834     -2.638937829015426   0.001158706457278033
      2.513274122871834     -2.513274122871834   0.001236361789442274
      2.513274122871834     -2.387610416728243   0.001270694491523368
      2.513274122871834     -2.261946710584651   0.001272483261346746
      2.513274122871834     -2.136283004441059   0.001252719809985883
      2.513274122871834     -2.010619298297468   0.001222261979959445
      2.513274122871834     -1.884955592153876   0.001197761447636575
      2.513274122871834     -1.759291886010284   0.001197494242595011
      2.513274122871834     -1.633628179866693   0.001218630607384344
      2.513274122871834     -1.507964473723101   0.001221739638486764
      2.513274122871834     -1.382300767579509   0.001152921650543406
      2.513274122871834     -1.256637061435917  0.0009891638492555059
      2.513274122871834     -1.130973355292325  0.0007587186694793082
      2.513274122871834     -1.005309649148733  0.0005165421935831124
      2.513274122871834     -0.879645943005142  0.0003064386176204339
      2.513274122871834    -0.7539822368615505  0.0001472340850274287
      2.513274122871834    -0.6283185307179586  4.197200305396956e-05
      2.513274122871834    -0.5026548245743667 -1.356734152909275e-05
      2.513274122871834    -0.3769911184307753 -3.088212993912221e-05
      2.513274122871834    -0.2513274122871838 -2.702724132925021e-05
      2.513274122871834    -0.1256637061435919 -1.715876156367744e-05
      2.513274122871834                      0 -9.222117606683209e-06
      2.513274122871834     0.1256637061435919 -5.211200344577828e-06
      2.513274122871834     0.2513274122871834 -4.676836168233748e-06
      2.513274122871834     0.3769911184307753 -6.358066766865099e-06
      2.513274122871834     0.5026548245743672 -8.277030952665783e-06
      2.513274122871834     0.6283185307179582 -8.102447083402988e-06
      2.513274122871834     0.7539822368615501 -4.931528319849821e-06
      2.513274122871834     0.8796459430051424 -1.206438917146357e-06
      2.513274122871834      1.005309649148734 -1.165789887416806e-06
      2.513274122871834      1.130973355292326 -5.977490152323521e-06
      2.513274122871834      1.256637061435917 -1.176555509225984e-05
      2.513274122871834      1.382300767579509 -1.376520890967032e-05
      2.513274122871834      1.507964473723101 -1.112364775113549e-05
      2.513274122871834      1.633628179866692 -6.587141853546226e-06
      2.513274122871834      1.759291886010284 -2.937461827878997e-06
      2.513274122871834      1.884955592153876 -1.002506232331157e-06
      2.513274122871834      2.010619298297467 -2.499779104406669e-07
      2.513274122871834       2.13628300444106  1.018007586795695e-09
      2.513274122871834      2.261946710584651  1.713061398490607e-07
      2.513274122871834      2.387610416728243  8.616911570427982e-07
      2.513274122871834      2.513274122871834   3.94264399840673e-06
      2.513274122871834      2.638937829015426  1.498087085463193e-05
      2.513274122871834      2.764601535159018  4.679073642567399e-05
      2.513274122871834      2.890265241302609  0.0001192186713365181
      2.513274122871834      3.015928947446201  0.0002490324884122361
      2.638937829015426     -3.141592653589793   0.001325258672472055
      2.638937829015426     -3.015928947446201   0.002016437046596897
      2.638937829015426      -2.89026524130261   0.002685365293387419
      2.638937829015426     -2.764601535159018     0.0032213908574731
      2.638937829015426     -2.638937829015426   0.003575773133641489
      2.638937829015426     -2.513274122871834   0.003758286649024184
      2.638937829015426     -2.387610416728243   0.003813784692204188
      2.638937829015426     -2.261946710584651   0.003793888135362459
      2.638937829015426     -2.136283004441059   0.003730623871837108
      2.638937829015426     -2.010619298297468   0.003637596843291484
      2.638937829015426     -1.884955592153876   0.003540624913198117
      2.638937829015426     -1.759291886010284   0.003482254951987322
      2.638937829015426     -1.633628179866693   0.003467292539705709
      2.638937829015426     -1.507964473723101   0.003415953355920392
      2.638937829015426     -1.382300767579509   0.003208419329728252
      2.638937829015426     -1.256637061435917   0.002789163095443948
      2.638937829015426     -1.130973355292325   0.002214779967783236
      2.638937829015426     -1.005309649148733   0.001600264409255632
      2.638937829015426     -0.879645943005142   0.001039561917350863
      2.638937829015426    -0.7539822368615505  0.0005812865195118332
      2.638937829015426    -0.6283185307179586  0.0002486539163766936
      2.638937829015426    -0.5026548245743667  4.893713526429644e-05
      2.638937829015426    -0.3769911184307753 -3.650479015471458e-05
      2.638937829015426    -0.2513274122871838 -5.017411176693623e-05
      2.638937829015426    -0.1256637061435919 -3.588669138721042e-05
      2.638937829015426                      0 -2.012621477631943e-05
      2.638937829015426     0.1256637061435919 -1.233978407198225e-05
      2.638937829015426     0.2513274122871834 -1.428948091735148e-05
      2.638937829015426     0.3769911184307753 -2.589446392166913e-05
      2.638937829015426     0.5026548245743672 -4.564588217913133e-05
      2.638937829015426     0.6283185307179582 -6.928833803182437e-05
      2.638937829015426     0.7539822368615501 -9.105869923549224e-05
      2.638937829015426     0.8796459430051424  -0.000107461663844304
      2.638937829015426      1.005309649148734 -0.0001175988243378517
      2.638937829015426      1.130973355292326 -0.0001189028878033581
      2.638937829015426      1.256637061435917 -0.0001068888223896278
      2.638937829015426      1.382300767579509 -8.179749285475817e-05
      2.638937829015426      1.507964473723101 -5.181656014604169e-05
      2.638937829015426      1.633628179866692 -2.687542342415665e-05
      2.638937829015426      1.759291886010284 -1.137374419498697e-05
      2.638937829015426      1.884955592153876 -3.888806242890157e-06
      2.638937829015426      2.010619298297467 -1.047620026737619e-06
      2.638937829015426       2.13628300444106 -1.400551087576287e-07
      2.638937829015426      2.261946710584651   4.62102529521447e-07
      2.638937829015426      2.387610416728243  2.419966266487628e-06
      2.638937829015426      2.513274122871834  1.072894267686559e-05
      2.638937829015426      2.638937829015426   4.12507826671414e-05
      2.638937829015426      2.764601535159018   0.000132024347736989
      2.638937829015426      2.890265241302609  0.0003456234969896758
      2.638937829015426      3.015928947446201  0.0007417976646583559
      2.764601535159018     -3.141592653589793   0.003412506312598242
      2.764601535159018     -3.015928947446201   0.005234877925341188
      2.764601535159018      -2.89026524130261   0.006996214043973977
      2.764601535159018     -2.764601535159018   0.008374983301024421
      2.764601535159018     -2.638937829015426   0.009230413093541808
      2.764601535159018     -2.513274122871834   0.009608378854638965
      2.764601535159018     -2.387610416728243   0.009664306366603141
      2.764601535159018     -2.261946710584651   0.009560819179034678
      2.764601535159018     -2.136283004441059   0.009382533861986958
      2.764601535159018     -2.010619298297468   0.009141025664488064
      2.764601535159018     -1.884955592153876   0.008869283715300104
      2.764601535159018     -1.759291886010284   0.008657428154024208
      2.764601535159018     -1.633628179866693   0.008536107556905885
      2.764601535159018     -1.507964473723101   0.008357252178994107
      2.764601535159018     -1.382300767579509   0.007872105885734424
      2.764601535159018     -1.256637061435917   0.006948182434804726
      2.764601535159018     -1.130973355292325   0.005676672125612874
      2.764601535159018     -1.005309649148733   0.004273582763734254
      2.764601535159018     -0.879645943005142   0.002929867362960667
      2.764601535159018    -0.7539822368615505    0.00176831983165722
      2.764601535159018    -0.6283185307179586  0.0008754791525065839
      2.764601535159018    -0.5026548245743667  0.0003006133147047254
      2.764601535159018    -0.3769911184307753  1.907792988929951e-05
      2.764601535159018    -0.2513274122871838 -6.451418299440918e-05
      2.764601535159018    -0.1256637061435919 -5.884024964843924e-05
      2.764601535159018                      0 -3.528886168989257e-05
      2.764601535159018     0.1256637061435919 -2.346978139408542e-05
      2.764601535159018     0.2513274122871834 -3.254765835314082e-05
      2.764601535159018     0.3769911184307753 -6.701632133094304e-05
      2.764601535159018     0.5026548245743672 -0.0001282265146735789
      2.764601535159018     0.6283185307179582 -0.0002087776358178916
      2.764601535159018     0.7539822368615501 -0.0002914010147222432
      2.764601535159018     0.8796459430051424 -0.0003563742252427802
      2.764601535159018      1.005309649148734 -0.0003879530879012067
      2.764601535159018      1.130973355292326 -0.0003750102616432455
      2.764601535159018      1.256637061435917 -0.0003156476410930522
      2.764601535159018      1.382300767579509 -0.0002259075720819005
      2.764601535159018      1.507964473723101 -0.0001354062163444578
      2.764601535159018      1.633628179866692 -6.783859186421418e-05
      2.764601535159018      1.759291886010284 -2.846021459857938e-05
      2.764601535159018      1.884955592153876 -9.844912627286205e-06
      2.764601535159018      2.010619298297467 -2.752256128360024e-06
      2.764601535159018       2.13628300444106 -4.721556103897271e-07
      2.764601535159018      2.261946710584651  1.216739304471987e-06
      2.764601535159018      2.387610416728243  6.345694728190931e-06
      2.764601535159018      2.513274122871834  2.706742956617942e-05
      2.764601535159018      2.638937829015426  0.0001029791174415961
      2.764601535159018      2.764601535159018  0.0003302200532069726
      2.764601535159018      2.890265241302609  0.0008711725043152444
      2.764601535159018      3.015928947446201   0.001889742840812555
      2.890265241302609     -3.141592653589793   0.007466239471922122
      2.890265241302609     -3.015928947446201    0.01147676818350361
      2.890265241302609      -2.89026524130261    0.01534248533056074
      2.890265241302609     -2.764601535159018    0.01831849729425361
      2.890265241302609     -2.638937829015426    0.02007935939281392
      2.890265241302609     -2.513274122871834    0.02075256456034126
      2.890265241302609     -2.387610416728243    0.02073013975122334
      2.890265241302609     -2.261946710584651    0.02040817485070969
      2.890265241302609     -2.136283004441059    0.01997989159668644
      2.890265241302609     -2.010619298297468    0.01944757089597411
      2.890265241302609     -1.884955592153876    0.01884363933617525
      2.890265241302609     -1.759291886010284    0.01833784868276987
      2.890265241302609     -1.633628179866693    0.01801831581261874
      2.890265241302609     -1.507964473723101    0.01763597195387947
      2.890265241302609     -1.382300767579509    0.01672088927717182
      2.890265241302609     -1.256637061435917    0.01498210648398359
      2.890265241302609     -1.130973355292325    0.01252787114224466
      2.890265241302609     -1.005309649148733   0.009715931565598574
      2.890265241302609     -0.879645943005142   0.006903348434779131
      2.890265241302609    -0.7539822368615505    0.00436860052933488
      2.890265241302609    -0.6283185307179586   0.002344497750657047
      2.890265241302609    -0.5026548245743667  0.0009811944549881207
      2.890265241302609    -0.3769911184307753  0.0002571019682130446
      2.890265241302609    -0.2513274122871838 -1.422224239884355e-05
      2.890265241302609    -0.1256637061435919 -6.141101095865687e-05
      2.890265241302609                      0 -4.357782637744533e-05
      2.890265241302609     0.1256637061435919 -3.293185333166488e-05
      2.890265241302609     0.2513274122871834 -5.563494160186104e-05
      2.890265241302609     0.3769911184307753 -0.0001257971702177174
      2.890265241302609     0.5026548245743672 -0.0002499242189586001
      2.890265241302609     0.6283185307179582 -0.0004148131612503892
      2.890265241302609     0.7539822368615501 -0.0005839461825457155
      2.890265241302609     0.8796459430051424  -0.000712738819876007
      2.890265241302609      1.005309649148734 -0.0007657229331857146
      2.890265241302609      1.130973355292326 -0.0007236170540298637
      2.890265241302609      1.256637061435917 -0.0005923298950671589
      2.890265241302609      1.382300767579509 -0.0004121266721192113
      2.890265241302609      1.507964473723101 -0.0002414923425679088
      2.890265241302609      1.633628179866692 -0.0001199456482102776
      2.890265241302609      1.759291886010284 -5.090730973929677e-05
      2.890265241302609      1.884955592153876 -1.806325980833176e-05
      2.890265241302609      2.010619298297467 -5.241210113545197e-06
      2.890265241302609       2.13628300444106 -9.394694045691024e-07
      2.890265241302609      2.261946710584651  2.999276553588152e-06
      2.890265241302609      2.387610416728243  1.514249190390237e-05
      2.890265241302609      2.513274122871834  6.207050295343234e-05
      2.890265241302609      2.638937829015426  0.0002299568109932174
      2.890265241302609      2.764601535159018  0.0007263898471384792
      2.890265241302609      2.890265241302609    0.00190396270798094
      2.890265241302609      3.015928947446201   0.004126767177311419
      3.015928947446201     -3.141592653589793     0.0140012925094077
      3.015928947446201     -3.015928947446201    0.02145734318550498
      3.015928947446201      -2.89026524130261    0.02860146718424839
      3.015928947446201     -2.764601535159018     0.0340117442837289
      3.015928947446201     -2.638937829015426    0.03707599330584321
      3.015928947446201     -2.513274122871834    0.03807364378427069
      3.015928947446201     -2.387610416728243    0.03779965358329387
      3.015928947446201     -2.261946710584651    0.03703926375339936
      3.015928947446201     -2.136283004441059    0.03616516049676305
      3.015928947446201     -2.010619298297468    0.03516157694537968
      3.015928947446201     -1.884955592153876    0.03404445244128838
      3.015928947446201     -1.759291886010284    0.03309158563248246
      3.015928947446201     -1.633628179866693    0.03248777839138524
      3.015928947446201     -1.507964473723101    0.03186392581921695
      3.015928947446201     -1.382300767579509    0.03043931008108605
      3.015928947446201     -1.256637061435917    0.02766031459996645
      3.015928947446201     -1.130973355292325    0.02359355265395971
      3.015928947446201     -1.005309649148733    0.01874501547168394
      3.015928947446201     -0.879645943005142    0.01370018665166542
      3.015928947446201    -0.7539822368615505   0.008994070932467145
      3.015928947446201    -0.6283185307179586     0.0051184191351161
      3.015928947446201    -0.5026548245743667   0.002409966328662156
      3.015928947446201    -0.3769911184307753  0.0008777530361592932
      3.015928947446201    -0.2513274122871838  0.0002146517463651207
      3.015928947446201    -0.1256637061435919  1.582505134111183e-05
      3.015928947446201                      0 -1.541291955485123e-05
      3.015928947446201     0.1256637061435919   -2.3433732767875e-05
      3.015928947446201     0.2513274122871834 -6.430907535677061e-05
      3.015928947446201     0.3769911184307753 -0.0001652780600316026
      3.015928947446201     0.5026548245743672 -0.0003351988264172093
      3.015928947446201     0.6283185307179582 -0.0005486236849845548
      3.015928947446201     0.7539822368615501 -0.0007479404054399402
      3.015928947446201     0.8796459430051424  -0.000876150036680322
      3.015928947446201      1.005309649148734 -0.0009034953394301218
      3.015928947446201      1.130973355292326 -0.0008251005356016963
      3.015928947446201      1.256637061435917 -0.0006579234980540461
      3.015928947446201      1.382300767579509 -0.0004491480946131642
      3.015928947446201      1.507964473723101 -0.0002614683664316646
      3.015928947446201      1.633628179866692 -0.0001325945016070914
      3.015928947446201      1.759291886010284  -5.95344430095989e-05
      3.015928947446201      1.884955592153876 -2.266449319914514e-05
      3.015928947446201      2.010619298297467 -7.051567770755771e-06
      3.015928947446201       2.13628300444106 -1.115632712738548e-06
      3.015928947446201      2.261946710584651  6.717962756774675e-06
      3.015928947446201      2.387610416728243  3.244352484750423e-05
      3.015928947446201      2.513274122871834  0.0001281099925319786
      3.015928947446201      2.638937829015426  0.0004577061287035944
      3.015928947446201      2.764601535159018   0.001406904749582175
      3.015928947446201      2.890265241302609   0.003623963064232636
      3.015928947446201      3.015928947446201   0.007778347720609289
