#! FIELDS psi3 phi4 hhpsi3phi4
#! SET min_psi3 -pi
#! SET max_psi3 pi
#! SET min_phi4 -pi
#! SET max_phi4 pi
     -3.141592653589793     -3.141592653589793    0.02407129527816844
     -3.141592653589793     -3.015928947446201    0.03748801217442603
     -3.141592653589793      -2.89026524130261    0.05365904706239208
     -3.141592653589793     -2.764601535159018    0.06508158067655365
     -3.141592653589793     -2.638937829015426    0.06541172812258857
     -3.141592653589793     -2.513274122871834    0.05736926542388451
     -3.141592653589793     -2.387610416728243    0.04757886093843933
     -3.141592653589793     -2.261946710584651    0.03790977075012437
     -3.141592653589793     -2.136283004441059    0.02887776313386872
     -3.141592653589793     -2.010619298297468    0.02336915091798201
     -3.141592653589793     -1.884955592153876    0.02096900316191801
     -3.141592653589793     -1.759291886010284    0.01879953694200397
     -3.141592653589793     -1.633628179866693    0.01939872078082984
     -3.141592653589793     -1.507964473723101    0.02592017382316688
     -3.141592653589793     -1.382300767579509    0.03276534748780811
     -3.141592653589793     -1.256637061435917    0.03250911449443295
     -3.141592653589793     -1.130973355292325    0.02633690889422064
     -3.141592653589793     -1.005309649148733    0.01962383823423578
     -3.141592653589793     -0.879645943005142    0.01440688824672441
     -3.141592653589793    -0.7539822368615505     0.0108265765217535
     -3.141592653589793    -0.6283185307179586    0.00945982284547426
     -3.141592653589793    -0.5026548245743667   0.009662443004090786
     -3.141592653589793    -0.3769911184307753   0.009571770411589206
     -3.141592653589793    -0.2513274122871838   0.008625174904427654
     -3.141592653589793    -0.1256637061435919   0.008025988925432744
     -3.141592653589793                      0   0.008669986855691503
     -3.141592653589793     0.1256637061435919    0.01001172640630998
     -3.141592653589793     0.2513274122871834    0.01119715460999022
     -3.141592653589793     0.3769911184307753    0.01219298681165108
     -3.141592653589793     0.5026548245743672    0.01331551789645127
     -3.141592653589793     0.6283185307179582    0.01452673188389374
     -3.141592653589793     0.7539822368615501    0.01570285521168238
     -3.141592653589793     0.8796459430051424    0.01695228096766006
     -3.141592653589793      1.005309649148734    0.01820505180101634
     -3.141592653589793      1.130973355292326    0.01892912943459726
     -3.141592653589793      1.256637061435917    0.01870932754354408
     -3.141592653589793      1.382300767579509    0.01764099500433965
     -3.141592653589793      1.507964473723101    0.01563499207167721
     -3.141592653589793      1.633628179866692    0.01227547121036112
     -3.141592653589793      1.759291886010284   0.008194843790393798
     -3.141592653589793      1.884955592153876   0.005159640164328388
     -3.141592653589793      2.010619298297467   0.003792933433436901
     -3.141592653589793       2.13628300444106   0.002877214453295861
     -3.141592653589793      2.261946710584651   0.001654570129625558
     -3.141592653589793      2.387610416728243   0.001040117994304377
     -3.141592653589793      2.513274122871834   0.001972516339906926
     -3.141592653589793      2.638937829015426   0.004082324386887578
     -3.141592653589793      2.764601535159018   0.006682365052644511
     -3.141592653589793      2.890265241302609    0.01008362666241412
     -3.141592653589793      3.015928947446201     0.0153886385634473
     -3.015928947446201     -3.141592653589793    0.02376637780787537
     -3.015928947446201     -3.015928947446201    0.03817449365221616
     -3.015928947446201      -2.89026524130261    0.05602182207167306
     -3.015928947446201     -2.764601535159018    0.06849323439577694
     -3.015928947446201     -2.638937829015426    0.06805336808438077
     -3.015928947446201     -2.513274122871834    0.05848363894909097
     -3.015928947446201     -2.387610416728243    0.04793055374135428
     -3.015928947446201     -2.261946710584651    0.03774145545585857
     -3.015928947446201     -2.136283004441059    0.02771128103253453
     -3.015928947446201     -2.010619298297468    0.02157306813333983
     -3.015928947446201     -1.884955592153876     0.0190774322626757
     -3.015928947446201     -1.759291886010284    0.01617883427784653
     -3.015928947446201     -1.633628179866693    0.01573130356619298
     -3.015928947446201     -1.507964473723101    0.02264745148985566
     -3.015928947446201     -1.382300767579509    0.03143117741299266
     -3.015928947446201     -1.256637061435917    0.03294428157937834
     -3.015928947446201     -1.130973355292325    0.02734059496600123
     -3.015928947446201     -1.005309649148733    0.02032339444587904
     -3.015928947446201     -0.879645943005142    0.01446650798909991
     -3.015928947446201    -0.7539822368615505     0.0101352174012848
     -3.015928947446201    -0.6283185307179586   0.008103857828468243
     -3.015928947446201    -0.5026548245743667   0.007933729342360706
     -3.015928947446201    -0.3769911184307753   0.007747929942708016
     -3.015928947446201    -0.2513274122871838   0.006828118514822923
     -3.015928947446201    -0.1256637061435919   0.006291104465784523
     -3.015928947446201                      0   0.006934413218846331
     -3.015928947446201     0.1256637061435919   0.008149378002140006
     -3.015928947446201     0.2513274122871834   0.009329130330119482
     -3.015928947446201     0.3769911184307753    0.01059945928574161
     -3.015928947446201     0.5026548245743672    0.01186767905076649
     -3.015928947446201     0.6283185307179582    0.01314073199747547
     -3.015928947446201     0.7539822368615501    0.01552289439764868
     -3.015928947446201     0.8796459430051424    0.01951203078644367
     -3.015928947446201      1.005309649148734    0.02298787799963427
     -3.015928947446201      1.130973355292326    0.02328441503699779
     -3.015928947446201      1.256637061435917    0.02053920560941674
     -3.015928947446201      1.382300767579509    0.01705729862146956
     -3.015928947446201      1.507964473723101    0.01399710052367451
     -3.015928947446201      1.633628179866692    0.01064574469123981
     -3.015928947446201      1.759291886010284   0.006921940620864389
     -3.015928947446201      1.884955592153876   0.004247852070841513
     -3.015928947446201      2.010619298297467   0.003176800003855171
     -3.015928947446201       2.13628300444106   0.002468122087093766
     -3.015928947446201      2.261946710584651    0.00138988373773711
     -3.015928947446201      2.387610416728243  0.0008742559536250064
     -3.015928947446201      2.513274122871834   0.001751177896219402
     -3.015928947446201      2.638937829015426   0.003568708205393107
     -3.015928947446201      2.764601535159018   0.005837154254007806
     -3.015928947446201      2.890265241302609   0.009173522462818216
     -3.015928947446201      3.015928947446201     0.0146826569578641
      -2.89026524130261     -3.141592653589793    0.02296781320601398
      -2.89026524130261     -3.015928947446201    0.03890591750804309
      -2.89026524130261      -2.89026524130261    0.05945725251239244
      -2.89026524130261     -2.764601535159018     0.0741357720208827
      -2.89026524130261     -2.638937829015426    0.07352894251287651
      -2.89026524130261     -2.513274122871834    0.06228147772830221
      -2.89026524130261     -2.387610416728243    0.05048875085183985
      -2.89026524130261     -2.261946710584651    0.03934947367108746
      -2.89026524130261     -2.136283004441059    0.02794147165528098
      -2.89026524130261     -2.010619298297468    0.02082299569498229
      -2.89026524130261     -1.884955592153876    0.01813952377995169
      -2.89026524130261     -1.759291886010284    0.01501395387982925
      -2.89026524130261     -1.633628179866693    0.01467872568496086
      -2.89026524130261     -1.507964473723101    0.02328388893115434
      -2.89026524130261     -1.382300767579509    0.03449953474905058
      -2.89026524130261     -1.256637061435917     0.0368700442746859
      -2.89026524130261     -1.130973355292325      0.029897606549461
      -2.89026524130261     -1.005309649148733    0.02073530156028537
      -2.89026524130261     -0.879645943005142     0.0133571315249638
      -2.89026524130261    -0.7539822368615505   0.008273221767464443
      -2.89026524130261    -0.6283185307179586   0.005801527709285582
      -2.89026524130261    -0.5026548245743667   0.005324099956125795
      -2.89026524130261    -0.3769911184307753   0.005070422106501698
      -2.89026524130261    -0.2513274122871838    0.00431871839980299
      -2.89026524130261    -0.1256637061435919   0.003967368045341775
      -2.89026524130261                      0   0.004589976192331757
      -2.89026524130261     0.1256637061435919   0.005624617607806791
      -2.89026524130261     0.2513274122871834   0.006762971716151724
      -2.89026524130261     0.3769911184307753   0.008165052223578616
      -2.89026524130261     0.5026548245743672   0.009362751425464919
      -2.89026524130261     0.6283185307179582    0.01053752970706101
      -2.89026524130261     0.7539822368615501    0.01383546495017477
      -2.89026524130261     0.8796459430051424    0.01990612939517694
      -2.89026524130261      1.005309649148734    0.02489628333206266
      -2.89026524130261      1.130973355292326    0.02460937595472632
      -2.89026524130261      1.256637061435917      0.019786104776107
      -2.89026524130261      1.382300767579509    0.01440003427685345
      -2.89026524130261      1.507964473723101    0.01058138839720377
      -2.89026524130261      1.633628179866692   0.007630644535682563
      -2.89026524130261      1.759291886010284   0.004888336948963708
      -2.89026524130261      1.884955592153876   0.003018546927181205
      -2.89026524130261      2.010619298297467   0.002282852825143225
      -2.89026524130261       2.13628300444106   0.001745114880100164
      -2.89026524130261      2.261946710584651  0.0009137025870960473
      -2.89026524130261      2.387610416728243  0.0005346227693482692
      -2.89026524130261      2.513274122871834   0.001183733940082365
      -2.89026524130261      2.638937829015426   0.002458300285836883
      -2.89026524130261      2.764601535159018   0.004229636169788255
      -2.89026524130261      2.890265241302609   0.007473186962150215
      -2.89026524130261      3.015928947446201    0.01327116063885383
     -2.764601535159018     -3.141592653589793     0.0227247204364971
     -2.764601535159018     -3.015928947446201    0.04036897254938382
     -2.764601535159018      -2.89026524130261    0.06373652428067886
     -2.764601535159018     -2.764601535159018    0.08043423512754641
     -2.764601535159018     -2.638937829015426    0.07915107282957479
     -2.764601535159018     -2.513274122871834    0.06578874485157551
     -2.764601535159018     -2.387610416728243    0.05263325081755066
     -2.764601535159018     -2.261946710584651    0.04045073243760872
     -2.764601535159018     -2.136283004441059     0.0274426136012855
     -2.764601535159018     -2.010619298297468    0.01926313126307636
     -2.764601535159018     -1.884955592153876    0.01637863580408142
     -2.764601535159018     -1.759291886010284    0.01254397183531478
     -2.764601535159018     -1.633628179866693    0.01136120007625773
     -2.764601535159018     -1.507964473723101    0.02093052909631483
     -2.764601535159018     -1.382300767579509    0.03461937211581347
     -2.764601535159018     -1.256637061435917    0.03857653030706096
     -2.764601535159018     -1.130973355292325    0.03127681352745343
     -2.764601535159018     -1.005309649148733    0.02089785913152412
     -2.764601535159018     -0.879645943005142    0.01248809378268277
     -2.764601535159018    -0.7539822368615505   0.006702595267795357
     -2.764601535159018    -0.6283185307179586   0.003697682334023063
     -2.764601535159018    -0.5026548245743667   0.002898736062566411
     -2.764601535159018    -0.3769911184307753   0.002588280518912728
     -2.764601535159018    -0.2513274122871838   0.001942104312461894
     -2.764601535159018    -0.1256637061435919   0.001720553079590043
     -2.764601535159018                      0   0.002357691290828906
     -2.764601535159018     0.1256637061435919   0.003267608458941126
     -2.764601535159018     0.2513274122871834   0.004418048960498091
     -2.764601535159018     0.3769911184307753   0.006062176823705535
     -2.764601535159018     0.5026548245743672   0.007239149517499537
     -2.764601535159018     0.6283185307179582   0.008196433103863832
     -2.764601535159018     0.7539822368615501    0.01240365708230665
     -2.764601535159018     0.8796459430051424    0.02094493950251508
     -2.764601535159018      1.005309649148734    0.02793424021820317
     -2.764601535159018      1.130973355292326    0.02714468167636561
     -2.764601535159018      1.256637061435917    0.01994859765511062
     -2.764601535159018      1.382300767579509    0.01240871037061425
     -2.764601535159018      1.507964473723101   0.007772440488238486
     -2.764601535159018      1.633628179866692   0.005121276254871143
     -2.764601535159018      1.759291886010284   0.003116438478257415
     -2.764601535159018      1.884955592153876   0.001875675031165577
     -2.764601535159018      2.010619298297467   0.001482826839706976
     -2.764601535159018       2.13628300444106     0.0011446505112346
     -2.764601535159018      2.261946710584651  0.0005114177384282904
     -2.764601535159018      2.387610416728243  0.0002518488344865271
     -2.764601535159018      2.513274122871834  0.0007512273352375437
     -2.764601535159018      2.638937829015426   0.001573894972870288
     -2.764601535159018      2.764601535159018   0.002896499719804677
     -2.764601535159018      2.890265241302609   0.006097043743359838
     -2.764601535159018      3.015928947446201    0.01227737914276108
     -2.638937829015426     -3.141592653589793    0.02133890483667028
     -2.638937829015426     -3.015928947446201    0.03859436809583495
     -2.638937829015426      -2.89026524130261    0.06198970845124387
     -2.638937829015426     -2.764601535159018    0.07845556653882435
     -2.638937829015426     -2.638937829015426    0.07601946547777239
     -2.638937829015426     -2.513274122871834    0.06169076652765464
     -2.638937829015426     -2.387610416728243    0.04888275544576171
     -2.638937829015426     -2.261946710584651    0.03733488028817303
     -2.638937829015426     -2.136283004441059    0.02420398860916423
     -2.638937829015426     -2.010619298297468    0.01593483853920069
     -2.638937829015426     -1.884955592153876    0.01320779770809304
     -2.638937829015426     -1.759291886010284   0.008474158072005161
     -2.638937829015426     -1.633628179866693   0.005397361667993678
     -2.638937829015426     -1.507964473723101    0.01409169818415581
     -2.638937829015426     -1.382300767579509     0.0291231352420941
     -2.638937829015426     -1.256637061435917    0.03596872332019985
     -2.638937829015426     -1.130973355292325    0.03168707642941127
     -2.638937829015426     -1.005309649148733    0.02304847247435423
     -2.638937829015426     -0.879645943005142    0.01442000270432431
     -2.638937829015426    -0.7539822368615505   0.007231689352046093
     -2.638937829015426    -0.6283185307179586   0.003014744505867238
     -2.638937829015426    -0.5026548245743667   0.001658170895153129
     -2.638937829015426    -0.3769911184307753   0.001078429049209674
     -2.638937829015426    -0.2513274122871838  0.0002559312720155201
     -2.638937829015426    -0.1256637061435919 -3.933404983638656e-06
     -2.638937829015426                      0  0.0005348750752703602
     -2.638937829015426     0.1256637061435919   0.001125626540819373
     -2.638937829015426     0.2513274122871834   0.002117523305730487
     -2.638937829015426     0.3769911184307753    0.00398695830250782
     -2.638937829015426     0.5026548245743672   0.005055799478030972
     -2.638937829015426     0.6283185307179582   0.005224119213699382
     -2.638937829015426     0.7539822368615501   0.009299179678758568
     -2.638937829015426     0.8796459430051424    0.01945483197112444
     -2.638937829015426      1.005309649148734    0.02843335113203539
     -2.638937829015426      1.130973355292326    0.02792186294522241
     -2.638937829015426      1.256637061435917    0.01936427012691398
     -2.638937829015426      1.382300767579509    0.01055321733605443
     -2.638937829015426      1.507964473723101   0.005701330972582647
     -2.638937829015426      1.633628179866692   0.003431073336480169
     -2.638937829015426      1.759291886010284   0.001771126948815572
     -2.638937829015426      1.884955592153876  0.0008349818558756516
     -2.638937829015426      2.010619298297467  0.0008391812839615398
     -2.638937829015426       2.13628300444106   0.000836696869040876
     -2.638937829015426      2.261946710584651  0.0003726361263230172
     -2.638937829015426      2.387610416728243  0.0002265425640115103
     -2.638937829015426      2.513274122871834  0.0007766821706112631
     -2.638937829015426      2.638937829015426   0.001420528181562876
     -2.638937829015426      2.764601535159018   0.002393988247594043
     -2.638937829015426      2.890265241302609   0.005343497729704528
     -2.638937829015426      3.015928947446201    0.01132017094383097
     -2.513274122871834     -3.141592653589793    0.01790164490728622
     -2.513274122871834     -3.015928947446201    0.03252843932798295
     -2.513274122871834      -2.89026524130261    0.05296196694358174
     -2.513274122871834     -2.764601535159018    0.06758317545452731
     -2.513274122871834     -2.638937829015426    0.06537774233697655
     -2.513274122871834     -2.513274122871834    0.05275456217816002
     -2.513274122871834     -2.387610416728243    0.04201448965493091
     -2.513274122871834     -2.261946710584651    0.03255692382256683
     -2.513274122871834     -2.136283004441059    0.02130309308914482
     -2.513274122871834     -2.010619298297468    0.01410896590018408
     -2.513274122871834     -1.884955592153876    0.01183612178009783
     -2.513274122871834     -1.759291886010284    0.00768695968031961
     -2.513274122871834     -1.633628179866693   0.005012690699369311
     -2.513274122871834     -1.507964473723101     0.0131596814023126
     -2.513274122871834     -1.382300767579509    0.02744821496449193
     -2.513274122871834     -1.256637061435917    0.03490016486272358
     -2.513274122871834     -1.130973355292325    0.03247264729393038
     -2.513274122871834     -1.005309649148733    0.02516343551268453
     -2.513274122871834     -0.879645943005142    0.01628433962743249
     -2.513274122871834    -0.7539822368615505    0.00805229023229948
     -2.513274122871834    -0.6283185307179586   0.003104721266688248
     -2.513274122871834    -0.5026548245743667   0.001389680990882795
     -2.513274122871834    -0.3769911184307753  0.0005242046252442836
     -2.513274122871834    -0.2513274122871838 -0.0004251410537615896
     -2.513274122871834    -0.1256637061435919 -0.0006946118215899236
     -2.513274122871834                      0 -0.0003779843999099177
     -2.513274122871834     0.1256637061435919 -0.0002242492555221056
     -2.513274122871834     0.2513274122871834  0.0004189507842364717
     -2.513274122871834     0.3769911184307753   0.002082400418346251
     -2.513274122871834     0.5026548245743672   0.002853157525400149
     -2.513274122871834     0.6283185307179582    0.00237516351109944
     -2.513274122871834     0.7539822368615501   0.005376359603647124
     -2.513274122871834     0.8796459430051424    0.01441211169583345
     -2.513274122871834      1.005309649148734    0.02296337141038166
     -2.513274122871834      1.130973355292326    0.02302612848968783
     -2.513274122871834      1.256637061435917    0.01555172913625909
     -2.513274122871834      1.382300767579509   0.007709072498290491
     -2.513274122871834      1.507964473723101   0.003572814413024068
     -2.513274122871834      1.633628179866692   0.001902693433046793
     -2.513274122871834      1.759291886010284  0.0007483808310717118
     -2.513274122871834      1.884955592153876  0.0001590120806218711
     -2.513274122871834      2.010619298297467  0.0003896749486828861
     -2.513274122871834       2.13628300444106  0.0005924822644578742
     -2.513274122871834      2.261946710584651  0.0003149027067621322
     -2.513274122871834      2.387610416728243  0.0002629528128915466
     -2.513274122871834      2.513274122871834  0.0007917470747841529
     -2.513274122871834      2.638937829015426   0.001316290756079568
     -2.513274122871834      2.764601535159018    0.00203980874392653
     -2.513274122871834      2.890265241302609   0.004505164265448371
     -2.513274122871834      3.015928947446201   0.009564442391510461
     -2.387610416728243     -3.141592653589793    0.01376538128535517
     -2.387610416728243     -3.015928947446201    0.02543117185267517
     -2.387610416728243      -2.89026524130261    0.04207461203711893
     -2.387610416728243     -2.764601535159018     0.0548573317785739
     -2.387610416728243     -2.638937829015426    0.05475912045316787
     -2.387610416728243     -2.513274122871834    0.04575968827767891
     -2.387610416728243     -2.387610416728243    0.03721046520352119
     -2.387610416728243     -2.261946710584651    0.02960243851206264
     -2.387610416728243     -2.136283004441059    0.02098071105616713
     -2.387610416728243     -2.010619298297468    0.01527755176226585
     -2.387610416728243     -1.884955592153876    0.01340410048618342
     -2.387610416728243     -1.759291886010284    0.01154258775055267
     -2.387610416728243     -1.633628179866693    0.01255463954410566
     -2.387610416728243     -1.507964473723101    0.02177423153985399
     -2.387610416728243     -1.382300767579509    0.03349082332533289
     -2.387610416728243     -1.256637061435917    0.03727606857772148
     -2.387610416728243     -1.130973355292325    0.03193849453362477
     -2.387610416728243     -1.005309649148733    0.02289529439216668
     -2.387610416728243     -0.879645943005142    0.01378782542035997
     -2.387610416728243    -0.7539822368615505   0.006549662915324436
     -2.387610416728243    -0.6283185307179586   0.002617318165513828
     -2.387610416728243    -0.5026548245743667   0.001221403421835274
     -2.387610416728243    -0.3769911184307753  0.0004292179890944788
     -2.387610416728243    -0.2513274122871838 -0.0002293940455801759
     -2.387610416728243    -0.1256637061435919 -0.0003173915855478897
     -2.387610416728243                      0  -0.000167830912248005
     -2.387610416728243     0.1256637061435919 -0.0002007775607497876
     -2.387610416728243     0.2513274122871834  0.0001708930275624589
     -2.387610416728243     0.3769911184307753   0.001205286935115417
     -2.387610416728243     0.5026548245743672   0.001733405744298904
     -2.387610416728243     0.6283185307179582   0.001780452337771931
     -2.387610416728243     0.7539822368615501   0.004239122839485818
     -2.387610416728243     0.8796459430051424    0.01031261553054064
     -2.387610416728243      1.005309649148734    0.01575903730787863
     -2.387610416728243      1.130973355292326    0.01567966325277485
     -2.387610416728243      1.256637061435917    0.01065091033372039
     -2.387610416728243      1.382300767579509   0.005086152553285848
     -2.387610416728243      1.507964473723101   0.001832903511208706
     -2.387610416728243      1.633628179866692  0.0006180947107513061
     -2.387610416728243      1.759291886010284  0.0002176490754027405
     -2.387610416728243      1.884955592153876  0.0001180358641890369
     -2.387610416728243      2.010619298297467  0.0002186058862946224
     -2.387610416728243       2.13628300444106  0.0002629883222858416
     -2.387610416728243      2.261946710584651  0.0001353914685870798
     -2.387610416728243      2.387610416728243  0.0001196917612750076
     -2.387610416728243      2.513274122871834  0.0003678451077046094
     -2.387610416728243      2.638937829015426  0.0006418823658385607
     -2.387610416728243      2.764601535159018   0.001221813546775605
     -2.387610416728243      2.890265241302609   0.003206011594014689
     -2.387610416728243      3.015928947446201    0.00718763501472972
     -2.261946710584651     -3.141592653589793    0.01016832420152442
     -2.261946710584651     -3.015928947446201    0.01919355136045549
     -2.261946710584651      -2.89026524130261    0.03212219933994157
     -2.261946710584651     -2.764601535159018    0.04286372570493479
     -2.261946710584651     -2.638937829015426    0.04465239230050216
     -2.261946710584651     -2.513274122871834    0.03910062772134218
     -2.261946710584651     -2.387610416728243    0.03244774526417949
     -2.261946710584651     -2.261946710584651     0.0263209598475773
     -2.261946710584651     -2.136283004441059    0.02010693378329151
     -2.261946710584651     -2.010619298297468    0.01583852312711136
     -2.261946710584651     -1.884955592153876    0.01430306301649041
     -2.261946710584651     -1.759291886010284    0.01449741374515364
     -2.261946710584651     -1.633628179866693    0.01873443817653645
     -2.261946710584651     -1.507964473723101    0.02845439889686458
     -2.261946710584651     -1.382300767579509    0.03711583781643413
     -2.261946710584651     -1.256637061435917    0.03687448741734719
     -2.261946710584651     -1.130973355292325    0.02841498419868921
     -2.261946710584651     -1.005309649148733    0.01789141664588825
     -2.261946710584651     -0.879645943005142   0.009439611266218383
     -2.261946710584651    -0.7539822368615505   0.004207556603072883
     -2.261946710584651    -0.6283185307179586   0.001871840603166031
     -2.261946710584651    -0.5026548245743667   0.001036569799262667
     -2.261946710584651    -0.3769911184307753  0.0005052285262513076
     -2.261946710584651    -0.2513274122871838  0.0002386614032553734
     -2.261946710584651    -0.1256637061435919  0.0003362332837498847
     -2.261946710584651                      0  0.0004134534985548277
     -2.261946710584651     0.1256637061435919  0.0003981153458427593
     -2.261946710584651     0.2513274122871834  0.0006362542792491538
     -2.261946710584651     0.3769911184307753   0.001094870827699862
     -2.261946710584651     0.5026548245743672   0.001523816385657891
     -2.261946710584651     0.6283185307179582   0.002445958675767462
     -2.261946710584651     0.7539822368615501   0.004841866177469699
     -2.261946710584651     0.8796459430051424   0.008327654105692634
     -2.261946710584651      1.005309649148734     0.0107094974053371
     -2.261946710584651      1.130973355292326    0.01019268859611305
     -2.261946710584651      1.256637061435917   0.007212049521677292
     -2.261946710584651      1.382300767579509   0.003623149148693928
     -2.261946710584651      1.507964473723101   0.001030195066728577
     -2.261946710584651      1.633628179866692  2.953344583551043e-05
     -2.261946710584651      1.759291886010284  0.0001329652770001766
     -2.261946710584651      1.884955592153876   0.000347116181252085
     -2.261946710584651      2.010619298297467  0.0002215862298788157
     -2.261946710584651       2.13628300444106  2.744448234960021e-05
     -2.261946710584651      2.261946710584651 -2.709829649903206e-05
     -2.261946710584651      2.387610416728243 -4.542553678034384e-05
     -2.261946710584651      2.513274122871834 -7.401811090672827e-05
     -2.261946710584651      2.638937829015426  -1.32311047415022e-05
     -2.261946710584651      2.764601535159018  0.0004859645321647487
     -2.261946710584651      2.890265241302609   0.002055551981484414
     -2.261946710584651      3.015928947446201   0.005077834821466634
     -2.136283004441059     -3.141592653589793   0.008460382178628132
     -2.136283004441059     -3.015928947446201    0.01603926652789922
     -2.136283004441059      -2.89026524130261    0.02692521533726567
     -2.136283004441059     -2.764601535159018     0.0363110109741438
     -2.136283004441059     -2.638937829015426     0.0385773147724703
     -2.136283004441059     -2.513274122871834     0.0344780230623089
     -2.136283004441059     -2.387610416728243    0.02886830565290898
     -2.136283004441059     -2.261946710584651    0.02362015093387731
     -2.136283004441059     -2.136283004441059     0.0185687069730328
     -2.136283004441059     -2.010619298297468    0.01502291287150165
     -2.136283004441059     -1.884955592153876    0.01369811130867929
     -2.136283004441059     -1.759291886010284    0.01452394352219227
     -2.136283004441059     -1.633628179866693    0.01942682230729874
     -2.136283004441059     -1.507964473723101    0.02850064885864694
     -2.136283004441059     -1.382300767579509    0.03545464744456112
     -2.136283004441059     -1.256637061435917    0.03391054326139303
     -2.136283004441059     -1.130973355292325    0.02513923289561089
     -2.136283004441059     -1.005309649148733    0.01501277344459779
     -2.136283004441059     -0.879645943005142    0.00743309255624819
     -2.136283004441059    -0.7539822368615505   0.003233042007452495
     -2.136283004441059    -0.6283185307179586   0.001613265401519083
     -2.136283004441059    -0.5026548245743667   0.001060649904403849
     -2.136283004441059    -0.3769911184307753  0.0006546550857373587
     -2.136283004441059    -0.2513274122871838   0.000511346285987787
     -2.136283004441059    -0.1256637061435919  0.0006490744540926241
     -2.136283004441059                      0  0.0006998419757846791
     -2.136283004441059     0.1256637061435919  0.0007012372623268863
     -2.136283004441059     0.2513274122871834  0.0008824520125728674
     -2.136283004441059     0.3769911184307753   0.001092689258784389
     -2.136283004441059     0.5026548245743672   0.001359262517278259
     -2.136283004441059     0.6283185307179582   0.002253790855915036
     -2.136283004441059     0.7539822368615501   0.004000386607169711
     -2.136283004441059     0.8796459430051424   0.005844810498707004
     -2.136283004441059      1.005309649148734   0.006742679250222148
     -2.136283004441059      1.130973355292326   0.006274154392069566
     -2.136283004441059      1.256637061435917   0.004682794561544782
     -2.136283004441059      1.382300767579509   0.002525500593658513
     -2.136283004441059      1.507964473723101  0.0006567975845542862
     -2.136283004441059      1.633628179866692 -8.752117083649699e-05
     -2.136283004441059      1.759291886010284  0.0001853828788746018
     -2.136283004441059      1.884955592153876  0.0004717143516119013
     -2.136283004441059      2.010619298297467  0.0002647558181448911
     -2.136283004441059       2.13628300444106 -6.600273721102477e-06
     -2.136283004441059      2.261946710584651 -4.789738335872983e-05
     -2.136283004441059      2.387610416728243 -7.717504712952182e-05
     -2.136283004441059      2.513274122871834 -0.0001836614638188911
     -2.136283004441059      2.638937829015426 -0.0001659858375851007
     -2.136283004441059      2.764601535159018  0.0002993770969445626
     -2.136283004441059      2.890265241302609   0.001646219490199733
     -2.136283004441059      3.015928947446201   0.004175177897371899
     -2.010619298297468     -3.141592653589793   0.009749282990055489
     -2.010619298297468     -3.015928947446201    0.01865039141390207
     -2.010619298297468      -2.89026524130261    0.03141705850273611
     -2.010619298297468     -2.764601535159018    0.04244485864662755
     -2.010619298297468     -2.638937829015426    0.04513722106638285
     -2.010619298297468     -2.513274122871834    0.04031455827201276
     -2.010619298297468     -2.387610416728243    0.03364987440298322
     -2.010619298297468     -2.261946710584651    0.02739530710765197
     -2.010619298297468     -2.136283004441059    0.02139005584625497
     -2.010619298297468     -2.010619298297468    0.01716690677509146
     -2.010619298297468     -1.884955592153876    0.01561194018012257
     -2.010619298297468     -1.759291886010284    0.01662443642384668
     -2.010619298297468     -1.633628179866693    0.02224624329421451
     -2.010619298297468     -1.507964473723101    0.03242493479565853
     -2.010619298297468     -1.382300767579509    0.03994698730700955
     -2.010619298297468     -1.256637061435917    0.03762222301735358
     -2.010619298297468     -1.130973355292325    0.02710720404090022
     -2.010619298297468     -1.005309649148733    0.01539313170740042
     -2.010619298297468     -0.879645943005142   0.007065812274862416
     -2.010619298297468    -0.7539822368615505   0.002849926072576634
     -2.010619298297468    -0.6283185307179586   0.001473516522529112
     -2.010619298297468    -0.5026548245743667   0.001083468073569638
     -2.010619298297468    -0.3769911184307753  0.0007306229980598251
     -2.010619298297468    -0.2513274122871838  0.0006316512657675226
     -2.010619298297468    -0.1256637061435919  0.0008169254890596934
     -2.010619298297468                      0  0.0009078885213865541
     -2.010619298297468     0.1256637061435919  0.0009889986565498805
     -2.010619298297468     0.2513274122871834   0.001236313691063213
     -2.010619298297468     0.3769911184307753   0.001358184951934629
     -2.010619298297468     0.5026548245743672   0.001386550331109498
     -2.010619298297468     0.6283185307179582   0.001897613897977766
     -2.010619298297468     0.7539822368615501   0.002874018114723158
     -2.010619298297468     0.8796459430051424   0.003529996646492501
     -2.010619298297468      1.005309649148734   0.003492596372872719
     -2.010619298297468      1.130973355292326   0.003115751864186134
     -2.010619298297468      1.256637061435917   0.002537514389058976
     -2.010619298297468      1.382300767579509   0.001452540592509136
     -2.010619298297468      1.507964473723101  0.0001550253328607022
     -2.010619298297468      1.633628179866692 -0.0003206670603177622
     -2.010619298297468      1.759291886010284  0.0002129616364599269
     -2.010619298297468      1.884955592153876  0.0006421745160876504
     -2.010619298297468      2.010619298297467  0.0003561605759165356
     -2.010619298297468       2.13628300444106 -2.424982963861503e-05
     -2.010619298297468      2.261946710584651 -8.313592541211122e-05
     -2.010619298297468      2.387610416728243 -0.0001381594485981894
     -2.010619298297468      2.513274122871834 -0.0003164938860268146
     -2.010619298297468      2.638937829015426 -0.0003369645938929792
     -2.010619298297468      2.764601535159018  0.0001842641803512807
     -2.010619298297468      2.890265241302609   0.001740487266369397
     -2.010619298297468      3.015928947446201   0.004702995293816774
     -1.884955592153876     -3.141592653589793    0.01167295845949822
     -1.884955592153876     -3.015928947446201    0.02267430695989475
     -1.884955592153876      -2.89026524130261     0.0384869611706523
     -1.884955592153876     -2.764601535159018    0.05235527819818158
     -1.884955592153876     -2.638937829015426    0.05615090086584587
     -1.884955592153876     -2.513274122871834    0.05051847740967003
     -1.884955592153876     -2.387610416728243    0.04224255331209904
     -1.884955592153876     -2.261946710584651    0.03442658573559127
     -1.884955592153876     -2.136283004441059    0.02708865619186929
     -1.884955592153876     -2.010619298297468    0.02188057580371987
     -1.884955592153876     -1.884955592153876    0.01994082652369354
     -1.884955592153876     -1.759291886010284    0.02161914610959801
     -1.884955592153876     -1.633628179866693    0.02941385482600532
     -1.884955592153876     -1.507964473723101    0.04257066220860564
     -1.884955592153876     -1.382300767579509     0.0516664349171953
     -1.884955592153876     -1.256637061435917    0.04786905139154937
     -1.884955592153876     -1.130973355292325    0.03363888554554402
     -1.884955592153876     -1.005309649148733    0.01822072573883404
     -1.884955592153876     -0.879645943005142   0.007709887299998098
     -1.884955592153876    -0.7539822368615505   0.002821035680448704
     -1.884955592153876    -0.6283185307179586   0.001453196452760239
     -1.884955592153876    -0.5026548245743667   0.001091227175880636
     -1.884955592153876    -0.3769911184307753   0.000715624907971414
     -1.884955592153876    -0.2513274122871838   0.000698847588569809
     -1.884955592153876    -0.1256637061435919  0.0009929953566647168
     -1.884955592153876                      0   0.001103120974769123
     -1.884955592153876     0.1256637061435919   0.001218021571334861
     -1.884955592153876     0.2513274122871834   0.001516942989604214
     -1.884955592153876     0.3769911184307753   0.001554511567421211
     -1.884955592153876     0.5026548245743672   0.001533405337199722
     -1.884955592153876     0.6283185307179582   0.002299321175348223
     -1.884955592153876     0.7539822368615501   0.003494702066822024
     -1.884955592153876     0.8796459430051424   0.003809681128071345
     -1.884955592153876      1.005309649148734   0.003130371266423021
     -1.884955592153876      1.130973355292326   0.002515080701405288
     -1.884955592153876      1.256637061435917   0.002159136144791309
     -1.884955592153876      1.382300767579509   0.001184650056855429
     -1.884955592153876      1.507964473723101 -0.0002961982525241666
     -1.884955592153876      1.633628179866692 -0.0007843156286688091
     -1.884955592153876      1.759291886010284  0.0001008250970422294
     -1.884955592153876      1.884955592153876  0.0007862309341321266
     -1.884955592153876      2.010619298297467  0.0003932170239723297
     -1.884955592153876       2.13628300444106 -0.0001392343821297244
     -1.884955592153876      2.261946710584651 -0.0001840334512371158
     -1.884955592153876      2.387610416728243 -0.0002480140960130405
     -1.884955592153876      2.513274122871834 -0.0005590471750027659
     -1.884955592153876      2.638937829015426 -0.0006799068979816225
     -1.884955592153876      2.764601535159018 -7.396308183595535e-05
     -1.884955592153876      2.890265241302609   0.001823855977924898
     -1.884955592153876      3.015928947446201   0.005449218402952794
     -1.759291886010284     -3.141592653589793    0.01077205891563436
     -1.759291886010284     -3.015928947446201     0.0210977296143771
     -1.759291886010284      -2.89026524130261    0.03629302362507007
     -1.759291886010284     -2.764601535159018    0.05014433961833502
     -1.759291886010284     -2.638937829015426    0.05470364768037729
     -1.759291886010284     -2.513274122871834    0.05001129493358407
     -1.759291886010284     -2.387610416728243    0.04235111727752759
     -1.759291886010284     -2.261946710584651    0.03512624809350347
     -1.759291886010284     -2.136283004441059    0.02851087819271172
     -1.759291886010284     -2.010619298297468    0.02366672259825355
     -1.759291886010284     -1.884955592153876    0.02181414944749882
     -1.759291886010284     -1.759291886010284     0.0242404642474563
     -1.759291886010284     -1.633628179866693    0.03367416602998572
     -1.759291886010284     -1.507964473723101    0.04836983024619224
     -1.759291886010284     -1.382300767579509    0.05804138707875047
     -1.759291886010284     -1.256637061435917    0.05392452974357959
     -1.759291886010284     -1.130973355292325    0.03884560460433749
     -1.759291886010284     -1.005309649148733    0.02215827533176088
     -1.759291886010284     -0.879645943005142     0.0101437467265034
     -1.759291886010284    -0.7539822368615505   0.004017553135590524
     -1.759291886010284    -0.6283185307179586   0.001964533644585631
     -1.759291886010284    -0.5026548245743667     0.0012445613109317
     -1.759291886010284    -0.3769911184307753  0.0006344732875543293
     -1.759291886010284    -0.2513274122871838  0.0005659362206663398
     -1.759291886010284    -0.1256637061435919  0.0008906696194332792
     -1.759291886010284                      0  0.0008711381116606669
     -1.759291886010284     0.1256637061435919  0.0007356893189857886
     -1.759291886010284     0.2513274122871834  0.0008548654589903767
     -1.759291886010284     0.3769911184307753  0.0008425769265933882
     -1.759291886010284     0.5026548245743672    0.00102187136680681
     -1.759291886010284     0.6283185307179582   0.002425356976332648
     -1.759291886010284     0.7539822368615501   0.004561986152933064
     -1.759291886010284     0.8796459430051424   0.005709223413562375
     -1.759291886010284      1.005309649148734   0.005454901779324325
     -1.759291886010284      1.130973355292326   0.004717147842777884
     -1.759291886010284      1.256637061435917   0.003658978168178784
     -1.759291886010284      1.382300767579509   0.001682666660635438
     -1.759291886010284      1.507964473723101 -0.0005664667110426205
     -1.759291886010284      1.633628179866692  -0.001292420926434663
     -1.759291886010284      1.759291886010284 -0.0002902191384938427
     -1.759291886010284      1.884955592153876  0.0005378811353009103
     -1.759291886010284      2.010619298297467  0.0002023600795786726
     -1.759291886010284       2.13628300444106 -0.0002717976368296132
     -1.759291886010284      2.261946710584651 -0.0002213648715326134
     -1.759291886010284      2.387610416728243 -0.0002307334922352703
     -1.759291886010284      2.513274122871834 -0.0005693266495658728
     -1.759291886010284      2.638937829015426 -0.0007394936566372193
     -1.759291886010284      2.764601535159018 -0.0001649669344962112
     -1.759291886010284      2.890265241302609   0.001645218521947533
     -1.759291886010284      3.015928947446201   0.005019528692891701
     -1.633628179866693     -3.141592653589793   0.008471539041428654
     -1.633628179866693     -3.015928947446201    0.01688694843466829
     -1.633628179866693      -2.89026524130261    0.02969997811565225
     -1.633628179866693     -2.764601535159018    0.04190419809473514
     -1.633628179866693     -2.638937829015426    0.04660142873672987
     -1.633628179866693     -2.513274122871834    0.04331524993925992
     -1.633628179866693     -2.387610416728243    0.03719121973576622
     -1.633628179866693     -2.261946710584651    0.03145142314502968
     -1.633628179866693     -2.136283004441059    0.02631948890955865
     -1.633628179866693     -2.010619298297468    0.02239657416586037
     -1.633628179866693     -1.884955592153876    0.02086024797591029
     -1.633628179866693     -1.759291886010284     0.0236799583165482
     -1.633628179866693     -1.633628179866693    0.03350692461178425
     -1.633628179866693     -1.507964473723101    0.04797659512767734
     -1.633628179866693     -1.382300767579509     0.0572277126370715
     -1.633628179866693     -1.256637061435917    0.05351167563250257
     -1.633628179866693     -1.130973355292325    0.03956931083139498
     -1.633628179866693     -1.005309649148733    0.02367513692105444
     -1.633628179866693     -0.879645943005142    0.01152750114180078
     -1.633628179866693    -0.7539822368615505   0.004761825848224511
     -1.633628179866693    -0.6283185307179586   0.002160400987092034
     -1.633628179866693    -0.5026548245743667      0.001115519878212
     -1.633628179866693    -0.3769911184307753  0.0003198977630160752
     -1.633628179866693    -0.2513274122871838  0.0001972236699446699
     -1.633628179866693    -0.1256637061435919  0.0005143613711634503
     -1.633628179866693                      0  0.0003590154715902684
     -1.633628179866693     0.1256637061435919  -3.91907416319847e-05
     -1.633628179866693     0.2513274122871834 -0.0001273245881112106
     -1.633628179866693     0.3769911184307753 -0.0001664494681115052
     -1.633628179866693     0.5026548245743672  0.0001924270443265396
     -1.633628179866693     0.6283185307179582   0.002028964807396172
     -1.633628179866693     0.7539822368615501   0.004897499335810311
     -1.633628179866693     0.8796459430051424   0.006941197364019712
     -1.633628179866693      1.005309649148734   0.007343003925153425
     -1.633628179866693      1.130973355292326   0.006571827617733652
     -1.633628179866693      1.256637061435917   0.004760797886900569
     -1.633628179866693      1.382300767579509   0.001845923324599755
     -1.633628179866693      1.507964473723101 -0.0009626169849026056
     -1.633628179866693      1.633628179866692  -0.001818318394553469
     -1.633628179866693      1.759291886010284 -0.0007813088716143815
     -1.633628179866693      1.884955592153876  0.0001254092014555419
     -1.633628179866693      2.010619298297467 -7.706794613999372e-05
     -1.633628179866693       2.13628300444106 -0.0004077874899871722
     -1.633628179866693      2.261946710584651 -0.0002508903629053187
     -1.633628179866693      2.387610416728243 -0.0001931663391658508
     -1.633628179866693      2.513274122871834 -0.0005186151035964178
     -1.633628179866693      2.638937829015426 -0.0007401379527700066
     -1.633628179866693      2.764601535159018 -0.0002992706860200779
     -1.633628179866693      2.890265241302609   0.001187806856611467
     -1.633628179866693      3.015928947446201   0.003898111909352007
     -1.507964473723101     -3.141592653589793    0.00845617272880478
     -1.507964473723101     -3.015928947446201    0.01710879845764605
     -1.507964473723101      -2.89026524130261    0.03022242769243875
     -1.507964473723101     -2.764601535159018    0.04258553681789531
     -1.507964473723101     -2.638937829015426    0.04716298609972849
     -1.507964473723101     -2.513274122871834    0.04362154464783494
     -1.507964473723101     -2.387610416728243    0.03729475395471372
     -1.507964473723101     -2.261946710584651    0.03136984950054063
     -1.507964473723101     -2.136283004441059    0.02602787791047616
     -1.507964473723101     -2.010619298297468    0.02198633802669808
     -1.507964473723101     -1.884955592153876    0.02041849069021022
     -1.507964473723101     -1.759291886010284    0.02312023023357275
     -1.507964473723101     -1.633628179866693    0.03277140058857152
     -1.507964473723101     -1.507964473723101    0.04723712038245313
     -1.507964473723101     -1.382300767579509    0.05665873235914383
     -1.507964473723101     -1.256637061435917    0.05301733472879917
     -1.507964473723101     -1.130973355292325    0.03894135448206722
     -1.507964473723101     -1.005309649148733    0.02292718335812683
     -1.507964473723101     -0.879645943005142    0.01087027038164451
     -1.507964473723101    -0.7539822368615505   0.004289665623102397
     -1.507964473723101    -0.6283185307179586   0.001777692169953448
     -1.507964473723101    -0.5026548245743667  0.0007502061044660138
     -1.507964473723101    -0.3769911184307753 -4.134269273984442e-06
     -1.507964473723101    -0.2513274122871838 -7.849070842098514e-05
     -1.507964473723101    -0.1256637061435919  0.0002618825726637243
     -1.507964473723101                      0  0.0001291316552086059
     -1.507964473723101     0.1256637061435919 -0.0002392897095525415
     -1.507964473723101     0.2513274122871834  -0.000296473436711314
     -1.507964473723101     0.3769911184307753 -0.0002955946919540064
     -1.507964473723101     0.5026548245743672  0.0001061134685625452
     -1.507964473723101     0.6283185307179582   0.002041923770177926
     -1.507964473723101     0.7539822368615501   0.005207731087465435
     -1.507964473723101     0.8796459430051424   0.007710883394262358
     -1.507964473723101      1.005309649148734   0.008390408855367227
     -1.507964473723101      1.130973355292326   0.007453134460247044
     -1.507964473723101      1.256637061435917   0.005187136238425311
     -1.507964473723101      1.382300767579509   0.001867047188983013
     -1.507964473723101      1.507964473723101   -0.00113668016876405
     -1.507964473723101      1.633628179866692  -0.002018987953307439
     -1.507964473723101      1.759291886010284 -0.0009342070533746418
     -1.507964473723101      1.884955592153876   2.36906232094962e-05
     -1.507964473723101      2.010619298297467 -0.0001549286593738098
     -1.507964473723101       2.13628300444106  -0.000478199042881032
     -1.507964473723101      2.261946710584651 -0.0003088522173099103
     -1.507964473723101      2.387610416728243 -0.0002421966125939905
     -1.507964473723101      2.513274122871834 -0.0005928286930951122
     -1.507964473723101      2.638937829015426 -0.0008754280935969702
     -1.507964473723101      2.764601535159018 -0.0004879953509720255
     -1.507964473723101      2.890265241302609  0.0009948588648644304
     -1.507964473723101      3.015928947446201   0.003757876408732852
     -1.382300767579509     -3.141592653589793    0.01038972787856255
     -1.382300767579509     -3.015928947446201     0.0198429703817636
     -1.382300767579509      -2.89026524130261    0.03411352584190699
     -1.382300767579509     -2.764601535159018    0.04707583467508879
     -1.382300767579509     -2.638937829015426    0.05093634737976041
     -1.382300767579509     -2.513274122871834    0.04625105879345312
     -1.382300767579509     -2.387610416728243    0.03945025886505113
     -1.382300767579509     -2.261946710584651    0.03321306906277574
     -1.382300767579509     -2.136283004441059    0.02716826723945663
     -1.382300767579509     -2.010619298297468    0.02271368897627107
     -1.382300767579509     -1.884955592153876    0.02104374986422917
     -1.382300767579509     -1.759291886010284     0.0229387620750194
     -1.382300767579509     -1.633628179866693    0.03138543347309955
     -1.382300767579509     -1.507964473723101    0.04575848185886251
     -1.382300767579509     -1.382300767579509    0.05655533702917935
     -1.382300767579509     -1.256637061435917    0.05494322114590369
     -1.382300767579509     -1.130973355292325    0.04278963176732754
     -1.382300767579509     -1.005309649148733    0.02772903524521561
     -1.382300767579509     -0.879645943005142    0.01499980143023332
     -1.382300767579509    -0.7539822368615505   0.006817157029393193
     -1.382300767579509    -0.6283185307179586    0.00314270178058084
     -1.382300767579509    -0.5026548245743667   0.001703728771741134
     -1.382300767579509    -0.3769911184307753  0.0006951712392953653
     -1.382300767579509    -0.2513274122871838  0.0003033306813554899
     -1.382300767579509    -0.1256637061435919  0.0004910417342940659
     -1.382300767579509                      0  0.0003412754570851456
     -1.382300767579509     0.1256637061435919 -0.0001138273579289698
     -1.382300767579509     0.2513274122871834 -0.0001723831012924999
     -1.382300767579509     0.3769911184307753  9.486931515724668e-05
     -1.382300767579509     0.5026548245743672  0.0006177691692851317
     -1.382300767579509     0.6283185307179582   0.002233626810900485
     -1.382300767579509     0.7539822368615501    0.00540289899223411
     -1.382300767579509     0.8796459430051424   0.009005799219913718
     -1.382300767579509      1.005309649148734    0.01115216687666272
     -1.382300767579509      1.130973355292326    0.01065893536422768
     -1.382300767579509      1.256637061435917   0.007656671170854533
     -1.382300767579509      1.382300767579509   0.003461660174990861
     -1.382300767579509      1.507964473723101  6.865308618785168e-05
     -1.382300767579509      1.633628179866692  -0.001095938914749884
     -1.382300767579509      1.759291886010284 -0.0005036918372777555
     -1.382300767579509      1.884955592153876  0.0001189172242653661
     -1.382300767579509      2.010619298297467    9.7165308959213e-06
     -1.382300767579509       2.13628300444106 -0.0001908474872459748
     -1.382300767579509      2.261946710584651 -8.861885124428898e-05
     -1.382300767579509      2.387610416728243 -3.426380139354287e-05
     -1.382300767579509      2.513274122871834 -0.0001671814618366752
     -1.382300767579509      2.638937829015426 -0.0001881798766236618
     -1.382300767579509      2.764601535159018  0.0003734485518925314
     -1.382300767579509      2.890265241302609   0.002085964064984005
     -1.382300767579509      3.015928947446201   0.005216647545370488
     -1.256637061435917     -3.141592653589793    0.01204449892662788
     -1.256637061435917     -3.015928947446201    0.02032400104382205
     -1.256637061435917      -2.89026524130261    0.03345843894166698
     -1.256637061435917     -2.764601535159018    0.04550481413557819
     -1.256637061435917     -2.638937829015426    0.04868894834725768
     -1.256637061435917     -2.513274122871834    0.04417971007900047
     -1.256637061435917     -2.387610416728243    0.03871537075224065
     -1.256637061435917     -2.261946710584651    0.03401124862258303
     -1.256637061435917     -2.136283004441059    0.02885708340770259
     -1.256637061435917     -2.010619298297468    0.02494104320492301
     -1.256637061435917     -1.884955592153876    0.02349000504652427
     -1.256637061435917     -1.759291886010284    0.02474892367370403
     -1.256637061435917     -1.633628179866693    0.03216632747022367
     -1.256637061435917     -1.507964473723101    0.04644550689408373
     -1.256637061435917     -1.382300767579509    0.05899322696554016
     -1.256637061435917     -1.256637061435917    0.06135591761192297
     -1.256637061435917     -1.130973355292325    0.05434266627497103
     -1.256637061435917     -1.005309649148733    0.04209656644128747
     -1.256637061435917     -0.879645943005142    0.02731476471979657
     -1.256637061435917    -0.7539822368615505    0.01448922452563382
     -1.256637061435917    -0.6283185307179586   0.007583363089669329
     -1.256637061435917    -0.5026548245743667   0.004920053025428257
     -1.256637061435917    -0.3769911184307753   0.003046931260431375
     -1.256637061435917    -0.2513274122871838   0.001787430881789656
     -1.256637061435917    -0.1256637061435919   0.001583672490423055
     -1.256637061435917                      0    0.00116931437752685
     -1.256637061435917     0.1256637061435919  0.0001520689502373385
     -1.256637061435917     0.2513274122871834 -0.0002450349287710747
     -1.256637061435917     0.3769911184307753  0.0003552659372174903
     -1.256637061435917     0.5026548245743672   0.001146042640753557
     -1.256637061435917     0.6283185307179582   0.002252118845951776
     -1.256637061435917     0.7539822368615501   0.005091218879431209
     -1.256637061435917     0.8796459430051424    0.01000008364629476
     -1.256637061435917      1.005309649148734    0.01459166895947165
     -1.256637061435917      1.130973355292326    0.01556350428947828
     -1.256637061435917      1.256637061435917    0.01210085615421611
     -1.256637061435917      1.382300767579509    0.00676043948941718
     -1.256637061435917      1.507964473723101   0.002729818439819271
     -1.256637061435917      1.633628179866692  0.0009535288703274871
     -1.256637061435917      1.759291886010284  0.0004409074345080588
     -1.256637061435917      1.884955592153876   0.000298293607664214
     -1.256637061435917      2.010619298297467   0.000358328900229572
     -1.256637061435917       2.13628300444106  0.0005054897142417649
     -1.256637061435917      2.261946710584651  0.0005378214647716458
     -1.256637061435917      2.387610416728243  0.0006018336589816573
     -1.256637061435917      2.513274122871834   0.001001145272021777
     -1.256637061435917      2.638937829015426   0.001678694612803556
     -1.256637061435917      2.764601535159018   0.002668331705480998
     -1.256637061435917      2.890265241302609   0.004546211350690058
     -1.256637061435917      3.015928947446201   0.007557972809890061
     -1.130973355292325     -3.141592653589793     0.0132413722268631
     -1.130973355292325     -3.015928947446201     0.0199999327664858
     -1.130973355292325      -2.89026524130261     0.0315707924919849
     -1.130973355292325     -2.764601535159018    0.04318914539325504
     -1.130973355292325     -2.638937829015426       0.04754081260434
     -1.130973355292325     -2.513274122871834    0.04486311949549712
     -1.130973355292325     -2.387610416728243    0.04098520553714043
     -1.130973355292325     -2.261946710584651    0.03784555711747509
     -1.130973355292325     -2.136283004441059    0.03429931032768516
     -1.130973355292325     -2.010619298297468    0.03123222611826789
     -1.130973355292325     -1.884955592153876    0.02996795385232082
     -1.130973355292325     -1.759291886010284    0.03223104275377282
     -1.130973355292325     -1.633628179866693    0.04195874333639821
     -1.130973355292325     -1.507964473723101    0.05840585337260049
     -1.130973355292325     -1.382300767579509    0.07199629319663793
     -1.130973355292325     -1.256637061435917    0.07527915753109879
     -1.130973355292325     -1.130973355292325    0.06963177404857587
     -1.130973355292325     -1.005309649148733    0.05720753639048032
     -1.130973355292325     -0.879645943005142     0.0391030791886559
     -1.130973355292325    -0.7539822368615505    0.02186534153124954
     -1.130973355292325    -0.6283185307179586    0.01233705890283341
     -1.130973355292325    -0.5026548245743667    0.00868345710088181
     -1.130973355292325    -0.3769911184307753   0.005988451689983645
     -1.130973355292325    -0.2513274122871838   0.004033439813687405
     -1.130973355292325    -0.1256637061435919   0.003560704283998828
     -1.130973355292325                      0   0.002824424009159996
     -1.130973355292325     0.1256637061435919   0.001233402487933615
     -1.130973355292325     0.2513274122871834  0.0004217319988649834
     -1.130973355292325     0.3769911184307753  0.0009857661559377153
     -1.130973355292325     0.5026548245743672    0.00200688908405874
     -1.130973355292325     0.6283185307179582    0.00329319753306073
     -1.130973355292325     0.7539822368615501   0.005857419341722813
     -1.130973355292325     0.8796459430051424    0.01031747766375464
     -1.130973355292325      1.005309649148734     0.0152614648092695
     -1.130973355292325      1.130973355292326    0.01748205163072603
     -1.130973355292325      1.256637061435917    0.01501737100004539
     -1.130973355292325      1.382300767579509   0.009762957319240729
     -1.130973355292325      1.507964473723101   0.005306341468731925
     -1.130973355292325      1.633628179866692   0.002897426935326055
     -1.130973355292325      1.759291886010284   0.001584658199480661
     -1.130973355292325      1.884955592153876  0.0008661129274916892
     -1.130973355292325      2.010619298297467   0.000869560391762843
     -1.130973355292325       2.13628300444106    0.00113798531101811
     -1.130973355292325      2.261946710584651    0.00111912597547169
     -1.130973355292325      2.387610416728243   0.001172064605968368
     -1.130973355292325      2.513274122871834   0.001932362035320299
     -1.130973355292325      2.638937829015426   0.003250047172657421
     -1.130973355292325      2.764601535159018   0.004784355210410441
     -1.130973355292325      2.890265241302609   0.006858291154890285
     -1.130973355292325      3.015928947446201   0.009616820845763175
     -1.005309649148733     -3.141592653589793     0.0138322381417409
     -1.005309649148733     -3.015928947446201    0.02021807598123983
     -1.005309649148733      -2.89026524130261    0.03126259755435842
     -1.005309649148733     -2.764601535159018    0.04366415997268518
     -1.005309649148733     -2.638937829015426    0.05079487073272659
     -1.005309649148733     -2.513274122871834    0.05061700297402545
     -1.005309649148733     -2.387610416728243    0.04713294107260108
     -1.005309649148733     -2.261946710584651    0.04405084021091624
     -1.005309649148733     -2.136283004441059    0.04161198050574565
     -1.005309649148733     -2.010619298297468    0.03905254209998628
     -1.005309649148733     -1.884955592153876    0.03769900767283453
     -1.005309649148733     -1.759291886010284    0.04233948413841419
     -1.005309649148733     -1.633628179866693    0.05721731775807389
     -1.005309649148733     -1.507964473723101    0.07753349676048966
     -1.005309649148733     -1.382300767579509    0.09066188705580634
     -1.005309649148733     -1.256637061435917    0.08994733069589081
     -1.005309649148733     -1.130973355292325    0.07915841812603394
     -1.005309649148733     -1.005309649148733    0.06231845414525269
     -1.005309649148733     -0.879645943005142    0.04158949580713937
     -1.005309649148733    -0.7539822368615505     0.0236094281320264
     -1.005309649148733    -0.6283185307179586    0.01426566219319695
     -1.005309649148733    -0.5026548245743667     0.0106849529118415
     -1.005309649148733    -0.3769911184307753   0.007870327370909298
     -1.005309649148733    -0.2513274122871838   0.005976390411160168
     -1.005309649148733    -0.1256637061435919   0.005586277708169721
     -1.005309649148733                      0   0.004734150446195995
     -1.005309649148733     0.1256637061435919   0.003073247560246811
     -1.005309649148733     0.2513274122871834   0.002128493112316209
     -1.005309649148733     0.3769911184307753   0.002275068513050757
     -1.005309649148733     0.5026548245743672   0.003535976184555279
     -1.005309649148733     0.6283185307179582   0.006300812472873629
     -1.005309649148733     0.7539822368615501   0.009666551774243529
     -1.005309649148733     0.8796459430051424    0.01250696816693089
     -1.005309649148733      1.005309649148734    0.01518599049522272
     -1.005309649148733      1.130973355292326     0.0172011762517733
     -1.005309649148733      1.256637061435917    0.01619762457300334
     -1.005309649148733      1.382300767579509    0.01180475014662298
     -1.005309649148733      1.507964473723101   0.006938086413381424
     -1.005309649148733      1.633628179866692   0.003951460378562725
     -1.005309649148733      1.759291886010284   0.002552017345988582
     -1.005309649148733      1.884955592153876   0.001758641247412881
     -1.005309649148733      2.010619298297467   0.001373809772904774
     -1.005309649148733       2.13628300444106   0.001324093129255837
     -1.005309649148733      2.261946710584651   0.001259083188458096
     -1.005309649148733      2.387610416728243   0.001257563084998024
     -1.005309649148733      2.513274122871834   0.001915782305208624
     -1.005309649148733      2.638937829015426   0.003396789690269438
     -1.005309649148733      2.764601535159018   0.005334334815766201
     -1.005309649148733      2.890265241302609   0.007628178813872213
     -1.005309649148733      3.015928947446201     0.0103277116346032
     -0.879645943005142     -3.141592653589793    0.01331180850262154
     -0.879645943005142     -3.015928947446201    0.01919803784895136
     -0.879645943005142      -2.89026524130261    0.02891949148728599
     -0.879645943005142     -2.764601535159018      0.041064356455388
     -0.879645943005142     -2.638937829015426    0.05064429316762058
     -0.879645943005142     -2.513274122871834    0.05316852397067421
     -0.879645943005142     -2.387610416728243    0.04997034027248401
     -0.879645943005142     -2.261946710584651    0.04665328157830036
     -0.879645943005142     -2.136283004441059    0.04538170284248125
     -0.879645943005142     -2.010619298297468    0.04352670774417355
     -0.879645943005142     -1.884955592153876    0.04209845213862112
     -0.879645943005142     -1.759291886010284    0.04894398626178972
     -0.879645943005142     -1.633628179866693     0.0682753304603278
     -0.879645943005142     -1.507964473723101    0.09102670786800141
     -0.879645943005142     -1.382300767579509     0.1020887040508295
     -0.879645943005142     -1.256637061435917     0.0960250174307702
     -0.879645943005142     -1.130973355292325    0.07911170178150799
     -0.879645943005142     -1.005309649148733    0.05818540846323028
     -0.879645943005142     -0.879645943005142    0.03720186134182004
     -0.879645943005142    -0.7539822368615505    0.02149262013037034
     -0.879645943005142    -0.6283185307179586    0.01409604159122168
     -0.879645943005142    -0.5026548245743667    0.01122195570515248
     -0.879645943005142    -0.3769911184307753   0.008806822619340484
     -0.879645943005142    -0.2513274122871838   0.007411374185310264
     -0.879645943005142    -0.1256637061435919   0.007237527113645112
     -0.879645943005142                      0   0.006451720998537152
     -0.879645943005142     0.1256637061435919   0.005109171678319289
     -0.879645943005142     0.2513274122871834   0.004270731105636612
     -0.879645943005142     0.3769911184307753   0.003996565230447515
     -0.879645943005142     0.5026548245743672   0.005715507671920559
     -0.879645943005142     0.6283185307179582    0.01080989165403828
     -0.879645943005142     0.7539822368615501    0.01622336461061223
     -0.879645943005142     0.8796459430051424    0.01828700011419061
     -0.879645943005142      1.005309649148734    0.01851764052487147
     -0.879645943005142      1.130973355292326    0.01932309541124168
     -0.879645943005142      1.256637061435917    0.01869897815813807
     -0.879645943005142      1.382300767579509    0.01444128422968581
     -0.879645943005142      1.507964473723101    0.00874332228791137
     -0.879645943005142      1.633628179866692   0.004988779851664201
     -0.879645943005142      1.759291886010284   0.003519681799479609
     -0.879645943005142      1.884955592153876   0.002692181434986238
     -0.879645943005142      2.010619298297467    0.00182069006233492
     -0.879645943005142       2.13628300444106    0.00131513175448801
     -0.879645943005142      2.261946710584651   0.001170550378906126
     -0.879645943005142      2.387610416728243   0.001092665489462854
     -0.879645943005142      2.513274122871834    0.00148320591231217
     -0.879645943005142      2.638937829015426    0.00289109883574143
     -0.879645943005142      2.764601535159018   0.005060839899729252
     -0.879645943005142      2.890265241302609   0.007413127531115053
     -0.879645943005142      3.015928947446201   0.009909857084637527
    -0.7539822368615505     -3.141592653589793    0.01356495936760742
    -0.7539822368615505     -3.015928947446201    0.01874345498895894
    -0.7539822368615505      -2.89026524130261    0.02653301543659939
    -0.7539822368615505     -2.764601535159018    0.03744170131612215
    -0.7539822368615505     -2.638937829015426    0.04856380855904573
    -0.7539822368615505     -2.513274122871834    0.05345622077518142
    -0.7539822368615505     -2.387610416728243    0.05072460313498536
    -0.7539822368615505     -2.261946710584651    0.04734747835078085
    -0.7539822368615505     -2.136283004441059    0.04725593563841114
    -0.7539822368615505     -2.010619298297468     0.0462406494842557
    -0.7539822368615505     -1.884955592153876    0.04479142297180113
    -0.7539822368615505     -1.759291886010284    0.05303941913396618
    -0.7539822368615505     -1.633628179866693    0.07501120427385902
    -0.7539822368615505     -1.507964473723101    0.09837151792450619
    -0.7539822368615505     -1.382300767579509     0.1067834966742412
    -0.7539822368615505     -1.256637061435917    0.09650507901122098
    -0.7539822368615505     -1.130973355292325    0.07575367711393999
    -0.7539822368615505     -1.005309649148733    0.05301584340034312
    -0.7539822368615505     -0.879645943005142    0.03311920067473652
    -0.7539822368615505    -0.7539822368615505    0.02004018789576095
    -0.7539822368615505    -0.6283185307179586     0.0145723620128452
    -0.7539822368615505    -0.5026548245743667    0.01245877083514002
    -0.7539822368615505    -0.3769911184307753    0.01048806172944019
    -0.7539822368615505    -0.2513274122871838   0.009461798571507531
    -0.7539822368615505    -0.1256637061435919   0.009375060421615252
    -0.7539822368615505                      0   0.008716142910940632
    -0.7539822368615505     0.1256637061435919   0.007814392044418994
    -0.7539822368615505     0.2513274122871834   0.007171731587865944
    -0.7539822368615505     0.3769911184307753   0.006625457925127738
    -0.7539822368615505     0.5026548245743672   0.008862630756045761
    -0.7539822368615505     0.6283185307179582    0.01601276261024476
    -0.7539822368615505     0.7539822368615501    0.02315183334171432
    -0.7539822368615505     0.8796459430051424    0.02457020239033323
    -0.7539822368615505      1.005309649148734    0.02281879733405559
    -0.7539822368615505      1.130973355292326    0.02269030551443237
    -0.7539822368615505      1.256637061435917    0.02245106708572791
    -0.7539822368615505      1.382300767579509     0.0184090890504718
    -0.7539822368615505      1.507964473723101    0.01204267866824883
    -0.7539822368615505      1.633628179866692   0.007346184152516675
    -0.7539822368615505      1.759291886010284     0.0052457345196792
    -0.7539822368615505      1.884955592153876   0.003956575078033541
    -0.7539822368615505      2.010619298297467   0.002563437015468993
    -0.7539822368615505       2.13628300444106   0.001630316072530188
    -0.7539822368615505      2.261946710584651   0.001285898770987789
    -0.7539822368615505      2.387610416728243    0.00108094188691421
    -0.7539822368615505      2.513274122871834   0.001374331900489272
    -0.7539822368615505      2.638937829015426   0.002949340224561557
    -0.7539822368615505      2.764601535159018   0.005496478706807389
    -0.7539822368615505      2.890265241302609   0.007959648880878384
    -0.7539822368615505      3.015928947446201     0.0102791356646664
    -0.6283185307179586     -3.141592653589793    0.01654312076012257
    -0.6283185307179586     -3.015928947446201    0.02216953629377126
    -0.6283185307179586      -2.89026524130261    0.02960553616473104
    -0.6283185307179586     -2.764601535159018    0.03994397796295242
    -0.6283185307179586     -2.638937829015426    0.05130830969541147
    -0.6283185307179586     -2.513274122871834    0.05670365482479457
    -0.6283185307179586     -2.387610416728243    0.05364197807507681
    -0.6283185307179586     -2.261946710584651    0.04963623937120444
    -0.6283185307179586     -2.136283004441059    0.04953386702636849
    -0.6283185307179586     -2.010619298297468    0.04866421366774083
    -0.6283185307179586     -1.884955592153876    0.04705858573612966
    -0.6283185307179586     -1.759291886010284    0.05532957126060976
    -0.6283185307179586     -1.633628179866693    0.07738477528119594
    -0.6283185307179586     -1.507964473723101    0.09995216751577155
    -0.6283185307179586     -1.382300767579509     0.1066380440328318
    -0.6283185307179586     -1.256637061435917    0.09473405307942392
    -0.6283185307179586     -1.130973355292325    0.07332679556866095
    -0.6283185307179586     -1.005309649148733    0.05110614759201188
    -0.6283185307179586     -0.879645943005142    0.03256470990936237
    -0.6283185307179586    -0.7539822368615505    0.02095220718836597
    -0.6283185307179586    -0.6283185307179586    0.01649636452133936
    -0.6283185307179586    -0.5026548245743667    0.01494596940244312
    -0.6283185307179586    -0.3769911184307753    0.01324831733371586
    -0.6283185307179586    -0.2513274122871838     0.0121972045130127
    -0.6283185307179586    -0.1256637061435919    0.01197698730356237
    -0.6283185307179586                      0    0.01148477416745666
    -0.6283185307179586     0.1256637061435919    0.01104654156450481
    -0.6283185307179586     0.2513274122871834    0.01067403298531277
    -0.6283185307179586     0.3769911184307753    0.01009959702243798
    -0.6283185307179586     0.5026548245743672    0.01259005201537868
    -0.6283185307179586     0.6283185307179582    0.02035891087739485
    -0.6283185307179586     0.7539822368615501    0.02743323138043146
    -0.6283185307179586     0.8796459430051424    0.02753690745473274
    -0.6283185307179586      1.005309649148734    0.02443642889412959
    -0.6283185307179586      1.130973355292326    0.02437750362015828
    -0.6283185307179586      1.256637061435917    0.02542215922066367
    -0.6283185307179586      1.382300767579509    0.02257186653425059
    -0.6283185307179586      1.507964473723101    0.01642327987220267
    -0.6283185307179586      1.633628179866692    0.01097676553094143
    -0.6283185307179586      1.759291886010284   0.007732638948081775
    -0.6283185307179586      1.884955592153876   0.005541653180930038
    -0.6283185307179586      2.010619298297467    0.00366830710856219
    -0.6283185307179586       2.13628300444106   0.002409982321888024
    -0.6283185307179586      2.261946710584651   0.001725866572697652
    -0.6283185307179586      2.387610416728243   0.001334215083052319
    -0.6283185307179586      2.513274122871834   0.001810372547325257
    -0.6283185307179586      2.638937829015426   0.003922917825189193
    -0.6283185307179586      2.764601535159018   0.007084528591644022
    -0.6283185307179586      2.890265241302609   0.009963669351344484
    -0.6283185307179586      3.015928947446201    0.01264730205095501
    -0.5026548245743667     -3.141592653589793    0.02049205480872019
    -0.5026548245743667     -3.015928947446201    0.02714940860038068
    -0.5026548245743667      -2.89026524130261    0.03544437416042584
    -0.5026548245743667     -2.764601535159018    0.04509708985971759
    -0.5026548245743667     -2.638937829015426    0.05383462764821442
    -0.5026548245743667     -2.513274122871834    0.05681702754876537
    -0.5026548245743667     -2.387610416728243    0.05310414659588943
    -0.5026548245743667     -2.261946710584651    0.04865407012820645
    -0.5026548245743667     -2.136283004441059    0.04730727368256853
    -0.5026548245743667     -2.010619298297468    0.04592091789839575
    -0.5026548245743667     -1.884955592153876    0.04422512677501225
    -0.5026548245743667     -1.759291886010284    0.04992507699382612
    -0.5026548245743667     -1.633628179866693     0.0669173816929674
    -0.5026548245743667     -1.507964473723101     0.0857769008571047
    -0.5026548245743667     -1.382300767579509    0.09289854295439819
    -0.5026548245743667     -1.256637061435917    0.08528370001067892
    -0.5026548245743667     -1.130973355292325    0.07006793674403075
    -0.5026548245743667     -1.005309649148733    0.05309744006040099
    -0.5026548245743667     -0.879645943005142    0.03658274070741824
    -0.5026548245743667    -0.7539822368615505    0.02427054303737699
    -0.5026548245743667    -0.6283185307179586    0.01878726482328906
    -0.5026548245743667    -0.5026548245743667    0.01703599017392325
    -0.5026548245743667    -0.3769911184307753    0.01523052414124503
    -0.5026548245743667    -0.2513274122871838    0.01363193744765202
    -0.5026548245743667    -0.1256637061435919    0.01302017110659186
    -0.5026548245743667                      0    0.01266736040882496
    -0.5026548245743667     0.1256637061435919    0.01244174569026998
    -0.5026548245743667     0.2513274122871834    0.01229593584122023
    -0.5026548245743667     0.3769911184307753     0.0122720538359746
    -0.5026548245743667     0.5026548245743672    0.01483195400852877
    -0.5026548245743667     0.6283185307179582    0.02133523051751182
    -0.5026548245743667     0.7539822368615501    0.02720530450610603
    -0.5026548245743667     0.8796459430051424    0.02811989455211221
    -0.5026548245743667      1.005309649148734    0.02709370662686974
    -0.5026548245743667      1.130973355292326    0.02810381889262753
    -0.5026548245743667      1.256637061435917    0.02887947902990081
    -0.5026548245743667      1.382300767579509    0.02588745657140315
    -0.5026548245743667      1.507964473723101    0.02009099334387394
    -0.5026548245743667      1.633628179866692     0.0142558079952958
    -0.5026548245743667      1.759291886010284   0.009565173219145628
    -0.5026548245743667      1.884955592153876   0.006279695707704408
    -0.5026548245743667      2.010619298297467   0.004408014651683201
    -0.5026548245743667       2.13628300444106   0.003305426739022973
    -0.5026548245743667      2.261946710584651   0.002312103721301558
    -0.5026548245743667      2.387610416728243    0.00179950618624692
    -0.5026548245743667      2.513274122871834   0.002801056695342695
    -0.5026548245743667      2.638937829015426   0.005607165823519276
    -0.5026548245743667      2.764601535159018   0.009205431966454659
    -0.5026548245743667      2.890265241302609     0.0124837461923583
    -0.5026548245743667      3.015928947446201    0.01578709460786562
    -0.3769911184307753     -3.141592653589793    0.02248758418532251
    -0.3769911184307753     -3.015928947446201    0.02923052765071579
    -0.3769911184307753      -2.89026524130261    0.03799656973814032
    -0.3769911184307753     -2.764601535159018    0.04616601178122501
    -0.3769911184307753     -2.638937829015426    0.05022193697849842
    -0.3769911184307753     -2.513274122871834    0.04938567966766411
    -0.3769911184307753     -2.387610416728243    0.04596369769492884
    -0.3769911184307753     -2.261946710584651    0.04248969776198957
    -0.3769911184307753     -2.136283004441059    0.04002700306466641
    -0.3769911184307753     -2.010619298297468    0.03822251599426694
    -0.3769911184307753     -1.884955592153876    0.03674393512499018
    -0.3769911184307753     -1.759291886010284    0.03825410657646978
    -0.3769911184307753     -1.633628179866693    0.04701359384272533
    -0.3769911184307753     -1.507964473723101    0.06103413783760758
    -0.3769911184307753     -1.382300767579509    0.07150435717292324
    -0.3769911184307753     -1.256637061435917    0.07391444710922276
    -0.3769911184307753     -1.130973355292325    0.07081862606843124
    -0.3769911184307753     -1.005309649148733    0.06230823781680708
    -0.3769911184307753     -0.879645943005142    0.04682805465762985
    -0.3769911184307753    -0.7539822368615505    0.03036199403967838
    -0.3769911184307753    -0.6283185307179586    0.02097974844462763
    -0.3769911184307753    -0.5026548245743667    0.01770538039303004
    -0.3769911184307753    -0.3769911184307753    0.01513691174868869
    -0.3769911184307753    -0.2513274122871838     0.0125354758760279
    -0.3769911184307753    -0.1256637061435919    0.01139074777691668
    -0.3769911184307753                      0    0.01095985915560177
    -0.3769911184307753     0.1256637061435919    0.01029595001829365
    -0.3769911184307753     0.2513274122871834    0.01005254507600171
    -0.3769911184307753     0.3769911184307753    0.01114223050396077
    -0.3769911184307753     0.5026548245743672    0.01401650682170816
    -0.3769911184307753     0.6283185307179582    0.01866788913524128
    -0.3769911184307753     0.7539822368615501    0.02451003793775167
    -0.3769911184307753     0.8796459430051424    0.03093990822445314
    -0.3769911184307753      1.005309649148734    0.03685604540696018
    -0.3769911184307753      1.130973355292326    0.03929562968467439
    -0.3769911184307753      1.256637061435917    0.03587734436380761
    -0.3769911184307753      1.382300767579509    0.02870491679227417
    -0.3769911184307753      1.507964473723101    0.02168954124775685
    -0.3769911184307753      1.633628179866692    0.01546666656151016
    -0.3769911184307753      1.759291886010284   0.009426910198182745
    -0.3769911184307753      1.884955592153876   0.005287639965098257
    -0.3769911184307753      2.010619298297467   0.004119529453894435
    -0.3769911184307753       2.13628300444106   0.003826571764721173
    -0.3769911184307753      2.261946710584651    0.00278976147114459
    -0.3769911184307753      2.387610416728243   0.002360827222118622
    -0.3769911184307753      2.513274122871834   0.004104734935587395
    -0.3769911184307753      2.638937829015426   0.007460107945246673
    -0.3769911184307753      2.764601535159018    0.01101666742667826
    -0.3769911184307753      2.890265241302609    0.01431513488302836
    -0.3769911184307753      3.015928947446201    0.01784854411319647
    -0.2513274122871838     -3.141592653589793    0.02176316892189753
    -0.2513274122871838     -3.015928947446201    0.02761844011948967
    -0.2513274122871838      -2.89026524130261    0.03626650081148904
    -0.2513274122871838     -2.764601535159018    0.04355075181443917
    -0.2513274122871838     -2.638937829015426     0.0447409402933434
    -0.2513274122871838     -2.513274122871834    0.04184813542338194
    -0.2513274122871838     -2.387610416728243    0.03963286040659245
    -0.2513274122871838     -2.261946710584651    0.03802407068394749
    -0.2513274122871838     -2.136283004441059    0.03568178441566522
    -0.2513274122871838     -2.010619298297468    0.03402943990363064
    -0.2513274122871838     -1.884955592153876    0.03288323130906779
    -0.2513274122871838     -1.759291886010284    0.03197348768234475
    -0.2513274122871838     -1.633628179866693    0.03664921170253018
    -0.2513274122871838     -1.507964473723101    0.05022711224827916
    -0.2513274122871838     -1.382300767579509    0.06614829527915843
    -0.2513274122871838     -1.256637061435917    0.07759168508465424
    -0.2513274122871838     -1.130973355292325    0.08327252549416182
    -0.2513274122871838     -1.005309649148733    0.07892736296030431
    -0.2513274122871838     -0.879645943005142    0.06068058819681052
    -0.2513274122871838    -0.7539822368615505    0.03757556622971778
    -0.2513274122871838    -0.6283185307179586    0.02292832563049699
    -0.2513274122871838    -0.5026548245743667    0.01727487148000383
    -0.2513274122871838    -0.3769911184307753    0.01349384031399739
    -0.2513274122871838    -0.2513274122871838   0.009984811174132736
    -0.2513274122871838    -0.1256637061435919   0.008508216976293359
    -0.2513274122871838                      0   0.007733013686232035
    -0.2513274122871838     0.1256637061435919   0.006072964146999957
    -0.2513274122871838     0.2513274122871834   0.005359870837947279
    -0.2513274122871838     0.3769911184307753   0.007536919500375982
    -0.2513274122871838     0.5026548245743672    0.01143482944194594
    -0.2513274122871838     0.6283185307179582     0.0164659672830719
    -0.2513274122871838     0.7539822368615501    0.02606927588654074
    -0.2513274122871838     0.8796459430051424    0.04192490267283479
    -0.2513274122871838      1.005309649148734    0.05678181414858735
    -0.2513274122871838      1.130973355292326    0.05958555966019236
    -0.2513274122871838      1.256637061435917    0.04838240389245868
    -0.2513274122871838      1.382300767579509    0.03281360714258936
    -0.2513274122871838      1.507964473723101    0.02173223074420208
    -0.2513274122871838      1.633628179866692    0.01438437019935201
    -0.2513274122871838      1.759291886010284   0.007576833997811524
    -0.2513274122871838      1.884955592153876   0.003226382856876428
    -0.2513274122871838      2.010619298297467   0.002991792112032105
    -0.2513274122871838       2.13628300444106   0.003669290881254261
    -0.2513274122871838      2.261946710584651   0.002907398001137313
    -0.2513274122871838      2.387610416728243   0.002747224525211909
    -0.2513274122871838      2.513274122871834   0.005023327288123668
    -0.2513274122871838      2.638937829015426   0.008517990039954735
    -0.2513274122871838      2.764601535159018    0.01172491656917479
    -0.2513274122871838      2.890265241302609    0.01477099728930495
    -0.2513274122871838      3.015928947446201    0.01802223019187084
    -0.1256637061435919     -3.141592653589793    0.01907868105771663
    -0.1256637061435919     -3.015928947446201    0.02396697543238384
    -0.1256637061435919      -2.89026524130261    0.03191819246124632
    -0.1256637061435919     -2.764601535159018    0.03898183804513353
    -0.1256637061435919     -2.638937829015426    0.04055419294884267
    -0.1256637061435919     -2.513274122871834    0.03855103407953405
    -0.1256637061435919     -2.387610416728243    0.03748472504604894
    -0.1256637061435919     -2.261946710584651    0.03713971336833566
    -0.1256637061435919     -2.136283004441059    0.03600626300394644
    -0.1256637061435919     -2.010619298297468    0.03510567590250405
    -0.1256637061435919     -1.884955592153876    0.03413141259558122
    -0.1256637061435919     -1.759291886010284    0.03374732564900655
    -0.1256637061435919     -1.633628179866693    0.04080622412226505
    -0.1256637061435919     -1.507964473723101     0.0588633819663777
    -0.1256637061435919     -1.382300767579509    0.07951339875199108
    -0.1256637061435919     -1.256637061435917    0.09357687367122844
    -0.1256637061435919     -1.130973355292325    0.09876148939838372
    -0.1256637061435919     -1.005309649148733    0.09128268201051892
    -0.1256637061435919     -0.879645943005142    0.06850863716352554
    -0.1256637061435919    -0.7539822368615505    0.04095603948661658
    -0.1256637061435919    -0.6283185307179586    0.02302231477509033
    -0.1256637061435919    -0.5026548245743667    0.01548050787164115
    -0.1256637061435919    -0.3769911184307753    0.01090211060968668
    -0.1256637061435919    -0.2513274122871838   0.007302847543169281
    -0.1256637061435919    -0.1256637061435919   0.005935814000995314
    -0.1256637061435919                      0   0.004855759380647259
    -0.1256637061435919     0.1256637061435919   0.002420862679529012
    -0.1256637061435919     0.2513274122871834   0.001306055484684677
    -0.1256637061435919     0.3769911184307753   0.004218574204882848
    -0.1256637061435919     0.5026548245743672    0.01015390637204197
    -0.1256637061435919     0.6283185307179582    0.01967507540666422
    -0.1256637061435919     0.7539822368615501    0.03831083566658596
    -0.1256637061435919     0.8796459430051424    0.06626123575115155
    -0.1256637061435919      1.005309649148734    0.08919451689137327
    -0.1256637061435919      1.130973355292326    0.08981193760529523
    -0.1256637061435919      1.256637061435917    0.06784885600170372
    -0.1256637061435919      1.382300767579509    0.04053243924835903
    -0.1256637061435919      1.507964473723101    0.02235697922745053
    -0.1256637061435919      1.633628179866692    0.01257245708937662
    -0.1256637061435919      1.759291886010284   0.005409771767304349
    -0.1256637061435919      1.884955592153876   0.001332927236496411
    -0.1256637061435919      2.010619298297467   0.001671073248052111
    -0.1256637061435919       2.13628300444106   0.002893452294629125
    -0.1256637061435919      2.261946710584651   0.002517122588527849
    -0.1256637061435919      2.387610416728243   0.002660500949441938
    -0.1256637061435919      2.513274122871834   0.004953199691352626
    -0.1256637061435919      2.638937829015426   0.008059373593434963
    -0.1256637061435919      2.764601535159018     0.0108242122468185
    -0.1256637061435919      2.890265241302609    0.01354011689685614
    -0.1256637061435919      3.015928947446201    0.01624523457604741
                      0     -3.141592653589793     0.0168098161775495
                      0     -3.015928947446201    0.02209720643116399
                      0      -2.89026524130261    0.02966519936795037
                      0     -2.764601535159018    0.03624767710117516
                      0     -2.638937829015426    0.03875762006705905
                      0     -2.513274122871834    0.03802182921557461
                      0     -2.387610416728243    0.03667789098535754
                      0     -2.261946710584651    0.03566317051144229
                      0     -2.136283004441059    0.03508034832316755
                      0     -2.010619298297468    0.03478441380533455
                      0     -1.884955592153876    0.03366262023146818
                      0     -1.759291886010284    0.03422856286593201
                      0     -1.633628179866693     0.0445363596306147
                      0     -1.507964473723101    0.06658394208421463
                      0     -1.382300767579509    0.08923177112613927
                      0     -1.256637061435917     0.1010630721122759
                      0     -1.130973355292325       0.10019912784759
                      0     -1.005309649148733    0.08719183040779488
                      0     -0.879645943005142    0.06324346255670446
                      0    -0.7539822368615505    0.03724879451059038
                      0    -0.6283185307179586    0.01993385556481523
                      0    -0.5026548245743667    0.01198179106579574
                      0    -0.3769911184307753   0.007716265812338386
                      0    -0.2513274122871838   0.004965514191143732
                      0    -0.1256637061435919   0.004011278464765936
                      0                      0   0.003058641199089131
                      0     0.1256637061435919  0.0008276039268132248
                      0     0.2513274122871834  -7.64270544868534e-05
                      0     0.3769911184307753   0.003483400603989735
                      0     0.5026548245743672    0.01211020471181973
                      0     0.6283185307179582    0.02870754769116102
                      0     0.7539822368615501    0.05958371696375605
                      0     0.8796459430051424     0.1009340899913247
                      0      1.005309649148734     0.1306561421718349
                      0      1.130973355292326     0.1267728174656867
                      0      1.256637061435917    0.09221052453815562
                      0      1.382300767579509     0.0517911992222649
                      0      1.507964473723101      0.025227582227636
                      0      1.633628179866692    0.01208006719887795
                      0      1.759291886010284   0.004297605984686984
                      0      1.884955592153876  0.0003535815660643399
                      0      2.010619298297467   0.000754425245160425
                      0       2.13628300444106   0.001976643138344535
                      0      2.261946710584651   0.001786988744558524
                      0      2.387610416728243   0.002106923912761297
                      0      2.513274122871834   0.004057810315097186
                      0      2.638937829015426   0.006467205319402333
                      0      2.764601535159018   0.008806212293444214
                      0      2.890265241302609    0.01130691860344542
                      0      3.015928947446201    0.01378239542724598
     0.1256637061435919     -3.141592653589793    0.01845199252745967
     0.1256637061435919     -3.015928947446201    0.02719704623120936
     0.1256637061435919      -2.89026524130261    0.03750327672599239
     0.1256637061435919     -2.764601535159018    0.04492092997259421
     0.1256637061435919     -2.638937829015426    0.04694083926400999
     0.1256637061435919     -2.513274122871834    0.04464076244162547
     0.1256637061435919     -2.387610416728243    0.04034220941396714
     0.1256637061435919     -2.261946710584651    0.03596881333772579
     0.1256637061435919     -2.136283004441059    0.03322746222346045
     0.1256637061435919     -2.010619298297468    0.03204847998759059
     0.1256637061435919     -1.884955592153876    0.03029915812762201
     0.1256637061435919     -1.759291886010284     0.0301684610429022
     0.1256637061435919     -1.633628179866693    0.04034743073683732
     0.1256637061435919     -1.507964473723101    0.06322223618100611
     0.1256637061435919     -1.382300767579509     0.0861937926213918
     0.1256637061435919     -1.256637061435917    0.09498798945146512
     0.1256637061435919     -1.130973355292325    0.08790336590457901
     0.1256637061435919     -1.005309649148733    0.07101505325186457
     0.1256637061435919     -0.879645943005142    0.04972300639962868
     0.1256637061435919    -0.7539822368615505    0.02942896611178879
     0.1256637061435919    -0.6283185307179586    0.01536527777502346
     0.1256637061435919    -0.5026548245743667   0.008347161123222008
     0.1256637061435919    -0.3769911184307753   0.005221826089306421
     0.1256637061435919    -0.2513274122871838   0.003601662765692404
     0.1256637061435919    -0.1256637061435919    0.00303927186682171
     0.1256637061435919                      0   0.002657023565883119
     0.1256637061435919     0.1256637061435919   0.001532090772069146
     0.1256637061435919     0.2513274122871834   0.001469107593857867
     0.1256637061435919     0.3769911184307753    0.00569133055465479
     0.1256637061435919     0.5026548245743672    0.01638584351532858
     0.1256637061435919     0.6283185307179582    0.03847413245749724
     0.1256637061435919     0.7539822368615501    0.07878721829861879
     0.1256637061435919     0.8796459430051424     0.1301367953227712
     0.1256637061435919      1.005309649148734     0.1642329106159765
     0.1256637061435919      1.130973355292326     0.1560013442730309
     0.1256637061435919      1.256637061435917     0.1116661586706924
     0.1256637061435919      1.382300767579509    0.06183127096030214
     0.1256637061435919      1.507964473723101    0.02930549636135362
     0.1256637061435919      1.633628179866692    0.01343340026478884
     0.1256637061435919      1.759291886010284   0.004756147508987096
     0.1256637061435919      1.884955592153876  0.0005455723586557872
     0.1256637061435919      2.010619298297467   0.000645531603712839
     0.1256637061435919       2.13628300444106   0.001497493051748303
     0.1256637061435919      2.261946710584651    0.00115579071679751
     0.1256637061435919      2.387610416728243    0.00144243645744762
     0.1256637061435919      2.513274122871834   0.003042229774404038
     0.1256637061435919      2.638937829015426   0.004900377301745974
     0.1256637061435919      2.764601535159018     0.0070489914854984
     0.1256637061435919      2.890265241302609   0.009817312971713805
     0.1256637061435919      3.015928947446201    0.01316246945883345
     0.2513274122871834     -3.141592653589793    0.02377773264250411
     0.2513274122871834     -3.015928947446201    0.03809311453527396
     0.2513274122871834      -2.89026524130261     0.0545766246826483
     0.2513274122871834     -2.764601535159018    0.06565394871456842
     0.2513274122871834     -2.638937829015426    0.06688065643248323
     0.2513274122871834     -2.513274122871834    0.06068389050295826
     0.2513274122871834     -2.387610416728243    0.05172421277567294
     0.2513274122871834     -2.261946710584651    0.04262129024342996
     0.2513274122871834     -2.136283004441059    0.03562100708354163
     0.2513274122871834     -2.010619298297468    0.03201625047433004
     0.2513274122871834     -1.884955592153876    0.02933541642497421
     0.2513274122871834     -1.759291886010284    0.02784402147454605
     0.2513274122871834     -1.633628179866693    0.03636955487802134
     0.2513274122871834     -1.507964473723101    0.05899878786224322
     0.2513274122871834     -1.382300767579509    0.08217433571912944
     0.2513274122871834     -1.256637061435917    0.08855207378942104
     0.2513274122871834     -1.130973355292325    0.07663822809329099
     0.2513274122871834     -1.005309649148733    0.05713248862556816
     0.2513274122871834     -0.879645943005142    0.03839664144798306
     0.2513274122871834    -0.7539822368615505    0.02303219596404117
     0.2513274122871834    -0.6283185307179586    0.01223617442332875
     0.2513274122871834    -0.5026548245743667   0.006643493227742721
     0.2513274122871834    -0.3769911184307753   0.004594927029722249
     0.2513274122871834    -0.2513274122871838   0.003674099001448393
     0.2513274122871834    -0.1256637061435919    0.00331725942214794
     0.2513274122871834                      0   0.003533123695707382
     0.2513274122871834     0.1256637061435919   0.003577343940919753
     0.2513274122871834     0.2513274122871834   0.004393110451524934
     0.2513274122871834     0.3769911184307753   0.008867268978583101
     0.2513274122871834     0.5026548245743672    0.01976320559819275
     0.2513274122871834     0.6283185307179582    0.04263650952375877
     0.2513274122871834     0.7539822368615501      0.084302373965277
     0.2513274122871834     0.8796459430051424     0.1366242634338219
     0.2513274122871834      1.005309649148734     0.1702281532527123
     0.2513274122871834      1.130973355292326     0.1603366402481053
     0.2513274122871834      1.256637061435917     0.1145857783282662
     0.2513274122871834      1.382300767579509    0.06414046220406541
     0.2513274122871834      1.507964473723101    0.03122224595399599
     0.2513274122871834      1.633628179866692    0.01490513076635224
     0.2513274122871834      1.759291886010284   0.005968477709972065
     0.2513274122871834      1.884955592153876   0.001555811171298872
     0.2513274122871834      2.010619298297467   0.001217628849862012
     0.2513274122871834       2.13628300444106   0.001554427361155838
     0.2513274122871834      2.261946710584651  0.0009016090764341442
     0.2513274122871834      2.387610416728243   0.001007650933297691
     0.2513274122871834      2.513274122871834   0.002377269948521224
     0.2513274122871834      2.638937829015426    0.00404664147381425
     0.2513274122871834      2.764601535159018   0.006333513685915256
     0.2513274122871834      2.890265241302609   0.009850772613537742
     0.2513274122871834      3.015928947446201    0.01497356372030964
     0.3769911184307753     -3.141592653589793    0.02766066965176472
     0.3769911184307753     -3.015928947446201    0.04568987764067821
     0.3769911184307753      -2.89026524130261    0.06729632869849278
     0.3769911184307753     -2.764601535159018    0.08250460516347158
     0.3769911184307753     -2.638937829015426    0.08412035156374256
     0.3769911184307753     -2.513274122871834    0.07523804873950854
     0.3769911184307753     -2.387610416728243    0.06312603460370918
     0.3769911184307753     -2.261946710584651    0.05103969010229909
     0.3769911184307753     -2.136283004441059    0.04094513872565384
     0.3769911184307753     -2.010619298297468    0.03521436571397057
     0.3769911184307753     -1.884955592153876    0.03192248232422985
     0.3769911184307753     -1.759291886010284     0.0302593521058643
     0.3769911184307753     -1.633628179866693    0.03862869560657731
     0.3769911184307753     -1.507964473723101    0.06145788805151459
     0.3769911184307753     -1.382300767579509    0.08424568943486449
     0.3769911184307753     -1.256637061435917    0.08841279863343054
     0.3769911184307753     -1.130973355292325     0.0733521591036938
     0.3769911184307753     -1.005309649148733    0.05197856278529511
     0.3769911184307753     -0.879645943005142    0.03365718838700562
     0.3769911184307753    -0.7539822368615505    0.02015432445241683
     0.3769911184307753    -0.6283185307179586     0.0112575836879513
     0.3769911184307753    -0.5026548245743667   0.006822693300923496
     0.3769911184307753    -0.3769911184307753    0.00524316567616176
     0.3769911184307753    -0.2513274122871838   0.004464244370852492
     0.3769911184307753    -0.1256637061435919   0.004180918113752354
     0.3769911184307753                      0   0.004628098297480933
     0.3769911184307753     0.1256637061435919   0.005161824805948311
     0.3769911184307753     0.2513274122871834   0.006304398974771753
     0.3769911184307753     0.3769911184307753    0.01030113608106214
     0.3769911184307753     0.5026548245743672    0.01960939546796367
     0.3769911184307753     0.6283185307179582     0.0391661659585105
     0.3769911184307753     0.7539822368615501    0.07471719750246998
     0.3769911184307753     0.8796459430051424     0.1190917049101126
     0.3769911184307753      1.005309649148734     0.1473062577522658
     0.3769911184307753      1.130973355292326     0.1386574675599768
     0.3769911184307753      1.256637061435917    0.09984904303727715
     0.3769911184307753      1.382300767579509    0.05704977103464438
     0.3769911184307753      1.507964473723101    0.02878688138744275
     0.3769911184307753      1.633628179866692    0.01444120290687201
     0.3769911184307753      1.759291886010284   0.006492064601858557
     0.3769911184307753      1.884955592153876   0.002453742585565455
     0.3769911184307753      2.010619298297467    0.00179596299483636
     0.3769911184307753       2.13628300444106   0.001717321679902721
     0.3769911184307753      2.261946710584651  0.0009041784107113489
     0.3769911184307753      2.387610416728243  0.0008457365757958131
     0.3769911184307753      2.513274122871834   0.002020889033592466
     0.3769911184307753      2.638937829015426   0.003666787306809915
     0.3769911184307753      2.764601535159018   0.006136182240175212
     0.3769911184307753      2.890265241302609    0.01022560520647849
     0.3769911184307753      3.015928947446201    0.01662788407656426
     0.5026548245743672     -3.141592653589793    0.02684891787793039
     0.5026548245743672     -3.015928947446201    0.04463793082937873
     0.5026548245743672      -2.89026524130261    0.06682851599900821
     0.5026548245743672     -2.764601535159018    0.08361127019404579
     0.5026548245743672     -2.638937829015426    0.08670725991250675
     0.5026548245743672     -2.513274122871834    0.07835675369504994
     0.5026548245743672     -2.387610416728243    0.06623817935866673
     0.5026548245743672     -2.261946710584651    0.05423957767917874
     0.5026548245743672     -2.136283004441059    0.04412372592093161
     0.5026548245743672     -2.010619298297468    0.03800455561305351
     0.5026548245743672     -1.884955592153876    0.03473863445248948
     0.5026548245743672     -1.759291886010284    0.03439485094792596
     0.5026548245743672     -1.633628179866693    0.04458216398090593
     0.5026548245743672     -1.507964473723101    0.06781026844349747
     0.5026548245743672     -1.382300767579509    0.08892487278836519
     0.5026548245743672     -1.256637061435917    0.09065525495111511
     0.5026548245743672     -1.130973355292325    0.07381058035471028
     0.5026548245743672     -1.005309649148733    0.05139287294119629
     0.5026548245743672     -0.879645943005142    0.03246148086120726
     0.5026548245743672    -0.7539822368615505    0.01911178659234164
     0.5026548245743672    -0.6283185307179586     0.0111035593729626
     0.5026548245743672    -0.5026548245743667   0.007332137596073653
     0.5026548245743672    -0.3769911184307753   0.005774239241243956
     0.5026548245743672    -0.2513274122871838   0.004955817556162623
     0.5026548245743672    -0.1256637061435919   0.004741390941906078
     0.5026548245743672                      0   0.005069035472088203
     0.5026548245743672     0.1256637061435919   0.005451988337842413
     0.5026548245743672     0.2513274122871834   0.006385597723089009
     0.5026548245743672     0.3769911184307753   0.009497452187074191
     0.5026548245743672     0.5026548245743672    0.01687816441278368
     0.5026548245743672     0.6283185307179582    0.03263089663836072
     0.5026548245743672     0.7539822368615501    0.06075698826264474
     0.5026548245743672     0.8796459430051424    0.09511328377105857
     0.5026548245743672      1.005309649148734     0.1166953765239965
     0.5026548245743672      1.130973355292326     0.1100833966903372
     0.5026548245743672      1.256637061435917    0.08020788875961303
     0.5026548245743672      1.382300767579509     0.0466964955626781
     0.5026548245743672      1.507964473723101    0.02399099186865878
     0.5026548245743672      1.633628179866692    0.01227016961448201
     0.5026548245743672      1.759291886010284   0.005935917806418553
     0.5026548245743672      1.884955592153876   0.002693524075979105
     0.5026548245743672      2.010619298297467   0.001918303059137413
     0.5026548245743672       2.13628300444106   0.001626294388357539
     0.5026548245743672      2.261946710584651  0.0008932299054528214
     0.5026548245743672      2.387610416728243  0.0007835485204494817
     0.5026548245743672      2.513274122871834    0.00172388579039267
     0.5026548245743672      2.638937829015426   0.003255972201160557
     0.5026548245743672      2.764601535159018   0.005691430861484919
     0.5026548245743672      2.890265241302609   0.009727512152405733
     0.5026548245743672      3.015928947446201    0.01606417705841351
     0.6283185307179582     -3.141592653589793    0.02332017323528797
     0.6283185307179582     -3.015928947446201    0.03887450968686111
     0.6283185307179582      -2.89026524130261    0.05845830451366065
     0.6283185307179582     -2.764601535159018    0.07444301556647251
     0.6283185307179582     -2.638937829015426    0.07975168331445873
     0.6283185307179582     -2.513274122871834    0.07440167417961401
     0.6283185307179582     -2.387610416728243    0.06387254689706182
     0.6283185307179582     -2.261946710584651    0.05320988258760512
     0.6283185307179582     -2.136283004441059    0.04508272924168313
     0.6283185307179582     -2.010619298297468    0.03997457569609385
     0.6283185307179582     -1.884955592153876    0.03699786580511277
     0.6283185307179582     -1.759291886010284    0.03893564291802559
     0.6283185307179582     -1.633628179866693    0.05285463708383311
     0.6283185307179582     -1.507964473723101    0.07742315941283678
     0.6283185307179582     -1.382300767579509    0.09620850412736956
     0.6283185307179582     -1.256637061435917    0.09410777240904278
     0.6283185307179582     -1.130973355292325    0.07387781197684386
     0.6283185307179582     -1.005309649148733    0.04925952987275441
     0.6283185307179582     -0.879645943005142    0.02978768511940807
     0.6283185307179582    -0.7539822368615505    0.01733694515993454
     0.6283185307179582    -0.6283185307179586    0.01044995473687568
     0.6283185307179582    -0.5026548245743667   0.007119250723869138
     0.6283185307179582    -0.3769911184307753   0.005646455962641232
     0.6283185307179582    -0.2513274122871838    0.00510024454469549
     0.6283185307179582    -0.1256637061435919   0.005081297498260509
     0.6283185307179582                      0   0.005250782532583364
     0.6283185307179582     0.1256637061435919   0.005455676838900013
     0.6283185307179582     0.2513274122871834   0.006128091191648238
     0.6283185307179582     0.3769911184307753    0.00850283156532231
     0.6283185307179582     0.5026548245743672    0.01523195896566141
     0.6283185307179582     0.6283185307179582    0.03060168320244697
     0.6283185307179582     0.7539822368615501    0.05666766580626789
     0.6283185307179582     0.8796459430051424    0.08630351603633654
     0.6283185307179582      1.005309649148734     0.1037264477881358
     0.6283185307179582      1.130973355292326    0.09736883322567484
     0.6283185307179582      1.256637061435917    0.07150317396962903
     0.6283185307179582      1.382300767579509    0.04195606597751598
     0.6283185307179582      1.507964473723101    0.02121066571847869
     0.6283185307179582      1.633628179866692    0.01049217077390269
     0.6283185307179582      1.759291886010284   0.005253079695158605
     0.6283185307179582      1.884955592153876   0.002675486132495257
     0.6283185307179582      2.010619298297467   0.001762900517360972
     0.6283185307179582       2.13628300444106    0.00127274135321369
     0.6283185307179582      2.261946710584651  0.0006956925115156849
     0.6283185307179582      2.387610416728243  0.0006088249901788734
     0.6283185307179582      2.513274122871834    0.00122569279446876
     0.6283185307179582      2.638937829015426   0.002473288388623218
     0.6283185307179582      2.764601535159018   0.004758633981090128
     0.6283185307179582      2.890265241302609   0.008405607068668839
     0.6283185307179582      3.015928947446201     0.0139053936991845
     0.7539822368615501     -3.141592653589793    0.01953730169798242
     0.7539822368615501     -3.015928947446201     0.0329268414489629
     0.7539822368615501      -2.89026524130261    0.04906688837874312
     0.7539822368615501     -2.764601535159018    0.06355730572557525
     0.7539822368615501     -2.638937829015426    0.07210910683401112
     0.7539822368615501     -2.513274122871834    0.07125798839749235
     0.7539822368615501     -2.387610416728243    0.06229915429940114
     0.7539822368615501     -2.261946710584651    0.05254114317826206
     0.7539822368615501     -2.136283004441059     0.0470818019599922
     0.7539822368615501     -2.010619298297468    0.04359817642985705
     0.7539822368615501     -1.884955592153876    0.04079610751562578
     0.7539822368615501     -1.759291886010284    0.04594424733425281
     0.7539822368615501     -1.633628179866693    0.06617961502596513
     0.7539822368615501     -1.507964473723101    0.09436439191264932
     0.7539822368615501     -1.382300767579509     0.1109196060670055
     0.7539822368615501     -1.256637061435917     0.1024402217317279
     0.7539822368615501     -1.130973355292325     0.0745874985548184
     0.7539822368615501     -1.005309649148733    0.04446715803366443
     0.7539822368615501     -0.879645943005142    0.02414601594366582
     0.7539822368615501    -0.7539822368615505    0.01406696169137039
     0.7539822368615501    -0.6283185307179586   0.009138995505614322
     0.7539822368615501    -0.5026548245743667   0.006276232681855753
     0.7539822368615501    -0.3769911184307753    0.00516556658287399
     0.7539822368615501    -0.2513274122871838   0.005370611558502732
     0.7539822368615501    -0.1256637061435919   0.005733061695679993
     0.7539822368615501                      0    0.00586054609910767
     0.7539822368615501     0.1256637061435919   0.006175730277962057
     0.7539822368615501     0.2513274122871834   0.006783960969744031
     0.7539822368615501     0.3769911184307753   0.008693259005705296
     0.7539822368615501     0.5026548245743672    0.01641594544260873
     0.7539822368615501     0.6283185307179582    0.03584765081669924
     0.7539822368615501     0.7539822368615501    0.06676833223657531
     0.7539822368615501     0.8796459430051424    0.09831760172527543
     0.7539822368615501      1.005309649148734     0.1144177699699072
     0.7539822368615501      1.130973355292326     0.1058037808294419
     0.7539822368615501      1.256637061435917    0.07771612865287092
     0.7539822368615501      1.382300767579509    0.04549439296100825
     0.7539822368615501      1.507964473723101    0.02208654922195793
     0.7539822368615501      1.633628179866692    0.01010387050563627
     0.7539822368615501      1.759291886010284   0.005120937577478551
     0.7539822368615501      1.884955592153876   0.002891675407994063
     0.7539822368615501      2.010619298297467   0.001621728646818519
     0.7539822368615501       2.13628300444106  0.0007560985767142991
     0.7539822368615501      2.261946710584651  0.0002951608991028391
     0.7539822368615501      2.387610416728243  0.0002458952031588295
     0.7539822368615501      2.513274122871834  0.0004090242099320648
     0.7539822368615501      2.638937829015426   0.001229385416707509
     0.7539822368615501      2.764601535159018   0.003430621509975904
     0.7539822368615501      2.890265241302609   0.006728152598551237
     0.7539822368615501      3.015928947446201    0.01131023321640857
     0.8796459430051424     -3.141592653589793      0.015826962851344
     0.8796459430051424     -3.015928947446201    0.02686996078978932
     0.8796459430051424      -2.89026524130261    0.03937665038218152
     0.8796459430051424     -2.764601535159018    0.05245747921974351
     0.8796459430051424     -2.638937829015426    0.06475872194763224
     0.8796459430051424     -2.513274122871834    0.06895074563682196
     0.8796459430051424     -2.387610416728243    0.06179967460881398
     0.8796459430051424     -2.261946710584651    0.05314043590600934
     0.8796459430051424     -2.136283004441059    0.05070783854800387
     0.8796459430051424     -2.010619298297468    0.04904523408712114
     0.8796459430051424     -1.884955592153876    0.04642061100235918
     0.8796459430051424     -1.759291886010284    0.05521677448188712
     0.8796459430051424     -1.633628179866693    0.08291695208456555
     0.8796459430051424     -1.507964473723101     0.1159530379103186
     0.8796459430051424     -1.382300767579509     0.1308598295220513
     0.8796459430051424     -1.256637061435917     0.1158011816521303
     0.8796459430051424     -1.130973355292325    0.07961049951101062
     0.8796459430051424     -1.005309649148733    0.04297362790420246
     0.8796459430051424     -0.879645943005142    0.02068133871425495
     0.8796459430051424    -0.7539822368615505    0.01205262999116765
     0.8796459430051424    -0.6283185307179586    0.00854597249601877
     0.8796459430051424    -0.5026548245743667   0.005876726450785508
     0.8796459430051424    -0.3769911184307753   0.004966216491361582
     0.8796459430051424    -0.2513274122871838   0.005866496457051458
     0.8796459430051424    -0.1256637061435919   0.006608471904648578
     0.8796459430051424                      0    0.00662869774536466
     0.8796459430051424     0.1256637061435919   0.006934295195525474
     0.8796459430051424     0.2513274122871834   0.007399620728632194
     0.8796459430051424     0.3769911184307753   0.008885179397061628
     0.8796459430051424     0.5026548245743672    0.01792873818507739
     0.8796459430051424     0.6283185307179582    0.04224322753266492
     0.8796459430051424     0.7539822368615501    0.07927665460811739
     0.8796459430051424     0.8796459430051424     0.1140076816320262
     0.8796459430051424      1.005309649148734     0.1295007912157106
     0.8796459430051424      1.130973355292326     0.1184107382607409
     0.8796459430051424      1.256637061435917    0.08702500245070979
     0.8796459430051424      1.382300767579509    0.05077657335293043
     0.8796459430051424      1.507964473723101     0.0237059152315833
     0.8796459430051424      1.633628179866692   0.009974953219909558
     0.8796459430051424      1.759291886010284   0.005065646462781024
     0.8796459430051424      1.884955592153876   0.003116096822564036
     0.8796459430051424      2.010619298297467   0.001479345532025898
     0.8796459430051424       2.13628300444106  0.0002554813485142211
     0.8796459430051424      2.261946710584651 -7.051465531550177e-05
     0.8796459430051424      2.387610416728243 -6.238627509681121e-05
     0.8796459430051424      2.513274122871834 -0.0003273199678956592
     0.8796459430051424      2.638937829015426  0.0001146260745220314
     0.8796459430051424      2.764601535159018   0.002305049795568963
     0.8796459430051424      2.890265241302609   0.005289335053284779
     0.8796459430051424      3.015928947446201     0.0089035879417556
      1.005309649148734     -3.141592653589793    0.01308545883454492
      1.005309649148734     -3.015928947446201    0.02158491734385807
      1.005309649148734      -2.89026524130261    0.03122147224338912
      1.005309649148734     -2.764601535159018    0.04336339014476007
      1.005309649148734     -2.638937829015426    0.05789724063786775
      1.005309649148734     -2.513274122871834    0.06535350975712707
      1.005309649148734     -2.387610416728243     0.0602908729402955
      1.005309649148734     -2.261946710584651    0.05351670777150194
      1.005309649148734     -2.136283004441059     0.0535165409893337
      1.005309649148734     -2.010619298297468    0.05314561452555388
      1.005309649148734     -1.884955592153876    0.05085313228333036
      1.005309649148734     -1.759291886010284      0.061903089644145
      1.005309649148734     -1.633628179866693    0.09380590316555977
      1.005309649148734     -1.507964473723101      0.129445409010055
      1.005309649148734     -1.382300767579509      0.143684190428589
      1.005309649148734     -1.256637061435917     0.1264093800031557
      1.005309649148734     -1.130973355292325    0.08802935721937742
      1.005309649148734     -1.005309649148733    0.04911592127009691
      1.005309649148734     -0.879645943005142    0.02442161232238085
      1.005309649148734    -0.7539822368615505    0.01410007605070245
      1.005309649148734    -0.6283185307179586   0.009921230832642583
      1.005309649148734    -0.5026548245743667    0.00689559058843627
      1.005309649148734    -0.3769911184307753   0.005608154741264186
      1.005309649148734    -0.2513274122871838   0.006443469979949455
      1.005309649148734    -0.1256637061435919    0.00725037817696415
      1.005309649148734                      0    0.00697622263184991
      1.005309649148734     0.1256637061435919   0.006803208954286506
      1.005309649148734     0.2513274122871834   0.006844728182093101
      1.005309649148734     0.3769911184307753   0.007879968755140871
      1.005309649148734     0.5026548245743672    0.01690668712535321
      1.005309649148734     0.6283185307179582    0.04188486563456398
      1.005309649148734     0.7539822368615501    0.07893701327712434
      1.005309649148734     0.8796459430051424      0.112067917478349
      1.005309649148734      1.005309649148734      0.125926950926026
      1.005309649148734      1.130973355292326     0.1150868649387051
      1.005309649148734      1.256637061435917    0.08520612902418004
      1.005309649148734      1.382300767579509    0.04989472618996005
      1.005309649148734      1.507964473723101    0.02285000975989966
      1.005309649148734      1.633628179866692   0.009159380132443207
      1.005309649148734      1.759291886010284   0.004673296327442155
      1.005309649148734      1.884955592153876   0.003029380409372116
      1.005309649148734      2.010619298297467   0.001350861023288995
      1.005309649148734       2.13628300444106  0.0001078089573709837
      1.005309649148734      2.261946710584651 -5.881558696879826e-05
      1.005309649148734      2.387610416728243  1.192707878776159e-05
      1.005309649148734      2.513274122871834 -0.0003566906645991188
      1.005309649148734      2.638937829015426  5.608539066194462e-05
      1.005309649148734      2.764601535159018    0.00227651747088937
      1.005309649148734      2.890265241302609   0.004976987377791684
      1.005309649148734      3.015928947446201   0.007734683172878058
      1.130973355292326     -3.141592653589793    0.01301318788373199
      1.130973355292326     -3.015928947446201    0.02044119367123357
      1.130973355292326      -2.89026524130261    0.02954787359920654
      1.130973355292326     -2.764601535159018    0.04155879248468543
      1.130973355292326     -2.638937829015426    0.05553719808888685
      1.130973355292326     -2.513274122871834    0.06264862736143663
      1.130973355292326     -2.387610416728243    0.05847635940940543
      1.130973355292326     -2.261946710584651    0.05290156278801235
      1.130973355292326     -2.136283004441059    0.05318683065471486
      1.130973355292326     -2.010619298297468    0.05279594098538358
      1.130973355292326     -1.884955592153876    0.05074924584567852
      1.130973355292326     -1.759291886010284    0.06136917177577479
      1.130973355292326     -1.633628179866693    0.09161124679524774
      1.130973355292326     -1.507964473723101     0.1253884082481969
      1.130973355292326     -1.382300767579509     0.1392138208294656
      1.130973355292326     -1.256637061435917     0.1242258186877583
      1.130973355292326     -1.130973355292325    0.09023426328329882
      1.130973355292326     -1.005309649148733    0.05464510339122568
      1.130973355292326     -0.879645943005142     0.0297372473091863
      1.130973355292326    -0.7539822368615505    0.01722515933305158
      1.130973355292326    -0.6283185307179586    0.01176971581976707
      1.130973355292326    -0.5026548245743667   0.008520456923881278
      1.130973355292326    -0.3769911184307753   0.006794987142945151
      1.130973355292326    -0.2513274122871838   0.007037223317233749
      1.130973355292326    -0.1256637061435919   0.007604787650542266
      1.130973355292326                      0   0.007129173027684064
      1.130973355292326     0.1256637061435919   0.006543071375392429
      1.130973355292326     0.2513274122871834   0.006274540749938435
      1.130973355292326     0.3769911184307753   0.006997628896921321
      1.130973355292326     0.5026548245743672    0.01458885345698982
      1.130973355292326     0.6283185307179582    0.03564300720131679
      1.130973355292326     0.7539822368615501    0.06628136191343148
      1.130973355292326     0.8796459430051424    0.09297242925415251
      1.130973355292326      1.005309649148734     0.1040567354221089
      1.130973355292326      1.130973355292326    0.09582921473953342
      1.130973355292326      1.256637061435917    0.07212600961790439
      1.130973355292326      1.382300767579509    0.04312015995608381
      1.130973355292326      1.507964473723101    0.02027647836154668
      1.130973355292326      1.633628179866692   0.008490313120240581
      1.130973355292326      1.759291886010284   0.004536776910343304
      1.130973355292326      1.884955592153876   0.003006765256296197
      1.130973355292326      2.010619298297467   0.001493312153935645
      1.130973355292326       2.13628300444106  0.0004328385831362342
      1.130973355292326      2.261946710584651  0.0002885684229449314
      1.130973355292326      2.387610416728243  0.0003402483149551572
      1.130973355292326      2.513274122871834   0.000179195407655447
      1.130973355292326      2.638937829015426  0.0008964485071425391
      1.130973355292326      2.764601535159018   0.003195593556968639
      1.130973355292326      2.890265241302609   0.005825122360998967
      1.130973355292326      3.015928947446201   0.008389955343702033
      1.256637061435917     -3.141592653589793    0.01465073215562139
      1.256637061435917     -3.015928947446201    0.02292143079178974
      1.256637061435917      -2.89026524130261    0.03328862308163787
      1.256637061435917     -2.764601535159018    0.04543175357191291
      1.256637061435917     -2.638937829015426    0.05717665276670635
      1.256637061435917     -2.513274122871834    0.06168941539468378
      1.256637061435917     -2.387610416728243    0.05670342988041951
      1.256637061435917     -2.261946710584651    0.05064960760130984
      1.256637061435917     -2.136283004441059    0.04939306696687096
      1.256637061435917     -2.010619298297468    0.04808130906067824
      1.256637061435917     -1.884955592153876    0.04601578487086861
      1.256637061435917     -1.759291886010284    0.05455332114169636
      1.256637061435917     -1.633628179866693    0.07980991965222159
      1.256637061435917     -1.507964473723101     0.1089813145898579
      1.256637061435917     -1.382300767579509     0.1216892296213843
      1.256637061435917     -1.256637061435917     0.1094549769064756
      1.256637061435917     -1.130973355292325    0.08061197570100076
      1.256637061435917     -1.005309649148733    0.05011032550959782
      1.256637061435917     -0.879645943005142     0.0281755532209594
      1.256637061435917    -0.7539822368615505    0.01661243912402982
      1.256637061435917    -0.6283185307179586    0.01157576805446427
      1.256637061435917    -0.5026548245743667   0.008850579752015015
      1.256637061435917    -0.3769911184307753   0.007295998678082512
      1.256637061435917    -0.2513274122871838   0.007239510201511021
      1.256637061435917    -0.1256637061435919   0.007590238204673093
      1.256637061435917                      0   0.007245230570775469
      1.256637061435917     0.1256637061435919   0.006862524031629826
      1.256637061435917     0.2513274122871834   0.006749429487027891
      1.256637061435917     0.3769911184307753   0.007412439440020868
      1.256637061435917     0.5026548245743672    0.01355895713697359
      1.256637061435917     0.6283185307179582    0.03040931903531918
      1.256637061435917     0.7539822368615501    0.05466878025710736
      1.256637061435917     0.8796459430051424    0.07556342431881145
      1.256637061435917      1.005309649148734    0.08424639960027663
      1.256637061435917      1.130973355292326    0.07805329964148712
      1.256637061435917      1.256637061435917    0.05971640087624974
      1.256637061435917      1.382300767579509    0.03685290590179834
      1.256637061435917      1.507964473723101    0.01846331912223578
      1.256637061435917      1.633628179866692   0.008597836428332738
      1.256637061435917      1.759291886010284   0.004902251727146431
      1.256637061435917      1.884955592153876   0.003263219824812366
      1.256637061435917      2.010619298297467   0.001826677359004046
      1.256637061435917       2.13628300444106  0.0008277623617981272
      1.256637061435917      2.261946710584651  0.0005392096711847156
      1.256637061435917      2.387610416728243  0.0004880572144668402
      1.256637061435917      2.513274122871834  0.0005126659190681495
      1.256637061435917      2.638937829015426   0.001464824653237902
      1.256637061435917      2.764601535159018   0.003785872726472245
      1.256637061435917      2.890265241302609   0.006512559302702165
      1.256637061435917      3.015928947446201   0.009493967839552059
      1.382300767579509     -3.141592653589793    0.01470956181505398
      1.382300767579509     -3.015928947446201    0.02348467863776311
      1.382300767579509      -2.89026524130261    0.03438625361505434
      1.382300767579509     -2.764601535159018    0.04595243883254509
      1.382300767579509     -2.638937829015426    0.05552280679965081
      1.382300767579509     -2.513274122871834    0.05799166825046317
      1.382300767579509     -2.387610416728243    0.05246760582894035
      1.382300767579509     -2.261946710584651    0.04609503939677849
      1.382300767579509     -2.136283004441059    0.04377601315357564
      1.382300767579509     -2.010619298297468    0.04195620621609577
      1.382300767579509     -1.884955592153876    0.03991650240431496
      1.382300767579509     -1.759291886010284    0.04655475589420536
      1.382300767579509     -1.633628179866693    0.06753232316885553
      1.382300767579509     -1.507964473723101    0.09306466494708465
      1.382300767579509     -1.382300767579509     0.1053462866636735
      1.382300767579509     -1.256637061435917    0.09563161866598432
      1.382300767579509     -1.130973355292325    0.07061991089017132
      1.382300767579509     -1.005309649148733     0.0438905190823201
      1.382300767579509     -0.879645943005142    0.02475077304483052
      1.382300767579509    -0.7539822368615505    0.01460971841524558
      1.382300767579509    -0.6283185307179586    0.01004087572596969
      1.382300767579509    -0.5026548245743667   0.007586662192649168
      1.382300767579509    -0.3769911184307753   0.006279023019635819
      1.382300767579509    -0.2513274122871838   0.006215854573234245
      1.382300767579509    -0.1256637061435919   0.006492479869332934
      1.382300767579509                      0   0.006299274029070994
      1.382300767579509     0.1256637061435919   0.006125622239476286
      1.382300767579509     0.2513274122871834   0.006200852423355029
      1.382300767579509     0.3769911184307753   0.007081866048975741
      1.382300767579509     0.5026548245743672    0.01278901386308369
      1.382300767579509     0.6283185307179582    0.02797360197684605
      1.382300767579509     0.7539822368615501    0.05045733548081437
      1.382300767579509     0.8796459430051424    0.07092298468723647
      1.382300767579509      1.005309649148734    0.08015152945122617
      1.382300767579509      1.130973355292326    0.07435069533909583
      1.382300767579509      1.256637061435917    0.05636270443207311
      1.382300767579509      1.382300767579509    0.03446060744784227
      1.382300767579509      1.507964473723101    0.01733837095971526
      1.382300767579509      1.633628179866692     0.0082023154458117
      1.382300767579509      1.759291886010284   0.004575546160691796
      1.382300767579509      1.884955592153876   0.002921040608800662
      1.382300767579509      2.010619298297467   0.001672167283210187
      1.382300767579509       2.13628300444106  0.0008146214584729703
      1.382300767579509      2.261946710584651  0.0004898180922805106
      1.382300767579509      2.387610416728243  0.0004279570672675664
      1.382300767579509      2.513274122871834  0.0005242828981307085
      1.382300767579509      2.638937829015426   0.001413314616153475
      1.382300767579509      2.764601535159018   0.003506944086336258
      1.382300767579509      2.890265241302609   0.006131403764110326
      1.382300767579509      3.015928947446201   0.009264784227611619
      1.507964473723101     -3.141592653589793    0.01303765890351123
      1.507964473723101     -3.015928947446201    0.02103163482497561
      1.507964473723101      -2.89026524130261    0.03140606812298828
      1.507964473723101     -2.764601535159018    0.04200316467707591
      1.507964473723101     -2.638937829015426    0.04976373900580939
      1.507964473723101     -2.513274122871834    0.05113753522602774
      1.507964473723101     -2.387610416728243    0.04638498785904716
      1.507964473723101     -2.261946710584651     0.0411253341721915
      1.507964473723101     -2.136283004441059    0.03896353179657757
      1.507964473723101     -2.010619298297468    0.03731857648542293
      1.507964473723101     -1.884955592153876    0.03552736557012343
      1.507964473723101     -1.759291886010284    0.04074310559842292
      1.507964473723101     -1.633628179866693    0.05898828536137996
      1.507964473723101     -1.507964473723101    0.08347089739836666
      1.507964473723101     -1.382300767579509    0.09808170285502964
      1.507964473723101     -1.256637061435917    0.09300774318578495
      1.507964473723101     -1.130973355292325    0.07272603157774066
      1.507964473723101     -1.005309649148733    0.04863554829515535
      1.507964473723101     -0.879645943005142    0.02901930627585779
      1.507964473723101    -0.7539822368615505    0.01646309890705289
      1.507964473723101    -0.6283185307179586   0.009711358393583046
      1.507964473723101    -0.5026548245743667   0.006193124344550575
      1.507964473723101    -0.3769911184307753    0.00442094767115412
      1.507964473723101    -0.2513274122871838   0.004059884304660883
      1.507964473723101    -0.1256637061435919   0.004237119110633979
      1.507964473723101                      0   0.003903077794654706
      1.507964473723101     0.1256637061435919   0.003269228940649448
      1.507964473723101     0.2513274122871834   0.003134419538148585
      1.507964473723101     0.3769911184307753   0.004566113990346193
      1.507964473723101     0.5026548245743672    0.01074408207415647
      1.507964473723101     0.6283185307179582    0.02608314447354427
      1.507964473723101     0.7539822368615501    0.05063612296654493
      1.507964473723101     0.8796459430051424    0.07622505849498819
      1.507964473723101      1.005309649148734    0.09012563069872313
      1.507964473723101      1.130973355292326    0.08421387844932435
      1.507964473723101      1.256637061435917    0.06182719785128199
      1.507964473723101      1.382300767579509    0.03542492781741829
      1.507964473723101      1.507964473723101    0.01627369667536452
      1.507964473723101      1.633628179866692   0.006780347394449991
      1.507964473723101      1.759291886010284     0.0030478788489684
      1.507964473723101      1.884955592153876   0.001505012086913888
      1.507964473723101      2.010619298297467  0.0008183692877812431
      1.507964473723101       2.13628300444106  0.0004906365654643043
      1.507964473723101      2.261946710584651  0.0003691175255616404
      1.507964473723101      2.387610416728243  0.0004766549892042054
      1.507964473723101      2.513274122871834  0.0007479886862538968
      1.507964473723101      2.638937829015426   0.001498320005257769
      1.507964473723101      2.764601535159018    0.00318866275321637
      1.507964473723101      2.890265241302609   0.005489567697695172
      1.507964473723101      3.015928947446201   0.008285105685938855
      1.633628179866692     -3.141592653589793    0.01376207979369435
      1.633628179866692     -3.015928947446201    0.02219458230889691
      1.633628179866692      -2.89026524130261    0.03352745899440344
      1.633628179866692     -2.764601535159018    0.04419810941772182
      1.633628179866692     -2.638937829015426    0.05017804339721763
      1.633628179866692     -2.513274122871834     0.0497609168350669
      1.633628179866692     -2.387610416728243    0.04496946743280537
      1.633628179866692     -2.261946710584651    0.04003377489460654
      1.633628179866692     -2.136283004441059    0.03729284844490658
      1.633628179866692     -2.010619298297468    0.03538730666548774
      1.633628179866692     -1.884955592153876    0.03362354088561995
      1.633628179866692     -1.759291886010284    0.03720124490910413
      1.633628179866692     -1.633628179866693    0.05296557183666999
      1.633628179866692     -1.507964473723101    0.07752535401168351
      1.633628179866692     -1.382300767579509    0.09574388973984886
      1.633628179866692     -1.256637061435917    0.09576466286007564
      1.633628179866692     -1.130973355292325    0.07980965671040841
      1.633628179866692     -1.005309649148733    0.05751326086300634
      1.633628179866692     -0.879645943005142    0.03632976044175412
      1.633628179866692    -0.7539822368615505    0.02029286694429614
      1.633628179866692    -0.6283185307179586    0.01069848025623568
      1.633628179866692    -0.5026548245743667   0.005870587380832133
      1.633628179866692    -0.3769911184307753   0.003497918446068541
      1.633628179866692    -0.2513274122871838   0.002682740634727279
      1.633628179866692    -0.1256637061435919   0.002682725554197152
      1.633628179866692                      0   0.002233590089790126
      1.633628179866692     0.1256637061435919   0.001180647071163391
      1.633628179866692     0.2513274122871834  0.0009077436385010384
      1.633628179866692     0.3769911184307753   0.003105184592038748
      1.633628179866692     0.5026548245743672    0.01015349995911509
      1.633628179866692     0.6283185307179582    0.02633321389909866
      1.633628179866692     0.7539822368615501    0.05418296354447733
      1.633628179866692     0.8796459430051424    0.08654869565481257
      1.633628179866692      1.005309649148734     0.1063341323637529
      1.633628179866692      1.130973355292326     0.1001942042034573
      1.633628179866692      1.256637061435917    0.07207323384983261
      1.633628179866692      1.382300767579509     0.0395888778649222
      1.633628179866692      1.507964473723101    0.01729513870126849
      1.633628179866692      1.633628179866692   0.006719238594696185
      1.633628179866692      1.759291886010284   0.002286652359348544
      1.633628179866692      1.884955592153876  0.0004808135254022539
      1.633628179866692      2.010619298297467  0.0002708475976349637
      1.633628179866692       2.13628300444106  0.0004487631161828415
      1.633628179866692      2.261946710584651  0.0004286880038352502
      1.633628179866692      2.387610416728243  0.0006699633904824432
      1.633628179866692      2.513274122871834    0.00125501590950482
      1.633628179866692      2.638937829015426   0.002103607264107745
      1.633628179866692      2.764601535159018   0.003658855595667382
      1.633628179866692      2.890265241302609   0.005975440855592984
      1.633628179866692      3.015928947446201   0.008924330156162667
      1.759291886010284     -3.141592653589793    0.01860026971956005
      1.759291886010284     -3.015928947446201    0.02978482077425322
      1.759291886010284      -2.89026524130261    0.04406165546428856
      1.759291886010284     -2.764601535159018       0.05607927948666
      1.759291886010284     -2.638937829015426     0.0608788693307511
      1.759291886010284     -2.513274122871834    0.05809327929263338
      1.759291886010284     -2.387610416728243    0.05125227013179685
      1.759291886010284     -2.261946710584651    0.04431346388715836
      1.759291886010284     -2.136283004441059    0.03949427206950934
      1.759291886010284     -2.010619298297468    0.03649416708472308
      1.759291886010284     -1.884955592153876    0.03428138859288696
      1.759291886010284     -1.759291886010284    0.03636182172078015
      1.759291886010284     -1.633628179866693    0.05000971754569321
      1.759291886010284     -1.507964473723101    0.07399194790499043
      1.759291886010284     -1.382300767579509    0.09339285724384501
      1.759291886010284     -1.256637061435917    0.09471517431869132
      1.759291886010284     -1.130973355292325    0.07948894130226282
      1.759291886010284     -1.005309649148733    0.05783569415709049
      1.759291886010284     -0.879645943005142     0.0372954209342598
      1.759291886010284    -0.7539822368615505    0.02151434147925793
      1.759291886010284    -0.6283185307179586     0.0118800822647718
      1.759291886010284    -0.5026548245743667   0.007145765743111692
      1.759291886010284    -0.3769911184307753   0.004917318135459718
      1.759291886010284    -0.2513274122871838    0.00396432218403689
      1.759291886010284    -0.1256637061435919    0.00380408634456962
      1.759291886010284                      0   0.003593025316072135
      1.759291886010284     0.1256637061435919   0.002981300292084261
      1.759291886010284     0.2513274122871834   0.003096099095186677
      1.759291886010284     0.3769911184307753   0.005770989162724782
      1.759291886010284     0.5026548245743672    0.01334097281969688
      1.759291886010284     0.6283185307179582     0.0300810340809849
      1.759291886010284     0.7539822368615501    0.05925410773072624
      1.759291886010284     0.8796459430051424    0.09396636937710018
      1.759291886010284      1.005309649148734     0.1156220937611203
      1.759291886010284      1.130973355292326     0.1092296856091203
      1.759291886010284      1.256637061435917    0.07915388326502058
      1.759291886010284      1.382300767579509    0.04474288554779551
      1.759291886010284      1.507964473723101    0.02128116973954439
      1.759291886010284      1.633628179866692   0.009680571601035689
      1.759291886010284      1.759291886010284   0.004034011158271763
      1.759291886010284      1.884955592153876   0.001390440410349551
      1.759291886010284      2.010619298297467  0.0009797303863252034
      1.759291886010284       2.13628300444106   0.001055927920686702
      1.759291886010284      2.261946710584651  0.0007417791477503129
      1.759291886010284      2.387610416728243   0.000857981618932272
      1.759291886010284      2.513274122871834    0.00170511049313184
      1.759291886010284      2.638937829015426   0.002977997499775665
      1.759291886010284      2.764601535159018     0.0049733197364544
      1.759291886010284      2.890265241302609      0.007912888713021
      1.759291886010284      3.015928947446201     0.0119358489017562
      1.884955592153876     -3.141592653589793    0.02400353755312188
      1.884955592153876     -3.015928947446201    0.03762088836023859
      1.884955592153876      -2.89026524130261    0.05421087167357759
      1.884955592153876     -2.764601535159018    0.06756110893416221
      1.884955592153876     -2.638937829015426    0.07228805002020135
      1.884955592153876     -2.513274122871834    0.06821504358686471
      1.884955592153876     -2.387610416728243    0.05937851666552575
      1.884955592153876     -2.261946710584651    0.05027592076983854
      1.884955592153876     -2.136283004441059    0.04368517375937689
      1.884955592153876     -2.010619298297468    0.03967766358327883
      1.884955592153876     -1.884955592153876    0.03700116889882814
      1.884955592153876     -1.759291886010284    0.03854272506145139
      1.884955592153876     -1.633628179866693    0.05120209629804211
      1.884955592153876     -1.507964473723101    0.07370807638336156
      1.884955592153876     -1.382300767579509    0.09119937989506004
      1.884955592153876     -1.256637061435917    0.09057044253766799
      1.884955592153876     -1.130973355292325    0.07427967135133508
      1.884955592153876     -1.005309649148733    0.05323050341781212
      1.884955592153876     -0.879645943005142    0.03472359136190917
      1.884955592153876    -0.7539822368615505     0.0213205437163652
      1.884955592153876    -0.6283185307179586    0.01352613632244233
      1.884955592153876    -0.5026548245743667   0.009920747232815061
      1.884955592153876    -0.3769911184307753   0.008196401583298891
      1.884955592153876    -0.2513274122871838   0.007209654938325344
      1.884955592153876    -0.1256637061435919   0.006892949938235866
      1.884955592153876                      0   0.006989355277473033
      1.884955592153876     0.1256637061435919   0.007120601460276757
      1.884955592153876     0.2513274122871834   0.007705823447106509
      1.884955592153876     0.3769911184307753    0.01019770992778277
      1.884955592153876     0.5026548245743672    0.01718943339149357
      1.884955592153876     0.6283185307179582    0.03256132539475005
      1.884955592153876     0.7539822368615501    0.05825765435513078
      1.884955592153876     0.8796459430051424    0.08769125078648922
      1.884955592153876      1.005309649148734     0.1055903829506573
      1.884955592153876      1.130973355292326     0.1000883601442669
      1.884955592153876      1.256637061435917    0.07482177581871745
      1.884955592153876      1.382300767579509    0.04554042070131633
      1.884955592153876      1.507964473723101    0.02480627958928919
      1.884955592153876      1.633628179866692    0.01346500056405281
      1.884955592153876      1.759291886010284   0.006990567728862277
      1.884955592153876      1.884955592153876   0.003490000249818394
      1.884955592153876      2.010619298297467   0.002457111830326075
      1.884955592153876       2.13628300444106   0.002035413448883066
      1.884955592153876      2.261946710584651   0.001259973976764705
      1.884955592153876      2.387610416728243   0.001091314247165788
      1.884955592153876      2.513274122871834   0.002100765276150778
      1.884955592153876      2.638937829015426   0.003988605536151163
      1.884955592153876      2.764601535159018   0.006729045903280158
      1.884955592153876      2.890265241302609    0.01040932050094955
      1.884955592153876      3.015928947446201    0.01551538711807168
      2.010619298297467     -3.141592653589793    0.02706860271829187
      2.010619298297467     -3.015928947446201    0.04143318752909589
      2.010619298297467      -2.89026524130261    0.05895196028142017
      2.010619298297467     -2.764601535159018    0.07305561312692284
      2.010619298297467     -2.638937829015426    0.07774599035421223
      2.010619298297467     -2.513274122871834     0.0729998692775408
      2.010619298297467     -2.387610416728243    0.06348419685463828
      2.010619298297467     -2.261946710584651    0.05372483229553691
      2.010619298297467     -2.136283004441059    0.04631709982997946
      2.010619298297467     -2.010619298297468    0.04171105734556357
      2.010619298297467     -1.884955592153876    0.03889796908066827
      2.010619298297467     -1.759291886010284    0.04016968093579027
      2.010619298297467     -1.633628179866693    0.05166310805250084
      2.010619298297467     -1.507964473723101    0.07205185679641962
      2.010619298297467     -1.382300767579509    0.08735896013440228
      2.010619298297467     -1.256637061435917    0.08591098559520959
      2.010619298297467     -1.130973355292325    0.07081593415487303
      2.010619298297467     -1.005309649148733    0.05185237286875398
      2.010619298297467     -0.879645943005142    0.03480963259076878
      2.010619298297467    -0.7539822368615505     0.0222511198187053
      2.010619298297467    -0.6283185307179586    0.01540187600987031
      2.010619298297467    -0.5026548245743667    0.01263288481201963
      2.010619298297467    -0.3769911184307753    0.01107471747140208
      2.010619298297467    -0.2513274122871838   0.009796819921194038
      2.010619298297467    -0.1256637061435919   0.009275830377855225
      2.010619298297467                      0   0.009459493692484311
      2.010619298297467     0.1256637061435919   0.009874376635671705
      2.010619298297467     0.2513274122871834     0.0105825050223823
      2.010619298297467     0.3769911184307753    0.01260002653751005
      2.010619298297467     0.5026548245743672    0.01812565351016876
      2.010619298297467     0.6283185307179582    0.02995859754380829
      2.010619298297467     0.7539822368615501    0.04872443609636048
      2.010619298297467     0.8796459430051424     0.0693826854319478
      2.010619298297467      1.005309649148734    0.08195998677379943
      2.010619298297467      1.130973355292326    0.07870089287127131
      2.010619298297467      1.256637061435917    0.06152269478904685
      2.010619298297467      1.382300767579509    0.04069784527784769
      2.010619298297467      1.507964473723101    0.02499567245124746
      2.010619298297467      1.633628179866692    0.01528344192361389
      2.010619298297467      1.759291886010284   0.008823029058401037
      2.010619298297467      1.884955592153876   0.004949923545475771
      2.010619298297467      2.010619298297467   0.003546764076554478
      2.010619298297467       2.13628300444106   0.002830570009547587
      2.010619298297467      2.261946710584651   0.001770744774557371
      2.010619298297467      2.387610416728243   0.001389524858335519
      2.010619298297467      2.513274122871834   0.002555096880331017
      2.010619298297467      2.638937829015426   0.004975002372250474
      2.010619298297467      2.764601535159018   0.008234290246064545
      2.010619298297467      2.890265241302609    0.01231336959554348
      2.010619298297467      3.015928947446201    0.01793149121312814
       2.13628300444106     -3.141592653589793    0.02804673515323206
       2.13628300444106     -3.015928947446201    0.04252577269404285
       2.13628300444106      -2.89026524130261    0.06062760962525835
       2.13628300444106     -2.764601535159018    0.07509588666652174
       2.13628300444106     -2.638937829015426    0.07896010170342407
       2.13628300444106     -2.513274122871834    0.07306886225815559
       2.13628300444106     -2.387610416728243    0.06338342728441872
       2.13628300444106     -2.261946710584651    0.05369166450379054
       2.13628300444106     -2.136283004441059     0.0456359987219507
       2.13628300444106     -2.010619298297468    0.04051987875907374
       2.13628300444106     -1.884955592153876    0.03775053335679378
       2.13628300444106     -1.759291886010284    0.03823075125209287
       2.13628300444106     -1.633628179866693    0.04740986256717042
       2.13628300444106     -1.507964473723101     0.0652732628914781
       2.13628300444106     -1.382300767579509    0.07953885871072849
       2.13628300444106     -1.256637061435917    0.07939338811777534
       2.13628300444106     -1.130973355292325    0.06748010595996977
       2.13628300444106     -1.005309649148733    0.05157127108826488
       2.13628300444106     -0.879645943005142    0.03569620074754673
       2.13628300444106    -0.7539822368615505     0.0229655358805117
       2.13628300444106    -0.6283185307179586    0.01613490745521141
       2.13628300444106    -0.5026548245743667    0.01370048565222678
       2.13628300444106    -0.3769911184307753    0.01210123424677631
       2.13628300444106    -0.2513274122871838    0.01048466684009828
       2.13628300444106    -0.1256637061435919   0.009789582476461415
       2.13628300444106                      0   0.009960428125550003
       2.13628300444106     0.1256637061435919    0.01035080317922534
       2.13628300444106     0.2513274122871834    0.01101745809138321
       2.13628300444106     0.3769911184307753    0.01273943861991265
       2.13628300444106     0.5026548245743672    0.01683029866969096
       2.13628300444106     0.6283185307179582    0.02489804894376211
       2.13628300444106     0.7539822368615501    0.03738250833119616
       2.13628300444106     0.8796459430051424    0.05138196392602649
       2.13628300444106      1.005309649148734    0.06061310265266512
       2.13628300444106      1.130973355292326    0.05948960049954803
       2.13628300444106      1.256637061435917    0.04849237766111841
       2.13628300444106      1.382300767579509    0.03427859292402403
       2.13628300444106      1.507964473723101    0.02295133536554162
       2.13628300444106      1.633628179866692    0.01510593447151495
       2.13628300444106      1.759291886010284   0.009112606425884132
       2.13628300444106      1.884955592153876   0.005281728082480417
       2.13628300444106      2.010619298297467   0.003888706663055841
       2.13628300444106       2.13628300444106   0.003180240830941932
       2.13628300444106      2.261946710584651    0.00204146246533269
       2.13628300444106      2.387610416728243   0.001578298845999821
       2.13628300444106      2.513274122871834    0.00286868570764033
       2.13628300444106      2.638937829015426   0.005530692803258495
       2.13628300444106      2.764601535159018    0.00889357447934129
       2.13628300444106      2.890265241302609    0.01304503219600967
       2.13628300444106      3.015928947446201    0.01884156515014418
      2.261946710584651     -3.141592653589793    0.02667240837257049
      2.261946710584651     -3.015928947446201    0.03995503975513273
      2.261946710584651      -2.89026524130261    0.05682328201874328
      2.261946710584651     -2.764601535159018    0.07048621343166053
      2.261946710584651     -2.638937829015426    0.07407923395349046
      2.261946710584651     -2.513274122871834    0.06847512873265033
      2.261946710584651     -2.387610416728243    0.05958729637482522
      2.261946710584651     -2.261946710584651     0.0507760279944711
      2.261946710584651     -2.136283004441059    0.04322495119486287
      2.261946710584651     -2.010619298297468    0.03832912910727553
      2.261946710584651     -1.884955592153876    0.03579491862717516
      2.261946710584651     -1.759291886010284     0.0362088172310401
      2.261946710584651     -1.633628179866693    0.04424955196684907
      2.261946710584651     -1.507964473723101    0.05992868269360065
      2.261946710584651     -1.382300767579509    0.07239164892606509
      2.261946710584651     -1.256637061435917     0.0724016977025857
      2.261946710584651     -1.130973355292325    0.06256052906853476
      2.261946710584651     -1.005309649148733    0.04901744562638699
      2.261946710584651     -0.879645943005142    0.03449749247099185
      2.261946710584651    -0.7539822368615505    0.02231727041376314
      2.261946710584651    -0.6283185307179586    0.01593869705845129
      2.261946710584651    -0.5026548245743667    0.01386801457605878
      2.261946710584651    -0.3769911184307753     0.0123086846353493
      2.261946710584651    -0.2513274122871838    0.01058330902871785
      2.261946710584651    -0.1256637061435919   0.009833061632077868
      2.261946710584651                      0   0.009948692084597609
      2.261946710584651     0.1256637061435919    0.01025884191496554
      2.261946710584651     0.2513274122871834    0.01080790236307087
      2.261946710584651     0.3769911184307753    0.01214138727603371
      2.261946710584651     0.5026548245743672     0.0150908913156785
      2.261946710584651     0.6283185307179582    0.02049167777947355
      2.261946710584651     0.7539822368615501    0.02827203585701901
      2.261946710584651     0.8796459430051424    0.03677803296216806
      2.261946710584651      1.005309649148734      0.042851237314437
      2.261946710584651      1.130973355292326    0.04315763055651853
      2.261946710584651      1.256637061435917    0.03712888803668943
      2.261946710584651      1.382300767579509    0.02824630834420901
      2.261946710584651      1.507964473723101    0.02039563359424985
      2.261946710584651      1.633628179866692     0.0141622367365908
      2.261946710584651      1.759291886010284   0.008845954409427315
      2.261946710584651      1.884955592153876   0.005281114129112679
      2.261946710584651      2.010619298297467   0.003926193373732733
      2.261946710584651       2.13628300444106     0.0032249480787532
      2.261946710584651      2.261946710584651   0.002110349150956517
      2.261946710584651      2.387610416728243   0.001620146563283187
      2.261946710584651      2.513274122871834   0.002891520101569788
      2.261946710584651      2.638937829015426   0.005565210972562425
      2.261946710584651      2.764601535159018   0.008836962348233428
      2.261946710584651      2.890265241302609    0.01276360995347166
      2.261946710584651      3.015928947446201    0.01819986698356423
      2.387610416728243     -3.141592653589793    0.02313827268745679
      2.387610416728243     -3.015928947446201    0.03336160456593749
      2.387610416728243      -2.89026524130261     0.0463640838178309
      2.387610416728243     -2.764601535159018    0.05770985683481655
      2.387610416728243     -2.638937829015426    0.06223651024795239
      2.387610416728243     -2.513274122871834    0.05929058048846308
      2.387610416728243     -2.387610416728243    0.05260044769326661
      2.387610416728243     -2.261946710584651    0.04579297708605082
      2.387610416728243     -2.136283004441059    0.04047375753797759
      2.387610416728243     -2.010619298297468    0.03684633199604059
      2.387610416728243     -1.884955592153876    0.03478701868273373
      2.387610416728243     -1.759291886010284    0.03644996741351339
      2.387610416728243     -1.633628179866693    0.04548406322179493
      2.387610416728243     -1.507964473723101    0.05942722434675401
      2.387610416728243     -1.382300767579509    0.06830789493674802
      2.387610416728243     -1.256637061435917    0.06616653348013739
      2.387610416728243     -1.130973355292325    0.05671476838576312
      2.387610416728243     -1.005309649148733    0.04471085299584415
      2.387610416728243     -0.879645943005142    0.03172825455044762
      2.387610416728243    -0.7539822368615505    0.02096160057810565
      2.387610416728243    -0.6283185307179586    0.01574644655428778
      2.387610416728243    -0.5026548245743667     0.0142590090270617
      2.387610416728243    -0.3769911184307753     0.0128265847236773
      2.387610416728243    -0.2513274122871838    0.01117701966008606
      2.387610416728243    -0.1256637061435919    0.01045722401873841
      2.387610416728243                      0     0.0104481426127571
      2.387610416728243     0.1256637061435919      0.010644596103503
      2.387610416728243     0.2513274122871834    0.01096410366222597
      2.387610416728243     0.3769911184307753    0.01159757870674664
      2.387610416728243     0.5026548245743672    0.01349695960744715
      2.387610416728243     0.6283185307179582    0.01706488301843057
      2.387610416728243     0.7539822368615501    0.02057254728619217
      2.387610416728243     0.8796459430051424    0.02256118492091255
      2.387610416728243      1.005309649148734    0.02400105164339025
      2.387610416728243      1.130973355292326    0.02544542649876957
      2.387610416728243      1.256637061435917    0.02519213683052986
      2.387610416728243      1.382300767579509    0.02228998254212973
      2.387610416728243      1.507964473723101    0.01792566933435038
      2.387610416728243      1.633628179866692    0.01319960619732055
      2.387610416728243      1.759291886010284   0.008685473197330873
      2.387610416728243      1.884955592153876    0.00546980790068295
      2.387610416728243      2.010619298297467   0.004010591016070859
      2.387610416728243       2.13628300444106    0.00319145690655036
      2.387610416728243      2.261946710584651   0.002135979569739993
      2.387610416728243      2.387610416728243   0.001618924294732139
      2.387610416728243      2.513274122871834   0.002748022440880037
      2.387610416728243      2.638937829015426   0.005370638538817736
      2.387610416728243      2.764601535159018   0.008555660369035763
      2.387610416728243      2.890265241302609    0.01200957198472509
      2.387610416728243      3.015928947446201    0.01643908781069083
      2.513274122871834     -3.141592653589793    0.02070369663673182
      2.513274122871834     -3.015928947446201    0.02915415345227316
      2.513274122871834      -2.89026524130261    0.03963142610719273
      2.513274122871834     -2.764601535159018    0.04904118238433962
      2.513274122871834     -2.638937829015426    0.05351949702416417
      2.513274122871834     -2.513274122871834    0.05180182507790819
      2.513274122871834     -2.387610416728243    0.04626813586373927
      2.513274122871834     -2.261946710584651    0.04047317044991549
      2.513274122871834     -2.136283004441059    0.03627955391431874
      2.513274122871834     -2.010619298297468    0.03337650512153343
      2.513274122871834     -1.884955592153876    0.03161188539868422
      2.513274122871834     -1.759291886010284    0.03353175287044492
      2.513274122871834     -1.633628179866693     0.0419127818141819
      2.513274122871834     -1.507964473723101    0.05337538524409806
      2.513274122871834     -1.382300767579509    0.05930024681964752
      2.513274122871834     -1.256637061435917    0.05586833454971007
      2.513274122871834     -1.130973355292325    0.04716713100345478
      2.513274122871834     -1.005309649148733    0.03713403923729815
      2.513274122871834     -0.879645943005142    0.02667171568809413
      2.513274122871834    -0.7539822368615505    0.01826885536929707
      2.513274122871834    -0.6283185307179586    0.01456845448799855
      2.513274122871834    -0.5026548245743667    0.01376207797104877
      2.513274122871834    -0.3769911184307753    0.01266711581506277
      2.513274122871834    -0.2513274122871838    0.01122083068097843
      2.513274122871834    -0.1256637061435919    0.01054616270433014
      2.513274122871834                      0    0.01056957573224439
      2.513274122871834     0.1256637061435919    0.01090581532665348
      2.513274122871834     0.2513274122871834     0.0112268697752525
      2.513274122871834     0.3769911184307753    0.01147501119237586
      2.513274122871834     0.5026548245743672    0.01270005928413685
      2.513274122871834     0.6283185307179582    0.01505032558954351
      2.513274122871834     0.7539822368615501     0.0159091460362679
      2.513274122871834     0.8796459430051424    0.01398117068492507
      2.513274122871834      1.005309649148734    0.01254242412741105
      2.513274122871834      1.130973355292326    0.01442950993705081
      2.513274122871834      1.256637061435917    0.01752222822445015
      2.513274122871834      1.382300767579509    0.01836759617311247
      2.513274122871834      1.507964473723101    0.01634059540722847
      2.513274122871834      1.633628179866692    0.01263439300840369
      2.513274122871834      1.759291886010284   0.008602517229683295
      2.513274122871834      1.884955592153876   0.005583027630640302
      2.513274122871834      2.010619298297467   0.004049011736701855
      2.513274122871834       2.13628300444106   0.003126484602236458
      2.513274122871834      2.261946710584651   0.002073441976105758
      2.513274122871834      2.387610416728243   0.001521532018941855
      2.513274122871834      2.513274122871834   0.002525410203210014
      2.513274122871834      2.638937829015426   0.005035406474278285
      2.513274122871834      2.764601535159018   0.008074561501830953
      2.513274122871834      2.890265241302609    0.01117302373124741
      2.513274122871834      3.015928947446201    0.01498714383009588
      2.638937829015426     -3.141592653589793    0.02109225267982974
      2.638937829015426     -3.015928947446201    0.03097650482991691
      2.638937829015426      -2.89026524130261    0.04288170676122957
      2.638937829015426     -2.764601535159018     0.0522519125933185
      2.638937829015426     -2.638937829015426    0.05468404592725665
      2.638937829015426     -2.513274122871834     0.0505743541071149
      2.638937829015426     -2.387610416728243    0.04368553839652992
      2.638937829015426     -2.261946710584651    0.03666484086314374
      2.638937829015426     -2.136283004441059    0.03080925297779905
      2.638937829015426     -2.010619298297468    0.02708628067835279
      2.638937829015426     -1.884955592153876     0.0251761218174746
      2.638937829015426     -1.759291886010284    0.02523572506562381
      2.638937829015426     -1.633628179866693    0.02966835572204072
      2.638937829015426     -1.507964473723101    0.03791279460975511
      2.638937829015426     -1.382300767579509    0.04335087093337806
      2.638937829015426     -1.256637061435917    0.04125707158852523
      2.638937829015426     -1.130973355292325    0.03435411935065168
      2.638937829015426     -1.005309649148733    0.02675969563189096
      2.638937829015426     -0.879645943005142     0.0195869793954467
      2.638937829015426    -0.7539822368615505    0.01406879960394506
      2.638937829015426    -0.6283185307179586    0.01179264428333921
      2.638937829015426    -0.5026548245743667    0.01158206257739629
      2.638937829015426    -0.3769911184307753    0.01102953797751433
      2.638937829015426    -0.2513274122871838   0.009872550327243001
      2.638937829015426    -0.1256637061435919   0.009243037721978297
      2.638937829015426                      0   0.009548383358415334
      2.638937829015426     0.1256637061435919    0.01035564348316049
      2.638937829015426     0.2513274122871834    0.01105317836407139
      2.638937829015426     0.3769911184307753    0.01156884258959343
      2.638937829015426     0.5026548245743672    0.01263729014071274
      2.638937829015426     0.6283185307179582    0.01427050901485298
      2.638937829015426     0.7539822368615501    0.01486233331064326
      2.638937829015426     0.8796459430051424    0.01379688049467521
      2.638937829015426      1.005309649148734     0.0131513501899516
      2.638937829015426      1.130973355292326    0.01454738447248048
      2.638937829015426      1.256637061435917    0.01660731187435726
      2.638937829015426      1.382300767579509    0.01716565942925709
      2.638937829015426      1.507964473723101    0.01556467139441184
      2.638937829015426      1.633628179866692    0.01222971772489805
      2.638937829015426      1.759291886010284   0.008279610448628674
      2.638937829015426      1.884955592153876   0.005305912963227625
      2.638937829015426      2.010619298297467   0.003866746731306177
      2.638937829015426       2.13628300444106   0.002957982239613147
      2.638937829015426      2.261946710584651   0.001846094249251128
      2.638937829015426      2.387610416728243   0.001270733539864736
      2.638937829015426      2.513274122871834   0.002213701048856896
      2.638937829015426      2.638937829015426   0.004488235218034522
      2.638937829015426      2.764601535159018   0.007240062702983887
      2.638937829015426      2.890265241302609    0.01030418798380756
      2.638937829015426      3.015928947446201    0.01450282566452608
      2.764601535159018     -3.141592653589793    0.02184604322818383
      2.764601535159018     -3.015928947446201    0.03352229612460655
      2.764601535159018      -2.89026524130261    0.04761232412022177
      2.764601535159018     -2.764601535159018    0.05781262222450202
      2.764601535159018     -2.638937829015426    0.05862529389832435
      2.764601535159018     -2.513274122871834    0.05203670279712541
      2.764601535159018     -2.387610416728243    0.04358357271278079
      2.764601535159018     -2.261946710584651    0.03518872712535873
      2.764601535159018     -2.136283004441059    0.02749245703806137
      2.764601535159018     -2.010619298297468    0.02275096547029814
      2.764601535159018     -1.884955592153876    0.02062888435394581
      2.764601535159018     -1.759291886010284    0.01913292310251958
      2.764601535159018     -1.633628179866693     0.0205340263843961
      2.764601535159018     -1.507964473723101    0.02687333475827709
      2.764601535159018     -1.382300767579509    0.03276060951642103
      2.764601535159018     -1.256637061435917    0.03203307785918316
      2.764601535159018     -1.130973355292325    0.02620358528678787
      2.764601535159018     -1.005309649148733    0.01988627448200963
      2.764601535159018     -0.879645943005142    0.01464865746487548
      2.764601535159018    -0.7539822368615505    0.01089523699112559
      2.764601535159018    -0.6283185307179586   0.009464267559581543
      2.764601535159018    -0.5026548245743667    0.00960909662748136
      2.764601535159018    -0.3769911184307753   0.009422239725805581
      2.764601535159018    -0.2513274122871838   0.008470718762967894
      2.764601535159018    -0.1256637061435919   0.007893747670702882
      2.764601535159018                      0   0.008414782823214477
      2.764601535159018     0.1256637061435919   0.009547562767356139
      2.764601535159018     0.2513274122871834    0.01053700413890602
      2.764601535159018     0.3769911184307753    0.01130989239928642
      2.764601535159018     0.5026548245743672    0.01222260932318868
      2.764601535159018     0.6283185307179582    0.01316894998431167
      2.764601535159018     0.7539822368615501    0.01358943580859342
      2.764601535159018     0.8796459430051424    0.01353499514718591
      2.764601535159018      1.005309649148734    0.01384860825583793
      2.764601535159018      1.130973355292326    0.01485321609047187
      2.764601535159018      1.256637061435917    0.01580250979665075
      2.764601535159018      1.382300767579509    0.01583547299178278
      2.764601535159018      1.507964473723101    0.01445262919548877
      2.764601535159018      1.633628179866692    0.01147448374034605
      2.764601535159018      1.759291886010284    0.00773572028106459
      2.764601535159018      1.884955592153876   0.004917486034337724
      2.764601535159018      2.010619298297467   0.003608577528727914
      2.764601535159018       2.13628300444106   0.002740945440416281
      2.764601535159018      2.261946710584651   0.001615166742448768
      2.764601535159018      2.387610416728243   0.001040190817093977
      2.764601535159018      2.513274122871834   0.001917343386566252
      2.764601535159018      2.638937829015426   0.003949113886656034
      2.764601535159018      2.764601535159018   0.006432080641022466
      2.764601535159018      2.890265241302609   0.009536931767320542
      2.764601535159018      3.015928947446201    0.01423650566365259
      2.890265241302609     -3.141592653589793    0.02188471881174945
      2.890265241302609     -3.015928947446201    0.03384021616950193
      2.890265241302609      -2.89026524130261    0.04839625030887557
      2.890265241302609     -2.764601535159018    0.05908052170476319
      2.890265241302609     -2.638937829015426    0.06009037082024339
      2.890265241302609     -2.513274122871834    0.05335782672325501
      2.890265241302609     -2.387610416728243    0.04463629258669091
      2.890265241302609     -2.261946710584651    0.03598937060112525
      2.890265241302609     -2.136283004441059    0.02804652792165298
      2.890265241302609     -2.010619298297468    0.02310247422651333
      2.890265241302609     -1.884955592153876    0.02093322290952989
      2.890265241302609     -1.759291886010284    0.01958333557048208
      2.890265241302609     -1.633628179866693    0.02122447247416331
      2.890265241302609     -1.507964473723101    0.02769928173659071
      2.890265241302609     -1.382300767579509    0.03341824115908938
      2.890265241302609     -1.256637061435917    0.03217906289688188
      2.890265241302609     -1.130973355292325    0.02571033698175456
      2.890265241302609     -1.005309649148733    0.01897026306588404
      2.890265241302609     -0.879645943005142    0.01372081576113788
      2.890265241302609    -0.7539822368615505    0.01025583604974282
      2.890265241302609    -0.6283185307179586   0.009135759717657694
      2.890265241302609    -0.5026548245743667   0.009446342764611794
      2.890265241302609    -0.3769911184307753   0.009321739364867129
      2.890265241302609    -0.2513274122871838   0.008418952211860044
      2.890265241302609    -0.1256637061435919   0.007876389515002732
      2.890265241302609                      0   0.008409325487655911
      2.890265241302609     0.1256637061435919   0.009573095845686165
      2.890265241302609     0.2513274122871834    0.01057399390676284
      2.890265241302609     0.3769911184307753    0.01122885628875489
      2.890265241302609     0.5026548245743672    0.01187124392949724
      2.890265241302609     0.6283185307179582    0.01232877304966688
      2.890265241302609     0.7539822368615501    0.01180820342884376
      2.890265241302609     0.8796459430051424    0.01043262043507095
      2.890265241302609      1.005309649148734   0.009790934791390734
      2.890265241302609      1.130973355292326    0.01095816534244489
      2.890265241302609      1.256637061435917    0.01303905135732269
      2.890265241302609      1.382300767579509    0.01430523582482741
      2.890265241302609      1.507964473723101    0.01366903216811335
      2.890265241302609      1.633628179866692    0.01106842062761534
      2.890265241302609      1.759291886010284   0.007609211772525378
      2.890265241302609      1.884955592153876   0.004943277779108472
      2.890265241302609      2.010619298297467   0.003607982988912786
      2.890265241302609       2.13628300444106   0.002687183428438001
      2.890265241302609      2.261946710584651   0.001571215877430573
      2.890265241302609      2.387610416728243  0.0009867034163180773
      2.890265241302609      2.513274122871834    0.00180028339155274
      2.890265241302609      2.638937829015426   0.003772172806803294
      2.890265241302609      2.764601535159018   0.006228697784358903
      2.890265241302609      2.890265241302609   0.009350445981861036
      2.890265241302609      3.015928947446201    0.01412742799485568
      3.015928947446201     -3.141592653589793    0.02283657327257393
      3.015928947446201     -3.015928947446201    0.03518647786092682
      3.015928947446201      -2.89026524130261    0.05011956420931758
      3.015928947446201     -2.764601535159018    0.06110551956973576
      3.015928947446201     -2.638937829015426    0.06232073605868412
      3.015928947446201     -2.513274122871834    0.05557434086560547
      3.015928947446201     -2.387610416728243    0.04657133663651963
      3.015928947446201     -2.261946710584651    0.03759402252376307
      3.015928947446201     -2.136283004441059    0.02947162938781575
      3.015928947446201     -2.010619298297468    0.02442540329771063
      3.015928947446201     -1.884955592153876    0.02216844325546668
      3.015928947446201     -1.759291886010284    0.02091109685096555
      3.015928947446201     -1.633628179866693    0.02291299538854114
      3.015928947446201     -1.507964473723101    0.02975933066884154
      3.015928947446201     -1.382300767579509    0.03549365011253153
      3.015928947446201     -1.256637061435917    0.03383108135174607
      3.015928947446201     -1.130973355292325    0.02676085802687393
      3.015928947446201     -1.005309649148733    0.01956649711668511
      3.015928947446201     -0.879645943005142    0.01413914732208607
      3.015928947446201    -0.7539822368615505    0.01069340743944015
      3.015928947446201    -0.6283185307179586   0.009653119666362522
      3.015928947446201    -0.5026548245743667    0.01002432096598051
      3.015928947446201    -0.3769911184307753   0.009920428790963925
      3.015928947446201    -0.2513274122871838   0.009002717231893992
      3.015928947446201    -0.1256637061435919   0.008440653203198874
      3.015928947446201                      0   0.009001913977961301
      3.015928947446201     0.1256637061435919    0.01024513805291657
      3.015928947446201     0.2513274122871834     0.0112989553080644
      3.015928947446201     0.3769911184307753    0.01196017300603108
      3.015928947446201     0.5026548245743672    0.01269852702853067
      3.015928947446201     0.6283185307179582     0.0134074806562849
      3.015928947446201     0.7539822368615501    0.01308545322874799
      3.015928947446201     0.8796459430051424    0.01165979080806361
      3.015928947446201      1.005309649148734    0.01085800947541509
      3.015928947446201      1.130973355292326    0.01199174293034862
      3.015928947446201      1.256637061435917    0.01414579909854152
      3.015928947446201      1.382300767579509    0.01541376681688525
      3.015928947446201      1.507964473723101    0.01463431681504922
      3.015928947446201      1.633628179866692     0.0118031073351182
      3.015928947446201      1.759291886010284   0.008113683783950136
      3.015928947446201      1.884955592153876   0.005277050156786442
      3.015928947446201      2.010619298297467   0.003836429591597947
      3.015928947446201       2.13628300444106   0.002840589161065884
      3.015928947446201      2.261946710584651   0.001658194901675891
      3.015928947446201      2.387610416728243   0.001037738376118707
      3.015928947446201      2.513274122871834   0.001884027209224969
      3.015928947446201      2.638937829015426   0.003966241603527152
      3.015928947446201      2.764601535159018    0.00657102161973489
      3.015928947446201      2.890265241302609   0.009835971621139682
      3.015928947446201      3.015928947446201    0.01478737736917594
