#! FIELDS phi2 phi3 hhphi2phi3
#! SET min_phi2 -pi
#! SET max_phi2 pi
#! SET min_phi3 -pi
#! SET max_phi3 pi
     -3.141592653589793     -3.141592653589793  1.521991685602419e-05
     -3.141592653589793     -3.015928947446201  2.044977649819176e-05
     -3.141592653589793      -2.89026524130261  7.029818823725052e-06
     -3.141592653589793     -2.764601535159018  3.378514514009749e-05
     -3.141592653589793     -2.638937829015426  1.445193633440574e-05
     -3.141592653589793     -2.513274122871834 -0.0001930335032813426
     -3.141592653589793     -2.387610416728243 -0.0002742279560882453
     -3.141592653589793     -2.261946710584651  6.987140983486878e-05
     -3.141592653589793     -2.136283004441059  -0.000288843813877014
     -3.141592653589793     -2.010619298297468  -0.002723141163642482
     -3.141592653589793     -1.884955592153876  -0.005731491479863786
     -3.141592653589793     -1.759291886010284  -0.006404634476799147
     -3.141592653589793     -1.633628179866693  -0.004511263713545276
     -3.141592653589793     -1.507964473723101  -0.001095277689585267
     -3.141592653589793     -1.382300767579509   0.003566316766550481
     -3.141592653589793     -1.256637061435917   0.006591832239619041
     -3.141592653589793     -1.130973355292325   0.004187775487133758
     -3.141592653589793     -1.005309649148733 -0.0005763850240110684
     -3.141592653589793     -0.879645943005142  -0.001463940756817393
     -3.141592653589793    -0.7539822368615505  0.0004076829667042106
     -3.141592653589793    -0.6283185307179586  0.0004348522723465113
     -3.141592653589793    -0.5026548245743667 -0.0004922702737116657
     -3.141592653589793    -0.3769911184307753 -3.930041646577706e-05
     -3.141592653589793    -0.2513274122871838  0.0003777299173589956
     -3.141592653589793    -0.1256637061435919 -0.0001503521081147292
     -3.141592653589793                      0 -0.0002111416367093633
     -3.141592653589793     0.1256637061435919  0.0002077882581343361
     -3.141592653589793     0.2513274122871834  6.473468938718463e-05
     -3.141592653589793     0.3769911184307753 -0.0001840075045242073
     -3.141592653589793     0.5026548245743672   3.24970809925639e-05
     -3.141592653589793     0.6283185307179582  0.0001234523067273028
     -3.141592653589793     0.7539822368615501 -7.808377586367034e-05
     -3.141592653589793     0.8796459430051424 -5.847580303248471e-05
     -3.141592653589793      1.005309649148734  8.376076384845347e-05
     -3.141592653589793      1.130973355292326  7.542169106911506e-06
     -3.141592653589793      1.256637061435917 -6.593877154504163e-05
     -3.141592653589793      1.382300767579509  2.279741222115601e-05
     -3.141592653589793      1.507964473723101  3.952561211704792e-05
     -3.141592653589793      1.633628179866692 -3.408850927996049e-05
     -3.141592653589793      1.759291886010284 -1.491923097740189e-05
     -3.141592653589793      1.884955592153876  3.195560421705269e-05
     -3.141592653589793      2.010619298297467 -2.567750869813238e-06
     -3.141592653589793       2.13628300444106 -2.288617751827968e-05
     -3.141592653589793      2.261946710584651  1.180535531204487e-05
     -3.141592653589793      2.387610416728243  1.219255697658447e-05
     -3.141592653589793      2.513274122871834 -1.433641617309251e-05
     -3.141592653589793      2.638937829015426 -3.022654911666434e-06
     -3.141592653589793      2.764601535159018  1.281954746447214e-05
     -3.141592653589793      2.890265241302609 -4.146559768196714e-06
     -3.141592653589793      3.015928947446201 -9.430643534427791e-06
     -3.015928947446201     -3.141592653589793  0.0001225307404359317
     -3.015928947446201     -3.015928947446201 -0.0001427748432157269
     -3.015928947446201      -2.89026524130261 -6.072904476820883e-05
     -3.015928947446201     -2.764601535159018  0.0004064947286370903
     -3.015928947446201     -2.638937829015426  0.0006950040567986814
     -3.015928947446201     -2.513274122871834   0.001127079941100901
     -3.015928947446201     -2.387610416728243   0.001538604918102029
     -3.015928947446201     -2.261946710584651  0.0007590977423214294
     -3.015928947446201     -2.136283004441059  0.0006685654162943955
     -3.015928947446201     -2.010619298297468   0.004651333155213163
     -3.015928947446201     -1.884955592153876   0.009591653405036165
     -3.015928947446201     -1.759291886010284   0.009866697869026237
     -3.015928947446201     -1.633628179866693   0.008546588210680424
     -3.015928947446201     -1.507964473723101    0.01118069339265961
     -3.015928947446201     -1.382300767579509    0.01453932401936129
     -3.015928947446201     -1.256637061435917    0.01434503026480266
     -3.015928947446201     -1.130973355292325    0.01277117501219103
     -3.015928947446201     -1.005309649148733    0.01024395459575265
     -3.015928947446201     -0.879645943005142   0.004540627290844702
     -3.015928947446201    -0.7539822368615505 -0.0006303607106596362
     -3.015928947446201    -0.6283185307179586 -0.0007691299325543798
     -3.015928947446201    -0.5026548245743667  0.0007447518693014147
     -3.015928947446201    -0.3769911184307753  8.390576944016689e-05
     -3.015928947446201    -0.2513274122871838 -0.0005545460155817371
     -3.015928947446201    -0.1256637061435919   0.000205606136465982
     -3.015928947446201                      0  0.0003098734499211246
     -3.015928947446201     0.1256637061435919 -0.0002925375448196315
     -3.015928947446201     0.2513274122871834  -0.000100241535683257
     -3.015928947446201     0.3769911184307753  0.0002620712651069528
     -3.015928947446201     0.5026548245743672 -3.780668256788866e-05
     -3.015928947446201     0.6283185307179582  -0.000180191028182003
     -3.015928947446201     0.7539822368615501  0.0001031821808845074
     -3.015928947446201     0.8796459430051424  9.332718454693735e-05
     -3.015928947446201      1.005309649148734 -0.0001145586911962527
     -3.015928947446201      1.130973355292326 -2.665821825460048e-05
     -3.015928947446201      1.256637061435917  9.675223259764843e-05
     -3.015928947446201      1.382300767579509 -1.293067772592233e-05
     -3.015928947446201      1.507964473723101 -7.128176748566867e-05
     -3.015928947446201      1.633628179866692  3.106719599069188e-05
     -3.015928947446201      1.759291886010284  5.127494599837973e-05
     -3.015928947446201      1.884955592153876 -3.932456789003646e-05
     -3.015928947446201      2.010619298297467 -4.000400918635452e-05
     -3.015928947446201       2.13628300444106  4.918041243490065e-05
     -3.015928947446201      2.261946710584651  3.216512110278861e-05
     -3.015928947446201      2.387610416728243 -6.722502617605849e-05
     -3.015928947446201      2.513274122871834 -1.717280733024056e-05
     -3.015928947446201      2.638937829015426  9.212976808532439e-05
     -3.015928947446201      2.764601535159018 -1.614277128607127e-05
     -3.015928947446201      2.890265241302609 -0.0001140848522178811
     -3.015928947446201      3.015928947446201  7.502442996673532e-05
      -2.89026524130261     -3.141592653589793  4.823418056638191e-05
      -2.89026524130261     -3.015928947446201  -0.000121576736701173
      -2.89026524130261      -2.89026524130261 -7.563184603272598e-05
      -2.89026524130261     -2.764601535159018  7.398536362546577e-06
      -2.89026524130261     -2.638937829015426 -0.0003061438009530825
      -2.89026524130261     -2.513274122871834  8.669508214730228e-05
      -2.89026524130261     -2.387610416728243   0.002107930576404635
      -2.89026524130261     -2.261946710584651    0.00397130294992679
      -2.89026524130261     -2.136283004441059   0.004161564132238523
      -2.89026524130261     -2.010619298297468   0.005000858122057621
      -2.89026524130261     -1.884955592153876   0.009475538589528648
      -2.89026524130261     -1.759291886010284    0.01694729417830202
      -2.89026524130261     -1.633628179866693    0.02812851015982241
      -2.89026524130261     -1.507964473723101    0.05218126297063906
      -2.89026524130261     -1.382300767579509    0.09105209063189376
      -2.89026524130261     -1.256637061435917     0.1147289090421433
      -2.89026524130261     -1.130973355292325    0.08978572156868038
      -2.89026524130261     -1.005309649148733    0.03700816625668769
      -2.89026524130261     -0.879645943005142   0.006305023299396067
      -2.89026524130261    -0.7539822368615505   0.003312362451635082
      -2.89026524130261    -0.6283185307179586   0.001679404286100842
      -2.89026524130261    -0.5026548245743667  -0.002208472713777517
      -2.89026524130261    -0.3769911184307753 -0.0001368057763468945
      -2.89026524130261    -0.2513274122871838   0.001695814011905198
      -2.89026524130261    -0.1256637061435919 -0.0006887808618689453
      -2.89026524130261                      0 -0.0009508488099652762
      -2.89026524130261     0.1256637061435919  0.0009445998717194767
      -2.89026524130261     0.2513274122871834  0.0002891244272371047
      -2.89026524130261     0.3769911184307753 -0.0008349907457295361
      -2.89026524130261     0.5026548245743672  0.0001518233564134948
      -2.89026524130261     0.6283185307179582  0.0005581172769937083
      -2.89026524130261     0.7539822368615501 -0.0003583438133528702
      -2.89026524130261     0.8796459430051424 -0.0002605117833962553
      -2.89026524130261      1.005309649148734  0.0003824530607833924
      -2.89026524130261      1.130973355292326  2.653832409509884e-05
      -2.89026524130261      1.256637061435917  -0.000297855633574922
      -2.89026524130261      1.382300767579509   0.000112850428851344
      -2.89026524130261      1.507964473723101  0.0001720540961430368
      -2.89026524130261      1.633628179866692 -0.0001629388282021359
      -2.89026524130261      1.759291886010284 -5.310671376096825e-05
      -2.89026524130261      1.884955592153876  0.0001474062595367422
      -2.89026524130261      2.010619298297467 -3.255143164083053e-05
      -2.89026524130261       2.13628300444106 -9.451377899882737e-05
      -2.89026524130261      2.261946710584651  7.574560613909534e-05
      -2.89026524130261      2.387610416728243  2.919483633797231e-05
      -2.89026524130261      2.513274122871834 -7.793021419616887e-05
      -2.89026524130261      2.638937829015426  2.916330562749603e-05
      -2.89026524130261      2.764601535159018  4.565389267729569e-05
      -2.89026524130261      2.890265241302609 -6.440968063161101e-05
      -2.89026524130261      3.015928947446201  1.076055170647756e-05
     -2.764601535159018     -3.141592653589793   0.000282130858418345
     -2.764601535159018     -3.015928947446201 -0.0003755303927585544
     -2.764601535159018      -2.89026524130261 -0.0001170244518913085
     -2.764601535159018     -2.764601535159018  0.0006400649225038635
     -2.764601535159018     -2.638937829015426 -0.0006827516874466891
     -2.764601535159018     -2.513274122871834  -0.001256219156129353
     -2.764601535159018     -2.387610416728243   0.003907219263826865
     -2.764601535159018     -2.261946710584651    0.01053502449792716
     -2.764601535159018     -2.136283004441059   0.008600648651083847
     -2.764601535159018     -2.010619298297468 -0.0005320564975245847
     -2.764601535159018     -1.884955592153876 -0.0006443261040514606
     -2.764601535159018     -1.759291886010284    0.02051971763943038
     -2.764601535159018     -1.633628179866693    0.06929767994171325
     -2.764601535159018     -1.507964473723101     0.1697892965094636
     -2.764601535159018     -1.382300767579509     0.3203207634498233
     -2.764601535159018     -1.256637061435917     0.4072707964493296
     -2.764601535159018     -1.130973355292325      0.310295152657439
     -2.764601535159018     -1.005309649148733     0.1158123963871772
     -2.764601535159018     -0.879645943005142    0.01297309971399639
     -2.764601535159018    -0.7539822368615505    0.01246998977852716
     -2.764601535159018    -0.6283185307179586   0.007520361074880741
     -2.764601535159018    -0.5026548245743667  -0.009299420114875999
     -2.764601535159018    -0.3769911184307753 -0.0006600682873599878
     -2.764601535159018    -0.2513274122871838    0.00715131338772933
     -2.764601535159018    -0.1256637061435919  -0.002874230336316611
     -2.764601535159018                      0  -0.004007655887064376
     -2.764601535159018     0.1256637061435919   0.003963946542792178
     -2.764601535159018     0.2513274122871834     0.0012204458295014
     -2.764601535159018     0.3769911184307753   -0.00350726383307675
     -2.764601535159018     0.5026548245743672  0.0006354935774110873
     -2.764601535159018     0.6283185307179582   0.002344742397814549
     -2.764601535159018     0.7539822368615501  -0.001504612287615375
     -2.764601535159018     0.8796459430051424  -0.001094274311112253
     -2.764601535159018      1.005309649148734    0.00160637893396562
     -2.764601535159018      1.130973355292326  0.0001110042913699331
     -2.764601535159018      1.256637061435917  -0.001250916875197043
     -2.764601535159018      1.382300767579509  0.0004748076943442581
     -2.764601535159018      1.507964473723101  0.0007220310853534588
     -2.764601535159018      1.633628179866692 -0.0006852578721102066
     -2.764601535159018      1.759291886010284 -0.0002217315094560276
     -2.764601535159018      1.884955592153876  0.0006197508632713335
     -2.764601535159018      2.010619298297467  -0.000138869735333381
     -2.764601535159018       2.13628300444106 -0.0003969558393448244
     -2.764601535159018      2.261946710584651  0.0003213413490001315
     -2.764601535159018      2.387610416728243  0.0001213762902624817
     -2.764601535159018      2.513274122871834 -0.0003322924799139176
     -2.764601535159018      2.638937829015426  0.0001269548253532683
     -2.764601535159018      2.764601535159018  0.0001998341833409849
     -2.764601535159018      2.890265241302609  -0.000286376714889436
     -2.764601535159018      3.015928947446201  3.575671144295818e-05
     -2.638937829015426     -3.141592653589793   0.001594775586250675
     -2.638937829015426     -3.015928947446201  -0.001921414404692967
     -2.638937829015426      -2.89026524130261 -0.0004737610743689054
     -2.638937829015426     -2.764601535159018   0.005275054307467787
     -2.638937829015426     -2.638937829015426   0.003971237493259513
     -2.638937829015426     -2.513274122871834   0.002538011778462889
     -2.638937829015426     -2.387610416728243    0.01212016127900899
     -2.638937829015426     -2.261946710584651    0.01799883290802222
     -2.638937829015426     -2.136283004441059    0.01024751311869699
     -2.638937829015426     -2.010619298297468   0.009855621375096909
     -2.638937829015426     -1.884955592153876    0.02943891854754557
     -2.638937829015426     -1.759291886010284    0.06635751838958789
     -2.638937829015426     -1.633628179866693     0.1623606481332136
     -2.638937829015426     -1.507964473723101     0.3902895587480489
     -2.638937829015426     -1.382300767579509     0.7029361003103496
     -2.638937829015426     -1.256637061435917     0.8528853338625182
     -2.638937829015426     -1.130973355292325     0.6480315758182098
     -2.638937829015426     -1.005309649148733     0.2680941184495466
     -2.638937829015426     -0.879645943005142      0.046848775474479
     -2.638937829015426    -0.7539822368615505    0.01804619476737589
     -2.638937829015426    -0.6283185307179586   0.009390660445963607
     -2.638937829015426    -0.5026548245743667   -0.01239619775468862
     -2.638937829015426    -0.3769911184307753 -0.0007886865164460361
     -2.638937829015426    -0.2513274122871838   0.009697932813127435
     -2.638937829015426    -0.1256637061435919  -0.003975185396404303
     -2.638937829015426                      0  -0.005441436068718428
     -2.638937829015426     0.1256637061435919   0.005458658800398888
     -2.638937829015426     0.2513274122871834     0.0016133425823661
     -2.638937829015426     0.3769911184307753  -0.004811150905142675
     -2.638937829015426     0.5026548245743672  0.0009464703939642937
     -2.638937829015426     0.6283185307179582   0.003176462836046866
     -2.638937829015426     0.7539822368615501  -0.002139044240627132
     -2.638937829015426     0.8796459430051424  -0.001405841449207712
     -2.638937829015426      1.005309649148734   0.002248671025326916
     -2.638937829015426      1.130973355292326 -3.270253202765499e-07
     -2.638937829015426      1.256637061435917  -0.001688446690571996
     -2.638937829015426      1.382300767579509   0.000839178210306439
     -2.638937829015426      1.507964473723101  0.0008457668781544718
     -2.638937829015426      1.633628179866692  -0.001107844430071251
     -2.638937829015426      1.759291886010284 -1.444494941785893e-05
     -2.638937829015426      1.884955592153876  0.0009081291889669953
     -2.638937829015426      2.010619298297467 -0.0006109615427217817
     -2.638937829015426       2.13628300444106 -0.0003810192791407101
     -2.638937829015426      2.261946710584651  0.0009092676353243052
     -2.638937829015426      2.387610416728243 -0.0003199839392614817
     -2.638937829015426      2.513274122871834 -0.0008047861617204121
     -2.638937829015426      2.638937829015426   0.001024032273415516
     -2.638937829015426      2.764601535159018  0.0002590731179605087
     -2.638937829015426      2.890265241302609  -0.001526209355239416
     -2.638937829015426      3.015928947446201  0.0007115757112779246
     -2.513274122871834     -3.141592653589793   0.003411528665350323
     -2.513274122871834     -3.015928947446201  -0.004479488680539482
     -2.513274122871834      -2.89026524130261  -0.001133125355292066
     -2.513274122871834     -2.764601535159018    0.01191373400063579
     -2.513274122871834     -2.638937829015426    0.01019081416166197
     -2.513274122871834     -2.513274122871834   0.006807401545024648
     -2.513274122871834     -2.387610416728243    0.02109276668000105
     -2.513274122871834     -2.261946710584651    0.02325226472048974
     -2.513274122871834     -2.136283004441059   0.008951868148846081
     -2.513274122871834     -2.010619298297468    0.03079622644423446
     -2.513274122871834     -1.884955592153876    0.08557686776905822
     -2.513274122871834     -1.759291886010284     0.1384407845914231
     -2.513274122871834     -1.633628179866693     0.2812904330556421
     -2.513274122871834     -1.507964473723101     0.6382896760156374
     -2.513274122871834     -1.382300767579509      1.082419890169079
     -2.513274122871834     -1.256637061435917      1.248277534553207
     -2.513274122871834     -1.130973355292325     0.9401073763610125
     -2.513274122871834     -1.005309649148733     0.4200259477839755
     -2.513274122871834     -0.879645943005142    0.09188386896252446
     -2.513274122871834    -0.7539822368615505    0.01598923612245566
     -2.513274122871834    -0.6283185307179586   0.005757143787976877
     -2.513274122871834    -0.5026548245743667   -0.00909734822436287
     -2.513274122871834    -0.3769911184307753 -0.0004527507706300362
     -2.513274122871834    -0.2513274122871838   0.007437971266796488
     -2.513274122871834    -0.1256637061435919   -0.00317280943442942
     -2.513274122871834                      0   -0.00418770125333237
     -2.513274122871834     0.1256637061435919   0.004332225514676788
     -2.513274122871834     0.2513274122871834   0.001160179743973272
     -2.513274122871834     0.3769911184307753  -0.003786713674741218
     -2.513274122871834     0.5026548245743672  0.0008844459068833316
     -2.513274122871834     0.6283185307179582   0.002424854324218355
     -2.513274122871834     0.7539822368615501  -0.001825393279104946
     -2.513274122871834     0.8796459430051424 -0.0009260283337125815
     -2.513274122871834      1.005309649148734    0.00185532487209353
     -2.513274122871834      1.130973355292326 -0.0002899668546105057
     -2.513274122871834      1.256637061435917  -0.001276520491225818
     -2.513274122871834      1.382300767579509   0.001017283756494242
     -2.513274122871834      1.507964473723101  0.0003905402669938982
     -2.513274122871834      1.633628179866692   -0.00119051407613772
     -2.513274122871834      1.759291886010284   0.000539409051338182
     -2.513274122871834      1.884955592153876  0.0008239565171655537
     -2.513274122871834      2.010619298297467  -0.001279694187692677
     -2.513274122871834       2.13628300444106  1.299397078525937e-05
     -2.513274122871834      2.261946710584651   0.001603718009251814
     -2.513274122871834      2.387610416728243  -0.001179736881106688
     -2.513274122871834      2.513274122871834  -0.001288480049793365
     -2.513274122871834      2.638937829015426    0.00242242736358041
     -2.513274122871834      2.764601535159018  0.0001538345811178697
     -2.513274122871834      2.890265241302609  -0.003337818741480275
     -2.513274122871834      3.015928947446201   0.001861269572922898
     -2.387610416728243     -3.141592653589793   0.004249870419648037
     -2.387610416728243     -3.015928947446201  -0.006254528594107669
     -2.387610416728243      -2.89026524130261   -0.00132452165126371
     -2.387610416728243     -2.764601535159018    0.01586604826294886
     -2.387610416728243     -2.638937829015426     0.0118650991798042
     -2.387610416728243     -2.513274122871834   0.004877391103680062
     -2.387610416728243     -2.387610416728243    0.02289470157106087
     -2.387610416728243     -2.261946710584651    0.02778452372553941
     -2.387610416728243     -2.136283004441059    0.01173628327594283
     -2.387610416728243     -2.010619298297468    0.04046547982488439
     -2.387610416728243     -1.884955592153876      0.110496714405526
     -2.387610416728243     -1.759291886010284     0.1832409244593149
     -2.387610416728243     -1.633628179866693     0.3739661146320705
     -2.387610416728243     -1.507964473723101     0.8047341371143522
     -2.387610416728243     -1.382300767579509      1.282905830917323
     -2.387610416728243     -1.256637061435917      1.407475295622358
     -2.387610416728243     -1.130973355292325      1.032700620351872
     -2.387610416728243     -1.005309649148733     0.4666142978332383
     -2.387610416728243     -0.879645943005142     0.1073272851283628
     -2.387610416728243    -0.7539822368615505    0.01251375081209887
     -2.387610416728243    -0.6283185307179586   0.003270062169323455
     -2.387610416728243    -0.5026548245743667  -0.005704509707170821
     -2.387610416728243    -0.3769911184307753 -0.0003684474652335448
     -2.387610416728243    -0.2513274122871838   0.004988757915425875
     -2.387610416728243    -0.1256637061435919  -0.002156224978619103
     -2.387610416728243                      0  -0.002824047214463366
     -2.387610416728243     0.1256637061435919   0.002992245152587629
     -2.387610416728243     0.2513274122871834  0.0007113058947403875
     -2.387610416728243     0.3769911184307753  -0.002597520459890488
     -2.387610416728243     0.5026548245743672  0.0007325119407866812
     -2.387610416728243     0.6283185307179582   0.001593178850259364
     -2.387610416728243     0.7539822368615501  -0.001386005781533468
     -2.387610416728243     0.8796459430051424 -0.0004628537395262034
     -2.387610416728243      1.005309649148734   0.001354329625846451
     -2.387610416728243      1.130973355292326 -0.0004775833684664616
     -2.387610416728243      1.256637061435917  -0.000824782551278882
     -2.387610416728243      1.382300767579509   0.001041668493890366
     -2.387610416728243      1.507964473723101  2.018383184578112e-06
     -2.387610416728243      1.633628179866692  -0.001123448679450263
     -2.387610416728243      1.759291886010284  0.0009020204254820715
     -2.387610416728243      1.884955592153876  0.0006690150708459829
     -2.387610416728243      2.010619298297467  -0.001648650225214246
     -2.387610416728243       2.13628300444106  0.0003143619202046896
     -2.387610416728243      2.261946710584651   0.001954084419478441
     -2.387610416728243      2.387610416728243  -0.001710477565904096
     -2.387610416728243      2.513274122871834  -0.001503984662064064
     -2.387610416728243      2.638937829015426   0.003225429249411728
     -2.387610416728243      2.764601535159018  2.443108968801671e-05
     -2.387610416728243      2.890265241302609  -0.004331430878694109
     -2.387610416728243      3.015928947446201   0.002598689605405108
     -2.261946710584651     -3.141592653589793   0.003731701250805634
     -2.261946710584651     -3.015928947446201  -0.005789496305648635
     -2.261946710584651      -2.89026524130261 -3.786618270503796e-05
     -2.261946710584651     -2.764601535159018    0.01699318941166317
     -2.261946710584651     -2.638937829015426    0.01258332811859759
     -2.261946710584651     -2.513274122871834   0.004538744685888959
     -2.261946710584651     -2.387610416728243    0.02282825596639203
     -2.261946710584651     -2.261946710584651    0.03322384853000306
     -2.261946710584651     -2.136283004441059    0.02175659186257574
     -2.261946710584651     -2.010619298297468    0.04457112391061387
     -2.261946710584651     -1.884955592153876     0.1111985471433595
     -2.261946710584651     -1.759291886010284     0.2054916434412287
     -2.261946710584651     -1.633628179866693     0.4282802124565774
     -2.261946710584651     -1.507964473723101     0.8548554925084861
     -2.261946710584651     -1.382300767579509      1.274949130932285
     -2.261946710584651     -1.256637061435917      1.331281350348675
     -2.261946710584651     -1.130973355292325     0.9368892307474264
     -2.261946710584651     -1.005309649148733     0.4050146950432926
     -2.261946710584651     -0.879645943005142    0.08905170512635856
     -2.261946710584651    -0.7539822368615505    0.01406512068741859
     -2.261946710584651    -0.6283185307179586   0.005581231693812547
     -2.261946710584651    -0.5026548245743667  -0.006028158130830511
     -2.261946710584651    -0.3769911184307753 -0.0008392373248407061
     -2.261946710584651    -0.2513274122871838   0.005168024846923821
     -2.261946710584651    -0.1256637061435919  -0.002019606705103608
     -2.261946710584651                      0  -0.002924161545957547
     -2.261946710584651     0.1256637061435919   0.002953429364446194
     -2.261946710584651     0.2513274122871834  0.0007726733505999258
     -2.261946710584651     0.3769911184307753  -0.002593974304714649
     -2.261946710584651     0.5026548245743672  0.0006889626807401687
     -2.261946710584651     0.6283185307179582   0.001609320879976346
     -2.261946710584651     0.7539822368615501  -0.001352883669129192
     -2.261946710584651     0.8796459430051424 -0.0004979427201490303
     -2.261946710584651      1.005309649148734   0.001335686140811634
     -2.261946710584651      1.130973355292326 -0.0004236009277488901
     -2.261946710584651      1.256637061435917   -0.00083253182936285
     -2.261946710584651      1.382300767579509  0.0009759657451844858
     -2.261946710584651      1.507964473723101  5.045523927900387e-05
     -2.261946710584651      1.633628179866692  -0.001064422558348588
     -2.261946710584651      1.759291886010284  0.0008035696132128971
     -2.261946710584651      1.884955592153876  0.0006466950671531174
     -2.261946710584651      2.010619298297467  -0.001504503280041923
     -2.261946710584651       2.13628300444106  0.0002628037052807249
     -2.261946710584651      2.261946710584651   0.001790167353246616
     -2.261946710584651      2.387610416728243  -0.001550886401390325
     -2.261946710584651      2.513274122871834  -0.001371303269001186
     -2.261946710584651      2.638937829015426    0.00294056133543551
     -2.261946710584651      2.764601535159018 -5.846647014230528e-06
     -2.261946710584651      2.890265241302609  -0.003931048739538428
     -2.261946710584651      3.015928947446201   0.002441596518107356
     -2.136283004441059     -3.141592653589793   0.002745199247425641
     -2.136283004441059     -3.015928947446201  -0.003252048270124161
     -2.136283004441059      -2.89026524130261   0.002538244037763606
     -2.136283004441059     -2.764601535159018     0.0178444463765019
     -2.136283004441059     -2.638937829015426     0.0187158566788855
     -2.136283004441059     -2.513274122871834    0.01504515332911631
     -2.136283004441059     -2.387610416728243    0.02671368564909679
     -2.136283004441059     -2.261946710584651    0.03231874741469757
     -2.136283004441059     -2.136283004441059    0.02598111753645935
     -2.136283004441059     -2.010619298297468    0.04973712636836439
     -2.136283004441059     -1.884955592153876     0.1136906151541805
     -2.136283004441059     -1.759291886010284     0.2126677194849513
     -2.136283004441059     -1.633628179866693     0.4216709749243853
     -2.136283004441059     -1.507964473723101     0.7842079483077593
     -2.136283004441059     -1.382300767579509      1.119779324331478
     -2.136283004441059     -1.256637061435917      1.135720059593131
     -2.136283004441059     -1.130973355292325     0.7707762385657783
     -2.136283004441059     -1.005309649148733     0.3110478533916421
     -2.136283004441059     -0.879645943005142    0.06325818994658065
     -2.136283004441059    -0.7539822368615505    0.02014376072085805
     -2.136283004441059    -0.6283185307179586     0.0101880006124423
     -2.136283004441059    -0.5026548245743667  -0.008550800911708907
     -2.136283004441059    -0.3769911184307753  -0.001451536912897655
     -2.136283004441059    -0.2513274122871838   0.006903803525097558
     -2.136283004441059    -0.1256637061435919  -0.002486317288523273
     -2.136283004441059                      0  -0.003889633408619919
     -2.136283004441059     0.1256637061435919   0.003734141187527513
     -2.136283004441059     0.2513274122871834   0.001128640558551057
     -2.136283004441059     0.3769911184307753  -0.003324831838320918
     -2.136283004441059     0.5026548245743672  0.0007230722471374023
     -2.136283004441059     0.6283185307179582   0.002147056641572644
     -2.136283004441059     0.7539822368615501  -0.001576636266827511
     -2.136283004441059     0.8796459430051424 -0.0008368807590007167
     -2.136283004441059      1.005309649148734   0.001618096657273992
     -2.136283004441059      1.130973355292326  -0.000225840238643882
     -2.136283004441059      1.256637061435917  -0.001124342907105092
     -2.136283004441059      1.382300767579509  0.0008611701457133883
     -2.136283004441059      1.507964473723101  0.0003652844173570202
     -2.136283004441059      1.633628179866692  -0.001016814377501969
     -2.136283004441059      1.759291886010284  0.0004284493314793548
     -2.136283004441059      1.884955592153876  0.0007108095814374217
     -2.136283004441059      2.010619298297467  -0.001056713046556158
     -2.136283004441059       2.13628300444106 -7.244423900051169e-06
     -2.136283004441059      2.261946710584651    0.00132816609949854
     -2.136283004441059      2.387610416728243 -0.0009713107706598742
     -2.136283004441059      2.513274122871834  -0.001053679385683603
     -2.136283004441059      2.638937829015426   0.002005936895307352
     -2.136283004441059      2.764601535159018  7.653948428081969e-05
     -2.136283004441059      2.890265241302609  -0.002744351862496658
     -2.136283004441059      3.015928947446201   0.001647940823199658
     -2.010619298297468     -3.141592653589793   0.002182560257915833
     -2.010619298297468     -3.015928947446201 -0.0005579083867274572
     -2.010619298297468      -2.89026524130261   0.004404075141245837
     -2.010619298297468     -2.764601535159018    0.01819056014795718
     -2.010619298297468     -2.638937829015426     0.0265991378039646
     -2.010619298297468     -2.513274122871834    0.02914767092366411
     -2.010619298297468     -2.387610416728243     0.0314287550530401
     -2.010619298297468     -2.261946710584651     0.0251888022148971
     -2.010619298297468     -2.136283004441059    0.01954536422277927
     -2.010619298297468     -2.010619298297468    0.04508855035721439
     -2.010619298297468     -1.884955592153876    0.09956671199278723
     -2.010619298297468     -1.759291886010284     0.1741846439060218
     -2.010619298297468     -1.633628179866693     0.3287643900726527
     -2.010619298297468     -1.507964473723101     0.6073068287498766
     -2.010619298297468     -1.382300767579509     0.8789940373494106
     -2.010619298297468     -1.256637061435917     0.9018602802263669
     -2.010619298297468     -1.130973355292325     0.6067841471795004
     -2.010619298297468     -1.005309649148733     0.2317212573651583
     -2.010619298297468     -0.879645943005142    0.04374105491691945
     -2.010619298297468    -0.7539822368615505    0.02372480424710004
     -2.010619298297468    -0.6283185307179586    0.01264036260253242
     -2.010619298297468    -0.5026548245743667   -0.01023439359770892
     -2.010619298297468    -0.3769911184307753  -0.001639983393257088
     -2.010619298297468    -0.2513274122871838   0.008032665653474923
     -2.010619298297468    -0.1256637061435919   -0.00287813163096492
     -2.010619298297468                      0  -0.004511741936987375
     -2.010619298297468     0.1256637061435919   0.004284415349594208
     -2.010619298297468     0.2513274122871834   0.001358700231272103
     -2.010619298297468     0.3769911184307753  -0.003827111569654201
     -2.010619298297468     0.5026548245743672   0.000743105361433889
     -2.010619298297468     0.6283185307179582   0.002521157507897296
     -2.010619298297468     0.7539822368615501  -0.001719702644012143
     -2.010619298297468     0.8796459430051424  -0.001085772799387914
     -2.010619298297468      1.005309649148734   0.001804530466456882
     -2.010619298297468      1.130973355292326 -6.185942783471875e-05
     -2.010619298297468      1.256637061435917  -0.001330534362825537
     -2.010619298297468      1.382300767579509   0.000746955461972777
     -2.010619298297468      1.507964473723101   0.000609910859537591
     -2.010619298297468      1.633628179866692 -0.0009530111570985493
     -2.010619298297468      1.759291886010284  0.0001144345984769379
     -2.010619298297468      1.884955592153876   0.000746531650516815
     -2.010619298297468      2.010619298297467 -0.0006687901855496308
     -2.010619298297468       2.13628300444106 -0.0002303167801365707
     -2.010619298297468      2.261946710584651  0.0009267149346623934
     -2.010619298297468      2.387610416728243 -0.0004698683603966566
     -2.010619298297468      2.513274122871834 -0.0007907300945673303
     -2.010619298297468      2.638937829015426   0.001195534912144409
     -2.010619298297468      2.764601535159018  0.0001955637537708537
     -2.010619298297468      2.890265241302609  -0.001754033869043072
     -2.010619298297468      3.015928947446201  0.0008579612070635436
     -1.884955592153876     -3.141592653589793   0.002429244980927588
     -1.884955592153876     -3.015928947446201 -0.0001292434879284891
     -1.884955592153876      -2.89026524130261   0.003655132320057461
     -1.884955592153876     -2.764601535159018    0.01713213229634244
     -1.884955592153876     -2.638937829015426    0.02913711800818508
     -1.884955592153876     -2.513274122871834    0.03658319872694636
     -1.884955592153876     -2.387610416728243    0.04177285007794435
     -1.884955592153876     -2.261946710584651    0.03855227063081759
     -1.884955592153876     -2.136283004441059    0.03417924022394791
     -1.884955592153876     -2.010619298297468    0.05010876384857926
     -1.884955592153876     -1.884955592153876    0.08241919599664364
     -1.884955592153876     -1.759291886010284     0.1275068030045694
     -1.884955592153876     -1.633628179866693     0.2388522162150344
     -1.884955592153876     -1.507964473723101      0.451525513794409
     -1.884955592153876     -1.382300767579509      0.658427267175291
     -1.884955592153876     -1.256637061435917     0.6738339573760187
     -1.884955592153876     -1.130973355292325     0.4524578433518097
     -1.884955592153876     -1.005309649148733     0.1743756935863633
     -1.884955592153876     -0.879645943005142    0.03381344384242094
     -1.884955592153876    -0.7539822368615505    0.01669867070506203
     -1.884955592153876    -0.6283185307179586   0.008677550418205955
     -1.884955592153876    -0.5026548245743667  -0.007036719579695309
     -1.884955592153876    -0.3769911184307753  -0.001039519802281359
     -1.884955592153876    -0.2513274122871838   0.005573790915616688
     -1.884955592153876    -0.1256637061435919  -0.002060863464529663
     -1.884955592153876                      0  -0.003123286347648165
     -1.884955592153876     0.1256637061435919   0.003019657589685478
     -1.884955592153876     0.2513274122871834  0.0009172388323130976
     -1.884955592153876     0.3769911184307753  -0.002682498556684733
     -1.884955592153876     0.5026548245743672    0.00055645453597682
     -1.884955592153876     0.6283185307179582   0.001748805966823723
     -1.884955592153876     0.7539822368615501  -0.001238342644186235
     -1.884955592153876     0.8796459430051424 -0.0007197146610613646
     -1.884955592153876      1.005309649148734   0.001284128006356164
     -1.884955592153876      1.130973355292326 -0.0001084434140480419
     -1.884955592153876      1.256637061435917  -0.000921072669096709
     -1.884955592153876      1.382300767579509  0.0006034370723181174
     -1.884955592153876      1.507964473723101  0.0003666557658626583
     -1.884955592153876      1.633628179866692  -0.000739963498811795
     -1.884955592153876      1.759291886010284  0.0002022912258742022
     -1.884955592153876      1.884955592153876   0.000550499013007336
     -1.884955592153876      2.010619298297467  -0.000647361885881921
     -1.884955592153876       2.13628300444106 -9.830105919165404e-05
     -1.884955592153876      2.261946710584651  0.0008541037032382443
     -1.884955592153876      2.387610416728243 -0.0005256061253540858
     -1.884955592153876      2.513274122871834 -0.0007250730994985935
     -1.884955592153876      2.638937829015426   0.001193774100893673
     -1.884955592153876      2.764601535159018  0.0001920313898562561
     -1.884955592153876      2.890265241302609  -0.001757856788284502
     -1.884955592153876      3.015928947446201  0.0007605685765289219
     -1.759291886010284     -3.141592653589793    0.00321717531663548
     -1.759291886010284     -3.015928947446201  -0.001641961608219676
     -1.759291886010284      -2.89026524130261   0.001469683488351775
     -1.759291886010284     -2.764601535159018    0.01650204073238338
     -1.759291886010284     -2.638937829015426    0.02942866559910259
     -1.759291886010284     -2.513274122871834    0.04298272639055033
     -1.759291886010284     -2.387610416728243    0.06665952502558896
     -1.759291886010284     -2.261946710584651    0.08505014435347259
     -1.759291886010284     -2.136283004441059    0.08836498909468118
     -1.759291886010284     -2.010619298297468    0.09486665904503096
     -1.759291886010284     -1.884955592153876     0.1129135173843666
     -1.759291886010284     -1.759291886010284     0.1516796950419632
     -1.759291886010284     -1.633628179866693     0.2575441260709172
     -1.759291886010284     -1.507964473723101     0.4308735192299239
     -1.759291886010284     -1.382300767579509     0.5515846996397473
     -1.759291886010284     -1.256637061435917     0.5052400955486304
     -1.759291886010284     -1.130973355292325     0.3264883651982201
     -1.759291886010284     -1.005309649148733     0.1426435103607419
     -1.759291886010284     -0.879645943005142    0.03625137256958327
     -1.759291886010284    -0.7539822368615505   0.002720829379316532
     -1.759291886010284    -0.6283185307179586 -4.495789012019572e-05
     -1.759291886010284    -0.5026548245743667  0.0006838796172150266
     -1.759291886010284    -0.3769911184307753  2.880767293312738e-05
     -1.759291886010284    -0.2513274122871838 -0.0002499277261183515
     -1.759291886010284    -0.1256637061435919  1.713207386351501e-05
     -1.759291886010284                      0  0.0001491631592753442
     -1.759291886010284     0.1256637061435919 -2.731702537760345e-05
     -1.759291886010284     0.2513274122871834 -0.0001380809471592966
     -1.759291886010284     0.3769911184307753  5.912352578392152e-05
     -1.759291886010284     0.5026548245743672  0.0001469514180202702
     -1.759291886010284     0.6283185307179582 -0.0001262974172966578
     -1.759291886010284     0.7539822368615501 -0.0001369208803188785
     -1.759291886010284     0.8796459430051424  0.0002268387241185806
     -1.759291886010284      1.005309649148734  7.093683745572778e-05
     -1.759291886010284      1.130973355292326 -0.0003365917987792974
     -1.759291886010284      1.256637061435917   8.18053031853551e-05
     -1.759291886010284      1.382300767579509  0.0004046108311958947
     -1.759291886010284      1.507964473723101 -0.0003297285079161369
     -1.759291886010284      1.633628179866692 -0.0003581025812722977
     -1.759291886010284      1.759291886010284  0.0006397098460436286
     -1.759291886010284      1.884955592153876  0.0001202612143088364
     -1.759291886010284      2.010619298297467 -0.0009224784183909682
     -1.759291886010284       2.13628300444106  0.0003581851959398908
     -1.759291886010284      2.261946710584651   0.001032424704457008
     -1.759291886010284      2.387610416728243  -0.001058703233923571
     -1.759291886010284      2.513274122871834 -0.0007922274025490623
     -1.759291886010284      2.638937829015426   0.001861727140120667
     -1.759291886010284      2.764601535159018  4.568533077605843e-05
     -1.759291886010284      2.890265241302609  -0.002557345570227315
     -1.759291886010284      3.015928947446201   0.001289901021698383
     -1.633628179866693     -3.141592653589793   0.003609888328551629
     -1.633628179866693     -3.015928947446201  -0.001401892983428653
     -1.633628179866693      -2.89026524130261   0.001360497787713589
     -1.633628179866693     -2.764601535159018    0.01795048841088057
     -1.633628179866693     -2.638937829015426    0.03692032503365524
     -1.633628179866693     -2.513274122871834    0.06144087104504808
     -1.633628179866693     -2.387610416728243    0.09852552213788063
     -1.633628179866693     -2.261946710584651     0.1292983762395595
     -1.633628179866693     -2.136283004441059     0.1421424270071747
     -1.633628179866693     -2.010619298297468     0.1564009021987609
     -1.633628179866693     -1.884955592153876     0.1824658690119531
     -1.633628179866693     -1.759291886010284     0.2263436258926671
     -1.633628179866693     -1.633628179866693     0.3208318800428539
     -1.633628179866693     -1.507964473723101     0.4510391643631505
     -1.633628179866693     -1.382300767579509     0.5072766698009682
     -1.633628179866693     -1.256637061435917     0.4230379382136105
     -1.633628179866693     -1.130973355292325     0.2679245165053611
     -1.633628179866693     -1.005309649148733     0.1331336250882949
     -1.633628179866693     -0.879645943005142    0.04293728805242786
     -1.633628179866693    -0.7539822368615505  -0.001109588456610729
     -1.633628179866693    -0.6283185307179586  -0.003723395236977251
     -1.633628179866693    -0.5026548245743667   0.004105887016145575
     -1.633628179866693    -0.3769911184307753  0.0005443500618502118
     -1.633628179866693    -0.2513274122871838  -0.002893620380020335
     -1.633628179866693    -0.1256637061435919  0.0009542427245178201
     -1.633628179866693                      0   0.001640760550341021
     -1.633628179866693     0.1256637061435919  -0.001417530420890797
     -1.633628179866693     0.2513274122871834 -0.0006133719461406042
     -1.633628179866693     0.3769911184307753   0.001310133660028663
     -1.633628179866693     0.5026548245743672 -5.159071210576276e-05
     -1.633628179866693     0.6283185307179582 -0.0009752547865624823
     -1.633628179866693     0.7539822368615501  0.0003788343657752848
     -1.633628179866693     0.8796459430051424  0.0006417294113690251
     -1.633628179866693      1.005309649148734 -0.0004908015195115027
     -1.633628179866693      1.130973355292326 -0.0004128687928842937
     -1.633628179866693      1.256637061435917   0.000534249580466508
     -1.633628179866693      1.382300767579509   0.000279532905328139
     -1.633628179866693      1.507964473723101 -0.0006205997828033033
     -1.633628179866693      1.633628179866692 -0.0001535489892384057
     -1.633628179866693      1.759291886010284  0.0007856526245253944
     -1.633628179866693      1.884955592153876 -8.509516746163451e-05
     -1.633628179866693      2.010619298297467  -0.000971016838102368
     -1.633628179866693       2.13628300444106  0.0005327427103341304
     -1.633628179866693      2.261946710584651   0.001031362751800899
     -1.633628179866693      2.387610416728243  -0.001206656036290032
     -1.633628179866693      2.513274122871834 -0.0007726417876616756
     -1.633628179866693      2.638937829015426   0.002007847787866285
     -1.633628179866693      2.764601535159018  1.931665214329251e-05
     -1.633628179866693      2.890265241302609  -0.002743993463294066
     -1.633628179866693      3.015928947446201   0.001330077315938779
     -1.507964473723101     -3.141592653589793   0.002998404362765575
     -1.507964473723101     -3.015928947446201   0.001741769950298985
     -1.507964473723101      -2.89026524130261   0.003653777072069315
     -1.507964473723101     -2.764601535159018    0.01904373384689002
     -1.507964473723101     -2.638937829015426    0.04975228860091836
     -1.507964473723101     -2.513274122871834    0.09069645508993125
     -1.507964473723101     -2.387610416728243     0.1314685342828462
     -1.507964473723101     -2.261946710584651     0.1612574766951868
     -1.507964473723101     -2.136283004441059     0.1850113892646752
     -1.507964473723101     -2.010619298297468     0.2201718180467717
     -1.507964473723101     -1.884955592153876     0.2689927001284608
     -1.507964473723101     -1.759291886010284     0.3201790513485099
     -1.507964473723101     -1.633628179866693     0.3743694991269778
     -1.507964473723101     -1.507964473723101     0.4284651462008816
     -1.507964473723101     -1.382300767579509     0.4462394878198049
     -1.507964473723101     -1.256637061435917     0.3878062342358982
     -1.507964473723101     -1.130973355292325     0.2632034450245818
     -1.507964473723101     -1.005309649148733     0.1313678443015108
     -1.507964473723101     -0.879645943005142    0.04514521191733447
     -1.507964473723101    -0.7539822368615505   0.009961944454162919
     -1.507964473723101    -0.6283185307179586  0.0008499906096443877
     -1.507964473723101    -0.5026548245743667 -0.0005243102808428205
     -1.507964473723101    -0.3769911184307753  0.0002569712154750408
     -1.507964473723101    -0.2513274122871838   0.000422148066535341
     -1.507964473723101    -0.1256637061435919 -0.0003475424842922251
     -1.507964473723101                      0 -0.0002026868832753655
     -1.507964473723101     0.1256637061435919  0.0003537253475635406
     -1.507964473723101     0.2513274122871834 -7.262593005469172e-06
     -1.507964473723101     0.3769911184307753 -0.0002695914017982845
     -1.507964473723101     0.5026548245743672  0.0001541071547965947
     -1.507964473723101     0.6283185307179582  0.0001252731657708044
     -1.507964473723101     0.7539822368615501 -0.0002140698037326639
     -1.507964473723101     0.8796459430051424  4.011576706962095e-05
     -1.507964473723101      1.005309649148734  0.0001811948025560377
     -1.507964473723101      1.130973355292326 -0.0001872869980534084
     -1.507964473723101      1.256637061435917 -6.135687858167589e-05
     -1.507964473723101      1.382300767579509  0.0002770074224933148
     -1.507964473723101      1.507964473723101 -0.0001275332485564436
     -1.507964473723101      1.633628179866692 -0.0002698286452887904
     -1.507964473723101      1.759291886010284  0.0003502699885874702
     -1.507964473723101      1.884955592153876   0.000131165681568459
     -1.507964473723101      2.010619298297467 -0.0005488328194144161
     -1.507964473723101       2.13628300444106  0.0001560490561561856
     -1.507964473723101      2.261946710584651  0.0006443676632682372
     -1.507964473723101      2.387610416728243 -0.0005758952979876645
     -1.507964473723101      2.513274122871834 -0.0005539072148243988
     -1.507964473723101      2.638937829015426   0.001078390123176555
     -1.507964473723101      2.764601535159018  0.0002197653660035243
     -1.507964473723101      2.890265241302609  -0.001642168105259094
     -1.507964473723101      3.015928947446201  0.0003867205328382709
     -1.382300767579509     -3.141592653589793   0.001807488459956041
     -1.382300767579509     -3.015928947446201   0.003657511157437588
     -1.382300767579509      -2.89026524130261   0.004246425072065081
     -1.382300767579509     -2.764601535159018    0.01552589296596199
     -1.382300767579509     -2.638937829015426    0.05263072665211301
     -1.382300767579509     -2.513274122871834     0.1116070745192163
     -1.382300767579509     -2.387610416728243     0.1740886363020142
     -1.382300767579509     -2.261946710584651     0.2290722813390179
     -1.382300767579509     -2.136283004441059     0.2759600792628348
     -1.382300767579509     -2.010619298297468     0.3253217626125661
     -1.382300767579509     -1.884955592153876     0.3993218919264835
     -1.382300767579509     -1.759291886010284      0.490065129760649
     -1.382300767579509     -1.633628179866693     0.5346161344429146
     -1.382300767579509     -1.507964473723101     0.4955561809422492
     -1.382300767579509     -1.382300767579509     0.4180795731644603
     -1.382300767579509     -1.256637061435917     0.3401641371236371
     -1.382300767579509     -1.130973355292325     0.2402793098203181
     -1.382300767579509     -1.005309649148733      0.125091928790872
     -1.382300767579509     -0.879645943005142    0.04747351166551169
     -1.382300767579509    -0.7539822368615505    0.01757709301509347
     -1.382300767579509    -0.6283185307179586   0.003313565952096499
     -1.382300767579509    -0.5026548245743667  -0.003811045387110385
     -1.382300767579509    -0.3769911184307753  0.0001983309413236571
     -1.382300767579509    -0.2513274122871838   0.002672891330433799
     -1.382300767579509    -0.1256637061435919  -0.001269404675171113
     -1.382300767579509                      0  -0.001448092389615423
     -1.382300767579509     0.1256637061435919   0.001561784535243067
     -1.382300767579509     0.2513274122871834  0.0004129835986629302
     -1.382300767579509     0.3769911184307753   -0.00134465388968116
     -1.382300767579509     0.5026548245743672  0.0002722597847033749
     -1.382300767579509     0.6283185307179582   0.000887400902609877
     -1.382300767579509     0.7539822368615501 -0.0005914206139283022
     -1.382300767579509     0.8796459430051424 -0.0004036934610779078
     -1.382300767579509      1.005309649148734  0.0006219977834566581
     -1.382300767579509      1.130973355292326  2.283176671138554e-05
     -1.382300767579509      1.256637061435917 -0.0004768972798600411
     -1.382300767579509      1.382300767579509  0.0002049411981486681
     -1.382300767579509      1.507964473723101  0.0002620320839776352
     -1.382300767579509      1.633628179866692  -0.000285608513982906
     -1.382300767579509      1.759291886010284 -5.450064209115939e-05
     -1.382300767579509      1.884955592153876   0.000255335109943821
     -1.382300767579509      2.010619298297467   -0.00010327800546463
     -1.382300767579509       2.13628300444106 -0.0001589625826629825
     -1.382300767579509      2.261946710584651  0.0002018298349684452
     -1.382300767579509      2.387610416728243  3.220819146423057e-05
     -1.382300767579509      2.513274122871834  -0.000262266369455446
     -1.382300767579509      2.638937829015426  0.0001248712225989125
     -1.382300767579509      2.764601535159018  0.0003317754276035147
     -1.382300767579509      2.890265241302609  -0.000425600814345548
     -1.382300767579509      3.015928947446201 -0.0004513454614327779
     -1.256637061435917     -3.141592653589793  0.0005779143642649627
     -1.256637061435917     -3.015928947446201   0.002271178515267987
     -1.256637061435917      -2.89026524130261   0.001749621659474322
     -1.256637061435917     -2.764601535159018   0.007530536331494574
     -1.256637061435917     -2.638937829015426    0.03895622317491581
     -1.256637061435917     -2.513274122871834     0.1076808448064884
     -1.256637061435917     -2.387610416728243     0.2082629948732839
     -1.256637061435917     -2.261946710584651     0.3158959452024761
     -1.256637061435917     -2.136283004441059     0.3914957485766322
     -1.256637061435917     -2.010619298297468     0.4348642306958571
     -1.256637061435917     -1.884955592153876     0.5208372059174436
     -1.256637061435917     -1.759291886010284     0.6778119110249551
     -1.256637061435917     -1.633628179866693     0.7701403037994025
     -1.256637061435917     -1.507964473723101     0.6671770843554183
     -1.256637061435917     -1.382300767579509     0.4489227076346576
     -1.256637061435917     -1.256637061435917     0.2746765108102517
     -1.256637061435917     -1.130973355292325     0.1763532341168719
     -1.256637061435917     -1.005309649148733     0.1054612469199211
     -1.256637061435917     -0.879645943005142     0.0475701405512139
     -1.256637061435917    -0.7539822368615505    0.01307795425244212
     -1.256637061435917    -0.6283185307179586 -0.0001565585606553952
     -1.256637061435917    -0.5026548245743667  -0.001620377921719616
     -1.256637061435917    -0.3769911184307753  0.0006294276879769036
     -1.256637061435917    -0.2513274122871838  0.0008529706592935654
     -1.256637061435917    -0.1256637061435919 -0.0006262916361915913
     -1.256637061435917                      0 -0.0004197244519547925
     -1.256637061435917     0.1256637061435919  0.0005886035914867224
     -1.256637061435917     0.2513274122871834  0.0001031340911955159
     -1.256637061435917     0.3769911184307753 -0.0004735154605039181
     -1.256637061435917     0.5026548245743672  0.0001022421858943079
     -1.256637061435917     0.6283185307179582  0.0003139633647529779
     -1.256637061435917     0.7539822368615501 -0.0001984414536168756
     -1.256637061435917     0.8796459430051424 -0.0001582671309422912
     -1.256637061435917      1.005309649148734  0.0002100182958401596
     -1.256637061435917      1.130973355292326  4.007188166442962e-05
     -1.256637061435917      1.256637061435917 -0.0001741004330961821
     -1.256637061435917      1.382300767579509  3.061104817817919e-05
     -1.256637061435917      1.507964473723101   0.000125465201628203
     -1.256637061435917      1.633628179866692  -6.38033911201177e-05
     -1.256637061435917      1.759291886010284 -8.587586894105966e-05
     -1.256637061435917      1.884955592153876  8.050561564366721e-05
     -1.256637061435917      2.010619298297467  5.881336370158376e-05
     -1.256637061435917       2.13628300444106 -0.0001020539154617597
     -1.256637061435917      2.261946710584651 -2.779594683662412e-05
     -1.256637061435917      2.387610416728243  0.0001376949487666707
     -1.256637061435917      2.513274122871834 -4.314515050110692e-05
     -1.256637061435917      2.638937829015426 -0.0001652312724978688
     -1.256637061435917      2.764601535159018  0.0002051020295481272
     -1.256637061435917      2.890265241302609  8.720174849298764e-05
     -1.256637061435917      3.015928947446201 -0.0005089740243745609
     -1.130973355292325     -3.141592653589793 -0.0004816610091420214
     -1.130973355292325     -3.015928947446201  0.0009023806889679572
     -1.130973355292325      -2.89026524130261  -0.000165972749289682
     -1.130973355292325     -2.764601535159018   0.000487036369410021
     -1.130973355292325     -2.638937829015426    0.02092738995545517
     -1.130973355292325     -2.513274122871834    0.08165021067740398
     -1.130973355292325     -2.387610416728243     0.1895774723554662
     -1.130973355292325     -2.261946710584651     0.3161060247222455
     -1.130973355292325     -2.136283004441059      0.396729018105049
     -1.130973355292325     -2.010619298297468     0.4179294028760941
     -1.130973355292325     -1.884955592153876     0.4860931826302204
     -1.130973355292325     -1.759291886010284     0.6640188442663727
     -1.130973355292325     -1.633628179866693     0.7893771765028726
     -1.130973355292325     -1.507964473723101     0.6812221480167752
     -1.130973355292325     -1.382300767579509     0.4242694078331047
     -1.130973355292325     -1.256637061435917     0.2208792748374858
     -1.130973355292325     -1.130973355292325     0.1221727826298473
     -1.130973355292325     -1.005309649148733    0.06902932700640033
     -1.130973355292325     -0.879645943005142    0.03162819187641971
     -1.130973355292325    -0.7539822368615505    0.01005132660703627
     -1.130973355292325    -0.6283185307179586 -7.852031017278775e-05
     -1.130973355292325    -0.5026548245743667  -0.002229301314699666
     -1.130973355292325    -0.3769911184307753   0.000528920596866822
     -1.130973355292325    -0.2513274122871838   0.001286240599495786
     -1.130973355292325    -0.1256637061435919  -0.000758780200479187
     -1.130973355292325                      0 -0.0006669447822844857
     -1.130973355292325     0.1256637061435919  0.0007975008111562486
     -1.130973355292325     0.2513274122871834  0.0001938630549009913
     -1.130973355292325     0.3769911184307753 -0.0006677144492735192
     -1.130973355292325     0.5026548245743672  0.0001134051209782563
     -1.130973355292325     0.6283185307179582  0.0004561921643610158
     -1.130973355292325     0.7539822368615501 -0.0002592253654382842
     -1.130973355292325     0.8796459430051424 -0.0002470523016842217
     -1.130973355292325      1.005309649148734  0.0002856309675205724
     -1.130973355292325      1.130973355292326  9.078668683051309e-05
     -1.130973355292325      1.256637061435917 -0.0002509803730138669
     -1.130973355292325      1.382300767579509  1.965329075309639e-06
     -1.130973355292325      1.507964473723101  0.0002066427852266178
     -1.130973355292325      1.633628179866692 -5.157984825161584e-05
     -1.130973355292325      1.759291886010284 -0.0001812814204272396
     -1.130973355292325      1.884955592153876   9.37522913658734e-05
     -1.130973355292325      2.010619298297467  0.0001741089346024488
     -1.130973355292325       2.13628300444106 -0.0001620283369518113
     -1.130973355292325      2.261946710584651 -0.0001558881611472327
     -1.130973355292325      2.387610416728243  0.0002709343710572649
     -1.130973355292325      2.513274122871834  7.643146723017409e-05
     -1.130973355292325      2.638937829015426  -0.000401031500780811
     -1.130973355292325      2.764601535159018    0.00012301621460958
     -1.130973355292325      2.890265241302609  0.0004890913535651173
     -1.130973355292325      3.015928947446201 -0.0005040575610347672
     -1.005309649148733     -3.141592653589793 -0.0007756593169967951
     -1.005309649148733     -3.015928947446201   0.001057304937754301
     -1.005309649148733      -2.89026524130261  2.278647701708189e-05
     -1.005309649148733     -2.764601535159018  -0.001432363108427118
     -1.005309649148733     -2.638937829015426    0.01049746582041809
     -1.005309649148733     -2.513274122871834    0.04887974100876265
     -1.005309649148733     -2.387610416728243      0.119816319139934
     -1.005309649148733     -2.261946710584651     0.2078858471688239
     -1.005309649148733     -2.136283004441059     0.2613769034648177
     -1.005309649148733     -2.010619298297468     0.2589353851063309
     -1.005309649148733     -1.884955592153876     0.2858661344832794
     -1.005309649148733     -1.759291886010284     0.4066507126866939
     -1.005309649148733     -1.633628179866693     0.5024537622345642
     -1.005309649148733     -1.507964473723101     0.4378101571713215
     -1.005309649148733     -1.382300767579509     0.2831629534876527
     -1.005309649148733     -1.256637061435917     0.1677524043822254
     -1.005309649148733     -1.130973355292325    0.09200992191322915
     -1.005309649148733     -1.005309649148733    0.02983353775878763
     -1.005309649148733     -0.879645943005142   0.006564502539269926
     -1.005309649148733    -0.7539822368615505    0.01139987164933067
     -1.005309649148733    -0.6283185307179586   0.004233861719775441
     -1.005309649148733    -0.5026548245743667  -0.006084822800978035
     -1.005309649148733    -0.3769911184307753 -8.166391349851375e-05
     -1.005309649148733    -0.2513274122871838   0.004323528383005023
     -1.005309649148733    -0.1256637061435919  -0.001836552133172598
     -1.005309649148733                      0  -0.002384068446932589
     -1.005309649148733     0.1256637061435919   0.002398166199086932
     -1.005309649148733     0.2513274122871834  0.0007428018375605411
     -1.005309649148733     0.3769911184307753  -0.002108791507333211
     -1.005309649148733     0.5026548245743672  0.0003390907516865089
     -1.005309649148733     0.6283185307179582   0.001436045854564003
     -1.005309649148733     0.7539822368615501 -0.0008499358724865856
     -1.005309649148733     0.8796459430051424 -0.0007296529973086416
     -1.005309649148733      1.005309649148734  0.0009306822978847354
     -1.005309649148733      1.130973355292326  0.0001861797531166142
     -1.005309649148733      1.256637061435917 -0.0007737499838850229
     -1.005309649148733      1.382300767579509  0.0001368506659650404
     -1.005309649148733      1.507964473723101  0.0005491900273854793
     -1.005309649148733      1.633628179866692 -0.0002793103898144748
     -1.005309649148733      1.759291886010284 -0.0003640944534019261
     -1.005309649148733      1.884955592153876  0.0003286160902050528
     -1.005309649148733      2.010619298297467  0.0002506609297007663
     -1.005309649148733       2.13628300444106 -0.0003737901410554723
     -1.005309649148733      2.261946710584651 -0.0001752027197904752
     -1.005309649148733      2.387610416728243  0.0004692964664969601
     -1.005309649148733      2.513274122871834  6.119488790643525e-05
     -1.005309649148733      2.638937829015426  -0.000611424808074619
     -1.005309649148733      2.764601535159018  0.0001796428430484744
     -1.005309649148733      2.890265241302609  0.0007314205113335119
     -1.005309649148733      3.015928947446201 -0.0006243253853157328
     -0.879645943005142     -3.141592653589793 -5.176057242355844e-05
     -0.879645943005142     -3.015928947446201  0.0005580525811643569
     -0.879645943005142      -2.89026524130261 -1.295430065155336e-05
     -0.879645943005142     -2.764601535159018  0.0001343596872451919
     -0.879645943005142     -2.638937829015426   0.006180008120488704
     -0.879645943005142     -2.513274122871834    0.02235530383376482
     -0.879645943005142     -2.387610416728243     0.0524911003803451
     -0.879645943005142     -2.261946710584651    0.09150528568437984
     -0.879645943005142     -2.136283004441059     0.1118632092862112
     -0.879645943005142     -2.010619298297468    0.09712976649856261
     -0.879645943005142     -1.884955592153876    0.08986983575473904
     -0.879645943005142     -1.759291886010284     0.1323733005663967
     -0.879645943005142     -1.633628179866693     0.1782439222077594
     -0.879645943005142     -1.507964473723101     0.1662777810104665
     -0.879645943005142     -1.382300767579509     0.1234661128974718
     -0.879645943005142     -1.256637061435917    0.09072162267488627
     -0.879645943005142     -1.130973355292325    0.05163213064800611
     -0.879645943005142     -1.005309649148733   0.007663871191743173
     -0.879645943005142     -0.879645943005142  -0.004593888886510251
     -0.879645943005142    -0.7539822368615505   0.005897849120942698
     -0.879645943005142    -0.6283185307179586   0.003390586682762048
     -0.879645943005142    -0.5026548245743667  -0.004588300445234886
     -0.879645943005142    -0.3769911184307753 -0.0001367190611405276
     -0.879645943005142    -0.2513274122871838   0.003389651931832833
     -0.879645943005142    -0.1256637061435919  -0.001430133517115538
     -0.879645943005142                      0  -0.001878622161603349
     -0.879645943005142     0.1256637061435919   0.001893991115516559
     -0.879645943005142     0.2513274122871834  0.0005740167194782874
     -0.879645943005142     0.3769911184307753  -0.001665129248378212
     -0.879645943005142     0.5026548245743672  0.0002899933324310172
     -0.879645943005142     0.6283185307179582   0.001121345826856329
     -0.879645943005142     0.7539822368615501 -0.0006959194189100793
     -0.879645943005142     0.8796459430051424 -0.0005442314245901971
     -0.879645943005142      1.005309649148734  0.0007502924012593192
     -0.879645943005142      1.130973355292326  9.490333926800958e-05
     -0.879645943005142      1.256637061435917 -0.0006016442867911944
     -0.879645943005142      1.382300767579509  0.0001726092482640412
     -0.879645943005142      1.507964473723101   0.000384034171584189
     -0.879645943005142      1.633628179866692  -0.000278430764892652
     -0.879645943005142      1.759291886010284 -0.0001879135818363316
     -0.879645943005142      1.884955592153876  0.0002798340470101144
     -0.879645943005142      2.010619298297467  5.308260388141349e-05
     -0.879645943005142       2.13628300444106 -0.0002396689411649152
     -0.879645943005142      2.261946710584651  2.399913830027963e-05
     -0.879645943005142      2.387610416728243  0.0002039390586451061
     -0.879645943005142      2.513274122871834 -7.558395520244771e-05
     -0.879645943005142      2.638937829015426 -0.0001879211077757394
     -0.879645943005142      2.764601535159018  0.0001452447329280698
     -0.879645943005142      2.890265241302609   0.000167038374007021
     -0.879645943005142      3.015928947446201  -0.000270181924076984
    -0.7539822368615505     -3.141592653589793  0.0005253625997025218
    -0.7539822368615505     -3.015928947446201 -0.0004996434625185839
    -0.7539822368615505      -2.89026524130261 -0.0006199698127027586
    -0.7539822368615505     -2.764601535159018  0.0009998979359865012
    -0.7539822368615505     -2.638937829015426   0.002678854400321374
    -0.7539822368615505     -2.513274122871834   0.006665301695598446
    -0.7539822368615505     -2.387610416728243    0.01765254806740124
    -0.7539822368615505     -2.261946710584651    0.03179615451889552
    -0.7539822368615505     -2.136283004441059    0.03557807853636111
    -0.7539822368615505     -2.010619298297468    0.02282327246248671
    -0.7539822368615505     -1.884955592153876   0.008514471776596682
    -0.7539822368615505     -1.759291886010284      0.012293546762849
    -0.7539822368615505     -1.633628179866693    0.03064109422091594
    -0.7539822368615505     -1.507964473723101    0.04269450986056154
    -0.7539822368615505     -1.382300767579509     0.0383483915852663
    -0.7539822368615505     -1.256637061435917    0.02451466125545722
    -0.7539822368615505     -1.130973355292325    0.01101708554502187
    -0.7539822368615505     -1.005309649148733    0.00221915157745338
    -0.7539822368615505     -0.879645943005142  -0.001657956043433433
    -0.7539822368615505    -0.7539822368615505  -0.001998131625783725
    -0.7539822368615505    -0.6283185307179586 -0.0008062865689894854
    -0.7539822368615505    -0.5026548245743667  0.0001199666511386335
    -0.7539822368615505    -0.3769911184307753  0.0001872761384447919
    -0.7539822368615505    -0.2513274122871838 -5.462697643708829e-05
    -0.7539822368615505    -0.1256637061435919 -7.367848564832126e-05
    -0.7539822368615505                      0  3.822462009114848e-05
    -0.7539822368615505     0.1256637061435919  3.375094297497169e-05
    -0.7539822368615505     0.2513274122871834 -3.558220305361763e-05
    -0.7539822368615505     0.3769911184307753  -1.17130446488594e-05
    -0.7539822368615505     0.5026548245743672  3.734884414398781e-05
    -0.7539822368615505     0.6283185307179582  -9.52809757325851e-06
    -0.7539822368615505     0.7539822368615501 -3.559562806886906e-05
    -0.7539822368615505     0.8796459430051424  3.399351780873388e-05
    -0.7539822368615505      1.005309649148734  2.281456660223783e-05
    -0.7539822368615505      1.130973355292326 -5.811386395303243e-05
    -0.7539822368615505      1.256637061435917   6.22528829166598e-06
    -0.7539822368615505      1.382300767579509  7.296027280887859e-05
    -0.7539822368615505      1.507964473723101 -5.217841151505616e-05
    -0.7539822368615505      1.633628179866692 -6.617875244238749e-05
    -0.7539822368615505      1.759291886010284  0.0001085322214305251
    -0.7539822368615505      1.884955592153876   2.51688398500445e-05
    -0.7539822368615505      2.010619298297467 -0.0001595685845519492
    -0.7539822368615505       2.13628300444106  5.774429993967074e-05
    -0.7539822368615505      2.261946710584651  0.0001806035794930078
    -0.7539822368615505      2.387610416728243 -0.0001787865387076449
    -0.7539822368615505      2.513274122871834 -0.0001424147353933862
    -0.7539822368615505      2.638937829015426   0.000317575743019235
    -0.7539822368615505      2.764601535159018  2.022414973735334e-05
    -0.7539822368615505      2.890265241302609 -0.0004385711079390667
    -0.7539822368615505      3.015928947446201  0.0002008327489403168
    -0.6283185307179586     -3.141592653589793  0.0001311582076102667
    -0.6283185307179586     -3.015928947446201 -0.0002854626898306749
    -0.6283185307179586      -2.89026524130261 -0.0002951337443672223
    -0.6283185307179586     -2.764601535159018  5.713810831097833e-05
    -0.6283185307179586     -2.638937829015426 -0.0001315194525203877
    -0.6283185307179586     -2.513274122871834  0.0003905756580984362
    -0.6283185307179586     -2.387610416728243   0.003849822816647825
    -0.6283185307179586     -2.261946710584651   0.008651668429679392
    -0.6283185307179586     -2.136283004441059   0.009782683834539316
    -0.6283185307179586     -2.010619298297468   0.005476030006817691
    -0.6283185307179586     -1.884955592153876    0.00114120723840078
    -0.6283185307179586     -1.759291886010284   0.003457315186666259
    -0.6283185307179586     -1.633628179866693    0.01128740237546549
    -0.6283185307179586     -1.507964473723101    0.01666450576245444
    -0.6283185307179586     -1.382300767579509    0.01451210319510125
    -0.6283185307179586     -1.256637061435917   0.007780016130709057
    -0.6283185307179586     -1.130973355292325   0.002465501363223183
    -0.6283185307179586     -1.005309649148733  0.0003439322979522653
    -0.6283185307179586     -0.879645943005142 -0.0005735057509524865
    -0.6283185307179586    -0.7539822368615505 -0.0009917855241450555
    -0.6283185307179586    -0.6283185307179586 -0.0004157224333313356
    -0.6283185307179586    -0.5026548245743667  0.0002247867058679796
    -0.6283185307179586    -0.3769911184307753  6.183432524277082e-05
    -0.6283185307179586    -0.2513274122871838 -0.0001563899108668378
    -0.6283185307179586    -0.1256637061435919   3.70733029374536e-05
    -0.6283185307179586                      0    8.9135749560166e-05
    -0.6283185307179586     0.1256637061435919 -6.796679580145137e-05
    -0.6283185307179586     0.2513274122871834 -3.479746854668203e-05
    -0.6283185307179586     0.3769911184307753  6.524123547209561e-05
    -0.6283185307179586     0.5026548245743672  -7.21416537780237e-08
    -0.6283185307179586     0.6283185307179582 -4.956480637251688e-05
    -0.6283185307179586     0.7539822368615501  1.730057771711628e-05
    -0.6283185307179586     0.8796459430051424  3.366551998300918e-05
    -0.6283185307179586      1.005309649148734 -2.368185741510983e-05
    -0.6283185307179586      1.130973355292326 -2.295934850117034e-05
    -0.6283185307179586      1.256637061435917  2.703153838892498e-05
    -0.6283185307179586      1.382300767579509  1.672684433085165e-05
    -0.6283185307179586      1.507964473723101 -3.309149225872753e-05
    -0.6283185307179586      1.633628179866692 -1.005373223378037e-05
    -0.6283185307179586      1.759291886010284  4.343972843765095e-05
    -0.6283185307179586      1.884955592153876 -3.615861615565881e-06
    -0.6283185307179586      2.010619298297467  -5.44639027951377e-05
    -0.6283185307179586       2.13628300444106  2.944587823849014e-05
    -0.6283185307179586      2.261946710584651  5.762478816991375e-05
    -0.6283185307179586      2.387610416728243 -6.795967494046133e-05
    -0.6283185307179586      2.513274122871834 -4.136142693178897e-05
    -0.6283185307179586      2.638937829015426  0.0001121411820280781
    -0.6283185307179586      2.764601535159018 -5.206316657410132e-06
    -0.6283185307179586      2.890265241302609 -0.0001453776626094834
    -0.6283185307179586      3.015928947446201  8.840996550228973e-05
    -0.5026548245743667     -3.141592653589793 -0.0002724393347628057
    -0.5026548245743667     -3.015928947446201  0.0003605805639893974
    -0.5026548245743667      -2.89026524130261  0.0003066947139968346
    -0.5026548245743667     -2.764601535159018 -0.0005255281481957323
    -0.5026548245743667     -2.638937829015426 -0.0005502494795606512
    -0.5026548245743667     -2.513274122871834 -0.0002922235115747286
    -0.5026548245743667     -2.387610416728243 -0.0008991064191164401
    -0.5026548245743667     -2.261946710584651  -0.000870833314614428
    -0.5026548245743667     -2.136283004441059  0.0001819800292050345
    -0.5026548245743667     -2.010619298297468   0.000554982842418167
    -0.5026548245743667     -1.884955592153876   0.002250319006208544
    -0.5026548245743667     -1.759291886010284   0.006879708154380492
    -0.5026548245743667     -1.633628179866693   0.008413131006432432
    -0.5026548245743667     -1.507964473723101   0.004953845132634938
    -0.5026548245743667     -1.382300767579509   0.005712418956269946
    -0.5026548245743667     -1.256637061435917    0.01074998582819974
    -0.5026548245743667     -1.130973355292325   0.007636655826274248
    -0.5026548245743667     -1.005309649148733  -0.001431049101165711
    -0.5026548245743667     -0.879645943005142  -0.002246314721994603
    -0.5026548245743667    -0.7539822368615505   0.002539408064494473
    -0.5026548245743667    -0.6283185307179586   0.001594036725507385
    -0.5026548245743667    -0.5026548245743667  -0.001517908888111578
    -0.5026548245743667    -0.3769911184307753 -0.0001770376949260414
    -0.5026548245743667    -0.2513274122871838   0.001122993835383657
    -0.5026548245743667    -0.1256637061435919 -0.0004099841566206869
    -0.5026548245743667                      0  -0.000629042345478394
    -0.5026548245743667     0.1256637061435919  0.0005888770769068757
    -0.5026548245743667     0.2513274122871834  0.0002050859599832908
    -0.5026548245743667     0.3769911184307753 -0.0005290502206788599
    -0.5026548245743667     0.5026548245743672  7.420377980989703e-05
    -0.5026548245743667     0.6283185307179582   0.000364775102468789
    -0.5026548245743667     0.7539822368615501  -0.000206639986763328
    -0.5026548245743667     0.8796459430051424 -0.0001904332170430588
    -0.5026548245743667      1.005309649148734  0.0002303657763361922
    -0.5026548245743667      1.130973355292326  5.687278172142454e-05
    -0.5026548245743667      1.256637061435917 -0.0001958699263486545
    -0.5026548245743667      1.382300767579509  2.240715321701088e-05
    -0.5026548245743667      1.507964473723101  0.0001467195549521974
    -0.5026548245743667      1.633628179866692 -5.940070618264173e-05
    -0.5026548245743667      1.759291886010284 -0.0001091406434429285
    -0.5026548245743667      1.884955592153876  7.813030515205515e-05
    -0.5026548245743667      2.010619298297467  8.898142537808145e-05
    -0.5026548245743667       2.13628300444106 -0.0001021740571157303
    -0.5026548245743667      2.261946710584651 -7.434449427167402e-05
    -0.5026548245743667      2.387610416728243  0.0001446890695974332
    -0.5026548245743667      2.513274122871834  4.249355085808105e-05
    -0.5026548245743667      2.638937829015426 -0.0002021377681324045
    -0.5026548245743667      2.764601535159018  3.035737408056802e-05
    -0.5026548245743667      2.890265241302609   0.000253282902064137
    -0.5026548245743667      3.015928947446201 -0.0001612217965607953
    -0.3769911184307753     -3.141592653589793 -9.603521820062816e-06
    -0.3769911184307753     -3.015928947446201  9.678359327619815e-05
    -0.3769911184307753      -2.89026524130261  8.222549575221996e-05
    -0.3769911184307753     -2.764601535159018  7.391528290613764e-05
    -0.3769911184307753     -2.638937829015426  0.0003408549292222263
    -0.3769911184307753     -2.513274122871834  0.0005033834392323921
    -0.3769911184307753     -2.387610416728243  0.0001460168727341405
    -0.3769911184307753     -2.261946710584651 -0.0002665563392156441
    -0.3769911184307753     -2.136283004441059 -0.0003860000918429558
    -0.3769911184307753     -2.010619298297468  -0.000690832071512672
    -0.3769911184307753     -1.884955592153876  -0.001291431646933564
    -0.3769911184307753     -1.759291886010284  -0.001859447721459404
    -0.3769911184307753     -1.633628179866693  -0.002573392011877673
    -0.3769911184307753     -1.507964473723101  -0.002889441196752855
    -0.3769911184307753     -1.382300767579509  -0.001378035326094617
    -0.3769911184307753     -1.256637061435917  0.0008825534948492127
    -0.3769911184307753     -1.130973355292325  0.0009296233608971651
    -0.3769911184307753     -1.005309649148733 -0.0005979344400133476
    -0.3769911184307753     -0.879645943005142 -0.0006045416582266862
    -0.3769911184307753    -0.7539822368615505  0.0004500158693522228
    -0.3769911184307753    -0.6283185307179586  0.0003043540030295466
    -0.3769911184307753    -0.5026548245743667 -0.0003024783843033573
    -0.3769911184307753    -0.3769911184307753 -2.779021170662459e-05
    -0.3769911184307753    -0.2513274122871838  0.0002268721467568637
    -0.3769911184307753    -0.1256637061435919 -8.741156159269306e-05
    -0.3769911184307753                      0  -0.000126750984252058
    -0.3769911184307753     0.1256637061435919  0.0001220955240193215
    -0.3769911184307753     0.2513274122871834   4.01932483378722e-05
    -0.3769911184307753     0.3769911184307753 -0.0001087824618084925
    -0.3769911184307753     0.5026548245743672  1.700255768832212e-05
    -0.3769911184307753     0.6283185307179582  7.414969430505935e-05
    -0.3769911184307753     0.7539822368615501 -4.399971238522609e-05
    -0.3769911184307753     0.8796459430051424 -3.730435819202474e-05
    -0.3769911184307753      1.005309649148734   4.82334249344359e-05
    -0.3769911184307753      1.130973355292326  8.815772389733701e-06
    -0.3769911184307753      1.256637061435917  -3.97762678196081e-05
    -0.3769911184307753      1.382300767579509  8.128396354973943e-06
    -0.3769911184307753      1.507964473723101  2.750626998968906e-05
    -0.3769911184307753      1.633628179866692 -1.539603537911074e-05
    -0.3769911184307753      1.759291886010284 -1.709151518004526e-05
    -0.3769911184307753      1.884955592153876  1.731321688798847e-05
    -0.3769911184307753      2.010619298297467  1.044293072199725e-05
    -0.3769911184307753       2.13628300444106 -1.834870667282618e-05
    -0.3769911184307753      2.261946710584651 -6.191130191058256e-06
    -0.3769911184307753      2.387610416728243  2.130728856715193e-05
    -0.3769911184307753      2.513274122871834  8.189863048400526e-07
    -0.3769911184307753      2.638937829015426 -2.600530749824753e-05
    -0.3769911184307753      2.764601535159018  9.744458596383845e-06
    -0.3769911184307753      2.890265241302609  2.798023827268484e-05
    -0.3769911184307753      3.015928947446201 -2.813473607085952e-05
    -0.2513274122871838     -3.141592653589793  0.0001521348660327411
    -0.2513274122871838     -3.015928947446201 -0.0001920132011434755
    -0.2513274122871838      -2.89026524130261 -0.0001682767153919634
    -0.2513274122871838     -2.764601535159018  0.0003002312623590225
    -0.2513274122871838     -2.638937829015426  0.0003709361792233758
    -0.2513274122871838     -2.513274122871834  0.0003671614719180587
    -0.2513274122871838     -2.387610416728243   0.001043389339160436
    -0.2513274122871838     -2.261946710584651   0.001562254934146577
    -0.2513274122871838     -2.136283004441059   0.001166282095925492
    -0.2513274122871838     -2.010619298297468  0.0003498753098199754
    -0.2513274122871838     -1.884955592153876  -0.001214649086604423
    -0.2513274122871838     -1.759291886010284  -0.003364947559098987
    -0.2513274122871838     -1.633628179866693  -0.003284015060685401
    -0.2513274122871838     -1.507964473723101   -0.00100878797789742
    -0.2513274122871838     -1.382300767579509  -0.001509396752791331
    -0.2513274122871838     -1.256637061435917  -0.004548250787688649
    -0.2513274122871838     -1.130973355292325   -0.00363829890921606
    -0.2513274122871838     -1.005309649148733  0.0004536102507821534
    -0.2513274122871838     -0.879645943005142  0.0008772941684567201
    -0.2513274122871838    -0.7539822368615505   -0.00129875986376139
    -0.2513274122871838    -0.6283185307179586 -0.0007823863581886026
    -0.2513274122871838    -0.5026548245743667  0.0007243213198150639
    -0.2513274122871838    -0.3769911184307753  9.017191220779755e-05
    -0.2513274122871838    -0.2513274122871838 -0.0005341224037477654
    -0.2513274122871838    -0.1256637061435919  0.0001916613436173179
    -0.2513274122871838                      0  0.0002994907048674996
    -0.2513274122871838     0.1256637061435919 -0.0002777858204780707
    -0.2513274122871838     0.2513274122871834 -9.858821743840749e-05
    -0.2513274122871838     0.3769911184307753  0.0002502676984035078
    -0.2513274122871838     0.5026548245743672 -3.362160207286954e-05
    -0.2513274122871838     0.6283185307179582 -0.0001733017700232052
    -0.2513274122871838     0.7539822368615501  9.642708593789084e-05
    -0.2513274122871838     0.8796459430051424  9.172976270066168e-05
    -0.2513274122871838      1.005309649148734 -0.0001082108913876691
    -0.2513274122871838      1.130973355292326 -2.947584859898995e-05
    -0.2513274122871838      1.256637061435917  9.311630219442884e-05
    -0.2513274122871838      1.382300767579509 -7.454523489872429e-06
    -0.2513274122871838      1.507964473723101 -7.181479422624356e-05
    -0.2513274122871838      1.633628179866692  2.528364792688289e-05
    -0.2513274122871838      1.759291886010284  5.645116373265939e-05
    -0.2513274122871838      1.884955592153876 -3.594575449409109e-05
    -0.2513274122871838      2.010619298297467 -4.911211837450012e-05
    -0.2513274122871838       2.13628300444106   5.09510764015004e-05
    -0.2513274122871838      2.261946710584651  4.308134961738173e-05
    -0.2513274122871838      2.387610416728243 -7.637222315250065e-05
    -0.2513274122871838      2.513274122871834 -2.630264602510473e-05
    -0.2513274122871838      2.638937829015426  0.0001096436182030977
    -0.2513274122871838      2.764601535159018 -1.359447214888568e-05
    -0.2513274122871838      2.890265241302609 -0.0001391496269200279
    -0.2513274122871838      3.015928947446201   8.53577505678258e-05
    -0.1256637061435919     -3.141592653589793 -7.679953220864043e-05
    -0.1256637061435919     -3.015928947446201   7.88923787966801e-05
    -0.1256637061435919      -2.89026524130261  6.952690479746084e-05
    -0.1256637061435919     -2.764601535159018 -0.0001695823005694711
    -0.1256637061435919     -2.638937829015426 -0.0002564116646125241
    -0.1256637061435919     -2.513274122871834 -0.0002589285933099073
    -0.1256637061435919     -2.387610416728243 -0.0004355763759793064
    -0.1256637061435919     -2.261946710584651 -0.0004624486729681988
    -0.1256637061435919     -2.136283004441059 -0.0001767572009948261
    -0.1256637061435919     -2.010619298297468  0.0001574425278048922
    -0.1256637061435919     -1.884955592153876  0.0009550963462190384
    -0.1256637061435919     -1.759291886010284   0.002347372624281171
    -0.1256637061435919     -1.633628179866693   0.002769702409076043
    -0.1256637061435919     -1.507964473723101   0.001802394180431977
    -0.1256637061435919     -1.382300767579509   0.001700077478877854
    -0.1256637061435919     -1.256637061435917   0.002650155619058654
    -0.1256637061435919     -1.130973355292325   0.001887482958255485
    -0.1256637061435919     -1.005309649148733 -0.0001773727448113892
    -0.1256637061435919     -0.879645943005142 -0.0004143944052650511
    -0.1256637061435919    -0.7539822368615505  0.0006028158189219108
    -0.1256637061435919    -0.6283185307179586  0.0003654216701388904
    -0.1256637061435919    -0.5026548245743667 -0.0003385618091747676
    -0.1256637061435919    -0.3769911184307753 -4.302617823230358e-05
    -0.1256637061435919    -0.2513274122871838  0.0002493483812068685
    -0.1256637061435919    -0.1256637061435919 -8.897231226145302e-05
    -0.1256637061435919                      0 -0.0001398326129300261
    -0.1256637061435919     0.1256637061435919  0.0001293654742664612
    -0.1256637061435919     0.2513274122871834   4.60972638481439e-05
    -0.1256637061435919     0.3769911184307753 -0.0001166321737235317
    -0.1256637061435919     0.5026548245743672    1.5576435731643e-05
    -0.1256637061435919     0.6283185307179582  8.080083914926608e-05
    -0.1256637061435919     0.7539822368615501 -4.487770752365402e-05
    -0.1256637061435919     0.8796459430051424 -4.281401690428947e-05
    -0.1256637061435919      1.005309649148734   5.03981353001834e-05
    -0.1256637061435919      1.130973355292326  1.383017286824398e-05
    -0.1256637061435919      1.256637061435917 -4.340707873578167e-05
    -0.1256637061435919      1.382300767579509  3.360763223915614e-06
    -0.1256637061435919      1.507964473723101  3.354504934165177e-05
    -0.1256637061435919      1.633628179866692 -1.167417044551726e-05
    -0.1256637061435919      1.759291886010284 -2.646778119477447e-05
    -0.1256637061435919      1.884955592153876  1.668583799209022e-05
    -0.1256637061435919      2.010619298297467  2.313735122358549e-05
    -0.1256637061435919       2.13628300444106 -2.376750349883859e-05
    -0.1256637061435919      2.261946710584651 -2.042161615157814e-05
    -0.1256637061435919      2.387610416728243  3.576148835372252e-05
    -0.1256637061435919      2.513274122871834  1.273306995648365e-05
    -0.1256637061435919      2.638937829015426 -5.155596218488361e-05
    -0.1256637061435919      2.764601535159018  5.620373686587862e-06
    -0.1256637061435919      2.890265241302609  6.614932494565471e-05
    -0.1256637061435919      3.015928947446201 -3.875951971303331e-05
                      0     -3.141592653589793 -8.601258838111654e-05
                      0     -3.015928947446201    0.00011889207936008
                      0      -2.89026524130261  0.0001031734052649594
                      0     -2.764601535159018 -0.0001604162781764637
                      0     -2.638937829015426 -0.0001722573296130028
                      0     -2.513274122871834  -0.000157340772029422
                      0     -2.387610416728243 -0.0005665168712930173
                      0     -2.261946710584651 -0.0008696011222317398
                      0     -2.136283004441059 -0.0006664299226099859
                      0     -2.010619298297468 -0.0003530117002914294
                      0     -1.884955592153876   0.000326516897241281
                      0     -1.759291886010284   0.001461450438302621
                      0     -1.633628179866693     0.0014385191564174
                      0     -1.507964473723101  0.0002525487964162821
                      0     -1.382300767579509  0.0008409997465596903
                      0     -1.256637061435917   0.002877866571123905
                      0     -1.130973355292325   0.002269672983627184
                      0     -1.005309649148733 -0.0003697071162355585
                      0     -0.879645943005142 -0.0006267553071679548
                      0    -0.7539822368615505  0.0007933609346741651
                      0    -0.6283185307179586  0.0004899216895484101
                      0    -0.5026548245743667 -0.0004596942759237389
                      0    -0.3769911184307753 -5.520421080345232e-05
                      0    -0.2513274122871838  0.0003399640832618536
                      0    -0.1256637061435919 -0.0001232671517465613
                      0                      0 -0.0001905394638867147
                      0     0.1256637061435919  0.0001777219736213769
                      0     0.2513274122871834  6.236084275767917e-05
                      0     0.3769911184307753 -0.0001598497760826926
                      0     0.5026548245743672  2.205110568409447e-05
                      0     0.6283185307179582  0.0001104012168373882
                      0     0.7539822368615501 -6.210716536442224e-05
                      0     0.8796459430051424 -5.794736151122694e-05
                      0      1.005309649148734  6.941573904335322e-05
                      0      1.130973355292326  1.782154511864076e-05
                      0      1.256637061435917 -5.929687214448219e-05
                      0      1.382300767579509  5.991762977707437e-06
                      0      1.507964473723101  4.492998374858359e-05
                      0      1.633628179866692 -1.725357105410318e-05
                      0      1.759291886010284 -3.417358121786609e-05
                      0      1.884955592153876  2.336558113707455e-05
                      0      2.010619298297467  2.862215750738473e-05
                      0       2.13628300444106 -3.154170044939188e-05
                      0      2.261946710584651 -2.439957818275159e-05
                      0      2.387610416728243  4.571305175530518e-05
                      0      2.513274122871834   1.42887654690449e-05
                      0      2.638937829015426 -6.454708903795742e-05
                      0      2.764601535159018  9.209018640328629e-06
                      0      2.890265241302609  8.106043066335411e-05
                      0      3.015928947446201 -5.138330307111987e-05
     0.1256637061435919     -3.141592653589793  9.198340604527325e-05
     0.1256637061435919     -3.015928947446201 -0.0001123379455247895
     0.1256637061435919      -2.89026524130261 -9.884290599899264e-05
     0.1256637061435919     -2.764601535159018  0.0001838143363321333
     0.1256637061435919     -2.638937829015426   0.000235081174467754
     0.1256637061435919     -2.513274122871834  0.0002238795980838693
     0.1256637061435919     -2.387610416728243  0.0005644049362370069
     0.1256637061435919     -2.261946710584651  0.0007747601196712299
     0.1256637061435919     -2.136283004441059  0.0004983418958150993
     0.1256637061435919     -2.010619298297468  7.552465129044615e-05
     0.1256637061435919     -1.884955592153876 -0.0008243631340624032
     0.1256637061435919     -1.759291886010284  -0.002251329407629196
     0.1256637061435919     -1.633628179866693  -0.002423828193996155
     0.1256637061435919     -1.507964473723101  -0.001157237581259644
     0.1256637061435919     -1.382300767579509  -0.001389203893792586
     0.1256637061435919     -1.256637061435917  -0.003053898776978114
     0.1256637061435919     -1.130973355292325  -0.002318222489675886
     0.1256637061435919     -1.005309649148733   0.000277971908530362
     0.1256637061435919     -0.879645943005142  0.0005556638884980366
     0.1256637061435919    -0.7539822368615505 -0.0007856067165365531
     0.1256637061435919    -0.6283185307179586 -0.0004772081484276075
     0.1256637061435919    -0.5026548245743667  0.0004433215809755966
     0.1256637061435919    -0.3769911184307753  5.499357103402382e-05
     0.1256637061435919    -0.2513274122871838 -0.0003270605423546068
     0.1256637061435919    -0.1256637061435919   0.000117518491159762
     0.1256637061435919                      0   0.000183365012351078
     0.1256637061435919     0.1256637061435919  -0.000170230244631383
     0.1256637061435919     0.2513274122871834  -6.02751191074222e-05
     0.1256637061435919     0.3769911184307753  0.0001533204864373671
     0.1256637061435919     0.5026548245743672 -2.074060356712699e-05
     0.1256637061435919     0.6283185307179582 -0.0001060924318291128
     0.1256637061435919     0.7539822368615501  5.921401881125074e-05
     0.1256637061435919     0.8796459430051424  5.601712963965988e-05
     0.1256637061435919      1.005309649148734 -6.637590608276246e-05
     0.1256637061435919      1.130973355292326 -1.777309494398078e-05
     0.1256637061435919      1.256637061435917  5.699304369993639e-05
     0.1256637061435919      1.382300767579509 -4.916068717595185e-06
     0.1256637061435919      1.507964473723101  -4.37250303461964e-05
     0.1256637061435919      1.633628179866692  1.580011744279939e-05
     0.1256637061435919      1.759291886010284   3.40432202365769e-05
     0.1256637061435919      1.884955592153876 -2.212505740096498e-05
     0.1256637061435919      2.010619298297467 -2.930593291420959e-05
     0.1256637061435919       2.13628300444106  3.090117122834989e-05
     0.1256637061435919      2.261946710584651  2.553068669978557e-05
     0.1256637061435919      2.387610416728243  -4.58705345423367e-05
     0.1256637061435919      2.513274122871834 -1.549947954673676e-05
     0.1256637061435919      2.638937829015426  6.559366652711031e-05
     0.1256637061435919      2.764601535159018 -8.207598692462638e-06
     0.1256637061435919      2.890265241302609 -8.326027211778416e-05
     0.1256637061435919      3.015928947446201  5.087655862379995e-05
     0.2513274122871834     -3.141592653589793  2.578244720973434e-05
     0.2513274122871834     -3.015928947446201 -3.860410136472782e-05
     0.2513274122871834      -2.89026524130261 -3.239084777799571e-05
     0.2513274122871834     -2.764601535159018  4.802889623627201e-05
     0.2513274122871834     -2.638937829015426  4.851552518068406e-05
     0.2513274122871834     -2.513274122871834  5.085490112619983e-05
     0.2513274122871834     -2.387610416728243   0.000189438708137386
     0.2513274122871834     -2.261946710584651  0.0002818089755801465
     0.2513274122871834     -2.136283004441059  0.0002390705631128481
     0.2513274122871834     -2.010619298297468  0.0002434669635984425
     0.2513274122871834     -1.884955592153876  0.0001710385199799379
     0.2513274122871834     -1.759291886010284 -0.0001147030572871833
     0.2513274122871834     -1.633628179866693 -0.0001322898401992339
     0.2513274122871834     -1.507964473723101  0.0001420427299446841
     0.2513274122871834     -1.382300767579509 -0.0002115139121707061
     0.2513274122871834     -1.256637061435917 -0.0009907689399873752
     0.2513274122871834     -1.130973355292325 -0.0007684298572715698
     0.2513274122871834     -1.005309649148733   0.000177277698342991
     0.2513274122871834     -0.879645943005142  0.0002609731118806819
     0.2513274122871834    -0.7539822368615505  -0.000259218361578138
     0.2513274122871834    -0.6283185307179586 -0.0001677367747773041
     0.2513274122871834    -0.5026548245743667  0.0001610120546916584
     0.2513274122871834    -0.3769911184307753  1.839131778868879e-05
     0.2513274122871834    -0.2513274122871838 -0.0001195911396201408
     0.2513274122871834    -0.1256637061435919  4.395938505220165e-05
     0.2513274122871834                      0  6.699898304084211e-05
     0.2513274122871834     0.1256637061435919 -6.295571978439766e-05
     0.2513274122871834     0.2513274122871834 -2.175830223843804e-05
     0.2513274122871834     0.3769911184307753  5.650246897478474e-05
     0.2513274122871834     0.5026548245743672 -8.065543229505751e-06
     0.2513274122871834     0.6283185307179582 -3.888773428798615e-05
     0.2513274122871834     0.7539822368615501  2.219760939584584e-05
     0.2513274122871834     0.8796459430051424  2.017980681299094e-05
     0.2513274122871834      1.005309649148734 -2.467827170557756e-05
     0.2513274122871834      1.130973355292326 -5.824402102111075e-06
     0.2513274122871834      1.256637061435917  2.087546614037728e-05
     0.2513274122871834      1.382300767579509 -2.699360198647462e-06
     0.2513274122871834      1.507964473723101 -1.543677088307447e-05
     0.2513274122871834      1.633628179866692  6.619580861255235e-06
     0.2513274122871834      1.759291886010284  1.118843174989565e-05
     0.2513274122871834      1.884955592153876 -8.447335044324836e-06
     0.2513274122871834      2.010619298297467  -8.81947923348604e-06
     0.2513274122871834       2.13628300444106  1.066670208277745e-05
     0.2513274122871834      2.261946710584651  7.160072651890226e-06
     0.2513274122871834      2.387610416728243 -1.469423855638767e-05
     0.2513274122871834      2.513274122871834 -3.897840200053248e-06
     0.2513274122871834      2.638937829015426  2.021836761338034e-05
     0.2513274122871834      2.764601535159018 -3.411931853274523e-06
     0.2513274122871834      2.890265241302609 -2.503674120396621e-05
     0.2513274122871834      3.015928947446201  1.649207548879702e-05
     0.3769911184307753     -3.141592653589793 -7.932835616279314e-05
     0.3769911184307753     -3.015928947446201   0.000100953073652404
     0.3769911184307753      -2.89026524130261  8.834564329218357e-05
     0.3769911184307753     -2.764601535159018 -0.0001553711342025213
     0.3769911184307753     -2.638937829015426 -0.0001898125070040573
     0.3769911184307753     -2.513274122871834 -0.0001803804535540939
     0.3769911184307753     -2.387610416728243 -0.0005004487757836314
     0.3769911184307753     -2.261946710584651 -0.0007098890603902033
     0.3769911184307753     -2.136283004441059 -0.0004889784925174595
     0.3769911184307753     -2.010619298297468 -0.0001616887974672369
     0.3769911184307753     -1.884955592153876  0.0005513475479000019
     0.3769911184307753     -1.759291886010284   0.001722715468776503
     0.3769911184307753     -1.633628179866693   0.001830557054320594
     0.3769911184307753     -1.507964473723101  0.0007552905401925139
     0.3769911184307753     -1.382300767579509   0.001084235922616105
     0.3769911184307753     -1.256637061435917   0.002671885204848039
     0.3769911184307753     -1.130973355292325   0.002047039350504017
     0.3769911184307753     -1.005309649148733 -0.0002772535346502973
     0.3769911184307753     -0.879645943005142 -0.0005189759564737498
     0.3769911184307753    -0.7539822368615505   0.000696682489571438
     0.3769911184307753    -0.6283185307179586  0.0004265953982059285
     0.3769911184307753    -0.5026548245743667 -0.0003980615365858144
     0.3769911184307753    -0.3769911184307753 -4.875200508237765e-05
     0.3769911184307753    -0.2513274122871838  0.0002939822773799215
     0.3769911184307753    -0.1256637061435919 -0.0001060242675525521
     0.3769911184307753                      0 -0.0001647995209699669
     0.3769911184307753     0.1256637061435919  0.0001532918662579083
     0.3769911184307753     0.2513274122871834  5.407031484187591e-05
     0.3769911184307753     0.3769911184307753 -0.0001379863302603964
     0.3769911184307753     0.5026548245743672  1.882767919685379e-05
     0.3769911184307753     0.6283185307179582  9.540183752013079e-05
     0.3769911184307753     0.7539822368615501 -5.343439297871459e-05
     0.3769911184307753     0.8796459430051424 -5.023903147120918e-05
     0.3769911184307753      1.005309649148734  5.981962459699214e-05
     0.3769911184307753      1.130973355292326  1.572136290441307e-05
     0.3769911184307753      1.256637061435917 -5.124490043291403e-05
     0.3769911184307753      1.382300767579509  4.759882489331599e-06
     0.3769911184307753      1.507964473723101  3.909671330525968e-05
     0.3769911184307753      1.633628179866692 -1.452162287979083e-05
     0.3769911184307753      1.759291886010284 -3.012636572446555e-05
     0.3769911184307753      1.884955592153876  2.002546278407876e-05
     0.3769911184307753      2.010619298297467  2.562651439074532e-05
     0.3769911184307753       2.13628300444106 -2.754339098317446e-05
     0.3769911184307753      2.261946710584651 -2.212275984940603e-05
     0.3769911184307753      2.387610416728243  4.045606081596627e-05
     0.3769911184307753      2.513274122871834  1.324452191827891e-05
     0.3769911184307753      2.638937829015426 -5.754193441651147e-05
     0.3769911184307753      2.764601535159018  7.585164147566266e-06
     0.3769911184307753      2.890265241302609  7.275243904089934e-05
     0.3769911184307753      3.015928947446201 -4.503834528107365e-05
     0.5026548245743672     -3.141592653589793  1.383287501468596e-05
     0.5026548245743672     -3.015928947446201 -1.497102769953329e-05
     0.5026548245743672      -2.89026524130261 -1.493006302913448e-05
     0.5026548245743672     -2.764601535159018  2.480141142951479e-05
     0.5026548245743672     -2.638937829015426  2.933917505881879e-05
     0.5026548245743672     -2.513274122871834  1.456511923160983e-05
     0.5026548245743672     -2.387610416728243  5.833460399185114e-05
     0.5026548245743672     -2.261946710584651  0.0001106734705446594
     0.5026548245743672     -2.136283004441059  4.983374257434706e-05
     0.5026548245743672     -2.010619298297468 -0.0001646475428095839
     0.5026548245743672     -1.884955592153876 -0.0004903250909035645
     0.5026548245743672     -1.759291886010284  -0.000756824871954884
     0.5026548245743672     -1.633628179866693 -0.0007037821492070119
     0.5026548245743672     -1.507964473723101 -0.0003776770451254082
     0.5026548245743672     -1.382300767579509  -0.000194065795367721
     0.5026548245743672     -1.256637061435917 -0.0002607087245263759
     0.5026548245743672     -1.130973355292325 -0.0002299310200866177
     0.5026548245743672     -1.005309649148733 -5.019038368330203e-05
     0.5026548245743672     -0.879645943005142 -1.803271705328798e-05
     0.5026548245743672    -0.7539822368615505  -9.54149896264575e-05
     0.5026548245743672    -0.6283185307179586 -4.621144138426429e-05
     0.5026548245743672    -0.5026548245743667  3.732826283106917e-05
     0.5026548245743672    -0.3769911184307753  6.014941883740675e-06
     0.5026548245743672    -0.2513274122871838 -2.677325433862483e-05
     0.5026548245743672    -0.1256637061435919  8.742062397816237e-06
     0.5026548245743672                      0  1.505033889091645e-05
     0.5026548245743672     0.1256637061435919 -1.328835954500067e-05
     0.5026548245743672     0.2513274122871834 -5.199477297243028e-06
     0.5026548245743672     0.3769911184307753  1.214951358962469e-05
     0.5026548245743672     0.5026548245743672 -1.238146440605587e-06
     0.5026548245743672     0.6283185307179582 -8.610838388168347e-06
     0.5026548245743672     0.7539822368615501  4.325708563821828e-06
     0.5026548245743672     0.8796459430051424  4.893654240391022e-06
     0.5026548245743672      1.005309649148734 -5.047127343979479e-06
     0.5026548245743672      1.130973355292326 -2.121690920139032e-06
     0.5026548245743672      1.256637061435917  4.643193162380937e-06
     0.5026548245743672      1.382300767579509  4.835320572469676e-07
     0.5026548245743672      1.507964473723101 -4.133353886366829e-06
     0.5026548245743672      1.633628179866692  4.704063807310063e-07
     0.5026548245743672      1.759291886010284  4.036512687766392e-06
     0.5026548245743672      1.884955592153876 -1.472816918413285e-06
     0.5026548245743672      2.010619298297467 -4.270924150856436e-06
     0.5026548245743672       2.13628300444106  3.178474029993021e-06
     0.5026548245743672      2.261946710584651  4.217473963808686e-06
     0.5026548245743672      2.387610416728243 -5.841989705892749e-06
     0.5026548245743672      2.513274122871834  -2.93985096964531e-06
     0.5026548245743672      2.638937829015426  9.100995937673368e-06
     0.5026548245743672      2.764601535159018 -4.678846129056562e-07
     0.5026548245743672      2.890265241302609 -1.198014818515245e-05
     0.5026548245743672      3.015928947446201  6.645398934715998e-06
     0.6283185307179582     -3.141592653589793  5.357854780772323e-05
     0.6283185307179582     -3.015928947446201 -6.917620089343567e-05
     0.6283185307179582      -2.89026524130261 -5.952512196167184e-05
     0.6283185307179582     -2.764601535159018  0.0001067340697747272
     0.6283185307179582     -2.638937829015426  0.0001323540917445907
     0.6283185307179582     -2.513274122871834  0.0001340203205160267
     0.6283185307179582     -2.387610416728243  0.0003538639993839793
     0.6283185307179582     -2.261946710584651  0.0004820051137759345
     0.6283185307179582     -2.136283004441059  0.0003438754244367299
     0.6283185307179582     -2.010619298297468   0.000212158497252735
     0.6283185307179582     -1.884955592153876  -0.000157424178739718
     0.6283185307179582     -1.759291886010284 -0.0009197669885213149
     0.6283185307179582     -1.633628179866693   -0.00104228698838015
     0.6283185307179582     -1.507964473723101 -0.0003982618671905557
     0.6283185307179582     -1.382300767579509 -0.0007481944950362255
     0.6283185307179582     -1.256637061435917  -0.001925358862647735
     0.6283185307179582     -1.130973355292325  -0.001453875007713143
     0.6283185307179582     -1.005309649148733  0.0002406739846329715
     0.6283185307179582     -0.879645943005142   0.000410104032123653
     0.6283185307179582    -0.7539822368615505 -0.0004835560284800177
     0.6283185307179582    -0.6283185307179586 -0.0003029811497610532
     0.6283185307179582    -0.5026548245743667  0.0002859403285608314
     0.6283185307179582    -0.3769911184307753  3.424368536350631e-05
     0.6283185307179582    -0.2513274122871838  -0.000211614319990621
     0.6283185307179582    -0.1256637061435919  7.681236194267906e-05
     0.6283185307179582                      0   0.000118603790777189
     0.6283185307179582     0.1256637061435919 -0.0001107079313004237
     0.6283185307179582     0.2513274122871834  -3.87701258952699e-05
     0.6283185307179582     0.3769911184307753  9.955210888766238e-05
     0.6283185307179582     0.5026548245743672 -1.381422387439354e-05
     0.6283185307179582     0.6283185307179582 -6.871276807644541e-05
     0.6283185307179582     0.7539822368615501  3.876011158977704e-05
     0.6283185307179582     0.8796459430051424  3.598601507599465e-05
     0.6283185307179582      1.005309649148734 -4.327910621981655e-05
     0.6283185307179582      1.130973355292326 -1.093493187356931e-05
     0.6283185307179582      1.256637061435917   3.68987553021751e-05
     0.6283185307179582      1.382300767579509  -3.93285642230466e-06
     0.6283185307179582      1.507964473723101 -2.782481152257829e-05
     0.6283185307179582      1.633628179866692  1.092322458089671e-05
     0.6283185307179582      1.759291886010284  2.096998421799853e-05
     0.6283185307179582      1.884955592153876 -1.460732578347466e-05
     0.6283185307179582      2.010619298297467 -1.737531982768088e-05
     0.6283185307179582       2.13628300444106  1.945337295994767e-05
     0.6283185307179582      2.261946710584651  1.470822091870561e-05
     0.6283185307179582      2.387610416728243 -2.792463318161909e-05
     0.6283185307179582      2.513274122871834 -8.582060546254503e-06
     0.6283185307179582      2.638937829015426  3.928364329297008e-05
     0.6283185307179582      2.764601535159018 -5.564521954103152e-06
     0.6283185307179582      2.890265241302609 -4.942342538287083e-05
     0.6283185307179582      3.015928947446201  3.097614606031081e-05
     0.7539822368615501     -3.141592653589793 -3.247943763318435e-05
     0.7539822368615501     -3.015928947446201  4.035063904147109e-05
     0.7539822368615501      -2.89026524130261  3.716940691399525e-05
     0.7539822368615501     -2.764601535159018 -5.940865631651407e-05
     0.7539822368615501     -2.638937829015426 -6.678953230648699e-05
     0.7539822368615501     -2.513274122871834 -4.763047186696706e-05
     0.7539822368615501     -2.387610416728243 -0.0001777304064220134
     0.7539822368615501     -2.261946710584651 -0.0002955217314696975
     0.7539822368615501     -2.136283004441059  -0.000187845422556848
     0.7539822368615501     -2.010619298297468  0.0001092475041586711
     0.7539822368615501     -1.884955592153876  0.0006020566276298254
     0.7539822368615501     -1.759291886010284   0.001123727668743592
     0.7539822368615501     -1.633628179866693   0.001063736398846075
     0.7539822368615501     -1.507964473723101  0.0004704147945829336
     0.7539822368615501     -1.382300767579509  0.0003898121443467514
     0.7539822368615501     -1.256637061435917   0.000872949528860335
     0.7539822368615501     -1.130973355292325  0.0007133634799819465
     0.7539822368615501     -1.005309649148733 -1.913232035827688e-05
     0.7539822368615501     -0.879645943005142 -0.0001070952317078604
     0.7539822368615501    -0.7539822368615505   0.000264682234922873
     0.7539822368615501    -0.6283185307179586  0.0001496044279300061
     0.7539822368615501    -0.5026548245743667 -0.0001337752779326516
     0.7539822368615501    -0.3769911184307753 -1.774249309370988e-05
     0.7539822368615501    -0.2513274122871838  9.802725208924644e-05
     0.7539822368615501    -0.1256637061435919 -3.448857207502768e-05
     0.7539822368615501                      0 -5.499007483420485e-05
     0.7539822368615501     0.1256637061435919  5.047300906457139e-05
     0.7539822368615501     0.2513274122871834  1.829524891668553e-05
     0.7539822368615501     0.3769911184307753 -4.561268911515836e-05
     0.7539822368615501     0.5026548245743672  5.816077815584358e-06
     0.7539822368615501     0.6283185307179582  3.174144852910111e-05
     0.7539822368615501     0.7539822368615501 -1.729316361948121e-05
     0.7539822368615501     0.8796459430051424 -1.706662122748498e-05
     0.7539822368615501      1.005309649148734  1.955898926938397e-05
     0.7539822368615501      1.130973355292326   5.91847143561763e-06
     0.7539822368615501      1.256637061435917 -1.706817598219186e-05
     0.7539822368615501      1.382300767579509  6.900683429302527e-07
     0.7539822368615501      1.507964473723101  1.360077040918155e-05
     0.7539822368615501      1.633628179866692 -4.009974699365901e-06
     0.7539822368615501      1.759291886010284 -1.131409306933792e-05
     0.7539822368615501      1.884955592153876  6.338025813006888e-06
     0.7539822368615501      2.010619298297467  1.044281201225603e-05
     0.7539822368615501       2.13628300444106 -9.848298220346922e-06
     0.7539822368615501      2.261946710584651 -9.528632441485742e-06
     0.7539822368615501      2.387610416728243   1.56146116495611e-05
     0.7539822368615501      2.513274122871834  6.091383931154834e-06
     0.7539822368615501      2.638937829015426 -2.297359023039084e-05
     0.7539822368615501      2.764601535159018  2.373111837638237e-06
     0.7539822368615501      2.890265241302609  2.945123138574731e-05
     0.7539822368615501      3.015928947446201 -1.763247971012725e-05
     0.8796459430051424     -3.141592653589793 -2.688478509331581e-05
     0.8796459430051424     -3.015928947446201  3.520494516163895e-05
     0.8796459430051424      -2.89026524130261  2.840713156175965e-05
     0.8796459430051424     -2.764601535159018 -5.841494639512714e-05
     0.8796459430051424     -2.638937829015426 -7.977114874823922e-05
     0.8796459430051424     -2.513274122871834 -9.695961293110765e-05
     0.8796459430051424     -2.387610416728243 -0.0002049228341350487
     0.8796459430051424     -2.261946710584651 -0.0002316315582326027
     0.8796459430051424     -2.136283004441059 -0.0001784041466717942
     0.8796459430051424     -2.010619298297468  -0.000280510367560693
     0.8796459430051424     -1.884955592153876 -0.0002998927372285161
     0.8796459430051424     -1.759291886010284  4.597778651792797e-05
     0.8796459430051424     -1.633628179866693  0.0002239826486401157
     0.8796459430051424     -1.507964473723101  6.207698762005112e-05
     0.8796459430051424     -1.382300767579509  0.0004499928465603692
     0.8796459430051424     -1.256637061435917   0.001197683163651236
     0.8796459430051424     -1.130973355292325  0.0008568095615399553
     0.8796459430051424     -1.005309649148733 -0.0002156872683165835
     0.8796459430051424     -0.879645943005142 -0.0003124019437352935
     0.8796459430051424    -0.7539822368615505  0.0002619705001599474
     0.8796459430051424    -0.6283185307179586  0.0001766773061538969
     0.8796459430051424    -0.5026548245743667 -0.0001724191484659643
     0.8796459430051424    -0.3769911184307753 -1.936974054660884e-05
     0.8796459430051424    -0.2513274122871838    0.00012833674934643
     0.8796459430051424    -0.1256637061435919 -4.739881697890844e-05
     0.8796459430051424                      0 -7.189349341375832e-05
     0.8796459430051424     0.1256637061435919  6.774721049500573e-05
     0.8796459430051424     0.2513274122871834  2.326022925744272e-05
     0.8796459430051424     0.3769911184307753 -6.075163613395051e-05
     0.8796459430051424     0.5026548245743672  8.817565612404431e-06
     0.8796459430051424     0.6283185307179582  4.173636308576307e-05
     0.8796459430051424     0.7539822368615501 -2.400585549173716e-05
     0.8796459430051424     0.8796459430051424 -2.152237677996537e-05
     0.8796459430051424      1.005309649148734  2.661592499323359e-05
     0.8796459430051424      1.130973355292326  5.984974618246577e-06
     0.8796459430051424      1.256637061435917 -2.239462027042536e-05
     0.8796459430051424      1.382300767579509   3.24233849055658e-06
     0.8796459430051424      1.507964473723101   1.63342679469353e-05
     0.8796459430051424      1.633628179866692 -7.419233742955024e-06
     0.8796459430051424      1.759291886010284  -1.15039463624215e-05
     0.8796459430051424      1.884955592153876  9.181693471143245e-06
     0.8796459430051424      2.010619298297467  8.723077316105984e-06
     0.8796459430051424       2.13628300444106 -1.116015099543207e-05
     0.8796459430051424      2.261946710584651 -6.864758717674923e-06
     0.8796459430051424      2.387610416728243  1.490001513631253e-05
     0.8796459430051424      2.513274122871834  3.611419654987589e-06
     0.8796459430051424      2.638937829015426 -2.020234450474948e-05
     0.8796459430051424      2.764601535159018  3.502142136340155e-06
     0.8796459430051424      2.890265241302609  2.502779121122262e-05
     0.8796459430051424      3.015928947446201 -1.624315348861514e-05
      1.005309649148734     -3.141592653589793  3.520225507393614e-05
      1.005309649148734     -3.015928947446201 -4.456381952890394e-05
      1.005309649148734      -2.89026524130261 -4.010592780158696e-05
      1.005309649148734     -2.764601535159018  6.605019450875647e-05
      1.005309649148734     -2.638937829015426  7.624853256581367e-05
      1.005309649148734     -2.513274122871834  6.254801213874279e-05
      1.005309649148734     -2.387610416728243  0.0002063307835192388
      1.005309649148734     -2.261946710584651   0.000321602764672553
      1.005309649148734     -2.136283004441059  0.0002144286574493468
      1.005309649148734     -2.010619298297468 -2.848021239624371e-05
      1.005309649148734     -1.884955592153876 -0.0004636299276983328
      1.005309649148734     -1.759291886010284  -0.001004141821799847
      1.005309649148734     -1.633628179866693 -0.0009836763144143491
      1.005309649148734     -1.507964473723101 -0.0004128880206597018
      1.005309649148734     -1.382300767579509 -0.0004366784901702986
      1.005309649148734     -1.256637061435917  -0.001051330307283341
      1.005309649148734     -1.130973355292325 -0.0008347541321825846
      1.005309649148734     -1.005309649148733  6.821487802692973e-05
      1.005309649148734     -0.879645943005142   0.000168637039901833
      1.005309649148734    -0.7539822368615505 -0.0002981418545296121
      1.005309649148734    -0.6283185307179586 -0.0001751323453229345
      1.005309649148734    -0.5026548245743667  0.0001599624592679115
      1.005309649148734    -0.3769911184307753  2.037814368923709e-05
      1.005309649148734    -0.2513274122871838 -0.0001176869179000619
      1.005309649148734    -0.1256637061435919  4.194174043742366e-05
      1.005309649148734                      0   6.59944119863341e-05
      1.005309649148734     0.1256637061435919 -6.099226277652368e-05
      1.005309649148734     0.2513274122871834 -2.180069425155097e-05
      1.005309649148734     0.3769911184307753  5.500670332253019e-05
      1.005309649148734     0.5026548245743672 -7.266698183521971e-06
      1.005309649148734     0.6283185307179582 -3.815136351408218e-05
      1.005309649148734     0.7539822368615501  2.108386762846723e-05
      1.005309649148734     0.8796459430051424    2.0297064417259e-05
      1.005309649148734      1.005309649148734 -2.372023389298102e-05
      1.005309649148734      1.130973355292326 -6.690939809374295e-06
      1.005309649148734      1.256637061435917  2.050385554996143e-05
      1.005309649148734      1.382300767579509 -1.378682023421265e-06
      1.005309649148734      1.507964473723101 -1.598322485710916e-05
      1.005309649148734      1.633628179866692  5.324891843185776e-06
      1.005309649148734      1.759291886010284  1.280588841322023e-05
      1.005309649148734      1.884955592153876 -7.818116092680686e-06
      1.005309649148734      2.010619298297467  -1.13737504170166e-05
      1.005309649148734       2.13628300444106   1.14179189725966e-05
      1.005309649148734      2.261946710584651  1.011913101461059e-05
      1.005309649148734      2.387610416728243 -1.744596837061871e-05
      1.005309649148734      2.513274122871834 -6.281146969500263e-06
      1.005309649148734      2.638937829015426  2.526066553717933e-05
      1.005309649148734      2.764601535159018 -2.958096500570995e-06
      1.005309649148734      2.890265241302609 -3.216322690476108e-05
      1.005309649148734      3.015928947446201  1.959212163408353e-05
      1.130973355292326     -3.141592653589793  6.339860681033097e-06
      1.130973355292326     -3.015928947446201 -8.969186078683647e-06
      1.130973355292326      -2.89026524130261 -4.010450553399026e-06
      1.130973355292326     -2.764601535159018  2.237635174220122e-05
      1.130973355292326     -2.638937829015426  4.267222151174958e-05
      1.130973355292326     -2.513274122871834  7.519275074757268e-05
      1.130973355292326     -2.387610416728243  9.536495521511678e-05
      1.130973355292326     -2.261946710584651  3.499126782230168e-05
      1.130973355292326     -2.136283004441059  4.963776581606298e-05
      1.130973355292326     -2.010619298297468  0.0003646301781401414
      1.130973355292326     -1.884955592153876  0.0007226550114402417
      1.130973355292326     -1.759291886010284  0.0007021426045390722
      1.130973355292326     -1.633628179866693  0.0004555048184757042
      1.130973355292326     -1.507964473723101  0.0002137746638107465
      1.130973355292326     -1.382300767579509   -0.00024135170217015
      1.130973355292326     -1.256637061435917 -0.0006839123086368614
      1.130973355292326     -1.130973355292325 -0.0004215610003658514
      1.130973355292326     -1.005309649148733  0.0002141565036688178
      1.130973355292326     -0.879645943005142  0.0002573103736803492
      1.130973355292326    -0.7539822368615505 -9.452330537253585e-05
      1.130973355292326    -0.6283185307179586 -8.385015650598851e-05
      1.130973355292326    -0.5026548245743667  9.028346720109266e-05
      1.130973355292326    -0.3769911184307753  8.311576612682185e-06
      1.130973355292326    -0.2513274122871838 -6.825610419380132e-05
      1.130973355292326    -0.1256637061435919  2.636945120696594e-05
      1.130973355292326                      0  3.818615428823576e-05
      1.130973355292326     0.1256637061435919  -3.68960660597358e-05
      1.130973355292326     0.2513274122871834 -1.201081974192699e-05
      1.130973355292326     0.3769911184307753  3.284777877028361e-05
      1.130973355292326     0.5026548245743672 -5.317071358384246e-06
      1.130973355292326     0.6283185307179582 -2.228895846657583e-05
      1.130973355292326     0.7539822368615501  1.347988402052917e-05
      1.130973355292326     0.8796459430051424  1.101528377798424e-05
      1.130973355292326      1.005309649148734 -1.468166399880712e-05
      1.130973355292326      1.130973355292326 -2.259552537129214e-06
      1.130973355292326      1.256637061435917  1.193418404831945e-05
      1.130973355292326      1.382300767579509 -2.948472828030294e-06
      1.130973355292326      1.507964473723101 -7.915171030612581e-06
      1.130973355292326      1.633628179866692  5.080533196878762e-06
      1.130973355292326      1.759291886010284  4.384996438575944e-06
      1.130973355292326      1.884955592153876 -5.343882843251718e-06
      1.130973355292326      2.010619298297467 -2.048154919659591e-06
      1.130973355292326       2.13628300444106  5.024063390394299e-06
      1.130973355292326      2.261946710584651  7.165886038956361e-07
      1.130973355292326      2.387610416728243 -5.016729121468114e-06
      1.130973355292326      2.513274122871834  3.519999902599317e-07
      1.130973355292326      2.638937829015426  5.571825024394111e-06
      1.130973355292326      2.764601535159018  -2.03754097348104e-06
      1.130973355292326      2.890265241302609 -6.254068109615952e-06
      1.130973355292326      3.015928947446201  4.993579258739278e-06
      1.256637061435917     -3.141592653589793 -2.900700055686985e-05
      1.256637061435917     -3.015928947446201  3.712815387356566e-05
      1.256637061435917      -2.89026524130261  3.176689031494426e-05
      1.256637061435917     -2.764601535159018 -5.863848425554067e-05
      1.256637061435917     -2.638937829015426 -7.438961645463213e-05
      1.256637061435917     -2.513274122871834 -7.712333389047176e-05
      1.256637061435917     -2.387610416728243 -0.0001933137098362108
      1.256637061435917     -2.261946710584651 -0.0002555736812465231
      1.256637061435917     -2.136283004441059  -0.000180946550235639
      1.256637061435917     -2.010619298297468  -0.000125726700093176
      1.256637061435917     -1.884955592153876  5.640101235355067e-05
      1.256637061435917     -1.759291886010284  0.0004704900209535431
      1.256637061435917     -1.633628179866693  0.0005542423055676872
      1.256637061435917     -1.507964473723101  0.0002223009654714955
      1.256637061435917     -1.382300767579509  0.0004234185422161067
      1.256637061435917     -1.256637061435917   0.001064008849470905
      1.256637061435917     -1.130973355292325  0.0007959621357317841
      1.256637061435917     -1.005309649148733 -0.0001384436800118698
      1.256637061435917     -0.879645943005142 -0.0002307990181870571
      1.256637061435917    -0.7539822368615505  0.0002621910475211905
      1.256637061435917    -0.6283185307179586  0.0001654580811416744
      1.256637061435917    -0.5026548245743667 -0.0001566579725798992
      1.256637061435917    -0.3769911184307753   -1.8666731166299e-05
      1.256637061435917    -0.2513274122871838  0.0001159953793789699
      1.256637061435917    -0.1256637061435919 -4.216534072472108e-05
      1.256637061435917                      0 -6.500960844828291e-05
      1.256637061435917     0.1256637061435919  6.073051885775228e-05
      1.256637061435917     0.2513274122871834  2.123158607490827e-05
      1.256637061435917     0.3769911184307753 -5.459787821042711e-05
      1.256637061435917     0.5026548245743672   7.60745327200416e-06
      1.256637061435917     0.6283185307179582  3.766858385658688e-05
      1.256637061435917     0.7539822368615501  -2.12862082426615e-05
      1.256637061435917     0.8796459430051424 -1.970006356647599e-05
      1.256637061435917      1.005309649148734  2.375257586893406e-05
      1.256637061435917      1.130973355292326   5.94052275463183e-06
      1.256637061435917      1.256637061435917 -2.022639493704954e-05
      1.256637061435917      1.382300767579509  2.226191165903098e-06
      1.256637061435917      1.507964473723101  1.520681418778219e-05
      1.256637061435917      1.633628179866692 -6.052489675049974e-06
      1.256637061435917      1.759291886010284 -1.139408198363775e-05
      1.256637061435917      1.884955592153876  8.032596544393876e-06
      1.256637061435917      2.010619298297467  9.374562722982712e-06
      1.256637061435917       2.13628300444106 -1.060901414650739e-05
      1.256637061435917      2.261946710584651   -7.8940978028675e-06
      1.256637061435917      2.387610416728243  1.513650415516765e-05
      1.256637061435917      2.513274122871834  4.578002910498651e-06
      1.256637061435917      2.638937829015426   -2.1233550694671e-05
      1.256637061435917      2.764601535159018  3.046876205718646e-06
      1.256637061435917      2.890265241302609  2.669540556189118e-05
      1.256637061435917      3.015928947446201 -1.674252675140648e-05
      1.382300767579509     -3.141592653589793  5.902786007935727e-06
      1.382300767579509     -3.015928947446201 -6.669423442063753e-06
      1.382300767579509      -2.89026524130261 -1.054695895510337e-05
      1.382300767579509     -2.764601535159018 -9.585277266128233e-07
      1.382300767579509     -2.638937829015426 -2.077351038684721e-05
      1.382300767579509     -2.513274122871834 -6.269500513411446e-05
      1.382300767579509     -2.387610416728243 -3.059557958176218e-05
      1.382300767579509     -2.261946710584651  8.200010834817345e-05
      1.382300767579509     -2.136283004441059  2.666197812072554e-05
      1.382300767579509     -2.010619298297468 -0.0004169864759417336
      1.382300767579509     -1.884955592153876 -0.0009789407018647293
      1.382300767579509     -1.759291886010284  -0.001152637932543822
      1.382300767579509     -1.633628179866693 -0.0008636071887432251
      1.382300767579509     -1.507964473723101 -0.0003789593641224288
      1.382300767579509     -1.382300767579509   0.000119347373288312
      1.382300767579509     -1.256637061435917  0.0003821334019753718
      1.382300767579509     -1.130973355292325  0.0001649722884821664
      1.382300767579509     -1.005309649148733  -0.000213696711483371
      1.382300767579509     -0.879645943005142 -0.0002255371566491267
      1.382300767579509    -0.7539822368615505 -5.021058846474031e-06
      1.382300767579509    -0.6283185307179586  2.881932777974926e-05
      1.382300767579509    -0.5026548245743667 -4.167149113028256e-05
      1.382300767579509    -0.3769911184307753  -1.74862871228227e-06
      1.382300767579509    -0.2513274122871838  3.270944939956465e-05
      1.382300767579509    -0.1256637061435919 -1.393955898741012e-05
      1.382300767579509                      0 -1.824283109400938e-05
      1.382300767579509     0.1256637061435919  1.865231192845432e-05
      1.382300767579509     0.2513274122871834  5.351194955572361e-06
      1.382300767579509     0.3769911184307753 -1.634430203630911e-05
      1.382300767579509     0.5026548245743672  3.252973585380902e-06
      1.382300767579509     0.6283185307179582  1.078380165392646e-05
      1.382300767579509     0.7539822368615501  -7.26014113182135e-06
      1.382300767579509     0.8796459430051424 -4.793802918232308e-06
      1.382300767579509      1.005309649148734  7.626609366029552e-06
      1.382300767579509      1.130973355292326  4.491300858113163e-08
      1.382300767579509      1.256637061435917 -5.745439824029994e-06
      1.382300767579509      1.382300767579509  2.788478570729608e-06
      1.382300767579509      1.507964473723101  2.925175933642579e-06
      1.382300767579509      1.633628179866692 -3.709675667638372e-06
      1.382300767579509      1.759291886010284 -1.533425065749867e-07
      1.382300767579509      1.884955592153876  3.078400496034338e-06
      1.382300767579509      2.010619298297467 -1.930502291361474e-06
      1.382300767579509       2.13628300444106 -1.383186297292752e-06
      1.382300767579509      2.261946710584651  2.954241678636701e-06
      1.382300767579509      2.387610416728243 -8.638959311719318e-07
      1.382300767579509      2.513274122871834 -2.722514127135276e-06
      1.382300767579509      2.638937829015426  3.143185577256475e-06
      1.382300767579509      2.764601535159018  1.172308935010781e-06
      1.382300767579509      2.890265241302609 -4.933190766759443e-06
      1.382300767579509      3.015928947446201  1.704981613824352e-06
      1.507964473723101     -3.141592653589793  2.017413121899407e-05
      1.507964473723101     -3.015928947446201 -2.635329335539658e-05
      1.507964473723101      -2.89026524130261 -1.937816222105202e-05
      1.507964473723101     -2.764601535159018  4.925549712618927e-05
      1.507964473723101     -2.638937829015426  7.529862837450192e-05
      1.507964473723101     -2.513274122871834  0.0001047676715123166
      1.507964473723101     -2.387610416728243  0.0001794190407046086
      1.507964473723101     -2.261946710584651  0.0001566964401894047
      1.507964473723101     -2.136283004441059  0.0001305703805058186
      1.507964473723101     -2.010619298297468  0.0003743199558906499
      1.507964473723101     -1.884955592153876  0.0005899658355057089
      1.507964473723101     -1.759291886010284  0.0003595456580640586
      1.507964473723101     -1.633628179866693  0.0001009494571764037
      1.507964473723101     -1.507964473723101  6.086742983680558e-05
      1.507964473723101     -1.382300767579509 -0.0004273801567543335
      1.507964473723101     -1.256637061435917  -0.001126443563277663
      1.507964473723101     -1.130973355292325 -0.0007632576467822479
      1.507964473723101     -1.005309649148733  0.0002551413532898893
      1.507964473723101     -0.879645943005142  0.0003382435700668148
      1.507964473723101    -0.7539822368615505 -0.0002135545845636262
      1.507964473723101    -0.6283185307179586 -0.0001556303406060154
      1.507964473723101    -0.5026548245743667  0.0001567269243325025
      1.507964473723101    -0.3769911184307753  1.657990649587908e-05
      1.507964473723101    -0.2513274122871838  -0.000117251335964055
      1.507964473723101    -0.1256637061435919  4.395595545490905e-05
      1.507964473723101                      0  6.565523031186702e-05
      1.507964473723101     0.1256637061435919 -6.238166595285284e-05
      1.507964473723101     0.2513274122871834 -2.104769629937306e-05
      1.507964473723101     0.3769911184307753  5.580599730204891e-05
      1.507964473723101     0.5026548245743672 -8.410416300790133e-06
      1.507964473723101     0.6283185307179582 -3.818170162649371e-05
      1.507964473723101     0.7539822368615501  2.233473351299377e-05
      1.507964473723101     0.8796459430051424  1.941824511375225e-05
      1.507964473723101      1.005309649148734 -2.461380195107104e-05
      1.507964473723101      1.130973355292326 -4.944629010410457e-06
      1.507964473723101      1.256637061435917  2.047267171769322e-05
      1.507964473723101      1.382300767579509 -3.655518186864329e-06
      1.507964473723101      1.507964473723101 -1.448511318743264e-05
      1.507964473723101      1.633628179866692  7.420637233695414e-06
      1.507964473723101      1.759291886010284  9.527653220360058e-06
      1.507964473723101      1.884955592153876 -8.648485470381584e-06
      1.507964473723101      2.010619298297467 -6.501423276985774e-06
      1.507964473723101       2.13628300444106  9.677799246649938e-06
      1.507964473723101      2.261946710584651  4.610735287726459e-06
      1.507964473723101      2.387610416728243 -1.196262035515745e-05
      1.507964473723101      2.513274122871834  -2.01783964928596e-06
      1.507964473723101      2.638937829015426   1.55254308149123e-05
      1.507964473723101      2.764601535159018 -3.282511696883905e-06
      1.507964473723101      2.890265241302609 -1.888198349010684e-05
      1.507964473723101      3.015928947446201  1.274264135368723e-05
      1.633628179866692     -3.141592653589793 -1.126768582229299e-05
      1.633628179866692     -3.015928947446201  1.366777013830659e-05
      1.633628179866692      -2.89026524130261  1.612444028721003e-05
      1.633628179866692     -2.764601535159018 -1.088960240682911e-05
      1.633628179866692     -2.638937829015426  4.431458408840339e-06
      1.633628179866692     -2.513274122871834  4.275061234438303e-05
      1.633628179866692     -2.387610416728243 -1.006389686706839e-05
      1.633628179866692     -2.261946710584651 -0.0001260286669197941
      1.633628179866692     -2.136283004441059 -5.995779761215836e-05
      1.633628179866692     -2.010619298297468  0.0003588560976989002
      1.633628179866692     -1.884955592153876  0.0009116451665536215
      1.633628179866692     -1.759291886010284   0.001154143893310266
      1.633628179866692     -1.633628179866693  0.0009040929872781294
      1.633628179866692     -1.507964473723101  0.0003893187159005679
      1.633628179866692     -1.382300767579509 -3.068371510851486e-05
      1.633628179866692     -1.256637061435917 -0.0001437310819360074
      1.633628179866692     -1.130973355292325  3.804506428212076e-06
      1.633628179866692     -1.005309649148733  0.0001663945026015015
      1.633628179866692     -0.879645943005142  0.0001603742354333075
      1.633628179866692    -0.7539822368615505  5.740964970144887e-05
      1.633628179866692    -0.6283185307179586  6.826619989779606e-06
      1.633628179866692    -0.5026548245743667  6.763397209884314e-06
      1.633628179866692    -0.3769911184307753 -2.146527510381309e-06
      1.633628179866692    -0.2513274122871838 -6.716048160514796e-06
      1.633628179866692    -0.1256637061435919  4.323783682270075e-06
      1.633628179866692                      0  3.682537399591987e-06
      1.633628179866692     0.1256637061435919 -4.919910036555647e-06
      1.633628179866692     0.2513274122871834 -6.445013657100847e-07
      1.633628179866692     0.3769911184307753   4.03303732027535e-06
      1.633628179866692     0.5026548245743672 -1.459721618834689e-06
      1.633628179866692     0.6283185307179582 -2.329135107687645e-06
      1.633628179866692     0.7539822368615501  2.389747729829567e-06
      1.633628179866692     0.8796459430051424  4.392667518348791e-07
      1.633628179866692      1.005309649148734 -2.229684869599518e-06
      1.633628179866692      1.130973355292326  1.157092077680743e-06
      1.633628179866692      1.256637061435917  1.209127894467008e-06
      1.633628179866692      1.382300767579509 -2.118176880601065e-06
      1.633628179866692      1.507964473723101  3.747938092955727e-07
      1.633628179866692      1.633628179866692  2.194339268110972e-06
      1.633628179866692      1.759291886010284 -2.157603848546049e-06
      1.633628179866692      1.884955592153876 -1.213540819767899e-06
      1.633628179866692      2.010619298297467  3.668690730125957e-06
      1.633628179866692       2.13628300444106 -8.672254071602073e-07
      1.633628179866692      2.261946710584651 -4.312241464539974e-06
      1.633628179866692      2.387610416728243  3.849744590202601e-06
      1.633628179866692      2.513274122871834  3.428911596819689e-06
      1.633628179866692      2.638937829015426 -7.178086218586293e-06
      1.633628179866692      2.764601535159018 -4.611570391442423e-07
      1.633628179866692      2.890265241302609   9.92533889077908e-06
      1.633628179866692      3.015928947446201 -4.954371156350943e-06
      1.759291886010284     -3.141592653589793 -1.270666227340902e-05
      1.759291886010284     -3.015928947446201  1.739940095494135e-05
      1.759291886010284      -2.89026524130261  7.891396974712945e-06
      1.759291886010284     -2.764601535159018 -4.443672235753806e-05
      1.759291886010284     -2.638937829015426 -8.482753007892657e-05
      1.759291886010284     -2.513274122871834 -0.0001470798010164371
      1.759291886010284     -2.387610416728243  -0.000184289301076585
      1.759291886010284     -2.261946710584651 -6.553724735002525e-05
      1.759291886010284     -2.136283004441059 -8.980923563805018e-05
      1.759291886010284     -2.010619298297468 -0.0006890678621498819
      1.759291886010284     -1.884955592153876  -0.001365464760651136
      1.759291886010284     -1.759291886010284  -0.001310836395509394
      1.759291886010284     -1.633628179866693 -0.0008306258008971643
      1.759291886010284     -1.507964473723101 -0.0003762621308805505
      1.759291886010284     -1.382300767579509   0.000482269207761301
      1.759291886010284     -1.256637061435917   0.001322811563162838
      1.759291886010284     -1.130973355292325  0.0008138495595009139
      1.759291886010284     -1.005309649148733 -0.0004107790533555211
      1.759291886010284     -0.879645943005142 -0.0004935945075638632
      1.759291886010284    -0.7539822368615505   0.000183757451477412
      1.759291886010284    -0.6283185307179586  0.0001620666508910939
      1.759291886010284    -0.5026548245743667 -0.0001741602593431198
      1.759291886010284    -0.3769911184307753 -1.612580464970105e-05
      1.759291886010284    -0.2513274122871838  0.0001316182599777416
      1.759291886010284    -0.1256637061435919 -5.079105685336186e-05
      1.759291886010284                      0 -7.363689848741278e-05
      1.759291886010284     0.1256637061435919  7.110512734737652e-05
      1.759291886010284     0.2513274122871834  2.317685758001533e-05
      1.759291886010284     0.3769911184307753  -6.33144883610839e-05
      1.759291886010284     0.5026548245743672  1.022454521089403e-05
      1.759291886010284     0.6283185307179582  4.297427889480838e-05
      1.759291886010284     0.7539822368615501 -2.596103629055691e-05
      1.759291886010284     0.8796459430051424 -2.125877176390724e-05
      1.759291886010284      1.005309649148734  2.828658041227433e-05
      1.759291886010284      1.130973355292326  4.397075828237521e-06
      1.759291886010284      1.256637061435917 -2.301063370266003e-05
      1.759291886010284      1.382300767579509  5.632094037801993e-06
      1.759291886010284      1.507964473723101  1.529555411484174e-05
      1.759291886010284      1.633628179866692 -9.746870406052775e-06
      1.759291886010284      1.759291886010284 -8.530283076475771e-06
      1.759291886010284      1.884955592153876  1.028340328412345e-05
      1.759291886010284      2.010619298297467  4.061920769965437e-06
      1.759291886010284       2.13628300444106 -9.725300037271337e-06
      1.759291886010284      2.261946710584651 -1.510928729915707e-06
      1.759291886010284      2.387610416728243   9.79684209309571e-06
      1.759291886010284      2.513274122871834 -5.732928665501408e-07
      1.759291886010284      2.638937829015426 -1.096755763959164e-05
      1.759291886010284      2.764601535159018  3.903194570496646e-06
      1.759291886010284      2.890265241302609   1.23822968310025e-05
      1.759291886010284      3.015928947446201  -9.75143360889187e-06
      1.884955592153876     -3.141592653589793  1.298753844118169e-05
      1.884955592153876     -3.015928947446201 -1.633159885843938e-05
      1.884955592153876      -2.89026524130261 -1.558691148696916e-05
      1.884955592153876     -2.764601535159018  2.183975388430017e-05
      1.884955592153876     -2.638937829015426  2.045619507641779e-05
      1.884955592153876     -2.513274122871834  5.845481764113685e-06
      1.884955592153876     -2.387610416728243  5.907881522030712e-05
      1.884955592153876     -2.261946710584651  0.0001195565574009431
      1.884955592153876     -2.136283004441059   7.08086771081321e-05
      1.884955592153876     -2.010619298297468 -0.0001039099676703089
      1.884955592153876     -1.884955592153876 -0.0003673133185776038
      1.884955592153876     -1.759291886010284 -0.0005844483118099302
      1.884955592153876     -1.633628179866693 -0.0005144463555190125
      1.884955592153876     -1.507964473723101 -0.0002127761661994951
      1.884955592153876     -1.382300767579509 -0.0001018791474209302
      1.884955592153876     -1.256637061435917 -0.0002438855601237295
      1.884955592153876     -1.130973355292325 -0.0002236286961439957
      1.884955592153876     -1.005309649148733 -1.496270800121933e-05
      1.884955592153876     -0.879645943005142  9.436093988679248e-06
      1.884955592153876    -0.7539822368615505 -9.977883280887852e-05
      1.884955592153876    -0.6283185307179586 -5.183655621773243e-05
      1.884955592153876    -0.5026548245743667  4.404348726955195e-05
      1.884955592153876    -0.3769911184307753  6.365462381688226e-06
      1.884955592153876    -0.2513274122871838 -3.194719526593307e-05
      1.884955592153876    -0.1256637061435919  1.089641052363462e-05
      1.884955592153876                      0  1.793449979021761e-05
      1.884955592153876     0.1256637061435919 -1.618897987864527e-05
      1.884955592153876     0.2513274122871834 -6.071825410630541e-06
      1.884955592153876     0.3769911184307753  1.470302981064867e-05
      1.884955592153876     0.5026548245743672 -1.702882508383516e-06
      1.884955592153876     0.6283185307179582 -1.031885329404384e-05
      1.884955592153876     0.7539822368615501  5.416790908927901e-06
      1.884955592153876     0.8796459430051424  5.697500584739906e-06
      1.884955592153876      1.005309649148734 -6.212938082630018e-06
      1.884955592153876      1.130973355292326 -2.216377486359122e-06
      1.884955592153876      1.256637061435917  5.557020296829772e-06
      1.884955592153876      1.382300767579509  1.554683610154319e-07
      1.884955592153876      1.507964473723101 -4.674104409104418e-06
      1.884955592153876      1.633628179866692  9.547444459560104e-07
      1.884955592153876      1.759291886010284  4.227509432867797e-06
      1.884955592153876      1.884955592153876 -1.923652002343615e-06
      1.884955592153876      2.010619298297467 -4.209920506528592e-06
      1.884955592153876       2.13628300444106  3.495383000845322e-06
      1.884955592153876      2.261946710584651  4.017341973234021e-06
      1.884955592153876      2.387610416728243  -5.99678788710542e-06
      1.884955592153876      2.513274122871834 -2.687269512458467e-06
      1.884955592153876      2.638937829015426  9.098984210681377e-06
      1.884955592153876      2.764601535159018 -7.329922706462427e-07
      1.884955592153876      2.890265241302609 -1.178578551053804e-05
      1.884955592153876      3.015928947446201   6.90850903275941e-06
      2.010619298297467     -3.141592653589793  7.788737244366242e-06
      2.010619298297467     -3.015928947446201 -1.165357082225757e-05
      2.010619298297467      -2.89026524130261  3.547278729794575e-07
      2.010619298297467     -2.764601535159018  4.347205976376792e-05
      2.010619298297467     -2.638937829015426  9.753106730896168e-05
      2.010619298297467     -2.513274122871834  0.0001892893661377002
      2.010619298297467     -2.387610416728243   0.000201098058490419
      2.010619298297467     -2.261946710584651  2.472639017303547e-06
      2.010619298297467     -2.136283004441059  6.756681482644984e-05
      2.010619298297467     -2.010619298297468   0.000976699684982154
      2.010619298297467     -1.884955592153876   0.002048326880883941
      2.010619298297467     -1.759291886010284    0.00212523464532305
      2.010619298297467     -1.633628179866693    0.00144452257174143
      2.010619298297467     -1.507964473723101  0.0006402077545076834
      2.010619298297467     -1.382300767579509 -0.0005629844945121786
      2.010619298297467     -1.256637061435917  -0.001569155620356798
      2.010619298297467     -1.130973355292325 -0.0009136508105637895
      2.010619298297467     -1.005309649148733  0.0005524272885302692
      2.010619298297467     -0.879645943005142  0.0006433727797278763
      2.010619298297467    -0.7539822368615505  -0.000173029957646415
      2.010619298297467    -0.6283185307179586 -0.0001775385976027282
      2.010619298297467    -0.5026548245743667  0.0001988113863063819
      2.010619298297467    -0.3769911184307753  1.683320773455182e-05
      2.010619298297467    -0.2513274122871838 -0.0001511660906471385
      2.010619298297467    -0.1256637061435919  5.932001895772484e-05
      2.010619298297467                      0  8.453112102159621e-05
      2.010619298297467     0.1256637061435919 -8.240159029591775e-05
      2.010619298297467     0.2513274122871834 -2.631207438717953e-05
      2.010619298297467     0.3769911184307753  7.317516985565416e-05
      2.010619298297467     0.5026548245743672 -1.227861615167297e-05
      2.010619298297467     0.6283185307179582 -4.943390073184796e-05
      2.010619298297467     0.7539822368615501   3.04248928042474e-05
      2.010619298297467     0.8796459430051424  2.404671571243219e-05
      2.010619298297467      1.005309649148734 -3.293655002506258e-05
      2.010619298297467      1.130973355292326 -4.260305824063011e-06
      2.010619298297467      1.256637061435917  2.644762926835606e-05
      2.010619298297467      1.382300767579509 -7.515073456310599e-06
      2.010619298297467      1.507964473723101 -1.690641605513923e-05
      2.010619298297467      1.633628179866692  1.216437845579037e-05
      2.010619298297467      1.759291886010284  8.314641580810264e-06
      2.010619298297467      1.884955592153876 -1.220415501702017e-05
      2.010619298297467      2.010619298297467 -2.449241188214897e-06
      2.010619298297467       2.13628300444106  1.038976677751318e-05
      2.010619298297467      2.261946710584651 -7.738819521527686e-07
      2.010619298297467      2.387610416728243 -8.764601386220988e-06
      2.010619298297467      2.513274122871834  2.601253127725677e-06
      2.010619298297467      2.638937829015426  8.172297775729358e-06
      2.010619298297467      2.764601535159018 -4.630585384780857e-06
      2.010619298297467      2.890265241302609 -8.186514345593742e-06
      2.010619298297467      3.015928947446201  8.078757350734141e-06
       2.13628300444106     -3.141592653589793 -1.440184867253925e-05
       2.13628300444106     -3.015928947446201  1.905691621153025e-05
       2.13628300444106      -2.89026524130261  1.220426035740866e-05
       2.13628300444106     -2.764601535159018 -3.989444806495432e-05
       2.13628300444106     -2.638937829015426 -6.581640826734239e-05
       2.13628300444106     -2.513274122871834 -9.929810185977735e-05
       2.13628300444106     -2.387610416728243 -0.0001449188992259861
       2.13628300444106     -2.261946710584651 -8.789439218012465e-05
       2.13628300444106     -2.136283004441059 -7.968892273124726e-05
       2.13628300444106     -2.010619298297468 -0.0004053598225777067
       2.13628300444106     -1.884955592153876 -0.0007433647032448018
       2.13628300444106     -1.759291886010284 -0.0006069730803197392
       2.13628300444106     -1.633628179866693 -0.0003158509644359267
       2.13628300444106     -1.507964473723101 -0.0001592564117074372
       2.13628300444106     -1.382300767579509  0.0003444729139614408
       2.13628300444106     -1.256637061435917  0.0009586435142863171
       2.13628300444106     -1.130973355292325   0.000615240094736745
       2.13628300444106     -1.005309649148733 -0.0002823980837687478
       2.13628300444106     -0.879645943005142 -0.0003380749165840095
       2.13628300444106    -0.7539822368615505  0.0001671236642916914
       2.13628300444106    -0.6283185307179586  0.0001314983124936235
       2.13628300444106    -0.5026548245743667 -0.0001361194566253192
       2.13628300444106    -0.3769911184307753  -1.36085201062272e-05
       2.13628300444106    -0.2513274122871838  0.0001022477401760769
       2.13628300444106    -0.1256637061435919 -3.882075818920129e-05
       2.13628300444106                      0 -5.722927427975409e-05
       2.13628300444106     0.1256637061435919  5.475695226967346e-05
       2.13628300444106     0.2513274122871834  1.820622558793212e-05
       2.13628300444106     0.3769911184307753  -4.88859344945996e-05
       2.13628300444106     0.5026548245743672  7.588709443951288e-06
       2.13628300444106     0.6283185307179582  3.333589309570529e-05
       2.13628300444106     0.7539822368615501 -1.976485178768662e-05
       2.13628300444106     0.8796459430051424 -1.676258449317312e-05
       2.13628300444106      1.005309649148734  2.167733616558627e-05
       2.13628300444106      1.130973355292326  3.943037708665009e-06
       2.13628300444106      1.256637061435917 -1.786469726782725e-05
       2.13628300444106      1.382300767579509  3.677503412122193e-06
       2.13628300444106      1.507964473723101  1.232462082782269e-05
       2.13628300444106      1.633628179866692 -6.925536966294644e-06
       2.13628300444106      1.759291886010284 -7.616879238071798e-06
       2.13628300444106      1.884955592153876  7.727284211622965e-06
       2.13628300444106      2.010619298297467  4.634571856016834e-06
       2.13628300444106       2.13628300444106 -8.077193097184178e-06
       2.13628300444106      2.261946710584651 -2.847656507584585e-06
       2.13628300444106      2.387610416728243  9.272753171808287e-06
       2.13628300444106      2.513274122871834    8.4833764674143e-07
       2.13628300444106      2.638937829015426 -1.147483733426736e-05
       2.13628300444106      2.764601535159018  2.941364515854381e-06
       2.13628300444106      2.890265241302609  1.364561102503321e-05
       2.13628300444106      3.015928947446201 -9.673324048340099e-06
      2.261946710584651     -3.141592653589793 -3.932062561147457e-06
      2.261946710584651     -3.015928947446201   6.97380476721849e-06
      2.261946710584651      -2.89026524130261 -5.330149314812134e-06
      2.261946710584651     -2.764601535159018 -3.842023855622048e-05
      2.261946710584651     -2.638937829015426  -9.64339233581114e-05
      2.261946710584651     -2.513274122871834 -0.0001998868820960283
      2.261946710584651     -2.387610416728243 -0.0001980801703835202
      2.261946710584651     -2.261946710584651  2.767113850257777e-05
      2.261946710584651     -2.136283004441059 -5.972315806709356e-05
      2.261946710584651     -2.010619298297468  -0.001077660130249769
      2.261946710584651     -1.884955592153876   -0.00229631158157255
      2.261946710584651     -1.759291886010284  -0.002450725493358683
      2.261946710584651     -1.633628179866693   -0.00170648013700369
      2.261946710584651     -1.507964473723101 -0.0007423988964890392
      2.261946710584651     -1.382300767579509  0.0005905693340021155
      2.261946710584651     -1.256637061435917   0.001622190603281472
      2.261946710584651     -1.130973355292325  0.0009261525285794529
      2.261946710584651     -1.005309649148733 -0.0005765810219803528
      2.261946710584651     -0.879645943005142 -0.0006756958666488542
      2.261946710584651    -0.7539822368615505  0.0001516812595657464
      2.261946710584651    -0.6283185307179586  0.0001716458995100768
      2.261946710584651    -0.5026548245743667  -0.000196681839910499
      2.261946710584651    -0.3769911184307753 -1.582184954286131e-05
      2.261946710584651    -0.2513274122871838  0.0001500702158127813
      2.261946710584651    -0.1256637061435919 -5.941545877271356e-05
      2.261946710584651                      0 -8.389828972462179e-05
      2.261946710584651     0.1256637061435919  8.220282062517267e-05
      2.261946710584651     0.2513274122871834  2.595372939292962e-05
      2.261946710584651     0.3769911184307753 -7.289319202037095e-05
      2.261946710584651     0.5026548245743672  1.248482201213826e-05
      2.261946710584651     0.6283185307179582  4.911484603331896e-05
      2.261946710584651     0.7539822368615501 -3.054018863810924e-05
      2.261946710584651     0.8796459430051424 -2.366456931647803e-05
      2.261946710584651      1.005309649148734  3.294516246157135e-05
      2.261946710584651      1.130973355292326  3.788415702396652e-06
      2.261946710584651      1.256637061435917 -2.626433799915442e-05
      2.261946710584651      1.382300767579509  8.043974391620338e-06
      2.261946710584651      1.507964473723101   1.64133827889433e-05
      2.261946710584651      1.633628179866692  -1.26163928773461e-05
      2.261946710584651      1.759291886010284 -7.425918496152954e-06
      2.261946710584651      1.884955592153876  1.233390614044035e-05
      2.261946710584651      2.010619298297467  1.194254523720722e-06
      2.261946710584651       2.13628300444106 -9.877400223789921e-06
      2.261946710584651      2.261946710584651  2.168370087504012e-06
      2.261946710584651      2.387610416728243  7.310508880258261e-06
      2.261946710584651      2.513274122871834 -3.664466301593889e-06
      2.261946710584651      2.638937829015426    -5.641146370267e-06
      2.261946710584651      2.764601535159018  4.672987109070377e-06
      2.261946710584651      2.890265241302609  4.757865349691161e-06
      2.261946710584651      3.015928947446201 -6.265639222158179e-06
      2.387610416728243     -3.141592653589793  1.742396177854586e-05
      2.387610416728243     -3.015928947446201 -2.437057779959062e-05
      2.387610416728243      -2.89026524130261 -8.527468365012836e-06
      2.387610416728243     -2.764601535159018  6.777763009716144e-05
      2.387610416728243     -2.638937829015426  0.0001335808226375692
      2.387610416728243     -2.513274122871834  0.0002370381508828575
      2.387610416728243     -2.387610416728243  0.0002763078061181112
      2.387610416728243     -2.261946710584651  5.171560467104957e-05
      2.387610416728243     -2.136283004441059  0.0001003387162295806
      2.387610416728243     -2.010619298297468   0.001150946985678804
      2.387610416728243     -1.884955592153876   0.002356345914082168
      2.387610416728243     -1.759291886010284   0.002323220710067736
      2.387610416728243     -1.633628179866693   0.001503627456245841
      2.387610416728243     -1.507964473723101  0.0006887659963809836
      2.387610416728243     -1.382300767579509 -0.0007205710616132083
      2.387610416728243     -1.256637061435917  -0.002045413577513636
      2.387610416728243     -1.130973355292325   -0.00121970763126606
      2.387610416728243     -1.005309649148733  0.0007169082313534102
      2.387610416728243     -0.879645943005142  0.0008234620609830818
      2.387610416728243    -0.7539822368615505  -0.000274633669943923
      2.387610416728243    -0.6283185307179586 -0.0002533377188562668
      2.387610416728243    -0.5026548245743667  0.0002756345695299952
      2.387610416728243    -0.3769911184307753  2.482024762787856e-05
      2.387610416728243    -0.2513274122871838 -0.0002086453822105796
      2.387610416728243    -0.1256637061435919  8.094099820942089e-05
      2.387610416728243                      0  0.0001167070240723437
      2.387610416728243     0.1256637061435919 -0.0001130241381559432
      2.387610416728243     0.2513274122871834  -3.66134040550869e-05
      2.387610416728243     0.3769911184307753  0.0001005559271484009
      2.387610416728243     0.5026548245743672 -1.642367227397185e-05
      2.387610416728243     0.6283185307179582 -6.815889566093507e-05
      2.387610416728243     0.7539822368615501   4.13972608407693e-05
      2.387610416728243     0.8796459430051424  3.355737297552627e-05
      2.387610416728243      1.005309649148734 -4.502063979138748e-05
      2.387610416728243      1.130973355292326 -6.661303688634307e-06
      2.387610416728243      1.256637061435917  3.648798234933192e-05
      2.387610416728243      1.382300767579509 -9.338852448315477e-06
      2.387610416728243      1.507964473723101 -2.399050495543466e-05
      2.387610416728243      1.633628179866692  1.583239847822786e-05
      2.387610416728243      1.759291886010284  1.294346997650261e-05
      2.387610416728243      1.884955592153876 -1.645790180973722e-05
      2.387610416728243      2.010619298297467 -5.572050638548221e-06
      2.387610416728243       2.13628300444106  1.511491653951364e-05
      2.387610416728243      2.261946710584651  1.411267537217433e-06
      2.387610416728243      2.387610416728243  -1.45614139006651e-05
      2.387610416728243      2.513274122871834  1.676482564280373e-06
      2.387610416728243      2.638937829015426  1.565861923983589e-05
      2.387610416728243      2.764601535159018 -6.264727698795097e-06
      2.387610416728243      2.890265241302609 -1.726038133637015e-05
      2.387610416728243      3.015928947446201  1.427495636717529e-05
      2.513274122871834     -3.141592653589793 -2.452185607129161e-06
      2.513274122871834     -3.015928947446201  1.549872558438485e-06
      2.513274122871834      -2.89026524130261  8.814972399704492e-06
      2.513274122871834     -2.764601535159018  1.574129094805011e-05
      2.513274122871834     -2.638937829015426  5.613055940915147e-05
      2.513274122871834     -2.513274122871834  0.0001361125773237589
      2.513274122871834     -2.387610416728243  0.0001272182273059557
      2.513274122871834     -2.261946710584651 -2.798702132822502e-05
      2.513274122871834     -2.136283004441059  5.780383311764055e-05
      2.513274122871834     -2.010619298297468  0.0007900315457922044
      2.513274122871834     -1.884955592153876   0.001686857076313128
      2.513274122871834     -1.759291886010284   0.001877695826308453
      2.513274122871834     -1.633628179866693   0.001357293082023674
      2.513274122871834     -1.507964473723101  0.0005545908199950161
      2.513274122871834     -1.382300767579509 -0.0004569319780140727
      2.513274122871834     -1.256637061435917  -0.001137579696163309
      2.513274122871834     -1.130973355292325 -0.0006523441529321716
      2.513274122871834     -1.005309649148733  0.0003366773870063894
      2.513274122871834     -0.879645943005142  0.0004347322862852315
      2.513274122871834    -0.7539822368615505 -6.761021073539371e-05
      2.513274122871834    -0.6283185307179586 -9.678583288277892e-05
      2.513274122871834    -0.5026548245743667  0.0001161577565739128
      2.513274122871834    -0.3769911184307753  8.420009256288716e-06
      2.513274122871834    -0.2513274122871838 -8.931266437453502e-05
      2.513274122871834    -0.1256637061435919  3.596453423413132e-05
      2.513274122871834                      0  4.991488905428544e-05
      2.513274122871834     0.1256637061435919 -4.939626690834695e-05
      2.513274122871834     0.2513274122871834 -1.524368806127931e-05
      2.513274122871834     0.3769911184307753  4.367950099257363e-05
      2.513274122871834     0.5026548245743672 -7.794146682598437e-06
      2.513274122871834     0.6283185307179582 -2.927104000085499e-05
      2.513274122871834     0.7539822368615501  1.859130775848563e-05
      2.513274122871834     0.8796459430051424  1.381739043721958e-05
      2.513274122871834      1.005309649148734 -1.991190990208313e-05
      2.513274122871834      1.130973355292326 -1.697295671100163e-06
      2.513274122871834      1.256637061435917  1.563583210207564e-05
      2.513274122871834      1.382300767579509 -5.522325803011423e-06
      2.513274122871834      1.507964473723101 -9.296479688934023e-06
      2.513274122871834      1.633628179866692  8.187976503717322e-06
      2.513274122871834      1.759291886010284  3.370882339330086e-06
      2.513274122871834      1.884955592153876 -7.612606335594165e-06
      2.513274122871834      2.010619298297467  8.527214721146441e-07
      2.513274122871834       2.13628300444106   5.32214979402574e-06
      2.513274122871834      2.261946710584651 -3.057515145079571e-06
      2.513274122871834      2.387610416728243 -2.588810712052871e-06
      2.513274122871834      2.513274122871834  3.541181352009472e-06
      2.513274122871834      2.638937829015426  2.291358818008273e-07
      2.513274122871834      2.764601535159018 -2.859584233380717e-06
      2.513274122871834      2.890265241302609  1.424474019130867e-06
      2.513274122871834      3.015928947446201   1.47896615910615e-06
      2.638937829015426     -3.141592653589793  -2.09087808565412e-05
      2.638937829015426     -3.015928947446201  3.109785258504104e-05
      2.638937829015426      -2.89026524130261  5.628380787025742e-06
      2.638937829015426     -2.764601535159018 -9.728754734385976e-05
      2.638937829015426     -2.638937829015426 -0.0002060116499542979
      2.638937829015426     -2.513274122871834  -0.000388232173723482
      2.638937829015426     -2.387610416728243 -0.0004275168193033182
      2.638937829015426     -2.261946710584651 -2.549768753924866e-05
      2.638937829015426     -2.136283004441059 -0.0001406635446935351
      2.638937829015426     -2.010619298297468  -0.001994541902078568
      2.638937829015426     -1.884955592153876  -0.004160519845271759
      2.638937829015426     -1.759291886010284   -0.00424072094538065
      2.638937829015426     -1.633628179866693  -0.002829053124255189
      2.638937829015426     -1.507964473723101  -0.001259077964263589
      2.638937829015426     -1.382300767579509    0.00120202655755849
      2.638937829015426     -1.256637061435917   0.003346205353945988
      2.638937829015426     -1.130973355292325   0.001959376101090411
      2.638937829015426     -1.005309649148733  -0.001182502943981617
      2.638937829015426     -0.879645943005142  -0.001364139106746953
      2.638937829015426    -0.7539822368615505  0.0004010151821892537
      2.638937829015426    -0.6283185307179586  0.0003930676945929297
      2.638937829015426    -0.5026548245743667 -0.0004346073858224016
      2.638937829015426    -0.3769911184307753 -3.777183142168153e-05
      2.638937829015426    -0.2513274122871838  0.0003298619448268094
      2.638937829015426    -0.1256637061435919 -0.0001288416610845884
      2.638937829015426                      0 -0.0001844741629601226
      2.638937829015426     0.1256637061435919  0.0001793540529166966
      2.638937829015426     0.2513274122871834  5.759951783564649e-05
      2.638937829015426     0.3769911184307753 -0.0001593899105477033
      2.638937829015426     0.5026548245743672  2.646553013672246e-05
      2.638937829015426     0.6283185307179582   0.000107817966830219
      2.638937829015426     0.7539822368615501  -6.60160344990166e-05
      2.638937829015426     0.8796459430051424 -5.269573744976541e-05
      2.638937829015426      1.005309649148734  7.159366923557392e-05
      2.638937829015426      1.130973355292326  9.778580558494089e-06
      2.638937829015426      1.256637061435917 -5.769723194985184e-05
      2.638937829015426      1.382300767579509  1.575862900083243e-05
      2.638937829015426      1.507964473723101  3.729409143080091e-05
      2.638937829015426      1.633628179866692 -2.595068264583648e-05
      2.638937829015426      1.759291886010284  -1.90489587498396e-05
      2.638937829015426      1.884955592153876  2.639083242302146e-05
      2.638937829015426      2.010619298297467   6.69801533941499e-06
      2.638937829015426       2.13628300444106 -2.315094000962912e-05
      2.638937829015426      2.261946710584651  1.591687049876475e-07
      2.638937829015426      2.387610416728243  2.065031617136975e-05
      2.638937829015426      2.513274122871834 -4.503069447466974e-06
      2.638937829015426      2.638937829015426 -2.053789257559443e-05
      2.638937829015426      2.764601535159018  1.005176382561818e-05
      2.638937829015426      2.890265241302609  2.152019337449575e-05
      2.638937829015426      3.015928947446201 -1.961139112519033e-05
      2.764601535159018     -3.141592653589793  1.603888434494554e-05
      2.764601535159018     -3.015928947446201 -2.062081875313313e-05
      2.764601535159018      -2.89026524130261 -1.422181303703126e-05
      2.764601535159018     -2.764601535159018  3.942020443859845e-05
      2.764601535159018     -2.638937829015426  4.831722102460251e-05
      2.764601535159018     -2.513274122871834  4.123537821038016e-05
      2.764601535159018     -2.387610416728243  5.837391312716017e-05
      2.764601535159018     -2.261946710584651  1.226455578713079e-06
      2.764601535159018     -2.136283004441059  -5.92218395530823e-05
      2.764601535159018     -2.010619298297468  7.685538030857772e-05
      2.764601535159018     -1.884955592153876  0.0001812008014655997
      2.764601535159018     -1.759291886010284 -3.624576623609767e-05
      2.764601535159018     -1.633628179866693 -0.0001777393605643393
      2.764601535159018     -1.507964473723101   3.92147987547443e-05
      2.764601535159018     -1.382300767579509   5.85095647865697e-05
      2.764601535159018     -1.256637061435917 -0.0002324006008940842
      2.764601535159018     -1.130973355292325 -0.0001058316036137905
      2.764601535159018     -1.005309649148733  0.0003314885606175333
      2.764601535159018     -0.879645943005142  0.0002449980078722528
      2.764601535159018    -0.7539822368615505    -0.0001412212191336
      2.764601535159018    -0.6283185307179586 -0.0001006499905962372
      2.764601535159018    -0.5026548245743667  9.970574878422628e-05
      2.764601535159018    -0.3769911184307753  1.072304154161962e-05
      2.764601535159018    -0.2513274122871838 -7.403022446566854e-05
      2.764601535159018    -0.1256637061435919  2.753756480810106e-05
      2.764601535159018                      0  4.142864174960383e-05
      2.764601535159018     0.1256637061435919 -3.915073565662361e-05
      2.764601535159018     0.2513274122871834   -1.3398819708214e-05
      2.764601535159018     0.3769911184307753  3.507622043849026e-05
      2.764601535159018     0.5026548245743672 -5.081182333744099e-06
      2.764601535159018     0.6283185307179582 -2.410776831780475e-05
      2.764601535159018     0.7539822368615501  1.383321897235891e-05
      2.764601535159018     0.8796459430051424  1.246457620318055e-05
      2.764601535159018      1.005309649148734 -1.534766656247841e-05
      2.764601535159018      1.130973355292326 -3.523354737861952e-06
      2.764601535159018      1.256637061435917  1.294255451419137e-05
      2.764601535159018      1.382300767579509 -1.786240274335896e-06
      2.764601535159018      1.507964473723101 -9.498058883986953e-06
      2.764601535159018      1.633628179866692  4.207168888442279e-06
      2.764601535159018      1.759291886010284  6.776830980033278e-06
      2.764601535159018      1.884955592153876  -5.27763819516783e-06
      2.764601535159018      2.010619298297467 -5.230789157093673e-06
      2.764601535159018       2.13628300444106  6.526933172522149e-06
      2.764601535159018      2.261946710584651    4.1739890771842e-06
      2.764601535159018      2.387610416728243 -8.841794823036735e-06
      2.764601535159018      2.513274122871834 -2.221550908478324e-06
      2.764601535159018      2.638937829015426  1.207253246430873e-05
      2.764601535159018      2.764601535159018 -2.097103593037914e-06
      2.764601535159018      2.890265241302609 -1.496672811688371e-05
      2.764601535159018      3.015928947446201  9.820192530789111e-06
      2.890265241302609     -3.141592653589793   1.80599342211655e-05
      2.890265241302609     -3.015928947446201 -3.243359527553333e-05
      2.890265241302609      -2.89026524130261 -2.729522998418247e-06
      2.890265241302609     -2.764601535159018   9.95395843094304e-05
      2.890265241302609     -2.638937829015426  0.0002291797612088599
      2.890265241302609     -2.513274122871834  0.0004728552548203594
      2.890265241302609     -2.387610416728243   0.000522244464465714
      2.890265241302609     -2.261946710584651  1.974793607383468e-05
      2.890265241302609     -2.136283004441059  0.0002153903733614147
      2.890265241302609     -2.010619298297468   0.002658784388552312
      2.890265241302609     -1.884955592153876   0.005551734335637395
      2.890265241302609     -1.759291886010284   0.005795111989271369
      2.890265241302609     -1.633628179866693   0.003945585757546523
      2.890265241302609     -1.507964473723101   0.001642450906508832
      2.890265241302609     -1.382300767579509  -0.001765149211332639
      2.890265241302609     -1.256637061435917  -0.004520934743473623
      2.890265241302609     -1.130973355292325  -0.002659317341675064
      2.890265241302609     -1.005309649148733   0.001414744830987517
      2.890265241302609     -0.879645943005142   0.001719785287190983
      2.890265241302609    -0.7539822368615505 -0.0004729071271233299
      2.890265241302609    -0.6283185307179586 -0.0004822931021420446
      2.890265241302609    -0.5026548245743667  0.0005378405772726601
      2.890265241302609    -0.3769911184307753  4.578092031382628e-05
      2.890265241302609    -0.2513274122871838 -0.0004091932846800515
      2.890265241302609    -0.1256637061435919   0.000160549095551295
      2.890265241302609                      0  0.0002288162474717703
      2.890265241302609     0.1256637061435919 -0.0002230848371843812
      2.890265241302609     0.2513274122871834 -7.116789316623279e-05
      2.890265241302609     0.3769911184307753  0.0001980937305357199
      2.890265241302609     0.5026548245743672 -3.333965169895257e-05
      2.890265241302609     0.6283185307179582 -0.0001337664272574766
      2.890265241302609     0.7539822368615501  8.247196239887899e-05
      2.890265241302609     0.8796459430051424  6.495689027935408e-05
      2.890265241302609      1.005309649148734 -8.922953099919139e-05
      2.890265241302609      1.130973355292326 -1.130578780296235e-05
      2.890265241302609      1.256637061435917   7.15558484909917e-05
      2.890265241302609      1.382300767579509 -2.062544812605005e-05
      2.890265241302609      1.507964473723101 -4.555201685734947e-05
      2.890265241302609      1.633628179866692  3.318362588899161e-05
      2.890265241302609      1.759291886010284  2.207604567771793e-05
      2.890265241302609      1.884955592153876 -3.313103113986551e-05
      2.890265241302609      2.010619298297467 -5.998893453838572e-06
      2.890265241302609       2.13628300444106  2.789518324136767e-05
      2.890265241302609      2.261946710584651 -2.812048689123364e-06
      2.890265241302609      2.387610416728243 -2.301894608950592e-05
      2.890265241302609      2.513274122871834   7.62047175343368e-06
      2.890265241302609      2.638937829015426  2.085162281980892e-05
      2.890265241302609      2.764601535159018 -1.265958202825841e-05
      2.890265241302609      2.890265241302609 -2.031177353117278e-05
      2.890265241302609      3.015928947446201  2.116292098668842e-05
      3.015928947446201     -3.141592653589793 -4.083224492100899e-05
      3.015928947446201     -3.015928947446201  6.002619825939359e-05
      3.015928947446201      -2.89026524130261  2.957163775340368e-05
      3.015928947446201     -2.764601535159018 -0.0001306732531670796
      3.015928947446201     -2.638937829015426 -0.0002119551817240499
      3.015928947446201     -2.513274122871834 -0.0003253214446974944
      3.015928947446201     -2.387610416728243 -0.0003694530501471157
      3.015928947446201     -2.261946710584651  5.981140834294061e-05
      3.015928947446201     -2.136283004441059  7.486026082586209e-05
      3.015928947446201     -2.010619298297468  -0.001646729449945123
      3.015928947446201     -1.884955592153876  -0.003589046027080874
      3.015928947446201     -1.759291886010284  -0.003328695864652859
      3.015928947446201     -1.633628179866693  -0.001986965636206259
      3.015928947446201     -1.507964473723101  -0.001156469651154044
      3.015928947446201     -1.382300767579509  0.0006190205711532961
      3.015928947446201     -1.256637061435917   0.002676602190779855
      3.015928947446201     -1.130973355292325   0.001416831761521755
      3.015928947446201     -1.005309649148733  -0.001625782665735107
      3.015928947446201     -0.879645943005142  -0.001514951733338371
      3.015928947446201    -0.7539822368615505   0.000538986452871366
      3.015928947446201    -0.6283185307179586  0.0004721525215432243
      3.015928947446201    -0.5026548245743667 -0.0005019964313173245
      3.015928947446201    -0.3769911184307753 -4.688130794543874e-05
      3.015928947446201    -0.2513274122871838  0.0003783085589834356
      3.015928947446201    -0.1256637061435919 -0.0001456053525238015
      3.015928947446201                      0 -0.0002115732874507126
      3.015928947446201     0.1256637061435919  0.0002039353688297822
      3.015928947446201     0.2513274122871834  6.678832361992912e-05
      3.015928947446201     0.3769911184307753 -0.0001816724267329676
      3.015928947446201     0.5026548245743672  2.898955925190319e-05
      3.015928947446201     0.6283185307179582  0.0001234936520415286
      3.015928947446201     0.7539822368615501 -7.414139797963627e-05
      3.015928947446201     0.8796459430051424 -6.144149736835025e-05
      3.015928947446201      1.005309649148734  8.095380635617872e-05
      3.015928947446201      1.130973355292326   1.33264447263712e-05
      3.015928947446201      1.256637061435917 -6.615372265798929e-05
      3.015928947446201      1.382300767579509  1.528715642400848e-05
      3.015928947446201      1.507964473723101  4.456251489398238e-05
      3.015928947446201      1.633628179866692 -2.718911434761775e-05
      3.015928947446201      1.759291886010284  -2.58256100003314e-05
      3.015928947446201      1.884955592153876  2.924508379428366e-05
      3.015928947446201      2.010619298297467   1.36088706551583e-05
      3.015928947446201       2.13628300444106 -2.868426312068054e-05
      3.015928947446201      2.261946710584651 -6.495214969331496e-06
      3.015928947446201      2.387610416728243   3.04028898999441e-05
      3.015928947446201      2.513274122871834 -9.281844655169511e-08
      3.015928947446201      2.638937829015426 -3.543574613147287e-05
      3.015928947446201      2.764601535159018  1.146144176734189e-05
      3.015928947446201      2.890265241302609  4.065302496867054e-05
      3.015928947446201      3.015928947446201 -3.147818475963324e-05
