#! FIELDS phi3 phi4 hhphi3phi4
#! SET min_phi3 -pi
#! SET max_phi3 pi
#! SET min_phi4 -pi
#! SET max_phi4 pi
     -3.141592653589793     -3.141592653589793 -1.907600523447516e-05
     -3.141592653589793     -3.015928947446201 -5.725326434023075e-05
     -3.141592653589793      -2.89026524130261  0.0003753759908865381
     -3.141592653589793     -2.764601535159018   0.000447696885755611
     -3.141592653589793     -2.638937829015426 -0.0006007090227086914
     -3.141592653589793     -2.513274122871834  -0.001470005055127432
     -3.141592653589793     -2.387610416728243  -0.001041643836736959
     -3.141592653589793     -2.261946710584651 -0.0003423900322765128
     -3.141592653589793     -2.136283004441059  4.846559880279828e-05
     -3.141592653589793     -2.010619298297468    0.00104183708283182
     -3.141592653589793     -1.884955592153876    0.00232301039253515
     -3.141592653589793     -1.759291886010284   0.002611960256792588
     -3.141592653589793     -1.633628179866693   0.002367904812569687
     -3.141592653589793     -1.507964473723101   0.002736564165619851
     -3.141592653589793     -1.382300767579509   0.003450638617371504
     -3.141592653589793     -1.256637061435917   0.003920549889655109
     -3.141592653589793     -1.130973355292325   0.003906265269672888
     -3.141592653589793     -1.005309649148733   0.002796592242521146
     -3.141592653589793     -0.879645943005142  0.0008464502779925913
     -3.141592653589793    -0.7539822368615505 -0.0002755384702946562
     -3.141592653589793    -0.6283185307179586 -8.597232571695172e-05
     -3.141592653589793    -0.5026548245743667  0.0001312627923853222
     -3.141592653589793    -0.3769911184307753 -5.634805767670602e-05
     -3.141592653589793    -0.2513274122871838 -3.359519523003128e-05
     -3.141592653589793    -0.1256637061435919   7.89214669969546e-05
     -3.141592653589793                      0 -3.760367157198774e-05
     -3.141592653589793     0.1256637061435919 -4.409273961810053e-05
     -3.141592653589793     0.2513274122871834  8.014257061390882e-05
     -3.141592653589793     0.3769911184307753  8.190506393649792e-06
     -3.141592653589793     0.5026548245743672  3.847941989963956e-06
     -3.141592653589793     0.6283185307179582  0.0003756069692035781
     -3.141592653589793     0.7539822368615501  0.0009030809626528512
     -3.141592653589793     0.8796459430051424    0.00147530909125691
     -3.141592653589793      1.005309649148734   0.002012131621954869
     -3.141592653589793      1.130973355292326   0.002021172504479605
     -3.141592653589793      1.256637061435917   0.001354715310897056
     -3.141592653589793      1.382300767579509  0.0005748876583990473
     -3.141592653589793      1.507964473723101  0.0001026899579621934
     -3.141592653589793      1.633628179866692  -5.77967882309473e-05
     -3.141592653589793      1.759291886010284 -3.417750781518455e-06
     -3.141592653589793      1.884955592153876   4.39145001536922e-05
     -3.141592653589793      2.010619298297467 -2.582027475855644e-05
     -3.141592653589793       2.13628300444106 -2.287477917453557e-05
     -3.141592653589793      2.261946710584651   4.27294228631994e-05
     -3.141592653589793      2.387610416728243 -1.059339448571196e-05
     -3.141592653589793      2.513274122871834 -3.532151430767498e-05
     -3.141592653589793      2.638937829015426  4.119431326447773e-05
     -3.141592653589793      2.764601535159018 -1.310939820691051e-07
     -3.141592653589793      2.890265241302609 -4.276256816576966e-05
     -3.141592653589793      3.015928947446201   5.07136704054057e-05
     -3.015928947446201     -3.141592653589793 -0.0003452402406004998
     -3.015928947446201     -3.015928947446201  0.0009196221175253312
     -3.015928947446201      -2.89026524130261   0.005940441835676001
     -3.015928947446201     -2.764601535159018    0.01180975627835624
     -3.015928947446201     -2.638937829015426    0.01464269407415457
     -3.015928947446201     -2.513274122871834    0.01464518066443131
     -3.015928947446201     -2.387610416728243    0.01321287983945924
     -3.015928947446201     -2.261946710584651    0.01051330341223122
     -3.015928947446201     -2.136283004441059   0.007826952881549514
     -3.015928947446201     -2.010619298297468   0.006504599339542815
     -3.015928947446201     -1.884955592153876   0.005524234107389984
     -3.015928947446201     -1.759291886010284    0.00456511258093106
     -3.015928947446201     -1.633628179866693   0.005623615597677138
     -3.015928947446201     -1.507964473723101   0.008585633010444418
     -3.015928947446201     -1.382300767579509    0.01023844263887549
     -3.015928947446201     -1.256637061435917   0.008837727293409488
     -3.015928947446201     -1.130973355292325   0.005496403409659917
     -3.015928947446201     -1.005309649148733   0.002025902852515313
     -3.015928947446201     -0.879645943005142 -4.219113252940717e-05
     -3.015928947446201    -0.7539822368615505 -0.0003089246525196296
     -3.015928947446201    -0.6283185307179586   9.98384258868169e-06
     -3.015928947446201    -0.5026548245743667 -1.257623098358004e-06
     -3.015928947446201    -0.3769911184307753 -1.259767581002378e-05
     -3.015928947446201    -0.2513274122871838  5.391799115151597e-05
     -3.015928947446201    -0.1256637061435919 -4.107447354034278e-05
     -3.015928947446201                      0 -2.469529608919726e-05
     -3.015928947446201     0.1256637061435919  7.692013866050681e-05
     -3.015928947446201     0.2513274122871834 -5.172679598170119e-05
     -3.015928947446201     0.3769911184307753 -4.595467215113202e-05
     -3.015928947446201     0.5026548245743672  0.0001855543608136103
     -3.015928947446201     0.6283185307179582  9.159270253746216e-05
     -3.015928947446201     0.7539822368615501  0.0001029352977814958
     -3.015928947446201     0.8796459430051424  0.0008067874436079354
     -3.015928947446201      1.005309649148734   0.001106682713086568
     -3.015928947446201      1.130973355292326  0.0003273397354064255
     -3.015928947446201      1.256637061435917 -0.0001957376689439452
     -3.015928947446201      1.382300767579509  0.0001017065087201495
     -3.015928947446201      1.507964473723101  0.0001731782615006546
     -3.015928947446201      1.633628179866692 -7.276085895816447e-05
     -3.015928947446201      1.759291886010284 -1.776481683094295e-06
     -3.015928947446201      1.884955592153876  6.651192931622807e-05
     -3.015928947446201      2.010619298297467 -6.691277833325952e-05
     -3.015928947446201       2.13628300444106  2.971617310283351e-06
     -3.015928947446201      2.261946710584651   6.55948534094941e-05
     -3.015928947446201      2.387610416728243 -7.129482543403976e-05
     -3.015928947446201      2.513274122871834  2.608437093417527e-06
     -3.015928947446201      2.638937829015426  8.074949610714746e-05
     -3.015928947446201      2.764601535159018 -9.989466185595636e-05
     -3.015928947446201      2.890265241302609  2.647490319440706e-05
     -3.015928947446201      3.015928947446201  0.0001192053171486971
      -2.89026524130261     -3.141592653589793  -0.002988606036146794
      -2.89026524130261     -3.015928947446201 -0.0002016338469586366
      -2.89026524130261      -2.89026524130261    0.01851353666796683
      -2.89026524130261     -2.764601535159018    0.04178603780872325
      -2.89026524130261     -2.638937829015426    0.05306040605644839
      -2.89026524130261     -2.513274122871834    0.05309904908238681
      -2.89026524130261     -2.387610416728243    0.04774953402195357
      -2.89026524130261     -2.261946710584651     0.0378533561547162
      -2.89026524130261     -2.136283004441059     0.0294914732689412
      -2.89026524130261     -2.010619298297468     0.0274918892390408
      -2.89026524130261     -1.884955592153876    0.02496217839718627
      -2.89026524130261     -1.759291886010284    0.02091426156655181
      -2.89026524130261     -1.633628179866693    0.02709888570222872
      -2.89026524130261     -1.507964473723101    0.04313572810149717
      -2.89026524130261     -1.382300767579509    0.05266044616324046
      -2.89026524130261     -1.256637061435917    0.04789950780025112
      -2.89026524130261     -1.130973355292325    0.03346053121760195
      -2.89026524130261     -1.005309649148733    0.01468020964433753
      -2.89026524130261     -0.879645943005142 -0.0005041890306961075
      -2.89026524130261    -0.7539822368615505  -0.004358585517037206
      -2.89026524130261    -0.6283185307179586 -0.0009821844061296415
      -2.89026524130261    -0.5026548245743667  0.0005990282672925641
      -2.89026524130261    -0.3769911184307753  -7.80093866473614e-05
      -2.89026524130261    -0.2513274122871838 -7.756318543517872e-05
      -2.89026524130261    -0.1256637061435919  3.272664537237727e-05
      -2.89026524130261                      0 -1.424408765565856e-05
      -2.89026524130261     0.1256637061435919  0.0001216209883727427
      -2.89026524130261     0.2513274122871834 -0.0001654950718921825
      -2.89026524130261     0.3769911184307753  4.730392228377968e-06
      -2.89026524130261     0.5026548245743672  0.0007652462355521357
      -2.89026524130261     0.6283185307179582  0.0005007585131300437
      -2.89026524130261     0.7539822368615501   0.001753507784228746
      -2.89026524130261     0.8796459430051424   0.007109833013579404
      -2.89026524130261      1.005309649148734    0.01044793671993926
      -2.89026524130261      1.130973355292326   0.006808987624589449
      -2.89026524130261      1.256637061435917   0.002251312789423819
      -2.89026524130261      1.382300767579509   0.001543018400232407
      -2.89026524130261      1.507964473723101   0.001028695019834557
      -2.89026524130261      1.633628179866692 -0.0003972682758016152
      -2.89026524130261      1.759291886010284 -0.0001320614978062068
      -2.89026524130261      1.884955592153876  0.0003925713578168315
      -2.89026524130261      2.010619298297467 -0.0002308039304961067
      -2.89026524130261       2.13628300444106 -0.0001093379113855982
      -2.89026524130261      2.261946710584651     0.0002935774396521
      -2.89026524130261      2.387610416728243 -0.0002028012549304495
      -2.89026524130261      2.513274122871834 -4.464706710739386e-05
      -2.89026524130261      2.638937829015426  0.0002720384805943001
      -2.89026524130261      2.764601535159018   -0.00036467898347051
      -2.89026524130261      2.890265241302609  0.0002251921231193264
      -2.89026524130261      3.015928947446201  0.0003364422672964672
     -2.764601535159018     -3.141592653589793  -0.005655147009448636
     -2.764601535159018     -3.015928947446201  0.0008699251161447125
     -2.764601535159018      -2.89026524130261    0.04511012072636225
     -2.764601535159018     -2.764601535159018    0.09803573055934958
     -2.764601535159018     -2.638937829015426      0.117895141041713
     -2.764601535159018     -2.513274122871834     0.1134149336791679
     -2.764601535159018     -2.387610416728243     0.1059284402021435
     -2.764601535159018     -2.261946710584651    0.09115688421963231
     -2.764601535159018     -2.136283004441059    0.07594142253339956
     -2.764601535159018     -2.010619298297468    0.07649553830899368
     -2.764601535159018     -1.884955592153876    0.07885329188521577
     -2.764601535159018     -1.759291886010284    0.07241653766547239
     -2.764601535159018     -1.633628179866693    0.08305759671381834
     -2.764601535159018     -1.507964473723101      0.117832385631721
     -2.764601535159018     -1.382300767579509     0.1415597111981147
     -2.764601535159018     -1.256637061435917     0.1341337500087287
     -2.764601535159018     -1.130973355292325     0.1038491327514952
     -2.764601535159018     -1.005309649148733    0.05684577376493986
     -2.764601535159018     -0.879645943005142    0.00977577349245469
     -2.764601535159018    -0.7539822368615505  -0.008754706987416936
     -2.764601535159018    -0.6283185307179586  -0.001805978495971848
     -2.764601535159018    -0.5026548245743667   0.002380832159168665
     -2.764601535159018    -0.3769911184307753 -0.0009277662860040004
     -2.764601535159018    -0.2513274122871838 -0.0004492636899887121
     -2.764601535159018    -0.1256637061435919   0.001015821549068776
     -2.764601535159018                      0 -0.0005148387492943732
     -2.764601535159018     0.1256637061435919 -0.0003327419979561754
     -2.764601535159018     0.2513274122871834  0.0007190166703161068
     -2.764601535159018     0.3769911184307753 -7.880917117964299e-05
     -2.764601535159018     0.5026548245743672   0.001201264184581307
     -2.764601535159018     0.6283185307179582   0.006668762113954484
     -2.764601535159018     0.7539822368615501    0.01669539771088843
     -2.764601535159018     0.8796459430051424     0.0321503485839944
     -2.764601535159018      1.005309649148734    0.04341782088319018
     -2.764601535159018      1.130973355292326     0.0383736015305443
     -2.764601535159018      1.256637061435917     0.0229373847274435
     -2.764601535159018      1.382300767579509    0.01014628997540017
     -2.764601535159018      1.507964473723101   0.002186837674447029
     -2.764601535159018      1.633628179866692  -0.001290881194705683
     -2.764601535159018      1.759291886010284  0.0001096368057276463
     -2.764601535159018      1.884955592153876  0.0008779367655363107
     -2.764601535159018      2.010619298297467 -0.0007719972671914548
     -2.764601535159018       2.13628300444106 -0.0001468817608672945
     -2.764601535159018      2.261946710584651  0.0008472908699328912
     -2.764601535159018      2.387610416728243 -0.0006387431937757298
     -2.764601535159018      2.513274122871834 -0.0002221647009675946
     -2.764601535159018      2.638937829015426  0.0009157779398765831
     -2.764601535159018      2.764601535159018 -0.0008705292048250544
     -2.764601535159018      2.890265241302609  9.976406873590511e-05
     -2.764601535159018      3.015928947446201   0.001228543921757486
     -2.638937829015426     -3.141592653589793  -0.005999062942400494
     -2.638937829015426     -3.015928947446201   0.006437784100670398
     -2.638937829015426      -2.89026524130261    0.08550345524737597
     -2.638937829015426     -2.764601535159018     0.1775985304138054
     -2.638937829015426     -2.638937829015426      0.204380712342932
     -2.638937829015426     -2.513274122871834     0.1899602053878545
     -2.638937829015426     -2.387610416728243     0.1836352574277846
     -2.638937829015426     -2.261946710584651     0.1690169154058005
     -2.638937829015426     -2.136283004441059     0.1443907928957641
     -2.638937829015426     -2.010619298297468     0.1452391311897855
     -2.638937829015426     -1.884955592153876     0.1559894182981855
     -2.638937829015426     -1.759291886010284     0.1473197735294666
     -2.638937829015426     -1.633628179866693     0.1543801083810169
     -2.638937829015426     -1.507964473723101     0.1973275004250692
     -2.638937829015426     -1.382300767579509     0.2275248454419493
     -2.638937829015426     -1.256637061435917      0.217179841886977
     -2.638937829015426     -1.130973355292325     0.1794152593459782
     -2.638937829015426     -1.005309649148733      0.111176830256928
     -2.638937829015426     -0.879645943005142    0.02965127971218518
     -2.638937829015426    -0.7539822368615505  -0.009093248325146509
     -2.638937829015426    -0.6283185307179586 -0.0006927502836265118
     -2.638937829015426    -0.5026548245743667   0.004268937199677165
     -2.638937829015426    -0.3769911184307753  -0.003065098253211271
     -2.638937829015426    -0.2513274122871838 -0.0003706765937030693
     -2.638937829015426    -0.1256637061435919   0.002974238773752689
     -2.638937829015426                      0  -0.002146560554699759
     -2.638937829015426     0.1256637061435919  -0.001044072883807343
     -2.638937829015426     0.2513274122871834    0.00312813808948292
     -2.638937829015426     0.3769911184307753   -0.00111531748847772
     -2.638937829015426     0.5026548245743672   0.001048436491630141
     -2.638937829015426     0.6283185307179582    0.02033027313210623
     -2.638937829015426     0.7539822368615501    0.04396768605369868
     -2.638937829015426     0.8796459430051424     0.0662041943638102
     -2.638937829015426      1.005309649148734    0.08533276522858872
     -2.638937829015426      1.130973355292326    0.08481202188507463
     -2.638937829015426      1.256637061435917    0.05829535310087336
     -2.638937829015426      1.382300767579509    0.02452323878727997
     -2.638937829015426      1.507964473723101   0.002586969230448566
     -2.638937829015426      1.633628179866692  -0.002616522029955172
     -2.638937829015426      1.759291886010284   0.001167593783862258
     -2.638937829015426      1.884955592153876    0.00122480948280071
     -2.638937829015426      2.010619298297467  -0.001886232521305998
     -2.638937829015426       2.13628300444106  0.0002083251572370813
     -2.638937829015426      2.261946710584651   0.001762561698144927
     -2.638937829015426      2.387610416728243  -0.001672856240776657
     -2.638937829015426      2.513274122871834 -0.0004771775059819723
     -2.638937829015426      2.638937829015426   0.002325207194291834
     -2.638937829015426      2.764601535159018  -0.001756703339814061
     -2.638937829015426      2.890265241302609 -0.0008525785294444904
     -2.638937829015426      3.015928947446201   0.003330824585713363
     -2.513274122871834     -3.141592653589793  -0.005903720952843604
     -2.513274122871834     -3.015928947446201   0.009978036708121404
     -2.513274122871834      -2.89026524130261     0.1209981702700813
     -2.513274122871834     -2.764601535159018     0.2482343802805136
     -2.513274122871834     -2.638937829015426     0.2753147188071429
     -2.513274122871834     -2.513274122871834     0.2466355023357229
     -2.513274122871834     -2.387610416728243      0.243660935843558
     -2.513274122871834     -2.261946710584651     0.2332438328672951
     -2.513274122871834     -2.136283004441059     0.2004442306563931
     -2.513274122871834     -2.010619298297468     0.2024690721944088
     -2.513274122871834     -1.884955592153876     0.2237899155403493
     -2.513274122871834     -1.759291886010284     0.2126288780163755
     -2.513274122871834     -1.633628179866693      0.209998889060377
     -2.513274122871834     -1.507964473723101     0.2501918755778861
     -2.513274122871834     -1.382300767579509      0.277591907752337
     -2.513274122871834     -1.256637061435917     0.2654643728374585
     -2.513274122871834     -1.130973355292325     0.2323240073036202
     -2.513274122871834     -1.005309649148733     0.1559174815030665
     -2.513274122871834     -0.879645943005142    0.04669547295476116
     -2.513274122871834    -0.7539822368615505  -0.009912428319553936
     -2.513274122871834    -0.6283185307179586  0.0005804443313725625
     -2.513274122871834    -0.5026548245743667   0.005729498832114923
     -2.513274122871834    -0.3769911184307753  -0.005647671027928824
     -2.513274122871834    -0.2513274122871838  0.0001537956107529595
     -2.513274122871834    -0.1256637061435919   0.005085583336952572
     -2.513274122871834                      0  -0.004312303907232954
     -2.513274122871834     0.1256637061435919  -0.001552378012114167
     -2.513274122871834     0.2513274122871834   0.005967716337590037
     -2.513274122871834     0.3769911184307753  -0.002746730370390688
     -2.513274122871834     0.5026548245743672  0.0008105761644211004
     -2.513274122871834     0.6283185307179582    0.03481053826495428
     -2.513274122871834     0.7539822368615501    0.06893823100918114
     -2.513274122871834     0.8796459430051424    0.09234060527826697
     -2.513274122871834      1.005309649148734     0.1170155971019067
     -2.513274122871834      1.130973355292326     0.1233354793382789
     -2.513274122871834      1.256637061435917    0.08967537010670221
     -2.513274122871834      1.382300767579509    0.03785775151031526
     -2.513274122871834      1.507964473723101   0.002962580620439313
     -2.513274122871834      1.633628179866692  -0.004021062299727393
     -2.513274122871834      1.759291886010284   0.002284393339627135
     -2.513274122871834      1.884955592153876   0.001680140313537215
     -2.513274122871834      2.010619298297467  -0.003185450426753842
     -2.513274122871834       2.13628300444106  0.0005622424049067016
     -2.513274122871834      2.261946710584651   0.002922268637923883
     -2.513274122871834      2.387610416728243  -0.002894627161230938
     -2.513274122871834      2.513274122871834 -0.0009027946335978616
     -2.513274122871834      2.638937829015426   0.004113750408952552
     -2.513274122871834      2.764601535159018   -0.00271105981906981
     -2.513274122871834      2.890265241302609  -0.002292503648946286
     -2.513274122871834      3.015928947446201   0.005926666927676412
     -2.387610416728243     -3.141592653589793  -0.005094047730674834
     -2.387610416728243     -3.015928947446201    0.01107936146131144
     -2.387610416728243      -2.89026524130261     0.1335831961347076
     -2.387610416728243     -2.764601535159018     0.2702893289709607
     -2.387610416728243     -2.638937829015426     0.2877633564024646
     -2.387610416728243     -2.513274122871834     0.2471620646309421
     -2.387610416728243     -2.387610416728243     0.2493325070866713
     -2.387610416728243     -2.261946710584651     0.2470985104799801
     -2.387610416728243     -2.136283004441059     0.2144460674878865
     -2.387610416728243     -2.010619298297468     0.2224108110787039
     -2.387610416728243     -1.884955592153876     0.2558252680301589
     -2.387610416728243     -1.759291886010284        0.2458105783756
     -2.387610416728243     -1.633628179866693      0.234641053815853
     -2.387610416728243     -1.507964473723101     0.2688836129315409
     -2.387610416728243     -1.382300767579509      0.293974205814775
     -2.387610416728243     -1.256637061435917     0.2846694030574517
     -2.387610416728243     -1.130973355292325     0.2597825976919246
     -2.387610416728243     -1.005309649148733     0.1822260304673974
     -2.387610416728243     -0.879645943005142    0.05719223377000489
     -2.387610416728243    -0.7539822368615505   -0.01072685805392023
     -2.387610416728243    -0.6283185307179586  0.0009894782885556987
     -2.387610416728243    -0.5026548245743667   0.006680121805971854
     -2.387610416728243    -0.3769911184307753  -0.007111860197953294
     -2.387610416728243    -0.2513274122871838  0.0003956816510926227
     -2.387610416728243    -0.1256637061435919   0.006362231184379103
     -2.387610416728243                      0  -0.005570487170654353
     -2.387610416728243     0.1256637061435919  -0.001907024838390488
     -2.387610416728243     0.2513274122871834   0.007691210623700925
     -2.387610416728243     0.3769911184307753  -0.003585697047204299
     -2.387610416728243     0.5026548245743672  0.0005949721347591032
     -2.387610416728243     0.6283185307179582    0.04275446561002876
     -2.387610416728243     0.7539822368615501    0.08241040017095083
     -2.387610416728243     0.8796459430051424     0.1062225706214044
     -2.387610416728243      1.005309649148734     0.1343528524046044
     -2.387610416728243      1.130973355292326     0.1448360734745828
     -2.387610416728243      1.256637061435917     0.1071834729706658
     -2.387610416728243      1.382300767579509    0.04546542962876911
     -2.387610416728243      1.507964473723101   0.003459551222759959
     -2.387610416728243      1.633628179866692  -0.004842414573223801
     -2.387610416728243      1.759291886010284   0.002765958774649758
     -2.387610416728243      1.884955592153876   0.002059969227549094
     -2.387610416728243      2.010619298297467  -0.003876299592633012
     -2.387610416728243       2.13628300444106  0.0006121295146492185
     -2.387610416728243      2.261946710584651   0.003651237360789044
     -2.387610416728243      2.387610416728243  -0.003484317375200694
     -2.387610416728243      2.513274122871834  -0.001308267523416068
     -2.387610416728243      2.638937829015426   0.005146348923928792
     -2.387610416728243      2.764601535159018  -0.003064203923027015
     -2.387610416728243      2.890265241302609  -0.003318914967859011
     -2.387610416728243      3.015928947446201   0.007375861667606091
     -2.261946710584651     -3.141592653589793   0.001298504878382938
     -2.261946710584651     -3.015928947446201    0.02130854526049918
     -2.261946710584651      -2.89026524130261      0.131531569547201
     -2.261946710584651     -2.764601535159018     0.2503093105209248
     -2.261946710584651     -2.638937829015426     0.2610245839193368
     -2.261946710584651     -2.513274122871834     0.2225438087464981
     -2.261946710584651     -2.387610416728243     0.2305696013475531
     -2.261946710584651     -2.261946710584651     0.2381712480350355
     -2.261946710584651     -2.136283004441059     0.2108886522196402
     -2.261946710584651     -2.010619298297468     0.2163040075930317
     -2.261946710584651     -1.884955592153876     0.2518700534889314
     -2.261946710584651     -1.759291886010284     0.2481853698105602
     -2.261946710584651     -1.633628179866693     0.2307918389742633
     -2.261946710584651     -1.507964473723101     0.2499552158524753
     -2.261946710584651     -1.382300767579509     0.2694811419830865
     -2.261946710584651     -1.256637061435917     0.2641402665626338
     -2.261946710584651     -1.130973355292325     0.2461608974807892
     -2.261946710584651     -1.005309649148733     0.1816498607998355
     -2.261946710584651     -0.879645943005142    0.06962877388123735
     -2.261946710584651    -0.7539822368615505   0.001292495835869628
     -2.261946710584651    -0.6283185307179586   0.004252302611399759
     -2.261946710584651    -0.5026548245743667   0.006130786501212288
     -2.261946710584651    -0.3769911184307753  -0.007190285177334372
     -2.261946710584651    -0.2513274122871838  0.0003734166553930943
     -2.261946710584651    -0.1256637061435919   0.006594557656711001
     -2.261946710584651                      0  -0.005591726872212524
     -2.261946710584651     0.1256637061435919  -0.002397663733124012
     -2.261946710584651     0.2513274122871834   0.008275749073799228
     -2.261946710584651     0.3769911184307753   -0.00348294335947487
     -2.261946710584651     0.5026548245743672 -0.0006794955709297197
     -2.261946710584651     0.6283185307179582    0.04594229590093572
     -2.261946710584651     0.7539822368615501    0.09116669113754909
     -2.261946710584651     0.8796459430051424     0.1123813093464913
     -2.261946710584651      1.005309649148734     0.1379845520905295
     -2.261946710584651      1.130973355292326     0.1540750697924308
     -2.261946710584651      1.256637061435917     0.1180918351110969
     -2.261946710584651      1.382300767579509    0.04819808726278738
     -2.261946710584651      1.507964473723101   0.001417241889354931
     -2.261946710584651      1.633628179866692  -0.004430233142666096
     -2.261946710584651      1.759291886010284   0.003502471006547838
     -2.261946710584651      1.884955592153876   0.001204265197198917
     -2.261946710584651      2.010619298297467  -0.003725634280498156
     -2.261946710584651       2.13628300444106   0.001112895696025395
     -2.261946710584651      2.261946710584651    0.00313772771945385
     -2.261946710584651      2.387610416728243  -0.003413674371651819
     -2.261946710584651      2.513274122871834  -0.001018438562322452
     -2.261946710584651      2.638937829015426   0.004799384998236598
     -2.261946710584651      2.764601535159018  -0.002763292476113756
     -2.261946710584651      2.890265241302609  -0.003570146905237517
     -2.261946710584651      3.015928947446201   0.007158827052926951
     -2.136283004441059     -3.141592653589793    0.01370733034977568
     -2.136283004441059     -3.015928947446201    0.04576672066246902
     -2.136283004441059      -2.89026524130261     0.1366053539767181
     -2.136283004441059     -2.764601535159018      0.232165802533371
     -2.136283004441059     -2.638937829015426     0.2526791689921201
     -2.136283004441059     -2.513274122871834      0.232829864336602
     -2.136283004441059     -2.387610416728243     0.2450468809522773
     -2.136283004441059     -2.261946710584651     0.2591649727091057
     -2.136283004441059     -2.136283004441059     0.2344531372090728
     -2.136283004441059     -2.010619298297468     0.2209137104322701
     -2.136283004441059     -1.884955592153876     0.2433794681614026
     -2.136283004441059     -1.759291886010284     0.2483990416031448
     -2.136283004441059     -1.633628179866693      0.227933287368306
     -2.136283004441059     -1.507964473723101      0.226345225425855
     -2.136283004441059     -1.382300767579509     0.2373093972350432
     -2.136283004441059     -1.256637061435917     0.2318651546471467
     -2.136283004441059     -1.130973355292325     0.2126715030200787
     -2.136283004441059     -1.005309649148733     0.1689064446551981
     -2.136283004441059     -0.879645943005142    0.09200382068408652
     -2.136283004441059    -0.7539822368615505    0.02946536675723963
     -2.136283004441059    -0.6283185307179586    0.01200363955879115
     -2.136283004441059    -0.5026548245743667   0.004344562989660401
     -2.136283004441059    -0.3769911184307753  -0.006663064145723041
     -2.136283004441059    -0.2513274122871838  0.0002267146868992194
     -2.136283004441059    -0.1256637061435919   0.006402618753625416
     -2.136283004441059                      0  -0.004934745589805995
     -2.136283004441059     0.1256637061435919  -0.003279465831263553
     -2.136283004441059     0.2513274122871834   0.008560855045898185
     -2.136283004441059     0.3769911184307753  -0.002944954181289173
     -2.136283004441059     0.5026548245743672  -0.003317819864228883
     -2.136283004441059     0.6283185307179582    0.05015392175527446
     -2.136283004441059     0.7539822368615501     0.1071037433004225
     -2.136283004441059     0.8796459430051424     0.1238258408678295
     -2.136283004441059      1.005309649148734     0.1420919209853524
     -2.136283004441059      1.130973355292326     0.1681852392471063
     -2.136283004441059      1.256637061435917     0.1367976231242213
     -2.136283004441059      1.382300767579509    0.05126676406155903
     -2.136283004441059      1.507964473723101  -0.004006867725222573
     -2.136283004441059      1.633628179866692  -0.003075416848177928
     -2.136283004441059      1.759291886010284   0.005258224432326227
     -2.136283004441059      1.884955592153876  -0.001168028290714902
     -2.136283004441059      2.010619298297467  -0.003137600744697049
     -2.136283004441059       2.13628300444106   0.002528468382223618
     -2.136283004441059      2.261946710584651   0.001463882685924873
     -2.136283004441059      2.387610416728243  -0.003164436397357473
     -2.136283004441059      2.513274122871834  0.0001771709017390073
     -2.136283004441059      2.638937829015426    0.00345015201300218
     -2.136283004441059      2.764601535159018  -0.002290281930301343
     -2.136283004441059      2.890265241302609  -0.003173514334611684
     -2.136283004441059      3.015928947446201   0.005977426498565542
     -2.010619298297468     -3.141592653589793     0.0255418907722095
     -2.010619298297468     -3.015928947446201    0.07350072357605301
     -2.010619298297468      -2.89026524130261     0.1499227087832633
     -2.010619298297468     -2.764601535159018     0.2267712260814888
     -2.010619298297468     -2.638937829015426     0.2621383094184751
     -2.010619298297468     -2.513274122871834      0.264156039341394
     -2.010619298297468     -2.387610416728243     0.2787963970518574
     -2.010619298297468     -2.261946710584651     0.2958200872005821
     -2.010619298297468     -2.136283004441059     0.2735772350390303
     -2.010619298297468     -2.010619298297468      0.243959350184835
     -2.010619298297468     -1.884955592153876     0.2552891555774636
     -2.010619298297468     -1.759291886010284     0.2709426922307127
     -2.010619298297468     -1.633628179866693     0.2560809885215374
     -2.010619298297468     -1.507964473723101     0.2522231226820723
     -2.010619298297468     -1.382300767579509     0.2723382216066374
     -2.010619298297468     -1.256637061435917     0.2672321892881475
     -2.010619298297468     -1.130973355292325     0.2276354461244878
     -2.010619298297468     -1.005309649148733     0.1801207273648559
     -2.010619298297468     -0.879645943005142     0.1214136274182265
     -2.010619298297468    -0.7539822368615505    0.05744424430167754
     -2.010619298297468    -0.6283185307179586    0.01912118593891283
     -2.010619298297468    -0.5026548245743667   0.003635433096920756
     -2.010619298297468    -0.3769911184307753  -0.005517275374522428
     -2.010619298297468    -0.2513274122871838 -0.0007449668638478766
     -2.010619298297468    -0.1256637061435919   0.006147407936924761
     -2.010619298297468                      0  -0.003492071307047153
     -2.010619298297468     0.1256637061435919   -0.00459255112136102
     -2.010619298297468     0.2513274122871834   0.008330057130875371
     -2.010619298297468     0.3769911184307753  -0.001366026895607867
     -2.010619298297468     0.5026548245743672  -0.005742073935761868
     -2.010619298297468     0.6283185307179582     0.0537112128088659
     -2.010619298297468     0.7539822368615501     0.1285624304575059
     -2.010619298297468     0.8796459430051424     0.1517674451104311
     -2.010619298297468      1.005309649148734     0.1681206303358344
     -2.010619298297468      1.130973355292326     0.2000431949089886
     -2.010619298297468      1.256637061435917     0.1648907481948012
     -2.010619298297468      1.382300767579509    0.05743268600472626
     -2.010619298297468      1.507964473723101  -0.008904984891367564
     -2.010619298297468      1.633628179866692  -0.001770605917299391
     -2.010619298297468      1.759291886010284   0.006820967785894972
     -2.010619298297468      1.884955592153876   -0.00351975709027932
     -2.010619298297468      2.010619298297467  -0.002307608908750167
     -2.010619298297468       2.13628300444106   0.003813118322101081
     -2.010619298297468      2.261946710584651 -0.0004499698707630809
     -2.010619298297468      2.387610416728243  -0.002605889788066341
     -2.010619298297468      2.513274122871834   0.001492415522219077
     -2.010619298297468      2.638937829015426   0.001609708667636015
     -2.010619298297468      2.764601535159018  -0.001655804061847798
     -2.010619298297468      2.890265241302609  -0.002150599524631255
     -2.010619298297468      3.015928947446201   0.004131629363523027
     -1.884955592153876     -3.141592653589793    0.03183809925259014
     -1.884955592153876     -3.015928947446201    0.09055898283979429
     -1.884955592153876      -2.89026524130261     0.1529565917626269
     -1.884955592153876     -2.764601535159018     0.2064636148327069
     -1.884955592153876     -2.638937829015426      0.241606468587772
     -1.884955592153876     -2.513274122871834     0.2551096626083348
     -1.884955592153876     -2.387610416728243     0.2719483275024184
     -1.884955592153876     -2.261946710584651     0.2918550554418298
     -1.884955592153876     -2.136283004441059     0.2775348483277597
     -1.884955592153876     -2.010619298297468     0.2504582656291169
     -1.884955592153876     -1.884955592153876     0.2655816462007603
     -1.884955592153876     -1.759291886010284     0.2928950008397766
     -1.884955592153876     -1.633628179866693     0.2894703883771822
     -1.884955592153876     -1.507964473723101      0.303242576796079
     -1.884955592153876     -1.382300767579509     0.3507978576736228
     -1.884955592153876     -1.256637061435917     0.3517912828615594
     -1.884955592153876     -1.130973355292325     0.2832789684963895
     -1.884955592153876     -1.005309649148733     0.2081312713941288
     -1.884955592153876     -0.879645943005142      0.142269058059272
     -1.884955592153876    -0.7539822368615505    0.07077112670601526
     -1.884955592153876    -0.6283185307179586    0.02118404549161629
     -1.884955592153876    -0.5026548245743667   0.004409674616940745
     -1.884955592153876    -0.3769911184307753  -0.003589861708052604
     -1.884955592153876    -0.2513274122871838  -0.002368150829204503
     -1.884955592153876    -0.1256637061435919   0.005515434163431257
     -1.884955592153876                      0  -0.001389131314569068
     -1.884955592153876     0.1256637061435919  -0.005664083696876873
     -1.884955592153876     0.2513274122871834   0.007047709655511206
     -1.884955592153876     0.3769911184307753   0.001161820658596895
     -1.884955592153876     0.5026548245743672  -0.006555780903189853
     -1.884955592153876     0.6283185307179582    0.05092423176118479
     -1.884955592153876     0.7539822368615501     0.1390188382116366
     -1.884955592153876     0.8796459430051424     0.1788279763207597
     -1.884955592153876      1.005309649148734     0.2002701068437971
     -1.884955592153876      1.130973355292326     0.2279863970799278
     -1.884955592153876      1.256637061435917     0.1820781368076495
     -1.884955592153876      1.382300767579509    0.06128838051701727
     -1.884955592153876      1.507964473723101    -0.0101235319162087
     -1.884955592153876      1.633628179866692 -0.0009708357228668473
     -1.884955592153876      1.759291886010284   0.006848759249873684
     -1.884955592153876      1.884955592153876  -0.004496958577212524
     -1.884955592153876      2.010619298297467  -0.001295116492731086
     -1.884955592153876       2.13628300444106   0.003963500572700863
     -1.884955592153876      2.261946710584651  -0.001772391329607747
     -1.884955592153876      2.387610416728243  -0.001573952184997104
     -1.884955592153876      2.513274122871834   0.002117232058313416
     -1.884955592153876      2.638937829015426 -0.0001978655039272063
     -1.884955592153876      2.764601535159018 -0.0007097128721925252
     -1.884955592153876      2.890265241302609 -0.0008831897265442373
     -1.884955592153876      3.015928947446201   0.001903811949791435
     -1.759291886010284     -3.141592653589793    0.03360926279007402
     -1.759291886010284     -3.015928947446201    0.09433417333028174
     -1.759291886010284      -2.89026524130261     0.1420542274126815
     -1.759291886010284     -2.764601535159018     0.1721044262351721
     -1.759291886010284     -2.638937829015426     0.1965380598351312
     -1.759291886010284     -2.513274122871834     0.2116276525414407
     -1.759291886010284     -2.387610416728243     0.2297265745536347
     -1.759291886010284     -2.261946710584651     0.2519049072067471
     -1.759291886010284     -2.136283004441059     0.2449459046323354
     -1.759291886010284     -2.010619298297468     0.2255859873363549
     -1.759291886010284     -1.884955592153876     0.2471662286095159
     -1.759291886010284     -1.759291886010284     0.2810536823747765
     -1.759291886010284     -1.633628179866693     0.2830977091847439
     -1.759291886010284     -1.507964473723101     0.3057450465489484
     -1.759291886010284     -1.382300767579509     0.3679159017828576
     -1.759291886010284     -1.256637061435917     0.3749442092074257
     -1.759291886010284     -1.130973355292325     0.2955851708939984
     -1.759291886010284     -1.005309649148733     0.2091863907702918
     -1.759291886010284     -0.879645943005142      0.143137090805954
     -1.759291886010284    -0.7539822368615505    0.07245836976483559
     -1.759291886010284    -0.6283185307179586    0.02035898996254178
     -1.759291886010284    -0.5026548245743667   0.004488921812305697
     -1.759291886010284    -0.3769911184307753  -0.001982787044386935
     -1.759291886010284    -0.2513274122871838   -0.00311266564955305
     -1.759291886010284    -0.1256637061435919   0.004539959962500482
     -1.759291886010284                      0   3.42466480542133e-05
     -1.759291886010284     0.1256637061435919  -0.005723835696103584
     -1.759291886010284     0.2513274122871834   0.005555085598387829
     -1.759291886010284     0.3769911184307753   0.002696421141892555
     -1.759291886010284     0.5026548245743672  -0.006245116126568463
     -1.759291886010284     0.6283185307179582    0.04390789608985123
     -1.759291886010284     0.7539822368615501     0.1313392365010465
     -1.759291886010284     0.8796459430051424     0.1784563371169643
     -1.759291886010284      1.005309649148734     0.2015159754365483
     -1.759291886010284      1.130973355292326     0.2229215856304893
     -1.759291886010284      1.256637061435917     0.1742050874212458
     -1.759291886010284      1.382300767579509     0.0577918901349802
     -1.759291886010284      1.507964473723101  -0.009384779716180174
     -1.759291886010284      1.633628179866692 -0.0004749121422797933
     -1.759291886010284      1.759291886010284   0.006041024706876928
     -1.759291886010284      1.884955592153876  -0.004473480612645336
     -1.759291886010284      2.010619298297467 -0.0005663140447356959
     -1.759291886010284       2.13628300444106   0.003526596828736836
     -1.759291886010284      2.261946710584651  -0.002282084694915903
     -1.759291886010284      2.387610416728243  -0.000753934464164011
     -1.759291886010284      2.513274122871834    0.00214053305875626
     -1.759291886010284      2.638937829015426  -0.001200188763089121
     -1.759291886010284      2.764601535159018  3.619016775393831e-05
     -1.759291886010284      2.890265241302609 -0.0002013287427639621
     -1.759291886010284      3.015928947446201  0.0004551534681545826
     -1.633628179866693     -3.141592653589793    0.03411710815977027
     -1.633628179866693     -3.015928947446201    0.09401937888900362
     -1.633628179866693      -2.89026524130261     0.1349524288669451
     -1.633628179866693     -2.764601535159018     0.1567494122590096
     -1.633628179866693     -2.638937829015426      0.179164595784098
     -1.633628179866693     -2.513274122871834     0.1956471163370987
     -1.633628179866693     -2.387610416728243     0.2122429914379603
     -1.633628179866693     -2.261946710584651     0.2322425950563914
     -1.633628179866693     -2.136283004441059     0.2245894207204547
     -1.633628179866693     -2.010619298297468     0.2022932664229785
     -1.633628179866693     -1.884955592153876     0.2198522641552383
     -1.633628179866693     -1.759291886010284     0.2530947093737068
     -1.633628179866693     -1.633628179866693     0.2538936358199668
     -1.633628179866693     -1.507964473723101     0.2700765579883619
     -1.633628179866693     -1.382300767579509     0.3259068697641696
     -1.633628179866693     -1.256637061435917     0.3322406784677401
     -1.633628179866693     -1.130973355292325     0.2579172429384978
     -1.633628179866693     -1.005309649148733     0.1836556287048734
     -1.633628179866693     -0.879645943005142     0.1341283001414488
     -1.633628179866693    -0.7539822368615505    0.07312945381326666
     -1.633628179866693    -0.6283185307179586     0.0204572041913032
     -1.633628179866693    -0.5026548245743667   0.003292785441604616
     -1.633628179866693    -0.3769911184307753  -0.001430669616662476
     -1.633628179866693    -0.2513274122871838  -0.002697593404488529
     -1.633628179866693    -0.1256637061435919   0.003745751073529191
     -1.633628179866693                      0    0.00028391409149553
     -1.633628179866693     0.1256637061435919  -0.005154954240903993
     -1.633628179866693     0.2513274122871834   0.004791516555088209
     -1.633628179866693     0.3769911184307753   0.002613437299214686
     -1.633628179866693     0.5026548245743672  -0.005972514664518127
     -1.633628179866693     0.6283185307179582    0.03928982264703598
     -1.633628179866693     0.7539822368615501     0.1193887515702401
     -1.633628179866693     0.8796459430051424     0.1608360763128575
     -1.633628179866693      1.005309649148734     0.1792173676978317
     -1.633628179866693      1.130973355292326       0.19927291117649
     -1.633628179866693      1.256637061435917     0.1571519360945211
     -1.633628179866693      1.382300767579509    0.05147856693220653
     -1.633628179866693      1.507964473723101  -0.009435636316014299
     -1.633628179866693      1.633628179866692 -8.147249394020446e-05
     -1.633628179866693      1.759291886010284   0.005723992762064551
     -1.633628179866693      1.884955592153876  -0.004499621874637805
     -1.633628179866693      2.010619298297467 -0.0003614333690354411
     -1.633628179866693       2.13628300444106    0.00344677989541052
     -1.633628179866693      2.261946710584651  -0.002409607527817875
     -1.633628179866693      2.387610416728243 -0.0006061755763190111
     -1.633628179866693      2.513274122871834   0.002170025450620611
     -1.633628179866693      2.638937829015426  -0.001383642149508452
     -1.633628179866693      2.764601535159018  0.0001708241578104248
     -1.633628179866693      2.890265241302609 -0.0001194524327372518
     -1.633628179866693      3.015928947446201  0.0001662930800549725
     -1.507964473723101     -3.141592653589793     0.0341039106084258
     -1.507964473723101     -3.015928947446201    0.09558665056163956
     -1.507964473723101      -2.89026524130261     0.1371745616327574
     -1.507964473723101     -2.764601535159018     0.1619615654768418
     -1.507964473723101     -2.638937829015426     0.1928758168156888
     -1.507964473723101     -2.513274122871834     0.2150260543953301
     -1.507964473723101     -2.387610416728243     0.2271317018239473
     -1.507964473723101     -2.261946710584651     0.2394712800888697
     -1.507964473723101     -2.136283004441059     0.2265758797156297
     -1.507964473723101     -2.010619298297468     0.1963352780880894
     -1.507964473723101     -1.884955592153876      0.204325224572009
     -1.507964473723101     -1.759291886010284     0.2349010706268112
     -1.507964473723101     -1.633628179866693     0.2382148312392596
     -1.507964473723101     -1.507964473723101     0.2541075606935229
     -1.507964473723101     -1.382300767579509     0.3064387614979935
     -1.507964473723101     -1.256637061435917     0.3084572402980916
     -1.507964473723101     -1.130973355292325      0.231331738575807
     -1.507964473723101     -1.005309649148733     0.1625844450584083
     -1.507964473723101     -0.879645943005142     0.1268131514896103
     -1.507964473723101    -0.7539822368615505    0.07479047593981496
     -1.507964473723101    -0.6283185307179586    0.02100788004273658
     -1.507964473723101    -0.5026548245743667   0.002190365417848378
     -1.507964473723101    -0.3769911184307753 -0.0008980200860860361
     -1.507964473723101    -0.2513274122871838  -0.002357173403025564
     -1.507964473723101    -0.1256637061435919   0.002980746836797705
     -1.507964473723101                      0  0.0006045724753210716
     -1.507964473723101     0.1256637061435919  -0.004661645949825479
     -1.507964473723101     0.2513274122871834     0.0039971532011072
     -1.507964473723101     0.3769911184307753     0.0025542114030238
     -1.507964473723101     0.5026548245743672  -0.005712201199830272
     -1.507964473723101     0.6283185307179582    0.03568173874944521
     -1.507964473723101     0.7539822368615501     0.1107474466813503
     -1.507964473723101     0.8796459430051424     0.1483652878513105
     -1.507964473723101      1.005309649148734     0.1626926586499641
     -1.507964473723101      1.130973355292326     0.1812470743602511
     -1.507964473723101      1.256637061435917     0.1441443838566348
     -1.507964473723101      1.382300767579509     0.0463852946298273
     -1.507964473723101      1.507964473723101  -0.009856648224946266
     -1.507964473723101      1.633628179866692  0.0003089347698732674
     -1.507964473723101      1.759291886010284   0.005633961339241014
     -1.507964473723101      1.884955592153876  -0.004701275501624342
     -1.507964473723101      2.010619298297467 -0.0001982625120819969
     -1.507964473723101       2.13628300444106   0.003553598351387075
     -1.507964473723101      2.261946710584651  -0.002650154481327415
     -1.507964473723101      2.387610416728243  -0.000551281857106588
     -1.507964473723101      2.513274122871834   0.002396418913941531
     -1.507964473723101      2.638937829015426  -0.001630826586749809
     -1.507964473723101      2.764601535159018  0.0001260179856343003
     -1.507964473723101      2.890265241302609  0.0002143062311641913
     -1.507964473723101      3.015928947446201 -0.0001385587116971947
     -1.382300767579509     -3.141592653589793    0.02996712282292584
     -1.382300767579509     -3.015928947446201    0.08940560503264786
     -1.382300767579509      -2.89026524130261     0.1322381990384177
     -1.382300767579509     -2.764601535159018     0.1598850672888198
     -1.382300767579509     -2.638937829015426     0.1950203042349106
     -1.382300767579509     -2.513274122871834     0.2192714339426438
     -1.382300767579509     -2.387610416728243      0.224487877617841
     -1.382300767579509     -2.261946710584651     0.2254378909743711
     -1.382300767579509     -2.136283004441059     0.2082712517357161
     -1.382300767579509     -2.010619298297468     0.1777484068206926
     -1.382300767579509     -1.884955592153876     0.1800499228275502
     -1.382300767579509     -1.759291886010284     0.2064699092936399
     -1.382300767579509     -1.633628179866693     0.2170463654386751
     -1.382300767579509     -1.507964473723101     0.2444166879244029
     -1.382300767579509     -1.382300767579509     0.3014372341313001
     -1.382300767579509     -1.256637061435917     0.3002201820149616
     -1.382300767579509     -1.130973355292325     0.2152460757352864
     -1.382300767579509     -1.005309649148733     0.1410001501287815
     -1.382300767579509     -0.879645943005142     0.1095098400873133
     -1.382300767579509    -0.7539822368615505    0.06702818187072607
     -1.382300767579509    -0.6283185307179586     0.0184500847765388
     -1.382300767579509    -0.5026548245743667   0.001549539487155833
     -1.382300767579509    -0.3769911184307753  0.0002461196391729632
     -1.382300767579509    -0.2513274122871838  -0.002238450072959345
     -1.382300767579509    -0.1256637061435919   0.001711387475981224
     -1.382300767579509                      0   0.001390671958823227
     -1.382300767579509     0.1256637061435919  -0.003788720301372007
     -1.382300767579509     0.2513274122871834   0.002272691297979211
     -1.382300767579509     0.3769911184307753    0.00294414696343203
     -1.382300767579509     0.5026548245743672  -0.004349624391083419
     -1.382300767579509     0.6283185307179582    0.02675415379203619
     -1.382300767579509     0.7539822368615501    0.09123343991623394
     -1.382300767579509     0.8796459430051424     0.1288521061973854
     -1.382300767579509      1.005309649148734      0.141540508454939
     -1.382300767579509      1.130973355292326     0.1521294868059445
     -1.382300767579509      1.256637061435917     0.1183321117566411
     -1.382300767579509      1.382300767579509    0.03752631910711045
     -1.382300767579509      1.507964473723101  -0.008206918640166674
     -1.382300767579509      1.633628179866692  0.0005341138305368636
     -1.382300767579509      1.759291886010284   0.004569685585983479
     -1.382300767579509      1.884955592153876   -0.00412406495993316
     -1.382300767579509      2.010619298297467   0.000117027997886652
     -1.382300767579509       2.13628300444106   0.003013060444120939
     -1.382300767579509      2.261946710584651  -0.002597967377254525
     -1.382300767579509      2.387610416728243 -0.0002181011703501167
     -1.382300767579509      2.513274122871834   0.002291825879631122
     -1.382300767579509      2.638937829015426  -0.001914141529021562
     -1.382300767579509      2.764601535159018  0.0002020874729055241
     -1.382300767579509      2.890265241302609  0.0008395764900344927
     -1.382300767579509      3.015928947446201 -0.0007604233868486136
     -1.256637061435917     -3.141592653589793    0.01930917434576131
     -1.256637061435917     -3.015928947446201    0.06673463206541458
     -1.256637061435917      -2.89026524130261     0.1147599754602408
     -1.256637061435917     -2.764601535159018      0.150113492939781
     -1.256637061435917     -2.638937829015426     0.1774582280394356
     -1.256637061435917     -2.513274122871834     0.1907088842418185
     -1.256637061435917     -2.387610416728243     0.1881781498602361
     -1.256637061435917     -2.261946710584651     0.1771914537549668
     -1.256637061435917     -2.136283004441059     0.1558608844973503
     -1.256637061435917     -2.010619298297468     0.1353219987886712
     -1.256637061435917     -1.884955592153876     0.1390736784110946
     -1.256637061435917     -1.759291886010284     0.1559019301945258
     -1.256637061435917     -1.633628179866693     0.1696357393069194
     -1.256637061435917     -1.507964473723101      0.207254955576215
     -1.256637061435917     -1.382300767579509     0.2622611346228135
     -1.256637061435917     -1.256637061435917     0.2586842998924614
     -1.256637061435917     -1.130973355292325     0.1802305678806227
     -1.256637061435917     -1.005309649148733      0.106448329275176
     -1.256637061435917     -0.879645943005142    0.07298646288662572
     -1.256637061435917    -0.7539822368615505    0.04311704946231228
     -1.256637061435917    -0.6283185307179586    0.01165237838644292
     -1.256637061435917    -0.5026548245743667   0.001058146223845112
     -1.256637061435917    -0.3769911184307753  0.0009282902281209388
     -1.256637061435917    -0.2513274122871838  -0.001503107816867655
     -1.256637061435917    -0.1256637061435919  0.0003764945479259945
     -1.256637061435917                      0   0.001455614494515959
     -1.256637061435917     0.1256637061435919  -0.002037588780583684
     -1.256637061435917     0.2513274122871834  0.0004611263295512219
     -1.256637061435917     0.3769911184307753   0.002482360256436625
     -1.256637061435917     0.5026548245743672  -0.001537423753197017
     -1.256637061435917     0.6283185307179582    0.01423636191919292
     -1.256637061435917     0.7539822368615501    0.05574743794293567
     -1.256637061435917     0.8796459430051424    0.08833145794635656
     -1.256637061435917      1.005309649148734    0.09943049994100719
     -1.256637061435917      1.130973355292326    0.09823089411535475
     -1.256637061435917      1.256637061435917    0.07153935380696157
     -1.256637061435917      1.382300767579509    0.02334847205948659
     -1.256637061435917      1.507964473723101   -0.00364931476399806
     -1.256637061435917      1.633628179866692  0.0001227570457782235
     -1.256637061435917      1.759291886010284    0.00244929853132334
     -1.256637061435917      1.884955592153876  -0.002165427094649669
     -1.256637061435917      2.010619298297467  5.007415552797136e-05
     -1.256637061435917       2.13628300444106   0.001652967465989403
     -1.256637061435917      2.261946710584651   -0.00147836534904912
     -1.256637061435917      2.387610416728243 -0.0001067136085561913
     -1.256637061435917      2.513274122871834   0.001394579413060152
     -1.256637061435917      2.638937829015426  -0.001221299120463389
     -1.256637061435917      2.764601535159018  2.651776105213927e-05
     -1.256637061435917      2.890265241302609  0.0008725038589835461
     -1.256637061435917      3.015928947446201 -0.0004635585710954264
     -1.130973355292325     -3.141592653589793   0.008158985640691119
     -1.130973355292325     -3.015928947446201    0.04117355481259784
     -1.130973355292325      -2.89026524130261    0.09985930789437916
     -1.130973355292325     -2.764601535159018     0.1491225859415445
     -1.130973355292325     -2.638937829015426     0.1636896994510182
     -1.130973355292325     -2.513274122871834     0.1587665757325104
     -1.130973355292325     -2.387610416728243     0.1509920211607906
     -1.130973355292325     -2.261946710584651     0.1323566341851765
     -1.130973355292325     -2.136283004441059     0.1063464400396973
     -1.130973355292325     -2.010619298297468    0.09772653437121642
     -1.130973355292325     -1.884955592153876     0.1073438451440678
     -1.130973355292325     -1.759291886010284     0.1131589780954066
     -1.130973355292325     -1.633628179866693     0.1231936705132517
     -1.130973355292325     -1.507964473723101      0.162567551524597
     -1.130973355292325     -1.382300767579509      0.207415977911329
     -1.130973355292325     -1.256637061435917     0.2019226823699465
     -1.130973355292325     -1.130973355292325     0.1414359687435006
     -1.130973355292325     -1.005309649148733      0.075939663228812
     -1.130973355292325     -0.879645943005142    0.03719411178910552
     -1.130973355292325    -0.7539822368615505    0.01694850579154257
     -1.130973355292325    -0.6283185307179586   0.004833009608231712
     -1.130973355292325    -0.5026548245743667  0.0007523620403683879
     -1.130973355292325    -0.3769911184307753  0.0005563725704747884
     -1.130973355292325    -0.2513274122871838 -0.0003253445838732949
     -1.130973355292325    -0.1256637061435919 -0.0002433668728601093
     -1.130973355292325                      0  0.0005278403014928495
     -1.130973355292325     0.1256637061435919 -0.0002651111238836589
     -1.130973355292325     0.2513274122871834 -0.0002724117663993231
     -1.130973355292325     0.3769911184307753   0.001121891703874721
     -1.130973355292325     0.5026548245743672   0.001194526947947006
     -1.130973355292325     0.6283185307179582   0.005952023798695064
     -1.130973355292325     0.7539822368615501    0.02436472940205167
     -1.130973355292325     0.8796459430051424    0.04793158976872297
     -1.130973355292325      1.005309649148734    0.05745015393450862
     -1.130973355292325      1.130973355292326     0.0479060673397825
     -1.130973355292325      1.256637061435917    0.02934190314283383
     -1.130973355292325      1.382300767579509    0.01172440726390096
     -1.130973355292325      1.507964473723101   0.001141581685468218
     -1.130973355292325      1.633628179866692 -0.0007531318066454365
     -1.130973355292325      1.759291886010284  0.0005962517200533289
     -1.130973355292325      1.884955592153876  7.025984177704708e-05
     -1.130973355292325      2.010619298297467 -0.0005002925753017328
     -1.130973355292325       2.13628300444106   0.000328840704197838
     -1.130973355292325      2.261946710584651  0.0001738736672300725
     -1.130973355292325      2.387610416728243 -0.0004484515120581277
     -1.130973355292325      2.513274122871834  0.0002190961340456138
     -1.130973355292325      2.638937829015426  0.0002515852739249779
     -1.130973355292325      2.764601535159018 -0.0004595608313708472
     -1.130973355292325      2.890265241302609   0.000172754609443693
     -1.130973355292325      3.015928947446201  0.0008807941830057473
     -1.005309649148733     -3.141592653589793   0.004425336371155608
     -1.005309649148733     -3.015928947446201    0.02995618357263312
     -1.005309649148733      -2.89026524130261    0.09015771507091613
     -1.005309649148733     -2.764601535159018      0.142270244055672
     -1.005309649148733     -2.638937829015426     0.1487642564269025
     -1.005309649148733     -2.513274122871834     0.1347885697440004
     -1.005309649148733     -2.387610416728243     0.1263817936553168
     -1.005309649148733     -2.261946710584651     0.1074575026430945
     -1.005309649148733     -2.136283004441059    0.07991163323373461
     -1.005309649148733     -2.010619298297468    0.07442875749984415
     -1.005309649148733     -1.884955592153876    0.08574210562734969
     -1.005309649148733     -1.759291886010284    0.08652949185196052
     -1.005309649148733     -1.633628179866693     0.0899351970960221
     -1.005309649148733     -1.507964473723101     0.1192971831631271
     -1.005309649148733     -1.382300767579509     0.1504042665837279
     -1.005309649148733     -1.256637061435917     0.1441568883540525
     -1.005309649148733     -1.130973355292325     0.1014662517457074
     -1.005309649148733     -1.005309649148733    0.05267956684993576
     -1.005309649148733     -0.879645943005142    0.02065820177560643
     -1.005309649148733    -0.7539822368615505   0.007399069639968274
     -1.005309649148733    -0.6283185307179586   0.002694885865567481
     -1.005309649148733    -0.5026548245743667  9.242765525615745e-05
     -1.005309649148733    -0.3769911184307753  3.513410244282737e-06
     -1.005309649148733    -0.2513274122871838  0.0005735630989990569
     -1.005309649148733    -0.1256637061435919 -0.0003694500001726871
     -1.005309649148733                      0 -0.0003103984953996094
     -1.005309649148733     0.1256637061435919  0.0006034556217126946
     -1.005309649148733     0.2513274122871834 -0.0001671365513287114
     -1.005309649148733     0.3769911184307753  4.982495552530923e-06
     -1.005309649148733     0.5026548245743672   0.002060331360014218
     -1.005309649148733     0.6283185307179582   0.003666198639094917
     -1.005309649148733     0.7539822368615501    0.01044743813202191
     -1.005309649148733     0.8796459430051424    0.02460971464185585
     -1.005309649148733      1.005309649148734    0.03070500543609637
     -1.005309649148733      1.130973355292326    0.02065327618769967
     -1.005309649148733      1.256637061435917    0.00952841236312682
     -1.005309649148733      1.382300767579509   0.006115443386828309
     -1.005309649148733      1.507964473723101   0.002627040707073053
     -1.005309649148733      1.633628179866692  -0.001085274799950337
     -1.005309649148733      1.759291886010284  4.669860662966541e-05
     -1.005309649148733      1.884955592153876  0.0008962756779784262
     -1.005309649148733      2.010619298297467 -0.0008682022169095522
     -1.005309649148733       2.13628300444106 -8.263641133454604e-05
     -1.005309649148733      2.261946710584651  0.0009473793978443878
     -1.005309649148733      2.387610416728243 -0.0007718360794108797
     -1.005309649148733      2.513274122871834 -0.0002991951316393156
     -1.005309649148733      2.638937829015426   0.001112898807993162
     -1.005309649148733      2.764601535159018 -0.0007413597588172424
     -1.005309649148733      2.890265241302609 -0.0004830294528527616
     -1.005309649148733      3.015928947446201   0.001809713599990012
     -0.879645943005142     -3.141592653589793   0.005823009280195437
     -0.879645943005142     -3.015928947446201    0.02640383734909033
     -0.879645943005142      -2.89026524130261    0.06963908707929012
     -0.879645943005142     -2.764601535159018     0.1058638533967886
     -0.879645943005142     -2.638937829015426     0.1100250473701046
     -0.879645943005142     -2.513274122871834    0.09983312978472257
     -0.879645943005142     -2.387610416728243    0.09386087055447623
     -0.879645943005142     -2.261946710584651    0.08019792724857516
     -0.879645943005142     -2.136283004441059    0.05720907852957447
     -0.879645943005142     -2.010619298297468    0.04715756233074046
     -0.879645943005142     -1.884955592153876    0.05207618502285605
     -0.879645943005142     -1.759291886010284    0.05246962616827635
     -0.879645943005142     -1.633628179866693    0.04974842081660641
     -0.879645943005142     -1.507964473723101    0.05919901191712594
     -0.879645943005142     -1.382300767579509    0.07199820867773861
     -0.879645943005142     -1.256637061435917    0.06605885360436187
     -0.879645943005142     -1.130973355292325    0.04240897240893123
     -0.879645943005142     -1.005309649148733     0.0217761536823581
     -0.879645943005142     -0.879645943005142    0.01399879646467115
     -0.879645943005142    -0.7539822368615505    0.01043389134653585
     -0.879645943005142    -0.6283185307179586   0.003754370598854741
     -0.879645943005142    -0.5026548245743667  -0.001099062831522347
     -0.879645943005142    -0.3769911184307753 -0.0001533503831017869
     -0.879645943005142    -0.2513274122871838   0.001039852636751168
     -0.879645943005142    -0.1256637061435919 -0.0004910552517600142
     -0.879645943005142                      0 -0.0005619633996151655
     -0.879645943005142     0.1256637061435919  0.0007675840821141572
     -0.879645943005142     0.2513274122871834  1.335231746174846e-05
     -0.879645943005142     0.3769911184307753 -0.0005547372980097895
     -0.879645943005142     0.5026548245743672   0.001280978458247356
     -0.879645943005142     0.6283185307179582   0.002951538700648785
     -0.879645943005142     0.7539822368615501   0.004931937635038363
     -0.879645943005142     0.8796459430051424   0.008309007522917798
     -0.879645943005142      1.005309649148734   0.008022796231392263
     -0.879645943005142      1.130973355292326   0.003199635225238877
     -0.879645943005142      1.256637061435917   0.001063396869891029
     -0.879645943005142      1.382300767579509   0.002201704507922341
     -0.879645943005142      1.507964473723101    0.00106679895313649
     -0.879645943005142      1.633628179866692 -0.0005838119042862288
     -0.879645943005142      1.759291886010284  0.0003382569658544441
     -0.879645943005142      1.884955592153876  0.0003786914137046958
     -0.879645943005142      2.010619298297467 -0.0007335989915449008
     -0.879645943005142       2.13628300444106  0.0002024402324401646
     -0.879645943005142      2.261946710584651  0.0006526502705685596
     -0.879645943005142      2.387610416728243 -0.0007593523126317982
     -0.879645943005142      2.513274122871834 -0.0001278704697805739
     -0.879645943005142      2.638937829015426   0.000973994708697088
     -0.879645943005142      2.764601535159018 -0.0006261331253163459
     -0.879645943005142      2.890265241302609 -0.0006735542399084055
     -0.879645943005142      3.015928947446201   0.001655543458147893
    -0.7539822368615505     -3.141592653589793   0.004986827064316454
    -0.7539822368615505     -3.015928947446201    0.01686897136315124
    -0.7539822368615505      -2.89026524130261    0.03750206553583336
    -0.7539822368615505     -2.764601535159018    0.05411002224027617
    -0.7539822368615505     -2.638937829015426    0.05671954504499368
    -0.7539822368615505     -2.513274122871834    0.05248890517418689
    -0.7539822368615505     -2.387610416728243    0.04946961032772199
    -0.7539822368615505     -2.261946710584651    0.04249675952011727
    -0.7539822368615505     -2.136283004441059    0.02872745525290596
    -0.7539822368615505     -2.010619298297468    0.01837120342746548
    -0.7539822368615505     -1.884955592153876    0.01738653659990229
    -0.7539822368615505     -1.759291886010284    0.01738179275691137
    -0.7539822368615505     -1.633628179866693    0.01231651584793044
    -0.7539822368615505     -1.507964473723101   0.007758280977849556
    -0.7539822368615505     -1.382300767579509   0.006323299191390346
    -0.7539822368615505     -1.256637061435917   0.002036176848986965
    -0.7539822368615505     -1.130973355292325  -0.004278405802189763
    -0.7539822368615505     -1.005309649148733  -0.002737877224803261
    -0.7539822368615505     -0.879645943005142    0.00622882015483371
    -0.7539822368615505    -0.7539822368615505   0.009491027968284077
    -0.7539822368615505    -0.6283185307179586    0.00336279084875732
    -0.7539822368615505    -0.5026548245743667  -0.001483425371374722
    -0.7539822368615505    -0.3769911184307753 -0.0001711359967813606
    -0.7539822368615505    -0.2513274122871838  0.0009846741159661118
    -0.7539822368615505    -0.1256637061435919 -0.0004320563486270194
    -0.7539822368615505                      0 -0.0005060634727040604
    -0.7539822368615505     0.1256637061435919  0.0006195444063978007
    -0.7539822368615505     0.2513274122871834  8.978597056783817e-05
    -0.7539822368615505     0.3769911184307753 -0.0006891352226716739
    -0.7539822368615505     0.5026548245743672  0.0004165737407243705
    -0.7539822368615505     0.6283185307179582   0.001669096026292969
    -0.7539822368615505     0.7539822368615501  0.0005364319799851885
    -0.7539822368615505     0.8796459430051424  -0.003227519441308263
    -0.7539822368615505      1.005309649148734  -0.007193274088859402
    -0.7539822368615505      1.130973355292326  -0.007504880524115888
    -0.7539822368615505      1.256637061435917   -0.00383333357354866
    -0.7539822368615505      1.382300767579509 -0.0006885731502464741
    -0.7539822368615505      1.507964473723101 -0.0002544848577978629
    -0.7539822368615505      1.633628179866692 -9.129387235024884e-05
    -0.7539822368615505      1.759291886010284  0.0004366369438257819
    -0.7539822368615505      1.884955592153876 -8.140023346910627e-05
    -0.7539822368615505      2.010619298297467 -0.0004215194020205182
    -0.7539822368615505       2.13628300444106  0.0003367227010636315
    -0.7539822368615505      2.261946710584651  0.0002469426513611787
    -0.7539822368615505      2.387610416728243 -0.0005193002558477915
    -0.7539822368615505      2.513274122871834  4.469522963785862e-05
    -0.7539822368615505      2.638937829015426  0.0005647875846636262
    -0.7539822368615505      2.764601535159018 -0.0003739376202918011
    -0.7539822368615505      2.890265241302609 -0.0005423840973822936
    -0.7539822368615505      3.015928947446201   0.001032566344116831
    -0.6283185307179586     -3.141592653589793   0.001880348206926293
    -0.6283185307179586     -3.015928947446201    0.00581467002193144
    -0.6283185307179586      -2.89026524130261    0.01277067736913838
    -0.6283185307179586     -2.764601535159018    0.01833285227147149
    -0.6283185307179586     -2.638937829015426    0.01881435796860748
    -0.6283185307179586     -2.513274122871834    0.01700345967613611
    -0.6283185307179586     -2.387610416728243     0.0161478644861636
    -0.6283185307179586     -2.261946710584651     0.0140845739957976
    -0.6283185307179586     -2.136283004441059   0.009191822847653849
    -0.6283185307179586     -2.010619298297468   0.005200103588758448
    -0.6283185307179586     -1.884955592153876   0.004703342841005187
    -0.6283185307179586     -1.759291886010284   0.004560848268792272
    -0.6283185307179586     -1.633628179866693   0.001892185772949067
    -0.6283185307179586     -1.507964473723101  -0.001526272313656422
    -0.6283185307179586     -1.382300767579509  -0.003698555442740604
    -0.6283185307179586     -1.256637061435917  -0.005255771151234058
    -0.6283185307179586     -1.130973355292325  -0.005711596928932587
    -0.6283185307179586     -1.005309649148733  -0.002894208562454426
    -0.6283185307179586     -0.879645943005142   0.001793284512736217
    -0.6283185307179586    -0.7539822368615505   0.003506197830697141
    -0.6283185307179586    -0.6283185307179586   0.001292578193512643
    -0.6283185307179586    -0.5026548245743667 -0.0006210480314082924
    -0.6283185307179586    -0.3769911184307753 -0.0001313373187603977
    -0.6283185307179586    -0.2513274122871838  0.0004259387157339062
    -0.6283185307179586    -0.1256637061435919 -0.0001337758916746078
    -0.6283185307179586                      0 -0.0002617556176773872
    -0.6283185307179586     0.1256637061435919  0.0002505665099896404
    -0.6283185307179586     0.2513274122871834  9.923314917038757e-05
    -0.6283185307179586     0.3769911184307753 -0.0003462555895530812
    -0.6283185307179586     0.5026548245743672  0.0001137071200947559
    -0.6283185307179586     0.6283185307179582  0.0007664070481397248
    -0.6283185307179586     0.7539822368615501 -6.858664891747253e-05
    -0.6283185307179586     0.8796459430051424  -0.002408678322869897
    -0.6283185307179586      1.005309649148734  -0.004300414066140146
    -0.6283185307179586      1.130973355292326  -0.003938781223390037
    -0.6283185307179586      1.256637061435917  -0.001908152074539101
    -0.6283185307179586      1.382300767579509 -0.0004198601668231752
    -0.6283185307179586      1.507964473723101 -0.0001600471005716242
    -0.6283185307179586      1.633628179866692  -3.08439605424605e-05
    -0.6283185307179586      1.759291886010284  0.0001874058959980381
    -0.6283185307179586      1.884955592153876 -3.852159668666906e-05
    -0.6283185307179586      2.010619298297467 -0.0001768967921570269
    -0.6283185307179586       2.13628300444106  0.0001396787762094157
    -0.6283185307179586      2.261946710584651  0.0001091950433874371
    -0.6283185307179586      2.387610416728243 -0.0002185123491953176
    -0.6283185307179586      2.513274122871834  7.284280955538463e-06
    -0.6283185307179586      2.638937829015426  0.0002500491116691994
    -0.6283185307179586      2.764601535159018 -0.0001505096156775796
    -0.6283185307179586      2.890265241302609 -0.0002572050119206555
    -0.6283185307179586      3.015928947446201  0.0004374319571202283
    -0.5026548245743667     -3.141592653589793   0.000459204953544852
    -0.5026548245743667     -3.015928947446201   0.001640029035525838
    -0.5026548245743667      -2.89026524130261   0.003283730338113967
    -0.5026548245743667     -2.764601535159018   0.004376304582974827
    -0.5026548245743667     -2.638937829015426   0.004428829866055905
    -0.5026548245743667     -2.513274122871834   0.004137603838584443
    -0.5026548245743667     -2.387610416728243   0.004112737536868609
    -0.5026548245743667     -2.261946710584651    0.00388596584645255
    -0.5026548245743667     -2.136283004441059   0.003207748684121635
    -0.5026548245743667     -2.010619298297468   0.002971396933554716
    -0.5026548245743667     -1.884955592153876   0.003538731599440106
    -0.5026548245743667     -1.759291886010284    0.00393727752691438
    -0.5026548245743667     -1.633628179866693   0.003969104547695127
    -0.5026548245743667     -1.507964473723101   0.004732518025399812
    -0.5026548245743667     -1.382300767579509   0.006013515421793496
    -0.5026548245743667     -1.256637061435917   0.006008788858355087
    -0.5026548245743667     -1.130973355292325   0.004360805502341697
    -0.5026548245743667     -1.005309649148733   0.002624001995627715
    -0.5026548245743667     -0.879645943005142   0.001612026364388139
    -0.5026548245743667    -0.7539822368615505  0.0008626143149602927
    -0.5026548245743667    -0.6283185307179586  0.0002450528693310061
    -0.5026548245743667    -0.5026548245743667  1.326409388079361e-05
    -0.5026548245743667    -0.3769911184307753  5.493303358297791e-06
    -0.5026548245743667    -0.2513274122871838 -5.854445436730253e-06
    -0.5026548245743667    -0.1256637061435919  5.765701336174315e-06
    -0.5026548245743667                      0  5.039670737659588e-06
    -0.5026548245743667     0.1256637061435919 -2.089410400505591e-05
    -0.5026548245743667     0.2513274122871834  1.932484342619364e-05
    -0.5026548245743667     0.3769911184307753  3.155044613058665e-05
    -0.5026548245743667     0.5026548245743672  7.532303419768192e-06
    -0.5026548245743667     0.6283185307179582  0.0003228579364649961
    -0.5026548245743667     0.7539822368615501   0.001071337986482407
    -0.5026548245743667     0.8796459430051424   0.001751286978294687
    -0.5026548245743667      1.005309649148734   0.002010288605005875
    -0.5026548245743667      1.130973355292326   0.001865950178699858
    -0.5026548245743667      1.256637061435917   0.001297292638323566
    -0.5026548245743667      1.382300767579509  0.0004917795692065873
    -0.5026548245743667      1.507964473723101 -2.898947264799713e-06
    -0.5026548245743667      1.633628179866692 -2.114644890157207e-05
    -0.5026548245743667      1.759291886010284  3.866680008957649e-05
    -0.5026548245743667      1.884955592153876 -1.307214045766357e-05
    -0.5026548245743667      2.010619298297467 -1.832286337587287e-05
    -0.5026548245743667       2.13628300444106  2.113242059839617e-05
    -0.5026548245743667      2.261946710584651  1.163696828229293e-06
    -0.5026548245743667      2.387610416728243  -1.71011075600394e-05
    -0.5026548245743667      2.513274122871834  7.889788993179344e-06
    -0.5026548245743667      2.638937829015426  1.002683905325419e-05
    -0.5026548245743667      2.764601535159018 -7.964142255472817e-06
    -0.5026548245743667      2.890265241302609 -1.427301107054714e-05
    -0.5026548245743667      3.015928947446201  3.758325763847536e-05
    -0.3769911184307753     -3.141592653589793  0.0003042017671168679
    -0.3769911184307753     -3.015928947446201  0.0007119656080427871
    -0.3769911184307753      -2.89026524130261  0.0004448547980947123
    -0.3769911184307753     -2.764601535159018  0.0001397098032443775
    -0.3769911184307753     -2.638937829015426  0.0006767664210723626
    -0.3769911184307753     -2.513274122871834   0.001265058744978903
    -0.3769911184307753     -2.387610416728243    0.00115000943356727
    -0.3769911184307753     -2.261946710584651  0.0009278367023487876
    -0.3769911184307753     -2.136283004441059  0.0006761308001140815
    -0.3769911184307753     -2.010619298297468 -0.0001164020415935862
    -0.3769911184307753     -1.884955592153876 -0.0007816338737889903
    -0.3769911184307753     -1.759291886010284  -0.000696670963896998
    -0.3769911184307753     -1.633628179866693 -0.0007009134758441872
    -0.3769911184307753     -1.507964473723101  -0.001199754680190197
    -0.3769911184307753     -1.382300767579509  -0.001534879175161716
    -0.3769911184307753     -1.256637061435917  -0.001734230000079517
    -0.3769911184307753     -1.130973355292325  -0.001912168689585374
    -0.3769911184307753     -1.005309649148733  -0.001213393178257791
    -0.3769911184307753     -0.879645943005142  0.0001995839090559476
    -0.3769911184307753    -0.7539822368615505   0.000737473638062673
    -0.3769911184307753    -0.6283185307179586  0.0002104660040366426
    -0.3769911184307753    -0.5026548245743667 -9.696519462173381e-05
    -0.3769911184307753    -0.3769911184307753  3.480447999484564e-05
    -0.3769911184307753    -0.2513274122871838  1.862369265941433e-05
    -0.3769911184307753    -0.1256637061435919  -4.17019944877145e-05
    -0.3769911184307753                      0  2.519905375006459e-05
    -0.3769911184307753     0.1256637061435919  7.729617722705385e-06
    -0.3769911184307753     0.2513274122871834 -2.924595412930448e-05
    -0.3769911184307753     0.3769911184307753  5.237793454512201e-06
    -0.3769911184307753     0.5026548245743672 -4.067933416793723e-05
    -0.3769911184307753     0.6283185307179582 -6.642232715014548e-05
    -0.3769911184307753     0.7539822368615501 -5.493559235624488e-05
    -0.3769911184307753     0.8796459430051424  -0.000341997046515706
    -0.3769911184307753      1.005309649148734 -0.0007025545602410665
    -0.3769911184307753      1.130973355292326 -0.0005662341714788115
    -0.3769911184307753      1.256637061435917 -0.0002219201372251353
    -0.3769911184307753      1.382300767579509 -0.0001692682913008482
    -0.3769911184307753      1.507964473723101 -0.0001319747853257339
    -0.3769911184307753      1.633628179866692  4.527271306572854e-05
    -0.3769911184307753      1.759291886010284  3.460244550206489e-05
    -0.3769911184307753      1.884955592153876 -5.856487209403364e-05
    -0.3769911184307753      2.010619298297467  1.720236915249921e-05
    -0.3769911184307753       2.13628300444106   3.57569728473362e-05
    -0.3769911184307753      2.261946710584651 -4.387884870916065e-05
    -0.3769911184307753      2.387610416728243    4.9588656047385e-06
    -0.3769911184307753      2.513274122871834  3.452542275994584e-05
    -0.3769911184307753      2.638937829015426 -3.565860739675162e-05
    -0.3769911184307753      2.764601535159018  6.771950553241835e-06
    -0.3769911184307753      2.890265241302609  1.833287450771299e-05
    -0.3769911184307753      3.015928947446201 -3.170023480916662e-05
    -0.2513274122871838     -3.141592653589793   -0.00016819932474844
    -0.2513274122871838     -3.015928947446201 -0.0005860446062633721
    -0.2513274122871838      -2.89026524130261 -0.0006924360507590585
    -0.2513274122871838     -2.764601535159018 -0.0005549457993822394
    -0.2513274122871838     -2.638937829015426  -0.000615853634114672
    -0.2513274122871838     -2.513274122871834 -0.0007972102072247573
    -0.2513274122871838     -2.387610416728243 -0.0008730574137923775
    -0.2513274122871838     -2.261946710584651   -0.00094741213536113
    -0.2513274122871838     -2.136283004441059  -0.001067371147605426
    -0.2513274122871838     -2.010619298297468  -0.001223667042471707
    -0.2513274122871838     -1.884955592153876  -0.001523539002733859
    -0.2513274122871838     -1.759291886010284  -0.001860222194202845
    -0.2513274122871838     -1.633628179866693  -0.002211701006520557
    -0.2513274122871838     -1.507964473723101  -0.003013580249163361
    -0.2513274122871838     -1.382300767579509  -0.004084369325102669
    -0.2513274122871838     -1.256637061435917  -0.004249834289364209
    -0.2513274122871838     -1.130973355292325  -0.003145424690093805
    -0.2513274122871838     -1.005309649148733  -0.001806663670524805
    -0.2513274122871838     -0.879645943005142 -0.0009302692610008161
    -0.2513274122871838    -0.7539822368615505  -0.000354806204357164
    -0.2513274122871838    -0.6283185307179586 -6.036403474156082e-05
    -0.2513274122871838    -0.5026548245743667 -6.032678598218968e-05
    -0.2513274122871838    -0.3769911184307753 -3.306959996982455e-05
    -0.2513274122871838    -0.2513274122871838  5.387728676280048e-05
    -0.2513274122871838    -0.1256637061435919 -7.486175749524875e-06
    -0.2513274122871838                      0 -4.594946362460717e-05
    -0.2513274122871838     0.1256637061435919  4.390569788363868e-05
    -0.2513274122871838     0.2513274122871834  9.872026897509383e-06
    -0.2513274122871838     0.3769911184307753 -6.966049348538109e-05
    -0.2513274122871838     0.5026548245743672  2.051049163155212e-05
    -0.2513274122871838     0.6283185307179582 -8.961516530396152e-05
    -0.2513274122871838     0.7539822368615501 -0.0007023564549857578
    -0.2513274122871838     0.8796459430051424  -0.001388806871301948
    -0.2513274122871838      1.005309649148734   -0.00170464788870424
    -0.2513274122871838      1.130973355292326  -0.001589541479230274
    -0.2513274122871838      1.256637061435917   -0.00104111929050549
    -0.2513274122871838      1.382300767579509 -0.0003321984363014478
    -0.2513274122871838      1.507964473723101  1.650678978579178e-05
    -0.2513274122871838      1.633628179866692 -3.152712545668766e-06
    -0.2513274122871838      1.759291886010284 -1.025787416114002e-05
    -0.2513274122871838      1.884955592153876  1.999007134369592e-05
    -0.2513274122871838      2.010619298297467 -1.624412662244243e-05
    -0.2513274122871838       2.13628300444106 -5.379872293234921e-06
    -0.2513274122871838      2.261946710584651  2.596691818350046e-05
    -0.2513274122871838      2.387610416728243 -1.927736535625724e-05
    -0.2513274122871838      2.513274122871834 -1.347747187384975e-05
    -0.2513274122871838      2.638937829015426  3.649469224995764e-05
    -0.2513274122871838      2.764601535159018 -1.770814834687362e-05
    -0.2513274122871838      2.890265241302609 -2.810318998853097e-05
    -0.2513274122871838      3.015928947446201  4.125459859902446e-05
    -0.1256637061435919     -3.141592653589793 -0.0001420993846860121
    -0.1256637061435919     -3.015928947446201 -0.0001820531590811587
    -0.1256637061435919      -2.89026524130261  0.0001758113562106659
    -0.1256637061435919     -2.764601535159018  0.0003971380920097078
    -0.1256637061435919     -2.638937829015426  2.173057719882321e-06
    -0.1256637061435919     -2.513274122871834 -0.0003820234303962196
    -0.1256637061435919     -2.387610416728243 -0.0002649219135883621
    -0.1256637061435919     -2.261946710584651 -8.368760347191126e-05
    -0.1256637061435919     -2.136283004441059  0.0001516742791337705
    -0.1256637061435919     -2.010619298297468  0.0008870299548863031
    -0.1256637061435919     -1.884955592153876   0.001622483840105271
    -0.1256637061435919     -1.759291886010284    0.00175891129974501
    -0.1256637061435919     -1.633628179866693   0.001995398203913343
    -0.1256637061435919     -1.507964473723101   0.002952803406925374
    -0.1256637061435919     -1.382300767579509   0.003939024824190162
    -0.1256637061435919     -1.256637061435917   0.004192494153980916
    -0.1256637061435919     -1.130973355292325   0.003583201997002105
    -0.1256637061435919     -1.005309649148733   0.002117468191512616
    -0.1256637061435919     -0.879645943005142   0.000404804540256426
    -0.1256637061435919    -0.7539822368615505 -0.0003814115875809789
    -0.1256637061435919    -0.6283185307179586 -0.0001345387038889073
    -0.1256637061435919    -0.5026548245743667  0.0001139328672254126
    -0.1256637061435919    -0.3769911184307753 -4.728182288309663e-06
    -0.1256637061435919    -0.2513274122871838 -4.720477005412081e-05
    -0.1256637061435919    -0.1256637061435919  3.463912547429228e-05
    -0.1256637061435919                      0  9.534764816867624e-06
    -0.1256637061435919     0.1256637061435919 -3.045166081396851e-05
    -0.1256637061435919     0.2513274122871834  1.319112666205441e-05
    -0.1256637061435919     0.3769911184307753  3.996050185133552e-05
    -0.1256637061435919     0.5026548245743672  2.616848795005701e-05
    -0.1256637061435919     0.6283185307179582    9.1841619707607e-05
    -0.1256637061435919     0.7539822368615501  0.0004444910370489019
    -0.1256637061435919     0.8796459430051424   0.001119294242864401
    -0.1256637061435919      1.005309649148734   0.001609485462898517
    -0.1256637061435919      1.130973355292326   0.001395366290795879
    -0.1256637061435919      1.256637061435917  0.0007719631184585176
    -0.1256637061435919      1.382300767579509  0.0003286908369239697
    -0.1256637061435919      1.507964473723101  0.0001042521881694285
    -0.1256637061435919      1.633628179866692 -3.550692107694689e-05
    -0.1256637061435919      1.759291886010284 -2.428323829722385e-05
    -0.1256637061435919      1.884955592153876  3.765570071993129e-05
    -0.1256637061435919      2.010619298297467  -4.19645370481881e-06
    -0.1256637061435919       2.13628300444106 -2.714116602119527e-05
    -0.1256637061435919      2.261946710584651  2.086864620462279e-05
    -0.1256637061435919      2.387610416728243  7.815356498216075e-06
    -0.1256637061435919      2.513274122871834 -2.044395084922419e-05
    -0.1256637061435919      2.638937829015426  7.084290750038868e-06
    -0.1256637061435919      2.764601535159018  4.998136107248233e-06
    -0.1256637061435919      2.890265241302609  2.983715113855451e-06
    -0.1256637061435919      3.015928947446201  1.089105701550725e-06
                      0     -3.141592653589793  0.0002342927575948443
                      0     -3.015928947446201  0.0006142151239787116
                      0      -2.89026524130261  0.0004957456686732347
                      0     -2.764601535159018  0.0002521811690630824
                      0     -2.638937829015426  0.0005396527819688444
                      0     -2.513274122871834   0.000916672145884501
                      0     -2.387610416728243  0.0008977030311219789
                      0     -2.261946710584651  0.0008302773095242978
                      0     -2.136283004441059    0.00075644063773171
                      0     -2.010619298297468  0.0004033114689566388
                      0     -1.884955592153876  0.0001808676157130502
                      0     -1.759291886010284  0.0003670853389952432
                      0     -1.633628179866693  0.0004889411589197562
                      0     -1.507964473723101  0.0005137382525101741
                      0     -1.382300767579509  0.0007453048912816332
                      0     -1.256637061435917  0.0007139970550534432
                      0     -1.130973355292325  0.0002072147414282958
                      0     -1.005309649148733  7.340637876480173e-05
                      0     -0.879645943005142  0.0004870667784056287
                      0    -0.7539822368615505  0.0005406957893555383
                      0    -0.6283185307179586   0.000138183637117572
                      0    -0.5026548245743667 -2.772011054522234e-05
                      0    -0.3769911184307753  3.059019286977212e-05
                      0    -0.2513274122871838   -1.1257790739444e-05
                      0    -0.1256637061435919 -1.817813284627307e-05
                      0                      0  3.071543642773913e-05
                      0     0.1256637061435919 -1.391266315159637e-05
                      0     0.2513274122871834 -1.778778797584731e-05
                      0     0.3769911184307753  2.984052137402173e-05
                      0     0.5026548245743672 -3.128309737094426e-05
                      0     0.6283185307179582  6.577012444386032e-06
                      0     0.7539822368615501  0.0002602705894821216
                      0     0.8796459430051424  0.0003731533014622296
                      0      1.005309649148734  0.0003047169659052843
                      0      1.130973355292326  0.0003409069929159174
                      0      1.256637061435917  0.0003092469585723373
                      0      1.382300767579509  4.656599625762724e-05
                      0      1.507964473723101  -7.82533458449673e-05
                      0      1.633628179866692  2.532089709510983e-05
                      0      1.759291886010284  2.321303855879285e-05
                      0      1.884955592153876 -3.953537777866826e-05
                      0      2.010619298297467  1.541702819282668e-05
                      0       2.13628300444106  2.146870687995907e-05
                      0      2.261946710584651 -3.362041754262372e-05
                      0      2.387610416728243  1.012800937146855e-05
                      0      2.513274122871834  2.355585628531879e-05
                      0      2.638937829015426 -3.313170711431038e-05
                      0      2.764601535159018  1.089953321258713e-05
                      0      2.890265241302609  1.982170964861808e-05
                      0      3.015928947446201 -3.266372931958188e-05
     0.1256637061435919     -3.141592653589793 -3.448451909254498e-05
     0.1256637061435919     -3.015928947446201 -0.0002479437405009696
     0.1256637061435919      -2.89026524130261 -0.0004489189816455214
     0.1256637061435919     -2.764601535159018 -0.0004352832615903115
     0.1256637061435919     -2.638937829015426 -0.0002574601051136732
     0.1256637061435919     -2.513274122871834 -0.0001710455625392768
     0.1256637061435919     -2.387610416728243  -0.000265375056329165
     0.1256637061435919     -2.261946710584651 -0.0003881244198018571
     0.1256637061435919     -2.136283004441059 -0.0005576900060845927
     0.1256637061435919     -2.010619298297468 -0.0009738830754108441
     0.1256637061435919     -1.884955592153876  -0.001475006560572523
     0.1256637061435919     -1.759291886010284  -0.001725051378184764
     0.1256637061435919     -1.633628179866693  -0.002009078781313066
     0.1256637061435919     -1.507964473723101  -0.002848785963260189
     0.1256637061435919     -1.382300767579509  -0.003860443699145649
     0.1256637061435919     -1.256637061435917  -0.004070010010507499
     0.1256637061435919     -1.130973355292325  -0.003213336087522378
     0.1256637061435919     -1.005309649148733  -0.001863215100678466
     0.1256637061435919     -0.879645943005142 -0.0006667408495541161
     0.1256637061435919    -0.7539822368615505 -2.786513451269717e-05
     0.1256637061435919    -0.6283185307179586  2.645312751890002e-05
     0.1256637061435919    -0.5026548245743667 -7.974126722539885e-05
     0.1256637061435919    -0.3769911184307753 -1.783699772117468e-05
     0.1256637061435919    -0.2513274122871838  4.875199571066426e-05
     0.1256637061435919    -0.1256637061435919 -1.675761614258743e-05
     0.1256637061435919                      0  -2.98745641772758e-05
     0.1256637061435919     0.1256637061435919  3.534245961460646e-05
     0.1256637061435919     0.2513274122871834   1.92156609547067e-06
     0.1256637061435919     0.3769911184307753 -5.565953834647653e-05
     0.1256637061435919     0.5026548245743672 -2.199846965595223e-06
     0.1256637061435919     0.6283185307179582  -7.41695668202644e-05
     0.1256637061435919     0.7539822368615501 -0.0005403494664451627
     0.1256637061435919     0.8796459430051424  -0.001200065937110745
     0.1256637061435919      1.005309649148734  -0.001577458629141928
     0.1256637061435919      1.130973355292326   -0.00141079691792247
     0.1256637061435919      1.256637061435917 -0.0008531563275009626
     0.1256637061435919      1.382300767579509 -0.0003077294017890436
     0.1256637061435919      1.507964473723101 -3.943592533050451e-05
     0.1256637061435919      1.633628179866692  1.330395265074043e-05
     0.1256637061435919      1.759291886010284  6.820604608877049e-06
     0.1256637061435919      1.884955592153876  -6.62380418539828e-06
     0.1256637061435919      2.010619298297467 -7.420315449339891e-06
     0.1256637061435919       2.13628300444106  9.963887071699249e-06
     0.1256637061435919      2.261946710584651  4.597730470235444e-06
     0.1256637061435919      2.387610416728243  -1.44448237487863e-05
     0.1256637061435919      2.513274122871834  2.335856200300301e-06
     0.1256637061435919      2.638937829015426   1.67490466928664e-05
     0.1256637061435919      2.764601535159018 -1.257378869153134e-05
     0.1256637061435919      2.890265241302609 -1.600487405501308e-05
     0.1256637061435919      3.015928947446201  2.217837416265215e-05
     0.2513274122871834     -3.141592653589793 -0.0001842181421764476
     0.2513274122871834     -3.015928947446201 -0.0003786006239688218
     0.2513274122871834      -2.89026524130261  -0.000154982246295144
     0.2513274122871834     -2.764601535159018  3.120949566120081e-05
     0.2513274122871834     -2.638937829015426 -0.0003492107697278037
     0.2513274122871834     -2.513274122871834 -0.0007369029453990413
     0.2513274122871834     -2.387610416728243 -0.0006509055164396199
     0.2513274122871834     -2.261946710584651 -0.0004984252771882446
     0.2513274122871834     -2.136283004441059 -0.0003037263183655284
     0.2513274122871834     -2.010619298297468  0.0003027091323974417
     0.2513274122871834     -1.884955592153876  0.0008470761456290984
     0.2513274122871834     -1.759291886010284  0.0008584230746618649
     0.2513274122871834     -1.633628179866693  0.0009502463267597705
     0.2513274122871834     -1.507964473723101   0.001509552712206865
     0.2513274122871834     -1.382300767579509   0.002006511564253331
     0.2513274122871834     -1.256637061435917   0.002183810857840197
     0.2513274122871834     -1.130973355292325    0.00204277942031764
     0.2513274122871834     -1.005309649148733   0.001227581550322051
     0.2513274122871834     -0.879645943005142  3.187483650007102e-05
     0.2513274122871834    -0.7539822368615505 -0.0004602751410683528
     0.2513274122871834    -0.6283185307179586 -0.0001415958754896045
     0.2513274122871834    -0.5026548245743667  8.058961741271814e-05
     0.2513274122871834    -0.3769911184307753 -1.438601236205224e-05
     0.2513274122871834    -0.2513274122871838 -2.464235233463957e-05
     0.2513274122871834    -0.1256637061435919  2.795026140957046e-05
     0.2513274122871834                      0 -5.897497544573471e-06
     0.2513274122871834     0.1256637061435919 -1.284297611864191e-05
     0.2513274122871834     0.2513274122871834  1.434994464543471e-05
     0.2513274122871834     0.3769911184307753  1.290630368599467e-05
     0.2513274122871834     0.5026548245743672  2.839032864767643e-05
     0.2513274122871834     0.6283185307179582  4.488109441945892e-05
     0.2513274122871834     0.7539822368615501  0.0001468521090233218
     0.2513274122871834     0.8796459430051424  0.0005068182297018828
     0.2513274122871834      1.005309649148734  0.0008307538441433335
     0.2513274122871834      1.130973355292326  0.0006850273499121828
     0.2513274122871834      1.256637061435917  0.0003242854882199987
     0.2513274122871834      1.382300767579509    0.00017324960530661
     0.2513274122871834      1.507964473723101  9.582017327276147e-05
     0.2513274122871834      1.633628179866692 -3.128617670856996e-05
     0.2513274122871834      1.759291886010284 -2.531110462198226e-05
     0.2513274122871834      1.884955592153876  3.919856052440482e-05
     0.2513274122871834      2.010619298297467 -8.032024093916166e-06
     0.2513274122871834       2.13628300444106  -2.59261494900224e-05
     0.2513274122871834      2.261946710584651  2.604526668477705e-05
     0.2513274122871834      2.387610416728243  1.542187263518633e-06
     0.2513274122871834      2.513274122871834 -2.229656187269921e-05
     0.2513274122871834      2.638937829015426  1.698353889963571e-05
     0.2513274122871834      2.764601535159018 -4.822040998744725e-07
     0.2513274122871834      2.890265241302609 -5.985091008248554e-06
     0.2513274122871834      3.015928947446201  1.247228745399126e-05
     0.3769911184307753     -3.141592653589793  0.0001603117506355749
     0.3769911184307753     -3.015928947446201  0.0004838087158593056
     0.3769911184307753      -2.89026524130261  0.0004957829739767744
     0.3769911184307753     -2.764601535159018  0.0003316513920581264
     0.3769911184307753     -2.638937829015426  0.0004140745371523945
     0.3769911184307753     -2.513274122871834  0.0005963164045467998
     0.3769911184307753     -2.387610416728243  0.0006252588676724674
     0.3769911184307753     -2.261946710584651   0.000636947715954722
     0.3769911184307753     -2.136283004441059  0.0006600005505160841
     0.3769911184307753     -2.010619298297468  0.0006208665475451339
     0.3769911184307753     -1.884955592153876  0.0007027985409516984
     0.3769911184307753     -1.759291886010284  0.0009229912328042713
     0.3769911184307753     -1.633628179866693   0.001106682481614335
     0.3769911184307753     -1.507964473723101   0.001459712333985074
     0.3769911184307753     -1.382300767579509   0.002017013930822019
     0.3769911184307753     -1.256637061435917   0.002088333056597873
     0.3769911184307753     -1.130973355292325   0.001431329508556669
     0.3769911184307753     -1.005309649148733  0.0008003843055829075
     0.3769911184307753     -0.879645943005142  0.0005684867758988392
     0.3769911184307753    -0.7539822368615505  0.0003429530502078055
     0.3769911184307753    -0.6283185307179586   7.37150041155128e-05
     0.3769911184307753    -0.5026548245743667  1.473306955084081e-05
     0.3769911184307753    -0.3769911184307753  2.645060342150793e-05
     0.3769911184307753    -0.2513274122871838 -2.620778534508423e-05
     0.3769911184307753    -0.1256637061435919 -5.010502220377472e-06
     0.3769911184307753                      0   3.09453561289101e-05
     0.3769911184307753     0.1256637061435919 -2.220440139485675e-05
     0.3769911184307753     0.2513274122871834 -1.221590058261611e-05
     0.3769911184307753     0.3769911184307753  4.095061722945456e-05
     0.3769911184307753     0.5026548245743672 -1.723549819308263e-05
     0.3769911184307753     0.6283185307179582  3.034060695314016e-05
     0.3769911184307753     0.7539822368615501  0.0003689671872194966
     0.3769911184307753     0.8796459430051424  0.0007057692240389969
     0.3769911184307753      1.005309649148734  0.0008162523624165857
     0.3769911184307753      1.130973355292326  0.0007656674384395824
     0.3769911184307753      1.256637061435917  0.0005216068868714561
     0.3769911184307753      1.382300767579509  0.0001497790739136341
     0.3769911184307753      1.507964473723101 -2.997250489087912e-05
     0.3769911184307753      1.633628179866692  9.914305112590853e-06
     0.3769911184307753      1.759291886010284  1.071171498920425e-05
     0.3769911184307753      1.884955592153876 -2.077754417848403e-05
     0.3769911184307753      2.010619298297467  1.238100342761246e-05
     0.3769911184307753       2.13628300444106  8.565594252548745e-06
     0.3769911184307753      2.261946710584651 -2.194768031257047e-05
     0.3769911184307753      2.387610416728243  1.212649873703908e-05
     0.3769911184307753      2.513274122871834  1.295013050424402e-05
     0.3769911184307753      2.638937829015426 -2.671266737924496e-05
     0.3769911184307753      2.764601535159018  1.200605144698796e-05
     0.3769911184307753      2.890265241302609  1.805175479250256e-05
     0.3769911184307753      3.015928947446201 -2.857362474272145e-05
     0.5026548245743672     -3.141592653589793  5.507637126117489e-05
     0.5026548245743672     -3.015928947446201  1.173784004021149e-05
     0.5026548245743672      -2.89026524130261 -0.0001801360091539566
     0.5026548245743672     -2.764601535159018 -0.0002076057470408696
     0.5026548245743672     -2.638937829015426  0.0001011758099105696
     0.5026548245743672     -2.513274122871834  0.0003322949349829528
     0.5026548245743672     -2.387610416728243  0.0002271623711709485
     0.5026548245743672     -2.261946710584651  6.788776116886067e-05
     0.5026548245743672     -2.136283004441059 -0.0001381942202708374
     0.5026548245743672     -2.010619298297468 -0.0006751426692999366
     0.5026548245743672     -1.884955592153876  -0.001239234159966356
     0.5026548245743672     -1.759291886010284   -0.00140875935760042
     0.5026548245743672     -1.633628179866693  -0.001616494273147212
     0.5026548245743672     -1.507964473723101  -0.002364666385534694
     0.5026548245743672     -1.382300767579509  -0.003205567243954789
     0.5026548245743672     -1.256637061435917   -0.00342537518932899
     0.5026548245743672     -1.130973355292325  -0.002849787676734413
     0.5026548245743672     -1.005309649148733  -0.001674348760579931
     0.5026548245743672     -0.879645943005142 -0.0004249273530164407
     0.5026548245743672    -0.7539822368615505  0.0001817026230837705
     0.5026548245743672    -0.6283185307179586  7.875166512504232e-05
     0.5026548245743672    -0.5026548245743667 -8.400240591137511e-05
     0.5026548245743672    -0.3769911184307753 -5.686526743570087e-06
     0.5026548245743672    -0.2513274122871838  4.107517824165838e-05
     0.5026548245743672    -0.1256637061435919 -2.195069361102205e-05
     0.5026548245743672                      0  -1.65049247408663e-05
     0.5026548245743672     0.1256637061435919  2.738449711672966e-05
     0.5026548245743672     0.2513274122871834 -4.436494319628637e-06
     0.5026548245743672     0.3769911184307753 -4.081995032942295e-05
     0.5026548245743672     0.5026548245743672 -1.360672138145994e-05
     0.5026548245743672     0.6283185307179582 -5.968375230483482e-05
     0.5026548245743672     0.7539822368615501 -0.0003872917709275324
     0.5026548245743672     0.8796459430051424 -0.0009503212175530338
     0.5026548245743672      1.005309649148734  -0.001323127451910954
     0.5026548245743672      1.130973355292326  -0.001154979148221622
     0.5026548245743672      1.256637061435917 -0.0006563053981376401
     0.5026548245743672      1.382300767579509 -0.0002611404393572946
     0.5026548245743672      1.507964473723101 -6.687882267288319e-05
     0.5026548245743672      1.633628179866692  2.144420182926605e-05
     0.5026548245743672      1.759291886010284  1.605981630134496e-05
     0.5026548245743672      1.884955592153876 -2.138454219354055e-05
     0.5026548245743672      2.010619298297467 -1.637016377210418e-06
     0.5026548245743672       2.13628300444106  1.801808045090016e-05
     0.5026548245743672      2.261946710584651 -8.359791237115902e-06
     0.5026548245743672      2.387610416728243  -1.02988971019536e-05
     0.5026548245743672      2.513274122871834  1.154439738463211e-05
     0.5026548245743672      2.638937829015426  3.446032117390382e-06
     0.5026548245743672      2.764601535159018 -8.487991209748054e-06
     0.5026548245743672      2.890265241302609 -6.986871488652163e-06
     0.5026548245743672      3.015928947446201  9.100400840895799e-06
     0.6283185307179582     -3.141592653589793 -0.0001878746882290488
     0.6283185307179582     -3.015928947446201 -0.0004570303465781389
     0.6283185307179582      -2.89026524130261 -0.0003332540548184554
     0.6283185307179582     -2.764601535159018 -0.0001599627910730172
     0.6283185307179582     -2.638937829015426 -0.0004490330463087093
     0.6283185307179582     -2.513274122871834 -0.0007771374532889402
     0.6283185307179582     -2.387610416728243 -0.0007293089129422929
     0.6283185307179582     -2.261946710584651 -0.0006269691013355781
     0.6283185307179582     -2.136283004441059 -0.0005008106289596105
     0.6283185307179582     -2.010619298297468 -8.509673387267433e-05
     0.6283185307179582     -1.884955592153876  0.0002361584010535464
     0.6283185307179582     -1.759291886010284  0.0001523725014946084
     0.6283185307179582     -1.633628179866693  0.0001324514060974441
     0.6283185307179582     -1.507964473723101  0.0003394493343540579
     0.6283185307179582     -1.382300767579509   0.000421746596030241
     0.6283185307179582     -1.256637061435917  0.0005108741859677511
     0.6283185307179582     -1.130973355292325  0.0007077553026452833
     0.6283185307179582     -1.005309649148733  0.0004542329575631895
     0.6283185307179582     -0.879645943005142 -0.0002212047154120503
     0.6283185307179582    -0.7539822368615505 -0.0004455952045185126
     0.6283185307179582    -0.6283185307179586 -0.0001239121393533813
     0.6283185307179582    -0.5026548245743667  4.645244196426788e-05
     0.6283185307179582    -0.3769911184307753  -2.05641644568937e-05
     0.6283185307179582    -0.2513274122871838 -5.232293902488052e-06
     0.6283185307179582    -0.1256637061435919  2.053708416039343e-05
     0.6283185307179582                      0 -1.683437329498815e-05
     0.6283185307179582     0.1256637061435919  7.223412396523077e-07
     0.6283185307179582     0.2513274122871834  1.469072112960291e-05
     0.6283185307179582     0.3769911184307753 -8.764644243015092e-06
     0.6283185307179582     0.5026548245743672  2.515578947802182e-05
     0.6283185307179582     0.6283185307179582  1.613122256045159e-05
     0.6283185307179582     0.7539822368615501 -6.064653844645375e-05
     0.6283185307179582     0.8796459430051424  2.931787356684181e-05
     0.6283185307179582      1.005309649148734  0.0001930469592126361
     0.6283185307179582      1.130973355292326  0.0001221979444757488
     0.6283185307179582      1.256637061435917 -8.218564251721134e-06
     0.6283185307179582      1.382300767579509  4.927793037945202e-05
     0.6283185307179582      1.507964473723101  7.450587916343599e-05
     0.6283185307179582      1.633628179866692 -2.434517773895967e-05
     0.6283185307179582      1.759291886010284 -2.102073062882941e-05
     0.6283185307179582      1.884955592153876  3.410537312667291e-05
     0.6283185307179582      2.010619298297467 -1.023669403321888e-05
     0.6283185307179582       2.13628300444106 -2.052380795277316e-05
     0.6283185307179582      2.261946710584651  2.601601304113462e-05
     0.6283185307179582      2.387610416728243 -3.881817800722424e-06
     0.6283185307179582      2.513274122871834 -1.998189096176679e-05
     0.6283185307179582      2.638937829015426   2.20652234594149e-05
     0.6283185307179582      2.764601535159018 -5.102503385414242e-06
     0.6283185307179582      2.890265241302609 -1.151110595179066e-05
     0.6283185307179582      3.015928947446201  1.974623083047459e-05
     0.7539822368615501     -3.141592653589793  8.314311383148248e-05
     0.7539822368615501     -3.015928947446201  0.0003098988135001916
     0.7539822368615501      -2.89026524130261  0.0003850184642132624
     0.7539822368615501     -2.764601535159018  0.0002634534040502437
     0.7539822368615501     -2.638937829015426  0.0001588178466735801
     0.7539822368615501     -2.513274122871834  0.0001676996838237643
     0.7539822368615501     -2.387610416728243  0.0002379336683970123
     0.7539822368615501     -2.261946710584651   0.000325082583669974
     0.7539822368615501     -2.136283004441059  0.0004374586270878808
     0.7539822368615501     -2.010619298297468  0.0006538296295613792
     0.7539822368615501     -1.884955592153876  0.0009635430638267701
     0.7539822368615501     -1.759291886010284   0.001185660499581608
     0.7539822368615501     -1.633628179866693   0.001386408839846341
     0.7539822368615501     -1.507964473723101   0.001925571163637008
     0.7539822368615501     -1.382300767579509   0.002646822777440758
     0.7539822368615501     -1.256637061435917   0.002796284610101462
     0.7539822368615501     -1.130973355292325   0.002134654503032477
     0.7539822368615501     -1.005309649148733   0.001230684206148076
     0.7539822368615501     -0.879645943005142   0.000550126034115718
     0.7539822368615501    -0.7539822368615505  0.0001449342455292665
     0.7539822368615501    -0.6283185307179586  1.353369809535936e-05
     0.7539822368615501    -0.5026548245743667  4.521330560365726e-05
     0.7539822368615501    -0.3769911184307753  2.004304483961198e-05
     0.7539822368615501    -0.2513274122871838 -3.450770271021485e-05
     0.7539822368615501    -0.1256637061435919   5.78323187243301e-06
     0.7539822368615501                      0  2.729751004626241e-05
     0.7539822368615501     0.1256637061435919 -2.591831347046322e-05
     0.7539822368615501     0.2513274122871834 -6.319056442910148e-06
     0.7539822368615501     0.3769911184307753  4.435555832327463e-05
     0.7539822368615501     0.5026548245743672 -5.129057252353768e-06
     0.7539822368615501     0.6283185307179582  4.177203342113143e-05
     0.7539822368615501     0.7539822368615501  0.0003972873393913825
     0.7539822368615501     0.8796459430051424  0.0008554504549608051
     0.7539822368615501      1.005309649148734   0.001085872949783129
     0.7539822368615501      1.130973355292326  0.0009792418153201194
     0.7539822368615501      1.256637061435917  0.0006095818687567387
     0.7539822368615501      1.382300767579509  0.0002059907847871654
     0.7539822368615501      1.507964473723101  1.027910589713373e-05
     0.7539822368615501      1.633628179866692 -2.683246818163152e-06
     0.7539822368615501      1.759291886010284 -5.639223366026702e-07
     0.7539822368615501      1.884955592153876 -3.912146606254984e-06
     0.7539822368615501      2.010619298297467  8.926447563840612e-06
     0.7539822368615501       2.13628300444106 -2.640092445956748e-06
     0.7539822368615501      2.261946710584651  -1.04791246780719e-05
     0.7539822368615501      2.387610416728243  1.260419007717701e-05
     0.7539822368615501      2.513274122871834  3.023415771450444e-06
     0.7539822368615501      2.638937829015426 -1.881872989603386e-05
     0.7539822368615501      2.764601535159018  1.195033913880122e-05
     0.7539822368615501      2.890265241302609  1.422983208150656e-05
     0.7539822368615501      3.015928947446201 -2.257320512822416e-05
     0.8796459430051424     -3.141592653589793  0.0001182366062092009
     0.8796459430051424     -3.015928947446201   0.000214863164450958
     0.8796459430051424      -2.89026524130261  5.486044865962725e-05
     0.8796459430051424     -2.764601535159018 -8.405569453168822e-06
     0.8796459430051424     -2.638937829015426  0.0003505531372248259
     0.8796459430051424     -2.513274122871834  0.0006579647002619145
     0.8796459430051424     -2.387610416728243  0.0005581197530506714
     0.8796459430051424     -2.261946710584651   0.000390887116233088
     0.8796459430051424     -2.136283004441059  0.0001835393931628606
     0.8796459430051424     -2.010619298297468 -0.0003714658045187966
     0.8796459430051424     -1.884955592153876   -0.00090326979762642
     0.8796459430051424     -1.759291886010284  -0.000985423831787389
     0.8796459430051424     -1.633628179866693  -0.001106970275481094
     0.8796459430051424     -1.507964473723101  -0.001682792370094078
     0.8796459430051424     -1.382300767579509   -0.00227428196170309
     0.8796459430051424     -1.256637061435917  -0.002470222439245768
     0.8796459430051424     -1.130973355292325  -0.002192137051205898
     0.8796459430051424     -1.005309649148733  -0.001311148357985727
     0.8796459430051424     -0.879645943005142 -0.0001844040674365056
     0.8796459430051424    -0.7539822368615505  0.0003196392949188398
     0.8796459430051424    -0.6283185307179586  0.0001083002612626973
     0.8796459430051424    -0.5026548245743667 -7.666539602848911e-05
     0.8796459430051424    -0.3769911184307753  5.231652381321444e-06
     0.8796459430051424    -0.2513274122871838   2.98180583149737e-05
     0.8796459430051424    -0.1256637061435919 -2.383438496233312e-05
     0.8796459430051424                      0 -3.536740995914603e-06
     0.8796459430051424     0.1256637061435919  1.806833845479273e-05
     0.8796459430051424     0.2513274122871834 -9.648006509808786e-06
     0.8796459430051424     0.3769911184307753 -2.352914047434063e-05
     0.8796459430051424     0.5026548245743672 -1.985913079475431e-05
     0.8796459430051424     0.6283185307179582 -4.529390754546546e-05
     0.8796459430051424     0.7539822368615501 -0.0002270106200594971
     0.8796459430051424     0.8796459430051424 -0.0006394174778076596
     0.8796459430051424      1.005309649148734 -0.0009599143746799139
     0.8796459430051424      1.130973355292326  -0.000817884862770407
     0.8796459430051424      1.256637061435917 -0.0004298575153418348
     0.8796459430051424      1.382300767579509 -0.0001945563684142221
     0.8796459430051424      1.507964473723101 -7.801434614243049e-05
     0.8796459430051424      1.633628179866692   2.49779557984973e-05
     0.8796459430051424      1.759291886010284  2.043013430712641e-05
     0.8796459430051424      1.884955592153876 -2.956519549735792e-05
     0.8796459430051424      2.010619298297467  3.221568479431892e-06
     0.8796459430051424       2.13628300444106  2.146925660098338e-05
     0.8796459430051424      2.261946710584651  -1.71621583397465e-05
     0.8796459430051424      2.387610416728243 -5.489623490245562e-06
     0.8796459430051424      2.513274122871834  1.691523658090051e-05
     0.8796459430051424      2.638937829015426 -7.392381408641479e-06
     0.8796459430051424      2.764601535159018 -3.950821136835107e-06
     0.8796459430051424      2.890265241302609  9.097315710457078e-07
     0.8796459430051424      3.015928947446201 -2.421751880235968e-06
      1.005309649148734     -3.141592653589793 -0.0001654769194077008
      1.005309649148734     -3.015928947446201 -0.0004495688769751534
      1.005309649148734      -2.89026524130261 -0.0003991058562871282
      1.005309649148734     -2.764601535159018 -0.0002254822566628088
      1.005309649148734     -2.638937829015426 -0.0003713169681862275
      1.005309649148734     -2.513274122871834 -0.0005952763243692524
      1.005309649148734     -2.387610416728243 -0.0005933393972231283
      1.005309649148734     -2.261946710584651 -0.0005614060588301772
      1.005309649148734     -2.136283004441059 -0.0005230104335269826
      1.005309649148734     -2.010619298297468 -0.0003346582708885858
      1.005309649148734     -1.884955592153876 -0.0002535673211675213
      1.005309649148734     -1.759291886010284 -0.0004085005431498088
      1.005309649148734     -1.633628179866693 -0.0005073217432075593
      1.005309649148734     -1.507964473723101 -0.0005988272060218225
      1.005309649148734     -1.382300767579509 -0.0008569130643984256
      1.005309649148734     -1.256637061435917 -0.0008621888475179965
      1.005309649148734     -1.130973355292325 -0.0004404518634533584
      1.005309649148734     -1.005309649148733 -0.0002215041247128865
      1.005309649148734     -0.879645943005142 -0.0003891836005436529
      1.005309649148734    -0.7539822368615505 -0.0003678487660083395
      1.005309649148734    -0.6283185307179586 -9.059199242882415e-05
      1.005309649148734    -0.5026548245743667  1.246484373577173e-05
      1.005309649148734    -0.3769911184307753  -2.29540263759514e-05
      1.005309649148734    -0.2513274122871838   1.11925101841834e-05
      1.005309649148734    -0.1256637061435919  1.182816131775679e-05
      1.005309649148734                      0 -2.337215536782385e-05
      1.005309649148734     0.1256637061435919  1.146329820186886e-05
      1.005309649148734     0.2513274122871834   1.30335510013639e-05
      1.005309649148734     0.3769911184307753 -2.524766079355245e-05
      1.005309649148734     0.5026548245743672  1.903582169687083e-05
      1.005309649148734     0.6283185307179582 -5.541197274806767e-06
      1.005309649148734     0.7539822368615501 -0.0002098192610770787
      1.005309649148734     0.8796459430051424 -0.0003467442610111593
      1.005309649148734      1.005309649148734 -0.0003341721885400044
      1.005309649148734      1.130973355292326 -0.0003344452591180174
      1.005309649148734      1.256637061435917 -0.0002642030567283578
      1.005309649148734      1.382300767579509 -5.403226923715781e-05
      1.005309649148734      1.507964473723101  4.583848651843855e-05
      1.005309649148734      1.633628179866692 -1.543858787170708e-05
      1.005309649148734      1.759291886010284 -1.387223139677993e-05
      1.005309649148734      1.884955592153876   2.47710640402683e-05
      1.005309649148734      2.010619298297467  -1.08504501730755e-05
      1.005309649148734       2.13628300444106 -1.271412284674538e-05
      1.005309649148734      2.261946710584651  2.217084274321123e-05
      1.005309649148734      2.387610416728243   -8.1370976961493e-06
      1.005309649148734      2.513274122871834 -1.481091770168314e-05
      1.005309649148734      2.638937829015426  2.312935942268168e-05
      1.005309649148734      2.764601535159018 -8.735766070190897e-06
      1.005309649148734      2.890265241302609 -1.386773643352653e-05
      1.005309649148734      3.015928947446201   2.31517508052797e-05
      1.130973355292326     -3.141592653589793  6.119621834775146e-06
      1.130973355292326     -3.015928947446201  0.0001124315911117416
      1.130973355292326      -2.89026524130261  0.0002159539980175997
      1.130973355292326     -2.764601535159018   0.000131074015373884
      1.130973355292326     -2.638937829015426 -0.0001294612765136186
      1.130973355292326     -2.513274122871834 -0.0002724911402477416
      1.130973355292326     -2.387610416728243 -0.0001711190488489801
      1.130973355292326     -2.261946710584651  -2.10083243422412e-05
      1.130973355292326     -2.136283004441059  0.0001608371807395132
      1.130973355292326     -2.010619298297468  0.0005701377285050147
      1.130973355292326     -1.884955592153876   0.001035319141673112
      1.130973355292326     -1.759291886010284   0.001230040168853041
      1.130973355292326     -1.633628179866693   0.001410880547293657
      1.130973355292326     -1.507964473723101    0.00201961335364883
      1.130973355292326     -1.382300767579509   0.002769821991760985
      1.130973355292326     -1.256637061435917   0.002969656273062341
      1.130973355292326     -1.130973355292325   0.002413784307689519
      1.130973355292326     -1.005309649148733    0.00141925407106083
      1.130973355292326     -0.879645943005142  0.0004568063533656727
      1.130973355292326    -0.7539822368615505 -4.504180948664525e-05
      1.130973355292326    -0.6283185307179586 -3.994642239154621e-05
      1.130973355292326    -0.5026548245743667  6.500362409925099e-05
      1.130973355292326    -0.3769911184307753  1.131413492742795e-05
      1.130973355292326    -0.2513274122871838 -3.674700140271523e-05
      1.130973355292326    -0.1256637061435919  1.465988757699054e-05
      1.130973355292326                      0   1.99895659320146e-05
      1.130973355292326     0.1256637061435919 -2.570429978670395e-05
      1.130973355292326     0.2513274122871834  2.563012251894661e-07
      1.130973355292326     0.3769911184307753  4.077180224145567e-05
      1.130973355292326     0.5026548245743672  5.253811883236312e-06
      1.130973355292326     0.6283185307179582  4.718470511113898e-05
      1.130973355292326     0.7539822368615501  0.0003669075358123678
      1.130973355292326     0.8796459430051424  0.0008600019625865641
      1.130973355292326      1.005309649148734   0.001159442737689383
      1.130973355292326      1.130973355292326   0.001024210915546756
      1.130973355292326      1.256637061435917  0.0006015681997113863
      1.130973355292326      1.382300767579509  0.0002257333749010515
      1.130973355292326      1.507964473723101  4.269674638405131e-05
      1.130973355292326      1.633628179866692 -1.301710282852447e-05
      1.130973355292326      1.759291886010284 -9.990798837994893e-06
      1.130973355292326      1.884955592153876  1.093209238049449e-05
      1.130973355292326      2.010619298297467  4.740339729484787e-06
      1.130973355292326       2.13628300444106 -1.183000326094769e-05
      1.130973355292326      2.261946710584651  7.922395452482294e-07
      1.130973355292326      2.387610416728243  1.128361121566461e-05
      1.130973355292326      2.513274122871834 -5.999326425701019e-06
      1.130973355292326      2.638937829015426 -9.371361444332271e-06
      1.130973355292326      2.764601535159018  1.041184395053641e-05
      1.130973355292326      2.890265241302609  8.584605832443307e-06
      1.130973355292326      3.015928947446201 -1.424102721462618e-05
      1.256637061435917     -3.141592653589793  0.0001573437674611624
      1.256637061435917     -3.015928947446201  0.0003589817020643011
      1.256637061435917      -2.89026524130261  0.0002379609930486773
      1.256637061435917     -2.764601535159018    0.00013368365026398
      1.256637061435917     -2.638937829015426   0.000467344060912929
      1.256637061435917     -2.513274122871834  0.0007900514210215634
      1.256637061435917     -2.387610416728243  0.0007126561519611632
      1.256637061435917     -2.261946710584651  0.0005690524364683242
      1.256637061435917     -2.136283004441059  0.0003959508051210136
      1.256637061435917     -2.010619298297468 -8.830124477937095e-05
      1.256637061435917     -1.884955592153876 -0.0005078109403946551
      1.256637061435917     -1.759291886010284 -0.0004991464300779279
      1.256637061435917     -1.633628179866693 -0.0005341853986680612
      1.256637061435917     -1.507964473723101 -0.0008876180710149469
      1.256637061435917     -1.382300767579509  -0.001182085481486778
      1.256637061435917     -1.256637061435917  -0.001323909386972731
      1.256637061435917     -1.130973355292325  -0.001332821754917675
      1.256637061435917     -1.005309649148733 -0.0008221532017615108
      1.256637061435917     -0.879645943005142  4.547056789938494e-05
      1.256637061435917    -0.7539822368615505  0.0003925219352149934
      1.256637061435917    -0.6283185307179586  0.0001177852762833552
      1.256637061435917    -0.5026548245743667 -5.991220711026319e-05
      1.256637061435917    -0.3769911184307753  1.430928726457953e-05
      1.256637061435917    -0.2513274122871838  1.604385956758081e-05
      1.256637061435917    -0.1256637061435919 -2.250178181086371e-05
      1.256637061435917                      0  8.284426995157586e-06
      1.256637061435917     0.1256637061435919  7.779408573483576e-06
      1.256637061435917     0.2513274122871834 -1.315880334697578e-05
      1.256637061435917     0.3769911184307753 -5.128211549486515e-06
      1.256637061435917     0.5026548245743672 -2.214919995010153e-05
      1.256637061435917     0.6283185307179582  -3.00316234481536e-05
      1.256637061435917     0.7539822368615501 -6.539049330935511e-05
      1.256637061435917     0.8796459430051424 -0.0002918091608893032
      1.256637061435917      1.005309649148734 -0.0005233223146733237
      1.256637061435917      1.130973355292326 -0.0004256921253741031
      1.256637061435917      1.256637061435917 -0.0001850385277184893
      1.256637061435917      1.382300767579509 -0.0001132445746845323
      1.256637061435917      1.507964473723101 -7.570253528503444e-05
      1.256637061435917      1.633628179866692  2.458765432078774e-05
      1.256637061435917      1.759291886010284  2.075055879192634e-05
      1.256637061435917      1.884955592153876   -3.2093694865331e-05
      1.256637061435917      2.010619298297467  7.116525694387162e-06
      1.256637061435917       2.13628300444106  2.102151849072504e-05
      1.256637061435917      2.261946710584651 -2.218334601659594e-05
      1.256637061435917      2.387610416728243 -3.190551578014032e-07
      1.256637061435917      2.513274122871834  1.883455562477641e-05
      1.256637061435917      2.638937829015426 -1.570487044628673e-05
      1.256637061435917      2.764601535159018  8.853639653827086e-07
      1.256637061435917      2.890265241302609  7.291872927128509e-06
      1.256637061435917      3.015928947446201 -1.214798308438714e-05
      1.382300767579509     -3.141592653589793 -0.0001218554072835353
      1.382300767579509     -3.015928947446201 -0.0003689961045963506
      1.382300767579509      -2.89026524130261 -0.0003713695532188789
      1.382300767579509     -2.764601535159018 -0.0001948669903036664
      1.382300767579509     -2.638937829015426 -0.0001640119723167197
      1.382300767579509     -2.513274122871834 -0.0002502615938815068
      1.382300767579509     -2.387610416728243 -0.0002988588179124039
      1.382300767579509     -2.261946710584651  -0.000351540286230862
      1.382300767579509     -2.136283004441059 -0.0004107236495323818
      1.382300767579509     -2.010619298297468 -0.0004671041994774961
      1.382300767579509     -1.884955592153876 -0.0006274106077827217
      1.382300767579509     -1.759291886010284 -0.0008277896096206046
      1.382300767579509     -1.633628179866693 -0.0009711718600171581
      1.382300767579509     -1.507964473723101  -0.001297008839225868
      1.382300767579509     -1.382300767579509  -0.001810540896588734
      1.382300767579509     -1.256637061435917  -0.001909091091643387
      1.382300767579509     -1.130973355292325   -0.00137369905005331
      1.382300767579509     -1.005309649148733  -0.000784851191617305
      1.382300767579509     -0.879645943005142 -0.0004788327142567922
      1.382300767579509    -0.7539822368615505 -0.0002406071888074201
      1.382300767579509    -0.6283185307179586 -4.620341575686529e-05
      1.382300767579509    -0.5026548245743667 -1.984170229948372e-05
      1.382300767579509    -0.3769911184307753 -2.128851594860757e-05
      1.382300767579509    -0.2513274122871838   2.40522127717856e-05
      1.382300767579509    -0.1256637061435919  1.919504310544112e-06
      1.382300767579509                      0 -2.525413668905065e-05
      1.382300767579509     0.1256637061435919  1.938608672008221e-05
      1.382300767579509     0.2513274122871834  9.005490354436776e-06
      1.382300767579509     0.3769911184307753 -3.594069814702484e-05
      1.382300767579509     0.5026548245743672  1.103503830755344e-05
      1.382300767579509     0.6283185307179582 -2.386775243214484e-05
      1.382300767579509     0.7539822368615501 -0.0003077342124742629
      1.382300767579509     0.8796459430051424  -0.000621630656068901
      1.382300767579509      1.005309649148734 -0.0007450214321071793
      1.382300767579509      1.130973355292326 -0.0006849715787705853
      1.382300767579509      1.256637061435917 -0.0004493007998613762
      1.382300767579509      1.382300767579509 -0.0001373207917765839
      1.382300767579509      1.507964473723101  1.276909992051723e-05
      1.382300767579509      1.633628179866692 -5.075868520437283e-06
      1.382300767579509      1.759291886010284 -5.068694061040093e-06
      1.382300767579509      1.884955592153876  1.236341278260721e-05
      1.382300767579509      2.010619298297467 -9.778558435972639e-06
      1.382300767579509       2.13628300444106 -3.462695831797361e-06
      1.382300767579509      2.261946710584651  1.509284814437708e-05
      1.382300767579509      2.387610416728243 -1.085544902852805e-05
      1.382300767579509      2.513274122871834 -7.471767144595836e-06
      1.382300767579509      2.638937829015426  2.033482108193247e-05
      1.382300767579509      2.764601535159018 -1.107055151333616e-05
      1.382300767579509      2.890265241302609 -1.310766062632234e-05
      1.382300767579509      3.015928947446201  2.250847351682765e-05
      1.507964473723101     -3.141592653589793 -6.666925128093648e-05
      1.507964473723101     -3.015928947446201 -9.120328720993041e-05
      1.507964473723101      -2.89026524130261  1.951918573216539e-05
      1.507964473723101     -2.764601535159018 -2.171378302093225e-05
      1.507964473723101     -2.638937829015426 -0.0003917325291207405
      1.507964473723101     -2.513274122871834 -0.0006563629426224119
      1.507964473723101     -2.387610416728243 -0.0005377755853781821
      1.507964473723101     -2.261946710584651 -0.0003454000466400592
      1.507964473723101     -2.136283004441059 -0.0001215683469689637
      1.507964473723101     -2.010619298297468   0.000409539086682533
      1.507964473723101     -1.884955592153876  0.0009532524808561654
      1.507964473723101     -1.759291886010284   0.001094295377710426
      1.507964473723101     -1.633628179866693   0.001227103399128304
      1.507964473723101     -1.507964473723101   0.001805749779813454
      1.507964473723101     -1.382300767579509   0.002468254086531578
      1.507964473723101     -1.256637061435917   0.002687307696875485
      1.507964473723101     -1.130973355292325   0.002319256120372659
      1.507964473723101     -1.005309649148733   0.001391518764564087
      1.507964473723101     -0.879645943005142  0.0003055356121899079
      1.507964473723101    -0.7539822368615505 -0.0002159063214658796
      1.507964473723101    -0.6283185307179586 -8.389161336905116e-05
      1.507964473723101    -0.5026548245743667  7.434580326204232e-05
      1.507964473723101    -0.3769911184307753  9.493031681060816e-07
      1.507964473723101    -0.2513274122871838 -3.352075935175549e-05
      1.507964473723101    -0.1256637061435919  2.139050744699431e-05
      1.507964473723101                      0  9.854451845806878e-06
      1.507964473723101     0.1256637061435919 -2.207010640018078e-05
      1.507964473723101     0.2513274122871834   7.08356989806595e-06
      1.507964473723101     0.3769911184307753  3.119262974484438e-05
      1.507964473723101     0.5026548245743672  1.363646821105761e-05
      1.507964473723101     0.6283185307179582  4.841785463653568e-05
      1.507964473723101     0.7539822368615501  0.0002904774213384216
      1.507964473723101     0.8796459430051424   0.000742626262605836
      1.507964473723101      1.005309649148734   0.001063206465364551
      1.507964473723101      1.130973355292326   0.000924665540235894
      1.507964473723101      1.256637061435917  0.0005140062997869904
      1.507964473723101      1.382300767579509  0.0002138616541688174
      1.507964473723101      1.507964473723101  6.618738976536357e-05
      1.507964473723101      1.633628179866692 -2.086501108983148e-05
      1.507964473723101      1.759291886010284 -1.701763747306552e-05
      1.507964473723101      1.884955592153876  2.305645396273872e-05
      1.507964473723101      2.010619298297467  2.417734304429579e-08
      1.507964473723101       2.13628300444106 -1.854610007064626e-05
      1.507964473723101      2.261946710584651   1.12335298121552e-05
      1.507964473723101      2.387610416728243  8.288438025083787e-06
      1.507964473723101      2.513274122871834 -1.356117713555504e-05
      1.507964473723101      2.638937829015426  9.658870591579955e-07
      1.507964473723101      2.764601535159018  7.417659551498942e-06
      1.507964473723101      2.890265241302609  1.816008745831818e-06
      1.507964473723101      3.015928947446201 -4.165105973306565e-06
      1.633628179866692     -3.141592653589793  0.0001721217734418419
      1.633628179866692     -3.015928947446201  0.0004369436923526672
      1.633628179866692      -2.89026524130261  0.0003550738551144565
      1.633628179866692     -2.764601535159018  0.0002032660120465281
      1.633628179866692     -2.638937829015426  0.0004379241886835453
      1.633628179866692     -2.513274122871834  0.0007153553531760508
      1.633628179866692     -2.387610416728243  0.0006779327307278879
      1.633628179866692     -2.261946710584651  0.0005912770103081108
      1.633628179866692     -2.136283004441059  0.0004859632374328688
      1.633628179866692     -2.010619298297468  0.0001517271036372268
      1.633628179866692     -1.884955592153876 -8.609637557989425e-05
      1.633628179866692     -1.759291886010284  1.109079433011368e-05
      1.633628179866692     -1.633628179866693  5.200410863672813e-05
      1.633628179866692     -1.507964473723101 -5.658187455841944e-05
      1.633628179866692     -1.382300767579509 -3.673563872985132e-05
      1.633628179866692     -1.256637061435917 -9.825234169679229e-05
      1.633628179866692     -1.130973355292325 -0.0003549755856713637
      1.633628179866692     -1.005309649148733   -0.00025068022084967
      1.633628179866692     -0.879645943005142  0.0002511191960465296
      1.633628179866692    -0.7539822368615505  0.0004004357641995923
      1.633628179866692    -0.6283185307179586  0.0001083151354391311
      1.633628179866692    -0.5026548245743667 -3.554570272940543e-05
      1.633628179866692    -0.3769911184307753  2.054158796320188e-05
      1.633628179866692    -0.2513274122871838  1.039458229864106e-06
      1.633628179866692    -0.1256637061435919 -1.786098726824851e-05
      1.633628179866692                      0  1.776865288081718e-05
      1.633628179866692     0.1256637061435919 -2.824498378110731e-06
      1.633628179866692     0.2513274122871834  -1.42134707879254e-05
      1.633628179866692     0.3769911184307753  1.264803984612231e-05
      1.633628179866692     0.5026548245743672 -2.097747835567721e-05
      1.633628179866692     0.6283185307179582  -1.27033389005066e-05
      1.633628179866692     0.7539822368615501  8.914386491533477e-05
      1.633628179866692     0.8796459430051424  6.570402391331165e-05
      1.633628179866692      1.005309649148734 -4.954333219688014e-05
      1.633628179866692      1.130973355292326 -7.091135219114406e-06
      1.633628179866692      1.256637061435917  6.353240031856992e-05
      1.633628179866692      1.382300767579509 -2.247411078501783e-05
      1.633628179866692      1.507964473723101 -6.138654645669822e-05
      1.633628179866692      1.633628179866692  2.048225542812072e-05
      1.633628179866692      1.759291886010284    1.7510489884124e-05
      1.633628179866692      1.884955592153876 -2.923979702203654e-05
      1.633628179866692      2.010619298297467  9.700009888489577e-06
      1.633628179866692       2.13628300444106  1.706424468001094e-05
      1.633628179866692      2.261946710584651 -2.322199831147597e-05
      1.633628179866692      2.387610416728243  4.688097181471115e-06
      1.633628179866692      2.513274122871834  1.732377047985423e-05
      1.633628179866692      2.638937829015426 -2.084780723199923e-05
      1.633628179866692      2.764601535159018  5.640112897582144e-06
      1.633628179866692      2.890265241302609  1.143596914350036e-05
      1.633628179866692      3.015928947446201 -1.918235470939638e-05
      1.759291886010284     -3.141592653589793    -6.090862079624e-05
      1.759291886010284     -3.015928947446201 -0.0002251679376750884
      1.759291886010284      -2.89026524130261  -0.000263512118949419
      1.759291886010284     -2.764601535159018 -9.013599352814127e-05
      1.759291886010284     -2.638937829015426  0.0001336407665133294
      1.759291886010284     -2.513274122871834  0.0002080340748576406
      1.759291886010284     -2.387610416728243    0.00010780559030155
      1.759291886010284     -2.261946710584651 -3.715846724094843e-05
      1.759291886010284     -2.136283004441059 -0.0001948349585115218
      1.759291886010284     -2.010619298297468 -0.0004946532443441562
      1.759291886010284     -1.884955592153876 -0.0008810398250862766
      1.759291886010284     -1.759291886010284   -0.00109853693890725
      1.759291886010284     -1.633628179866693  -0.001250436510563364
      1.759291886010284     -1.507964473723101   -0.00173476171463949
      1.759291886010284     -1.382300767579509   -0.00240583560775938
      1.759291886010284     -1.256637061435917  -0.002589107079986464
      1.759291886010284     -1.130973355292325  -0.002052359361828003
      1.759291886010284     -1.005309649148733   -0.00121312024831391
      1.759291886010284     -0.879645943005142 -0.0004921383646170792
      1.759291886010284    -0.7539822368615505 -7.535045132700812e-05
      1.759291886010284    -0.6283185307179586  5.296506162953739e-06
      1.759291886010284    -0.5026548245743667 -4.873512677542962e-05
      1.759291886010284    -0.3769911184307753 -1.540181304629192e-05
      1.759291886010284    -0.2513274122871838   3.26609320846853e-05
      1.759291886010284    -0.1256637061435919 -8.911103689248685e-06
      1.759291886010284                      0 -2.224783280271255e-05
      1.759291886010284     0.1256637061435919  2.430236695690846e-05
      1.759291886010284     0.2513274122871834  2.446120492300375e-06
      1.759291886010284     0.3769911184307753 -4.017047781252276e-05
      1.759291886010284     0.5026548245743672  1.974017438965269e-06
      1.759291886010284     0.6283185307179582  -4.09543399555819e-05
      1.759291886010284     0.7539822368615501 -0.0003567995603830586
      1.759291886010284     0.8796459430051424 -0.0007891830042795049
      1.759291886010284      1.005309649148734  -0.001026222835253446
      1.759291886010284      1.130973355292326 -0.0009213846187884942
      1.759291886010284      1.256637061435917 -0.0005629467297119225
      1.759291886010284      1.382300767579509 -0.0001991110224093548
      1.759291886010284      1.507964473723101 -2.201492135511868e-05
      1.759291886010284      1.633628179866692  6.186388064200376e-06
      1.759291886010284      1.759291886010284  4.390105620639222e-06
      1.759291886010284      1.884955592153876 -2.075203185089155e-06
      1.759291886010284      2.010619298297467 -6.966367532252332e-06
      1.759291886010284       2.13628300444106  6.377867533505814e-06
      1.759291886010284      2.261946710584651  5.314147341239705e-06
      1.759291886010284      2.387610416728243 -1.171217026575472e-05
      1.759291886010284      2.513274122871834  1.409941020582156e-06
      1.759291886010284      2.638937829015426  1.382965229325166e-05
      1.759291886010284      2.764601535159018 -1.181708252401827e-05
      1.759291886010284      2.890265241302609 -9.295628332255155e-06
      1.759291886010284      3.015928947446201  1.768758139468205e-05
      1.884955592153876     -3.141592653589793 -0.0001306620436973528
      1.884955592153876     -3.015928947446201 -0.0002831856464812875
      1.884955592153876      -2.89026524130261 -0.0001782575728288189
      1.884955592153876     -2.764601535159018 -0.0001613999634759017
      1.884955592153876     -2.638937829015426 -0.0005777348400260798
      1.884955592153876     -2.513274122871834 -0.0009213144849883433
      1.884955592153876     -2.387610416728243 -0.0008036086087339667
      1.884955592153876     -2.261946710584651 -0.0005983500848423636
      1.884955592153876     -2.136283004441059 -0.0003664918520988866
      1.884955592153876     -2.010619298297468  0.0002051738620111003
      1.884955592153876     -1.884955592153876  0.0007430103187057797
      1.884955592153876     -1.759291886010284  0.0008076357684052874
      1.884955592153876     -1.633628179866693   0.000874544468962652
      1.884955592153876     -1.507964473723101   0.001339760197583744
      1.884955592153876     -1.382300767579509   0.001815848034802928
      1.884955592153876     -1.256637061435917   0.002019508916870698
      1.884955592153876     -1.130973355292325   0.001892324962631768
      1.884955592153876     -1.005309649148733   0.001165944820710846
      1.884955592153876     -0.879645943005142  0.0001120257455149674
      1.884955592153876    -0.7539822368615505 -0.0003550998856158587
      1.884955592153876    -0.6283185307179586 -0.0001152397069475611
      1.884955592153876    -0.5026548245743667  7.320733349006208e-05
      1.884955592153876    -0.3769911184307753 -1.001177698037188e-05
      1.884955592153876    -0.2513274122871838 -2.551314481717128e-05
      1.884955592153876    -0.1256637061435919  2.547397435025676e-05
      1.884955592153876                      0 -1.953249007931594e-06
      1.884955592153876     0.1256637061435919 -1.551846842887368e-05
      1.884955592153876     0.2513274122871834  1.338577154716923e-05
      1.884955592153876     0.3769911184307753  1.684585093567774e-05
      1.884955592153876     0.5026548245743672  1.960319868660786e-05
      1.884955592153876     0.6283185307179582  4.570320092302986e-05
      1.884955592153876     0.7539822368615501  0.0001783752585619892
      1.884955592153876     0.8796459430051424  0.0005237818558655172
      1.884955592153876      1.005309649148734  0.0008195184478772657
      1.884955592153876      1.130973355292326  0.0007006010586111186
      1.884955592153876      1.256637061435917  0.0003604536104457643
      1.884955592153876      1.382300767579509  0.0001736749487806254
      1.884955592153876      1.507964473723101  7.924922011186782e-05
      1.884955592153876      1.633628179866692 -2.573701568160224e-05
      1.884955592153876      1.759291886010284 -2.112426778928377e-05
      1.884955592153876      1.884955592153876  3.154983542230639e-05
      1.884955592153876      2.010619298297467 -4.814293485081867e-06
      1.884955592153876       2.13628300444106 -2.228246052686346e-05
      1.884955592153876      2.261946710584651  1.995078479682598e-05
      1.884955592153876      2.387610416728243  3.913930167378713e-06
      1.884955592153876      2.513274122871834 -1.896398281475804e-05
      1.884955592153876      2.638937829015426  1.120731279984857e-05
      1.884955592153876      2.764601535159018  3.133554481563551e-06
      1.884955592153876      2.890265241302609 -5.136818726553736e-06
      1.884955592153876      3.015928947446201  6.642591534111795e-06
      2.010619298297467     -3.141592653589793  0.0001617489641511625
      2.010619298297467     -3.015928947446201  0.0004402335476365176
      2.010619298297467      -2.89026524130261  0.0003936355078116678
      2.010619298297467     -2.764601535159018  0.0001893378110447425
      2.010619298297467     -2.638937829015426  0.0002507741573718531
      2.010619298297467     -2.513274122871834  0.0004195855570644488
      2.010619298297467     -2.387610416728243   0.000440652916729708
      2.010619298297467     -2.261946710584651  0.0004470426759072936
      2.010619298297467     -2.136283004441059  0.0004408159778239549
      2.010619298297467     -2.010619298297468  0.0003280573967895626
      2.010619298297467     -1.884955592153876  0.0003331925807494234
      2.010619298297467     -1.759291886010284  0.0005103702768938204
      2.010619298297467     -1.633628179866693  0.0006040605181098239
      2.010619298297467     -1.507964473723101  0.0007342935059741964
      2.010619298297467     -1.382300767579509   0.001054403652912271
      2.010619298297467     -1.256637061435917   0.001095675225082703
      2.010619298297467     -1.130973355292325  0.0006615436314340126
      2.010619298297467     -1.005309649148733  0.0003633729942114111
      2.010619298297467     -0.879645943005142  0.0004189127917543867
      2.010619298297467    -0.7539822368615505  0.0003417492070383298
      2.010619298297467    -0.6283185307179586  8.067389162059642e-05
      2.010619298297467    -0.5026548245743667 -5.189999845038983e-06
      2.010619298297467    -0.3769911184307753  2.261434434585893e-05
      2.010619298297467    -0.2513274122871838 -1.380051680774294e-05
      2.010619298297467    -0.1256637061435919 -9.601479759236954e-06
      2.010619298297467                      0  2.343016079183837e-05
      2.010619298297467     0.1256637061435919 -1.305876500065258e-05
      2.010619298297467     0.2513274122871834  -1.17618391680178e-05
      2.010619298297467     0.3769911184307753  2.782435803391482e-05
      2.010619298297467     0.5026548245743672 -1.673495037810829e-05
      2.010619298297467     0.6283185307179582  8.980296171611093e-06
      2.010619298297467     0.7539822368615501  0.0002290691053524671
      2.010619298297467     0.8796459430051424  0.0004068225710289681
      2.010619298297467      1.005309649148734  0.0004263414872468384
      2.010619298297467      1.130973355292326  0.0004106918502551053
      2.010619298297467      1.256637061435917   0.000302346946019678
      2.010619298297467      1.382300767579509  7.333212271151885e-05
      2.010619298297467      1.507964473723101  -3.61508566162633e-05
      2.010619298297467      1.633628179866692  1.266127537304224e-05
      2.010619298297467      1.759291886010284  1.119167272973211e-05
      2.010619298297467      1.884955592153876 -2.107620706175158e-05
      2.010619298297467      2.010619298297467  1.045894103934161e-05
      2.010619298297467       2.13628300444106  9.924592630834753e-06
      2.010619298297467      2.261946710584651 -1.984458133320791e-05
      2.010619298297467      2.387610416728243  8.872318798123573e-06
      2.010619298297467      2.513274122871834  1.226353598636122e-05
      2.010619298297467      2.638937829015426  -2.18963084126058e-05
      2.010619298297467      2.764601535159018  9.832382197329942e-06
      2.010619298297467      2.890265241302609  1.238856327094631e-05
      2.010619298297467      3.015928947446201 -2.227556200369588e-05
       2.13628300444106     -3.141592653589793  1.361682592905127e-05
       2.13628300444106     -3.015928947446201 -2.765000909171159e-05
       2.13628300444106      -2.89026524130261 -8.846284268470593e-05
       2.13628300444106     -2.764601535159018  6.733526340558973e-05
       2.13628300444106     -2.638937829015426  0.0004828308865618873
       2.13628300444106     -2.513274122871834  0.0007299067924361231
       2.13628300444106     -2.387610416728243  0.0005803728886927663
       2.13628300444106     -2.261946710584651   0.000341775911230924
       2.13628300444106     -2.136283004441059  9.309748214825556e-05
       2.13628300444106     -2.010619298297468 -0.0004307283063330955
       2.13628300444106     -1.884955592153876  -0.001011599818061811
       2.13628300444106     -1.759291886010284  -0.001215418082425847
       2.13628300444106     -1.633628179866693  -0.001338638621236874
       2.13628300444106     -1.507964473723101  -0.001895042122473921
       2.13628300444106     -1.382300767579509   -0.00261382026878617
       2.13628300444106     -1.256637061435917  -0.002866039292720624
       2.13628300444106     -1.130973355292325  -0.002440527163094106
       2.13628300444106     -1.005309649148733  -0.001485822601664211
       2.13628300444106     -0.879645943005142 -0.0004316856203356191
       2.13628300444106    -0.7539822368615505  0.0001166698075751353
       2.13628300444106    -0.6283185307179586  6.005861772441823e-05
       2.13628300444106    -0.5026548245743667 -7.262307645568464e-05
       2.13628300444106    -0.3769911184307753 -5.136312755959372e-06
       2.13628300444106    -0.2513274122871838  3.641809823792594e-05
       2.13628300444106    -0.1256637061435919 -2.043265021591006e-05
       2.13628300444106                      0 -1.416068103601138e-05
       2.13628300444106     0.1256637061435919  2.609111558478531e-05
       2.13628300444106     0.2513274122871834  -6.81701998005907e-06
       2.13628300444106     0.3769911184307753 -3.733527931053716e-05
       2.13628300444106     0.5026548245743672 -7.299046745611741e-06
       2.13628300444106     0.6283185307179582 -5.905221259160467e-05
       2.13628300444106     0.7539822368615501 -0.0003602403880521234
       2.13628300444106     0.8796459430051424 -0.0008448752072560571
       2.13628300444106      1.005309649148734  -0.001166667215233287
       2.13628300444106      1.130973355292326  -0.001037795431832399
       2.13628300444106      1.256637061435917  -0.000605937260790192
       2.13628300444106      1.382300767579509 -0.0002383767569837982
       2.13628300444106      1.507964473723101 -5.583815280037642e-05
       2.13628300444106      1.633628179866692  1.780336148963597e-05
       2.13628300444106      1.759291886010284  1.350555441743016e-05
       2.13628300444106      1.884955592153876 -1.749811320885776e-05
       2.13628300444106      2.010619298297467 -2.375927278061817e-06
       2.13628300444106       2.13628300444106  1.596251067749197e-05
       2.13628300444106      2.261946710584651 -6.614747637556219e-06
       2.13628300444106      2.387610416728243  -1.04066788526612e-05
       2.13628300444106      2.513274122871834  1.120235008217601e-05
       2.13628300444106      2.638937829015426  3.797243345701887e-06
       2.13628300444106      2.764601535159018  -1.07008257352433e-05
       2.13628300444106      2.890265241302609 -2.536554480769345e-06
       2.13628300444106      3.015928947446201  8.612379534469314e-06
      2.261946710584651     -3.141592653589793 -0.0001812430516173109
      2.261946710584651     -3.015928947446201 -0.0004444571564812661
      2.261946710584651      -2.89026524130261  -0.000352644090174433
      2.261946710584651     -2.764601535159018 -0.0002575199777387646
      2.261946710584651     -2.638937829015426 -0.0006352650223574103
      2.261946710584651     -2.513274122871834  -0.000997696792780412
      2.261946710584651     -2.387610416728243 -0.0009048157402033455
      2.261946710584651     -2.261946710584651 -0.0007275860888314863
      2.261946710584651     -2.136283004441059 -0.0005281532622950866
      2.261946710584651     -2.010619298297468 -9.321683084556273e-06
      2.261946710584651     -1.884955592153876   0.000426955436683467
      2.261946710584651     -1.759291886010284   0.000396261038958478
      2.261946710584651     -1.633628179866693   0.000393981682602696
      2.261946710584651     -1.507964473723101  0.0006838442092936671
      2.261946710584651     -1.382300767579509   0.000896906111551762
      2.261946710584651     -1.256637061435917   0.001046215849932855
      2.261946710584651     -1.130973355292325   0.001177224423388776
      2.261946710584651     -1.005309649148733  0.0007594283327380085
      2.261946710584651     -0.879645943005142 -0.0001080914884986968
      2.261946710584651    -0.7539822368615505 -0.0004487522500541707
      2.261946710584651    -0.6283185307179586 -0.0001308454311907466
      2.261946710584651    -0.5026548245743667  6.151578802408783e-05
      2.261946710584651    -0.3769911184307753 -2.001498306974655e-05
      2.261946710584651    -0.2513274122871838 -1.368360910949509e-05
      2.261946710584651    -0.1256637061435919  2.609076868883068e-05
      2.261946710584651                      0 -1.375357547915801e-05
      2.261946710584651     0.1256637061435919 -6.623777388163708e-06
      2.261946710584651     0.2513274122871834   1.78642740657757e-05
      2.261946710584651     0.3769911184307753 -5.713728524561259e-07
      2.261946710584651     0.5026548245743672  2.269456053024397e-05
      2.261946710584651     0.6283185307179582  3.745069122018198e-05
      2.261946710584651     0.7539822368615501  3.992163438437964e-05
      2.261946710584651     0.8796459430051424  0.0002251313476717285
      2.261946710584651      1.005309649148734   0.000452047123537544
      2.261946710584651      1.130973355292326  0.0003719201995471672
      2.261946710584651      1.256637061435917  0.0001535658569675779
      2.261946710584651      1.382300767579509  0.0001075457847709724
      2.261946710584651      1.507964473723101  8.007309736262726e-05
      2.261946710584651      1.633628179866692 -2.688452895858643e-05
      2.261946710584651      1.759291886010284 -2.185253303337177e-05
      2.261946710584651      1.884955592153876  3.528146590227681e-05
      2.261946710584651      2.010619298297467  -9.11142810640362e-06
      2.261946710584651       2.13628300444106 -2.249408864313653e-05
      2.261946710584651      2.261946710584651  2.572125806654046e-05
      2.261946710584651      2.387610416728243 -1.318720138288626e-06
      2.261946710584651      2.513274122871834 -2.130735412126988e-05
      2.261946710584651      2.638937829015426  1.992342023842417e-05
      2.261946710584651      2.764601535159018 -2.141086000743052e-06
      2.261946710584651      2.890265241302609 -1.088925607316054e-05
      2.261946710584651      3.015928947446201  1.658702976502628e-05
      2.387610416728243     -3.141592653589793  0.0001252465254169805
      2.387610416728243     -3.015928947446201  0.0003583842794528679
      2.387610416728243      -2.89026524130261  0.0003425257121364212
      2.387610416728243     -2.764601535159018  8.497668067966234e-05
      2.387610416728243     -2.638937829015426 -0.0001081664508195116
      2.387610416728243     -2.513274122871834 -0.0001209066654641868
      2.387610416728243     -2.387610416728243 -1.871838960955621e-05
      2.387610416728243     -2.261946710584651  0.0001248891456474769
      2.387610416728243     -2.136283004441059  0.0002481197667338001
      2.387610416728243     -2.010619298297468  0.0004245154888243794
      2.387610416728243     -1.884955592153876   0.000732156334979608
      2.387610416728243     -1.759291886010284   0.000974717569376125
      2.387610416728243     -1.633628179866693   0.001080013436290969
      2.387610416728243     -1.507964473723101    0.00140915301189076
      2.387610416728243     -1.382300767579509   0.001980320647669963
      2.387610416728243     -1.256637061435917   0.002145012188468283
      2.387610416728243     -1.130973355292325    0.00164319456322303
      2.387610416728243     -1.005309649148733  0.0009895286450181634
      2.387610416728243     -0.879645943005142  0.0005381576656476488
      2.387610416728243    -0.7539822368615505  0.0002129911467307043
      2.387610416728243    -0.6283185307179586  3.547833845502369e-05
      2.387610416728243    -0.5026548245743667   2.99769231508546e-05
      2.387610416728243    -0.3769911184307753  1.839238291049702e-05
      2.387610416728243    -0.2513274122871838 -2.689482267043262e-05
      2.387610416728243    -0.1256637061435919  3.262507022496303e-06
      2.387610416728243                      0  2.305321490617858e-05
      2.387610416728243     0.1256637061435919  -2.23639713747092e-05
      2.387610416728243     0.2513274122871834 -3.832556813784188e-06
      2.387610416728243     0.3769911184307753  3.788110834758875e-05
      2.387610416728243     0.5026548245743672 -9.916738332860184e-06
      2.387610416728243     0.6283185307179582  4.104465852529459e-05
      2.387610416728243     0.7539822368615501  0.0003519915417642223
      2.387610416728243     0.8796459430051424  0.0007091078029833354
      2.387610416728243      1.005309649148734  0.0008743917757549168
      2.387610416728243      1.130973355292326  0.0008080725895970567
      2.387610416728243      1.256637061435917  0.0005246102309107878
      2.387610416728243      1.382300767579509  0.0001729127504469312
      2.387610416728243      1.507964473723101 -7.408795918394852e-07
      2.387610416728243      1.633628179866692  6.995440524536141e-07
      2.387610416728243      1.759291886010284  2.454294169144006e-06
      2.387610416728243      1.884955592153876 -7.415098710066482e-06
      2.387610416728243      2.010619298297467  8.519384109627051e-06
      2.387610416728243       2.13628300444106 -9.648343339045359e-08
      2.387610416728243      2.261946710584651 -1.118866292201489e-05
      2.387610416728243      2.387610416728243  1.127125837176017e-05
      2.387610416728243      2.513274122871834  3.269985818703962e-06
      2.387610416728243      2.638937829015426  -1.73412070667473e-05
      2.387610416728243      2.764601535159018  1.280752539823832e-05
      2.387610416728243      2.890265241302609  8.604395548470806e-06
      2.387610416728243      3.015928947446201 -1.940231893063119e-05
      2.513274122871834     -3.141592653589793  9.808617561239626e-05
      2.513274122871834     -3.015928947446201  0.0002142441763986909
      2.513274122871834      -2.89026524130261  0.0001409153254280389
      2.513274122871834     -2.764601535159018   0.000254969096214443
      2.513274122871834     -2.638937829015426  0.0008418563235406357
      2.513274122871834     -2.513274122871834    0.00126173392135293
      2.513274122871834     -2.387610416728243   0.001067620400686336
      2.513274122871834     -2.261946710584651  0.0007386407764414635
      2.513274122871834     -2.136283004441059  0.0004132695379938606
      2.513274122871834     -2.010619298297468 -0.0002980198956837007
      2.513274122871834     -1.884955592153876  -0.001026309949577921
      2.513274122871834     -1.759291886010284  -0.001183776120508786
      2.513274122871834     -1.633628179866693  -0.001241001024858781
      2.513274122871834     -1.507964473723101  -0.001774861229202635
      2.513274122871834     -1.382300767579509  -0.002421997676467926
      2.513274122871834     -1.256637061435917  -0.002720687450133441
      2.513274122871834     -1.130973355292325  -0.002517442354759274
      2.513274122871834     -1.005309649148733  -0.001593152729797985
      2.513274122871834     -0.879645943005142 -0.0003045122430891604
      2.513274122871834    -0.7539822368615505  0.0003239403080033762
      2.513274122871834    -0.6283185307179586  0.0001141849248418968
      2.513274122871834    -0.5026548245743667 -9.048522443062048e-05
      2.513274122871834    -0.3769911184307753  9.867434122812807e-06
      2.513274122871834    -0.2513274122871838  3.500785070837485e-05
      2.513274122871834    -0.1256637061435919 -3.279523077662819e-05
      2.513274122871834                      0 -7.742681547275723e-07
      2.513274122871834     0.1256637061435919  2.498766188059859e-05
      2.513274122871834     0.2513274122871834 -1.929656829206514e-05
      2.513274122871834     0.3769911184307753 -2.695874632096856e-05
      2.513274122871834     0.5026548245743672 -1.563392847181066e-05
      2.513274122871834     0.6283185307179582  -8.25281992672907e-05
      2.513274122871834     0.7539822368615501  -0.000327373559719766
      2.513274122871834     0.8796459430051424 -0.0007928739208617995
      2.513274122871834      1.005309649148734  -0.001165969624187146
      2.513274122871834      1.130973355292326  -0.001040215295574085
      2.513274122871834      1.256637061435917 -0.0005879692231268018
      2.513274122871834      1.382300767579509  -0.000257097427340487
      2.513274122871834      1.507964473723101 -8.576231347710787e-05
      2.513274122871834      1.633628179866692  2.932009955985736e-05
      2.513274122871834      1.759291886010284  2.107943933097625e-05
      2.513274122871834      1.884955592153876 -3.274374693399082e-05
      2.513274122871834      2.010619298297467  4.050314914879157e-06
      2.513274122871834       2.13628300444106  2.435987456034119e-05
      2.513274122871834      2.261946710584651 -2.008146995574943e-05
      2.513274122871834      2.387610416728243 -6.632153864919172e-06
      2.513274122871834      2.513274122871834  2.121808358110478e-05
      2.513274122871834      2.638937829015426 -9.531180513897301e-06
      2.513274122871834      2.764601535159018 -7.439805675432725e-06
      2.513274122871834      2.890265241302609  7.015125792160991e-06
      2.513274122871834      3.015928947446201 -4.756822316652346e-06
      2.638937829015426     -3.141592653589793 -0.0002134508889435112
      2.638937829015426     -3.015928947446201 -0.0005517073189476869
      2.638937829015426      -2.89026524130261  -0.000483427138697091
      2.638937829015426     -2.764601535159018 -0.0002895266930749227
      2.638937829015426     -2.638937829015426 -0.0005039371253103603
      2.638937829015426     -2.513274122871834 -0.0007896749797687518
      2.638937829015426     -2.387610416728243 -0.0007570992913741945
      2.638937829015426     -2.261946710584651 -0.0006699859704713286
      2.638937829015426     -2.136283004441059 -0.0005503169121988383
      2.638937829015426     -2.010619298297468 -0.0001980225219213135
      2.638937829015426     -1.884955592153876  1.554366973703051e-05
      2.638937829015426     -1.759291886010284 -0.0001249111965476235
      2.638937829015426     -1.633628179866693 -0.0001709907153512173
      2.638937829015426     -1.507964473723101 -8.146042873875353e-05
      2.638937829015426     -1.382300767579509 -0.0001738604154446809
      2.638937829015426     -1.256637061435917 -0.0001257436176933342
      2.638937829015426     -1.130973355292325  0.0002237243980305507
      2.638937829015426     -1.005309649148733  0.0001814395283375583
      2.638937829015426     -0.879645943005142 -0.0003395149049226889
      2.638937829015426    -0.7539822368615505 -0.0004779396723990866
      2.638937829015426    -0.6283185307179586 -0.0001270167561410736
      2.638937829015426    -0.5026548245743667    3.8954125367108e-05
      2.638937829015426    -0.3769911184307753 -2.585389903112989e-05
      2.638937829015426    -0.2513274122871838  1.425638665982612e-07
      2.638937829015426    -0.1256637061435919  2.138488949184596e-05
      2.638937829015426                      0 -2.216698708525753e-05
      2.638937829015426     0.1256637061435919  3.794521213026794e-06
      2.638937829015426     0.2513274122871834  1.754815251091581e-05
      2.638937829015426     0.3769911184307753 -1.788419527309124e-05
      2.638937829015426     0.5026548245743672   2.21932665765727e-05
      2.638937829015426     0.6283185307179582  1.635222674673925e-05
      2.638937829015426     0.7539822368615501 -0.0001186742690985008
      2.638937829015426     0.8796459430051424 -0.0001282062189065091
      2.638937829015426      1.005309649148734 -1.231303384751547e-05
      2.638937829015426      1.130973355292326 -4.217663423681656e-05
      2.638937829015426      1.256637061435917 -9.669743136188092e-05
      2.638937829015426      1.382300767579509  1.474396144055392e-05
      2.638937829015426      1.507964473723101  6.555807403568744e-05
      2.638937829015426      1.633628179866692 -2.265500302921314e-05
      2.638937829015426      1.759291886010284  -1.88503737980457e-05
      2.638937829015426      1.884955592153876  3.229337831519567e-05
      2.638937829015426      2.010619298297467  -1.13608837373801e-05
      2.638937829015426       2.13628300444106 -1.842762664814921e-05
      2.638937829015426      2.261946710584651  2.618396520757643e-05
      2.638937829015426      2.387610416728243  -6.16874009847531e-06
      2.638937829015426      2.513274122871834 -1.896537799952491e-05
      2.638937829015426      2.638937829015426  2.420230480867903e-05
      2.638937829015426      2.764601535159018 -7.690711045313902e-06
      2.638937829015426      2.890265241302609 -1.257675433651482e-05
      2.638937829015426      3.015928947446201  2.214792147427012e-05
      2.764601535159018     -3.141592653589793  6.155919345301423e-05
      2.764601535159018     -3.015928947446201  0.0001746263194552844
      2.764601535159018      -2.89026524130261  0.0001976504137975004
      2.764601535159018     -2.764601535159018 -9.882914341420237e-05
      2.764601535159018     -2.638937829015426 -0.0006589162310863211
      2.764601535159018     -2.513274122871834 -0.0009608846507472204
      2.764601535159018     -2.387610416728243 -0.0007387059614704275
      2.764601535159018     -2.261946710584651 -0.0003851169632439996
      2.764601535159018     -2.136283004441059 -9.826896138266246e-05
      2.764601535159018     -2.010619298297468  0.0004451859884202927
      2.764601535159018     -1.884955592153876   0.001136700318869675
      2.764601535159018     -1.759291886010284   0.001424690310322024
      2.764601535159018     -1.633628179866693   0.001461561227766391
      2.764601535159018     -1.507964473723101   0.001894108647315271
      2.764601535159018     -1.382300767579509   0.002616592055577428
      2.764601535159018     -1.256637061435917   0.002930238130434458
      2.764601535159018     -1.130973355292325    0.00254081212627469
      2.764601535159018     -1.005309649148733   0.001634355002945953
      2.764601535159018     -0.879645943005142  0.0006111641457788035
      2.764601535159018    -0.7539822368615505  5.050601331724365e-06
      2.764601535159018    -0.6283185307179586 -2.683099471951363e-05
      2.764601535159018    -0.5026548245743667  7.046381724055506e-05
      2.764601535159018    -0.3769911184307753  2.504785414475572e-06
      2.764601535159018    -0.2513274122871838 -3.594486069436796e-05
      2.764601535159018    -0.1256637061435919   2.43950222877691e-05
      2.764601535159018                      0  1.157321278600807e-05
      2.764601535159018     0.1256637061435919 -3.074277988991069e-05
      2.764601535159018     0.2513274122871834  1.521506680393788e-05
      2.764601535159018     0.3769911184307753   3.81679562467422e-05
      2.764601535159018     0.5026548245743672 -1.593500688059009e-06
      2.764601535159018     0.6283185307179582  0.0001047360005352907
      2.764601535159018     0.7539822368615501  0.0004772630219646092
      2.764601535159018     0.8796459430051424  0.0009667830323823904
      2.764601535159018      1.005309649148734   0.001286061703863769
      2.764601535159018      1.130973355292326   0.001197396424363924
      2.764601535159018      1.256637061435917  0.0007518408104171626
      2.764601535159018      1.382300767579509  0.0002878924909032664
      2.764601535159018      1.507964473723101  4.505832554468931e-05
      2.764601535159018      1.633628179866692 -1.743230717622514e-05
      2.764601535159018      1.759291886010284   -7.1951785870018e-06
      2.764601535159018      1.884955592153876   1.27969800461808e-05
      2.764601535159018      2.010619298297467  1.605042961590508e-06
      2.764601535159018       2.13628300444106  -1.26893022975536e-05
      2.764601535159018      2.261946710584651  5.192230102930749e-06
      2.764601535159018      2.387610416728243  9.721616859112148e-06
      2.764601535159018      2.513274122871834 -1.098727428194208e-05
      2.764601535159018      2.638937829015426 -3.446101668378083e-06
      2.764601535159018      2.764601535159018   1.32193176690155e-05
      2.764601535159018      2.890265241302609 -3.741041770633368e-06
      2.764601535159018      3.015928947446201 -5.535868827457685e-06
      2.890265241302609     -3.141592653589793  0.0001845385523971743
      2.890265241302609     -3.015928947446201  0.0004868215688575719
      2.890265241302609      -2.89026524130261  0.0004261638367235367
      2.890265241302609     -2.764601535159018   0.000480912224046108
      2.890265241302609     -2.638937829015426    0.00119367090947109
      2.890265241302609     -2.513274122871834    0.00176206549360619
      2.890265241302609     -2.387610416728243   0.001521801203283976
      2.890265241302609     -2.261946710584651   0.001095070286512166
      2.890265241302609     -2.136283004441059  0.0007001761141644444
      2.890265241302609     -2.010619298297468  -0.000144693420500337
      2.890265241302609     -1.884955592153876 -0.0009570404638285686
      2.890265241302609     -1.759291886010284    -0.0010408206091017
      2.890265241302609     -1.633628179866693 -0.0009961669908427552
      2.890265241302609     -1.507964473723101  -0.001400478979076828
      2.890265241302609     -1.382300767579509  -0.001849644605861763
      2.890265241302609     -1.256637061435917  -0.002170426016177119
      2.890265241302609     -1.130973355292325  -0.002298628645510049
      2.890265241302609     -1.005309649148733  -0.001559016033077883
      2.890265241302609     -0.879645943005142 -0.0001434287150752077
      2.890265241302609    -0.7539822368615505  0.0005234383844567709
      2.890265241302609    -0.6283185307179586  0.0001609222273470756
      2.890265241302609    -0.5026548245743667 -0.0001030725381296815
      2.890265241302609    -0.3769911184307753   3.05879167705069e-05
      2.890265241302609    -0.2513274122871838  2.952142434973795e-05
      2.890265241302609    -0.1256637061435919 -4.777628054922508e-05
      2.890265241302609                      0  1.790963148143085e-05
      2.890265241302609     0.1256637061435919  2.323823174387941e-05
      2.890265241302609     0.2513274122871834 -3.712586163391724e-05
      2.890265241302609     0.3769911184307753 -9.393142857231541e-06
      2.890265241302609     0.5026548245743672 -1.917852248946264e-05
      2.890265241302609     0.6283185307179582 -0.0001258027095898399
      2.890265241302609     0.7539822368615501 -0.0002983458717239052
      2.890265241302609     0.8796459430051424 -0.0006755758715134936
      2.890265241302609      1.005309649148734  -0.001067015278064135
      2.890265241302609      1.130973355292326 -0.0009885013528186596
      2.890265241302609      1.256637061435917 -0.0005630942795324409
      2.890265241302609      1.382300767579509 -0.0002705291804074629
      2.890265241302609      1.507964473723101 -0.0001052548731049313
      2.890265241302609      1.633628179866692   3.99588663471586e-05
      2.890265241302609      1.759291886010284  2.442163687080604e-05
      2.890265241302609      1.884955592153876 -4.510723383831877e-05
      2.890265241302609      2.010619298297467  1.205508746802895e-05
      2.890265241302609       2.13628300444106  2.974727895230398e-05
      2.890265241302609      2.261946710584651 -3.340532201902693e-05
      2.890265241302609      2.387610416728243 -3.274158597622133e-07
      2.890265241302609      2.513274122871834  3.006597553261253e-05
      2.890265241302609      2.638937829015426  -2.49932555164703e-05
      2.890265241302609      2.764601535159018 -2.113601576357073e-06
      2.890265241302609      2.890265241302609  1.883311793442211e-05
      2.890265241302609      3.015928947446201 -2.151811590693473e-05
      3.015928947446201     -3.141592653589793  -0.000209361124848319
      3.015928947446201     -3.015928947446201 -0.0005587273884221024
      3.015928947446201      -2.89026524130261 -0.0006583689367197619
      3.015928947446201     -2.764601535159018 -0.0004736603600105336
      3.015928947446201     -2.638937829015426 -0.0002995533920837349
      3.015928947446201     -2.513274122871834 -0.0002705039358841484
      3.015928947446201     -2.387610416728243 -0.0003547833089019293
      3.015928947446201     -2.261946710584651 -0.0004536435836615125
      3.015928947446201     -2.136283004441059 -0.0004305028663267793
      3.015928947446201     -2.010619298297468 -0.0004124855791310996
      3.015928947446201     -1.884955592153876  -0.000637280241151137
      3.015928947446201     -1.759291886010284 -0.0008753189340302072
      3.015928947446201     -1.633628179866693 -0.0008492385350829894
      3.015928947446201     -1.507964473723101 -0.0009129898875732196
      3.015928947446201     -1.382300767579509  -0.001277635668352398
      3.015928947446201     -1.256637061435917    -0.0013841072177671
      3.015928947446201     -1.130973355292325 -0.0009855824247359528
      3.015928947446201     -1.005309649148733 -0.0006391158253161634
      3.015928947446201     -0.879645943005142 -0.0005600794801338127
      3.015928947446201    -0.7539822368615505 -0.0003784084906534003
      3.015928947446201    -0.6283185307179586  -9.38505976353801e-05
      3.015928947446201    -0.5026548245743667  2.755172725790086e-06
      3.015928947446201    -0.3769911184307753 -1.432765228163868e-05
      3.015928947446201    -0.2513274122871838    8.5458821871433e-06
      3.015928947446201    -0.1256637061435919  3.844016655924863e-06
      3.015928947446201                      0 -1.347621665528633e-05
      3.015928947446201     0.1256637061435919  1.227701558539478e-05
      3.015928947446201     0.2513274122871834  5.870131330527081e-07
      3.015928947446201     0.3769911184307753 -2.261147136449715e-05
      3.015928947446201     0.5026548245743672   1.24067436866961e-05
      3.015928947446201     0.6283185307179582 -5.852170390305387e-05
      3.015928947446201     0.7539822368615501 -0.0003076571323591981
      3.015928947446201     0.8796459430051424 -0.0005030732918886397
      3.015928947446201      1.005309649148734 -0.0005481993937796818
      3.015928947446201      1.130973355292326 -0.0005323022080283128
      3.015928947446201      1.256637061435917 -0.0003907269627260452
      3.015928947446201      1.382300767579509 -0.0001250274887042746
      3.015928947446201      1.507964473723101  2.092924141203622e-05
      3.015928947446201      1.633628179866692  -4.62379195086005e-06
      3.015928947446201      1.759291886010284 -1.182484040987635e-05
      3.015928947446201      1.884955592153876  1.413777099307323e-05
      3.015928947446201      2.010619298297467 -4.037170325024182e-06
      3.015928947446201       2.13628300444106 -7.732058339154981e-06
      3.015928947446201      2.261946710584651  1.095527016915211e-05
      3.015928947446201      2.387610416728243 -4.131287414365404e-06
      3.015928947446201      2.513274122871834 -5.843307366688054e-06
      3.015928947446201      2.638937829015426  1.102983596431927e-05
      3.015928947446201      2.764601535159018  -8.71439385620212e-06
      3.015928947446201      2.890265241302609  7.358311083877369e-07
      3.015928947446201      3.015928947446201  6.698237073726811e-06
